id,fraud_probability,fraud
FR021005,0.006122173589427007,0
FR030078,0.008621604638153587,0
FR020717,0.017149343274566027,0
FR026657,0.009537814182362742,0
FR023775,0.005231760871182161,0
FR030431,0.008648607939145576,0
FR022943,0.004511883031209831,0
FR023143,0.014023941435537366,0
FR024804,0.004823467448373942,0
FR023501,0.011577366548327025,0
FR024076,0.010705580605660368,0
FR031612,0.029084961526619577,0
FR031650,0.02938011329117505,0
FR021187,0.005182528784087551,0
FR026941,0.19299344928532242,1
FR028139,0.0037340876247703267,0
FR027038,0.012992358033664855,0
FR020374,0.004805998449284754,0
FR028695,0.03869873443375893,0
FR028756,0.005560641044531387,0
FR020018,0.009025456665980897,0
FR023662,0.04519946105147101,0
FR021936,0.012656806465986069,0
FR020178,0.037046433587414614,0
FR031790,0.005321360134487243,0
FR024950,0.0058504813454748825,0
FR027649,0.01271762117052996,0
FR025164,0.012600269809929357,0
FR028092,0.07635551271752693,0
FR031352,0.007249130042910187,0
FR031239,0.013088322883902168,0
FR029967,0.03381639346270989,0
FR023581,0.008100856550343387,0
FR025177,0.007811100845888288,0
FR027854,0.06808225941029922,0
FR024793,0.5089781013952978,1
FR022286,0.011615863676961206,0
FR022560,0.0298362890866925,0
FR021081,0.00764474086444396,0
FR030364,0.004339070653089512,0
FR026500,0.010506362405282303,0
FR028325,0.006670987966497897,0
FR024969,0.13022378281375396,1
FR031333,0.011066232993975363,0
FR023531,0.0038790196910975555,0
FR022813,0.008523593134361466,0
FR023308,0.005778848449169909,0
FR020558,0.008389980367330182,0
FR029662,0.013305021525113574,0
FR026156,0.015620573134616096,0
FR026834,0.010185458603263538,0
FR021835,0.010806141494671035,0
FR022175,0.011937467152882419,0
FR031705,0.010735028154517004,0
FR029985,0.0050578237539616756,0
FR021564,0.02565433859764466,0
FR030715,0.015304771896760655,0
FR027595,0.018868922976931324,0
FR027609,0.004514380669866397,0
FR024938,0.01209647796400538,0
FR021584,0.009418731729312634,0
FR028077,0.004953981102250045,0
FR023483,0.008020765692417865,0
FR028816,0.43161136687593205,1
FR023082,0.0034102027541136376,0
FR025714,0.0038585763031684255,0
FR031944,0.04183425974314001,0
FR029519,0.005117165823986261,0
FR031355,0.005579749300602574,0
FR030943,0.017362967111219332,0
FR030996,0.014180395299274551,0
FR026618,0.010846470065231487,0
FR030935,0.004854739318712784,0
FR021563,0.014808331802141427,0
FR021782,0.011303718419639175,0
FR020762,0.009325940260319032,0
FR028752,0.00846704777954349,0
FR028651,0.007297128133514475,0
FR022579,0.023522613760690717,0
FR023608,0.0038850197326378024,0
FR029957,0.020868860054782765,0
FR020759,0.021438012122517565,0
FR029369,0.019659897468100672,0
FR028655,0.0059107821648671476,0
FR025134,0.00616787951572185,0
FR021988,0.008835239950971102,0
FR024854,0.0060969442376942115,0
FR025940,0.06731870855653332,0
FR024270,0.017677346237786176,0
FR027162,0.004317241067656118,0
FR021586,0.007946382389359498,0
FR023291,0.00539824067431763,0
FR031369,0.024270423810214097,0
FR027946,0.012030784557065306,0
FR021467,0.009157527306988322,0
FR025942,0.021739697068972497,0
FR026148,0.009237738235045695,0
FR026312,0.008605411459561528,0
FR031876,0.021319054963602826,0
FR029638,0.023853947292838226,0
FR027557,0.012736953782756202,0
FR020237,0.008100915879538897,0
FR023944,0.005102612156151829,0
FR022891,0.0042125563098853475,0
FR031302,0.012415724145728693,0
FR031076,0.010554926687058881,0
FR025792,0.009729482735100534,0
FR030820,0.005359136538548531,0
FR027572,0.018540599826018713,0
FR022918,0.0301891674980488,0
FR031647,0.1759370843173828,1
FR020107,0.009594304270448634,0
FR031578,0.003934725082762177,0
FR027697,0.013089895567362137,0
FR026520,0.010301914109893194,0
FR031838,0.0995884325276783,1
FR027994,0.007400712365433389,0
FR020614,0.011288337397841783,0
FR023696,0.012902993920391109,0
FR024344,0.12360446461554678,1
FR021004,0.014696649636147219,0
FR027990,0.006565471970098564,0
FR030875,0.010175543365682584,0
FR020668,0.017532707072093208,0
FR020564,0.08387098046875043,0
FR021894,0.007729816187086694,0
FR030600,0.015004435828484618,0
FR022250,0.00770443169047893,0
FR031906,0.006959915555379245,0
FR025889,0.020476128534964402,0
FR026355,0.003591518691139116,0
FR021935,0.0069312472195435446,0
FR030703,0.017640579766575855,0
FR025356,0.003574598074576903,0
FR028940,0.008363543386779837,0
FR026171,0.00471312704780495,0
FR026780,0.03746265989899983,0
FR020319,0.0073438487264202105,0
FR024375,0.036534242612617535,0
FR020518,0.006672534746265893,0
FR028331,0.011725661056202548,0
FR026704,0.008487103912744258,0
FR030880,0.0036264432007188825,0
FR031894,0.0068276920275084875,0
FR026529,0.008658348693198162,0
FR026689,0.00999928509471635,0
FR021443,0.34346249461387446,1
FR028697,0.010277469280200336,0
FR027666,0.011121830228541702,0
FR021397,0.014663220931325749,0
FR020108,0.007139959572056136,0
FR029566,0.008210324821871217,0
FR021775,0.005373339192245337,0
FR028773,0.1996830321313306,1
FR020425,0.023161519360025716,0
FR026933,0.0104945788736158,0
FR022222,0.008786078133310431,0
FR028135,0.011657681404877766,0
FR021678,0.0058920476874156896,0
FR024461,0.0045178410999089594,0
FR026584,0.004750855755105369,0
FR020722,0.004866773082715879,0
FR020161,0.004152890442342861,0
FR027299,0.01710105125213405,0
FR024453,0.053268832072329284,0
FR030967,0.019340405890156658,0
FR027042,0.0061544553309655844,0
FR029192,0.036780138930728665,0
FR025324,0.017639104405941623,0
FR029907,0.05356205718956973,0
FR023809,0.016609173340040168,0
FR027033,0.019206413985598803,0
FR030019,0.00534459133698202,0
FR029971,0.006284480841181689,0
FR025733,0.1538535233052779,1
FR021842,0.017726528735158953,0
FR028694,0.021261065762555167,0
FR030860,0.012380907859471851,0
FR028148,0.009884937180755116,0
FR025466,0.009459435196499819,0
FR030428,0.01635535848563856,0
FR029412,0.013444348655350118,0
FR023848,0.0038626204644389103,0
FR025085,0.009703536377446233,0
FR023452,0.009911726297642486,0
FR023576,0.007102208357028764,0
FR027192,0.0116485038490736,0
FR026550,0.11595808682288916,1
FR022887,0.03482449472364254,0
FR027964,0.0049002877953824315,0
FR023824,0.006392864545151287,0
FR020765,0.01954977595165322,0
FR023063,0.025646530317944144,0
FR025096,0.004002894635775923,0
FR027462,0.008290387899856273,0
FR024435,0.007670817304114161,0
FR029841,0.018990796717215774,0
FR026706,0.01184480042482046,0
FR031613,0.009780006362674423,0
FR025162,0.007953460644129207,0
FR021427,0.004397485119580248,0
FR028100,0.005447683223356214,0
FR023529,0.010504889496812084,0
FR028335,0.01379742159702367,0
FR020137,0.012792386329790443,0
FR025186,0.02144830157217979,0
FR027535,0.020169734780919428,0
FR029816,0.012216585398267622,0
FR027194,0.006985920101545446,0
FR027989,0.0054677879834465455,0
FR023380,0.006774175336430121,0
FR025749,0.011639026152979525,0
FR025562,0.008077921920653354,0
FR021727,0.003968535965580541,0
FR023918,0.013489374981008266,0
FR021754,0.005062059967850014,0
FR020528,0.11270123258237849,1
FR028772,0.0052364570521815194,0
FR020557,0.0042698770123404586,0
FR029912,0.011832669914530147,0
FR023435,0.014342386500900108,0
FR023434,0.047196004776999714,0
FR027424,0.019312906257691685,0
FR031848,0.007085780328254027,0
FR022193,0.005687243047870445,0
FR029508,0.007552435551897486,0
FR029830,0.11340447038638032,1
FR024819,0.009287016674315682,0
FR030864,0.014638043657409084,0
FR021633,0.0051992555880812485,0
FR022816,0.004554569407628965,0
FR021701,0.003337960467966992,0
FR030959,0.016314541639620782,0
FR020545,0.005455848550625314,0
FR024810,0.008112333094504107,0
FR030091,0.00753588480354057,0
FR030596,0.012846703263622122,0
FR026442,0.008961661627644186,0
FR022900,0.008131673868053822,0
FR028220,0.17373375354985165,1
FR025576,0.007807784473758699,0
FR030149,0.010126500741311401,0
FR029525,0.013286527662861664,0
FR030186,0.01958946884386728,0
FR029612,0.006939503601976036,0
FR030245,0.008320236304165646,0
FR021448,0.006762150380938394,0
FR020627,0.008851012532016568,0
FR025136,0.004130606981969688,0
FR020853,0.005587642697953076,0
FR025132,0.017182034503215413,0
FR028166,0.006254160170467574,0
FR021147,0.006056675137670883,0
FR027590,0.009036441781450393,0
FR025100,0.02106367102424679,0
FR021858,0.0050685554728849246,0
FR023258,0.005580314494311714,0
FR026236,0.005204513985583777,0
FR029970,0.005489577810230297,0
FR029100,0.010779091064996343,0
FR029650,0.0086316403969823,0
FR020190,0.02107726228590721,0
FR027913,0.004827026842189891,0
FR026246,0.005046720046290908,0
FR020878,0.005580611390583853,0
FR031642,0.014593392825993251,0
FR020623,0.01031426280205184,0
FR028671,0.013839489078086145,0
FR020437,0.014318380618023926,0
FR025481,0.007958632955455708,0
FR020085,0.013356714948806768,0
FR024792,0.07544952906086058,0
FR030189,0.005692261068866217,0
FR027873,0.0035297497422305,0
FR026242,0.005917010845364784,0
FR021080,0.022683601688079244,0
FR027807,0.01033716404838877,0
FR024028,0.010335377400254045,0
FR023583,0.03982929599936698,0
FR022073,0.003191462598748448,0
FR027413,0.013615279529466152,0
FR020422,0.00874146493252146,0
FR020246,0.005642680739216678,0
FR023371,0.05392737285623753,0
FR025021,0.003576497774447032,0
FR022770,0.01767386533049025,0
FR027838,0.2458345392683176,1
FR020127,0.005648790159636088,0
FR026098,0.003863343085822766,0
FR030691,0.008514956303756115,0
FR029065,0.012779946406526415,0
FR029555,0.006712285727310956,0
FR023318,0.008150065096344906,0
FR022084,0.013201786957314733,0
FR030587,0.004836081740468061,0
FR023579,0.009333233334421789,0
FR025946,0.004719108163622221,0
FR025704,0.008606110764076084,0
FR021801,0.00819086550902007,0
FR024127,0.00774957570003075,0
FR024191,0.005634349733062153,0
FR025217,0.011900795211679846,0
FR026152,0.00491267430619886,0
FR029448,0.00798693101912206,0
FR020426,0.00591052000015586,0
FR024407,0.02665650961040844,0
FR026071,0.02081674187373541,0
FR022276,0.026146073860790806,0
FR030397,0.006195347780121322,0
FR027931,0.0354897886061305,0
FR029272,0.0074024378219218,0
FR021618,0.01929891710538645,0
FR029476,0.011654172412643715,0
FR026383,0.06647545456400726,0
FR028958,0.009161592584307996,0
FR025097,0.006849461982443426,0
FR024839,0.00398016509073967,0
FR029143,0.0058582066062987815,0
FR029473,0.006736343571995895,0
FR025476,0.007362907479537467,0
FR022668,0.0088048422181933,0
FR021185,0.00891998203803943,0
FR022996,0.0030856562945840386,0
FR027099,0.024186511903029402,0
FR020700,0.011487827972829903,0
FR020464,0.6874691546819929,1
FR028583,0.010375897106545042,0
FR030175,0.00819800714079552,0
FR023142,0.007960131141831413,0
FR026866,0.004237565516042626,0
FR027164,0.01712953244140411,0
FR022318,0.008870652384027528,0
FR030916,0.011104877893183863,0
FR026131,0.017068256636563486,0
FR023182,0.0164549428760445,0
FR026073,0.009921925170283018,0
FR021164,0.005456485752030881,0
FR030317,0.008227876389562256,0
FR029987,0.013702502957655724,0
FR021550,0.004659917922574051,0
FR025143,0.005042170965436878,0
FR024703,0.025779105086955537,0
FR030448,0.00858454246603747,0
FR030904,0.008819997421759707,0
FR024248,0.015987499050461103,0
FR021076,0.003962426650252992,0
FR021203,0.010434714523096692,0
FR021611,0.017813123559323372,0
FR021598,0.006315104050222336,0
FR022161,0.008020304369254556,0
FR024645,0.013729275253842847,0
FR027337,0.017869706464712663,0
FR026771,0.0107606767119824,0
FR025623,0.005082142697226639,0
FR026481,0.5255445142548494,1
FR027503,0.0174217389890862,0
FR020389,0.011209522318386879,0
FR031259,0.0048956411875067055,0
FR021097,0.031075873746566354,0
FR022166,0.03969749214052021,0
FR025199,0.011710991586012885,0
FR022245,0.007610711126786131,0
FR021413,0.010179832866740051,0
FR022776,0.004920529005021226,0
FR029222,0.005966666707263955,0
FR030216,0.0043184287224786524,0
FR024656,0.017537091260815554,0
FR025175,0.03230871369610269,0
FR025556,0.021717178749910977,0
FR025816,0.01108107349071124,0
FR026273,0.005182554318103239,0
FR029699,0.005795929067127748,0
FR031978,0.01107953572165683,0
FR031933,0.02630985467992978,0
FR025307,0.0073710374821912205,0
FR028622,0.005318647984951285,0
FR027575,0.024922944810487603,0
FR026959,0.006558079870405203,0
FR031976,0.003625243471429652,0
FR030731,0.008433635575805695,0
FR026266,0.006104738715894235,0
FR023093,0.006872459894883087,0
FR023845,0.033690185847255805,0
FR022689,0.004614330344705092,0
FR030208,0.021445071666935274,0
FR028185,0.009476486556389819,0
FR028599,0.007473172277592168,0
FR028277,0.007371746103990804,0
FR023702,0.006853561926304808,0
FR027128,0.005098687363828675,0
FR027581,0.004680138580038594,0
FR029276,0.01794190955264193,0
FR023306,0.006130224295390598,0
FR024648,0.0040024963605384874,0
FR028876,0.08451024917131442,0
FR030900,0.005854326740043124,0
FR020719,0.011869718041451649,0
FR023421,0.007534778428008374,0
FR025002,0.005375300936089199,0
FR029714,0.008477920025647914,0
FR026998,0.009485105496686956,0
FR029332,0.014107886750285322,0
FR029215,0.00969732159508175,0
FR031496,0.005449122604281643,0
FR030316,0.006799460050460885,0
FR022512,0.018195461516615385,0
FR026642,0.003918331137896053,0
FR025108,0.017627894646580433,0
FR026886,0.013157670696119967,0
FR021161,0.005910915467588,0
FR021825,0.010248457218787907,0
FR031864,0.013704728222504342,0
FR031340,0.009872448032038177,0
FR020980,0.005026669836109785,0
FR024432,0.009202594703945029,0
FR030891,0.007056403178631054,0
FR025846,0.004428667414854592,0
FR025106,0.02249968250958658,0
FR030582,0.01430418199932122,0
FR022482,0.007791453173132027,0
FR025148,0.012338564059801528,0
FR029391,0.007896224710790479,0
FR026504,0.015781608052872535,0
FR024660,0.008655174608341691,0
FR021232,0.010073248271473226,0
FR021509,0.009834140797546145,0
FR028477,0.004766743416028596,0
FR024595,0.01199765232255309,0
FR028322,0.0057064555390739236,0
FR030072,0.013502267261365754,0
FR026364,0.02724217401122455,0
FR023542,0.007243333892277364,0
FR027604,0.01064915540963643,0
FR030719,0.004763575730712561,0
FR023012,0.005436536622897323,0
FR021686,0.012203722376254514,0
FR024772,0.004774312460736913,0
FR020562,0.007944241300389107,0
FR027757,0.019933404173314247,0
FR026091,0.004050565103982584,0
FR029260,0.013273357833264304,0
FR025991,0.01968886918912252,0
FR020328,0.011408814226680712,0
FR031127,0.0049465597512586765,0
FR031108,0.02751951126475316,0
FR029131,0.02494037742667058,0
FR022955,0.006986268749866733,0
FR024862,0.02530023650497136,0
FR024102,0.015961967760182202,0
FR022808,0.01780998808528219,0
FR020077,0.005517341180005412,0
FR028272,0.011251100005293228,0
FR030555,0.2374501119518465,1
FR031296,0.005762241352639752,0
FR023123,0.004528453005325084,0
FR024401,0.009764182370046136,0
FR030250,0.023276237414072108,0
FR031762,0.01519204541072294,0
FR026915,0.008493183808922422,0
FR020499,0.006152927245565893,0
FR029754,0.013547436582736565,0
FR028523,0.07782010834115,0
FR023759,0.0210074658035778,0
FR021960,0.003953015876109795,0
FR031244,0.005536610207274492,0
FR030399,0.010023609847122007,0
FR021385,0.005848566356862069,0
FR028478,0.009334219735685765,0
FR027747,0.020760773987205397,0
FR022423,0.0066509651896741375,0
FR031216,0.01871514775401327,0
FR022987,0.005370949897232401,0
FR031643,0.005260111947069409,0
FR027790,0.022569958754600432,0
FR023004,0.0855630807627906,0
FR027262,0.012003998140149828,0
FR020602,0.006852940423190517,0
FR028419,0.005439540833184908,0
FR025702,0.00888623476399028,0
FR030883,0.01440706299732039,0
FR023406,0.09013404608032011,0
FR022984,0.01254212408167784,0
FR028214,0.0056447305202275665,0
FR029390,0.03423921880215284,0
FR028762,0.0059163205761984285,0
FR024420,0.007613740202304915,0
FR024161,0.008229529405708784,0
FR027508,0.013529455039729153,0
FR020273,0.01754078398205685,0
FR022382,0.025009796887942075,0
FR021063,0.016634482989756554,0
FR025710,0.015246899337950825,0
FR021049,0.0068038211259620444,0
FR029454,0.005246824711415722,0
FR030501,0.005058754578258853,0
FR031399,0.022581905371501697,0
FR021247,0.010496764333738997,0
FR031471,0.004527922521554411,0
FR030532,0.006628516657054436,0
FR030548,0.00823874667465629,0
FR027934,0.0516126649092971,0
FR030962,0.01431135482269719,0
FR028520,0.009826615723111467,0
FR022395,0.01658785958676763,0
FR030814,0.00646435350959867,0
FR020568,0.00568829807079271,0
FR030418,0.006642020167107368,0
FR030682,0.020755765461044674,0
FR023330,0.013753498121637186,0
FR027731,0.0055852682958289195,0
FR031054,0.006389824642748488,0
FR024369,0.01555186295993477,0
FR027060,0.009283213645584154,0
FR027720,0.013581981197202154,0
FR020891,0.0033096321542846205,0
FR027107,0.01243459135181722,0
FR027710,0.008658023280317274,0
FR022772,0.006588061651791509,0
FR025124,0.0054118331985698355,0
FR022915,0.005030149781867926,0
FR026512,0.7442347935978266,1
FR030836,0.013106638055373264,0
FR026274,0.021015364354559453,0
FR021538,0.3479056052985506,1
FR020233,0.00978230233462437,0
FR021805,0.0060531531355481494,0
FR028225,0.014714366092510039,0
FR031174,0.009795038810946208,0
FR030862,0.013992742924206217,0
FR025631,0.005903368419045818,0
FR024868,0.022285323610143508,0
FR027211,0.01496418784552482,0
FR028491,0.0075460328788533315,0
FR028407,0.011062387439549275,0
FR021406,0.04088449410771085,0
FR022202,0.005824997028235017,0
FR024339,0.0104640374590283,0
FR022392,0.009622018867279647,0
FR023585,0.006179144371721021,0
FR029319,0.006006099932566948,0
FR025062,0.0030080566567487928,0
FR029808,0.03125404006295629,0
FR025909,0.006506145381156746,0
FR028187,0.010186996582257388,0
FR020741,0.035191171915097345,0
FR030392,0.0043051370911338475,0
FR023798,0.008854145977023428,0
FR021343,0.0224797206257945,0
FR026350,0.016709178436936395,0
FR029501,0.010972914884982539,0
FR021151,0.01096861094746894,0
FR023522,0.006072969505754982,0
FR025820,0.0038368653118711423,0
FR023986,0.014501220496699383,0
FR028417,0.019593012334065532,0
FR025075,0.01520300187033365,0
FR023407,0.01133766259727171,0
FR020200,0.01285252157641203,0
FR026195,0.003832943874079399,0
FR021372,0.007315240495265748,0
FR024391,0.016696441445537086,0
FR030470,0.008979305331300293,0
FR023634,0.0038593830272823917,0
FR024473,0.013666346645295462,0
FR021734,0.01313831412596336,0
FR024431,0.009512303957678356,0
FR024590,0.01466120362204968,0
FR028513,0.01839763018877888,0
FR026305,0.018309154625385515,0
FR023530,0.021416320492027206,0
FR022157,0.006253866705849831,0
FR028188,0.011574703002857779,0
FR026289,0.008769395108741845,0
FR026466,0.007263735463282087,0
FR026842,0.0036231667527433405,0
FR029631,0.005113730303926426,0
FR026524,0.008861658821220059,0
FR029225,0.028439670720411134,0
FR031588,0.011621383976322525,0
FR023480,0.0077894398656104345,0
FR028728,0.016371178141495593,0
FR030570,0.03384601808165579,0
FR020683,0.024011237031825457,0
FR025526,0.01207641337318141,0
FR020646,0.17732747947009203,1
FR028239,0.012483832400659204,0
FR024134,0.006512915205699934,0
FR025796,0.004891267419917534,0
FR029146,0.009222923410348863,0
FR028597,0.015336120847289454,0
FR021426,0.005692396647199794,0
FR020440,0.028186608215780874,0
FR024745,0.005942302273855378,0
FR030625,0.004653168898380612,0
FR026516,0.02099397904614951,0
FR026256,0.005707453752259489,0
FR021197,0.013025378284642102,0
FR026456,0.014022495846741317,0
FR021498,0.004530803114232902,0
FR025577,0.005351614666733173,0
FR022933,0.38277091097638294,1
FR028022,0.016884536933266088,0
FR028786,0.00469059613625929,0
FR027022,0.017243648779493196,0
FR029255,0.005966698272712035,0
FR025111,0.06483553077180451,0
FR025690,0.006140081308356641,0
FR020687,0.004192546023343192,0
FR026936,0.5030845231475187,1
FR028648,0.015615908488243591,0
FR031829,0.009303297332943359,0
FR021603,0.01690302947218749,0
FR020819,0.005232413053781639,0
FR030693,0.012998854794898193,0
FR030349,0.011096664086133457,0
FR021688,0.019275807806490138,0
FR021731,0.004144985926383689,0
FR024434,0.015433636508903422,0
FR024856,0.007305827575544627,0
FR027691,0.009378522357489386,0
FR020500,0.010584033056814438,0
FR027629,0.06336401849639182,0
FR030647,0.005376749780613886,0
FR026134,0.007108057414789795,0
FR031104,0.00625416259636236,0
FR020257,0.0198923385657767,0
FR022995,0.012121647647855286,0
FR022343,0.020275415438100873,0
FR021345,0.007784901818193454,0
FR028055,0.007817472016846173,0
FR022520,0.008319047080620385,0
FR029762,0.006929827565064942,0
FR029350,0.0047817627567002235,0
FR031734,0.01509821293355952,0
FR021940,0.01699455688273027,0
FR025534,0.004973299291209328,0
FR025725,0.018436239144960315,0
FR030043,0.006219063638553272,0
FR020452,0.005949668181030288,0
FR023202,0.05049117751802004,0
FR026764,0.00846487925768603,0
FR027309,0.009325555212398418,0
FR028005,0.016492130096646268,0
FR030178,0.0056300520171946675,0
FR024760,0.0043812435982491845,0
FR026776,0.004379686248579116,0
FR028843,0.005461831996343914,0
FR020584,0.0150220696650403,0
FR021450,0.009462867381720048,0
FR031797,0.005363836999234761,0
FR028628,0.01371665501121781,0
FR021321,0.005725991086732291,0
FR031021,0.0035258028231579283,0
FR020483,0.012744741669094058,0
FR021978,0.015582156940965661,0
FR023838,0.009232020320915506,0
FR025058,0.005485476037130064,0
FR025017,0.011269885992453394,0
FR026105,0.004459314865656242,0
FR022263,0.01745546216658313,0
FR022533,0.003806917358267651,0
FR021047,0.015258394951156195,0
FR020654,0.005156669029145286,0
FR028512,0.0036095666587540893,0
FR025895,0.015304025858832978,0
FR029703,0.010570270039288489,0
FR024523,0.007393153640350001,0
FR028078,0.03307407622750225,0
FR025349,0.013130272946749016,0
FR027182,0.02415846428243025,0
FR029897,0.014506375172002869,0
FR030768,0.013870445830321607,0
FR028861,0.025291737911875938,0
FR021191,0.10739198354755927,1
FR021787,0.008512990589044759,0
FR022065,0.019479075795845888,0
FR023107,0.012618158132740004,0
FR027421,0.012995764287205051,0
FR024320,0.04700302562753285,0
FR024777,0.008273294065068888,0
FR027276,0.018076466642807265,0
FR031484,0.009554557791002418,0
FR030828,0.0951490873800819,1
FR023932,0.021529799279864294,0
FR021031,0.005809370178450958,0
FR026968,0.00800684264522794,0
FR027523,0.01534516641620806,0
FR027837,0.006636660750437133,0
FR029235,0.006529561702425756,0
FR028611,0.25745985559523993,1
FR026745,0.006636117888028089,0
FR022053,0.05096580604436232,0
FR028051,0.018531067398775164,0
FR031435,0.01012285678404206,0
FR031965,0.011040499143043333,0
FR020038,0.005648481108951818,0
FR029739,0.026206702364116014,0
FR021654,0.004814948340293388,0
FR024990,0.03637765310131517,0
FR024769,0.017942412092243405,0
FR030089,0.02593905074209256,0
FR023451,0.010970313925305702,0
FR030441,0.015759370791317357,0
FR026975,0.0050436046334321385,0
FR030384,0.008641973817698276,0
FR026061,0.012902555162760128,0
FR029266,0.00591573484306737,0
FR029826,0.005385366739422965,0
FR027021,0.006683851466802584,0
FR021109,0.004390653152452762,0
FR029439,0.013498971692866815,0
FR021582,0.017761661038992224,0
FR020451,0.004754744420695416,0
FR027081,0.01003843685871015,0
FR024895,0.026414669185983522,0
FR024606,0.004504237192832402,0
FR027362,0.014537556755529894,0
FR031534,0.016994098385376948,0
FR029274,0.01727989032668528,0
FR021445,0.0044439697851038264,0
FR022658,0.008388822885749974,0
FR025480,0.014015541357545853,0
FR022432,0.0052091152629142705,0
FR029339,0.03851785035919783,0
FR024457,0.010206440752905267,0
FR030084,0.004997793560777222,0
FR024272,0.011635618739633619,0
FR024091,0.008128245989194077,0
FR029888,0.010240778354805875,0
FR021797,0.008805381611105417,0
FR029990,0.009718690589456732,0
FR031033,0.011784509604509105,0
FR022750,0.014557491969389578,0
FR023722,0.00517630963364802,0
FR023629,0.005983747875138513,0
FR031869,0.021520138817826835,0
FR022845,0.008569519175462361,0
FR025892,0.48912038356216747,1
FR023208,0.005205284930912343,0
FR027667,0.012748131843551551,0
FR022434,0.011616277783930842,0
FR029251,0.0725244075446212,0
FR028060,0.0035921797904603365,0
FR023946,0.013040956881682279,0
FR027266,0.0192623902181119,0
FR031640,0.05231164727800225,0
FR029159,0.007911799469817207,0
FR022570,0.016318088734098936,0
FR025140,0.015194461413443917,0
FR026372,0.008655985580509371,0
FR021182,0.6967533467089897,1
FR023359,0.011311352792420938,0
FR029996,0.009486321438628459,0
FR024488,0.011867494364041106,0
FR029401,0.0034333802542573493,0
FR029135,0.012645789952401738,0
FR029028,0.005092451302721462,0
FR020823,0.05332711824773671,0
FR023091,0.015792390354035395,0
FR022331,0.00986665235351383,0
FR020882,0.004736285550120652,0
FR028260,0.007164394904819439,0
FR028562,0.016286381500069613,0
FR023446,0.005370622293766199,0
FR027472,0.004203813681036255,0
FR031037,0.008569723472365731,0
FR024422,0.007388212182839711,0
FR024520,0.010153371974623866,0
FR030062,0.024323224229126528,0
FR022225,0.01928611123806384,0
FR026740,0.011859794072014498,0
FR021906,0.0196035696284065,0
FR031283,0.0038088086459421885,0
FR020532,0.009509224352829724,0
FR021562,0.00950328331164334,0
FR028088,0.00599881862791338,0
FR022841,0.026825074857814775,0
FR031449,0.006272379391166118,0
FR027254,0.024651089045278456,0
FR024206,0.005592506880058565,0
FR023222,0.004153330961861835,0
FR025731,0.00962163684149223,0
FR030453,0.004510444362680718,0
FR027547,0.008585198516747626,0
FR021526,0.0026841436601326985,0
FR026257,0.00689019524853972,0
FR022221,0.009650068770287044,0
FR021111,0.005098247087815144,0
FR026920,0.004973775303699492,0
FR027846,0.005546590958383521,0
FR024454,0.005023410240565667,0
FR031843,0.019843834953324875,0
FR026034,0.009746135342262374,0
FR029373,0.007650383227113263,0
FR029108,0.02221330079299562,0
FR031609,0.005107538522804442,0
FR031546,0.027477310751278204,0
FR031031,0.013123217930590042,0
FR020409,0.2593334865926469,1
FR023041,0.008839776338425854,0
FR021128,0.014522054859880867,0
FR026348,0.016894364981083116,0
FR031948,0.013302875450328842,0
FR027550,0.014198866644612786,0
FR025975,0.01222485386263411,0
FR021925,0.007787367285064937,0
FR030973,0.005832099003266535,0
FR031526,0.00880691237562134,0
FR029278,0.009008849499118742,0
FR028980,0.012704050659892996,0
FR031210,0.007066646654174016,0
FR025858,0.020521373599980228,0
FR027102,0.018882519199234303,0
FR020735,0.014427293980215184,0
FR024035,0.03557755048054695,0
FR028368,0.017736925399273393,0
FR026100,0.005936795879741953,0
FR026327,0.007217126039946923,0
FR020509,0.022110111865195035,0
FR029901,0.01086556757283743,0
FR031964,0.004180954306275725,0
FR020559,0.0032627988162599636,0
FR020974,0.012256671128530433,0
FR020065,0.533462976233046,1
FR026981,0.03095919085038333,0
FR021939,0.004407029621419069,0
FR021871,0.011912860781843284,0
FR021559,0.01292577602375523,0
FR028451,0.005623256242043491,0
FR024128,0.01736067702643449,0
FR020863,0.0038773455321113592,0
FR023954,0.005276433844008841,0
FR022328,0.006162636624931637,0
FR027301,0.015767445985465388,0
FR020232,0.009431757408171308,0
FR021316,0.005426738039759834,0
FR021984,0.004044192411651789,0
FR021711,0.006819617833126981,0
FR024906,0.0066516630787919456,0
FR021207,0.07170222635954451,0
FR024187,0.013269755381322204,0
FR023505,0.013754812344868063,0
FR027183,0.0048576219287779845,0
FR031464,0.011696273873512072,0
FR024380,0.018341406603686397,0
FR031621,0.0039390783549477695,0
FR024744,0.003955017387122747,0
FR021621,0.011954170842102225,0
FR027392,0.029474223897269322,0
FR027272,0.015551216013464209,0
FR026589,0.005092202791063439,0
FR026495,0.008479727178649622,0
FR021932,0.02743013831555844,0
FR024713,0.0067714743430991875,0
FR026109,0.005992800265466671,0
FR029755,0.007722205373740895,0
FR031278,0.024771361563286215,0
FR027261,0.010107744965561018,0
FR027124,0.0639207581046963,0
FR027219,0.014540125304063302,0
FR031939,0.006608648420312687,0
FR020160,0.01281770726939013,0
FR023621,0.0047533336618446245,0
FR028058,0.007305040728175048,0
FR027538,0.009168084955901708,0
FR028664,0.009584441779731844,0
FR028046,0.005120509882320658,0
FR025401,0.003680863675395415,0
FR024995,0.12819746539304588,1
FR023774,0.004376894813416455,0
FR020639,0.006805994620203941,0
FR020163,0.034486255491430584,0
FR026905,0.005986332438092389,0
FR022270,0.009083612932709258,0
FR023072,0.017809116597217317,0
FR023097,0.005345506335846644,0
FR027530,0.01376735705547699,0
FR030780,0.0073059955034142565,0
FR026561,0.006842618235243928,0
FR020101,0.08458836617628973,0
FR031822,0.012555103207965719,0
FR022409,0.004829969603687935,0
FR027970,0.0051750420175125066,0
FR025179,0.010546492488960918,0
FR025342,0.021971321505332174,0
FR030140,0.007325859711121924,0
FR031111,0.00464995430161212,0
FR024123,0.03597820312285542,0
FR020309,0.009609066503134676,0
FR023729,0.0034888042215822264,0
FR022707,0.02168057317334813,0
FR024462,0.005434545165995524,0
FR024155,0.031462722467147944,0
FR022128,0.007432536112013875,0
FR020616,0.01819150538761162,0
FR030420,0.006760449243236606,0
FR027520,0.02111498725128281,0
FR021327,0.008446833248274374,0
FR022186,0.009180453066289859,0
FR023178,0.0032928999962909757,0
FR021958,0.0089203725172772,0
FR025944,0.00940896812469581,0
FR024762,0.02344449466797425,0
FR027422,0.0060792521623289925,0
FR025133,0.09664815695535475,1
FR028936,0.008636784224326673,0
FR027935,0.3136739095210276,1
FR029408,0.010694356208111173,0
FR023271,0.040997735832387944,0
FR031434,0.0067754797180006425,0
FR021767,0.0118439400780791,0
FR023875,0.006216722345079955,0
FR023364,0.020725573886003122,0
FR027322,0.005958159649761369,0
FR029716,0.006655468245269832,0
FR025416,0.004063308210953069,0
FR020497,0.01215138533748987,0
FR025206,0.008775379455883095,0
FR020881,0.009376848615859329,0
FR026144,0.014750196007725406,0
FR025922,0.02543843950555865,0
FR029717,0.06409621553768233,0
FR030832,0.011909145395978489,0
FR030618,0.010830769502200494,0
FR025624,0.004030864930764475,0
FR028488,0.029074852910884158,0
FR020993,0.030898026745468463,0
FR025116,0.00844112401399668,0
FR021256,0.008125246441725822,0
FR023547,0.005747681660141576,0
FR026428,0.011142584062541552,0
FR024976,0.005275867661500124,0
FR026728,0.011715966001958749,0
FR030668,0.003199779090011427,0
FR025374,0.005292350786988274,0
FR030955,0.016124308600380367,0
FR026172,0.01516492178322183,0
FR027008,0.01025896123499944,0
FR029489,0.010519125019220296,0
FR021552,0.00450842147473794,0
FR024664,0.005808469486684859,0
FR031804,0.02937541358595302,0
FR020766,0.004541751085930098,0
FR030472,0.009854627509289816,0
FR021072,0.032779257111259015,0
FR030081,0.012519886442919174,0
FR028141,0.0064034691373150415,0
FR027408,0.009882489205878541,0
FR020600,0.010857505867968242,0
FR026515,0.010205391203589247,0
FR022630,0.005714829757541109,0
FR023957,0.009753771812979616,0
FR025152,0.003726397925143596,0
FR031405,0.006621845412719756,0
FR021298,0.03465939733987308,0
FR031927,0.013246683397887808,0
FR026634,0.01858797662342145,0
FR029663,0.01500495235625806,0
FR025636,0.009592892291010641,0
FR021434,0.004684700029001608,0
FR021088,0.03519792036762992,0
FR027205,0.008243314255309324,0
FR020304,0.026882126685754064,0
FR022114,0.005340727581883156,0
FR020092,0.006190931195592787,0
FR028444,0.005092574921853325,0
FR026978,0.010067782599968381,0
FR027651,0.020286735315576683,0
FR026168,0.005831001980477833,0
FR025972,0.02162209918087759,0
FR026787,0.00970872504339353,0
FR020631,0.00676184897251936,0
FR031099,0.004049168821069423,0
FR030025,0.0064996199968656125,0
FR020752,0.019455959112808195,0
FR027762,0.008169070092638056,0
FR020976,0.004769818433463552,0
FR029438,0.008144276591473787,0
FR030228,0.007236978130514299,0
FR031935,0.011788390191405318,0
FR020401,0.01362581791991001,0
FR028138,0.01038442468543535,0
FR029200,0.014228940646377648,0
FR030125,0.011386224099414546,0
FR030333,0.027838247904400815,0
FR031065,0.005573687349302579,0
FR026712,0.0423687811803138,0
FR020972,0.007648026994289571,0
FR020360,0.014015603831835215,0
FR024097,0.00705563659358593,0
FR029030,0.009917449388133829,0
FR031115,0.004673119306598477,0
FR028242,0.003627253637854894,0
FR028375,0.008742552704211416,0
FR021454,0.014623674388821504,0
FR028912,0.0049351200523339075,0
FR028595,0.011749333580342431,0
FR024977,0.00441860352409581,0
FR030885,0.019130520590623992,0
FR027696,0.014277074319963338,0
FR022007,0.005239277008507926,0
FR029824,0.005804031107186891,0
FR028255,0.011520735877719027,0
FR029764,0.0039984527327122776,0
FR027159,0.0676127971544341,0
FR030651,0.0074062845034302775,0
FR022989,0.0743334919832854,0
FR024640,0.00796089898553808,0
FR027883,0.013252039028492186,0
FR029843,0.013289124481061872,0
FR029668,0.009617690728876256,0
FR022871,0.030268857008890683,0
FR025711,0.005839926636584939,0
FR024234,0.006336398825202358,0
FR024173,0.00865087350171356,0
FR031161,0.0046496168957757215,0
FR023900,0.02272855946962675,0
FR023503,0.006993450584143114,0
FR022143,0.004647880655446602,0
FR031356,0.007759696385595226,0
FR031170,0.018195433179639738,0
FR022329,0.026617195942015254,0
FR020303,0.008710429268489046,0
FR025999,0.019802603016318657,0
FR023596,0.009018030348474287,0
FR022115,0.007166001689932179,0
FR022139,0.003446497597644618,0
FR022336,0.007056576320071523,0
FR021067,0.004255725050091591,0
FR023354,0.011237111984355973,0
FR022559,0.005354656191720422,0
FR029317,0.0033716052740905035,0
FR021707,0.011825400146023003,0
FR029372,0.010768475224765432,0
FR021177,0.0058999492895655155,0
FR029782,0.006328380632643326,0
FR030302,0.00522171862059384,0
FR023201,0.01054012181221499,0
FR021090,0.012879335497112725,0
FR031131,0.008961533536835091,0
FR025571,0.00886345884500147,0
FR022362,0.0047648140832171615,0
FR028211,0.010820263157336571,0
FR021698,0.006510462413368713,0
FR023161,0.004260481498753429,0
FR025210,0.043938034847353355,0
FR030284,0.022274227380809065,0
FR021560,0.006095974080381088,0
FR026506,0.03865872516891079,0
FR022232,0.03365853764347878,0
FR025477,0.027494438799254874,0
FR028626,0.012992657800075667,0
FR028083,0.005053772249042068,0
FR024468,0.019747746153276607,0
FR020635,0.007763277877939041,0
FR029713,0.01930006743076968,0
FR030300,0.01572891262951328,0
FR028200,0.003057753470904246,0
FR029590,0.006523667167035539,0
FR027023,0.07428899949984762,0
FR028646,0.0036992014026350963,0
FR021237,0.8625271267075858,1
FR029672,0.004377042364916275,0
FR024536,0.008390867977614506,0
FR030147,0.007693997194572491,0
FR030365,0.010678962943413597,0
FR020916,0.009568509609330918,0
FR031769,0.014819226680924297,0
FR027481,0.0038494559812477674,0
FR027439,0.0071511478000324214,0
FR030343,0.018669912266313683,0
FR025530,0.005245506729739146,0
FR024212,0.009134107913758228,0
FR029123,0.003400619141091125,0
FR023467,0.0616621542895622,0
FR030362,0.004330820698288383,0
FR021683,0.006621039655096691,0
FR031226,0.010207565821974813,0
FR028128,0.007143503137363066,0
FR031429,0.005414536885396054,0
FR029546,0.014537297576367996,0
FR026937,0.006097469540943854,0
FR031398,0.006387594044057651,0
FR028054,0.0072621749934850665,0
FR023159,0.021581830448852188,0
FR021200,0.09460543518688588,0
FR024632,0.008182030082128528,0
FR030767,0.005530614804104212,0
FR024577,0.01048510223633521,0
FR028126,0.33285754750206575,1
FR027243,0.00906725292131113,0
FR031308,0.019047482539585138,0
FR028721,0.007795315129318553,0
FR023080,0.004975530907871974,0
FR023658,0.017238084800579354,0
FR029891,0.0075065131416697075,0
FR022785,0.009729847834012106,0
FR022763,0.02038067301499555,0
FR024416,0.00960332942619246,0
FR021252,0.00702643668925134,0
FR025343,0.018687611332716125,0
FR021277,0.01016464654034795,0
FR029671,0.014787390450009527,0
FR024226,0.011648211983065822,0
FR020633,0.0054440252456158175,0
FR027321,0.004815889158066298,0
FR029292,0.0076364996543924705,0
FR021626,0.013677610955952822,0
FR031125,0.7611854756258365,1
FR026330,0.005213539914163285,0
FR027999,0.011082292799218883,0
FR028382,0.009186159843866674,0
FR029948,0.015697046436511833,0
FR022529,0.01184089406757467,0
FR020234,0.00957413179701485,0
FR022576,0.009950278937912664,0
FR023566,0.051543048261936876,0
FR031726,0.042720297980469335,0
FR030590,0.01946748995238056,0
FR028798,0.010157259971634327,0
FR021672,0.018177288790838773,0
FR029999,0.013046945848369174,0
FR029158,0.007404130317943112,0
FR028571,0.013182791296102706,0
FR023694,0.006495097063189491,0
FR026077,0.008732335834920616,0
FR026935,0.11400020132713803,1
FR026878,0.01516325706699731,0
FR021831,0.0528948668993094,0
FR027659,0.0273499673524081,0
FR023862,0.010000023415451717,0
FR020843,0.009931926082359474,0
FR030927,0.0057400691703753375,0
FR025484,0.004849913296005542,0
FR029201,0.00478395723255152,0
FR020950,0.004475118601920304,0
FR024008,0.010887946044244555,0
FR024055,0.004447596503487533,0
FR030200,0.011296727715790777,0
FR026002,0.026329724625312016,0
FR029770,0.010312680567865953,0
FR027427,0.004044494507632735,0
FR025706,0.010077753890942225,0
FR030235,0.005360032126111509,0
FR025910,0.0032006766847527813,0
FR025337,0.004437382557105664,0
FR021911,0.0061056383024124476,0
FR027127,0.006471145349723562,0
FR028360,0.03154404085494288,0
FR023488,0.006599327607953368,0
FR020029,0.020290086769026584,0
FR023984,0.00480248364949858,0
FR026118,0.003966581123724432,0
FR029174,0.011954702183727108,0
FR030467,0.06269403825594688,0
FR029542,0.12913489091329475,1
FR020758,0.017441832154349746,0
FR025242,0.006391254725325457,0
FR025650,0.01403047398938144,0
FR030812,0.006067954490535621,0
FR027029,0.012194524271591185,0
FR023268,0.005843709405484366,0
FR021439,0.010411884760736487,0
FR021946,0.004545195094085242,0
FR031189,0.009246081846720437,0
FR022008,0.01570720222112921,0
FR022601,0.005470174835187799,0
FR023320,0.010652270249059192,0
FR028311,0.006702360327933953,0
FR020277,0.017867323823544022,0
FR029213,0.01302882204010002,0
FR026757,0.004578026167829952,0
FR021436,0.004792506810322762,0
FR022646,0.012697081450832173,0
FR025919,0.12022061706192418,1
FR025417,0.010699773111231117,0
FR020692,0.00831658822014324,0
FR021202,0.0174148097371319,0
FR022009,0.010027339766655607,0
FR022796,0.00925411064059168,0
FR024313,0.01791006283696412,0
FR020176,0.012913257026807706,0
FR020651,0.013864115535756772,0
FR025882,0.0070754529023168075,0
FR030034,0.012950308998828462,0
FR028087,0.022263990455162593,0
FR020035,0.008829894578528608,0
FR026210,0.018484305614652433,0
FR023857,0.004385716311517197,0
FR021909,0.034396135981846945,0
FR025607,0.014122840046057385,0
FR030584,0.02590852819474234,0
FR025883,0.0056494541135378535,0
FR030285,0.0091857269196047,0
FR022547,0.011010276304186453,0
FR023092,0.009249105413117041,0
FR025813,0.014444464100545111,0
FR031514,0.020795151872518035,0
FR026018,0.004499790460598152,0
FR028857,0.017229939875464152,0
FR021995,0.005135148351167304,0
FR025684,0.004934996763159498,0
FR020058,0.009438670465164514,0
FR022387,0.008606521239807208,0
FR021542,0.014734903379177714,0
FR030784,0.015297515064413212,0
FR028243,0.005359209649764562,0
FR023472,0.008606474052995387,0
FR021318,0.005558991953238739,0
FR031510,0.006820374140457009,0
FR021452,0.008351087756360533,0
FR031175,0.010868659087791593,0
FR021183,0.007727141899111104,0
FR030726,0.003700513780397567,0
FR021972,0.021151774802334336,0
FR024582,0.016588631681287797,0
FR023782,0.017409674243972467,0
FR020317,0.007532786262340307,0
FR020862,0.06585979272304324,0
FR024101,0.004590836597593993,0
FR024776,0.007197578050552248,0
FR027206,0.006821017022501705,0
FR024321,0.03556964831955632,0
FR031268,0.013776043183036603,0
FR031499,0.05426262960849209,0
FR020088,0.005831565519258154,0
FR021692,0.0038399913565419054,0
FR021422,0.006089592172843189,0
FR021278,0.005588445382447413,0
FR022628,0.7703227636140482,1
FR022207,0.011510328906144684,0
FR031271,0.006757252753750766,0
FR020715,0.01374807955634822,0
FR031071,0.009374077938142957,0
FR030567,0.019575806969314165,0
FR030679,0.011838611944643654,0
FR023424,0.010967738694040698,0
FR026229,0.026866883775908762,0
FR026438,0.0035842373292090724,0
FR023246,0.006589872013321646,0
FR023298,0.006576521984244856,0
FR020905,0.012372678993755725,0
FR028778,0.019836282964714,0
FR026318,0.010090191476253882,0
FR030876,0.0050865913858298105,0
FR021512,0.006968436074271398,0
FR031877,0.05028610576402881,0
FR023490,0.015520400917087568,0
FR021478,0.01777618486016042,0
FR031810,0.009887812917352141,0
FR027354,0.006802851657893499,0
FR031697,0.005692545759659412,0
FR022525,0.022632556086233914,0
FR023266,0.016884256535880993,0
FR025639,0.026289772632910755,0
FR028067,0.008476453062297985,0
FR025524,0.2195193034836831,1
FR028774,0.008442929612674167,0
FR020352,0.007801083036959165,0
FR023356,0.03384247117561574,0
FR028696,0.0165752489069456,0
FR028681,0.004649902893994598,0
FR026424,0.006470135500671451,0
FR020188,0.003626849769874031,0
FR029516,0.008052263809161402,0
FR031938,0.013100593206112746,0
FR025069,0.011131590571108383,0
FR025492,0.007441961902493327,0
FR024068,0.005475479575969616,0
FR025555,0.005498301662122144,0
FR027451,0.023557454697700472,0
FR026604,0.010639304800736125,0
FR022078,0.010305635286717137,0
FR029801,0.007526391255922428,0
FR026819,0.007759277238798386,0
FR031708,0.008115786335367369,0
FR023322,0.015270805620375964,0
FR026476,0.006129868674740715,0
FR031886,0.019943822805679745,0
FR028613,0.011074218299427566,0
FR023476,0.006558534204589785,0
FR030757,0.006265272976670684,0
FR023598,0.004257580241979612,0
FR029581,0.010580983441540244,0
FR031358,0.00910223125759027,0
FR027494,0.006120806006859249,0
FR031235,0.4259264015668688,1
FR024869,0.01884629202136897,0
FR022254,0.027033524013486986,0
FR027482,0.008491007054217844,0
FR025966,0.004481608370341242,0
FR021306,0.004728222169373008,0
FR022028,0.007253536544310689,0
FR025464,0.006373203730581265,0
FR026790,0.007928731948549667,0
FR025167,0.02999337543982892,0
FR031273,0.0046588627256337785,0
FR028004,0.006034034611815337,0
FR029074,0.020104316697883644,0
FR031619,0.014052901408299436,0
FR021065,0.00510928099607174,0
FR031310,0.007149116071951387,0
FR020316,0.013124701004823828,0
FR029462,0.0025206012172018844,0
FR028406,0.005898685979642923,0
FR022886,0.03918758326563673,0
FR026848,0.008279313990871905,0
FR031136,0.011932403331729964,0
FR031117,0.008974957779822063,0
FR020259,0.013216994971234831,0
FR022654,0.011058714030515992,0
FR023170,0.004824116557145245,0
FR023562,0.008454348859048147,0
FR023018,0.007769742404531966,0
FR031571,0.014918304949027508,0
FR023175,0.006187717503700308,0
FR024841,0.015775461736797024,0
FR020888,0.01784595139525145,0
FR024541,0.0043787208827949075,0
FR028155,0.009709738727743156,0
FR020089,0.010400878878264703,0
FR023361,0.04385535930891947,0
FR027123,0.007720024513505638,0
FR026671,0.006834656779473456,0
FR020893,0.01555590282819054,0
FR022197,0.004305276589803965,0
FR025644,0.00440659301116768,0
FR031524,0.0034659745379978257,0
FR029906,0.004955096064694979,0
FR026810,0.018110440071561554,0
FR022517,0.005579008455435772,0
FR023908,0.01530605615300646,0
FR031539,0.00882342696931146,0
FR029280,0.004703935855187497,0
FR028396,0.022006045503320776,0
FR025728,0.00768318608243671,0
FR026473,0.004255338266847522,0
FR024940,0.005252154024992571,0
FR025719,0.012171013223014806,0
FR028108,0.0072719348831323735,0
FR030804,0.004668794675568128,0
FR031272,0.008781860047337928,0
FR027674,0.004910422591734739,0
FR024471,0.011337498869973438,0
FR027352,0.012442196145347993,0
FR027683,0.018481587015054375,0
FR025247,0.007822426259014654,0
FR023415,0.03089663260607186,0
FR031017,0.0743441631662059,0
FR024175,0.005369318491514478,0
FR028777,0.006998946825637379,0
FR029216,0.007332454881598573,0
FR020153,0.013145316779943931,0
FR029518,0.017378521848119187,0
FR020326,0.015435586273530196,0
FR029202,0.02012436983794144,0
FR029533,0.006916924973003518,0
FR027044,0.0044689920715910835,0
FR023683,0.00781772050499922,0
FR027580,0.006399048793263504,0
FR021170,0.006740974326532821,0
FR031793,0.003979879257738243,0
FR020245,0.02057452140378506,0
FR022077,0.009196487213635342,0
FR028621,0.008185435342394236,0
FR020970,0.00711059425961183,0
FR020201,0.005928760486678451,0
FR025848,0.0141621544073895,0
FR028579,0.008379179283926851,0
FR029734,0.0057005710620693165,0
FR024103,0.02339147223481461,0
FR028279,0.7004771826395182,1
FR030603,0.006560704276362848,0
FR029781,0.003955947914630527,0
FR030238,0.003345344586554893,0
FR029523,0.008332607813260234,0
FR025957,0.027510137736539833,0
FR022627,0.020283606471530186,0
FR030421,0.009667631867900435,0
FR024669,0.009021539193688585,0
FR025455,0.009339505975945874,0
FR031487,0.009894050730462796,0
FR025516,0.018408006903606687,0
FR024956,0.014464127620444163,0
FR029304,0.009906296555597757,0
FR024602,0.025835280658085505,0
FR029616,0.01221741236685121,0
FR027415,0.011486283200931055,0
FR025358,0.004622355218741044,0
FR029230,0.028853880188276733,0
FR024301,0.00637791517485487,0
FR027372,0.007373020246753497,0
FR028296,0.016923792842839784,0
FR027269,0.012612415786298965,0
FR032000,0.005755469944645365,0
FR031676,0.02648579829125086,0
FR030613,0.005796778253350983,0
FR025519,0.010972899698856224,0
FR021872,0.009975713124781092,0
FR030646,0.769926502538322,1
FR027614,0.013747757685762352,0
FR027923,0.022874497180566195,0
FR031652,0.006258509486966126,0
FR027455,0.012205789588392184,0
FR024702,0.008369810512326131,0
FR029379,0.008591254046352335,0
FR024507,0.006393840668509127,0
FR025682,0.01184256840481266,0
FR027487,0.013199376245464434,0
FR023672,0.006581579580246934,0
FR027343,0.006097770564746811,0
FR029977,0.011893395634354896,0
FR023461,0.005550266889659842,0
FR022025,0.0041095005951471576,0
FR029325,0.03162833546936131,0
FR028436,0.006463225759130211,0
FR025118,0.014485134326435646,0
FR029642,0.008103402215207063,0
FR029333,0.00535858507133668,0
FR029819,0.03177931362873084,0
FR024059,0.006608464140000089,0
FR021299,0.021682140985578857,0
FR030538,0.016870429274737163,0
FR030042,0.011122533619491174,0
FR020313,0.00709278585788465,0
FR031707,0.00674138828451804,0
FR022936,0.004516244770540849,0
FR021265,0.005739957737327987,0
FR021918,0.01170581841758656,0
FR025834,0.0566370515558412,0
FR021016,0.007423408519574086,0
FR025544,0.0031416236869514606,0
FR028717,0.01845199753172915,0
FR029173,0.0052031788360739385,0
FR022854,0.017521962137955274,0
FR024572,0.011185621238889273,0
FR020856,0.010804896270442902,0
FR020073,0.006301582377089271,0
FR031091,0.006452455678022963,0
FR021886,0.004439991966578809,0
FR023863,0.005586980205864253,0
FR026126,0.0062095971469147545,0
FR029011,0.02975750138529748,0
FR026016,0.028996954890737538,0
FR030382,0.005941860565732177,0
FR027933,0.007307523625965488,0
FR027730,0.006090540838419478,0
FR023211,0.01345768939492385,0
FR024575,0.007357194137691269,0
FR024946,0.00394371373779304,0
FR026645,0.006079877748317862,0
FR031247,0.04110929659025722,0
FR028930,0.14394257433181834,1
FR028820,0.01664417451508898,0
FR022307,0.023892009658539055,0
FR021553,0.008959764462204728,0
FR026390,0.007827762444537749,0
FR026127,0.007587263793511797,0
FR031911,0.006831080984183024,0
FR020760,0.004188276059528094,0
FR031150,0.05706984349101367,0
FR029918,0.005249362218001638,0
FR021038,0.012230493188869778,0
FR022614,0.006542399618524788,0
FR024239,0.018036093364251316,0
FR020920,0.014709564607403513,0
FR022671,0.019568122209334207,0
FR031799,0.010070046980723096,0
FR029951,0.005228955429334882,0
FR028892,0.01617411652209574,0
FR020306,0.030824790985098424,0
FR026976,0.015185460820679899,0
FR021506,0.019562539958932083,0
FR024251,0.00971924526757172,0
FR020100,0.021934509564206957,0
FR027176,0.0047035671925737006,0
FR027070,0.005410825266546947,0
FR031775,0.02507274401682879,0
FR029579,0.016660284113683817,0
FR028973,0.011532347436971548,0
FR030551,0.027409096441139813,0
FR026859,0.01309884816599952,0
FR020282,0.009921105369175301,0
FR031795,0.010669523226188561,0
FR022013,0.021917089303705888,0
FR021848,0.6688290884903461,1
FR029326,0.02006777893339201,0
FR028173,0.015648495816532527,0
FR024873,0.015623749136822752,0
FR031171,0.010265359878018864,0
FR025423,0.006099352881838817,0
FR025331,0.01653509636371766,0
FR026308,0.02366219719013589,0
FR020962,0.009999524023097738,0
FR023642,0.008114084647759486,0
FR025444,0.021616347710925347,0
FR020268,0.004047122128238913,0
FR020915,0.006334907279505163,0
FR021335,0.011428796044870187,0
FR023489,0.013532607472311685,0
FR029568,0.010218166320091406,0
FR031254,0.003920449454032974,0
FR027290,0.011246077887120533,0
FR023806,0.014020352303000968,0
FR022882,0.0149489199587825,0
FR021828,0.058264450779418095,0
FR021670,0.5099684726184474,1
FR027779,0.021018710424335788,0
FR028476,0.02525142356905668,0
FR022373,0.006330125815348043,0
FR026610,0.002764544643256771,0
FR031849,0.007737048494057206,0
FR031547,0.004685583515702963,0
FR031841,0.00880135966535334,0
FR030819,0.012378119725546345,0
FR020167,0.0350583975967681,0
FR024365,0.01141984556415771,0
FR031821,0.023750762834338357,0
FR026542,0.00471304131234178,0
FR020550,0.011904199780494097,0
FR027682,0.011975427311944356,0
FR028509,0.00690136202169663,0
FR025950,0.008224186403000188,0
FR031763,0.024919029152841263,0
FR028016,0.02323354968385149,0
FR026272,0.008807669808589696,0
FR021324,0.017480842582917294,0
FR023762,0.018874396084261696,0
FR030917,0.012483664647775061,0
FR027506,0.0047016276915470955,0
FR025553,0.0041850746550194,0
FR031590,0.021462421924558474,0
FR031110,0.008518849677113718,0
FR021163,0.024736382609680016,0
FR023314,0.008192901676036462,0
FR024829,0.015865797229229317,0
FR021416,0.004705778265786777,0
FR022591,0.004943354783087696,0
FR022710,0.008006034912147287,0
FR026045,0.019944122179867553,0
FR022616,0.051981730688374195,0
FR024892,0.011501405571626528,0
FR022076,0.016737933957262266,0
FR030429,0.023012121255733993,0
FR026983,0.007931458928651729,0
FR020405,0.008337654190067833,0
FR028000,0.007101875994390581,0
FR020808,0.015560100813408686,0
FR027470,0.00658746533410633,0
FR026402,0.005407378082683722,0
FR028754,0.006217288499304929,0
FR031511,0.02111379629331938,0
FR029018,0.017595236451099477,0
FR025267,0.005195658362512845,0
FR029564,0.027827063679963016,0
FR023324,0.010698176067015109,0
FR025461,0.07385094040226053,0
FR020037,0.022586389130855332,0
FR024807,0.01619605543179441,0
FR020830,0.07444194452208325,0
FR025300,0.023851602662731494,0
FR021720,0.008749407297685145,0
FR029393,0.005440472164032344,0
FR024254,0.008041177340575831,0
FR022024,0.011762289610055309,0
FR026487,0.007478014905436446,0
FR024611,0.007253567003830105,0
FR027082,0.004197622198965158,0
FR021879,0.016121555495129915,0
FR022228,0.010443510463935962,0
FR023315,0.06894446093568876,0
FR022060,0.005471998283204658,0
FR027721,0.02609861602964665,0
FR031360,0.017879383358752977,0
FR022952,0.004736193166159601,0
FR023349,0.004564570029911374,0
FR027875,0.007902053697688,0
FR026801,0.0056155613924564265,0
FR030350,0.004680320678693617,0
FR021757,0.018036790130200514,0
FR022516,0.0056090093903542,0
FR027059,0.007344746543035434,0
FR027965,0.0058458616801931335,0
FR025601,0.010251427402959,0
FR022618,0.0058961724088990725,0
FR025856,0.06942612972592024,0
FR031973,0.0065448529993326916,0
FR024963,0.005927685505705679,0
FR025319,0.014252200357250564,0
FR026684,0.013106318146525884,0
FR020404,0.18647669533254801,1
FR021681,0.010051137013208453,0
FR027606,0.01623557961435053,0
FR022212,0.021312620164726716,0
FR021955,0.022398410806747752,0
FR025924,0.0041815713470969,0
FR030634,0.013452011383528369,0
FR021384,0.014471773645382097,0
FR021575,0.017554645992481507,0
FR023766,0.008209894606857528,0
FR023887,0.041368419590433136,0
FR028782,0.01575608934716221,0
FR023282,0.010815253700150487,0
FR020560,0.01222520454670889,0
FR020890,0.008439263477452729,0
FR025063,0.0102104352083136,0
FR031015,0.012205125056871689,0
FR026731,0.00610746310920939,0
FR022930,0.018043041159755212,0
FR023403,0.06111577035010617,0
FR023877,0.008034744177414762,0
FR020795,0.02267040062195816,0
FR021766,0.0073472445165134554,0
FR023251,0.005955662847866168,0
FR027011,0.012321177775937817,0
FR022365,0.00780119371761888,0
FR031250,0.00836507986737376,0
FR020979,0.08564594787473478,0
FR026839,0.009067053263560863,0
FR027727,0.008486482282608537,0
FR024539,0.019706247005301783,0
FR024412,0.0053208363336292325,0
FR029095,0.006551877298902525,0
FR026076,0.007513212266237927,0
FR031490,0.007650081846635368,0
FR022897,0.005756060783956409,0
FR030424,0.006375150401818429,0
FR024494,0.030202007641204565,0
FR026755,0.005185725375580336,0
FR031357,0.004949299301255214,0
FR023443,0.011146910239319865,0
FR020155,0.008790477841855236,0
FR026994,0.006246818961066894,0
FR026220,0.01309764918806109,0
FR031731,0.02198399601368558,0
FR025265,0.007133061913395062,0
FR025997,0.007503877922395299,0
FR026627,0.004450492007195134,0
FR022832,0.1860592961263134,1
FR027633,0.007976152281024568,0
FR022823,0.013478749024211312,0
FR030912,0.011573634385974571,0
FR027296,0.0203424072116008,0
FR031962,0.021704986974606648,0
FR029681,0.004727964839816129,0
FR020708,0.007920519823426453,0
FR025974,0.024156502199138077,0
FR020495,0.006963578015896277,0
FR031563,0.029175155339814164,0
FR021597,0.006174909806979656,0
FR030225,0.01818999655686026,0
FR028327,0.0037909291720926424,0
FR027775,0.010670255409906675,0
FR028567,0.5113825604003044,1
FR021546,0.005561303576970954,0
FR023370,0.00894906856487519,0
FR030993,0.004450702972749276,0
FR029004,0.004787209316639927,0
FR020679,0.021038722053169513,0
FR027126,0.008601166340939968,0
FR026721,0.5397019500896101,1
FR027552,0.005390986435196464,0
FR024809,0.017679596348545594,0
FR029376,0.003991205530014584,0
FR029142,0.020378287214867882,0
FR030294,0.005205878636182278,0
FR027950,0.008071373040114498,0
FR024399,0.004017803728883416,0
FR025287,0.061786682758758184,0
FR028734,0.0058777389397730185,0
FR028810,0.0115428647904996,0
FR028821,0.003887821052966522,0
FR020479,0.004010476613309404,0
FR027135,0.010736207925464848,0
FR028374,0.009928548286504406,0
FR029694,0.005931270753179419,0
FR029822,0.010981813479745497,0
FR027064,0.006096068431315596,0
FR030539,0.03551393575722432,0
FR024316,0.016083065496530068,0
FR020209,0.007164219156337539,0
FR020084,0.016446841574020286,0
FR023684,0.008295948735257805,0
FR026186,0.010570541551496969,0
FR022535,0.009249151630464181,0
FR025852,0.03111006133402766,0
FR028900,0.024897691020254457,0
FR020223,0.005701933206257044,0
FR021994,0.0066945443713253665,0
FR025776,0.006940376293454694,0
FR031187,0.013724872586783106,0
FR024928,0.015941342059312767,0
FR022715,0.05030784026735542,0
FR026821,0.0037980678943971458,0
FR030612,0.007642210030650506,0
FR022493,0.004959372136601633,0
FR031365,0.011780116908583198,0
FR027327,0.02155096833278529,0
FR030905,0.07346293763987516,0
FR022602,0.007828264628778493,0
FR030581,0.004370133602248999,0
FR030213,0.005087881283499362,0
FR021198,0.014905893965220771,0
FR021230,0.007256284428224005,0
FR030834,0.02389260757242545,0
FR021026,0.003961756500875897,0
FR023060,0.011805176015655637,0
FR025272,0.015723773442958208,0
FR023896,0.028547002065119363,0
FR030901,0.06542186743758102,0
FR027109,0.008932589925330128,0
FR027469,0.006248438599703879,0
FR024413,0.005126973302154822,0
FR028627,0.005115206392187372,0
FR025127,0.04105214638799695,0
FR031074,0.1909701926519135,1
FR028804,0.0254957186271796,0
FR027932,0.019667847829047486,0
FR022289,0.0042993913980800946,0
FR024849,0.029957762485698793,0
FR022416,0.009324894994173102,0
FR024395,0.0057501056915113345,0
FR023902,0.007289698101986446,0
FR025870,0.004778865012424664,0
FR022071,0.006440782492309997,0
FR025683,0.0065115974012122605,0
FR024056,0.024148323777895685,0
FR025541,0.01030723576109319,0
FR031326,0.020189926839314448,0
FR025551,0.017162198912941323,0
FR022754,0.006236653792931929,0
FR031005,0.013308199553062037,0
FR025326,0.023246291644525997,0
FR029415,0.013435078238239462,0
FR024877,0.022964732864341808,0
FR028038,0.003792813123360254,0
FR020772,0.0035994687533138503,0
FR030484,0.019513277193504854,0
FR020713,0.15811623438947264,1
FR025093,0.00873216784089657,0
FR028899,0.008537663355780658,0
FR025285,0.005164180325838738,0
FR030003,0.007261994999848587,0
FR023402,0.022005644596423145,0
FR031845,0.27686921224329103,1
FR020619,0.005306318441307301,0
FR024089,0.011047830547107843,0
FR023456,0.06405942168382114,0
FR026574,0.005770193475707125,0
FR021205,0.02816072207008416,0
FR031963,0.003603967113031638,0
FR028169,0.00491690543050962,0
FR029075,0.0063295845092441304,0
FR024202,0.003414516832264701,0
FR029449,0.012773730859584314,0
FR029823,0.008040046924390127,0
FR023734,0.0115367438436772,0
FR031164,0.006785012572988282,0
FR028371,0.005100174477508004,0
FR027707,0.008051303208944418,0
FR021017,0.017856968119646266,0
FR021587,0.009414715781321813,0
FR029183,0.004381838857969495,0
FR031900,0.009729422997420103,0
FR031518,0.008739723178878729,0
FR026163,0.005515213311202511,0
FR025298,0.003743282630436412,0
FR021337,0.20334790937373673,1
FR026239,0.009952865389666391,0
FR022766,0.02592677732281152,0
FR020938,0.013299011280021419,0
FR021390,0.007219957566192826,0
FR031553,0.013238730863870698,0
FR021556,0.005658997558608974,0
FR027359,0.005114475804539298,0
FR024705,0.013951317928389658,0
FR022253,0.003864882446378812,0
FR031086,0.07723454180738455,0
FR030435,0.009393856075882282,0
FR023795,0.0059245815584096926,0
FR028955,0.004595081771275237,0
FR029902,0.02605954905279953,0
FR021938,0.006268570010122334,0
FR028797,0.003646647515982098,0
FR031051,0.004057880102957994,0
FR024811,0.00730615938367216,0
FR022187,0.005827092418802894,0
FR031004,0.005218776707988322,0
FR022342,0.01090420032467921,0
FR028727,0.006167566234701582,0
FR024084,0.014971551381062211,0
FR025802,0.011213435010625286,0
FR020620,0.0096382854871173,0
FR026405,0.018030952459238393,0
FR021330,0.015358213076564268,0
FR025249,0.003958407446383332,0
FR030179,0.005236944099664782,0
FR023389,0.024897011295166936,0
FR022775,0.013528522994581144,0
FR028137,0.011048400034844749,0
FR030688,0.010439240026824958,0
FR030643,0.007189546334759042,0
FR023670,0.007943388069211568,0
FR028519,0.007382919368273283,0
FR031063,0.005106008026702512,0
FR025390,0.007623711346740721,0
FR023919,0.007570480251568727,0
FR024111,0.010940703840835488,0
FR031203,0.004964023488496462,0
FR025827,0.02357792038279915,0
FR021844,0.015297506389903123,0
FR029340,0.006881524065573413,0
FR028254,0.0046739783084556435,0
FR025448,0.011784439281768862,0
FR029576,0.006920610559128849,0
FR022644,0.007402707336944578,0
FR024537,0.01683058395396915,0
FR022931,0.05753164312114514,0
FR024712,0.01854480126459962,0
FR022852,0.0055617281232079145,0
FR023154,0.018069198819499054,0
FR025592,0.013922288728229884,0
FR023938,0.023673340674601383,0
FR023820,0.020903421158662547,0
FR026612,0.009541940022470542,0
FR024269,0.010071436012230393,0
FR030460,0.014912584101227002,0
FR024489,0.6771256617154915,1
FR021407,0.010414686480524248,0
FR029504,0.007619111829260895,0
FR020465,0.019279297253005874,0
FR031249,0.006951200529917412,0
FR027184,0.007549261090427684,0
FR029584,0.005770451740082096,0
FR031479,0.0051408864381480915,0
FR027419,0.003952530487411576,0
FR030920,0.005939681557838918,0
FR025043,0.01179843753039035,0
FR028616,0.010058453225013444,0
FR024006,0.010891607606770784,0
FR023903,0.004707578799132852,0
FR029113,0.0057284341906697935,0
FR029565,0.008008004472036607,0
FR026742,0.020861638285070584,0
FR025913,0.00789806836368006,0
FR025798,0.018703868505340712,0
FR021215,0.02020113914980455,0
FR020388,0.010296875958090587,0
FR022768,0.00460472060729861,0
FR023768,0.036195117664063,0
FR025874,0.008600799220765672,0
FR024547,0.009764320524412704,0
FR025583,0.009394455055010568,0
FR027226,0.010358976525304417,0
FR030941,0.011717113457820357,0
FR026912,0.012766344964287244,0
FR024082,0.010641256052217662,0
FR030353,0.015848681387903192,0
FR020837,0.0046096379398265185,0
FR023051,0.004874668775346799,0
FR028514,0.0070246297013822675,0
FR031784,0.01453984230876176,0
FR026687,0.009888155004688396,0
FR020124,0.006974167401020439,0
FR029983,0.0127457852491873,0
FR021092,0.005732451709839631,0
FR027671,0.012062492212584312,0
FR021699,0.005456479992378202,0
FR020289,0.0069631174346711094,0
FR024359,0.037481441930718694,0
FR023890,0.0683725499233612,0
FR029088,0.005712856097741541,0
FR028268,0.006734955956339477,0
FR027832,0.02347996192270469,0
FR031635,0.021336023726501542,0
FR026448,0.01925943604294765,0
FR026114,0.0248942874768596,0
FR020332,0.005857877737548391,0
FR030325,0.005583509113113899,0
FR028623,0.023707171420033396,0
FR028974,0.00330652320971624,0
FR030580,0.012584881151742604,0
FR028191,0.004364673131831882,0
FR024319,0.010684247110937128,0
FR021104,0.010128057195874316,0
FR028150,0.006987074826381542,0
FR027549,0.02671909420972994,0
FR029661,0.010766136571842486,0
FR028249,0.005767275069765127,0
FR028003,0.0054865144917715224,0
FR022418,0.009469079268546563,0
FR024448,0.03983052315368899,0
FR022453,0.010457763474756385,0
FR028604,0.006120816971886553,0
FR021632,0.008570857662717608,0
FR020081,0.017766735656979497,0
FR027175,0.004459564601601677,0
FR020534,0.012390709054894346,0
FR025984,0.007417043524088251,0
FR028570,0.0037659156403082226,0
FR025001,0.015251338255119545,0
FR022611,0.00912351511962033,0
FR031085,0.00723657034118148,0
FR025638,0.007647496822727393,0
FR020103,0.00791939126335909,0
FR028932,0.021189862113917504,0
FR024686,0.023875471427091628,0
FR028266,0.008532076904265232,0
FR029702,0.011411055205970747,0
FR021833,0.007066425688610537,0
FR025061,0.009682420727085406,0
FR026680,0.02696024168237323,0
FR023679,0.08079908510810069,0
FR021617,0.010191261377556736,0
FR028246,0.01044723501717329,0
FR022123,0.05819978047343211,0
FR029297,0.0047218670683087625,0
FR024094,0.03270980455744878,0
FR026490,0.008092030571110012,0
FR029674,0.006650181370757206,0
FR023892,0.733485927508789,1
FR031709,0.01054333895533105,0
FR021591,0.004106374670004886,0
FR028602,0.010000567608900925,0
FR028737,0.006412665031218222,0
FR029577,0.010762125433345347,0
FR026750,0.010404987406161338,0
FR027062,0.0039204006971608404,0
FR031335,0.006016112903030644,0
FR029871,0.006618050077346635,0
FR020650,0.01625242860167475,0
FR031321,0.018469741693423317,0
FR031155,0.016008090891154084,0
FR023162,0.008286440277851224,0
FR027540,0.11942461833910098,1
FR025157,0.007978325700608975,0
FR022951,0.006820689332799643,0
FR031907,0.006128295877055871,0
FR022058,0.01119422406050978,0
FR030760,0.01911802988173272,0
FR026323,0.026927911518915014,0
FR023195,0.018495693626147447,0
FR031114,0.006779274477643652,0
FR020601,0.009092766558683598,0
FR026729,0.016040003098736634,0
FR030088,0.0166498733238716,0
FR027165,0.01945152253178503,0
FR021917,0.007348453874468059,0
FR022959,0.009839871723282947,0
FR029147,0.012709301198712844,0
FR025230,0.013140738164655198,0
FR027785,0.01701960738734357,0
FR030176,0.031894091766730956,0
FR029349,0.005541148483146565,0
FR029900,0.02180535898690459,0
FR022472,0.008117588453724843,0
FR025245,0.006794394406118062,0
FR021313,0.018724197330644343,0
FR023993,0.00815855740895852,0
FR026517,0.02387930556060737,0
FR025634,0.009285256948314946,0
FR029875,0.009621036976210001,0
FR027412,0.024229934704515732,0
FR025676,0.01849771502506043,0
FR029191,0.1555668841937305,1
FR027432,0.17685454969426267,1
FR023228,0.005718276832150737,0
FR028197,0.021157745029196675,0
FR021444,0.014219127333776132,0
FR021355,0.0063363618505270156,0
FR031680,0.012112491336675957,0
FR029287,0.007794262790048572,0
FR022366,0.009005549544085997,0
FR025095,0.00514101250902488,0
FR025790,0.016103883444168125,0
FR024879,0.005924200399289436,0
FR030794,0.02808175143449977,0
FR022446,0.009484256320681873,0
FR028192,0.017753740515632062,0
FR031693,0.006217861055571662,0
FR022239,0.005269363771624893,0
FR026769,0.03396065496009027,0
FR025597,0.005250515260252874,0
FR021826,0.003636405377130836,0
FR022066,0.003938051183604155,0
FR027930,0.011891440401140107,0
FR026439,0.02138737904441705,0
FR028880,0.017663189788698477,0
FR026576,0.02483719729532048,0
FR027051,0.0038501342852653507,0
FR024271,0.006332594674010084,0
FR025373,0.02375229654236382,0
FR031138,0.003957323614258693,0
FR025842,0.02358049506032396,0
FR024293,0.006571282745739796,0
FR031094,0.01500117481800688,0
FR027759,0.018124411324008376,0
FR026299,0.011061884454508484,0
FR029530,0.010198438771968094,0
FR024506,0.005218735685053566,0
FR020272,0.00917743531075359,0
FR025781,0.006707953884154235,0
FR028758,0.1917972892897305,1
FR020999,0.015048424857625777,0
FR020953,0.01342261437546879,0
FR021303,0.014408590337822859,0
FR030766,0.013879806829179038,0
FR031182,0.00961811354045623,0
FR029498,0.06653361915873934,0
FR031678,0.011210992896653484,0
FR025348,0.005389088307195873,0
FR029051,0.005026949595958688,0
FR026926,0.04894801777100703,0
FR021136,0.013221797872204214,0
FR030630,0.008255982798738832,0
FR026949,0.018551601418649543,0
FR028603,0.05764042029501029,0
FR022456,0.009057875982598797,0
FR028226,0.026678926327487973,0
FR020629,0.007659586745286487,0
FR026225,0.0058264913230589455,0
FR029447,0.007476101424136487,0
FR027869,0.011354496158520005,0
FR029037,0.015956213251460453,0
FR031453,0.040969380955208134,0
FR027534,0.01236748499256467,0
FR021479,0.03220059242080582,0
FR027267,0.03626630246921554,0
FR028447,0.010908804855790207,0
FR026285,0.009790297509622445,0
FR030495,0.019356815957348866,0
FR027636,0.01768467025655384,0
FR024739,0.014683417597509548,0
FR031451,0.011450560736214751,0
FR026989,0.010783018794621544,0
FR024584,0.007383621231665267,0
FR029313,0.0055329905951771435,0
FR030393,0.009528685227262156,0
FR024349,0.0078209493754193,0
FR024176,0.013832528420398789,0
FR024726,0.0051771667138977295,0
FR020362,0.0034239977494591213,0
FR027348,0.013180191374943797,0
FR022152,0.03442339803239339,0
FR031266,0.009055801818159837,0
FR027897,0.005132216723571999,0
FR023888,0.007151896303555394,0
FR030650,0.018761275990878193,0
FR027917,0.029200413809535572,0
FR027375,0.0054763488153520435,0
FR021042,0.013264941181297568,0
FR025666,0.012685437388464284,0
FR028792,0.08694903611214491,0
FR026493,0.0056624812869162395,0
FR026929,0.010218756544915445,0
FR024029,0.00779074107588201,0
FR028710,0.014818162329611702,0
FR027210,0.06810172565794287,0
FR021386,0.007435334361308221,0
FR023994,0.005961196513348553,0
FR030708,0.004008685786326379,0
FR030425,0.01177041557774823,0
FR026765,0.011181006446999379,0
FR022585,0.019598730491968953,0
FR030697,0.018835035173400502,0
FR031376,0.24703142211640633,1
FR021175,0.006918018229280634,0
FR030168,0.006338531688569497,0
FR027364,0.012904524560665726,0
FR020907,0.0037832387405393603,0
FR024828,0.0036392755405969656,0
FR027558,0.02739082849009712,0
FR028025,0.015112459266611278,0
FR031024,0.006704740218387213,0
FR029231,0.008712761788447598,0
FR025701,0.00987087466936025,0
FR026875,0.01301111886027957,0
FR028672,0.019392844877907565,0
FR028033,0.019299314576541028,0
FR027952,0.016683366624269613,0
FR030984,0.003916791736639254,0
FR030297,0.03591851490029323,0
FR027849,0.04773596691109849,0
FR026617,0.05917633724595931,0
FR027694,0.01866450992774868,0
FR028237,0.602873221103336,1
FR027585,0.02078515541405261,0
FR029148,0.014159990904127649,0
FR026719,0.012203176457838265,0
FR031452,0.00569675469104596,0
FR026270,0.010573307649150487,0
FR024838,0.010731398353281085,0
FR028834,0.003128862140477851,0
FR029647,0.011002328353448079,0
FR026945,0.03954956032235378,0
FR030255,0.027894108847156464,0
FR025970,0.01027280863753888,0
FR031200,0.006705531825864518,0
FR031912,0.022609364004161088,0
FR024644,0.010017981765327286,0
FR029925,0.00723436300508552,0
FR029844,0.01035882147098124,0
FR021959,0.013194372997589118,0
FR021208,0.004615195031847449,0
FR028659,0.008934170352257062,0
FR028184,0.004672742692486102,0
FR028711,0.008114276030498732,0
FR025022,0.007030501257673018,0
FR020611,0.015687966610933142,0
FR026871,0.008816639865600662,0
FR020984,0.004985989173563512,0
FR026086,0.011173815158662299,0
FR020166,0.01706321563828945,0
FR026971,0.014022286723212674,0
FR031941,0.005313125535638204,0
FR026196,0.014770202313515933,0
FR025469,0.017531009471362415,0
FR021371,0.006590786461784414,0
FR026681,0.009053335053533475,0
FR031575,0.013118701173110049,0
FR023293,0.03198845178049799,0
FR028722,0.012336809648658,0
FR026006,0.04257902391529862,0
FR029712,0.009187599244084133,0
FR025945,0.014425044094268816,0
FR020225,0.004564651263521917,0
FR022048,0.0045882738094203766,0
FR025123,0.010716247826721106,0
FR031715,0.016958500921169475,0
FR027565,0.008799502585016173,0
FR028615,0.011611677282040038,0
FR029821,0.012203305523326595,0
FR023309,0.020067665380251093,0
FR028428,0.009638055802116813,0
FR031737,0.041239017215503986,0
FR029145,0.00576426234804199,0
FR030563,0.006418538408923131,0
FR025754,0.007974062322401568,0
FR028175,0.00619632262386857,0
FR024275,0.009521691932762352,0
FR024654,0.005649579430846048,0
FR027672,0.011461714508677506,0
FR027093,0.0037693542442645846,0
FR027116,0.015949074498828406,0
FR025236,0.004009780277041141,0
FR021107,0.00872481859955302,0
FR024658,0.026464545170232737,0
FR022334,0.0058329649116951425,0
FR027960,0.005128609986671492,0
FR022613,0.005488727366521973,0
FR026302,0.008084386280971946,0
FR031587,0.00805759214116121,0
FR023269,0.015113047574466059,0
FR030455,0.008179216701393679,0
FR021387,0.008294221990106772,0
FR023390,0.004671704335239455,0
FR022732,0.013257369932528653,0
FR021749,0.0057700275022806325,0
FR020274,0.06569303762889644,0
FR024659,0.01294511806877728,0
FR030031,0.007327193007829825,0
FR022896,0.013932849323731093,0
FR023967,0.004851290913238038,0
FR030890,0.013058298915871652,0
FR028956,0.029883778755242743,0
FR024764,0.021231473861429984,0
FR029657,0.010565516728340718,0
FR024768,0.005762969857066844,0
FR023155,0.00474245323511897,0
FR021643,0.011137431406315262,0
FR028743,0.011668050673093188,0
FR023556,0.010196746654749702,0
FR026910,0.00896717349586228,0
FR031032,0.006732640630214393,0
FR024397,0.013535962608525885,0
FR020734,0.0040310940909736494,0
FR025787,0.005245018396694522,0
FR029195,0.0035584742046558737,0
FR028770,0.015539732475749505,0
FR022269,0.03154166550957849,0
FR029953,0.009126826924617337,0
FR031389,0.004500012994323458,0
FR029125,0.0055635929001180695,0
FR023551,0.02023773638883545,0
FR026717,0.012396582120027567,0
FR031224,0.005061774552217315,0
FR027016,0.004291558971715962,0
FR022198,0.011234019269309468,0
FR022880,0.016165009739334858,0
FR031719,0.0049150494040086,0
FR025317,0.032570255245335314,0
FR026391,0.0034883995084302698,0
FR022460,0.010818790118026046,0
FR021814,0.013875867346202424,0
FR030606,0.01468785794940671,0
FR031489,0.026482029877282515,0
FR025545,0.006137218336334965,0
FR028875,0.0414973606012473,0
FR023675,0.005599668528162145,0
FR028281,0.014663361450916883,0
FR024578,0.007373547187043453,0
FR020841,0.021895979974060925,0
FR031001,0.008403874233797466,0
FR031043,0.01459209809433002,0
FR029177,0.02518834462719826,0
FR025102,0.12159066683227912,1
FR021019,0.009506880792914747,0
FR028474,0.0070636173600953315,0
FR022821,0.01622773762733629,0
FR025508,0.006390894948069013,0
FR030749,0.01970847141102624,0
FR027416,0.005551019883669777,0
FR025389,0.02055646707294334,0
FR027919,0.007074355668855668,0
FR031937,0.012080385089030726,0
FR021977,0.00952093802322558,0
FR027643,0.006598395815876898,0
FR025657,0.011253843499745907,0
FR030753,0.009795031577811208,0
FR020334,0.005209261445979064,0
FR026948,0.01611552540486396,0
FR031674,0.005880392250694293,0
FR020080,0.010187650118611558,0
FR021667,0.05777858749164681,0
FR022091,0.013973884310715442,0
FR024981,0.00637939038322566,0
FR030120,0.0056024948413532834,0
FR028906,0.006139507919696443,0
FR031669,0.036360636982968896,0
FR023779,0.03028824863399749,0
FR029399,0.017224032490832195,0
FR026264,0.009442438455001322,0
FR031675,0.006036810256538374,0
FR024587,0.010689313131721074,0
FR022974,0.004773472209785233,0
FR023444,0.02756396404610112,0
FR026844,0.01156003857566425,0
FR020131,0.010008030238192845,0
FR029270,0.005192086625167533,0
FR024241,0.00829498847200652,0
FR024522,0.01523887803870573,0
FR029093,0.007869950327974292,0
FR022954,0.0062404001840866,0
FR023468,0.010013946265733785,0
FR020689,0.048474790488849964,0
FR023226,0.014333563059519827,0
FR031093,0.006629872517987393,0
FR030372,0.007572905407665138,0
FR024107,0.035328159598216044,0
FR021083,0.006157369376997299,0
FR020283,0.00879552792518707,0
FR027345,0.023271478817640835,0
FR022730,0.005766501073171263,0
FR020028,0.005175563862639064,0
FR028333,0.004933554620648858,0
FR023237,0.005274623736967923,0
FR022230,0.4098774683784986,1
FR030802,0.006815794100347255,0
FR024979,0.009832431822064298,0
FR021214,0.018511487839106174,0
FR026161,0.010743470534357587,0
FR025955,0.008510673839545495,0
FR025074,0.015849870098045303,0
FR029976,0.03341961005448266,0
FR021549,0.017968143030661618,0
FR030475,0.00406333514356479,0
FR027926,0.008393920330218636,0
FR023705,0.009971636408129151,0
FR023153,0.013331749112283827,0
FR028779,0.009862859573892834,0
FR021174,0.20002080049932286,1
FR027615,0.004749313601930084,0
FR028802,0.012070904025873769,0
FR020503,0.008963289449220802,0
FR031263,0.023181563013921054,0
FR027356,0.012162841162466576,0
FR031485,0.01590032746935465,0
FR025517,0.007248063520080094,0
FR029019,0.019650642664360844,0
FR026382,0.004647409128941755,0
FR030074,0.003949972581329505,0
FR030354,0.013055150140779685,0
FR028568,0.01606432308082307,0
FR023921,0.009565639451221745,0
FR021246,0.004767130602484796,0
FR027286,0.010473662725928388,0
FR020252,0.007197822133741649,0
FR020302,0.0072787022613718,0
FR020898,0.01858862366083402,0
FR029193,0.006628320880785592,0
FR028228,0.008677588129511315,0
FR031892,0.007103697376777063,0
FR026643,0.003595446096597996,0
FR030295,0.0038053931124315695,0
FR026815,0.006945271022043943,0
FR031752,0.004810885387530082,0
FR025761,0.012191239243479708,0
FR025596,0.006228619683392908,0
FR029869,0.006169323416470456,0
FR029783,0.024621928991867374,0
FR029748,0.00954825950925731,0
FR023133,0.015278907954894283,0
FR024983,0.012949035716810204,0
FR027564,0.007915274652476507,0
FR029634,0.015641727728924696,0
FR029632,0.005817163774978127,0
FR023479,0.021486897175239668,0
FR023075,0.04924471114378673,0
FR022236,0.012286502737179222,0
FR026111,0.012378809692923393,0
FR026025,0.01343328197881918,0
FR027543,0.007372858083149662,0
FR028593,0.01443831889579749,0
FR027524,0.03210238549897006,0
FR030209,0.04569981392124463,0
FR024205,0.03379965404782753,0
FR027131,0.26749833552734303,1
FR020546,0.016654212809868202,0
FR028896,0.010275564220948424,0
FR020045,0.00672999563903423,0
FR021642,0.0031639882992338625,0
FR029152,0.0316435165547515,0
FR023150,0.02157657505956606,0
FR024196,0.015442959531822512,0
FR029283,0.015052912321315889,0
FR030155,0.010929276865333432,0
FR031903,0.012790676803875469,0
FR029150,0.009786514068280804,0
FR028503,0.0164881508660737,0
FR021704,0.010343786765621966,0
FR022621,0.004552120576505347,0
FR022866,0.017122270123103592,0
FR027899,0.011139379154254333,0
FR026883,0.04079779348806925,0
FR030322,0.005581466741636737,0
FR025273,0.006788683876348828,0
FR025281,0.005930482267321669,0
FR027596,0.008500967084440002,0
FR021070,0.016631355155881572,0
FR024086,0.007587017953774119,0
FR028842,0.011097371635046805,0
FR028883,0.007725089117794886,0
FR023915,0.007515862879668576,0
FR030336,0.010477712802642595,0
FR025297,0.008193172346274914,0
FR020186,0.019140487820660725,0
FR023047,0.014579648681597931,0
FR023545,0.01872183333391956,0
FR023977,0.012336131469625318,0
FR021006,0.006846571280740165,0
FR031532,0.006436992178569336,0
FR024521,0.01437324411776874,0
FR029916,0.009775581817538192,0
FR023245,0.012508719370111401,0
FR029026,0.012594976461921788,0
FR029472,0.008097814468232684,0
FR024552,0.006715788968235596,0
FR029285,0.007525870442646787,0
FR023736,0.013568598985411292,0
FR023654,0.006388884376381973,0
FR024302,0.020612859514741788,0
FR025491,0.0048694214827832046,0
FR024770,0.008066464392245178,0
FR023664,0.008312945026654476,0
FR026019,0.004657484142731535,0
FR021020,0.00673248118972492,0
FR021650,0.0068768927723887995,0
FR029601,0.011547016807982605,0
FR020776,0.008634349065137555,0
FR024613,0.02315715847992108,0
FR031949,0.019037378462601173,0
FR027100,0.03484997588496118,0
FR025730,0.009182374677742614,0
FR024032,0.721097331189775,1
FR024532,0.02470724069889442,0
FR020395,0.010431416739799321,0
FR030346,0.0109748806780827,0
FR020986,0.3306117375574218,1
FR027141,0.021179141586735287,0
FR021440,0.009859751915717366,0
FR027853,0.011649920056024034,0
FR028086,0.012029259951458069,0
FR031922,0.009252673441819546,0
FR026165,0.008829362336938183,0
FR024872,0.006694732156859817,0
FR030452,0.01809068078275876,0
FR028241,0.007140952172797759,0
FR027968,0.003655177107899156,0
FR030669,0.011566467081807929,0
FR020396,0.005944315771329242,0
FR030899,0.01960521688551556,0
FR031765,0.008682049858258503,0
FR022554,0.006134901981236545,0
FR022085,0.005827671672747262,0
FR028977,0.005792705876360837,0
FR021349,0.035337875462427594,0
FR027991,0.006898400627534467,0
FR022799,0.011314451369189644,0
FR030575,0.007232633374766384,0
FR029600,0.005028654907505819,0
FR031699,0.017242132871235674,0
FR020827,0.008899896983282415,0
FR022069,0.00740179614929457,0
FR029298,0.007549443953533262,0
FR025540,0.016846839978199683,0
FR026581,0.06439496652557923,0
FR027444,0.02120291991601491,0
FR024315,0.0048204337865509865,0
FR030121,0.015390348987115447,0
FR020165,0.008478223049984104,0
FR030662,0.0053598534011220725,0
FR030506,0.006598829053558907,0
FR025803,0.005684509608779555,0
FR027294,0.005535229320821325,0
FR024162,0.0035118576518528427,0
FR030321,0.007675487644208307,0
FR026533,0.009050900798327186,0
FR023979,0.007628927637421387,0
FR030157,0.0047676158309716155,0
FR029919,0.004846772602270436,0
FR027804,0.010412141192098951,0
FR022314,0.007874844287221624,0
FR030239,0.006146889363495141,0
FR020344,0.0071100892502652235,0
FR024421,0.007963030169641633,0
FR029836,0.010001761104536669,0
FR026204,0.014975956294507492,0
FR029001,0.01657113832895185,0
FR024671,0.0062804411976308825,0
FR025521,0.006957187893192877,0
FR023727,0.021553808345555252,0
FR031995,0.014184455016525196,0
FR025070,0.0064132185623573795,0
FR020960,0.012865368038235712,0
FR023348,0.011185523749007133,0
FR029204,0.009193038871410746,0
FR028209,0.00925578681627712,0
FR024297,0.008137934960489698,0
FR030422,0.003639335550323877,0
FR030221,0.006324330702296006,0
FR030639,0.005733759440001204,0
FR027303,0.010139978102388494,0
FR024725,0.013387209835322766,0
FR021980,0.008245907895657052,0
FR028972,0.0051935879244798516,0
FR030197,0.0037661685844941483,0
FR031580,0.006439707256935387,0
FR029589,0.008474009448770733,0
FR023841,0.01419796809787796,0
FR021637,0.006662425497204548,0
FR031183,0.010361190555730988,0
FR021055,0.02482620590012989,0
FR024504,0.007607566638521939,0
FR029905,0.005088849035312376,0
FR027850,0.006618514678982512,0
FR029561,0.004326851237962406,0
FR024069,0.004588037230530117,0
FR021966,0.007288321538336596,0
FR020512,0.011373601482331068,0
FR026799,0.013765636500328181,0
FR026300,0.007796244862903051,0
FR029849,0.006787537449967596,0
FR026924,0.005498363026120995,0
FR029520,0.016460654232971633,0
FR027911,0.004407023242252095,0
FR022655,0.012023730395229401,0
FR027905,0.03725667803978603,0
FR031293,0.008883975574860276,0
FR024970,0.003397121006186386,0
FR020517,0.0071447396277424064,0
FR029635,0.007533858371328622,0
FR029757,0.012258464897669342,0
FR031228,0.013842576403735998,0
FR028985,0.0057662609451327364,0
FR029024,0.008082180522910494,0
FR021421,0.005058985851021812,0
FR029524,0.006010393563150973,0
FR029356,0.21588081234067819,1
FR027635,0.020696054523183835,0
FR029423,0.006937766204199939,0
FR030338,0.007099076705216657,0
FR020293,0.0033557622714656906,0
FR027001,0.010168732177333276,0
FR026041,0.005663556403140171,0
FR021941,0.009356822600681065,0
FR031406,0.01777032119738567,0
FR029877,0.007781588330621597,0
FR020595,0.008011304323190856,0
FR023614,0.014190548385081245,0
FR024716,0.006644406034793719,0
FR030863,0.08079879159378972,0
FR030747,0.006719648765983094,0
FR031759,0.009491751495139412,0
FR022824,0.010000329837681704,0
FR026494,0.013671759925866764,0
FR024567,0.0122375878480753,0
FR023897,0.014752740815138493,0
FR027622,0.005673741690157698,0
FR023837,0.01004071041654651,0
FR022248,0.011548125289698261,0
FR029834,0.00459636001215921,0
FR021418,0.008250302449950328,0
FR027751,0.00936738615102804,0
FR026800,0.010298198399577376,0
FR023066,0.01243324364218587,0
FR028553,0.02791632110348017,0
FR028521,0.01247211784965361,0
FR027300,0.005310756339435873,0
FR027067,0.016014236305009776,0
FR026661,0.005868176169819014,0
FR025131,0.004685849382049124,0
FR029854,0.006033081030509934,0
FR022675,0.007184182382267123,0
FR030040,0.005080710789763385,0
FR030180,0.017382512927974825,0
FR030170,0.005082974585934399,0
FR024822,0.01569622695915207,0
FR024280,0.014750546794773271,0
FR020590,0.004888416789073193,0
FR026292,0.003451077413270033,0
FR031815,0.011813855347871108,0
FR023693,0.006634315636432221,0
FR027454,0.0037352121202581163,0
FR023925,0.00987929507422031,0
FR031767,0.008956503712091913,0
FR026922,0.04455566492214375,0
FR022537,0.009996783761212687,0
FR021638,0.004989412280271237,0
FR024679,0.04824391727502221,0
FR028584,0.04574337015321223,0
FR027872,0.015310004803427764,0
FR021653,0.011467465872826255,0
FR025341,0.02089837481756049,0
FR031184,0.01272986232463548,0
FR022481,0.01549304902371675,0
FR022965,0.025698626655344312,0
FR023115,0.006410457784247125,0
FR026201,0.015208861612370944,0
FR030454,0.039092832932050126,0
FR031684,0.0050795660415759655,0
FR031430,0.013755343694326995,0
FR026823,0.004809541037362658,0
FR026427,0.02695362631642044,0
FR029549,0.0030735338256389975,0
FR020094,0.007584999469069126,0
FR025258,0.01610292674667989,0
FR026489,0.012239443460712585,0
FR020457,0.003819657069585909,0
FR026320,0.037065245079685755,0
FR023834,0.0063040842722183,0
FR022999,0.0029952313929617323,0
FR028140,0.0056565326824360995,0
FR021030,0.02565073028006943,0
FR030888,0.006187899577206552,0
FR020574,0.021571462302370975,0
FR031096,0.04257337320590961,0
FR025778,0.012303695884914416,0
FR027971,0.010898292990043613,0
FR021802,0.0516486987435191,0
FR030611,0.00395264964999004,0
FR027680,0.016547081026221162,0
FR025353,0.020812814775508136,0
FR030633,0.005871756761784062,0
FR021758,0.2510828815563493,1
FR026852,0.5159645170084838,1
FR020908,0.004233724261993314,0
FR025854,0.09703856199279917,1
FR031565,0.007881896848113919,0
FR028540,0.017851155284196795,0
FR024045,0.006184679820684186,0
FR031792,0.007908702725528408,0
FR024308,0.00534910362135067,0
FR031661,0.008758965719832434,0
FR030340,0.0056328935951926,0
FR020831,0.00827041976956351,0
FR023481,0.010322956882648917,0
FR029023,0.005964899815904612,0
FR030388,0.016557887406421494,0
FR025170,0.007766593814243577,0
FR025686,0.0046514835074157705,0
FR030334,0.006259958685181368,0
FR031019,0.04227114979069346,0
FR028198,0.005238029430004322,0
FR027582,0.043129195996252936,0
FR025720,0.03575334652844123,0
FR028295,0.009798456631518872,0
FR022947,0.024531637678157813,0
FR026961,0.006227201304344331,0
FR026813,0.046251509168967975,0
FR031018,0.006870704089255395,0
FR030564,0.012168889547078864,0
FR026860,0.006556692962467042,0
FR028376,0.006946252575271177,0
FR024267,0.013785980453938595,0
FR021644,0.009769012926206997,0
FR028326,0.021435984187652773,0
FR022908,0.0050611513135553204,0
FR028035,0.02644208348751482,0
FR022302,0.023664770404923124,0
FR021000,0.005059303210245015,0
FR025107,0.010367077501677865,0
FR024090,0.004602185457662543,0
FR030845,0.007116700520793593,0
FR026162,0.00455055709999669,0
FR023057,0.009135753989092,0
FR029189,0.018043266134894688,0
FR022200,0.008540018129329262,0
FR028508,0.008236978226305338,0
FR022149,0.009802301949891835,0
FR030727,0.004572727202496973,0
FR023210,0.005803117547756012,0
FR024485,0.01371288645993577,0
FR027878,0.016109531547110797,0
FR031507,0.008259483283547246,0
FR023692,0.011657233192129884,0
FR022742,0.02001695677771609,0
FR031152,0.009447461889344599,0
FR031153,0.010998119468107064,0
FR024456,0.011320594223887724,0
FR029232,0.006748783428989417,0
FR030743,0.03432707979139754,0
FR021420,0.016597729222306335,0
FR022111,0.00426764524623173,0
FR020849,0.008726334622150334,0
FR023618,0.04146527768285822,0
FR022541,0.011582911465963887,0
FR030566,0.004695456646658226,0
FR026916,0.012696492368999765,0
FR028158,0.017213773378475364,0
FR030361,0.016170932842481882,0
FR030439,0.005784254302644517,0
FR026193,0.006530884175503095,0
FR021272,0.009082761113935509,0
FR021881,0.006804527769940238,0
FR031080,0.004360289374645545,0
FR028643,0.006564244934690147,0
FR028995,0.03935871749789936,0
FR028633,0.037254381699905886,0
FR028367,0.13551145430248349,1
FR023631,0.009180018943732148,0
FR028101,0.01463303400770141,0
FR021009,0.14121382012721556,1
FR024486,0.007279881328764906,0
FR022208,0.015057170255341682,0
FR021615,0.00590389955000541,0
FR026362,0.029095781605688216,0
FR027959,0.010045567957000765,0
FR026232,0.029056010964839125,0
FR022144,0.008926693124458849,0
FR022255,0.008178479949446902,0
FR025670,0.18952208922606772,1
FR030306,0.07455077733770389,0
FR022975,0.012327914667289545,0
FR030185,0.015575232241720145,0
FR030517,0.011694699539934055,0
FR024157,0.024384466439995353,0
FR024511,0.0031829680879309386,0
FR027166,0.013518575600592924,0
FR031316,0.01417293227313295,0
FR030879,0.0049723626749313184,0
FR022394,0.010135889865713954,0
FR031084,0.005562954114654182,0
FR026328,0.007535245190795514,0
FR026462,0.010553192703723117,0
FR030374,0.044999377231423804,0
FR030527,0.006427224231433179,0
FR021008,0.011970358875473732,0
FR028979,0.020603313383046093,0
FR029540,0.0036422253457220194,0
FR026894,0.007524469837421967,0
FR027642,0.014841450798356491,0
FR024043,0.061470502254546866,0
FR027593,0.004732354485526471,0
FR023166,0.017412872558147753,0
FR023534,0.0073133412081094265,0
FR022790,0.013645768068162657,0
FR021874,0.010859029231200298,0
FR028089,0.028411656782197894,0
FR028976,0.004449167490188784,0
FR023331,0.2878490816563517,1
FR029015,0.012752993283045837,0
FR022505,0.0034972124685875316,0
FR030358,0.019645872822027587,0
FR025748,0.00523526488339965,0
FR030093,0.006935485954384502,0
FR022020,0.008167511789095087,0
FR030939,0.004224980426588214,0
FR028068,0.010009228813932524,0
FR022837,0.00738626831208636,0
FR027428,0.006955732648694462,0
FR031732,0.01929480943716297,0
FR030465,0.010040240612708556,0
FR023394,0.008033865682116711,0
FR031630,0.0069114184780907405,0
FR027072,0.008277996153347324,0
FR027233,0.006776721683975109,0
FR022215,0.004483829339847057,0
FR024430,0.020954041220807365,0
FR023886,0.003472258634796802,0
FR020927,0.015935618867081867,0
FR024860,0.006634739830162991,0
FR023191,0.00968557539240971,0
FR031242,0.020649160133989146,0
FR021968,0.011482415134936596,0
FR024026,0.006191149734307483,0
FR029599,0.008573035406269733,0
FR024972,0.04546872978102805,0
FR025072,0.056505446241573686,0
FR024949,0.006294229289488416,0
FR028606,0.025874267558428907,0
FR027949,0.05744113965590414,0
FR023399,0.003426008358703756,0
FR029040,0.008640129688222992,0
FR030699,0.13219080356922305,1
FR020181,0.00763990809660255,0
FR028037,0.014292629006541454,0
FR022681,0.005549646994296923,0
FR026973,0.005698137175367283,0
FR027429,0.00371038499389106,0
FR028223,0.01147142171390948,0
FR030194,0.013506918913189035,0
FR026451,0.004928320782635557,0
FR027406,0.009223934468201727,0
FR026130,0.014114956176822215,0
FR029499,0.006680458516250705,0
FR028678,0.00671083484354084,0
FR021950,0.0069100863877463795,0
FR025038,0.0068431331831484195,0
FR023747,0.015643692497204195,0
FR028624,0.005392522255546589,0
FR021110,0.0034328221217859458,0
FR024631,0.009916312182531337,0
FR022246,0.005083116580362887,0
FR030968,0.015893362801670023,0
FR024350,0.029782149313191432,0
FR029435,0.02001898912462291,0
FR025367,0.02456524232098105,0
FR025308,0.007623648311218185,0
FR030906,0.007389127364738101,0
FR031208,0.01564912894306708,0
FR030785,0.005814907968944693,0
FR027479,0.027805784719508356,0
FR030044,0.004455624006075189,0
FR027460,0.005032230166346116,0
FR031392,0.016046872512926257,0
FR031744,0.006659709871334898,0
FR027259,0.00559308785912634,0
FR024047,0.19987975432576705,1
FR030160,0.010961607093128847,0
FR021812,0.00560170875061596,0
FR027963,0.011080702080938025,0
FR028929,0.01214136053602,0
FR023408,0.00420996707613807,0
FR029517,0.01630024279018026,0
FR022519,0.0049219566859125,0
FR025497,0.021175161777013188,0
FR021508,0.010208775799830344,0
FR025595,0.025707828150111862,0
FR022358,0.020491352359454013,0
FR020227,0.024223840503579844,0
FR028561,0.0077951710308229605,0
FR027701,0.004794621154185122,0
FR027774,0.004643167961798762,0
FR028341,0.005778316079147304,0
FR028662,0.011246637055023,0
FR023870,0.1051581368269098,1
FR022403,0.005441028399812191,0
FR021811,0.029909863023131124,0
FR023572,0.006551769591984922,0
FR022033,0.005485940161959694,0
FR029263,0.006850057124845639,0
FR025225,0.012973457706775823,0
FR022251,0.009063706672429228,0
FR024795,0.013926506438825226,0
FR026851,0.008956251573627033,0
FR023376,0.013577424213499585,0
FR020597,0.034734461310338124,0
FR030770,0.008747813087293024,0
FR023969,0.015535807595505817,0
FR022019,0.005298238526960411,0
FR022337,0.005801179592568253,0
FR030366,0.005996417261255408,0
FR024678,0.005954982341786721,0
FR024730,0.041136526786354544,0
FR028878,0.006302209606815072,0
FR022791,0.008142143842050108,0
FR024758,0.04020905002707746,0
FR027056,0.0053198278090846735,0
FR022538,0.026469949792065656,0
FR022386,0.019025800870537006,0
FR024051,0.04358749523446517,0
FR030067,0.009536070484303844,0
FR022884,0.013405015704595305,0
FR027495,0.011994775444011153,0
FR021846,0.00865270864548949,0
FR024782,0.0056094656257611435,0
FR022279,0.007326653150508144,0
FR030822,0.006950840377610783,0
FR031700,0.009047045522441888,0
FR030487,0.01654241335512602,0
FR029676,0.007473626694469984,0
FR022861,0.004780034626901774,0
FR023353,0.006438295020954162,0
FR024120,0.00827064005709385,0
FR028753,0.006963883002701442,0
FR023062,0.018777388941396002,0
FR031304,0.015519914520468962,0
FR026826,0.006649426174055809,0
FR031577,0.004955514909093467,0
FR031552,0.02026362443871855,0
FR020054,0.005295800730726436,0
FR029481,0.005555689772235058,0
FR021695,0.0035742844657109256,0
FR030098,0.011822887718372331,0
FR028679,0.005354479431664078,0
FR029670,0.009294199969270132,0
FR027471,0.012794163836831358,0
FR020351,0.0056950790263294235,0
FR029617,0.046861390612789905,0
FR025988,0.015903270460910432,0
FR021463,0.01438012928252636,0
FR030132,0.04418094870415763,0
FR025325,0.014882557721900658,0
FR028097,0.009082912336840547,0
FR025897,0.0065397440474834635,0
FR023023,0.004477345939713225,0
FR020657,0.005039640609888768,0
FR024204,0.010145233843218249,0
FR029829,0.009321364218234741,0
FR020305,0.012398688898696171,0
FR023983,0.015361811590690416,0
FR030257,0.011200064606904477,0
FR021554,0.004965067470192078,0
FR028465,0.005172901620354192,0
FR020284,0.006421637445742368,0
FR030035,0.005870160483108208,0
FR027140,0.0060115352052485145,0
FR025916,0.006392274231499066,0
FR023518,0.545234718557178,1
FR020566,0.013176337854631388,0
FR030398,0.017586332438775963,0
FR024904,0.010419738870150196,0
FR026418,0.03510499641944497,0
FR023934,0.014326248954549137,0
FR021804,0.006662130589017056,0
FR025323,0.01922465591130433,0
FR030092,0.01009101872364146,0
FR026879,0.014025741956207054,0
FR028065,0.005215944435267695,0
FR023431,0.0033667211087808923,0
FR024755,0.05757497505652108,0
FR020699,0.007399527391488061,0
FR030099,0.005386736341560911,0
FR021627,0.004669448487345955,0
FR024376,0.007591425405859802,0
FR026404,0.11369257935753344,1
FR030145,0.032364479460946546,0
FR025522,0.01686772978907769,0
FR027485,0.0056378307226098625,0
FR027221,0.015293540992017997,0
FR031858,0.0036394793392980976,0
FR031168,0.0048412032089373835,0
FR024261,0.018172209401618115,0
FR030846,0.00766199646165425,0
FR029992,0.00466031833163731,0
FR030293,0.0047139158518105795,0
FR021974,0.005726196358472409,0
FR030859,0.014579542018855588,0
FR020219,0.006704047452753872,0
FR020524,0.7755110942436254,1
FR021770,0.007189356013559269,0
FR028860,0.008087895798081108,0
FR027637,0.003995289027144492,0
FR028811,0.013406136222428953,0
FR024347,0.018154640664299684,0
FR020778,0.019717494124766297,0
FR027125,0.010679642879204271,0
FR029428,0.0034159033008684106,0
FR024901,0.010347192889343743,0
FR024531,0.004762987167310103,0
FR026136,0.004310827735178468,0
FR024728,0.004668607967959735,0
FR023085,0.006086227523617831,0
FR029049,0.01879275953584838,0
FR031491,0.004898317594295697,0
FR029680,0.011328790723446423,0
FR021784,0.007518012355833213,0
FR022313,0.009632680535974417,0
FR031229,0.0062755236838685745,0
FR022558,0.004469546303508785,0
FR025805,0.014531958226802267,0
FR025835,0.015359270502934605,0
FR025811,0.013558194483490552,0
FR025295,0.006421867541929522,0
FR022673,0.04504016692971699,0
FR026160,0.003671543947687601,0
FR025260,0.00425212147964741,0
FR021344,0.0780098653291749,0
FR030050,0.013911462174950887,0
FR023939,0.012409911941206355,0
FR025442,0.007272853451297578,0
FR023139,0.008110779481684274,0
FR030236,0.018496260200344602,0
FR023978,0.006544529147951191,0
FR020551,0.007867813975679703,0
FR028658,0.014120863623380074,0
FR021581,0.00582241894108078,0
FR022553,0.025163601123615473,0
FR023644,0.025409182333608102,0
FR022929,0.004740258635221961,0
FR021292,0.03706749673425405,0
FR028596,0.010728635974717834,0
FR021808,0.009323359818164713,0
FR024168,0.01768667489751967,0
FR029316,0.06448768743604583,0
FR030966,0.007744931292999437,0
FR027143,0.0176771444032671,0
FR023310,0.00516766161562068,0
FR030174,0.011781588031248638,0
FR029644,0.013062976606987773,0
FR030543,0.011892177211132591,0
FR031088,0.013254328721533093,0
FR023360,0.0060105170546177755,0
FR021943,0.005719010781335581,0
FR031608,0.014136769107863986,0
FR027827,0.027511171960474014,0
FR021171,0.015147953803357216,0
FR026602,0.021680778715585054,0
FR029087,0.004952576096755494,0
FR027859,0.009601435240064994,0
FR030588,0.006118799082236092,0
FR026939,0.0048451581615412045,0
FR025926,0.06125657261997937,0
FR022690,0.013158105533758492,0
FR027156,0.006801773882650504,0
FR020919,0.008740402997132312,0
FR028937,0.005329071015510639,0
FR028684,0.012269140454542984,0
FR031461,0.03961678426602716,0
FR022663,0.009988775192970149,0
FR027780,0.009552010463554618,0
FR021578,0.009004073849846986,0
FR024710,0.022138713140062497,0
FR028720,0.00740236856247901,0
FR029155,0.012141689913277846,0
FR027452,0.014888410694949542,0
FR030315,0.005498959757722745,0
FR026074,0.011051847618448664,0
FR020222,0.010329235921422378,0
FR031353,0.004462364648152485,0
FR022514,0.009580252146928224,0
FR029067,0.026540001646220647,0
FR026050,0.012778828682745626,0
FR031874,0.005934681224124973,0
FR022743,0.0111373224613939,0
FR029308,0.013823713314552129,0
FR025753,0.4573559322668821,1
FR022904,0.00549862535349366,0
FR030222,0.014441549983883702,0
FR021733,0.009252799106545584,0
FR025845,0.011962319315569965,0
FR023270,0.028588378615471574,0
FR029259,0.012017065317001557,0
FR022465,0.008905122599085973,0
FR025872,0.005315664254286777,0
FR031252,0.011551187857614484,0
FR028538,0.1150576898972433,1
FR027457,0.005461330096583509,0
FR021926,0.014645099761523919,0
FR022325,0.016070810306635333,0
FR026906,0.018885186056540826,0
FR028438,0.005469321944285342,0
FR029876,0.013194129768949141,0
FR030938,0.006200801448545875,0
FR026708,0.01304550752725809,0
FR026159,0.009059427158751465,0
FR026501,0.01879138866462743,0
FR024929,0.02494002853614697,0
FR030983,0.008501711706924066,0
FR028271,0.003981530431335485,0
FR027287,0.005073049248484304,0
FR027193,0.006482011144829897,0
FR029500,0.007321095728369231,0
FR025772,0.011253753582670747,0
FR026478,0.004624289968987371,0
FR025617,0.017625276577333187,0
FR025209,0.04016182200681734,0
FR031909,0.018886650173208726,0
FR020149,0.01506475385062342,0
FR020598,0.0064088351282544035,0
FR031925,0.005832279223826047,0
FR025047,0.004881996358433246,0
FR030970,0.012505435719202058,0
FR020942,0.00487546999691809,0
FR027305,0.0088508965055956,0
FR028749,0.017999887782514996,0
FR030478,0.02312097553230804,0
FR024757,0.004289978382417944,0
FR023343,0.016089709035590392,0
FR022582,0.005871050518299113,0
FR027962,0.02599954392943013,0
FR020603,0.017856533307711232,0
FR028354,0.00616766812260499,0
FR023296,0.0058411428373655785,0
FR031597,0.006614485089531828,0
FR020170,0.008252855189169949,0
FR026133,0.005006452683369796,0
FR023215,0.004185626236695956,0
FR020721,0.007874911970546407,0
FR031410,0.016610622187289096,0
FR023843,0.007920627707078512,0
FR023880,0.1673237557914897,1
FR026768,0.005032803146183179,0
FR024695,0.005308937469391928,0
FR026518,0.03840175923241267,0
FR025653,0.005822368557102943,0
FR025589,0.01679143590512839,0
FR028984,0.003767434032476435,0
FR024771,0.0044641510905530524,0
FR027053,0.01327556650779252,0
FR026897,0.6169231332105432,1
FR030615,0.02153758398479643,0
FR029338,0.0056214636714903895,0
FR020513,0.011091640895551879,0
FR030940,0.00550103644437464,0
FR027556,0.01303312260288007,0
FR024787,0.00784964163273459,0
FR029291,0.0058375970109909026,0
FR022881,0.0034974564654376345,0
FR024825,0.005295541143585386,0
FR031622,0.009184258610116635,0
FR024996,0.01942778529107348,0
FR023255,0.005355668706145844,0
FR021568,0.010148920370825175,0
FR026443,0.0048672881011575745,0
FR027312,0.005509101792257014,0
FR022194,0.012909728105875044,0
FR030764,0.012072275711858801,0
FR030868,0.014086561018075221,0
FR026048,0.005610416823051939,0
FR022428,0.004774656278880487,0
FR029073,0.00724846597686111,0
FR023214,0.004520953515314941,0
FR023007,0.006134544427977149,0
FR023017,0.00445735075095487,0
FR028832,0.0069640477466957375,0
FR031649,0.013126003951314798,0
FR024651,0.008853829453757199,0
FR023411,0.008171999807272585,0
FR024858,0.01049948070678784,0
FR024591,0.004209237903362816,0
FR022204,0.014675703024736775,0
FR030095,0.01803167426205935,0
FR026601,0.049316751626329716,0
FR030327,0.011049528811341705,0
FR025101,0.021436665313658114,0
FR022463,0.012026516402060901,0
FR030331,0.009270824644261797,0
FR026746,0.007055577030729211,0
FR031542,0.014213589148018325,0
FR020207,0.013908817653209872,0
FR031618,0.009042150733287742,0
FR025826,0.007126568603375456,0
FR029780,0.004412477865380689,0
FR023721,0.01704301866665154,0
FR029550,0.01937346380470261,0
FR022910,0.005918263910130096,0
FR031337,0.01722824243606008,0
FR029256,0.00995086939415564,0
FR022747,0.00626340796859768,0
FR024836,0.010710358743883368,0
FR028336,0.016910461984828096,0
FR028394,0.007498723754444128,0
FR027698,0.009401345393838988,0
FR031105,0.004614286765169411,0
FR021043,0.013130496386895289,0
FR029778,0.0037636813108525083,0
FR030318,0.007958165683418283,0
FR030038,0.005504409221830486,0
FR030229,0.006584458585866739,0
FR021305,0.01403473195581162,0
FR028457,0.006057815804820222,0
FR026030,0.023310456700391252,0
FR026543,0.005411882981473361,0
FR029497,0.0060753830314748975,0
FR023345,0.009888226773053904,0
FR022524,0.00895664205839905,0
FR025034,0.005971618699223974,0
FR030981,0.005184912716985094,0
FR022817,0.0060449643275821,0
FR030409,0.011333858782824474,0
FR021074,0.024483566213051915,0
FR027315,0.005600938103628012,0
FR028123,0.013163895291770155,0
FR020382,0.009601924417057015,0
FR026468,0.005681766357460951,0
FR022867,0.010380578330928484,0
FR022191,0.010443102474472603,0
FR020988,0.01576066820518412,0
FR022096,0.014508111985960777,0
FR021829,0.025545449485536185,0
FR025603,0.007512501763465118,0
FR020711,0.011706819187375716,0
FR026283,0.008377110849608821,0
FR029720,0.004223919599702504,0
FR021539,0.012169373591696234,0
FR028317,0.016710760371546746,0
FR027252,0.0040536590144779104,0
FR031431,0.006161660196165448,0
FR028353,0.004890172738077032,0
FR023947,0.011889232749023274,0
FR023859,0.007970846353443861,0
FR020686,0.004849055613905666,0
FR030288,0.011235734316054988,0
FR020824,0.011652417620406511,0
FR029978,0.00526603395279434,0
FR029979,0.006016514289026756,0
FR026748,0.011528170268591001,0
FR030086,0.024478991463398547,0
FR021997,0.003721609665513956,0
FR025195,0.008165449967410672,0
FR029766,0.004308104988905485,0
FR025311,0.008103692746592651,0
FR029128,0.018395533665494096,0
FR025847,0.005568484791105877,0
FR024129,0.01758991019802898,0
FR028641,0.009014257641347601,0
FR031794,0.013799970714380293,0
FR020617,0.004017428411877903,0
FR020848,0.005721434762312794,0
FR025414,0.017880983544514943,0
FR030335,0.009408976582278586,0
FR028788,0.0032387781379048896,0
FR031605,0.014551736519346027,0
FR028059,0.005638679248033242,0
FR029788,0.01680650587017555,0
FR020675,0.019280924584481034,0
FR021934,0.004657436703099987,0
FR026331,0.005360365615125628,0
FR030629,0.004115996225188245,0
FR031755,0.02217123581896742,0
FR022094,0.02395073613956268,0
FR028763,0.00983725537347013,0
FR027867,0.01049438912086715,0
FR028208,0.00799337850661416,0
FR024021,0.006142701753861583,0
FR024586,0.00780856871133427,0
FR021050,0.010748530342710349,0
FR031336,0.018005062530326535,0
FR027858,0.027122342889241112,0
FR030436,0.22177494059423986,1
FR024954,0.017166541638790653,0
FR023267,0.00557036770805122,0
FR027591,0.07548831491948221,0
FR031891,0.01523945927836587,0
FR020340,0.016981589981511662,0
FR030521,0.01439504331041999,0
FR024118,0.02131268608361018,0
FR020432,0.00965902343783297,0
FR021724,0.0050651471458722785,0
FR028190,0.005516940637777216,0
FR028386,0.006617642458349116,0
FR020002,0.010499016031905013,0
FR020310,0.007426614718406133,0
FR023671,0.006952882217976345,0
FR022709,0.10132619733257692,1
FR028863,0.01562729560448225,0
FR025241,0.004562638267603312,0
FR020789,0.018236143026413305,0
FR028074,0.009987799625271854,0
FR030889,0.01974320495553117,0
FR031463,0.09132101717021457,0
FR021529,0.005144094578843204,0
FR027006,0.009683547939999124,0
FR031627,0.01595637101710381,0
FR022741,0.012459375136632752,0
FR029763,0.0035421777163146973,0
FR025071,0.005763267877041251,0
FR022083,0.0044036066037607974,0
FR026567,0.015964978989426754,0
FR027616,0.15161700262749284,1
FR029488,0.005905226573711375,0
FR024835,0.012798833056983504,0
FR028258,0.01219075963397082,0
FR020903,0.015845713758887194,0
FR028219,0.007941868155752038,0
FR031367,0.020364034005344096,0
FR021504,0.005129057625371561,0
FR022771,0.00657960784373041,0
FR027134,0.04360407920814295,0
FR027484,0.04728580335090704,0
FR031169,0.009986178260789,0
FR028701,0.01387431576866896,0
FR025462,0.004087838514702165,0
FR022370,0.009149009499873708,0
FR023400,0.008263066115221936,0
FR031347,0.008998978225982862,0
FR026532,0.0049004010704120395,0
FR020585,0.021599566475303568,0
FR025229,0.006408252867171768,0
FR024487,0.007109287126988984,0
FR027689,0.0315802675624644,0
FR022072,0.01736513610212452,0
FR020150,0.022185809483930313,0
FR031377,0.003790924096965485,0
FR024497,0.009734508998219756,0
FR030260,0.006969288677640146,0
FR026914,0.009439907540426513,0
FR024926,0.005397837639792406,0
FR031319,0.013093183580880666,0
FR020260,0.0067030221539530165,0
FR027360,0.012668885043116496,0
FR027756,0.013629385486578544,0
FR030892,0.009535375357066923,0
FR022502,0.007440525427396352,0
FR021693,0.007872846355353682,0
FR025296,0.005401866076306083,0
FR026899,0.014242473845333663,0
FR027046,0.00637918276453775,0
FR027551,0.004355929963603648,0
FR020413,0.005617248839619978,0
FR024821,0.016742405472410755,0
FR027386,0.015843781737264737,0
FR030146,0.01397344709828462,0
FR025891,0.015536777380908254,0
FR026185,0.0054822433543489524,0
FR020477,0.005843917615341332,0
FR023475,0.006690088111290564,0
FR028663,0.007973844626105595,0
FR028484,0.005278224805578033,0
FR029359,0.008124687267724817,0
FR023943,0.009958153676332675,0
FR023568,0.012096082927540556,0
FR030111,0.005887147785702837,0
FR024884,0.02801880042648592,0
FR024181,0.004204645459083155,0
FR025743,0.005268654920856555,0
FR022486,0.015360628427217587,0
FR021392,0.009659315791580733,0
FR031301,0.00834600266752732,0
FR026675,0.01175275323821091,0
FR025263,0.009823393743572887,0
FR029842,0.005650308641971696,0
FR020727,0.026363364945061463,0
FR022640,0.01982612853542122,0
FR027806,0.006481059840705164,0
FR026674,0.004727303630811778,0
FR022188,0.003325188032642408,0
FR027702,0.008245228460120196,0
FR023173,0.02096576419690427,0
FR030895,0.004676569064357171,0
FR029591,0.024301196522292935,0
FR030135,0.00467276197319548,0
FR027447,0.016628217814775352,0
FR020229,0.013660844719861568,0
FR024627,0.009178904824524572,0
FR031690,0.010230568154951516,0
FR031100,0.005695633129588727,0
FR021850,0.005383398379515949,0
FR029955,0.004202466977096865,0
FR021210,0.007592146445533082,0
FR023991,0.006578729654871867,0
FR020660,0.01607557532560476,0
FR029743,0.00598692201756919,0
FR023767,0.3486377500613955,1
FR030165,0.10751871024623802,1
FR024958,0.008749707748498287,0
FR028397,0.020203586797808676,0
FR023881,0.10232996697989663,1
FR026394,0.009587931977805109,0
FR023152,0.011386711212287407,0
FR029267,0.02724757382632713,0
FR021663,0.012310782840817953,0
FR030617,0.019231067268971877,0
FR028699,0.004655268203979511,0
FR027828,0.40445127273420334,1
FR023013,0.02140672374468247,0
FR022097,0.0459807393879319,0
FR020023,0.015386981056942186,0
FR024331,0.01244781962349924,0
FR030143,0.010627753589521532,0
FR026677,0.02521064040366138,0
FR030791,0.012757059941369758,0
FR023213,0.029496941816849517,0
FR028550,0.005335524050159933,0
FR022988,0.008171509214780066,0
FR024186,0.010842467211384082,0
FR026477,0.007629323229411075,0
FR020473,0.020528743801018566,0
FR027097,0.006461253705582865,0
FR020204,0.00475481967810025,0
FR023367,0.026432454366963273,0
FR027350,0.005118373717202397,0
FR031980,0.02622071189654461,0
FR021610,0.024460640321287044,0
FR028165,0.02068949280922592,0
FR028373,0.004434726869639891,0
FR026572,0.017207797732876062,0
FR029993,0.019566619432069485,0
FR026396,0.017215796251659178,0
FR024381,0.04766590989590695,0
FR022412,0.013636602340005983,0
FR025344,0.008973616702690427,0
FR025333,0.01330791355838586,0
FR029890,0.013128701146022687,0
FR026145,0.028158465375635523,0
FR029402,0.017411442712940584,0
FR020726,0.0069738763971855305,0
FR024300,0.004741488263661275,0
FR020956,0.014102360129350636,0
FR024285,0.0209370418524233,0
FR030692,0.012437447803641286,0
FR028275,0.005057961855812601,0
FR031070,0.006571388140371349,0
FR025294,0.014465892719991302,0
FR021462,0.016291767929336003,0
FR030982,0.015168813393914609,0
FR030187,0.6232885806502133,1
FR027678,0.004488620192128633,0
FR021942,0.004528824471729085,0
FR028082,0.008394829716027312,0
FR021998,0.012019026657488767,0
FR031840,0.005276551857115841,0
FR025009,0.008955808805022183,0
FR026046,0.024167106667052657,0
FR031460,0.015924548186239097,0
FR021716,0.005985894066147304,0
FR027344,0.008469226758458643,0
FR027435,0.0048362731699131255,0
FR025936,0.022647752230547193,0
FR030610,0.012991179805218998,0
FR022692,0.005552704355962295,0
FR020142,0.0060476022647481704,0
FR029107,0.013521253388349691,0
FR029468,0.005872757046027107,0
FR028015,0.012517432485861294,0
FR021820,0.044192840335776126,0
FR023335,0.00829185132935439,0
FR023253,0.007531010460463756,0
FR021511,0.010286434376558524,0
FR027831,0.007716206968120549,0
FR029574,0.01285694781120769,0
FR021786,0.0044014167243504754,0
FR030406,0.011350763452577628,0
FR021541,0.009029339110509887,0
FR029727,0.024356781198675632,0
FR023709,0.013212553830614893,0
FR021140,0.1309532318666363,1
FR031832,0.026923817561510563,0
FR026365,0.006014648850998684,0
FR021396,0.012155858718103756,0
FR022142,0.007297511886899632,0
FR021282,0.011382499789163853,0
FR031053,0.0046939972040932025,0
FR031540,0.015172188252558077,0
FR023945,0.00951613234672189,0
FR028257,0.007124327530816915,0
FR029307,0.12796150213751248,1
FR025166,0.0053509962120909145,0
FR024568,0.009830442230784194,0
FR023089,0.0055011772974230475,0
FR027295,0.027523225346515915,0
FR021662,0.005412961796392831,0
FR020775,0.013940240106038879,0
FR020866,0.006791853356052728,0
FR024939,0.03594836434284095,0
FR028600,0.00541048849817136,0
FR027095,0.0046319947534850265,0
FR031147,0.0076766801469685,0
FR029942,0.018002427774424408,0
FR024618,0.004646520185781431,0
FR027304,0.007644619605582665,0
FR027670,0.014336920405334918,0
FR023975,0.021171417393638807,0
FR028657,0.024145017792946526,0
FR028859,0.00605751074884486,0
FR025947,0.004153131014171406,0
FR022794,0.008980151566446166,0
FR020096,0.009950863092821591,0
FR022376,0.006315530499272562,0
FR021122,0.021906412124893408,0
FR021607,0.015060932315647252,0
FR022267,0.023088939337199743,0
FR022938,0.0053627620146877875,0
FR031396,0.005822123610579372,0
FR025613,0.04438492579316376,0
FR029182,0.015563112022448405,0
FR021970,0.00475218515104104,0
FR026503,0.011299283672229196,0
FR023601,0.008072030203155361,0
FR028269,0.019783598123905198,0
FR026965,0.005848815984420882,0
FR031020,0.005425591150315368,0
FR026868,0.012665292085171111,0
FR031509,0.10578612203747037,1
FR020185,0.006279594962184713,0
FR030110,0.03185596954840719,0
FR023738,0.011267277019304026,0
FR023668,0.004287113251990915,0
FR023079,0.01539799639386857,0
FR022347,0.007828796468621942,0
FR023883,0.01530355714072382,0
FR021089,0.005417271828989887,0
FR022892,0.016413163311762145,0
FR029116,0.01644906306926052,0
FR025542,0.010450452785015014,0
FR029785,0.017948912070826932,0
FR025529,0.010420619435194654,0
FR031569,0.00602255706246939,0
FR031950,0.010426250296953831,0
FR030474,0.006518040272287425,0
FR026732,0.014426263915038205,0
FR031294,0.013942596479230383,0
FR023241,0.012239774902390008,0
FR023785,0.012835065548138739,0
FR031007,0.004894860730730784,0
FR030644,0.006140494327142504,0
FR027895,0.014891672844968989,0
FR027338,0.004698548042421912,0
FR030709,0.005709823397176633,0
FR021012,0.01932749504856552,0
FR020876,0.01618689608586944,0
FR030524,0.006035151000713449,0
FR027306,0.004175440437996345,0
FR030065,0.00562322866226448,0
FR025869,0.040776550156827414,0
FR029016,0.014499219669939702,0
FR024707,0.010414823874130813,0
FR027576,0.005400396418764409,0
FR027152,0.009701822101466927,0
FR023836,0.00920969052367102,0
FR027080,0.007136852578774595,0
FR022679,0.006469217590729728,0
FR027943,0.03048653675642063,0
FR031943,0.0059288937204413136,0
FR021856,0.00663731320402263,0
FR028011,0.005028528440114144,0
FR031779,0.022445784887938268,0
FR022828,0.006054179667970642,0
FR021523,0.010478368295579299,0
FR031473,0.0359031736506319,0
FR023964,0.008744564036942236,0
FR026624,0.005579006185855641,0
FR020348,0.00938346143724629,0
FR025705,0.007516222951753811,0
FR030706,0.010404654654756783,0
FR024962,0.015393874008354121,0
FR029700,0.0061738757919205,0
FR022683,0.028636196361526225,0
FR027395,0.005658138679858473,0
FR024510,0.005560293861296124,0
FR028808,0.00600120217240825,0
FR030778,0.007571665575626432,0
FR030717,0.00609483308345442,0
FR028384,0.019019393263110314,0
FR024784,0.013032626364763274,0
FR029386,0.017277260031041523,0
FR024309,0.007112241858188385,0
FR031826,0.01681708147882468,0
FR025046,0.005452327015295537,0
FR023855,0.0056435013680361835,0
FR027893,0.004747028473053184,0
FR024258,0.013522118764377476,0
FR025487,0.007638957527441247,0
FR024706,0.008023639146890036,0
FR026739,0.02579228130069787,0
FR021362,0.012893833691334025,0
FR022316,0.004766266766130973,0
FR025961,0.04314976434740444,0
FR031260,0.00973831782827355,0
FR021847,0.007918948504496738,0
FR024573,0.0035223260876470733,0
FR029038,0.004454868649048817,0
FR025742,0.009689842724970268,0
FR022148,0.026322168936622488,0
FR027512,0.008312308203290892,0
FR022002,0.01152822179744344,0
FR022574,0.005506483624379085,0
FR026033,0.01803158513571841,0
FR031960,0.02094035905930624,0
FR031550,0.006703777351186228,0
FR029839,0.016989115536276814,0
FR027665,0.005123313759684781,0
FR022811,0.011611880492536066,0
FR023289,0.037742668337569354,0
FR026535,0.006493418761958851,0
FR030275,0.006210837323480861,0
FR025930,0.005209438733029677,0
FR027394,0.015114561554613562,0
FR026334,0.004271473448811366,0
FR026635,0.011436064085329455,0
FR021399,0.019349646944092476,0
FR026709,0.006963463410381947,0
FR027744,0.004520569841515021,0
FR020419,0.005849476176701601,0
FR024081,0.00509554860054459,0
FR031844,0.018167348169455925,0
FR025350,0.030808996329585378,0
FR026880,0.00710927719631171,0
FR021771,0.007494886651758612,0
FR029097,0.005936596173136022,0
FR020543,0.007339946740171223,0
FR026375,0.025463336079901713,0
FR028099,0.004878263333542002,0
FR025621,0.02128156525148718,0
FR021112,0.007346568748885409,0
FR024220,0.2721296191198881,1
FR027632,0.0769480284057401,0
FR030979,0.00979043397746792,0
FR025182,0.013392759399091327,0
FR029545,0.0063760757561692446,0
FR025573,0.019547615563186564,0
FR030751,0.011806062373643459,0
FR026696,0.006757399632662375,0
FR024092,0.015996239337984143,0
FR028075,0.00513523149185177,0
FR025744,0.010735099133544881,0
FR020625,0.00569766261902006,0
FR031691,0.005373086960338318,0
FR024585,0.017337431614968896,0
FR024817,0.2781701432558867,1
FR030219,0.010475653660947232,0
FR022429,0.0051235648565637615,0
FR028391,0.03642653198411727,0
FR021105,0.0038518658272878145,0
FR024093,0.015057551234465295,0
FR026458,0.0047961776187184025,0
FR029729,0.017604598686276344,0
FR025696,0.16319666243837228,1
FR021629,0.015077760417791568,0
FR025400,0.0065326387741451285,0
FR031916,0.01874263897115061,0
FR026099,0.008201078420564705,0
FR028189,0.007016685892301015,0
FR024881,0.005603344690979487,0
FR031217,0.009913256182597068,0
FR027068,0.0037889052627664206,0
FR024870,0.0066674895077473584,0
FR024361,0.0550429014098829,0
FR027069,0.013572310547125259,0
FR029302,0.004609002580486417,0
FR022496,0.21270483612567487,1
FR031556,0.015473577601008499,0
FR024681,0.005365971412284353,0
FR021475,0.00745235866142153,0
FR022116,0.007211608689660786,0
FR029986,0.013636245281065659,0
FR026179,0.008197562106358334,0
FR031743,0.025855885256530157,0
FR022599,0.006619753324648533,0
FR030598,0.012139122881017834,0
FR021743,0.008828774505752642,0
FR023571,0.009791119334762184,0
FR022451,0.007293844300161872,0
FR020093,0.010704257579567247,0
FR029624,0.02083890433130981,0
FR023110,0.014754871896016826,0
FR031269,0.010082160549716723,0
FR028644,0.013615197280498302,0
FR024517,0.023710395335316027,0
FR026613,0.009192766837714316,0
FR022190,0.014364481937787854,0
FR021328,0.657477020885294,1
FR026413,0.02496993624024413,0
FR021668,0.010359781184987787,0
FR023612,0.015916961846716572,0
FR028612,0.003973027252358423,0
FR030660,0.005252860252872438,0
FR020462,0.01848469530697708,0
FR031000,0.016719286196266697,0
FR020802,0.013479423542386966,0
FR020196,0.01621190578772616,0
FR031194,0.004459933605421681,0
FR029809,0.2770552437537885,1
FR024242,0.007573931454806616,0
FR023386,0.01609918293450483,0
FR021073,0.009525793810213026,0
FR023570,0.01307779984650649,0
FR022953,0.0036332110033083422,0
FR021530,0.006347815406302059,0
FR024351,0.008994284109189041,0
FR025283,0.014177242141632962,0
FR030762,0.008665808641539312,0
FR021624,0.044402675439890016,0
FR020365,0.008030085513073808,0
FR020955,0.008988407779644925,0
FR029752,0.004985083593620831,0
FR028359,0.007745432392050513,0
FR027496,0.0687553530817956,0
FR021608,0.01823721234545692,0
FR028014,0.010206032482567056,0
FR023393,0.003331552948455529,0
FR023641,0.0096332079096337,0
FR028667,0.014725146750391657,0
FR021382,0.12125598772918375,1
FR023686,0.01393090874711947,0
FR024362,0.030109622903870363,0
FR024874,0.005793160860971973,0
FR027852,0.012100008496815848,0
FR030500,0.02112052246459438,0
FR020771,0.005421567936445415,0
FR031745,0.014077035308499785,0
FR027247,0.011676337262691464,0
FR024194,0.0130633002963404,0
FR022851,0.009705936850583088,0
FR029457,0.01861018800401648,0
FR028324,0.014468663898301344,0
FR021537,0.012176776894114068,0
FR027824,0.015137618651929653,0
FR029620,0.01702144957301479,0
FR024188,0.051736904975395265,0
FR029691,0.20505803075244056,1
FR020130,0.014545626869238071,0
FR020255,0.005560761478573562,0
FR023988,0.3965870843712711,1
FR028131,0.005735328180895241,0
FR021139,0.009862114607437387,0
FR022042,0.013265265814352849,0
FR022427,0.003942218753421095,0
FR026736,0.005400236961761333,0
FR028764,0.011213657844822991,0
FR022045,0.00811791544818575,0
FR025290,0.009958933549361677,0
FR030869,0.018356861777603414,0
FR025864,0.004644054226472032,0
FR024987,0.009015162493499183,0
FR025458,0.004844355058677807,0
FR030271,0.03924492804479303,0
FR022925,0.03284299463742331,0
FR022430,0.005635477702451552,0
FR029895,0.01689985126633302,0
FR025498,0.008712319875806111,0
FR023588,0.013676212127082813,0
FR029908,0.10084958749197306,1
FR024244,0.005329673211227614,0
FR022638,0.02664441991529498,0
FR026250,0.0064522326517156125,0
FR030224,0.004756708657402983,0
FR027974,0.012198558456518321,0
FR025278,0.007252480935145555,0
FR021664,0.055389107179482686,0
FR023387,0.0042770447257862755,0
FR026903,0.003402741766098403,0
FR027690,0.02130290304671871,0
FR031427,0.006897861781600135,0
FR020490,0.009286815518733192,0
FR028314,0.049165948746390103,0
FR024653,0.005636664030680232,0
FR029383,0.006619386384882816,0
FR026043,0.014158053257840558,0
FR026587,0.0078023273003734765,0
FR026269,0.004681324776340494,0
FR028992,0.025205397743377468,0
FR022421,0.005572434051294029,0
FR025507,0.0063096953633610346,0
FR026741,0.03369894787438171,0
FR025724,0.007776806896906494,0
FR020577,0.011561216030939011,0
FR030313,0.021044311864485115,0
FR024231,0.012680096963080676,0
FR030166,0.008576475044228753,0
FR023520,0.004511299783535207,0
FR026469,0.006284671543693486,0
FR028497,0.011316100965814622,0
FR031186,0.015767588865915012,0
FR030301,0.009115228852697933,0
FR020253,0.013244008221675995,0
FR030897,0.01459358921337264,0
FR025894,0.005835453833169508,0
FR021014,0.016261262719451424,0
FR022600,0.0048531590751642074,0
FR027954,0.009351484491341523,0
FR031746,0.009673872447239978,0
FR020580,0.0039848522247162375,0
FR030286,0.004567856323931528,0
FR026128,0.005123448795344135,0
FR024367,0.005153674235076311,0
FR021646,0.007655340162793988,0
FR030745,0.01376405053583226,0
FR020383,0.01007113634521567,0
FR022688,0.006545689507145361,0
FR021741,0.009799730609914181,0
FR029419,0.008468556488674082,0
FR027957,0.007580042442159451,0
FR025594,0.01034763495749182,0
FR029962,0.023202610154692195,0
FR025698,0.013519676554127735,0
FR025446,0.15232203373139952,1
FR027088,0.017823221044072683,0
FR025752,0.007298739105233252,0
FR025020,0.007618459942298648,0
FR027196,0.005834464782755134,0
FR028990,0.01343834031192592,0
FR025288,0.03450577819690815,0
FR026673,0.004644093550789022,0
FR031671,0.015708306852549432,0
FR025299,0.010964310663933479,0
FR030789,0.010302879142205547,0
FR021366,0.01584933480893523,0
FR031211,0.03012030172599687,0
FR030256,0.005338319196265158,0
FR023355,0.009713216510308305,0
FR023106,0.007408744568298106,0
FR023753,0.01069139401178218,0
FR024414,0.005278710424096373,0
FR029774,0.0036648522070214687,0
FR020097,0.017107649606638485,0
FR030585,0.010677531657669301,0
FR020206,0.005741157275048472,0
FR028511,0.007818477568294891,0
FR026958,0.0136173931667662,0
FR023804,0.005465770972904684,0
FR022264,0.027638666469665424,0
FR024834,0.012925240909198693,0
FR024921,0.004557906758070393,0
FR020931,0.011141960092170049,0
FR022106,0.009930373367997097,0
FR021705,0.00425859974991781,0
FR022182,0.017704664063509776,0
FR021380,0.00794615991810364,0
FR024930,0.005636570231960559,0
FR022378,0.009999157731779552,0
FR022256,0.0300137676932529,0
FR027092,0.005585582259560665,0
FR026615,0.01703211119422912,0
FR025380,0.006239803656954526,0
FR022351,0.019172283881087604,0
FR031614,0.008893506218394055,0
FR029434,0.0050794457077628224,0
FR021468,0.028260804645265883,0
FR022532,0.01262380327190354,0
FR021622,0.015200290049257525,0
FR021410,0.037800771030256045,0
FR027043,0.016887765464660025,0
FR020847,0.0048022199166838,0
FR020449,0.006445980834776195,0
FR028252,0.00687500711731252,0
FR024643,0.00863508914090792,0
FR025543,0.5638694508262803,1
FR028733,0.006615372519120463,0
FR031050,0.0786030422292276,0
FR023689,0.0044471329440207204,0
FR020718,0.017290750533687112,0
FR022731,0.007666795047706886,0
FR027216,0.007403011774949183,0
FR026549,0.0059837444391338465,0
FR023819,0.004878623328514686,0
FR020294,0.007683657511672958,0
FR027030,0.025456477240061205,0
FR030683,0.02085466444809146,0
FR021483,0.00566188037914917,0
FR023039,0.00942764704237838,0
FR023176,0.008954200185147056,0
FR028425,0.016538867331465867,0
FR022875,0.012353546897048031,0
FR027504,0.005861267862491089,0
FR021748,0.004095417215260815,0
FR025125,0.002897644752045372,0
FR027894,0.008995826086570388,0
FR028740,0.01518552890059377,0
FR025313,0.01129004758807341,0
FR023496,0.09285119913300033,0
FR029683,0.03235273399393189,0
FR027799,0.008106606108338483,0
FR026271,0.005207119281486431,0
FR025176,0.00621524462377286,0
FR030541,0.003558502142038577,0
FR021891,0.01803397399047104,0
FR026919,0.00732413996883909,0
FR028250,0.04551976221698141,0
FR027760,0.01362686946024997,0
FR026625,0.008510709930382478,0
FR031812,0.021919950611777213,0
FR023509,0.006684507878097693,0
FR024546,0.011393790930771978,0
FR024571,0.017738593989395993,0
FR028948,0.011302921924390679,0
FR026622,0.08085366451078063,0
FR022332,0.006960636523897499,0
FR023319,0.008955249402244833,0
FR025777,0.005717547904306047,0
FR030945,0.031303253730155425,0
FR027656,0.004677304756868894,0
FR027568,0.006876287177303502,0
FR027758,0.022847568987697825,0
FR024620,0.008639194809521095,0
FR026322,0.011169875139493662,0
FR023015,0.011239805272676113,0
FR020697,0.009546851269987063,0
FR025700,0.00987667476509143,0
FR020669,0.004716429473895383,0
FR031082,0.010498764157356903,0
FR030837,0.034456717765444615,0
FR030360,0.03147728271885443,0
FR023454,0.6634248092226844,1
FR022026,0.01682243186537693,0
FR029637,0.008188393949334922,0
FR025828,0.0031383085934808034,0
FR030177,0.009353447192443493,0
FR027584,0.03721476265390152,0
FR027465,0.006692379417501552,0
FR027627,0.008618970090579981,0
FR029980,0.005163521900230068,0
FR026902,0.010225601314999375,0
FR028385,0.004099012078025458,0
FR021793,0.04809697456080629,0
FR024623,0.07530963043929367,0
FR022982,0.00973818551725265,0
FR021102,0.004943168345528336,0
FR023602,0.006324395152622515,0
FR023382,0.019559426403578842,0
FR022827,0.004092963964122849,0
FR023160,0.006081048061877339,0
FR023050,0.03270748161467871,0
FR026252,0.010024253086497199,0
FR022381,0.007210006558748078,0
FR029258,0.006801826825483772,0
FR026397,0.013392004834985686,0
FR026534,0.009308775124841798,0
FR029337,0.01831899242863102,0
FR031323,0.009730883593338329,0
FR027941,0.004889881376301346,0
FR029357,0.016962749196782576,0
FR020135,0.02020475246708084,0
FR028387,0.006094629731421879,0
FR021853,0.010502110172257464,0
FR021516,0.017515919722118495,0
FR021739,0.009035671712498451,0
FR023974,0.8040852450238971,1
FR029098,0.021950851349079793,0
FR025637,0.007703803187759246,0
FR020287,0.006937798698207643,0
FR028851,0.02381699530975323,0
FR020230,0.014206327228860404,0
FR027441,0.0068644691884322704,0
FR028274,0.006795080641462281,0
FR026484,0.006683838367615344,0
FR021283,0.006696014503279864,0
FR031441,0.009064464418030615,0
FR020846,0.008114367428791795,0
FR020391,0.01366753150856755,0
FR023584,0.006592608854386138,0
FR031897,0.005315743138541395,0
FR025115,0.005693846572550549,0
FR026619,0.006396618085671374,0
FR026240,0.014135273750737136,0
FR026197,0.02245504147081244,0
FR029851,0.01920290872439743,0
FR026781,0.009849688091791726,0
FR020148,0.0039478617152847294,0
FR026653,0.01600274254410415,0
FR020345,0.01073130286614021,0
FR021159,0.005234661587493573,0
FR022055,0.012509564482822096,0
FR031332,0.00997456021818063,0
FR025408,0.02052860746745374,0
FR030782,0.006514672091650076,0
FR028332,0.0216251902886963,0
FR022960,0.01861604140840449,0
FR029697,0.01250505304665002,0
FR021257,0.013810827754364641,0
FR031846,0.008849253126194227,0
FR023137,0.008156190646667564,0
FR027390,0.006713865546883595,0
FR030657,0.008761258253696894,0
FR027212,0.0070921072250489095,0
FR020175,0.00795301304412709,0
FR028784,0.015293509806384534,0
FR029915,0.023034525997416816,0
FR029981,0.004896094530720331,0
FR029892,0.0118466013981662,0
FR022005,0.015114411328181265,0
FR022406,0.006543913023572223,0
FR030786,0.010546698164392597,0
FR023899,0.012639521417622708,0
FR020975,0.01900379687609459,0
FR031087,0.0058993619546663,0
FR027561,0.027617654152425467,0
FR030139,0.010135453910471395,0
FR028235,0.008322906720922101,0
FR025651,0.004741915203036396,0
FR027768,0.49190909849022985,1
FR021740,0.00838774462889064,0
FR020642,0.018467244383874613,0
FR020529,0.01311280440229516,0
FR028952,0.004576959674065207,0
FR025345,0.021513553831050095,0
FR022138,0.017222149095323006,0
FR029045,0.011752293882134949,0
FR027201,0.021869989729497802,0
FR031668,0.013332818165531057,0
FR020240,0.04396017468283474,0
FR025465,0.006543559773049582,0
FR031870,0.0052556493920588015,0
FR028970,0.005259119286794994,0
FR031240,0.004507408416362459,0
FR024657,0.015028418228733267,0
FR023219,0.01028742199755734,0
FR023025,0.01887977472886853,0
FR021141,0.013206013613521715,0
FR022047,0.01412531312281625,0
FR020875,0.0061727815202267024,0
FR030824,0.007953948126797939,0
FR020182,0.6582242075646723,1
FR024642,0.007223240683631258,0
FR023646,0.013285638493394234,0
FR029903,0.017985703198697203,0
FR021096,0.01638977231443168,0
FR028814,0.05278040935850893,0
FR028130,0.00451926602205312,0
FR024700,0.006298761601432197,0
FR022888,0.03578669672126707,0
FR027699,0.006471334575079502,0
FR028594,0.024363243547434056,0
FR025383,0.3294396444830462,1
FR027626,0.006362149263327212,0
FR030319,0.008069930578115538,0
FR024763,0.011446546450786556,0
FR021535,0.013102961592609649,0
FR028921,0.016369591584134358,0
FR025486,0.0035437235357735075,0
FR028867,0.010246347547741314,0
FR027798,0.0037394170112537467,0
FR031667,0.006692126905644619,0
FR028829,0.019453447812108563,0
FR023687,0.005204515711910903,0
FR029736,0.006570017012300075,0
FR029934,0.02097152718915795,0
FR031503,0.015967717788246998,0
FR031692,0.01270998531215449,0
FR029858,0.034981855355040135,0
FR027791,0.005149256246126818,0
FR028156,0.011588987957477731,0
FR022259,0.016915376092508837,0
FR026106,0.015506911536335112,0
FR029512,0.008897979596465277,0
FR021148,0.009274445717283449,0
FR028186,0.00658703779125883,0
FR027351,0.005440193495848941,0
FR024252,0.012703991496414544,0
FR023384,0.05922445894795313,0
FR022120,0.02070682972557481,0
FR025151,0.013864343858809459,0
FR022698,0.02028911500563586,0
FR023659,0.008000309107745615,0
FR025169,0.008552691241150503,0
FR031721,0.038666606307114895,0
FR020321,0.007837742111245426,0
FR028806,0.004064453578827296,0
FR026809,0.00632336876131933,0
FR031601,0.006261705209913156,0
FR021583,0.004698221132632104,0
FR024516,0.011756092095290688,0
FR021476,0.007442113700196269,0
FR029479,0.021819814557946703,0
FR024363,0.023659323936929093,0
FR022000,0.015824320780993738,0
FR031727,0.0950458034202031,1
FR028352,0.017667676564805473,0
FR024017,0.012705725931082327,0
FR022023,0.011167373893459256,0
FR021709,0.038306074929660275,0
FR026720,0.02368458716469269,0
FR029309,0.003557923717807258,0
FR021438,0.00660289882949586,0
FR031327,0.014365481586810051,0
FR029364,0.008548389803998982,0
FR021320,0.031379572802928746,0
FR025029,0.00560134870480501,0
FR024639,0.0045965901407538645,0
FR027347,0.0771371500942335,0
FR028557,0.006748402554327229,0
FR028410,0.008811306785143736,0
FR024696,0.008004101513562706,0
FR027271,0.01446759145780164,0
FR021400,0.013799315758032206,0
FR023462,0.014611963905529558,0
FR023867,0.007594561864862214,0
FR022086,0.007568847517136995,0
FR026646,0.004923797285343475,0
FR023325,0.01895208123517824,0
FR023909,0.015651717738170652,0
FR026586,0.006830471959917167,0
FR031566,0.03587036773350254,0
FR029091,0.007842489255690914,0
FR026603,0.004609549933947077,0
FR026519,0.031292899147258746,0
FR020197,0.011182616891057026,0
FR026385,0.008364872936570135,0
FR025369,0.007677415932895513,0
FR029873,0.013154096419683736,0
FR028047,0.009083663348780649,0
FR020361,0.003841848816568134,0
FR020636,0.01489861782007629,0
FR027101,0.005665741268166758,0
FR025091,0.010043651714121256,0
FR023905,0.0059543787227779935,0
FR027498,0.017429527135929917,0
FR020033,0.022428046200229833,0
FR022323,0.010627580459895414,0
FR029009,0.010903014433534558,0
FR020593,0.004706175749542959,0
FR026911,0.00364101185700641,0
FR029677,0.0097556949919936,0
FR024500,0.010507281162123985,0
FR020958,0.0066292058252342915,0
FR024863,0.005281330911017195,0
FR027258,0.029577612294913923,0
FR025040,0.005308424027739435,0
FR024864,0.005880076166768286,0
FR027063,0.03217777451575685,0
FR024268,0.00901651188589909,0
FR020154,0.007937734303385985,0
FR022825,0.14433354572082063,1
FR023179,0.00913767898583593,0
FR031342,0.00609781440874159,0
FR024871,0.022642898477350605,0
FR022633,0.009351649536361053,0
FR020868,0.015366620704998918,0
FR024614,0.04595866772219033,0
FR029006,0.8516590899185486,1
FR023473,0.00672950999153585,0
FR022650,0.013921779983557139,0
FR029442,0.012438166848061056,0
FR020836,0.04943454837950041,0
FR021736,0.006230058998039283,0
FR025422,0.012445530312167856,0
FR020864,0.04225752121014577,0
FR020472,0.005799630902805126,0
FR026015,0.01937239376844413,0
FR026812,0.02384698928840817,0
FR022377,0.01655167287289394,0
FR020016,0.01224948408624118,0
FR025233,0.00497072133245049,0
FR022656,0.035712343815750704,0
FR024617,0.020138071503211584,0
FR021851,0.03717564635974016,0
FR020180,0.012686414964236031,0
FR020739,0.01360717190097578,0
FR028812,0.007954347391717638,0
FR020488,0.012754283139154995,0
FR021388,0.007928582576945977,0
FR024415,0.006920467707814148,0
FR020032,0.011332273124100636,0
FR026996,0.025397898369470102,0
FR022179,0.009430397854383547,0
FR021415,0.007446445363741318,0
FR021534,0.02050896901241217,0
FR025304,0.006751585766635888,0
FR020189,0.008198604657252452,0
FR026084,0.030531456695192815,0
FR022099,0.02020249907566201,0
FR028846,0.021975977998317048,0
FR031500,0.010243954822237963,0
FR024108,0.0061422591383255894,0
FR023148,0.015593529551253916,0
FR027071,0.008926954114023992,0
FR031768,0.015119042000971951,0
FR020079,0.029680487988180702,0
FR024027,0.003697060880924147,0
FR023889,0.01341598975210339,0
FR024124,0.0060935054703436,0
FR028718,0.00706047233406896,0
FR021025,0.009384648129256414,0
FR021053,0.005986283110614174,0
FR027726,0.01366702380427505,0
FR026806,0.004149468091071499,0
FR025049,0.011508947251007165,0
FR021723,0.011500461338724427,0
FR027113,0.005941181861030787,0
FR023597,0.025375981158810693,0
FR025014,0.005050682655384506,0
FR028450,0.006182451362657828,0
FR027203,0.017016009003056165,0
FR025208,0.009115126907449395,0
FR022283,0.004353832537343635,0
FR022074,0.041598686072174026,0
FR022405,0.012422038202280529,0
FR027709,0.0177084982545646,0
FR020102,0.03456118825225957,0
FR026531,0.017041573167856004,0
FR027014,0.007571297235586552,0
FR023990,0.015010219826262008,0
FR023714,0.014858897711980179,0
FR027948,0.009958211590332765,0
FR021098,0.015104076884679185,0
FR020693,0.008563869435040375,0
FR028012,0.02045536782016994,0
FR021484,0.013044621113670033,0
FR025056,0.012860077682938044,0
FR020769,0.0059472623098717654,0
FR022105,0.0055970462002089445,0
FR023780,0.013073930444803808,0
FR020406,0.01343695901559895,0
FR024754,0.017903000233055088,0
FR030002,0.004827836711448128,0
FR026590,0.10298666996977682,1
FR023935,0.02589692399898761,0
FR023193,0.009073500168103876,0
FR022905,0.004984832800531563,0
FR030498,0.018148778674060312,0
FR020910,0.004363805607624239,0
FR026606,0.004867489369783321,0
FR030347,0.01594500386164322,0
FR024039,0.009983929056817404,0
FR024218,0.014272896437312091,0
FR023735,0.010046741914799012,0
FR022736,0.004835687627251768,0
FR026369,0.021498856430519443,0
FR020270,0.01737892672691668,0
FR020337,0.00930191558511876,0
FR028944,0.01936065147674494,0
FR027230,0.0233021520730149,0
FR030376,0.029568138913551683,0
FR030469,0.6438110036142188,1
FR030578,0.007671153265135843,0
FR020902,0.03788343987775797,0
FR022998,0.4010110667430352,1
FR029229,0.1964538475390062,1
FR030405,0.0070079135794764566,0
FR023243,0.010662237305231314,0
FR031039,0.010987760323217029,0
FR023311,0.011500889757039674,0
FR026763,0.00923077995154236,0
FR022686,0.009300173946794405,0
FR023660,0.012839756045612438,0
FR026640,0.0058243668047859975,0
FR031521,0.011068021510853013,0
FR026830,0.007593334067706171,0
FR029914,0.00536130527577963,0
FR031990,0.005340187466962652,0
FR024393,0.006812423393696585,0
FR022044,0.01330935931174505,0
FR023083,0.00777916295551397,0
FR026465,0.007312676306039399,0
FR029257,0.0032754766199793797,0
FR021660,0.008138452853522885,0
FR025938,0.02782343801467478,0
FR022165,0.00871897294021113,0
FR022556,0.009021531383871455,0
FR020897,0.01882164596318911,0
FR031420,0.03662830125726818,0
FR028448,0.00966901602163062,0
FR024483,0.013124901858074828,0
FR023088,0.042465954826759036,0
FR027475,0.007584717160628646,0
FR022641,0.02717016618629326,0
FR021545,0.007621553444784816,0
FR027497,0.00395537089303062,0
FR022217,0.005734676347792738,0
FR029405,0.009384729732360497,0
FR029144,0.006305961721960246,0
FR031290,0.014935217908599259,0
FR021818,0.005248338054292525,0
FR022685,0.003740733780824937,0
FR028236,0.015180194574502872,0
FR023276,0.021889541292453234,0
FR023998,0.013442153875668467,0
FR028043,0.009021583081540555,0
FR022699,0.013016746342920753,0
FR029303,0.0029878537034249545,0
FR027119,0.0084412209478297,0
FR024896,0.0063969500698474995,0
FR025775,0.01901222736696171,0
FR022206,0.012136140422601086,0
FR025447,0.008624118789274472,0
FR028700,0.027526812757254812,0
FR025643,0.008920956600293727,0
FR023046,0.007919001448487461,0
FR031056,0.012010393281211323,0
FR031386,0.018654114812005754,0
FR026840,0.008879086198306862,0
FR026665,0.016578785900845605,0
FR025794,0.003915469508179453,0
FR024042,0.00752594595913919,0
FR030004,0.016540811883735476,0
FR022450,0.01194830782174023,0
FR022632,0.006578203912967508,0
FR025302,0.0054392572121499,0
FR030554,0.005298229915401123,0
FR026990,0.006014736139484826,0
FR021220,0.005370074431809023,0
FR030021,0.008012700311693512,0
FR022146,0.007883879594834445,0
FR031776,0.028501241731997567,0
FR024400,0.008171570401350156,0
FR030752,0.14875682498082154,1
FR027209,0.32767511376785075,1
FR026173,0.1431118764346287,1
FR022396,0.01351380416313019,0
FR020565,0.021044697833067283,0
FR025659,0.009937843608399805,0
FR026183,0.004730720858276286,0
FR025838,0.004614500350638987,0
FR026181,0.008575936919998531,0
FR024472,0.008565406177351045,0
FR031842,0.0045014255052411144,0
FR029430,0.01019287405634552,0
FR024105,0.003840614557373763,0
FR024142,0.02978429504893082,0
FR026955,0.01919984661955763,0
FR026475,0.009151119496099522,0
FR020474,0.005271095155921198,0
FR031148,0.010074481335934585,0
FR023218,0.016339439109947382,0
FR028430,0.014894674515056947,0
FR020263,0.010870695291469744,0
FR021764,0.025946891342218857,0
FR030558,0.020499923841607773,0
FR020364,0.01922357166040952,0
FR025747,0.018403099653942753,0
FR031961,0.020665230005700315,0
FR027755,0.006285518992872332,0
FR024203,0.01193610385918804,0
FR027624,0.012175704273989896,0
FR022801,0.03541581212760383,0
FR020704,0.022413991833676754,0
FR029856,0.00956600433555485,0
FR029791,0.012986446640053238,0
FR023263,0.007017783488466967,0
FR026140,0.02094463260391529,0
FR028489,0.00966223688785062,0
FR027173,0.011992809509718143,0
FR029811,0.0259640757587581,0
FR022890,0.0049919180697550955,0
FR023558,0.004993207401069415,0
FR025611,0.007354308889604573,0
FR030913,0.008286075886244013,0
FR023038,0.005463989711219783,0
FR030853,0.005585050862231718,0
FR030818,0.013082228064244136,0
FR023008,0.009482297997319034,0
FR028283,0.011518059888364244,0
FR024436,0.028940574478750723,0
FR020003,0.012488534670868906,0
FR031102,0.005885099391284419,0
FR026040,0.009257352514983531,0
FR028563,0.01733284976567706,0
FR031659,0.005458360442440562,0
FR031218,0.021844086494215313,0
FR029431,0.013076504359944025,0
FR021830,0.041133551664345167,0
FR021843,0.006654117113834336,0
FR025261,0.006765273926251935,0
FR030324,0.0063925623940523525,0
FR020964,0.036288109982999174,0
FR030459,0.006083766877316346,0
FR025252,0.02510007190256503,0
FR030886,0.011359414456423921,0
FR031555,0.016396931739762817,0
FR021810,0.012721855777284952,0
FR026608,0.005421275147036633,0
FR023893,0.02140506950536538,0
FR030589,0.004590040231682562,0
FR028244,0.007283637584245193,0
FR027245,0.007468570043227839,0
FR023259,0.007206520043754157,0
FR020151,0.02226010445271405,0
FR028978,0.7728738861890738,1
FR024125,0.021447257310823364,0
FR026088,0.01524241084325993,0
FR029539,0.021490553276648304,0
FR025076,0.004525694984349687,0
FR028705,0.004251478082875525,0
FR023761,0.005076249691388592,0
FR022561,0.5317476410722342,1
FR020133,0.01879109574067607,0
FR027213,0.02169873660073638,0
FR023861,0.004690850459469828,0
FR022902,0.02122599726840494,0
FR027612,0.005034327111782495,0
FR029639,0.016149608830451388,0
FR024683,0.00480786845042676,0
FR027207,0.01926346762911617,0
FR024748,0.01463668828417923,0
FR020885,0.007846850379499073,0
FR020578,0.018095474326329297,0
FR027486,0.01984117862914233,0
FR020806,0.01263688676211951,0
FR029864,0.00711131825562972,0
FR023951,0.005590567145582835,0
FR027987,0.005084165720430219,0
FR023960,0.003713357962472907,0
FR031741,0.009068498614898491,0
FR026614,0.006398412534170403,0
FR026092,0.010662376455807879,0
FR022034,0.010829295023596856,0
FR021901,0.0042852160136621475,0
FR025850,0.006213957335795646,0
FR030952,0.01432872344594308,0
FR023084,0.012398519897093537,0
FR022546,0.009222021819246466,0
FR031854,0.005440800384899828,0
FR023746,0.007454636649638317,0
FR027992,0.004176381941047729,0
FR020764,0.008148285552412569,0
FR026027,0.021417986232849573,0
FR021594,0.013776794925381317,0
FR020588,0.0234036774922092,0
FR030736,0.015788123415355772,0
FR021824,0.005684144040467326,0
FR029094,0.003864352797070047,0
FR024734,0.0184216852579377,0
FR021737,0.01357695343125948,0
FR022810,0.007848006767206886,0
FR029164,0.005702230227346384,0
FR031366,0.020773649395495968,0
FR027829,0.025371688098432585,0
FR028303,0.014534209048113263,0
FR022458,0.014316130554029551,0
FR023019,0.00906645735652931,0
FR031972,0.005285284017540177,0
FR021937,0.16183387184899317,1
FR020963,0.010737051059214076,0
FR031816,0.0042273373060767415,0
FR020947,0.008158612338200307,0
FR028949,0.00677207059320069,0
FR022725,0.005854336880321163,0
FR031683,0.022361976128987437,0
FR026940,0.019317969746329093,0
FR027833,0.005373259647524392,0
FR025585,0.010912779363919427,0
FR024243,0.007081073017614613,0
FR022324,0.006832543418641078,0
FR020930,0.013872248672788747,0
FR024662,0.7233666998222363,1
FR030663,0.005167347139017491,0
FR022309,0.00460460043755412,0
FR028840,0.018825043339897894,0
FR020031,0.007388053891200433,0
FR030456,0.03455038947538765,0
FR023835,0.007009110872539302,0
FR030113,0.009768329570517369,0
FR028541,0.01532948939941598,0
FR023963,0.006190051614344461,0
FR024717,0.00520591979720305,0
FR027602,0.015372441623085608,0
FR027735,0.00453132162246931,0
FR025015,0.0047501560968912695,0
FR020375,0.005934151371075712,0
FR023635,0.047382928330211835,0
FR026032,0.014383509807998022,0
FR025200,0.005334159224256519,0
FR031663,0.08336056184939025,0
FR028706,0.014176458850132308,0
FR030359,0.008762354510357503,0
FR031895,0.006757165572601269,0
FR028637,0.0238850736728582,0
FR029315,0.012440063896136156,0
FR025086,0.007124843598957584,0
FR028002,0.0051321917584313675,0
FR021982,0.006500793298234814,0
FR029062,0.5412063632795677,1
FR027728,0.00511590302573546,0
FR022201,0.0034688616841699192,0
FR029899,0.015675736261531736,0
FR030686,0.008331872599757609,0
FR025732,0.02356563518295273,0
FR023997,0.015301096000169628,0
FR031653,0.04474844064236462,0
FR025729,0.024211836319617222,0
FR027136,0.006273809616165717,0
FR029859,0.007302207642226366,0
FR023697,0.008271073368738262,0
FR025515,0.008417638580573712,0
FR030123,0.0055969541956376895,0
FR021290,0.006114273793498089,0
FR025890,0.004790070927822208,0
FR023053,0.018174693429007446,0
FR020446,0.0034736700908345017,0
FR027013,0.01594941667298712,0
FR027903,0.020414984994224616,0
FR028253,0.0118760553370689,0
FR023554,0.017750569719369627,0
FR023744,0.002981286782554119,0
FR025303,0.007329526139338264,0
FR028518,0.004093849914938385,0
FR027490,0.011422494802314023,0
FR020385,0.0055597276216546015,0
FR020982,0.0076558272387934785,0
FR029133,0.6575836196010412,1
FR027795,0.006500970481890678,0
FR021091,0.010862890500491575,0
FR021765,0.008931080971320528,0
FR027509,0.019110635896967286,0
FR027980,0.02821693572298903,0
FR027801,0.005224858809002178,0
FR031289,0.011981885268283428,0
FR026311,0.02139666865637556,0
FR025768,0.01219071528414368,0
FR031881,0.0071303012851535825,0
FR028854,0.10654849772286243,1
FR028145,0.007083909569405539,0
FR029846,0.3669413430578321,1
FR027431,0.007573865923841079,0
FR029463,0.3348130315835105,1
FR021186,0.0067217744742159476,0
FR024526,0.008662103703253182,0
FR030823,0.009089880498321077,0
FR031058,0.0037262543858835834,0
FR026303,0.003888655876979969,0
FR030423,0.014036919089037607,0
FR022113,0.00923588641365871,0
FR031486,0.007910512589118124,0
FR024824,0.00893953978561609,0
FR022461,0.004813316171944457,0
FR020249,0.009905354540860598,0
FR025155,0.008404309271404158,0
FR031077,0.014537337901866438,0
FR022466,0.007629877034935277,0
FR020491,0.06227711702610097,0
FR029247,0.014692931153745464,0
FR030798,0.014311041966530984,0
FR020199,0.004460214931853033,0
FR020640,0.016508697487280295,0
FR024322,0.011862217844778606,0
FR025424,0.018422974432815098,0
FR026176,0.007139412787474714,0
FR029936,0.013614163501138466,0
FR031098,0.006065735229776841,0
FR021774,0.004380209379500805,0
FR022167,0.004735013870046699,0
FR030562,0.028428577192716645,0
FR030597,0.07533945558036617,0
FR027052,0.013365425775548775,0
FR028549,0.007106431820138913,0
FR030076,0.004449505034940722,0
FR023204,0.009759487452602293,0
FR020414,0.0061698570702258225,0
FR027480,0.010657262714993364,0
FR024279,0.01686849856978325,0
FR022238,0.026571376573365002,0
FR026726,0.013052070975770564,0
FR024336,0.02475737792190798,0
FR030355,0.00729019535433156,0
FR026258,0.005667925223514069,0
FR029682,0.005305181801297782,0
FR027915,0.008189765427456482,0
FR020146,0.01316658140320642,0
FR030007,0.07714585894874558,0
FR028516,0.01327109582391742,0
FR024190,0.00643681304426089,0
FR031624,0.00615240924803977,0
FR021018,0.09279669228694326,0
FR030184,0.0063516029225946305,0
FR027368,0.015811119962001144,0
FR027448,0.021130991184696253,0
FR024625,0.012544369696560705,0
FR029432,0.005923924904998634,0
FR020320,0.012309002243232184,0
FR023563,0.006675732684872938,0
FR023742,0.009822065711074343,0
FR025041,0.004133928587762082,0
FR031215,0.004906104044280402,0
FR027570,0.02045407415175119,0
FR024133,0.003511008596439199,0
FR021294,0.00911325368139244,0
FR022530,0.008082879181414045,0
FR023830,0.007047458578356466,0
FR028499,0.0038794319654710517,0
FR022970,0.009704029664652142,0
FR024409,0.005445914522894195,0
FR030226,0.007810903394851432,0
FR031288,0.013851301494106375,0
FR024827,0.032308610384913686,0
FR025512,0.013355026093291377,0
FR020126,0.007940983806548365,0
FR029596,0.022842582478939173,0
FR021255,0.010639879359451807,0
FR030116,0.010442591720328881,0
FR021176,0.009313053908095895,0
FR023049,0.017805984799148106,0
FR027693,0.008875748108689182,0
FR020610,0.10672186659143443,1
FR030262,0.014178925461216475,0
FR027009,0.006038637148275501,0
FR029168,0.007125930040638227,0
FR027235,0.0069346972630339706,0
FR021227,0.0040111134198142235,0
FR026774,0.010390732918207003,0
FR030737,0.005951202641743161,0
FR029090,0.007364098763321315,0
FR031544,0.004618549665123784,0
FR028920,0.010272823494806793,0
FR023695,0.02147258595664165,0
FR027091,0.007197214951631657,0
FR020826,0.011671802657150242,0
FR027823,0.01149346860026284,0
FR031694,0.010024331105591817,0
FR026953,0.005179267181889553,0
FR031777,0.005716053864246612,0
FR031388,0.008742980177140518,0
FR030948,0.013953323653070842,0
FR026370,0.018487174925567222,0
FR021389,0.012718850022611417,0
FR027818,0.02250180984668538,0
FR025024,0.003954912353937721,0
FR031119,0.009965774156812678,0
FR026335,0.010962573194130302,0
FR027257,0.00820135436495558,0
FR023430,0.004773359248314084,0
FR023147,0.0071859256516703975,0
FR027467,0.016740708261699468,0
FR024550,0.005713932262538189,0
FR026488,0.006039468574837129,0
FR030507,0.014781780820810374,0
FR020773,0.012591230100061582,0
FR028558,0.003674655223288592,0
FR030000,0.016682024300373532,0
FR029153,0.006939031762090533,0
FR026498,0.01072040141625663,0
FR031541,0.011282271644431244,0
FR031298,0.003785625656279461,0
FR024992,0.03863071695800491,0
FR030861,0.03259169716263079,0
FR024687,0.02280989038406779,0
FR020835,0.00976797065783946,0
FR027117,0.01189449465224345,0
FR020075,0.013380070590305968,0
FR024364,0.004382682737336673,0
FR020134,0.011043173583206015,0
FR025876,0.035072485743526366,0
FR020247,0.0043462578540435556,0
FR022648,0.009768713978123896,0
FR020467,0.011817216973419233,0
FR022653,0.006331534891822944,0
FR023055,0.012905159933108562,0
FR025511,0.007590440110625287,0
FR025203,0.022634066876978852,0
FR021243,0.005353777190896166,0
FR021260,0.00790894703884785,0
FR028494,0.018665783432652565,0
FR026944,0.017377049596008592,0
FR026017,0.015446677894601798,0
FR029886,0.013746508141320609,0
FR023911,0.011419803330579549,0
FR024325,0.005667122840633806,0
FR029300,0.014708913130320113,0
FR026779,0.005192135232456473,0
FR026938,0.021963596543536426,0
FR023470,0.024484865830980473,0
FR028844,0.041097796122718036,0
FR028307,0.028305420457244664,0
FR027902,0.004402078662947334,0
FR022534,0.003969856591223088,0
FR029343,0.003673116588133899,0
FR029010,0.010084463200005358,0
FR029921,0.00949638647531634,0
FR022291,0.003705065648533194,0
FR023140,0.018470598374402382,0
FR022266,0.01729977226763392,0
FR022765,0.005146949301659201,0
FR022103,0.0080891462979388,0
FR020183,0.06107279430519501,0
FR024114,0.007187226908465699,0
FR026297,0.013872910545717505,0
FR026255,0.02247295267832166,0
FR020736,0.011070728954328401,0
FR026275,0.007253951760588721,0
FR021561,0.004267227540122735,0
FR025309,0.014607448702535233,0
FR031450,0.012316550393269819,0
FR026703,0.00605200993094923,0
FR020539,0.00684444801466383,0
FR021742,0.01327972199964968,0
FR027976,0.00439513831656327,0
FR031761,0.02076865310621251,0
FR022006,0.022933318661436886,0
FR031617,0.01658897639583546,0
FR021500,0.012086867498967983,0
FR028869,0.009823517799777881,0
FR021913,0.03957363001041413,0
FR022476,0.004703022692584298,0
FR030658,0.005008112892079381,0
FR029761,0.0045659541626571765,0
FR027783,0.006312463360387365,0
FR031325,0.014468760323576196,0
FR021289,0.006642545344619099,0
FR022224,0.26646726711469865,1
FR030769,0.025242640544643806,0
FR024223,0.015023492145316862,0
FR023074,0.011753474493176416,0
FR025142,0.004511034967299593,0
FR027892,0.003681376212891336,0
FR024562,0.006604703620843621,0
FR030858,0.006193214792483559,0
FR029607,0.01318031442141298,0
FR028306,0.010273657247030134,0
FR029831,0.010741592511849307,0
FR021238,0.0076438740185452575,0
FR031837,0.012415487806094298,0
FR020691,0.013943463596957452,0
FR021513,0.025103650752049643,0
FR022021,0.015771974810340192,0
FR020140,0.0046378372548406144,0
FR023169,0.006370445874847872,0
FR028316,0.005619823251310812,0
FR030593,0.04452721583396204,0
FR029374,0.5728575994467415,1
FR025939,0.010173474575171457,0
FR029273,0.005494722741387766,0
FR030263,0.056611097317297125,0
FR027249,0.016990069862552692,0
FR029883,0.006778010043965787,0
FR020136,0.012476198308009515,0
FR024931,0.004465651694197329,0
FR020164,0.006903351856773637,0
FR025962,0.008516544532806519,0
FR031370,0.009822386798756577,0
FR020828,0.01312460661883499,0
FR029887,0.020207620639601055,0
FR024826,0.007583592820606137,0
FR028204,0.01270582101157163,0
FR020444,0.008751946443747053,0
FR025050,0.006513041905901157,0
FR027736,0.006096652451805438,0
FR024246,0.005003705336349825,0
FR020439,0.005301971483663183,0
FR026227,0.029423989221534087,0
FR021986,0.02661792913428474,0
FR026985,0.029877819548343468,0
FR021869,0.007915444056642039,0
FR029380,0.02119152695242056,0
FR031603,0.00375507217730928,0
FR026838,0.043018398850454026,0
FR020983,0.012566653417400969,0
FR027885,0.013490652741285948,0
FR030732,0.013040323839803436,0
FR027463,0.008617460383276043,0
FR026386,0.0062136998126125186,0
FR030375,0.00982498239675399,0
FR031391,0.0757111083387414,0
FR027377,0.010487584802365248,0
FR029706,0.022556729812079804,0
FR026831,0.008649235915480589,0
FR029314,0.009835719340450518,0
FR021242,0.009384906060751784,0
FR023661,0.007161280385964992,0
FR027373,0.011447404085744,0
FR024603,0.024676395725679194,0
FR021331,0.00742389374078593,0
FR024119,0.0054910908106382585,0
FR027767,0.014938653166455743,0
FR028024,0.0065195106440570985,0
FR022375,0.014980566747930397,0
FR021887,0.0037991622424280256,0
FR029140,0.005905054601583708,0
FR023485,0.006246075010369178,0
FR021630,0.03781649320016395,0
FR031256,0.011631139663251171,0
FR021024,0.013251173725417766,0
FR021404,0.005716282725284478,0
FR026354,0.03658256314331754,0
FR023540,0.0408137465587199,0
FR026445,0.00396188346624562,0
FR029656,0.005318173617079043,0
FR029771,0.02802559857804751,0
FR028683,0.005549851126746561,0
FR026107,0.010975595635122074,0
FR021779,0.006394246288572851,0
FR029181,0.005714001439093147,0
FR027453,0.005054808746549474,0
FR027002,0.017463995533483885,0
FR026927,0.005164148328368218,0
FR020673,0.016881205690403578,0
FR022145,0.019779886818436072,0
FR022818,0.004741481243072585,0
FR024727,0.004954740144921402,0
FR028833,0.012887721406660665,0
FR020859,0.0175270681016682,0
FR029346,0.01304577066809708,0
FR023497,0.0055224500388463705,0
FR020104,0.006130670257506083,0
FR031604,0.025206668759523647,0
FR031625,0.019307022273425144,0
FR028151,0.025358418470507925,0
FR024677,0.023776806587907373,0
FR029059,0.024269105976007482,0
FR027967,0.010478453429595604,0
FR023677,0.020757154425494334,0
FR024317,0.005519958619317773,0
FR031142,0.006274109020171706,0
FR028446,0.00794679285747631,0
FR022110,0.028528997203288463,0
FR028953,0.007745564114068118,0
FR025967,0.02967602671300633,0
FR025441,0.009588014968785603,0
FR025351,0.018003694437736396,0
FR027658,0.03486694400061804,0
FR020416,0.01114166950551108,0
FR023286,0.006339788859828879,0
FR025832,0.007740812489625652,0
FR027830,0.007230042599170036,0
FR024011,0.005345997980703444,0
FR021347,0.005846973901010454,0
FR026374,0.2322546927702483,1
FR023930,0.4967373085792851,1
FR030378,0.08651497641722719,0
FR030494,0.011331741503223674,0
FR028286,0.2405148993717254,1
FR031885,0.00589704701002277,0
FR022158,0.011896183787731659,0
FR023941,0.023382843353852295,0
FR021752,0.006009617257756723,0
FR028467,0.006973022955809986,0
FR029197,0.004949632895284569,0
FR025004,0.01577734744952019,0
FR026695,0.014684849987916727,0
FR026986,0.026996463822049118,0
FR026698,0.0054911949952590276,0
FR029284,0.046523697053043024,0
FR029427,0.013911766595298754,0
FR026352,0.010966817175996277,0
FR025080,0.016388956045684813,0
FR028839,0.014791980474434013,0
FR031830,0.007954908084091543,0
FR022195,0.0031440986294517296,0
FR030024,0.01299982710215427,0
FR025575,0.015474358070121772,0
FR026249,0.3016564331528662,1
FR027518,0.012410158995454414,0
FR022606,0.004148121745342816,0
FR023135,0.00832311211064065,0
FR031390,0.004814118216882424,0
FR021225,0.07591094439231308,0
FR029124,0.006173223901508899,0
FR022783,0.01325099554636669,0
FR025361,0.7539096233140519,1
FR023825,0.008807587978840892,0
FR022661,0.017208530723744238,0
FR026822,0.013351413084534766,0
FR027610,0.004950406710018588,0
FR025851,0.01596052038902829,0
FR028199,0.00817570812979005,0
FR031866,0.003692719409631348,0
FR026400,0.012134993030881404,0
FR027839,0.019999942483552573,0
FR025857,0.012277011444227631,0
FR025138,0.0046383375627806304,0
FR029293,0.00685592907039458,0
FR025879,0.06099206763823768,0
FR022414,0.00739425658126062,0
FR029444,0.02609175813313213,0
FR031258,0.005437986050098317,0
FR027978,0.005438371166021309,0
FR030079,0.010016301498521778,0
FR020514,0.01882230369892092,0
FR029053,0.015467880091912842,0
FR025554,0.0042546738430581515,0
FR031562,0.006126895785032354,0
FR021780,0.011229201077864844,0
FR024289,0.00572952511057181,0
FR028879,0.02040851996383959,0
FR024581,0.01032014297055455,0
FR021409,0.00466605977206673,0
FR029035,0.005156455869802734,0
FR022909,0.00631370220955705,0
FR030806,0.010463733728046223,0
FR025809,0.005963937510169165,0
FR024333,0.006228272818313296,0
FR023711,0.018457946147726063,0
FR029814,0.0065935065297134336,0
FR025150,0.10948134898666517,1
FR023636,0.005811568089003866,0
FR022244,0.012781126083375307,0
FR021333,0.018643147147680957,0
FR025109,0.0199177984438585,0
FR020696,0.04370941111249885,0
FR024934,0.02611049603229343,0
FR024138,0.0037135098356477704,0
FR023469,0.005529380902557751,0
FR020840,0.009658461971435828,0
FR020017,0.005335236581584123,0
FR021086,0.008054049593656753,0
FR028023,0.003636084191084327,0
FR030687,0.017891973526125433,0
FR031488,0.011432571454983696,0
FR031636,0.004292499717651383,0
FR030601,0.007861325147336944,0
FR027426,0.008685638692182876,0
FR027039,0.011550803824497257,0
FR026667,0.004975807658882498,0
FR021234,0.018390588067429194,0
FR029271,0.004503124033857648,0
FR029558,0.010788234039944729,0
FR029592,0.0029935329164860933,0
FR025630,0.004816071040704877,0
FR022335,0.005854187972846869,0
FR025537,0.01335385836491328,0
FR021146,0.032593207369960166,0
FR025619,0.012383918936832009,0
FR022950,0.01316793409339109,0
FR020387,0.02535290818168648,0
FR026923,0.022046006443148244,0
FR023171,0.0029250459724323476,0
FR028028,0.007341969001590691,0
FR024592,0.10188083560143407,1
FR031780,0.014679433290124553,0
FR025877,0.005538331839377464,0
FR028496,0.004478646152341963,0
FR020121,0.003973738701751466,0
FR026668,0.005710822747170703,0
FR031362,0.016573386447791768,0
FR027319,0.006051335509927706,0
FR029055,0.010114960993949807,0
FR027190,0.01346938129441488,0
FR030342,0.005658461588727841,0
FR030701,0.005521668200407698,0
FR022479,0.024814407748549174,0
FR023275,0.01299554628579968,0
FR023392,0.0075058011205307185,0
FR028127,0.03686245013849293,0
FR022667,0.015284941752589017,0
FR031418,0.006107693643730769,0
FR024337,0.00748984926604265,0
FR024756,0.01145818295433104,0
FR027789,0.012025492732761003,0
FR023369,0.008879445757570315,0
FR031241,0.004571867178230949,0
FR030413,0.016052918491363838,0
FR026011,0.0065738001894855205,0
FR026829,0.034734202158897845,0
FR024255,0.024518845769297595,0
FR030909,0.008798330402069409,0
FR028091,0.005234259524817712,0
FR025482,0.012470609619175892,0
FR027459,0.014117830478112523,0
FR020034,0.007062811901331896,0
FR022310,0.0051412562325640135,0
FR022017,0.004282913335025415,0
FR031966,0.009783053613433793,0
FR023326,0.009920635682132632,0
FR027796,0.005845682395286003,0
FR026559,0.005293796955391368,0
FR020415,0.018520938886044516,0
FR031267,0.009257135715112406,0
FR023365,0.010125492530471843,0
FR031535,0.008425491494993397,0
FR025135,0.00912797221920908,0
FR027750,0.0040839470232412675,0
FR020278,0.0052461927687098685,0
FR027599,0.014191083765647879,0
FR030167,0.010487776827149433,0
FR021868,0.025598203284631013,0
FR023010,0.019546300832767302,0
FR025238,0.011045130546471084,0
FR027089,0.007316881592989379,0
FR026803,0.016398502650620764,0
FR021034,0.00589276650739682,0
FR026992,0.008802116353303031,0
FR027384,0.02911541842541754,0
FR028585,0.010024086144056761,0
FR023102,0.009640239778932073,0
FR025800,0.007068225210498479,0
FR020048,0.0077382213792363905,0
FR026093,0.006644477304810655,0
FR030556,0.004439210901363717,0
FR028473,0.007860573426897865,0
FR020347,0.031865338888496346,0
FR027404,0.003925768854712649,0
FR024942,0.009217314843116609,0
FR022971,0.06946799654586906,0
FR020612,0.00970435488395233,0
FR026593,0.45883331114184744,1
FR025276,0.03025220970968827,0
FR030311,0.009947681167397027,0
FR025533,0.010176412555906221,0
FR031947,0.021200353925984135,0
FR024641,0.006525432507633242,0
FR030994,0.03820531095819747,0
FR030964,0.006412703850457137,0
FR030481,0.24892191062113111,1
FR020212,0.003809535971791433,0
FR031531,0.01041354776882461,0
FR021789,0.005192952564221533,0
FR025900,0.017551144038118346,0
FR029756,0.00389510612864876,0
FR021441,0.00571204724266039,0
FR029246,0.01301134002616252,0
FR023504,0.007211981224106551,0
FR024649,0.01691260475864846,0
FR025581,0.019694025118761976,0
FR029556,0.013061814409997263,0
FR028421,0.0053342675063033605,0
FR028564,0.07721073117629745,0
FR022849,0.013279889623080634,0
FR021228,0.006108415533902983,0
FR020481,0.0075963663633142236,0
FR021138,0.007308338997768563,0
FR024166,0.06144743613806949,0
FR026301,0.004762975425998734,0
FR027794,0.0077144074994831575,0
FR020055,0.02066968806167495,0
FR028399,0.04044941841197887,0
FR024563,0.005357292443042288,0
FR020874,0.00955425235479224,0
FR027307,0.010445878835088272,0
FR026694,0.04099412008580969,0
FR025255,0.0173821579711664,0
FR023301,0.009986632954377895,0
FR020026,0.010164770178803122,0
FR023187,0.02041465477688001,0
FR022452,0.02589298943946687,0
FR021023,0.007154348059370375,0
FR027256,0.011945082987416134,0
FR020019,0.034441617620568105,0
FR030193,0.006821674219066315,0
FR030720,0.00796985648506485,0
FR023419,0.009344352190366702,0
FR026067,0.018377350515118164,0
FR029411,0.008676607072539939,0
FR027532,0.013990811510881924,0
FR028348,0.008797779885577079,0
FR031011,0.017716382209944682,0
FR023207,0.006562534239147253,0
FR022037,0.007863959874981414,0
FR030118,0.04293984461052107,0
FR027171,0.005799743779038021,0
FR030518,0.004882944368517017,0
FR022390,0.038659370450976956,0
FR029071,0.004816982341394445,0
FR025985,0.007230935907003353,0
FR021590,0.009916083781602834,0
FR023499,0.006416165895227853,0
FR031665,0.0037029159780722163,0
FR028610,0.0043737421887167175,0
FR029958,0.00895609027356113,0
FR025727,0.012184720812719242,0
FR029102,0.015790103565956802,0
FR023395,0.0038799966272968288,0
FR027681,0.013261356611875354,0
FR030052,0.00795447878793256,0
FR022792,0.00758413994591081,0
FR029206,0.005007803838799811,0
FR030530,0.007992405031149268,0
FR022781,0.010920186853126224,0
FR030273,0.0037705573264615938,0
FR020533,0.01094584821564118,0
FR026984,0.013049197421225116,0
FR024594,0.023272471198863748,0
FR030867,0.003588119734617065,0
FR025801,0.00848153069125487,0
FR027137,0.007695541736292023,0
FR028231,0.013399256319966921,0
FR026206,0.009030081658918058,0
FR030483,0.012795480305630377,0
FR022958,0.005423055708396792,0
FR029701,0.024223098810580115,0
FR027706,0.004501482194991359,0
FR024327,0.013927443495002826,0
FR023003,0.008529066497963478,0
FR023466,0.004292423461498001,0
FR020356,0.02094197148592697,0
FR020924,0.0045227478288715085,0
FR020379,0.005959585146860912,0
FR029220,0.02121407684089372,0
FR030542,0.005050848807802925,0
FR021447,0.024210301594146576,0
FR025145,0.017103908343451296,0
FR028960,0.004293362996943479,0
FR022694,0.004076513197114299,0
FR031968,0.012781667212169168,0
FR021768,0.006016358229059439,0
FR031404,0.006768639225472885,0
FR029759,0.02039496637541615,0
FR027594,0.01182634117098998,0
FR020996,0.0056010612687743475,0
FR030666,0.009409069281196867,0
FR022760,0.0074603966628208175,0
FR020825,0.015159225271506389,0
FR031300,0.003983872379758991,0
FR028873,0.011908425180800312,0
FR030477,0.005443286901927968,0
FR021241,0.006538770681980237,0
FR030071,0.005244564432511378,0
FR026605,0.009550255558348503,0
FR020757,0.010581063699259569,0
FR023272,0.020753811366981734,0
FR031632,0.006004283721656725,0
FR029459,0.004579142917041229,0
FR028698,0.006532612727043927,0
FR027450,0.005783863100451696,0
FR022441,0.13081885036942384,1
FR028482,0.01855675790943443,0
FR031543,0.018142380746360647,0
FR021821,0.0279229417791556,0
FR029860,0.004399786464367766,0
FR024335,0.014781682391754975,0
FR021783,0.0056110164908205785,0
FR021273,0.007422835527655294,0
FR027215,0.006645608821747008,0
FR025126,0.005006250725700838,0
FR029793,0.013886576231598665,0
FR023690,0.010130389021935204,0
FR022268,0.011431881341415775,0
FR029952,0.018158478195219548,0
FR023826,0.010543950438886122,0
FR028111,0.00863254237025492,0
FR027493,0.00930756494200526,0
FR028813,0.032610060458047534,0
FR030296,0.010904327992128947,0
FR030266,0.005103250680050868,0
FR020115,0.004719480528255994,0
FR030389,0.017487940293673593,0
FR020342,0.0072238230623516385,0
FR026816,0.005592665712739446,0
FR021280,0.026832217961803295,0
FR030437,0.005570371452347915,0
FR022753,0.004979382533997103,0
FR031648,0.009831167478119747,0
FR021248,0.005841953301161306,0
FR026636,0.00559525150012042,0
FR021459,0.00712350245714477,0
FR025969,0.006556550890724355,0
FR028056,0.03896153280092321,0
FR022177,0.006119246474459684,0
FR028369,0.012730269240616581,0
FR029741,0.004298225117077531,0
FR027378,0.02655890405142492,0
FR021570,0.01730415280920474,0
FR021735,0.00493292710355921,0
FR024463,0.006476368794897991,0
FR020973,0.013977339787049556,0
FR024423,0.0069188479910030415,0
FR022835,0.004533845591161715,0
FR031030,0.005616337673716434,0
FR022773,0.016920440357261608,0
FR030412,0.005868811874330226,0
FR025468,0.014290387226521144,0
FR027988,0.01603338370090996,0
FR022920,0.009930615769930144,0
FR027753,0.013994469012457201,0
FR022964,0.004571066606796445,0
FR023069,0.008144328707558449,0
FR031072,0.009757081743781084,0
FR031720,0.006197584595227686,0
FR021113,0.00650992198132465,0
FR025254,0.012136387766414937,0
FR020129,0.012071430373592668,0
FR021903,0.02752345467204404,0
FR029352,0.006583230020996015,0
FR023412,0.006463870671329955,0
FR025435,0.007808518988012176,0
FR022169,0.024821597836946103,0
FR023342,0.00476503182349214,0
FR029807,0.006002011679474043,0
FR021312,0.033709342321143906,0
FR020670,0.012920815365427139,0
FR026762,0.006059975695438244,0
FR029726,0.03296817019602405,0
FR023901,0.009479710352216116,0
FR031813,0.00532192075849936,0
FR027268,0.016825822069679197,0
FR022700,0.007490263475163416,0
FR029528,0.006846320538677685,0
FR024605,0.00571031290527594,0
FR024429,0.007913935313580457,0
FR021061,0.005163913739457208,0
FR020936,0.30876380102011947,1
FR026339,0.022864477977743852,0
FR024559,0.006530457548022046,0
FR026715,0.27583264668356844,1
FR027220,0.004037894351634756,0
FR027537,0.004833522559494605,0
FR022969,0.005400787359757657,0
FR026007,0.003532965198122229,0
FR028894,0.004224933713733144,0
FR020078,0.005574747786222195,0
FR030942,0.020297948274964367,0
FR024012,0.013356657925744468,0
FR025906,0.004055141250694542,0
FR028759,0.007615485286154692,0
FR024875,0.005931750627046841,0
FR030670,0.02098848899059308,0
FR025954,0.009995626170670891,0
FR028998,0.012716557851938606,0
FR021661,0.022514836635941636,0
FR028486,0.01205326519792111,0
FR027985,0.0048715037425742565,0
FR025584,0.00790289743054928,0
FR021391,0.007314460957445951,0
FR020507,0.0045346584451758775,0
FR030690,0.005406396539038311,0
FR024628,0.005954150493477613,0
FR025708,0.009988554468781587,0
FR021310,0.008687831687183529,0
FR026381,0.0038534760696383396,0
FR022281,0.010810028683360947,0
FR022815,0.007597172966801472,0
FR031167,0.01103297412830364,0
FR022587,0.005165507295106576,0
FR022986,0.020459529804582856,0
FR026450,0.00849848566447271,0
FR021838,0.004704622975294994,0
FR023426,0.010226073415940867,0
FR027317,0.007729912402395461,0
FR021641,0.015318031919919515,0
FR021101,0.003891957100186891,0
FR031993,0.014015364503314927,0
FR026943,0.008032583371438771,0
FR020652,0.008952592567095494,0
FR025048,0.006180045785841299,0
FR020605,0.026407004264728542,0
FR025221,0.023753102042799144,0
FR027477,0.013344819898178845,0
FR026508,0.02895517657939351,0
FR031559,0.004662646329748643,0
FR021555,0.0064030955675490105,0
FR028589,0.009022294681176771,0
FR026072,0.00400563258947872,0
FR023064,0.008405713241096364,0
FR026360,0.015247400300832352,0
FR021369,0.008230668622582153,0
FR023839,0.010034436159624273,0
FR030367,0.01047035594236766,0
FR031623,0.039199013680007194,0
FR023778,0.01451794674857241,0
FR021302,0.0070608225921558465,0
FR023822,0.031186746880645294,0
FR021352,0.006402463525732787,0
FR030544,0.007418049329521251,0
FR025911,0.011289869779121057,0
FR031628,0.00404755473124121,0
FR020111,0.03050745417035524,0
FR020297,0.005876600885334296,0
FR020581,0.01338773213227976,0
FR021295,0.004132421365494781,0
FR026814,0.008986681846799554,0
FR027743,0.0038541101891331,0
FR025887,0.01674743671768275,0
FR023131,0.007693392689733611,0
FR026881,0.014621092779991943,0
FR024607,0.008503987655209388,0
FR031945,0.009889363072422608,0
FR027515,0.012193442066973516,0
FR020012,0.013591581083927648,0
FR027288,0.009108020701253642,0
FR031408,0.007384398909633226,0
FR024818,0.005946190610255734,0
FR025253,0.006915856447760488,0
FR026387,0.005333365870370781,0
FR031607,0.005510487968934767,0
FR022968,0.004790852655630276,0
FR029114,0.006372429200917908,0
FR026641,0.008533912024121251,0
FR020203,0.005982554447062372,0
FR025428,0.0444149639421113,0
FR025549,0.024776587243202274,0
FR026644,0.019330305508798065,0
FR026371,0.010351367207713496,0
FR029818,0.005934758433570855,0
FR028216,0.09129664370695922,0
FR026031,0.03811096971646047,0
FR028527,0.028254612774570906,0
FR020001,0.021068770870193,0
FR027605,0.010927784500501945,0
FR025471,0.016663016560027118,0
FR020338,0.035933747089255605,0
FR028500,0.003896166551892353,0
FR031879,0.01139567774036001,0
FR027385,0.015615548333114675,0
FR028144,0.007884575023213944,0
FR030953,0.013948189010269122,0
FR025604,0.012145301423762321,0
FR027814,0.0037359156549788457,0
FR022391,0.007951089034570799,0
FR024481,0.004773277855673384,0
FR030348,0.01371815418359543,0
FR026423,0.004412174264757507,0
FR025082,0.01113332014713976,0
FR022426,0.005694122844699983,0
FR029176,0.011438440490568049,0
FR023745,0.007728728599503684,0
FR029932,0.014662054260730079,0
FR030936,0.01096001261805762,0
FR031930,0.00941085374857592,0
FR025180,0.02719145435313526,0
FR026877,0.003948707708672275,0
FR023569,0.009913963798457135,0
FR025654,0.006929281927282281,0
FR027437,0.0036094601123536486,0
FR031338,0.009692184028192882,0
FR020336,0.09474542606496802,0
FR023067,0.005823065837096103,0
FR023970,0.011550140111529168,0
FR029881,0.005336659734835311,0
FR029453,0.010324536816568343,0
FR025810,0.02382321032054937,0
FR028362,0.010391123737600188,0
FR029659,0.006048689193490437,0
FR023616,0.011305352732596499,0
FR031868,0.004808742240636111,0
FR028823,0.023548074417093896,0
FR026052,0.010526480019958453,0
FR026426,0.009977016604074074,0
FR023248,0.012414694372221789,0
FR024503,0.007476009487020233,0
FR021329,0.004373420673872305,0
FR026419,0.04205095829173558,0
FR031214,0.00531173710334973,0
FR026554,0.00866543403733757,0
FR021486,0.006635786490004956,0
FR030401,0.007342020149198537,0
FR024635,0.011106646765093823,0
FR022639,0.012378904795242052,0
FR024865,0.0040736939624405125,0
FR024024,0.007542056596455109,0
FR030528,0.0039383184193950566,0
FR025459,0.0071726184550455286,0
FR026789,0.005701604716942896,0
FR030808,0.010719210245514893,0
FR022494,0.009697585917025612,0
FR025764,0.008421258833772025,0
FR023374,0.00894514109342923,0
FR022484,0.009262399995296815,0
FR028771,0.01580359447077955,0
FR029461,0.005075610754273844,0
FR022697,0.0074407043643806865,0
FR030965,0.013416097419492809,0
FR024023,0.004597871948948845,0
FR026683,0.008856468646464631,0
FR030161,0.01678658958003542,0
FR024213,0.051520872960099065,0
FR030788,0.013234431198293232,0
FR024894,0.006158547727435425,0
FR029652,0.009594749668899998,0
FR027145,0.005022121205924832,0
FR027574,0.004902434405740541,0
FR024724,0.008204389118939077,0
FR030344,0.010396918962015765,0
FR024355,0.004573751611959215,0
FR022284,0.0137088988722718,0
FR025814,0.009705558585938242,0
FR026846,0.004752016247944359,0
FR020637,0.026522267005175675,0
FR021075,0.010930788873190659,0
FR024624,0.006189651662505121,0
FR026143,0.005531236431990294,0
FR021411,0.005814077553053986,0
FR031457,0.005872344094230394,0
FR029686,0.0042629547413970265,0
FR022511,0.010503339029971182,0
FR022573,0.012697674403548478,0
FR020770,0.025525358889163248,0
FR030829,0.015324619801049006,0
FR026783,0.010433908771173266,0
FR027018,0.005668135447226996,0
FR030850,0.004986310611843958,0
FR030628,0.015121655295633172,0
FR028061,0.011160903845269628,0
FR020677,0.004450499264090704,0
FR029884,0.014978038792629895,0
FR026560,0.007232305750173314,0
FR023595,0.013860382037884554,0
FR030735,0.8356322906148985,1
FR026138,0.01095205204803253,0
FR029654,0.01162247710550925,0
FR022322,0.009450181475633784,0
FR024947,0.007748617056311344,0
FR025918,0.0070033416171331984,0
FR026580,0.027246164498249827,0
FR028707,0.01402104622603343,0
FR029969,0.056945097748218904,0
FR029894,0.0033647601131893113,0
FR028835,0.00487275081366091,0
FR025011,0.013807756149901445,0
FR022830,0.019245666596208723,0
FR025355,0.06419460913740097,0
FR029130,0.0128005021046592,0
FR023851,0.009022774148647515,0
FR025475,0.01061702952153052,0
FR026319,0.00867216532539353,0
FR026898,0.003563596765275965,0
FR025664,0.012308840292412465,0
FR021697,0.008012985296888172,0
FR030995,0.009436118421366015,0
FR025717,0.00422144142037394,0
FR030415,0.006081046942549873,0
FR020177,0.008952568299416864,0
FR022802,0.008881859459634014,0
FR020732,0.17070299566905311,1
FR025658,0.0050486160723131794,0
FR028305,0.016412466717811512,0
FR030957,0.00424548121808988,0
FR023973,0.06177945867848069,0
FR023081,0.004362305225881526,0
FR029127,0.010918494563611377,0
FR022340,0.008270230082719345,0
FR022485,0.007460966588591264,0
FR028573,0.03239584635868252,0
FR028102,0.00947714720793107,0
FR021068,0.008881677034410517,0
FR022153,0.008769305007789292,0
FR031501,0.005359778861473702,0
FR028330,0.19091744904384628,1
FR021285,0.008033778746578525,0
FR026749,0.0076373604930334545,0
FR027121,0.010953243389869208,0
FR031977,0.009286325473281652,0
FR031751,0.036165871603827046,0
FR031773,0.017286865025926308,0
FR026974,0.00949815738120353,0
FR031878,0.031366417874054656,0
FR027491,0.028336192083686033,0
FR025671,0.008414875846533863,0
FR025937,0.005814700637917102,0
FR024775,0.030012222294015754,0
FR026340,0.01166975798034003,0
FR030028,0.005635019401126741,0
FR023898,0.010117032763342935,0
FR020377,0.0032164151284078965,0
FR025429,0.007519689080725406,0
FR022124,0.008752059199947565,0
FR022726,0.014829415246223446,0
FR030525,0.004140129495480354,0
FR026753,0.005990672130090845,0
FR024287,0.013151752893709442,0
FR031349,0.005388713933582151,0
FR025625,0.016261891735046337,0
FR021898,0.005661168305961329,0
FR025398,0.009899123185786857,0
FR028034,0.018727841543143286,0
FR027729,0.007937928266365895,0
FR031710,0.023883131850896105,0
FR028120,0.012107246383759224,0
FR022609,0.007792343630517816,0
FR024988,0.01783930815126103,0
FR021620,0.012170307429322492,0
FR023866,0.00837376997268538,0
FR021116,0.009817832082552137,0
FR024372,0.018670205893209786,0
FR023321,0.00649335496992386,0
FR029132,0.009778537778795279,0
FR026265,0.006788373380337157,0
FR024997,0.023034199644130195,0
FR026215,0.014376123667132675,0
FR022552,0.0071578712549793,0
FR025173,0.18197111529002435,1
FR023831,0.005768484381399172,0
FR031818,0.007243581256571277,0
FR021685,0.01228024815632938,0
FR022242,0.014924528161412468,0
FR022364,0.012119157493651413,0
FR023186,0.005186997160622243,0
FR023132,0.008566007777923886,0
FR025951,0.00438439444389222,0
FR031598,0.1979323271152852,1
FR020144,0.005302849753501506,0
FR023119,0.01977402305624408,0
FR025964,0.021093143844385882,0
FR022594,0.011418452056401136,0
FR028171,0.01765842719627142,0
FR022626,0.0038397736352713506,0
FR030744,0.00479815666447744,0
FR023846,0.007647034304877618,0
FR031469,0.010665249822288527,0
FR031476,0.01725078244946268,0
FR026444,0.01653385671484718,0
FR026734,0.007519660872687362,0
FR027370,0.003849947347308066,0
FR022581,0.009925958942860011,0
FR021119,0.012947503456593765,0
FR029544,0.013608061044381881,0
FR031615,0.011932929772968538,0
FR020179,0.006385884943866606,0
FR020917,0.004648773493947116,0
FR024910,0.009068425586941535,0
FR020325,0.004763990449853248,0
FR031967,0.01579405055749712,0
FR020288,0.013444391697609933,0
FR024927,0.003576652656009257,0
FR027555,0.007116936738878396,0
FR029089,0.014465912878839656,0
FR030083,0.012812969281911373,0
FR029950,0.011228242136287647,0
FR026966,0.012553781256476295,0
FR021914,0.005880172319925918,0
FR025293,0.010297828124027797,0
FR029268,0.023190729882612286,0
FR028116,0.0035588767146698015,0
FR027214,0.005913595853954034,0
FR023056,0.03380133788703092,0
FR022098,0.011879470344209973,0
FR028053,0.008582220725942922,0
FR030961,0.029152004408812052,0
FR023999,0.01117239298755239,0
FR025665,0.007498357230525921,0
FR020007,0.005564825071626433,0
FR024933,0.0062597557878541765,0
FR030404,0.0034183568147014964,0
FR027995,0.02383210160976742,0
FR026026,0.006767962913821592,0
FR026772,0.008494009078691609,0
FR028639,0.005200595682765622,0
FR026029,0.017697513957123476,0
FR020957,0.008532653645819788,0
FR020540,0.010853754119257587,0
FR030504,0.01095837047808905,0
FR021837,0.013956127872787565,0
FR029812,0.006103082543960425,0
FR024398,0.006144507426914948,0
FR028668,0.004410761131127478,0
FR023167,0.1324917039300201,1
FR027474,0.0035379681221934904,0
FR024966,0.008814843978050383,0
FR020925,0.009117848293559685,0
FR023632,0.05656130626903928,0
FR029627,0.004929705169746694,0
FR023816,0.006027478944250377,0
FR022806,0.004144339977368534,0
FR027012,0.006269862040087034,0
FR029170,0.01268642965060702,0
FR022647,0.005488266078050341,0
FR028207,0.0050262980990357,0
FR030464,0.4747777541393353,1
FR031631,0.003992281121576341,0
FR025196,0.01727538102856008,0
FR031629,0.004866889977322616,0
FR026592,0.012115898939986647,0
FR023871,0.020739847331475256,0
FR031425,0.2139173989112237,1
FR028819,0.004201173041271437,0
FR028866,0.007144896366981034,0
FR028247,0.025072604519772217,0
FR024085,0.005825592605265962,0
FR022838,0.02135595688010935,0
FR025738,0.0054529293083008575,0
FR026761,0.005682421920420124,0
FR021756,0.0038607222028161875,0
FR020768,0.007879270548095715,0
FR030826,0.004945678049918996,0
FR028355,0.010159753061305302,0
FR023852,0.04859899142687501,0
FR030756,0.00850688968203929,0
FR025312,0.008859157746590914,0
FR024719,0.00789035906841264,0
FR024847,0.021683826615460103,0
FR029288,0.01649988948377641,0
FR029398,0.006297431868558006,0
FR026711,0.00777069472670244,0
FR028959,0.004798833531568071,0
FR031596,0.009169324394075858,0
FR028817,0.022435868979857512,0
FR021577,0.005075050831178042,0
FR022858,0.013837713415945998,0
FR029715,0.03117430457111245,0
FR020886,0.007011971580146128,0
FR023341,0.004285919204285954,0
FR031956,0.013489709657220196,0
FR029378,0.007229582847204265,0
FR026950,0.014490853589267258,0
FR026804,0.016834700032556868,0
FR028329,0.0064777467973170105,0
FR024411,0.004872457265720926,0
FR030986,0.0072781249282204185,0
FR024193,0.03158850144840826,0
FR026591,0.006657866373540849,0
FR026037,0.00885166755797389,0
FR024565,0.009519869693946869,0
FR022218,0.005514101279535973,0
FR031116,0.0052479312581763336,0
FR024353,0.01257204417862601,0
FR022604,0.007330395503109693,0
FR020285,0.029832428004644862,0
FR029121,0.01577001242880028,0
FR023665,0.006855559059883886,0
FR020453,0.048931505086120056,0
FR022459,0.026100897288418523,0
FR020526,0.008696516774853176,0
FR023404,0.00678090637736819,0
FR028445,0.02750285517935367,0
FR030974,0.024350914864781907,0
FR020787,0.012994849969067327,0
FR031375,0.051013472738664085,0
FR025952,0.005072907183438403,0
FR025054,0.10538182319355621,1
FR021323,0.024716439109113773,0
FR029629,0.023183821463803066,0
FR031354,0.008591643503852421,0
FR023682,0.008774480522913741,0
FR023611,0.012024007603187399,0
FR024919,0.027444413349776074,0
FR025769,0.0333693159641613,0
FR023114,0.01879298349594636,0
FR024095,0.010223739935415962,0
FR022209,0.008122837725628329,0
FR024670,0.006866296176794684,0
FR026480,0.012195632307300697,0
FR025987,0.0487812664109106,0
FR020591,0.019551787535806945,0
FR020271,0.6324237815557003,1
FR024149,0.011908154373647499,0
FR029840,0.01026250425978149,0
FR031334,0.008365591969685133,0
FR029496,0.02708187856098928,0
FR022499,0.0033940476112151573,0
FR028945,0.005685088772409029,0
FR026021,0.0046794223843558466,0
FR022682,0.008732215616346004,0
FR030672,0.01807663316310923,0
FR023525,0.07961231616441206,0
FR028304,0.007435403520319674,0
FR021172,0.00601471229605891,0
FR021639,0.007145083010393979,0
FR028928,0.04151721176215631,0
FR027339,0.021184673522744994,0
FR029896,0.3655296636911237,1
FR022571,0.004903108685888032,0
FR028650,0.007540906505912853,0
FR025860,0.0187022428723344,0
FR023070,0.012178466930061273,0
FR026346,0.013217974496934265,0
FR025338,0.0053950099873464625,0
FR023996,0.007036975176773226,0
FR021338,0.006030399168874765,0
FR031865,0.07008326450939315,0
FR023600,0.4616955236650957,1
FR030341,0.022956888663163907,0
FR020117,0.012595607690075002,0
FR031022,0.010701291019053882,0
FR023035,0.007640810667785537,0
FR022436,0.026342633697015908,0
FR023220,0.012899747100679312,0
FR020276,0.017064031735139165,0
FR021794,0.007274615006830807,0
FR024509,0.007548615963901069,0
FR022777,0.01571386754922336,0
FR031232,0.006851047095162549,0
FR028986,0.01898714426979431,0
FR030533,0.0219883036211839,0
FR020300,0.006803908801520852,0
FR029997,0.005904303046142978,0
FR021021,0.007566571209534273,0
FR029792,0.0467338384828483,0
FR022711,0.006082467913045045,0
FR025915,0.021101628419772863,0
FR025582,0.020862733730931858,0
FR030702,0.004689317166800069,0
FR020921,0.005975032360866399,0
FR030877,0.017243247433734156,0
FR022303,0.013067137719360473,0
FR028402,0.014142800680130956,0
FR022872,0.017737997127535016,0
FR029007,0.004819936101022139,0
FR023751,0.01008252801522001,0
FR027855,0.012538077288302793,0
FR031716,0.00708716848604701,0
FR026692,0.008549138363982415,0
FR020681,0.007630511982156926,0
FR026631,0.006185356712163805,0
FR028413,0.015846302036017997,0
FR031802,0.011478661952918079,0
FR030659,0.21198671470529348,1
FR028760,0.017246501699957284,0
FR023591,0.03809618678072301,0
FR027588,0.00904859474596401,0
FR026313,0.004559404509327217,0
FR022134,0.012383274755943672,0
FR024000,0.005501161758032435,0
FR028935,0.03694654590109584,0
FR029920,0.021833505222540267,0
FR023111,0.01017296814793417,0
FR020275,0.007312828824145962,0
FR020195,0.16095473553388068,1
FR026388,0.010596309909053865,0
FR030291,0.004023928740099025,0
FR026464,0.003640707782702011,0
FR025518,0.008794455688258405,0
FR022173,0.008612271383877032,0
FR021477,0.005944450774741351,0
FR030513,0.488175354394631,1
FR026648,0.25419386084457735,1
FR021342,0.005600979745516066,0
FR028885,0.007584438812232984,0
FR023366,0.009296381034340207,0
FR025564,0.012565816039831475,0
FR027218,0.00840939470520896,0
FR025865,0.014885591284103786,0
FR030277,0.004859070987698971,0
FR024348,0.017468235339963126,0
FR031223,0.0056301614919118175,0
FR024390,0.012634338360112185,0
FR027076,0.019040385381761483,0
FR031467,0.027048818999888084,0
FR022147,0.004741099834692893,0
FR020128,0.025838913067288312,0
FR022769,0.0046059969340491586,0
FR031246,0.009270519327854252,0
FR025237,0.012639091911848744,0
FR022043,0.005862916103260762,0
FR020731,0.011381560704589577,0
FR028455,0.03233528122383583,0
FR027826,0.01584836466541313,0
FR029341,0.01349424882236466,0
FR023610,0.009654998795942758,0
FR021822,0.007249120055384146,0
FR029867,0.006540969566562662,0
FR022075,0.014236876106059004,0
FR025067,0.021118636568040194,0
FR020894,0.009894032642295863,0
FR022490,0.01485930953590211,0
FR030009,0.06311200561853408,0
FR021795,0.1093741995512483,1
FR025231,0.010165260557170005,0
FR020730,0.007093109917758402,0
FR021921,0.007110660018474048,0
FR026115,0.021693275527761048,0
FR027178,0.004315692950724365,0
FR027383,0.00791474920495873,0
FR027318,0.0309316825682504,0
FR030261,0.003322555078354978,0
FR027611,0.03844397171393164,0
FR022160,0.008133268879149013,0
FR026125,0.006707855196281984,0
FR031754,0.01864758999443822,0
FR023260,0.004648855617003228,0
FR030572,0.022010001690934387,0
FR028480,0.005234013778034074,0
FR026119,0.04213464188191167,0
FR024953,0.004032273765881351,0
FR031036,0.007945127421336292,0
FR031456,0.022069484999500573,0
FR027914,0.018732733188890016,0
FR027255,0.007665099347747044,0
FR025920,0.01147838295337155,0
FR023156,0.011159830074318023,0
FR030759,0.005709932147087387,0
FR029069,0.0673277406415372,0
FR024812,0.008260266541028412,0
FR030144,0.02372002043463025,0
FR023128,0.005361166637794406,0
FR020815,0.009605282785387897,0
FR027186,0.017242104229187552,0
FR023385,0.015278523943831765,0
FR030887,0.00774882905793461,0
FR020398,0.021336863191779076,0
FR024610,0.010541317766847885,0
FR023151,0.0037835645444270934,0
FR021579,0.011740460297560543,0
FR030632,0.0302990684734201,0
FR020006,0.17191934230020683,1
FR026628,0.015735647269897554,0
FR028461,0.005498694916219795,0
FR020694,0.006893121044119298,0
FR022438,0.009565900959604422,0
FR029221,0.27523016049080684,1
FR020486,0.004436645258669757,0
FR028744,0.005143201397837522,0
FR027115,0.004092227514777344,0
FR030190,0.005187877326378336,0
FR026315,0.08195068521371976,0
FR021057,0.006382719121616625,0
FR020014,0.010456309670650473,0
FR023606,0.02820299265855134,0
FR024802,0.01788472131974988,0
FR028019,0.004955979441401182,0
FR020834,0.025821407508331156,0
FR031062,0.00344664026643908,0
FR030557,0.013673880334507733,0
FR025379,0.01115442857170031,0
FR026793,0.004449731145430189,0
FR025715,0.01138948592046719,0
FR022311,0.011487941418361777,0
FR026691,0.010439932653766068,0
FR022141,0.015112316212292965,0
FR026970,0.033950073562531734,0
FR026361,0.005256031817146045,0
FR020575,0.0072278426226104215,0
FR030843,0.008017982697294292,0
FR021160,0.014769955250981697,0
FR025336,0.008730682139452252,0
FR031774,0.013554473624017809,0
FR025943,0.00645579244037662,0
FR020013,0.004444336479951535,0
FR028232,0.003327526895929763,0
FR020537,0.009047066958804268,0
FR021713,0.02089388631716183,0
FR028748,0.008201445960535049,0
FR025192,0.016260768291193377,0
FR020695,0.00725689753520505,0
FR023189,0.022250808533457588,0
FR025052,0.006970233343994591,0
FR030142,0.010252434592526042,0
FR029362,0.01437006625258971,0
FR021884,0.007115202206461406,0
FR029327,0.01476983752669616,0
FR031766,0.006458801495732688,0
FR022755,0.010106195927166654,0
FR021930,0.024056062038337926,0
FR022487,0.006449113040299076,0
FR025019,0.020050192464424355,0
FR022443,0.02608699571630505,0
FR027725,0.018001059794453968,0
FR023517,0.008475272325316432,0
FR020850,0.0122760597739324,0
FR023691,0.01810555557937154,0
FR024345,0.020225532309642268,0
FR021883,0.009238091882584,0
FR023216,0.00804841610725139,0
FR028342,0.006751695468724991,0
FR029923,0.06945063700937298,0
FR022598,0.004365531356112069,0
FR029943,0.010804394587224236,0
FR023494,0.03170704788586974,0
FR026347,0.008402260230218984,0
FR025419,0.006094508804341477,0
FR026199,0.02024936746224041,0
FR024738,0.007854956773330925,0
FR025246,0.025133965572849123,0
FR029740,0.01685249213765609,0
FR022850,0.007448605298894536,0
FR021999,0.009013026825281857,0
FR023437,0.012624272737442968,0
FR027024,0.011729373365041786,0
FR024743,0.6059572396132588,1
FR023929,0.0176681652805125,0
FR026630,0.019029884484578166,0
FR022997,0.02248438517270241,0
FR029685,0.011850404942291391,0
FR028350,0.0038839360107223416,0
FR026243,0.004295387061565641,0
FR022285,0.010949404667481163,0
FR020442,0.09773628629997419,1
FR030817,0.00610405184016671,0
FR022976,0.007898540187365848,0
FR025557,0.011678565178757847,0
FR020510,0.09310551830178934,0
FR024265,0.008318146099186614,0
FR031196,0.008599711168085358,0
FR030656,0.04230453619005156,0
FR022503,0.009726977182902413,0
FR028030,0.018460539342802215,0
FR023274,0.018540595021032162,0
FR022384,0.008593737792812644,0
FR031853,0.014514845348685084,0
FR020027,0.006565673539267045,0
FR022643,0.12169104280455248,1
FR028072,0.038290072860628355,0
FR020411,0.01868560940481475,0
FR023811,0.013008988860360912,0
FR028132,0.005150115054240574,0
FR026611,0.011621734859196167,0
FR020946,0.23026987244465746,1
FR031261,0.011380229354366927,0
FR024259,0.007490693794515665,0
FR020357,0.014707917611238125,0
FR031996,0.009929715449730245,0
FR024533,0.009037490064734803,0
FR030486,0.005034244456617411,0
FR020746,0.004778964472692012,0
FR020991,0.030280028668834447,0
FR026042,0.005590094968126749,0
FR025927,0.00540978909720082,0
FR030894,0.016370987143438768,0
FR025558,0.014423051933781104,0
FR029417,0.006499258684495024,0
FR027466,0.004824455579042271,0
FR025862,0.0073463538418665555,0
FR030781,0.005974886907170197,0
FR031859,0.006196911070145585,0
FR031557,0.022204614398873536,0
FR021880,0.004293156694963949,0
FR029963,0.005366353057194824,0
FR022720,0.01666648840794796,0
FR023196,0.004893314668452555,0
FR020384,0.02272293496024068,0
FR027172,0.010045368672788265,0
FR027573,0.017312532951995932,0
FR029425,0.006318437745593193,0
FR022927,0.047004698907750234,0
FR021071,0.005508508548892814,0
FR022737,0.011897215768377312,0
FR031424,0.01881644089066767,0
FR028411,0.007674875993175823,0
FR028468,0.022745524814412478,0
FR022130,0.014271658772188308,0
FR024761,0.005609931472318731,0
FR021569,0.007718392375362828,0
FR028619,0.010278482123280993,0
FR020343,0.017288523102332885,0
FR020844,0.013667393561771124,0
FR020184,0.006716680202978715,0
FR024324,0.011646482221134236,0
FR026556,0.014403880809274947,0
FR023587,0.003844689387120437,0
FR028653,0.04694001941238002,0
FR030182,0.016785150543595258,0
FR024387,0.030581472678486613,0
FR021798,0.01853814288081204,0
FR025388,0.01223301447388368,0
FR029275,0.02021289199531997,0
FR027405,0.005591741277458944,0
FR030451,0.024659529836684922,0
FR029281,0.014938884976577733,0
FR021747,0.003786244898365448,0
FR026009,0.0069595115536843725,0
FR031345,0.005789761129274654,0
FR027045,0.004059526431279728,0
FR031847,0.012139605814404684,0
FR026485,0.0064093588906421195,0
FR024153,0.4992504230562097,1
FR022243,0.005941423422319125,0
FR027280,0.028166307985432973,0
FR026873,0.012393672367493624,0
FR023528,0.015151876946883535,0
FR028796,0.008554136763209026,0
FR031722,0.010283659817333188,0
FR021271,0.008231288485726334,0
FR029941,0.036437435434129584,0
FR023912,0.013833775955481608,0
FR028975,0.0074277309744327485,0
FR023242,0.004657299409210424,0
FR028994,0.015301218712117964,0
FR021839,0.00971066254511977,0
FR029388,0.04567552279760355,0
FR028769,0.010612889682139953,0
FR025989,0.024129367990759328,0
FR028687,0.02977948659023946,0
FR020761,0.012395007188078313,0
FR020327,0.022623268270887953,0
FR027739,0.00569635864080136,0
FR026261,0.005529777447227699,0
FR031107,0.007824526467684143,0
FR029689,0.009548972537661207,0
FR023442,0.008294504011731185,0
FR025078,0.030116378748992548,0
FR025660,0.008795864111218696,0
FR029261,0.010450924100584326,0
FR025668,0.008825030108006868,0
FR030292,0.004247635358516539,0
FR031045,0.013030079377268898,0
FR028923,0.03044618892209423,0
FR031052,0.006171836038722426,0
FR026309,0.008530791720952384,0
FR025844,0.016936420888214263,0
FR030352,0.017010361682689046,0
FR023624,0.005948819203222837,0
FR025084,0.006371090664694943,0
FR031839,0.006912877874311156,0
FR029348,0.012830612535082938,0
FR023239,0.0030857777338769692,0
FR020913,0.05036293462474134,0
FR030842,0.004669518517569976,0
FR027668,0.02459154765836541,0
FR026583,0.014703116560293102,0
FR022820,0.009327543972683445,0
FR029106,0.003851537463183945,0
FR020057,0.02569818285141385,0
FR021002,0.003995618783581383,0
FR026166,0.010069663460862863,0
FR026891,0.005289052491670748,0
FR022354,0.006509689004734047,0
FR020606,0.0035305608862797227,0
FR030896,0.015687046454779474,0
FR024354,0.00943736042141603,0
FR029252,0.009105659041727297,0
FR023087,0.01897186477021582,0
FR031428,0.00480184646624553,0
FR024932,0.009733510864758037,0
FR021162,0.041206569998108324,0
FR031035,0.020430186728852252,0
FR030934,0.01568045396175793,0
FR027533,0.019602848247890846,0
FR028731,0.035419317639377314,0
FR020515,0.0031386343247063494,0
FR023931,0.004514648272664403,0
FR023739,0.01216437169112999,0
FR030499,0.018739217748310597,0
FR031265,0.011069880249445278,0
FR027770,0.015340789648553921,0
FR029437,0.0030215573333886615,0
FR024830,0.007849594518850776,0
FR027381,0.03760144083628596,0
FR026678,0.007975519376972665,0
FR024210,0.005445933229416692,0
FR029020,0.022647070269816348,0
FR023061,0.007491295776422159,0
FR025616,0.010194105111032348,0
FR023372,0.008577153385297784,0
FR030101,0.007567904999292641,0
FR025757,0.01721033878719208,0
FR025275,0.0089044160121154,0
FR030595,0.017041129605815677,0
FR025983,0.016801894512339228,0
FR021288,0.0035510223692265977,0
FR023278,0.08090573407793855,0
FR024636,0.005827049242966174,0
FR020236,0.020020068730845768,0
FR021137,0.0036895089708032704,0
FR031492,0.08202435207805533,0
FR023020,0.004000545614382272,0
FR028890,0.02429614319748514,0
FR030204,0.0043248541362376595,0
FR021574,0.16906763804305086,1
FR031954,0.0305751167825555,0
FR026918,0.005120935488225065,0
FR026557,0.003959951149415176,0
FR020359,0.009704352459236107,0
FR024596,0.008129210557147265,0
FR029784,0.05094399109842744,0
FR028757,0.009566561603013744,0
FR029603,0.021868242537154622,0
FR031443,0.011278965466104195,0
FR025669,0.0034780184302416373,0
FR020701,0.017070566041694872,0
FR023604,0.004290467382663858,0
FR023807,0.006052600214503344,0
FR027324,0.014121427473650772,0
FR021315,0.008656466895439884,0
FR022155,0.006646126423722581,0
FR022526,0.01775570876703745,0
FR031303,0.047597664883822076,0
FR022983,0.030350996275074066,0
FR023710,0.006947764202339846,0
FR020174,0.009781429819716997,0
FR031646,0.01833617563671074,0
FR024296,0.005579533672225754,0
FR023833,0.01985185840183764,0
FR026062,0.014615478588458821,0
FR025866,0.005826375478458722,0
FR022032,0.032586897666447914,0
FR026491,0.010250577735185114,0
FR031445,0.012910372883313054,0
FR029199,0.030482497635093114,0
FR025741,0.024219731172668076,0
FR022038,0.005425577370366764,0
FR026004,0.005633455195888643,0
FR021359,0.012253042104553986,0
FR026977,0.003708709955332732,0
FR027157,0.00844540290898401,0
FR027332,0.005718326048665885,0
FR024535,0.009927203440619661,0
FR028999,0.016230261129243417,0
FR020582,0.007633442439470995,0
FR023713,0.004494546341571315,0
FR027402,0.006523934045254064,0
FR020460,0.013453901488062688,0
FR022634,0.05118504328920401,0
FR029368,0.2707929993579632,1
FR028485,0.005505598551671945,0
FR023718,0.008647060121313187,0
FR025990,0.004956737875862574,0
FR030206,0.006036927256821284,0
FR021032,0.014117927046651794,0
FR020053,0.006920403784740244,0
FR023157,0.14728556831785392,1
FR020279,0.007781971413742074,0
FR029014,0.009232285313604097,0
FR028536,0.008065721082731452,0
FR024058,0.006406867445031704,0
FR030950,0.004918909491165047,0
FR025807,0.006105501076209044,0
FR021133,0.03621162209422642,0
FR026537,0.0036854128838625217,0
FR023464,0.004685342425493183,0
FR023129,0.01111580225251884,0
FR023436,0.006555372578329673,0
FR020954,0.025057099233168893,0
FR031253,0.04027997677871138,0
FR029718,0.004867226992438233,0
FR029917,0.02413430716471074,0
FR028289,0.010126715263252352,0
FR025824,0.013703577797730768,0
FR022693,0.02109344592770436,0
FR028017,0.011408291818419,0
FR024405,0.006097575327452025,0
FR022721,0.009411248315908748,0
FR030442,0.018382801813657142,0
FR026020,0.007002803178548215,0
FR020022,0.00953730363740453,0
FR020358,0.004835629075287741,0
FR021424,0.011273832816104959,0
FR026794,0.026199102365626552,0
FR024152,0.005402181771047145,0
FR024100,0.005492884409290499,0
FR024985,0.011209445118862148,0
FR022022,0.005022431281705507,0
FR029837,0.016326736462972523,0
FR022297,0.009477771028971353,0
FR026884,0.020692071967088867,0
FR029196,0.01261074270562135,0
FR025212,0.010406654333864156,0
FR029306,0.008568328534514447,0
FR027638,0.008803248674588933,0
FR024062,0.03635142245129713,0
FR028620,0.018314172545677174,0
FR023058,0.07807046902759149,0
FR025699,0.0051102493500278946,0
FR027797,0.008276053450640048,0
FR026463,0.0074910409106869955,0
FR028853,0.004477204915742283,0
FR021480,0.0133361005844617,0
FR028021,0.004684507792781381,0
FR025755,0.0069584523959053644,0
FR021781,0.008830013567550296,0
FR026059,0.0075280256072628,0
FR022488,0.0071532313102147145,0
FR024165,0.004219506917208876,0
FR031177,0.008630144726118678,0
FR024798,0.01271576762546173,0
FR028726,0.007579653934656313,0
FR025259,0.00909290153932369,0
FR031926,0.006749609967471145,0
FR029746,0.004754728501772033,0
FR021153,0.006319147222535122,0
FR026005,0.010952485239256335,0
FR027075,0.019822979922113272,0
FR031798,0.008841886526200226,0
FR024230,0.005304170470751343,0
FR024215,0.019742457310091596,0
FR020805,0.7571390823067943,1
FR023869,0.009057812767335666,0
FR029947,0.008159426988321405,0
FR025251,0.013650657192082614,0
FR020407,0.020678210720055865,0
FR024518,0.012115848574598794,0
FR020998,0.01592725621898365,0
FR027418,0.010509945795677066,0
FR027740,0.01591017566664181,0
FR023637,0.019033727507813056,0
FR020790,0.02096526675409787,0
FR031910,0.005503141440312527,0
FR024823,0.020191600292220314,0
FR020971,0.004575557745117975,0
FR030933,0.013521239780370094,0
FR023536,0.006548248304712534,0
FR025737,0.034307982079997974,0
FR031421,0.005127117452465866,0
FR028947,0.020364516206742622,0
FR028052,0.004751506486897832,0
FR025185,0.09099787638268056,0
FR023482,0.005011525177857388,0
FR027944,0.012759755817353686,0
FR026012,0.009959108865007615,0
FR026496,0.012118209047891335,0
FR025282,0.018159453185451375,0
FR021287,0.006027063808036349,0
FR030267,0.013673020472428517,0
FR020480,0.01038561314310927,0
FR028147,0.05080604784421759,0
FR026705,0.028032376898205376,0
FR031497,0.009872385868655615,0
FR030816,0.00567259512678318,0
FR025960,0.04645368088428156,0
FR020049,0.01666129608703301,0
FR024171,0.020630335684816176,0
FR028044,0.00975991146572169,0
FR025871,0.006831354608367719,0
FR025837,0.019098991234847144,0
FR024368,0.005415478297947952,0
FR027238,0.006343806860184908,0
FR029167,0.00890093212531489,0
FR027603,0.2382189379307182,1
FR026656,0.008013399299031113,0
FR028913,0.009524986393870363,0
FR025023,0.005195149895985084,0
FR026200,0.013811309032650357,0
FR020393,0.006405541720400475,0
FR028741,0.022002753259434238,0
FR024519,0.005611516979074116,0
FR020594,0.03817534087328216,0
FR030230,0.0038187691088548566,0
FR027198,0.004465159106612073,0
FR028479,0.01346718028899368,0
FR028598,0.006717976763185781,0
FR030733,0.029581347296993923,0
FR022819,0.01109000718906233,0
FR024948,0.0077855694058575385,0
FR020469,0.0058704256151199,0
FR030813,0.005303088424459432,0
FR029077,0.019240805666560036,0
FR023184,0.04810323769627191,0
FR023221,0.023968804426723174,0
FR021580,0.016342900576730914,0
FR022744,0.049085607849145896,0
FR022308,0.010355821257670178,0
FR029012,0.010523711551968074,0
FR028560,0.02025643251806944,0
FR029862,0.012655067263743148,0
FR028104,0.010628390333228956,0
FR031407,0.013313488166147294,0
FR029660,0.003688593042514911,0
FR029913,0.013599643191251527,0
FR030432,0.006435101016112583,0
FR030922,0.0065648371977947186,0
FR025114,0.0052262877619735654,0
FR031436,0.003861718999184395,0
FR024555,0.005226912671405735,0
FR027548,0.015423664711317606,0
FR025823,0.02420422584068329,0
FR028939,0.022734776631077397,0
FR024566,0.011213699261340832,0
FR021317,0.00659276213480889,0
FR026087,0.004822886300815369,0
FR025257,0.00719587673218146,0
FR022923,0.015968118310344462,0
FR026230,0.005011655623923885,0
FR028328,0.00811928179623991,0
FR022296,0.015857109880577668,0
FR027562,0.03152367072318303,0
FR029709,0.005819330158274466,0
FR020592,0.007935718532826925,0
FR030242,0.014527689584013126,0
FR023942,0.006209800483273522,0
FR031867,0.005982845701583054,0
FR031468,0.010503330580454523,0
FR023158,0.004030641667749206,0
FR028456,0.014541567900151901,0
FR021254,0.2805906100047286,1
FR027684,0.026863315848348154,0
FR023502,0.0046625358820246,0
FR023391,0.00797897967656617,0
FR028276,0.010075781381034415,0
FR028027,0.0074920977748370865,0
FR028924,0.0060145835722263535,0
FR025620,0.011955637105051233,0
FR028162,0.022988668012767825,0
FR030700,0.01720220783615064,0
FR025687,0.0066702257350241415,0
FR029323,0.0153130121869612,0
FR020945,0.008056558236406556,0
FR022407,0.05058604031364877,0
FR028365,0.008057680500721032,0
FR031893,0.009076456099944698,0
FR027822,0.0060533630031673075,0
FR026233,0.01506910571391974,0
FR022637,0.003806575925046324,0
FR031757,0.00831205286531931,0
FR021158,0.004634958891758812,0
FR025269,0.007287052747168883,0
FR029422,0.22350665090424354,1
FR028524,0.004838545380904341,0
FR020463,0.009998633361047381,0
FR029949,0.006182357382553207,0
FR025064,0.022040631022508014,0
FR029286,0.014695082340132344,0
FR031462,0.02506645968472177,0
FR025861,0.015609468942299275,0
FR027898,0.010681494960066682,0
FR029426,0.032235445050775496,0
FR020895,0.004290508985016752,0
FR022834,0.0033939636502223953,0
FR021807,0.015651954481299697,0
FR031233,0.01086284338676612,0
FR031921,0.007893333284762776,0
FR020968,0.00958787742169578,0
FR020417,0.004520334364597697,0
FR029737,0.03934984457539277,0
FR025194,0.11427451847457074,1
FR026460,0.011045605601345387,0
FR023805,0.0067880783832452475,0
FR030103,0.013368252748548809,0
FR022695,0.0032632379356388815,0
FR026562,0.004682827745973792,0
FR028109,0.012004033833889847,0
FR027514,0.006843687013901327,0
FR027500,0.017488077996865865,0
FR029614,0.03504353694631284,0
FR020966,0.009997671912156208,0
FR020714,0.017347567763157337,0
FR024121,0.015479719984450718,0
FR028010,0.013185595737703972,0
FR028680,0.029526854873053204,0
FR021360,0.019336469694585585,0
FR023553,0.006454804045852421,0
FR023703,0.02924098620280504,0
FR026565,0.04950086598395004,0
FR031270,0.003894796040711205,0
FR020658,0.08422538840126319,0
FR031533,0.01726773964157755,0
FR022584,0.005567558621184486,0
FR029817,0.0030273133713455947,0
FR021194,0.0041775237562019,0
FR023956,0.04849781737152532,0
FR024813,0.010501079365343353,0
FR030073,0.024664566017880307,0
FR025934,0.006694579954320724,0
FR023261,0.016289654640530615,0
FR029733,0.010300297653259387,0
FR031230,0.021134328319506207,0
FR024666,0.008701057738150764,0
FR020809,0.00797466751800776,0
FR024403,0.010015379120112331,0
FR026807,0.005856277345382204,0
FR025783,0.00479607114208333,0
FR028263,0.04727372374050319,0
FR026575,0.011092221023902945,0
FR026001,0.0040516563780607865,0
FR027032,0.022410086732857035,0
FR023347,0.008944092729074832,0
FR020900,0.36960367160063956,1
FR029060,0.006619067263704478,0
FR022842,0.005993032436791548,0
FR025788,0.6943266700822166,1
FR030925,0.026621146074611177,0
FR024920,0.004648395829846672,0
FR025965,0.014140201151984888,0
FR025888,0.010332814305732312,0
FR026359,0.004684451503821924,0
FR021889,0.006142524461969235,0
FR028288,0.005254356974232127,0
FR020854,0.012102069465119158,0
FR028515,0.0056229099564833185,0
FR029878,0.009973218912817942,0
FR021949,0.004602269637165941,0
FR031397,0.0037706911075112096,0
FR030308,0.009919422637109088,0
FR030893,0.019052887719729766,0
FR025322,0.012042988979916645,0
FR026180,0.005646116157137004,0
FR025360,0.004632337872637603,0
FR028475,0.006633675620056902,0
FR027998,0.023756449361633687,0
FR021084,0.012475499503226104,0
FR021373,0.009544944577176941,0
FR031988,0.06030880240067069,0
FR026392,0.01147795892402512,0
FR023122,0.05007964490208891,0
FR025147,0.021079011118191028,0
FR021732,0.00511258770517415,0
FR026690,0.00985153452002133,0
FR023417,0.009266362034741973,0
FR024049,0.004506939789063578,0
FR031109,0.009465746991049115,0
FR023549,0.012798112507897006,0
FR026262,0.015390403636734516,0
FR028800,0.005669412037014066,0
FR027916,0.004711172137820045,0
FR022213,0.017073700714347398,0
FR021213,0.02257220663588802,0
FR022734,0.013591202231164261,0
FR029185,0.01008211058625318,0
FR026436,0.01376124704860817,0
FR020553,0.012328568748877663,0
FR027227,0.004249500035490633,0
FR022400,0.00540728461051361,0
FR021417,0.01634100582031163,0
FR021472,0.007214027929613562,0
FR030976,0.005725871594881559,0
FR027653,0.00969952680507959,0
FR024750,0.006831699419483494,0
FR025007,0.06370522940565479,0
FR030987,0.003190684116352372,0
FR023613,0.012650719013737592,0
FR020922,0.006202831733012082,0
FR028922,0.011413777636416662,0
FR031934,0.018639396354502118,0
FR027488,0.011204094208325303,0
FR026993,0.024597357415263962,0
FR023882,0.013261177643808304,0
FR024158,0.01142688656051755,0
FR020814,0.005802921537519856,0
FR031008,0.018841060639633853,0
FR026527,0.004932553453368007,0
FR022231,0.004418837885634706,0
FR031274,0.004983475868425329,0
FR021481,0.004437231180671694,0
FR025059,0.051574984734348225,0
FR022361,0.02368621743934527,0
FR028118,0.4376901055250224,1
FR027055,0.004531180202932385,0
FR030248,0.0077354114571848275,0
FR020265,0.010261252157990054,0
FR023149,0.0101720332310158,0
FR029122,0.007039098015226044,0
FR030750,0.009895468529814582,0
FR023773,0.0147687777157123,0
FR027648,0.028337789449640206,0
FR020710,0.011752242627972757,0
FR025098,0.006234663556450174,0
FR031344,0.008986665696169023,0
FR025993,0.008612990859714578,0
FR024680,0.01916429562263778,0
FR030754,0.012880241066052036,0
FR026082,0.02390794148063101,0
FR027631,0.008487030662827712,0
FR022993,0.014264283096526659,0
FR028818,0.011487220740967315,0
FR020632,0.004578889306357494,0
FR021867,0.02187806586444798,0
FR020447,0.009029471851843121,0
FR023879,0.0079815753828355,0
FR031586,0.005907864642923295,0
FR029578,0.009329378969325118,0
FR028755,0.011393404433267907,0
FR028918,0.004095205590455342,0
FR028084,0.010226973009790731,0
FR029162,0.011105679504089954,0
FR028592,0.054276102929480805,0
FR031028,0.005909401656777441,0
FR021487,0.00629632175812488,0
FR030516,0.012509368485256935,0
FR025884,0.01292920432828628,0
FR022946,0.004530359673773604,0
FR023126,0.01384202221973065,0
FR024156,0.10876567035544746,1
FR030774,0.014567643481246208,0
FR022388,0.004752992512616478,0
FR020674,0.011732803020468703,0
FR022433,0.017946952270263876,0
FR029083,0.011856721414124732,0
FR025799,0.006058478816151288,0
FR023512,0.07975811449035944,0
FR023185,0.012607214860736817,0
FR020989,0.010770317282182501,0
FR022162,0.01970054887918477,0
FR031291,0.01351557108767745,0
FR020948,0.013281775258223733,0
FR021565,0.0057216916664396406,0
FR022895,0.00339175453855415,0
FR028278,0.020008236602553513,0
FR024556,0.10753600028303548,1
FR030830,0.017156461238113714,0
FR031006,0.006740054632705491,0
FR031529,0.00733174934103602,0
FR027586,0.005255066722382238,0
FR020656,0.027136349801957373,0
FR022240,0.017027254073293193,0
FR020323,0.013961907083110077,0
FR030787,0.004824995322998269,0
FR024759,0.004662438873837856,0
FR029636,0.005974451549108315,0
FR020156,0.0055291924965046035,0
FR027204,0.005848803247601652,0
FR029134,0.009872649029525189,0
FR025470,0.006630194447004044,0
FR023048,0.018399139908148433,0
FR020807,0.005443025872062749,0
FR028227,0.006925883303842277,0
FR029361,0.008503260404144435,0
FR031610,0.017023590444646537,0
FR026882,0.02707890126905516,0
FR028605,0.06807814101869655,0
FR025207,0.010921505581276976,0
FR031924,0.01633162682567675,0
FR027722,0.018712482907850825,0
FR031130,0.007824274219515107,0
FR029536,0.005069690709942783,0
FR020226,0.01670419497714369,0
FR023927,0.004140013722516418,0
FR022062,0.011473414961244065,0
FR027154,0.020822694229957313,0
FR025149,0.004574643560107323,0
FR021682,0.035314861313635065,0
FR030131,0.005848741630633437,0
FR020218,0.008459625429547188,0
FR030396,0.005936955863607254,0
FR022572,0.009494897292810237,0
FR031633,0.006954798738599702,0
FR030119,0.00860149339922621,0
FR027918,0.012339754772862928,0
FR031029,0.009923283876858546,0
FR028712,0.5114809111993677,1
FR021184,0.010361592693783957,0
FR024227,0.011187525957670159,0
FR020933,0.009700255591608937,0
FR025430,0.01832097868140555,0
FR030443,0.026694009745916035,0
FR026212,0.023379209304632276,0
FR027712,0.020315678076207024,0
FR028735,0.005068425627234479,0
FR023776,0.013387049072428452,0
FR020244,0.5238697784699957,1
FR027393,0.011850904889615686,0
FR021261,0.004282759354632864,0
FR025905,0.010814610441604172,0
FR026120,0.016482656592157363,0
FR020441,0.013175128676144284,0
FR021281,0.005806211523121496,0
FR031600,0.010129547956583985,0
FR022249,0.2833312810136245,1
FR026321,0.010617758599913731,0
FR025110,0.007785927711572302,0
FR020061,0.013553688503823377,0
FR020680,0.008778957335769055,0
FR029633,0.031006313877897658,0
FR021857,0.008998993681722462,0
FR031350,0.006655341379522868,0
FR028110,0.011232733538131496,0
FR022651,0.006854302542496318,0
FR024288,0.007183658647954097,0
FR025593,0.07333556993849408,0
FR029171,0.005742601991951297,0
FR020865,0.006689271865515953,0
FR023199,0.011232529011434535,0
FR024140,0.012507816249613495,0
FR022439,0.008450610530892813,0
FR031157,0.009795811991786228,0
FR029567,0.04797912404945125,0
FR023764,0.027328904017018554,0
FR022903,0.02920959203238252,0
FR031305,0.027608469392863766,0
FR031888,0.004305921357870729,0
FR027977,0.016943350658996263,0
FR025306,0.006145099332860719,0
FR021045,0.0054374298456002015,0
FR025439,0.007366760588567955,0
FR024515,0.015957303011442665,0
FR024116,0.020859945471487396,0
FR022012,0.03843445786926307,0
FR027314,0.005222534719107762,0
FR027884,0.005034178359136592,0
FR030636,0.010609629920424284,0
FR029034,0.02085954629050798,0
FR025405,0.0200704035359755,0
FR030385,0.010759749566589157,0
FR022305,0.00773919514954662,0
FR023770,0.01688311328330442,0
FR021469,0.006448828544433018,0
FR023786,0.011842507873885025,0
FR021196,0.01085211041863043,0
FR028256,0.026738706579383813,0
FR025677,0.006422403052642162,0
FR023254,0.004420235004242958,0
FR024122,0.007038430625804001,0
FR022684,0.018376689161959378,0
FR024978,0.009515537157529848,0
FR027835,0.011026249353921977,0
FR025081,0.010613780355611425,0
FR024224,0.010851020068561541,0
FR020647,0.02478429271446985,0
FR022562,0.005503899457489992,0
FR020521,0.008914713134014015,0
FR030246,0.005043477925051266,0
FR031825,0.00521915050952961,0
FR021890,0.0045167156719780124,0
FR025565,0.015685839551990367,0
FR023741,0.005849369711988914,0
FR025538,0.012957737588292322,0
FR026798,0.01660107791333007,0
FR024439,0.011058138447421394,0
FR025371,0.004233136676390978,0
FR026699,0.014619992153536304,0
FR021181,0.014385820624674237,0
FR021875,0.008410753721636119,0
FR031419,0.03289340201597868,0
FR021169,0.003993688519291607,0
FR024685,0.015869394338179795,0
FR031025,0.00671649537761934,0
FR026623,0.008342917101802606,0
FR020390,0.02098107512798604,0
FR024174,0.015950535663151418,0
FR028152,0.025073361561241264,0
FR026157,0.023215821457924835,0
FR030638,0.011100290672601022,0
FR021531,0.02173090146207375,0
FR031049,0.027922743081796292,0
FR029042,0.006416966207300514,0
FR028872,0.006077588464494035,0
FR023868,0.006366922188094431,0
FR030977,0.013090341552305113,0
FR029429,0.015074111043672091,0
FR023203,0.0216126600529808,0
FR024469,0.007110631397638751,0
FR027291,0.031719507253029605,0
FR029975,0.018060678298200933,0
FR029008,0.00768156459005701,0
FR026408,0.016039657429139396,0
FR024072,0.04425135378125883,0
FR024887,0.009551419041594747,0
FR028587,0.00972955772103784,0
FR020793,0.007839932122444566,0
FR028073,0.02188287749905033,0
FR021269,0.009066505891891494,0
FR022027,0.007562250297515222,0
FR027922,0.009394617391930399,0
FR028146,0.013825222454058733,0
FR020707,0.004774508554269212,0
FR022353,0.05378511047728125,0
FR022298,0.029885460140350387,0
FR021348,0.008191812393592807,0
FR023450,0.007362789443566589,0
FR028815,0.007996522917203479,0
FR031955,0.0035472109813055497,0
FR020655,0.013108690260250263,0
FR024902,0.01206494720255423,0
FR021199,0.0033859378777837583,0
FR029835,0.008204869027555777,0
FR027478,0.01305744334820868,0
FR026569,0.016005655847788527,0
FR031641,0.030778927335996534,0
FR021446,0.013579567995218055,0
FR023962,0.004810268207924611,0
FR028704,0.006029770937943931,0
FR021957,0.007492847704881009,0
FR025932,0.017899530840674235,0
FR021167,0.022355632030682752,0
FR028693,0.02682174842316387,0
FR025120,0.012875738827645564,0
FR029506,0.010990435125574943,0
FR020829,0.01747717540094991,0
FR029597,0.011484076629697543,0
FR022129,0.012825484750017654,0
FR027856,0.008228083459685353,0
FR025629,0.012837050047554179,0
FR031517,0.008164093740079429,0
FR030047,0.022073916084532737,0
FR021566,0.007197676844077042,0
FR026122,0.005421905992514442,0
FR026431,0.0051013394470887565,0
FR022540,0.003944266751288889,0
FR030473,0.009024509313954498,0
FR028941,0.024078212004413735,0
FR022454,0.6766061110209738,1
FR031284,0.015985659080812783,0
FR025928,0.020230161065357216,0
FR020468,0.02377579280639083,0
FR024633,0.019294652922854656,0
FR028245,0.010182789417231386,0
FR021212,0.016568723200027696,0
FR030491,0.08322790004611755,0
FR024294,0.01848717683237252,0
FR026710,0.013086794961138848,0
FR027114,0.007955653860506852,0
FR023285,0.008445857193948698,0
FR030332,0.006494926260302335,0
FR023223,0.47326734186859876,1
FR026228,0.004754388231693369,0
FR025266,0.009129598798399575,0
FR025713,0.04247275503893597,0
FR031141,0.019218281233101195,0
FR030191,0.007598099510499521,0
FR028676,0.06408351027482319,0
FR029507,0.00375823919006905,0
FR023236,0.26287164535114693,1
FR029219,0.007916452757023504,0
FR024199,0.012877209918577355,0
FR029490,0.013720663940930229,0
FR022448,0.015014839198010221,0
FR025473,0.019679801281128527,0
FR026310,0.013453890185366791,0
FR030027,0.006814563153682353,0
FR028319,0.026396259920502423,0
FR021864,0.004918935781606425,0
FR030923,0.010097790691818126,0
FR022435,0.014548864980021507,0
FR028125,0.006016856169801715,0
FR030980,0.0052258570867186865,0
FR030569,0.01931902515534754,0
FR026434,0.026616027243474005,0
FR023422,0.011332424307432865,0
FR026585,0.004684690141243689,0
FR029560,0.008568799575971363,0
FR031831,0.0057995193791978905,0
FR031991,0.0061552080906482265,0
FR025674,0.0055115396110554295,0
FR025980,0.011008538533842985,0
FR022301,0.0259823647940777,0
FR027890,0.023187201084324337,0
FR024079,0.010707743262831183,0
FR021854,0.009092154441201601,0
FR027877,0.00708608627854313,0
FR028997,0.015443216845570457,0
FR029205,0.004966898744320701,0
FR020901,0.0035072076195023887,0
FR026999,0.0036374143540855042,0
FR031706,0.07977213550025267,0
FR029789,0.007390947461338304,0
FR022945,0.0072130735808556435,0
FR028559,0.010173662825868075,0
FR031220,0.012574182151664295,0
FR020833,0.016085378842707672,0
FR027516,0.01287352402499841,0
FR021600,0.013476845935500796,0
FR021521,0.0193389529009966,0
FR029621,0.008016685485412558,0
FR024735,0.00903817038793079,0
FR022985,0.003757965926447992,0
FR031782,0.00392708822150872,0
FR023428,0.004258665508967911,0
FR022702,0.010217481723634266,0
FR027630,0.02604101920373488,0
FR026479,0.007967776566460727,0
FR024036,0.007557646679390854,0
FR024736,0.022373306255862056,0
FR031654,0.017721039922046496,0
FR020892,0.014823873348747057,0
FR031703,0.013410929517879725,0
FR026743,0.6036258273501895,1
FR020459,0.014667383835154807,0
FR022856,0.0072855063616451025,0
FR026570,0.01540148222900389,0
FR021393,0.0072260274542487275,0
FR029119,0.022845183065856783,0
FR026730,0.038331470061722515,0
FR020838,0.014661597446559005,0
FR029580,0.005076446787014931,0
FR023368,0.009362078735343345,0
FR024564,0.006038519273785495,0
FR027813,0.007372082135927698,0
FR029046,0.005712270394948388,0
FR030866,0.004754885059842407,0
FR028609,0.0048540439971210166,0
FR028159,0.005279724796101623,0
FR022662,0.0033752081266639686,0
FR029477,0.008515931122593478,0
FR030592,0.021440757884909387,0
FR030299,0.012827732057748443,0
FR025485,0.010319027378296979,0
FR023527,0.013729312377159462,0
FR028409,0.0064697652808230095,0
FR020125,0.004651087529651999,0
FR023940,0.025310504838361704,0
FR021962,0.0037278981433485057,0
FR026540,0.5909495212416505,1
FR020618,0.021616934665226795,0
FR021365,0.00750738292711857,0
FR028666,0.00927998022843389,0
FR020811,0.007601509268362568,0
FR024815,0.010587331726672814,0
FR025986,0.007380780739226454,0
FR022437,0.005572240299352594,0
FR029466,0.012407870960313924,0
FR027746,0.010341860644558203,0
FR020147,0.007678621158805862,0
FR025547,0.01784825420905431,0
FR029126,0.008397727412147202,0
FR020047,0.027423377298337374,0
FR030553,0.009410140313378914,0
FR031401,0.019586006864015182,0
FR031928,0.07860228426211599,0
FR030560,0.007329903050560388,0
FR026248,0.008951539864790432,0
FR024646,0.8253693203353574,1
FR023609,0.007586648948314532,0
FR029301,0.0067882247794407696,0
FR026078,0.010256643176493607,0
FR020020,0.009950652987370166,0
FR028858,0.010549615940178298,0
FR025479,0.005649693223479871,0
FR025193,0.01901486251401431,0
FR027158,0.009391014990407606,0
FR030457,0.010289418107100937,0
FR024791,0.010932580550234034,0
FR025402,0.011372932512026982,0
FR024604,0.00682154463460089,0
FR023227,0.00875922662155627,0
FR023561,0.009277964736006932,0
FR031862,0.03952475947797347,0
FR028370,0.009094630406665846,0
FR024936,0.008890653399656324,0
FR030427,0.010411018027109965,0
FR026149,0.019628157757502714,0
FR021572,0.006461143341872812,0
FR020039,0.004027744292217713,0
FR021253,0.013899825244022463,0
FR026995,0.0072066583243363775,0
FR022889,0.03980574461041911,0
FR026775,0.008163877341971621,0
FR027870,0.009182919153214932,0
FR029753,0.005898701142325501,0
FR020280,0.011774731114954954,0
FR029344,0.04298746897839829,0
FR022223,0.005427936222435844,0
FR021877,0.010911408928999111,0
FR030082,0.04368983821277337,0
FR029400,0.026537383848007724,0
FR022379,0.023951563437846282,0
FR024009,0.008929544286675532,0
FR026679,0.006131840742876333,0
FR027150,0.010483768315716992,0
FR030218,0.010013296744510378,0
FR031014,0.009731856492023915,0
FR031687,0.03673281453355341,0
FR025105,0.0034780851732873186,0
FR024554,0.005985892055802955,0
FR020785,0.00736679339434302,0
FR022478,0.014678426891945082,0
FR031324,0.0059414845198535755,0
FR030926,0.01316266401243802,0
FR025598,0.006734170502782886,0
FR023638,0.016102719868812464,0
FR024629,0.006668142117665381,0
FR023733,0.0064379849927330285,0
FR029475,0.004828670599883175,0
FR022928,0.0068557575338980955,0
FR024314,0.005460022844105813,0
FR022339,0.016079521716435917,0
FR027654,0.01912975894592641,0
FR026023,0.019444091076483386,0
FR022102,0.03048314468529046,0
FR028420,0.005053224714778129,0
FR030438,0.7734283833191478,1
FR031374,0.013683749285396174,0
FR026663,0.006860341699340096,0
FR031820,0.01493846479028453,0
FR025785,0.0051023300078934224,0
FR031465,0.02672886505500091,0
FR030579,0.004837212166921623,0
FR024908,0.011339633513680614,0
FR021878,0.005970013361481782,0
FR026304,0.003408184425847625,0
FR023449,0.00507643546651804,0
FR023375,0.004649446111370843,0
FR022104,0.004084299957648002,0
FR031207,0.015937809391114333,0
FR021381,0.010351393020105609,0
FR026411,0.00813806937245792,0
FR031146,0.016483200481649987,0
FR021859,0.00906920406348765,0
FR024307,0.010455395763466883,0
FR026349,0.009495828319828443,0
FR022408,0.00521189379340564,0
FR027224,0.013942770759850145,0
FR024052,0.005405717554492503,0
FR029973,0.0058447227713603975,0
FR020371,0.033000332427906315,0
FR022226,0.006306736536862333,0
FR031124,0.007464231349046822,0
FR030458,0.009087052866982057,0
FR025958,0.004743728149410908,0
FR024480,0.006054638085629971,0
FR028453,0.021809987151785712,0
FR027881,0.015153176454069276,0
FR025692,0.005671930255339167,0
FR023592,0.0039663948371381885,0
FR027522,0.009745358439896112,0
FR031704,0.0035551414167945537,0
FR029820,0.0036928551163271104,0
FR024883,0.006268000127956706,0
FR022869,0.011060446373270028,0
FR024305,0.009076209239985806,0
FR029138,0.004804797449884048,0
FR025328,0.013100672029903858,0
FR022001,0.011927629590055108,0
FR020659,0.04491653728289516,0
FR025113,0.009818291270417754,0
FR022079,0.014775329821494494,0
FR030526,0.017576400060620917,0
FR026459,0.0257887544387935,0
FR023796,0.012446798233890981,0
FR025615,0.008957312978036754,0
FR028366,0.00796633528661918,0
FR024074,0.0068494306444131636,0
FR031385,0.024560110250829922,0
FR022445,0.005732676027082644,0
FR028393,0.005670768509138642,0
FR029451,0.09282656344333862,0
FR021975,0.024192643150502124,0
FR029080,0.005713479859714463,0
FR030272,0.02070591539251253,0
FR021402,0.023806173565379618,0
FR028134,0.011423315008781618,0
FR026676,0.053761098046524014,0
FR025130,0.005121430961182357,0
FR031809,0.008030329905092334,0
FR025808,0.004584198227939084,0
FR030363,0.02243948925545068,0
FR027017,0.012749105723445158,0
FR029312,0.005238632301578485,0
FR027149,0.014766809824405066,0
FR027703,0.009932483499482999,0
FR024306,0.03755989681350463,0
FR025745,0.006278237819820513,0
FR028702,0.02188962046339362,0
FR025483,0.0275162188879991,0
FR021190,0.017500795525281335,0
FR021800,0.008061232186648604,0
FR028070,0.007619061146417619,0
FR024131,0.009407204825469067,0
FR026733,0.019714641808623347,0
FR022070,0.009190277590611069,0
FR026403,0.006160502098042216,0
FR022368,0.00620292873011042,0
FR021114,0.010077881147564537,0
FR027723,0.005883321476593196,0
FR020504,0.013199879008397216,0
FR020613,0.006129496411060892,0
FR031979,0.005821537047346526,0
FR023958,0.013052713735993506,0
FR031044,0.01933539475439313,0
FR031075,0.013919692840386426,0
FR021087,0.010756795335362645,0
FR022575,0.011094697275327936,0
FR021216,0.01667334780947903,0
FR030172,0.02201943750737518,0
FR029485,0.009726999581065834,0
FR027939,0.004133773767807733,0
FR029290,0.0188906467338365,0
FR025262,0.0156092375292781,0
FR023455,0.013144765763514102,0
FR023358,0.004948673573102583,0
FR026467,0.008823934113750324,0
FR028048,0.004921358729023854,0
FR030312,0.007586777294678795,0
FR022878,0.02126794066574096,0
FR031281,0.005968729591673667,0
FR021154,0.004182579906944395,0
FR022612,0.006924375985335948,0
FR024915,0.007818549791901738,0
FR020552,0.010601019477768137,0
FR026904,0.008686986825895242,0
FR020456,0.01109400609637978,0
FR029076,0.008690594151259544,0
FR026982,0.00958211945794379,0
FR030337,0.008864627018956267,0
FR022523,0.008856357344145215,0
FR023765,0.014714804279147927,0
FR024464,0.0059063455331454726,0
FR022360,0.2822794350374913,1
FR023936,0.013472384020523032,0
FR027527,0.00319886392782203,0
FR022501,0.0048765673691915055,0
FR020025,0.03257873928246695,0
FR027716,0.010680210922763044,0
FR024742,0.021891741006336035,0
FR023622,0.003668774396336607,0
FR029735,0.0317786532262124,0
FR030710,0.005393824342426273,0
FR026345,0.01411565385817576,0
FR021262,0.01052330376874202,0
FR028285,0.005204118535817426,0
FR021201,0.016630893531635042,0
FR021593,0.012445134072268906,0
FR031506,0.014851121916063782,0
FR022549,0.006059095186059663,0
FR027197,0.18537660056964667,1
FR029653,0.014562761839155322,0
FR027502,0.020108314972653772,0
FR024178,0.015087764021170708,0
FR020867,0.007404222388009567,0
FR026991,0.6964550603769533,1
FR026276,0.009528613064613691,0
FR022317,0.01055192229058156,0
FR030907,0.02526867457773954,0
FR029773,0.00942493386078529,0
FR029118,0.012272319797636731,0
FR022977,0.005073085426904895,0
FR021973,0.007408875735294463,0
FR025806,0.010205401025897228,0
FR027229,0.019527255557370574,0
FR028582,0.010195079737594072,0
FR026035,0.010187895577363947,0
FR027810,0.016992149988359007,0
FR022402,0.020841407183446112,0
FR020767,0.003228839386156725,0
FR026777,0.3392866511568321,1
FR029772,0.0036123156611288093,0
FR021048,0.03547568932102961,0
FR021351,0.01261088337219515,0
FR031889,0.005318092443099165,0
FR029248,0.0067857506508350734,0
FR027058,0.07049042726222107,0
FR022778,0.007999898748243292,0
FR027387,0.026697331170797395,0
FR022603,0.006049373026154612,0
FR029141,0.0044873053960985555,0
FR028725,0.008019258567513496,0
FR023405,0.007303697361485494,0
FR025908,0.01178786598569376,0
FR028356,0.005865268655374558,0
FR022274,0.011312147988300214,0
FR025863,0.0035122077276254376,0
FR023130,0.008066130699616238,0
FR031982,0.004587024906213851,0
FR023498,0.00850259016265869,0
FR029645,0.002955197344590892,0
FR023180,0.007926849421529904,0
FR028551,0.011783475460176718,0
FR021340,0.007089176505284921,0
FR029710,0.01724095428272405,0
FR021944,0.021634602451259415,0
FR020217,0.009565524720407677,0
FR022545,0.010579741240137542,0
FR021744,0.01158230465287569,0
FR026759,0.005817850340924,0
FR027808,0.02316905439843118,0
FR031875,0.0127587415150432,0
FR027129,0.006977724046346011,0
FR020944,0.004616265282184558,0
FR030522,0.009063647041458435,0
FR025505,0.004317163231628477,0
FR020139,0.00467558153154133,0
FR027118,0.006616469801826709,0
FR024057,0.008158878149527342,0
FR026579,0.006031738270590392,0
FR023174,0.008609163770102839,0
FR029245,0.023897635145952993,0
FR022586,0.023645740292260665,0
FR022185,0.007435955788498143,0
FR029870,0.005899814994261586,0
FR020067,0.022330031873618324,0
FR023617,0.004258738350700177,0
FR031123,0.01947860514627992,0
FR029747,0.0363210325381423,0
FR024621,0.006199644339554458,0
FR021350,0.004782036358499147,0
FR022471,0.005418002165622,0
FR028364,0.011900934239655745,0
FR028107,0.023421283634776725,0
FR029494,0.004814405739854618,0
FR023567,0.007651421715479978,0
FR023674,0.007373727332560219,0
FR026446,0.006727776711830228,0
FR029833,0.004146895174558971,0
FR031382,0.043902394853397364,0
FR029511,0.0047431999841253,0
FR031570,0.022160854365295087,0
FR031493,0.003386956373329976,0
FR023987,0.009523617020822706,0
FR022544,0.016897587008780062,0
FR022509,0.020836420909652473,0
FR020792,0.01185786748443907,0
FR021339,0.009130393483334043,0
FR021193,0.052956350617784614,0
FR031023,0.006690000901110304,0
FR026184,0.006997540930359489,0
FR023373,0.023853990049883096,0
FR023548,0.036770572555452796,0
FR020242,0.20985969812975805,1
FR025528,0.04512908762689803,0
FR029510,0.005416008930367015,0
FR027619,0.004071480403287033,0
FR024070,0.0056378093419124364,0
FR023328,0.005727365798031684,0
FR023653,0.0047563362585438355,0
FR026333,0.019819137714579667,0
FR023423,0.012365761730265316,0
FR025825,0.02350911680773847,0
FR023256,0.006594115585015374,0
FR027263,0.013874059760056904,0
FR027169,0.01782624204660572,0
FR030831,0.005202700372429845,0
FR031387,0.014271358585250615,0
FR026795,0.003655463531217974,0
FR023758,0.004799570578349833,0
FR024437,0.02145188855748697,0
FR022645,0.007441490367821828,0
FR026167,0.0056729826983332315,0
FR021924,0.00885994763662567,0
FR024219,0.025033325201025934,0
FR024357,0.006993333849204555,0
FR022277,0.009333348140775528,0
FR030583,0.006549842200844943,0
FR028423,0.04993836757665422,0
FR023656,0.0059784739130075825,0
FR025376,0.02234162908249216,0
FR021007,0.029903185299177817,0
FR022978,0.004152219340321225,0
FR020213,0.04345837701189402,0
FR031368,0.013343117254423895,0
FR024589,0.0071442530548414115,0
FR020563,0.011277559140107998,0
FR025144,0.005298050042506785,0
FR029421,0.0052505415933229264,0
FR021954,0.008969586420093125,0
FR021374,0.02894320232165515,0
FR022569,0.01055429225387619,0
FR024117,0.03150938468257994,0
FR029602,0.007274560015400003,0
FR022672,0.004319847980965618,0
FR030661,0.009949846512451434,0
FR029172,0.006039932565683234,0
FR028887,0.053881756925629784,0
FR030136,0.007473407440647951,0
FR028927,0.018557552318593087,0
FR030599,0.008724857350832279,0
FR028971,0.013509710543996484,0
FR024917,0.02458548006388414,0
FR025963,0.007913922878638756,0
FR025474,0.012967422940674066,0
FR021129,0.006852951161045037,0
FR022911,0.015866124340603853,0
FR022287,0.007492725598055389,0
FR029063,0.010652747083627123,0
FR028904,0.0047983434062649506,0
FR024886,0.015088221548872058,0
FR020755,0.42086619349321397,1
FR022745,0.008099010961938304,0
FR021156,0.018182735718252643,0
FR031331,0.013500467368125608,0
FR021123,0.028060792944956253,0
FR028809,0.010339906273759514,0
FR021815,0.004129977924906882,0
FR030383,0.002612812784736745,0
FR027618,0.024515934756080708,0
FR021816,0.004339191362206984,0
FR031060,0.014128914130728325,0
FR028069,0.008062795920674982,0
FR029078,0.008993919422458509,0
FR027015,0.042165839275812515,0
FR028708,0.033542502977566,0
FR022508,0.0077429590100565595,0
FR030991,0.01252496903696221,0
FR030946,0.004746643304870361,0
FR021037,0.012935290072960737,0
FR028392,0.0068460995723933805,0
FR028907,0.0053391721556721155,0
FR030055,0.003964130400985037,0
FR030865,0.04257253641562035,0
FR022937,0.01699676920053307,0
FR028874,0.008217739699596886,0
FR027217,0.004870540399454193,0
FR030873,0.013460735228137805,0
FR029800,0.022638123425522717,0
FR025921,0.005669351198348041,0
FR029543,0.00385250954477552,0
FR023109,0.1636962440648523,1
FR031132,0.026953903938824377,0
FR030978,0.010501831118150218,0
FR022859,0.0050817845178183635,0
FR029572,0.006131753782163751,0
FR025843,0.004342067543524944,0
FR026957,0.014084627341849454,0
FR031046,0.007888499598645547,0
FR024447,0.006837170745272255,0
FR021033,0.012666697773589667,0
FR030724,0.004734471853804054,0
FR030805,0.008246503264874125,0
FR026146,0.013381163286291742,0
FR028042,0.017086053814977603,0
FR028233,0.003857622470792203,0
FR022563,0.004352370412200575,0
FR022786,0.01186002086833026,0
FR025765,0.007920171156272002,0
FR021773,0.007440716506246789,0
FR024282,0.004108669295737997,0
FR027969,0.007962227420397476,0
FR027528,0.01479904920354099,0
FR030529,0.05822810983413375,0
FR027817,0.027477218740751055,0
FR027302,0.010215197861206383,0
FR023895,0.009129074040240027,0
FR022181,0.007758275004474817,0
FR029335,0.009242498889050921,0
FR026129,0.7062442516457799,1
FR025083,0.0069356554477516645,0
FR030057,0.011702584762390895,0
FR024126,0.004778280969443776,0
FR024579,0.011273355210604127,0
FR028964,0.01660786610556957,0
FR024673,0.005733563397052357,0
FR031173,0.005499463962166372,0
FR020743,0.013768093033054186,0
FR023707,0.005781605879038837,0
FR020454,0.08690907672263255,0
FR031936,0.014817241789243967,0
FR027260,0.005069386574160211,0
FR025766,0.012773536954624787,0
FR021922,0.005591167402985766,0
FR025520,0.010502031031811803,0
FR021849,0.005860490062592687,0
FR028742,0.0035184691014271685,0
FR022237,0.007295852722487154,0
FR029484,0.0144498978111619,0
FR029853,0.020390273771995766,0
FR024197,0.05560378584235176,0
FR020750,0.008196161953080172,0
FR022056,0.009923693654209687,0
FR031112,0.006378163505890192,0
FR023350,0.016767706831609684,0
FR025536,0.01147210066201666,0
FR022389,0.010829951198516034,0
FR031637,0.004297565526708962,0
FR029623,0.013305103268529954,0
FR024433,0.009365417428998324,0
FR029384,0.008911513199242403,0
FR029514,0.007822538262452172,0
FR029354,0.012582011016030813,0
FR029585,0.009212090845033397,0
FR022874,0.02059609347156919,0
FR031395,0.05247871893916158,0
FR022410,0.006913113831985055,0
FR025335,0.018235018116813634,0
FR028460,0.008281553473569073,0
FR020860,0.012331403395537252,0
FR021606,0.017019711184095756,0
FR024408,0.007418690936519344,0
FR020621,0.01070845361699826,0
FR028273,0.01410243037285978,0
FR031567,0.018675174034101044,0
FR020376,0.04212428902583707,0
FR030159,0.006222204016126293,0
FR024281,0.006245629552970605,0
FR025365,0.025761519659603944,0
FR031412,0.0301163849454427,0
FR021011,0.005150478023604457,0
FR023555,0.004469990667084513,0
FR022939,0.015868580870631997,0
FR030511,0.00758431894565386,0
FR024263,0.0054933793864855845,0
FR023078,0.005481294672340129,0
FR020010,0.011440185337863288,0
FR029395,0.005912547739999155,0
FR027842,0.009695603051297625,0
FR031010,0.007817014384548179,0
FR023544,0.018547547333783648,0
FR028957,0.014177374869788813,0
FR028176,0.012886196856621856,0
FR024109,0.003535723507933133,0
FR028487,0.020310994570848576,0
FR029068,0.00521088791238028,0
FR031204,0.0134291828028885,0
FR027225,0.02248732229037123,0
FR020926,0.004422638880151474,0
FR031791,0.07510265613125608,0
FR025489,0.004701435671136156,0
FR027283,0.004886809465201838,0
FR020839,0.009308540665127651,0
FR029695,0.005891656554380748,0
FR031558,0.003407448613778025,0
FR020301,0.011208329914197734,0
FR029722,0.012090815212667444,0
FR029796,0.0057950403467997205,0
FR020738,0.015796637362725394,0
FR031055,0.009947091666003972,0
FR030742,0.020072025318626188,0
FR025352,0.017435882492124043,0
FR028416,0.011309152426948656,0
FR021013,0.004526010853523783,0
FR027010,0.0043693849309945545,0
FR021893,0.00782990318579284,0
FR027793,0.01593900839674566,0
FR022101,0.009712350665025796,0
FR030655,0.014830907843952626,0
FR024796,0.01802449741192412,0
FR028723,0.004199215898144496,0
FR029570,0.013018106071774099,0
FR024746,0.005738174429360985,0
FR028414,0.005491722477395552,0
FR030988,0.012856320843668393,0
FR021524,0.01048002057036286,0
FR026221,0.003958201359659793,0
FR025739,0.005323164743646575,0
FR024283,0.01398367888911298,0
FR028196,0.01291873667681837,0
FR020932,0.01689452206158605,0
FR020527,0.015317881852606366,0
FR025506,0.016102666243786312,0
FR022260,0.007451811334463555,0
FR025478,0.005097771701488153,0
FR023307,0.010724043817736777,0
FR030718,0.008594610955079848,0
FR022580,0.015793874992022006,0
FR031477,0.012505219340238766,0
FR030210,0.021976105723432428,0
FR022912,0.01953904055637845,0
FR021551,0.007691783596457715,0
FR027168,0.0038305889238160976,0
FR020471,0.011581546940295988,0
FR025779,0.007222353205999,0
FR024774,0.006089114835653138,0
FR024964,0.6703517725832959,1
FR025121,0.011349656746311151,0
FR027940,0.005101819089605187,0
FR027657,0.004180247545830204,0
FR025165,0.005945306620175606,0
FR028298,0.008440641652074945,0
FR022807,0.027731943603156207,0
FR024855,0.004179832324663768,0
FR020821,0.012538056453956333,0
FR028578,0.029341577860741756,0
FR031330,0.004629057780454818,0
FR023252,0.058313519150159324,0
FR021763,0.007540702175229356,0
FR028063,0.005634834777393033,0
FR020192,0.004556225747677755,0
FR022899,0.010576212232909266,0
FR025570,0.005963415006655433,0
FR022189,0.004269626694027766,0
FR030377,0.02162184112759668,0
FR027423,0.004735118821726496,0
FR029553,0.01199626703238318,0
FR021099,0.006239981002510299,0
FR030705,0.012428561666128702,0
FR025641,0.011254453153839359,0
FR023134,0.026581000216822102,0
FR022398,0.014213300313418394,0
FR020059,0.054539717265005186,0
FR023224,0.01463310137493903,0
FR020501,0.032074132769356195,0
FR029186,0.011462245563443602,0
FR028635,0.007100337963546069,0
FR021108,0.010887006991590582,0
FR025016,0.005386050264144844,0
FR022934,0.013531396192909929,0
FR020350,0.008118934941233325,0
FR022622,0.004193625380982422,0
FR030085,0.013688025648698527,0
FR021945,0.008633414839276855,0
FR031801,0.004159279864871752,0
FR024274,0.0033945692028296247,0
FR028546,0.00819227823222526,0
FR028528,0.005498358986508673,0
FR026652,0.01852861834687023,0
FR029061,0.018881691374791086,0
FR028206,0.02056284796035799,0
FR026399,0.010182897151804295,0
FR022948,0.008401914865618188,0
FR023717,0.0037775691730734216,0
FR020519,0.00567298029135104,0
FR030419,0.0041065569409890704,0
FR026854,0.020191454533943373,0
FR024170,0.019517764901498383,0
FR020609,0.008275535340203168,0
FR031129,0.0067308121775594785,0
FR023519,0.01133346070494861,0
FR026782,0.008812976224758583,0
FR028300,0.0039788414992048115,0
FR029227,0.006122019072494642,0
FR021776,0.012322966814968066,0
FR025183,0.010240705779433076,0
FR026422,0.012540082551833445,0
FR021244,0.00905245607076438,0
FR023864,0.012644404490300905,0
FR026187,0.017404525828819357,0
FR029751,0.006936428297677337,0
FR021233,0.01477368883173475,0
FR030395,0.006555960910712238,0
FR027692,0.013584237032814864,0
FR027379,0.008033916143808826,0
FR026306,0.005261033822468529,0
FR031983,0.008408822887503324,0
FR027685,0.004651259377314965,0
FR030649,0.024803498892916796,0
FR022089,0.00666877321065792,0
FR029241,0.026683251071021305,0
FR025320,0.014259029302771193,0
FR024088,0.007202866721073177,0
FR030884,0.004287192504347056,0
FR022957,0.005102472962165818,0
FR027241,0.012618542508895336,0
FR022879,0.007296080936291339,0
FR022746,0.01720459209302498,0
FR026293,0.005971837633004527,0
FR024674,0.013556629241149205,0
FR020912,0.004950434204720355,0
FR027228,0.010674314455966349,0
FR021429,0.008668946894641363,0
FR025610,0.030375826147676668,0
FR027264,0.004854181308638477,0
FR029547,0.006115347109222166,0
FR026942,0.005563658771640223,0
FR031778,0.00746477257689593,0
FR024229,0.010291357976236946,0
FR022680,0.008381262985434384,0
FR021466,0.42933644071323207,1
FR030039,0.004840327502688445,0
FR024332,0.011399353167379632,0
FR023748,0.013938975016912762,0
FR021126,0.009567401390155671,0
FR028688,0.007632336006199823,0
FR023788,0.010633808605562733,0
FR030345,0.006594587312858422,0
FR021517,0.0051999861431770295,0
FR025033,0.023678667596655364,0
FR021367,0.006583375011655982,0
FR021862,0.0065802103661596785,0
FR022539,0.0064117315293776515,0
FR028510,0.01007041086883988,0
FR024426,0.004099467685601138,0
FR028071,0.007914948724429955,0
FR029795,0.005579323838914425,0
FR020205,0.00499628340896731,0
FR020959,0.03251875698871727,0
FR027057,0.005777187306030104,0
FR028901,0.006775076183884026,0
FR022873,0.013687318439021818,0
FR027476,0.030961161672808872,0
FR025588,0.013523074206754686,0
FR030198,0.013823702413971677,0
FR023966,0.011665662187808512,0
FR024298,0.006734114491713459,0
FR023177,0.006645092986698373,0
FR026053,0.005704644693386664,0
FR025873,0.05989483068169878,0
FR023333,0.007334405625790474,0
FR028085,0.009979839114138335,0
FR023794,0.004290313172164238,0
FR029203,0.006686825326340726,0
FR021095,0.00690745274825136,0
FR024192,0.009131561174272173,0
FR028429,0.012051075009628352,0
FR025627,0.01006602554007224,0
FR024459,0.013001889579350535,0
FR029347,0.005410189282237032,0
FR023698,0.005668659316826887,0
FR026546,0.012456643628257328,0
FR024077,0.01130451778254878,0
FR022568,0.004199967386586,0
FR026055,0.007454084262908159,0
FR025381,0.013192262427791436,0
FR020210,0.007234276531474205,0
FR026620,0.007746739285289403,0
FR029595,0.010189900428941686,0
FR031120,0.007076632317483253,0
FR030811,0.016044613895801484,0
FR024837,0.00835526567458711,0
FR028404,0.008622721067190205,0
FR025346,0.016176228164315666,0
FR021489,0.013055958760886485,0
FR020262,0.011120883826557685,0
FR028682,0.004285794561594803,0
FR020638,0.03663035571146025,0
FR020531,0.07523526776304404,0
FR030874,0.013704630608600199,0
FR029928,0.013413741273223399,0
FR021311,0.01830050985034342,0
FR028660,0.013840637629276764,0
FR031292,0.01446466492516113,0
FR020329,0.006811255054771783,0
FR022980,0.008390653730529257,0
FR027297,0.016277990083492972,0
FR030616,0.01005170990952552,0
FR026378,0.020214016057582496,0
FR027333,0.006194764849893168,0
FR029850,0.006006668801528628,0
FR027331,0.005258285332825886,0
FR028090,0.030761665958684167,0
FR028358,0.0065974484647730244,0
FR026103,0.022816159448519266,0
FR028750,0.007687929812720048,0
FR028292,0.005090406869517923,0
FR026437,0.007045581971193398,0
FR030776,0.005504508128418038,0
FR027782,0.014737524822455288,0
FR023894,0.004404579589143037,0
FR024638,0.007423841401001972,0
FR023777,0.0298523670236621,0
FR029416,0.006197322592990221,0
FR026417,0.0439959791694802,0
FR030809,0.006634045127036487,0
FR028346,0.0037594964703201094,0
FR028933,0.006336233543463871,0
FR031122,0.01734251287722307,0
FR029551,0.020969872214998807,0
FR029804,0.024977824344850595,0
FR026341,0.006939615212624095,0
FR026538,0.025061885565564497,0
FR025548,0.009169174994549193,0
FR025716,0.0036355344754616143,0
FR025005,0.005344052005063582,0
FR025330,0.003707348792626358,0
FR026151,0.005860025579085111,0
FR031852,0.014536286161059338,0
FR025628,0.00844540245109993,0
FR028897,0.01198355488767626,0
FR030046,0.00823586873053988,0
FR020889,0.015234559131625589,0
FR027809,0.014369625836359168,0
FR029832,0.005054151005378326,0
FR023474,0.016693323184417186,0
FR031851,0.011131554718135483,0
FR030680,0.0047930293409884275,0
FR020579,0.011730216214209156,0
FR026688,0.013296902609794325,0
FR028234,0.00337410309491736,0
FR020330,0.022371588965746335,0
FR030508,0.024876372156109515,0
FR022804,0.4428666666015763,1
FR021266,0.0619770551913416,0
FR024208,0.013384735066364534,0
FR031730,0.019145746132675397,0
FR031195,0.010667074243751535,0
FR026251,0.009541348878454009,0
FR025224,0.006038072669430881,0
FR031670,0.0034228274613203147,0
FR024911,0.017371195225644197,0
FR028412,0.022317905165194107,0
FR022649,0.003041891236283567,0
FR029029,0.013686378931911257,0
FR022631,0.0034374526233499243,0
FR029982,0.02989206391927573,0
FR028431,0.0145124599560099,0
FR024442,0.006858717723345221,0
FR025198,0.6881403870961078,1
FR027273,0.015644480293788617,0
FR028674,0.018398988995049013,0
FR028888,0.00958689575276554,0
FR026142,0.021232189792716773,0
FR031348,0.04453370551487665,0
FR021755,0.006892894700577275,0
FR021127,0.004775373968275163,0
FR031472,0.004849442582691153,0
FR026367,0.004415326694674258,0
FR031064,0.007787100854007944,0
FR023230,0.004891464968620864,0
FR030328,0.031211650901969992,0
FR026931,0.007459469443896647,0
FR026889,0.0058291844122320986,0
FR022703,0.010429841488613222,0
FR027841,0.018631918022298993,0
FR030777,0.013364703798485943,0
FR031942,0.013422345304514326,0
FR022121,0.005328297409138151,0
FR028845,0.01158649230753847,0
FR027340,0.016879324660211782,0
FR023730,0.0180528752317417,0
FR025941,0.0042741347059554475,0
FR025454,0.009408678622182174,0
FR025139,0.011817669606123803,0
FR022464,0.0072192846234015225,0
FR030281,0.02896397372664112,0
FR022164,0.01324525279994319,0
FR020995,0.011183834324007064,0
FR031530,0.009602172344783569,0
FR022018,0.026001453262339914,0
FR026028,0.01307288404822331,0
FR021363,0.018997276383442167,0
FR027031,0.011308733753266503,0
FR029228,0.005673220765953503,0
FR029569,0.008925184246031968,0
FR024235,0.009688767687063247,0
FR025504,0.010648775989710948,0
FR031059,0.2961486354329612,1
FR027079,0.01792149302172144,0
FR025490,0.006696903609766824,0
FR029066,0.011679540517201013,0
FR023802,0.019526176549957475,0
FR030795,0.01140713922296559,0
FR029675,0.016405136009474536,0
FR021036,0.015572888125604253,0
FR030852,0.028394874644205592,0
FR026722,0.008370261073941183,0
FR027664,0.008813358242444946,0
FR031287,0.004676629743634841,0
FR030881,0.004327902924031591,0
FR028122,0.00546844032124409,0
FR027510,0.004477655601462752,0
FR022346,0.004063415605200465,0
FR029163,0.012126791926488058,0
FR023541,0.0711122630121973,0
FR020220,0.010035929503163295,0
FR020649,0.0034950667410078135,0
FR024711,0.006490485713899948,0
FR029799,0.03732620884767103,0
FR024597,0.005396292054091789,0
FR029760,0.0070299043928395595,0
FR031673,0.05611669368598696,0
FR031413,0.011111355597353559,0
FR020292,0.005070368213684211,0
FR029538,0.009102937754756419,0
FR028302,0.0037396010144702643,0
FR022506,0.004317749653437505,0
FR021923,0.005074222618229497,0
FR024392,0.011618017243214498,0
FR028522,0.005130622450988106,0
FR021785,0.021238151384114466,0
FR022457,0.011558345754828479,0
FR023136,0.004975055895662437,0
FR027663,0.004451254424832345,0
FR023538,0.008697350208460727,0
FR022751,0.004708055423306474,0
FR028738,0.01685443889067538,0
FR022093,0.006286835548405322,0
FR024708,0.5992914923408293,1
FR025301,0.011692300122114613,0
FR027882,0.037419440358363656,0
FR030030,0.007801465196436837,0
FR029742,0.004451505596962025,0
FR031522,0.0056641225544076836,0
FR023448,0.013108203329463282,0
FR022154,0.020274348467971395,0
FR031458,0.010587300570901386,0
FR026296,0.005263743784394433,0
FR031061,0.005625766862144737,0
FR025413,0.006196913763168169,0
FR021573,0.007175568919113808,0
FR025472,0.004657816074333292,0
FR022039,0.027673325141346135,0
FR020068,0.02013767626438437,0
FR029995,0.009405449762253139,0
FR025178,0.011920741552064316,0
FR022924,0.06369557418049468,0
FR020324,0.010502725681938514,0
FR027781,0.00586763398628793,0
FR022717,0.006427544010565698,0
FR030446,0.006017664564253631,0
FR023645,0.012520785332750261,0
FR029698,0.011046257934394902,0
FR020615,0.006900213147546123,0
FR030779,0.013717770206075036,0
FR023105,0.0067681738599730985,0
FR024318,0.02441137348403894,0
FR026147,0.013144183532627314,0
FR023432,0.015786960293111933,0
FR029101,0.005050848964044124,0
FR029651,0.0036199429101845377,0
FR025010,0.007354325175733476,0
FR027583,0.058594198871216335,0
FR026928,0.006031815004435285,0
FR030181,0.011353147661777415,0
FR021221,0.005047481307949528,0
FR027862,0.003281398242168771,0
FR021759,0.04251276336400292,0
FR028822,0.014178971803458734,0
FR030201,0.025321082725692848,0
FR027005,0.009295383399571335,0
FR025736,0.0056969379114229,0
FR021772,0.0066750478426149265,0
FR021231,0.015444524598690387,0
FR029175,0.03406638021332284,0
FR022876,0.008242500423076447,0
FR020194,0.005836980865973597,0
FR026150,0.03885778250201691,0
FR021652,0.010342850720661698,0
FR023197,0.006762892412760076,0
FR022803,0.010905399799127902,0
FR031126,0.011654379073258753,0
FR027966,0.006102475662533465,0
FR031495,0.015148351988564276,0
FR022369,0.006156707326747501,0
FR022921,0.009078795333247257,0
FR030910,0.0055654689792169615,0
FR027983,0.01175764866082733,0
FR021453,0.006742406018220657,0
FR023429,0.014781020922904217,0
FR026245,0.008760604682792458,0
FR023232,0.004912580281773242,0
FR025831,0.0475322236412009,0
FR021920,0.010898375529240396,0
FR029711,0.01437764324171495,0
FR030461,0.004874799823065466,0
FR027769,0.010533717646086578,0
FR024060,0.010984519250356626,0
FR021488,0.005858961181348059,0
FR028746,0.013817981397057104,0
FR020587,0.005062438073900999,0
FR026000,0.004936547965967146,0
FR024245,0.0067457633186565,0
FR026817,0.029884715866264816,0
FR021640,0.0070553871125445655,0
FR028889,0.0262817731146769,0
FR026785,0.0063586263280448726,0
FR026135,0.006166892183789824,0
FR022942,0.0040305482643678645,0
FR022300,0.012967283087731873,0
FR028008,0.008696684207983946,0
FR023188,0.017719844980247965,0
FR020307,0.018934006009247807,0
FR025632,0.014675873766398083,0
FR024137,0.011484797094147677,0
FR030576,0.007498955862907599,0
FR026598,0.0074061196650089325,0
FR020322,0.005733249375453246,0
FR031655,0.14413818874904388,1
FR021792,0.04717008891231772,0
FR021817,0.011564797874766233,0
FR027077,0.013821015700369942,0
FR022898,0.007339806318370393,0
FR028178,0.00908716139778045,0
FR023090,0.061603289895906244,0
FR028831,0.004485533829711386,0
FR031285,0.008901146594637626,0
FR028581,0.00643549791470893,0
FR031758,0.015675018530974888,0
FR028675,0.011979222407047973,0
FR028768,0.03441543178096046,0
FR031384,0.004836275986362144,0
FR030676,0.029892384939217455,0
FR020063,0.017831721595634703,0
FR027148,0.0055571269903141075,0
FR022059,0.014331045824435527,0
FR020120,0.025601244921027284,0
FR029345,0.009525704063088412,0
FR029613,0.006616907369687973,0
FR030870,0.02475746598607506,0
FR028895,0.06336687290921855,0
FR024221,0.0059487744748247685,0
FR031069,0.0942496576427379,0
FR029882,0.017905733419820113,0
FR023992,0.022839857552187454,0
FR022972,0.09972467046242048,1
FR021195,0.007658845501696041,0
FR030546,0.019609546484391005,0
FR025128,0.011106428837687417,0
FR028856,0.00477493336297798,0
FR026792,0.0042014906059153236,0
FR022935,0.008951816779762353,0
FR026895,0.014007529144025671,0
FR028716,0.008698185225418795,0
FR021947,0.06371981410333477,0
FR030068,0.003877102256094284,0
FR025433,0.010358550307571258,0
FR025605,0.022213390814226276,0
FR030214,0.0053396700457755564,0
FR022846,0.004307624277634099,0
FR023688,0.003507379777124063,0
FR021803,0.8059022533876705,1
FR029440,0.006933678133009536,0
FR030154,0.004876172622910508,0
FR027776,0.0036076350496572953,0
FR020929,0.019543943575999166,0
FR022014,0.0044942186222339964,0
FR021412,0.006852889266070342,0
FR020008,0.0093432638104433,0
FR021224,0.007767943407017682,0
FR022678,0.07576815738430959,0
FR029086,0.004624680587848297,0
FR030815,0.010951024753995346,0
FR027761,0.011581228201837,0
FR030212,0.005346703909029206,0
FR027242,0.01202961196660067,0
FR031508,0.01174981227085595,0
FR023916,0.01514605725760363,0
FR026068,0.01513100830537258,0
FR026089,0.02020635706334708,0
FR020157,0.2410263724739367,1
FR023297,0.011674475883930259,0
FR020634,0.025581508670539023,0
FR029532,0.014378201790504629,0
FR029927,0.005959137743809238,0
FR026211,0.010738629732547664,0
FR023752,0.00671403698737391,0
FR028805,0.014114677714675759,0
FR021029,0.01354004091662633,0
FR028530,0.006588065991525952,0
FR024295,0.025053431017095264,0
FR022522,0.01435948362133427,0
FR020884,0.005610321091924121,0
FR021051,0.0037252357542706515,0
FR031459,0.006694887415513575,0
FR027986,0.005176102091903098,0
FR027027,0.05980143511957875,0
FR026962,0.00814421557448355,0
FR021536,0.013190023326952464,0
FR020258,0.014711756830309189,0
FR030449,0.004933281287897594,0
FR025786,0.012807104611896028,0
FR025438,0.013660155837133973,0
FR027834,0.004335323309229713,0
FR026744,0.03108989959700017,0
FR021719,0.005895245976191763,0
FR026896,0.010199287964949653,0
FR021082,0.015447999638086466,0
FR028284,0.02219170853619671,0
FR031307,0.1902471855281878,1
FR028202,0.008144644786915671,0
FR028080,0.02468597140099247,0
FR020813,0.01665208331274634,0
FR027571,0.009394287040388864,0
FR031908,0.024583987502318175,0
FR020040,0.004967263781865636,0
FR024154,0.004003798068927445,0
FR023647,0.00657021097644378,0
FR022180,0.009020570527158229,0
FR023192,0.0038893265455293823,0
FR020607,0.006863937773405576,0
FR025493,0.005221339317272413,0
FR022052,0.012115453690969346,0
FR028954,0.005832490411188237,0
FR025501,0.0037707309305290405,0
FR024846,0.00401036708371044,0
FR024303,0.010593579357257816,0
FR027984,0.004827118725517212,0
FR028045,0.013916155423131713,0
FR021398,0.011415219471616913,0
FR028172,0.003920749262283897,0
FR020380,0.3199110278510925,1
FR027473,0.004519857197238183,0
FR026198,0.003981986633894995,0
FR024773,0.03321119463639203,0
FR028870,0.02457164143787114,0
FR028852,0.033013253083885113,0
FR030653,0.011031525011153901,0
FR026735,0.004410375990686994,0
FR024233,0.013246154895780737,0
FR031409,0.02431212504771895,0
FR022708,0.6899494480214357,1
FR030373,0.011397323154083493,0
FR029072,0.022803386158084867,0
FR026701,0.023665914647629856,0
FR026626,0.01582866151293036,0
FR025718,0.01720094233864112,0
FR020870,0.06161671444236176,0
FR022966,0.02719428526387193,0
FR027293,0.008674383813368283,0
FR023533,0.006139864964777112,0
FR028946,0.012884908051004963,0
FR023924,0.005459430476943904,0
FR023240,0.005039167930957706,0
FR027920,0.006576461319040166,0
FR025291,0.008649432158656663,0
FR023976,0.017055239724260936,0
FR022383,0.006447009671238622,0
FR020298,0.009034857359844481,0
FR024115,0.004780168777587161,0
FR029039,0.00934947421266645,0
FR024247,0.08080706660438183,0
FR022914,0.008431564816983973,0
FR025375,0.050387548769604246,0
FR030675,0.0685413930641442,0
FR025407,0.00493585027701691,0
FR025044,0.010980145342056533,0
FR030205,0.05714213659479768,0
FR021066,0.006293803515636735,0
FR031447,0.012813516329662614,0
FR031081,0.022303017276552893,0
FR025976,0.0036910769392629102,0
FR021054,0.004272943387554963,0
FR022795,0.004220886401646327,0
FR022767,0.010889091860447453,0
FR026153,0.009260021909193585,0
FR023098,0.007015867124397746,0
FR028862,0.004513104254132379,0
FR024540,0.045455963957419736,0
FR022877,0.008291381801402268,0
FR024652,0.03775781736364364,0
FR030631,0.00349654795667971,0
FR026867,0.005016672723262927,0
FR031128,0.004459668345146318,0
FR030545,0.020111427989007773,0
FR029139,0.005659414419419427,0
FR030775,0.010096489196430365,0
FR024385,0.03306379653552905,0
FR031747,0.013520166021143091,0
FR023397,0.007848164714873571,0
FR024019,0.0093813787525251,0
FR030102,0.0236343817806599,0
FR024015,0.005725720326563259,0
FR026647,0.0037858502739312573,0
FR025357,0.009087239750485324,0
FR028195,0.0508120931349793,0
FR029798,0.008649433942633487,0
FR031823,0.007089898772967006,0
FR028588,0.0036906165312340995,0
FR022500,0.004370501637295314,0
FR023594,0.010890312388305085,0
FR020372,0.006276863850729815,0
FR025935,0.010083520485890334,0
FR022844,0.00819016819459065,0
FR021819,0.006220480294559985,0
FR027621,0.019480901443861328,0
FR030535,0.013197652789147417,0
FR024256,0.010104188495454528,0
FR020418,0.013426811379884135,0
FR030844,0.007026834013102808,0
FR021863,0.00509600701699957,0
FR024477,0.0038992337149930277,0
FR026947,0.0053629298066163325,0
FR026395,0.015516188290640578,0
FR029455,0.03916804069150641,0
FR026174,0.02005468267003948,0
FR020535,0.039684882209209724,0
FR026544,0.008942561481151173,0
FR022064,0.008779879137970683,0
FR024370,0.01580893141631259,0
FR029803,0.01349405750374437,0
FR022126,0.011049535099615045,0
FR030490,0.00996459924230987,0
FR021557,0.032843812820146444,0
FR027741,0.003736116957336307,0
FR022090,0.004429941471523957,0
FR021746,0.00741118632073307,0
FR029721,0.008828813010952632,0
FR024232,0.03329476730382034,0
FR029954,0.02083747277364556,0
FR027382,0.018800086500344124,0
FR027640,0.010700223474241839,0
FR031280,0.005663051511349715,0
FR026747,0.004059434366882695,0
FR021314,0.012631931715236494,0
FR027310,0.017522355807580513,0
FR020487,0.012366448393647419,0
FR021064,0.011395479439461516,0
FR026862,0.004670015481644731,0
FR030671,0.014753095561047626,0
FR022312,0.01458290819168314,0
FR027501,0.0050868117901414316,0
FR031402,0.009623763868225658,0
FR027246,0.011233313395157072,0
FR026280,0.0036215796952764005,0
FR024501,0.022561303275569267,0
FR029535,0.0223680598690052,0
FR030011,0.006175228782664315,0
FR021124,0.00434988843099814,0
FR027028,0.01534559999256309,0
FR023027,0.013745531218517012,0
FR031711,0.015403300027691054,0
FR026177,0.012430035092899559,0
FR025618,0.004831853595489367,0
FR025817,0.003837896183290779,0
FR027844,0.00914703093639884,0
FR021134,0.006265635262477873,0
FR027786,0.03350196434633047,0
FR022868,0.7435866752019,1
FR026558,0.004988145119006511,0
FR022306,0.0073048060035406474,0
FR023640,0.009422607527644802,0
FR026638,0.014150024457064425,0
FR020622,0.006576415352357311,0
FR031740,0.31459204796599227,1
FR030871,0.004134798168126064,0
FR028432,0.0036884988276973713,0
FR029548,0.005439161603332144,0
FR030840,0.009224107106110546,0
FR028297,0.0288721677123557,0
FR020434,0.011307369927226366,0
FR025662,0.012925800681467186,0
FR023907,0.005497682485231492,0
FR031197,0.01650737010303132,0
FR022543,0.005243539650126973,0
FR024366,0.010306026243080833,0
FR027036,0.006405462743997297,0
FR028459,0.013078034685630475,0
FR024918,0.006866630317798207,0
FR027050,0.020370437710641634,0
FR027815,0.006334386078267133,0
FR030755,0.0056810326959978105,0
FR024524,0.007313715851038113,0
FR030771,0.011692650737251075,0
FR023537,0.010223864202999904,0
FR020119,0.00992100487982606,0
FR024482,0.0629231982926028,0
FR022557,0.018627675084976487,0
FR025104,0.015188836224903622,0
FR031455,0.008239429716900499,0
FR022371,0.01632530671260118,0
FR028222,0.004043461754726451,0
FR029588,0.021480973751053324,0
FR030698,0.009773752980442668,0
FR026523,0.0036528231530141273,0
FR024312,0.003500565979918244,0
FR031364,0.015635274101099467,0
FR029212,0.009675251169624626,0
FR021405,0.00424476667214293,0
FR031736,0.005626534179248471,0
FR027270,0.009089389252254367,0
FR031657,0.041125951729358026,0
FR031970,0.014324445838392773,0
FR030681,0.0048388474449471315,0
FR024478,0.01021529205742788,0
FR030387,0.003417015104252933,0
FR021665,0.010109190431431981,0
FR021286,0.007151876684010543,0
FR023284,0.011589960946798723,0
FR025426,0.012019330837402194,0
FR029443,0.01681567002849435,0
FR031380,0.01533721120926934,0
FR022131,0.009113896108620997,0
FR024452,0.026957917397392336,0
FR031594,0.03912903040394597,0
FR020373,0.6650625773835388,1
FR030847,0.02066647147694947,0
FR021028,0.010094194116641798,0
FR030126,0.031212304432540132,0
FR030402,0.009959242785938526,0
FR028121,0.019059558298264084,0
FR024266,0.005719281182331077,0
FR031381,0.00681424050713077,0
FR028661,0.004854379284301111,0
FR020427,0.005603656843735471,0
FR026287,0.0378365124910537,0
FR027139,0.05557094336664972,0
FR020794,0.017980169694684665,0
FR027880,0.017998732237587245,0
FR026595,0.026741797312756478,0
FR026723,0.0046405755623105584,0
FR024615,0.0070420484583261275,0
FR023923,0.009614738319157514,0
FR025399,0.0060432122888836315,0
FR021694,0.003944595979114846,0
FR030444,0.008638200519217185,0
FR030307,0.015069959135957926,0
FR022016,0.012377146238780223,0
FR028301,0.0038050963337102665,0
FR028492,0.010766864688523906,0
FR021258,0.015102099278311342,0
FR031415,0.00909020939692844,0
FR029719,0.06779848351804765,0
FR020664,0.0050435945290983105,0
FR029786,0.006449033456094978,0
FR023511,0.04570270679623398,0
FR027661,0.006520329369188215,0
FR024389,0.01407848778648259,0
FR025286,0.016053811092027765,0
FR030462,0.022789413494230373,0
FR021423,0.007569760209483704,0
FR028525,0.023028477352569507,0
FR024737,0.0074288696004954,0
FR023024,0.009479657500712519,0
FR026238,0.008814047476029173,0
FR022595,0.014394812460447416,0
FR026358,0.006619169692962074,0
FR030258,0.006564440387195071,0
FR025514,0.011705420044240342,0
FR029187,0.006142867589860405,0
FR023971,0.024310471464226782,0
FR026116,0.0054297795200422706,0
FR026650,0.012593113837242879,0
FR027326,0.015277892930486502,0
FR029382,0.020792918366961677,0
FR024820,0.01614213690343597,0
FR031957,0.006364126096055493,0
FR026827,0.00453495973546095,0
FR028007,0.01924594811796887,0
FR026825,0.011275398744764027,0
FR028745,0.04391417511860862,0
FR021888,0.01258684883867485,0
FR028013,0.007451587452643786,0
FR026178,0.011058361519363229,0
FR031807,0.006137753782254422,0
FR022234,0.010490229952267088,0
FR026713,0.004576916270145526,0
FR021499,0.004723831168785745,0
FR025760,0.016438249511522247,0
FR030138,0.0343073403700709,0
FR028113,0.7962852060899381,1
FR024388,0.010375473218469693,0
FR026988,0.010048671591820865,0
FR027442,0.008557578813939488,0
FR021931,0.006026683182824449,0
FR022233,0.015163143372305525,0
FR026057,0.006708795041495146,0
FR029070,0.0106651187326267,0
FR023076,0.015352231500882918,0
FR026697,0.011489008683668048,0
FR025031,0.014068779461457294,0
FR028117,0.030714018233345554,0
FR030247,0.005679079831438511,0
FR027845,0.005288928963790641,0
FR021069,0.014247245220218321,0
FR023418,0.02638164981227887,0
FR029924,0.022028973765647164,0
FR028715,0.00580261613033219,0
FR026930,0.014407799133356375,0
FR031151,0.007086552327635547,0
FR022660,0.011093426025797142,0
FR022015,0.0069031768281895434,0
FR029079,0.009191687297165348,0
FR027363,0.03389261626171166,0
FR026291,0.02174466581449261,0
FR030728,0.008259194286593139,0
FR021135,0.005816991771485739,0
FR030134,0.019186368894141027,0
FR025264,0.0058948406133692965,0
FR020511,0.010431656787918332,0
FR031985,0.005594524551989078,0
FR022567,0.035369468957534775,0
FR020335,0.009609633808762346,0
FR022670,0.012173179830394131,0
FR024083,0.014347548692383045,0
FR028388,0.009961047823282772,0
FR020482,0.03819177116241939,0
FR022475,0.004996223773332975,0
FR025028,0.022702272090262897,0
FR023294,0.009984845990543272,0
FR025395,0.008016154125638275,0
FR029048,0.013722115661803678,0
FR022518,0.012397726317155359,0
FR024880,0.012749083868397112,0
FR024132,0.016078955109726935,0
FR029625,0.008416655337221048,0
FR028066,0.009186428552626198,0
FR024876,0.005788594077864542,0
FR031198,0.008601023379726683,0
FR027647,0.008060094298754272,0
FR020538,0.011355040508510866,0
FR025332,0.008809909049442614,0
FR031121,0.0052785596206493,0
FR021142,0.004321523276013596,0
FR022210,0.009512011174492959,0
FR030041,0.03110640259802756,0
FR023054,0.003968221618313141,0
FR024184,0.004652313612239814,0
FR020295,0.009385031494028816,0
FR020522,0.004291888940860373,0
FR029593,0.006562024584983148,0
FR027539,0.028849824766030725,0
FR023125,0.004577765889055115,0
FR031850,0.005348557575136385,0
FR024732,0.015545982182639412,0
FR029730,0.018351668078333203,0
FR028177,0.0046097265032662635,0
FR025855,0.014182400524550814,0
FR029310,0.007308298530911649,0
FR021143,0.010490702519222697,0
FR026435,0.01737716164428718,0
FR030274,0.006963636011088301,0
FR027955,0.01124444943281223,0
FR031442,0.006020030065727804,0
FR024450,0.021278071910300837,0
FR024842,0.036706711509428336,0
FR031328,0.00609747341242316,0
FR029610,0.014578161801302544,0
FR020193,0.020276906217987285,0
FR029115,0.00655528176527102,0
FR022722,0.00631324478581583,0
FR027628,0.010343365550523365,0
FR024200,0.0036656607790092996,0
FR029022,0.004706716025482017,0
FR024682,0.009311188632099336,0
FR028548,0.008971150042235657,0
FR024866,0.00421816399704081,0
FR028313,0.006693096818637604,0
FR031748,0.011305796444432865,0
FR031341,0.0041591540573807945,0
FR025156,0.006304116691014948,0
FR028919,0.007688785386489086,0
FR022636,0.00755868041154798,0
FR024530,0.01738324155184523,0
FR029933,0.022294905900938237,0
FR023590,0.021580732223465758,0
FR026108,0.007615962848152014,0
FR021933,0.019086104942112485,0
FR020269,0.0076919498900048676,0
FR024593,0.011662672114661432,0
FR031188,0.019069485310399918,0
FR025240,0.004494764615887261,0
FR023523,0.0070390642731711275,0
FR025218,0.004690850874321882,0
FR030969,0.014349478587247675,0
FR024913,0.015409852972717422,0
FR020729,0.025305103175895273,0
FR021165,0.006782800842607153,0
FR023217,0.00776352379939987,0
FR029446,0.014096922515977323,0
FR028630,0.0035693229311971465,0
FR026022,0.004989070567020356,0
FR025849,0.014861470082374931,0
FR022917,0.004655252753336555,0
FR025574,0.004657272560339794,0
FR029409,0.0067843054542977765,0
FR023574,0.01891323344399225,0
FR025404,0.015283174266613913,0
FR028310,0.0764684754548147,0
FR020354,0.013960558316468188,0
FR021612,0.007958217847142218,0
FR023273,0.0051752349443817455,0
FR022907,0.019977237746220813,0
FR021669,0.008808591918517624,0
FR030390,0.010893850604225253,0
FR024143,0.010630077205798467,0
FR025378,0.01657902573109369,0
FR020777,0.0160917235510532,0
FR023144,0.012757506159737928,0
FR030020,0.009220291087817786,0
FR021334,0.05241184759734345,0
FR023817,0.010851966749102406,0
FR026421,0.008972081074955287,0
FR028472,0.01477118056243435,0
FR026682,0.004792460670003796,0
FR028569,0.005161419584433755,0
FR031999,0.007962195333207338,0
FR029815,0.0036837693530689503,0
FR026218,0.03226037610763175,0
FR031871,0.011257374860314615,0
FR027191,0.011530930255732298,0
FR026670,0.005071857432162298,0
FR027843,0.014174345691077056,0
FR030356,0.00403191363270059,0
FR021761,0.005557280434023346,0
FR025092,0.09364973176093057,0
FR023860,0.0032225400294686834,0
FR025539,0.015014234795696595,0
FR025815,0.009003657780528317,0
FR029486,0.005034928055432783,0
FR027655,0.01165241565915847,0
FR025689,0.00628061032413987,0
FR021188,0.01493512068735124,0
FR026548,0.005727238668647964,0
FR023724,0.004089249204818211,0
FR025552,0.005772539524672845,0
FR020143,0.005064481330330767,0
FR024560,0.00797009635398347,0
FR021035,0.025625639068407056,0
FR022474,0.006021239101217915,0
FR028801,0.01208756500923901,0
FR024033,0.0314528539553581,0
FR022087,0.010105594680429299,0
FR026997,0.015858982338994118,0
FR025784,0.012372424494873765,0
FR025525,0.006233977092067014,0
FR030013,0.008598868767190319,0
FR021809,0.25100472957131725,1
FR023580,0.004035016702620305,0
FR031685,0.017523924588932868,0
FR021474,0.023452468009528354,0
FR029959,0.010020626342104823,0
FR024180,0.010892577152680553,0
FR031583,0.011659068826086985,0
FR020997,0.005791623756247515,0
FR031987,0.005984873998462431,0
FR021703,0.13519674905661044,1
FR031513,0.007792049660009643,0
FR023922,0.030869941181281932,0
FR020083,0.006948841662119922,0
FR031143,0.015724925044249338,0
FR020672,0.018591466277071346,0
FR030220,0.011552098860798448,0
FR029242,0.03290818026507478,0
FR024923,0.004422271082316746,0
FR024236,0.04343547073895056,0
FR023884,0.009950624085441655,0
FR029279,0.004903020334030039,0
FR029828,0.0033519761310703733,0
FR025235,0.020346143193815107,0
FR025103,0.006148374882322405,0
FR020871,0.18926109238390892,1
FR027507,0.012614699546583605,0
FR028677,0.009719397375116286,0
FR020653,0.01602871574123966,0
FR026828,0.006686527362318204,0
FR029331,0.0046600691446298335,0
FR030080,0.006539033989447942,0
FR024690,0.03041399760403995,0
FR023885,0.005108310896124797,0
FR025250,0.013795062508156587,0
FR026778,0.02404212981259374,0
FR031686,0.006920621754089212,0
FR026649,0.0040802624892417785,0
FR021729,0.00342202710641004,0
FR030608,0.024109180513861808,0
FR028991,0.013237604233953221,0
FR021279,0.009936716781059774,0
FR026182,0.007659612452855202,0
FR023108,0.007373901650972598,0
FR026901,0.005642191910159472,0
FR027715,0.005477683135280529,0
FR020211,0.0058610403822129155,0
FR031234,0.018390536558168212,0
FR023769,0.015395830645051387,0
FR022135,0.01652002860304609,0
FR023800,0.007092478788796249,0
FR023808,0.007291926538328027,0
FR025122,0.012613570072704444,0
FR021976,0.03307720881352713,0
FR023305,0.021274888855176102,0
FR027613,0.01508829322509663,0
FR031118,0.01131100790521712,0
FR022275,0.01985025515055399,0
FR031814,0.008329013091774667,0
FR027956,0.00823298666742446,0
FR022843,0.01954036073131292,0
FR028736,0.008094569272435532,0
FR029211,0.14708273713344744,1
FR030320,0.010304356848426743,0
FR020250,0.011950508117306188,0
FR031482,0.011832772717416711,0
FR025646,0.014355243577530534,0
FR024014,0.007135699315518516,0
FR024944,0.007570075863172446,0
FR029025,0.020320678184825733,0
FR021291,0.14963569269513766,1
FR021505,0.013274633764305932,0
FR024185,0.009246991405575968,0
FR024588,0.01667169413980422,0
FR021702,0.015387489516124219,0
FR027938,0.011200975833111634,0
FR027625,0.01634903569246411,0
FR031512,0.005608554766694453,0
FR027546,0.007800141109547614,0
FR028434,0.00523113507870447,0
FR024984,0.005214820381474529,0
FR026373,0.01047783907971513,0
FR028057,0.003555687885546162,0
FR022809,0.06809096490594742,0
FR026254,0.013991943474864038,0
FR031359,0.0047069362524186555,0
FR022359,0.008161263856354874,0
FR027559,0.026096776459455996,0
FR027805,0.00291545185187464,0
FR023989,0.03316005333384347,0
FR021778,0.006771810310630927,0
FR026818,0.005699927185627,0
FR029458,0.01666818247423634,0
FR031620,0.009904306979888311,0
FR021540,0.1257059559197439,1
FR025094,0.01279569074790674,0
FR031286,0.006810264061198801,0
FR020943,0.016644991984046523,0
FR031139,0.008313810338870714,0
FR024974,0.00484334105848996,0
FR028441,0.026184618185457267,0
FR028334,0.006399339738383801,0
FR022176,0.004772621951956969,0
FR026471,0.02003463851255144,0
FR029696,0.029922620492899038,0
FR027279,0.0038057090248208233,0
FR030520,0.010903153822498048,0
FR026932,0.006720338845369944,0
FR021178,0.009124562352923315,0
FR026070,0.0076510048743253616,0
FR025797,0.013507698168841627,0
FR021514,0.02303472600738558,0
FR027947,0.006403504249536456,0
FR021217,0.008341690165932794,0
FR020506,0.04193042426162928,0
FR027414,0.04005782169081161,0
FR020489,0.01505249736483211,0
FR023639,0.0074551838290331214,0
FR023463,0.014133917940945916,0
FR021806,0.009620784207570874,0
FR025248,0.006896005391966475,0
FR020392,0.010382591717476358,0
FR026259,0.014403440747928422,0
FR028026,0.02335943893851853,0
FR023005,0.015593484385927508,0
FR031606,0.003891063321316954,0
FR029648,0.01176718692486007,0
FR024404,0.005190544533309107,0
FR025244,0.0056217749456785125,0
FR027298,0.8138746586624703,1
FR020502,0.014198944490669168,0
FR026158,0.03950823682674159,0
FR023676,0.014520921727750071,0
FR031201,0.010728862624149061,0
FR030278,0.005471889381323749,0
FR022782,0.016870201075113528,0
FR024661,0.03731179955208243,0
FR029180,0.01063639972683027,0
FR022293,0.012728901028378417,0
FR026447,0.010173960410467614,0
FR031528,0.007222546487027784,0
FR023726,0.015641200931444138,0
FR027346,0.005476918435604843,0
FR031644,0.03816656430142164,0
FR024655,0.011035574602357653,0
FR029503,0.006096013426792562,0
FR030997,0.02013920820002974,0
FR026934,0.004412982932312529,0
FR029452,0.004267190135064148,0
FR030192,0.06525290985175916,0
FR029363,0.007553394286326353,0
FR029872,0.007641230418116929,0
FR023847,0.007485307476512566,0
FR029085,0.4234152247604772,1
FR030954,0.014411759518425783,0
FR024050,0.022759727547479625,0
FR022455,0.007893101525314292,0
FR021414,0.0179730960035464,0
FR026639,0.009110469004032576,0
FR031913,0.012651613681760914,0
FR030403,0.006181909600941031,0
FR030231,0.012995638386321767,0
FR030026,0.007019937774809972,0
FR024250,0.005516156369348133,0
FR020969,0.037190725516790174,0
FR024548,0.00999140384042507,0
FR028794,0.03807801485472505,0
FR031662,0.06155128067391271,0
FR024766,0.09087625741935729,0
FR024853,0.03295699696311122,0
FR026268,0.006197680477033058,0
FR027122,0.010627513118920382,0
FR024986,0.005472839460773704,0
FR020366,0.01049991540224943,0
FR029738,0.027833261162010455,0
FR028426,0.006366234559354807,0
FR023959,0.006880793481696757,0
FR020095,0.25952158857936547,1
FR021226,0.005713927115867615,0
FR031478,0.006122484150118962,0
FR030758,0.6812266401633098,1
FR025642,0.005261472309763688,0
FR020060,0.005056704116704384,0
FR023876,0.014018006720659554,0
FR024458,0.019467217540061928,0
FR022050,0.008719398821078108,0
FR030309,0.0034008295886951766,0
FR024018,0.0038810201320893154,0
FR030792,0.013262291099821022,0
FR028213,0.013116552934301272,0
FR030249,0.00487286072988123,0
FR028871,0.011803100448840306,0
FR030163,0.011278082809815605,0
FR031149,0.18260562813443687,1
FR023121,0.0061988377620890624,0
FR028422,0.004725894781481334,0
FR023303,0.008126768483134036,0
FR024373,0.009148526563338184,0
FR031899,0.1607804966865723,1
FR030289,0.05886852083973208,0
FR027820,0.020536074954020107,0
FR024010,0.01212020970323818,0
FR027155,0.03807119251435656,0
FR024490,0.005065332253244126,0
FR026202,0.006702419863856052,0
FR022615,0.03273067761809184,0
FR020723,0.0070331960145236586,0
FR026380,0.005432546013532111,0
FR030696,0.020787319337223567,0
FR031516,0.006802643321825638,0
FR031379,0.032443269714022845,0
FR023678,0.00645690839005956,0
FR022705,0.006292784691524627,0
FR031551,0.004431821243272634,0
FR023340,0.011694598707577032,0
FR025789,0.00369205001543588,0
FR026907,0.012683434523172318,0
FR020291,0.28222261265671444,1
FR026455,0.017504729424469345,0
FR024975,0.034426293343483065,0
FR020706,0.015123569044553236,0
FR028625,0.03561181036222827,0
FR028018,0.09025037649189505,0
FR023229,0.0053809732942076555,0
FR024340,0.004242455849332364,0
FR022901,0.010484734272312175,0
FR029375,0.009229254275218975,0
FR030493,0.00500350739359123,0
FR021275,0.052713234974118395,0
FR025995,0.006418614023000289,0
FR025793,0.007535909206687866,0
FR024326,0.00330202401738488,0
FR029940,0.007658314064924507,0
FR025929,0.01208443911942391,0
FR031808,0.005486356947315184,0
FR025735,0.010277989320910268,0
FR025821,0.011577278215128509,0
FR030515,0.009703236810230699,0
FR023457,0.004828245134306878,0
FR025403,0.0067307615350770044,0
FR026224,0.047049648767504615,0
FR027733,0.008451296412892051,0
FR031592,0.008163352127913422,0
FR028174,0.0061822349942836415,0
FR024549,0.012355110107438613,0
FR026104,0.004904476130138911,0
FR028580,0.004788821838026602,0
FR028917,0.010706753975199379,0
FR026545,0.005197824611621681,0
FR029640,0.008064408709957751,0
FR026497,0.029354392987333965,0
FR024441,0.010024190921380028,0
FR026850,0.0660981491726278,0
FR022718,0.005305065843511477,0
FR029336,0.019312420651428686,0
FR022385,0.007046862816800125,0
FR020783,0.011916866857063519,0
FR030391,0.012171402975731545,0
FR022800,0.013705190693753238,0
FR027886,0.02696475270600568,0
FR022941,0.014064881994095097,0
FR023651,0.006231034823152962,0
FR021673,0.011080896784838621,0
FR031185,0.010679113265003901,0
FR029224,0.005453074732315469,0
FR021969,0.016922916344527417,0
FR025902,0.008121979648356762,0
FR025532,0.011292127431986872,0
FR028401,0.005987154205283628,0
FR030207,0.03966599373873539,0
FR026117,0.004700824109237089,0
FR024859,0.008117588299685424,0
FR022784,0.010347809205299437,0
FR028898,0.12595669177853858,1
FR031101,0.04161766674694138,0
FR023633,0.019043340800674644,0
FR021983,0.0059277515780780925,0
FR029529,0.011991705010120219,0
FR025191,0.00843760168665884,0
FR025678,0.010172538479156602,0
FR031505,0.05519152696797032,0
FR028437,0.00973538620677428,0
FR028398,0.007043523196310552,0
FR028966,0.00519719534975073,0
FR028925,0.013271553908393862,0
FR031989,0.007476714786191969,0
FR026407,0.007766616204667604,0
FR029910,0.029229113383007876,0
FR029120,0.010587836030613595,0
FR021677,0.0057199500199642695,0
FR027906,0.01591776437498281,0
FR025971,0.009141819442419832,0
FR028631,0.010357928602839264,0
FR028638,0.009923082210981697,0
FR027086,0.0054752146524080555,0
FR029456,0.010954149996869167,0
FR023874,0.015880378364357604,0
FR027049,0.00646592877917293,0
FR021494,0.003759170182150445,0
FR027942,0.0066478466712544,0
FR024955,0.020416191579691705,0
FR026410,0.015153551161428523,0
FR023163,0.004671448361226826,0
FR028761,0.009772312974508708,0
FR028490,0.01680245659344952,0
FR030951,0.008755555596220443,0
FR026379,0.011829026128884406,0
FR026363,0.0045348427503002445,0
FR028673,0.006544837120179672,0
FR026208,0.009526222859193039,0
FR024479,0.006975694998732105,0
FR026526,0.007558868321410826,0
FR026876,0.014692036511245236,0
FR021274,0.010431787857955711,0
FR026155,0.24454350756197887,1
FR020599,0.010929282221998578,0
FR025223,0.026852639788162047,0
FR023205,0.005420953523959575,0
FR022857,0.010916067223888118,0
FR024384,0.019155778793125265,0
FR026326,0.010129753038207987,0
FR028963,0.005720098238451763,0
FR030673,0.003146895443572721,0
FR021527,0.014680353761659205,0
FR027458,0.012210169788803828,0
FR020438,0.01055705556314128,0
FR020937,0.0068062954016423205,0
FR024065,0.010823302617618113,0
FR023731,0.01877422404582641,0
FR024806,0.012025369485355923,0
FR023510,0.009933376532214457,0
FR027106,0.005196157385663558,0
FR024816,0.033192552909636776,0
FR021270,0.005617215810057606,0
FR020445,0.021282816238382123,0
FR025773,0.018963500570022152,0
FR021218,0.008236150018116135,0
FR021614,0.023090376510929912,0
FR021117,0.009811561941188856,0
FR031092,0.030428005829410385,0
FR023265,0.011710704617310986,0
FR027778,0.01855953863307591,0
FR021543,0.011500542913713592,0
FR022348,0.008090123512898686,0
FR026433,0.017811005218473924,0
FR027019,0.013556513229079525,0
FR025347,0.06067201079795462,0
FR029965,0.005266884780585377,0
FR023281,0.04583667758454847,0
FR023346,0.005298304937654626,0
FR023244,0.003520252081357894,0
FR024098,0.01782706027349642,0
FR030234,0.014191891787409155,0
FR020896,0.011350431041621686,0
FR021897,0.007259598599760885,0
FR029371,0.013801052004311427,0
FR027239,0.018504220511849474,0
FR030833,0.008998949777461369,0
FR028215,0.006644702983397921,0
FR022617,0.013806328120269936,0
FR023981,0.010819332978035244,0
FR021519,0.011841555473966984,0
FR021992,0.005012370254430532,0
FR024451,0.0046593541146316714,0
FR022657,0.013116314688060394,0
FR031756,0.013390592564401059,0
FR031781,0.048878840508790114,0
FR027679,0.0260177222586241,0
FR026588,0.4716735555756009,1
FR026412,0.010974238139862133,0
FR031887,0.008243726448402943,0
FR027953,0.313156187714251,1
FR022061,0.008646165885479725,0
FR030054,0.022101259816369276,0
FR023865,0.003990963602119603,0
FR028194,0.01781114810194663,0
FR020021,0.005784788796368316,0
FR029868,0.02311094831687078,0
FR022865,0.010114275167481923,0
FR021649,0.007459274853992203,0
FR025590,0.01327250211157522,0
FR029688,0.006114495999610441,0
FR023445,0.024594810716385022,0
FR022589,0.006693141515251979,0
FR021520,0.0048063093701020704,0
FR031016,0.004379345694431583,0
FR029797,0.006778743201771659,0
FR020541,0.009563488255854371,0
FR020797,0.012818514539734004,0
FR026454,0.05248002121001371,0
FR024167,0.005499613167304067,0
FR027623,0.005668352876587222,0
FR030856,0.016620277162959152,0
FR027146,0.017420312074560317,0
FR026693,0.005409752196697981,0
FR024292,0.01706023625947719,0
FR020172,0.010466711739004632,0
FR029866,0.018387679665662737,0
FR023526,0.005571647103608163,0
FR030339,0.005127947749595883,0
FR023493,0.007221796795484608,0
FR022961,0.004660078638119037,0
FR024729,0.016643358347369762,0
FR023031,0.031953309192155735,0
FR025645,0.005958037797283004,0
FR029387,0.012454195910400177,0
FR024779,0.020128706828653316,0
FR023042,0.03487999003171114,0
FR023183,0.011505071089258242,0
FR031481,0.01264694854125668,0
FR025586,0.025318917474627473,0
FR029505,0.004139805644280311,0
FR020737,0.006622141662172629,0
FR026066,0.01054545158764602,0
FR022132,0.018876080505728275,0
FR029392,0.016556910285849387,0
FR021609,0.004973156147395881,0
FR020791,0.014771160683935122,0
FR027185,0.006006557000148518,0
FR025315,0.007964929793778601,0
FR029194,0.008662171698775707,0
FR022583,0.009702474657059014,0
FR028618,0.0058565218073125536,0
FR023743,0.005068852928578357,0
FR024538,0.01180708185161463,0
FR021990,0.006295208453352151,0
FR020786,0.018366823630547556,0
FR021419,0.008386859097600272,0
FR028893,0.007602192457051243,0
FR029445,0.009438187254340109,0
FR027708,0.018496618547366735,0
FR026499,0.013116460872531557,0
FR023757,0.008728205245964377,0
FR029262,0.18744630367961457,1
FR025386,0.006001140609558234,0
FR028649,0.007572374654790997,0
FR022030,0.009011678865366652,0
FR031221,0.006255931303635875,0
FR023398,0.007404081134740308,0
FR024044,0.2744796640403494,1
FR025901,0.0065394912679733325,0
FR031205,0.011594459339335807,0
FR025770,0.0058841932871981535,0
FR024993,0.03532322741980551,0
FR024182,0.012021520629677034,0
FR023763,0.005180125665050057,0
FR027153,0.01818987315600691,0
FR020573,0.02819143600170322,0
FR028572,0.00453470480881531,0
FR031113,0.011269882103412596,0
FR031466,0.01599047392252559,0
FR030445,0.004651529659819499,0
FR027085,0.006593454078964656,0
FR026909,0.009756563004255425,0
FR026175,0.0068544280624766515,0
FR022513,0.013283596028119356,0
FR022596,0.013348156946314204,0
FR028312,0.009392237665232311,0
FR031299,0.01992245716160309,0
FR028339,0.006184900017555206,0
FR028987,0.006238149578315984,0
FR026824,0.014695116330115698,0
FR026132,0.06017408215907233,0
FR025087,0.010713834764454012,0
FR021928,0.009583947051956355,0
FR027936,0.007588040694116654,0
FR023801,0.00781622770243256,0
FR029420,0.0071862853631188515,0
FR024701,0.02036002568996903,0
FR024676,0.005107609148133687,0
FR031698,0.006714854615239553,0
FR031994,0.00981038089345446,0
FR029745,0.011818478224212049,0
FR030232,0.012275562127064021,0
FR030944,0.023795961982482954,0
FR027187,0.006388476849850266,0
FR025703,0.005282915083785453,0
FR025463,0.008082684539543208,0
FR028210,0.016716164927986103,0
FR025819,0.010404021436886492,0
FR027396,0.018116109758854367,0
FR025340,0.0067636899267826235,0
FR020311,0.004024270413096283,0
FR027868,0.006619528656089333,0
FR020264,0.013992278998306929,0
FR028996,0.0858294064489322,0
FR030485,0.008656141708305282,0
FR027695,0.12924496338266328,1
FR022338,0.011365098237345075,0
FR023619,0.005277167472147603,0
FR022963,0.005590872616146972,0
FR029794,0.028421008587436923,0
FR022374,0.00799365235477694,0
FR024570,0.003455871155772144,0
FR030918,0.01091151736590156,0
FR028747,0.014979837017711033,0
FR027222,0.011987307556126894,0
FR020796,0.0068546496878776255,0
FR023225,0.012624882041006955,0
FR031753,0.012516826863431727,0
FR021249,0.012041424427659056,0
FR030872,0.0053239295111380605,0
FR024794,0.036029756916689956,0
FR021052,0.00832374353204724,0
FR025201,0.008031746722305569,0
FR024163,0.004753342900912824,0
FR029664,0.013398157567242754,0
FR022401,0.014966601012166734,0
FR030921,0.007358582050330071,0
FR029013,0.024589432577171787,0
FR031504,0.0049631281430649946,0
FR027928,0.005500035737683142,0
FR026038,0.05660047196157419,0
FR029330,0.0056244355018586125,0
FR028656,0.007759879951231074,0
FR027316,0.008494743909500335,0
FR024753,0.027338093081113984,0
FR028780,0.007384890423764474,0
FR022136,0.00500077532004382,0
FR025531,0.010709961144361409,0
FR027251,0.005411291219520739,0
FR024663,0.012410770932926828,0
FR030714,0.004926415031305326,0
FR031432,0.02170895132866508,0
FR025409,0.017887310390759165,0
FR024912,0.009986472947115087,0
FR027972,0.011340483147599589,0
FR024609,0.005839226666655432,0
FR021211,0.021793799446079856,0
FR030381,0.016258376239246905,0
FR028617,0.005719591819674047,0
FR030115,0.008252453249081554,0
FR021571,0.01686400319911704,0
FR023506,0.004224368918858747,0
FR031372,0.008887379469714421,0
FR020286,0.010643993107456298,0
FR026003,0.009323664830515716,0
FR025339,0.05274008380280806,0
FR022035,0.006386973111139569,0
FR031946,0.0044718583538459235,0
FR029605,0.005559396764442051,0
FR025270,0.0070953903505862614,0
FR025527,0.011427094150029342,0
FR027719,0.013604682107693382,0
FR026521,0.004831359591384565,0
FR022669,0.010165735364944039,0
FR026655,0.14068446842780188,1
FR024022,0.008559261051108526,0
FR020421,0.0052055457725137585,0
FR027620,0.0641344567356188,0
FR022449,0.06006874344874166,0
FR021671,0.01237598205205842,0
FR027545,0.0051728287488841795,0
FR029233,0.012992235952851889,0
FR026900,0.007809502696678103,0
FR022642,0.010937992481151307,0
FR020138,0.007412151356483705,0
FR026756,0.004332851379172909,0
FR029226,0.007078978252116876,0
FR024020,0.015288440850553121,0
FR029690,0.007370911532488095,0
FR031277,0.01679520914003641,0
FR024211,0.006513809596866945,0
FR030492,0.010995162477838643,0
FR029328,0.022876303675273803,0
FR021861,0.009674965967062576,0
FR022805,0.0395775219539774,0
FR030841,0.010018805226594884,0
FR021905,0.009758499847825532,0
FR029410,0.011773904954361203,0
FR028981,0.0055822029686221665,0
FR021613,0.004455629256501174,0
FR030097,0.021261690701391826,0
FR028640,0.016700862779664018,0
FR028498,0.025418592452300444,0
FR028709,0.007854490201751451,0
FR030005,0.00760442436305642,0
FR021358,0.0093314669884337,0
FR022319,0.05630057951603376,0
FR024900,0.003985903339906314,0
FR023440,0.004906576212037545,0
FR031474,0.012823908727427603,0
FR027161,0.010696386761257715,0
FR031861,0.005016058069633842,0
FR029282,0.011198296398048615,0
FR025949,0.007207079369842669,0
FR025190,0.011016094396732883,0
FR024973,0.07830839952000168,0
FR027397,0.04159127851435232,0
FR020496,0.007699525670607533,0
FR030251,0.010615985598984287,0
FR025171,0.005569108258788596,0
FR027147,0.04628947151165527,0
FR023279,0.005671566283543985,0
FR029099,0.0039976507485609495,0
FR021103,0.8212324887640872,1
FR029806,0.014495667007153412,0
FR021710,0.005862252221160297,0
FR027660,0.006368092484636875,0
FR020788,0.1240584315716761,1
FR031262,0.004361470057385066,0
FR023615,0.014943446372403128,0
FR028129,0.009364509224958469,0
FR020544,0.055466186605991376,0
FR024925,0.00981127669374374,0
FR020370,0.016074170494908196,0
FR025695,0.020879309558620718,0
FR028400,0.008088835914382576,0
FR031742,0.007794768525534768,0
FR030014,0.013540452158147951,0
FR031919,0.007617197443492479,0
FR025566,0.003324906241313017,0
FR025018,0.2917295352688176,1
FR020861,0.011601461826784273,0
FR022196,0.021997298943210612,0
FR029103,0.0048946753695623384,0
FR028290,0.005925542635805005,0
FR030049,0.009456677002961374,0
FR024574,0.011773982096840652,0
FR028347,0.018837624460378427,0
FR021100,0.004620686959372001,0
FR030440,0.01182238798944293,0
FR030063,0.005948621940668081,0
FR023409,0.010975221049113195,0
FR027130,0.020801295676023283,0
FR023849,0.006383308719377744,0
FR020114,0.010829037574455969,0
FR021845,0.01378163809347615,0
FR027714,0.00822735035588187,0
FR029036,0.020096892382149165,0
FR027996,0.024432190238185617,0
FR026260,0.010371565299680273,0
FR031417,0.03666245098922952,0
FR020466,0.009826614536336407,0
FR031796,0.01599851170960173,0
FR024253,0.05232313258796577,0
FR027265,0.008951040966299333,0
FR021155,0.013361643838939983,0
FR020641,0.005581899317109083,0
FR026217,0.00382922986375628,0
FR030127,0.007989483690710076,0
FR025509,0.009584686439024912,0
FR021495,0.012043508848119989,0
FR027443,0.00431143230619002,0
FR030482,0.004713767305798301,0
FR020470,0.03251695812828481,0
FR028463,0.00972890978057702,0
FR023006,0.011778100576250193,0
FR025829,0.01803694240403266,0
FR030577,0.03080016588017739,0
FR022712,0.012513654298576331,0
FR025006,0.004902613487921467,0
FR031002,0.012428945699540839,0
FR028377,0.00759845617982619,0
FR022112,0.005678040635753109,0
FR024840,0.008585419344452484,0
FR025685,0.028365097073001694,0
FR030825,0.005285934765605557,0
FR029889,0.004657958378333802,0
FR024427,0.007767134112613579,0
FR031498,0.022725443267987297,0
FR020412,0.030737261195251393,0
FR029238,0.0043142156009168976,0
FR021250,0.003959746768850915,0
FR031163,0.015216505244397716,0
FR031902,0.014174005463951915,0
FR026888,0.00393734853951813,0
FR028094,0.005026350213926084,0
FR022220,0.005498029393744009,0
FR024291,0.011914097442497808,0
FR028064,0.008041796357458296,0
FR023164,0.34306068223398756,1
FR023728,0.007691821029028734,0
FR030416,0.011395285114217373,0
FR023750,0.015479382530841773,0
FR031515,0.015941365553403218,0
FR025931,0.0261792950037966,0
FR026727,0.004231480058885248,0
FR026470,0.008041940955963948,0
FR022092,0.006547704781067973,0
FR022913,0.006763490158166764,0
FR027132,0.010913136811890534,0
FR024998,0.017909314015412126,0
FR021726,0.009053317241624202,0
FR031940,0.053315532178668246,0
FR022981,0.0036795202125563947,0
FR031172,0.00976317458374102,0
FR021882,0.011799262001381997,0
FR023708,0.019905239145095066,0
FR030156,0.011360854097089711,0
FR024264,0.003841392641620815,0
FR023000,0.004081012571779674,0
FR030552,0.03612101996624578,0
FR023720,0.026768487923261003,0
FR024410,0.004846980767044363,0
FR024394,0.01014282056460519,0
FR031986,0.008418540370361665,0
FR022701,0.007408607408191031,0
FR025560,0.004698568189835042,0
FR027645,0.01958176361540473,0
FR028124,0.010516454122687719,0
FR030069,0.006327009368917802,0
FR024396,0.017707422302583986,0
FR027686,0.010241177625301016,0
FR020436,0.005221674908493526,0
FR023625,0.008777238398992797,0
FR023332,0.04679781154161443,0
FR022893,0.005449963676839615,0
FR028403,0.006721737839985901,0
FR031760,0.009549043113812607,0
FR026216,0.0052602920308335716,0
FR030006,0.005798847707860535,0
FR029112,0.022991440884108295,0
FR030029,0.011339096137156536,0
FR027925,0.0070086533009429495,0
FR028395,0.004931288442643313,0
FR023116,0.005884451011250223,0
FR026571,0.016891588646310643,0
FR023388,0.020743874745578254,0
FR029857,0.012156145308212574,0
FR028081,0.0063247721696062156,0
FR030094,0.03240502851615909,0
FR022031,0.005225986379235737,0
FR031026,0.004372455411185591,0
FR024580,0.009583680709185048,0
FR029513,0.007003461647777912,0
FR028351,0.006359252169503696,0
FR031057,0.03825466741302995,0
FR030298,0.008887490545808913,0
FR020754,0.012282791870505416,0
FR024104,0.015629696954921002,0
FR021628,0.007340720443615615,0
FR022847,0.013124126511619809,0
FR023416,0.005123988304670802,0
FR024634,0.010038113964544095,0
FR024832,0.0035920144152837637,0
FR025354,0.0073311163042610655,0
FR023784,0.019417262392111084,0
FR021395,0.005959202620416422,0
FR024882,0.028061127965791813,0
FR020433,0.004820042538398404,0
FR021979,0.13046250070486695,1
FR030259,0.004547015601674892,0
FR025163,0.011735950924116115,0
FR029136,0.010451905711653251,0
FR023247,0.004327906466239866,0
FR024467,0.04864128991258098,0
FR031696,0.013422571617310447,0
FR023379,0.006349347796612088,0
FR024237,0.03271137398229973,0
FR022797,0.02646079308494581,0
FR030929,0.006423997439527826,0
FR027248,0.02232728466203209,0
FR028390,0.004829702642486333,0
FR023771,0.005050029632836914,0
FR027676,0.13310492151967018,1
FR031923,0.007789977750727289,0
FR027104,0.0062281787131213615,0
FR024342,0.0232326214641113,0
FR022990,0.030652957962177103,0
FR020235,0.01041263960946038,0
FR026724,0.007436344443710198,0
FR028767,0.010979623151988763,0
FR024249,0.00976647912305156,0
FR026525,0.012895367286442048,0
FR027713,0.006563408360029577,0
FR028418,0.025877754771131092,0
FR024139,0.01460101515048605,0
FR026194,0.006704782549875016,0
FR030800,0.0057206768557495746,0
FR028915,0.004304239573127968,0
FR021219,0.01786142802563627,0
FR020386,0.017887210114787652,0
FR020725,0.400401744734457,1
FR022367,0.004352872998638995,0
FR029708,0.0054084601920734755,0
FR030958,0.006055573548418708,0
FR023828,0.005448443583670479,0
FR031202,0.014982786360815122,0
FR030740,0.012626169821803871,0
FR024689,0.004255393926981476,0
FR023073,0.013879431560837527,0
FR024147,0.007740952457800095,0
FR030407,0.017425851195170677,0
FR028315,0.005461963065796185,0
FR027436,0.013087324726778742,0
FR029474,0.0064608346868383236,0
FR025502,0.005740061855740795,0
FR028415,0.015713885825522154,0
FR025899,0.006005409601502842,0
FR020087,0.012114468746431208,0
FR030550,0.005823064098813353,0
FR023815,0.007362161655879248,0
FR027098,0.0074542370615285,0
FR030414,0.009280402973633882,0
FR023287,0.003309408540244921,0
FR025158,0.004855958629943525,0
FR022826,0.01720322079651478,0
FR031545,0.03093925468740383,0
FR031666,0.0064492748715072375,0
FR024425,0.010503534097461884,0
FR029342,0.007092639307715014,0
FR029606,0.014132213630515457,0
FR029056,0.004359008817201283,0
FR029666,0.017853162670400206,0
FR021981,0.012945474465188829,0
FR020478,0.0036149819505114917,0
FR031154,0.0042586640063526655,0
FR022761,0.012531608523333519,0
FR029669,0.019973022039018504,0
FR025057,0.011059319134804076,0
FR024402,0.008391649111020576,0
FR023113,0.024892765395235633,0
FR029329,0.011229788294752734,0
FR028114,0.006301372399199165,0
FR025039,0.004608208127407611,0
FR031089,0.010394923651084104,0
FR030960,0.0105501173557969,0
FR020822,0.0049254727815877305,0
FR023362,0.004600853034737627,0
FR031701,0.005733856461535229,0
FR026770,0.01955679473879189,0
FR029433,0.005033807144616166,0
FR023781,0.011749953292966426,0
FR025655,0.014173156874714234,0
FR028180,0.005851305503164421,0
FR021769,0.008069795846307452,0
FR030217,0.005827364085644491,0
FR025836,0.004841755978746197,0
FR020171,0.02127285736415733,0
FR020162,0.04867231119966786,0
FR023327,0.0054972430689396255,0
FR020224,0.005820702807147474,0
FR031440,0.01746835569071018,0
FR029424,0.010145838210840297,0
FR029441,0.010094777596312172,0
FR029988,0.019227045917102795,0
FR029767,0.004501113801644254,0
FR021715,0.009288418072072698,0
FR023719,0.09632303000604975,1
FR022108,0.020081128886390416,0
FR021510,0.005026951102332469,0
FR020774,0.013980377139409722,0
FR031145,0.02405534350093526,0
FR026773,0.00584488665457923,0
FR027090,0.2853658074789649,1
FR029394,0.017962483848316356,0
FR026551,0.004836882670243372,0
FR028967,0.013130616085319353,0
FR029515,0.012484818685385788,0
FR026461,0.014556014424942426,0
FR029318,0.004240938578909543,0
FR027087,0.016492465507206497,0
FR024080,0.005198288342273089,0
FR025418,0.0090368632460536,0
FR031480,0.014310805809801614,0
FR027108,0.005204517383828001,0
FR021948,0.007123602814916952,0
FR027026,0.004414717879668486,0
FR025327,0.014871003691319334,0
FR029777,0.006316043397579083,0
FR024991,0.007365428581783284,0
FR030537,0.01598352724127138,0
FR025129,0.022978131838837304,0
FR026578,0.004733954787454066,0
FR023249,0.003266948282023593,0
FR029527,0.009447896828207038,0
FR028590,0.013060507928478304,0
FR031595,0.0049936072326021205,0
FR022107,0.003511240836610523,0
FR031952,0.011313747008872378,0
FR030763,0.0069089012086021775,0
FR021056,0.005773330351472369,0
FR022477,0.009964285274858663,0
FR024493,0.007651987340344684,0
FR030290,0.00568549237506492,0
FR020430,0.007831199767529006,0
FR022235,0.005170974555473127,0
FR031361,0.010992007839766341,0
FR028201,0.004932000384837475,0
FR026863,0.005982355179395904,0
FR031027,0.005729698941127128,0
FR029244,0.014920845944251497,0
FR030408,0.016799202226029247,0
FR029104,0.02373715796669159,0
FR026420,0.006260790864933079,0
FR028383,0.010321903101646702,0
FR024843,0.008091948270074336,0
FR020159,0.009969253863215604,0
FR021456,0.079485424087528,0
FR022211,0.003439244064540518,0
FR022728,0.004106878296027561,0
FR022860,0.010825516983961402,0
FR030739,0.01742053520022767,0
FR029769,0.01533207964529434,0
FR022241,0.7693385610025516,1
FR027040,0.01590530261511699,0
FR020604,0.03863960340649911,0
FR025053,0.011155426348608829,0
FR022822,0.0038952549150975766,0
FR030783,0.009510024352315728,0
FR023844,0.011090900750473216,0
FR030032,0.01761025746022779,0
FR022350,0.02490453373592577,0
FR026685,0.006634242005871954,0
FR030571,0.01957436286359447,0
FR028877,0.008051498088170673,0
FR020906,0.00472735308018535,0
FR024004,0.06514909468857236,0
FR024502,0.006800548276798121,0
FR026060,0.004394276137701715,0
FR026987,0.005940247861490354,0
FR029234,0.026466604938468072,0
FR021528,0.005527434961859191,0
FR020397,0.021894541410987012,0
FR020381,0.003388812577622383,0
FR025707,0.007374919153577509,0
FR030523,0.00507865490315019,0
FR020106,0.004582876246304832,0
FR031634,0.0036457424079188905,0
FR024781,0.04493622158054067,0
FR029825,0.0047674338659348114,0
FR020803,0.01916634518167725,0
FR028164,0.014296167300274037,0
FR026253,0.007638604808106367,0
FR029032,0.011630173788937773,0
FR026707,0.01859553378516338,0
FR024330,0.01351471461554183,0
FR024445,0.006993198118137285,0
FR029865,0.007059225630665231,0
FR021899,0.013278390793684605,0
FR024733,0.012059169734191428,0
FR024694,0.042060853517665406,0
FR021297,0.015916723440049237,0
FR024512,0.009052393439926212,0
FR021336,0.022927541663048903,0
FR031013,0.014811445889527871,0
FR027982,0.005295054279819475,0
FR031329,0.007312301428040553,0
FR027641,0.010794279958831705,0
FR031446,0.008458452944702665,0
FR030591,0.013732719269170131,0
FR029467,0.012617046465225245,0
FR020804,0.004298430480728092,0
FR024031,0.023598938370461377,0
FR025726,0.010230403546932453,0
FR026666,0.004467712404436903,0
FR022608,0.0073512918421879455,0
FR022956,0.009008483527073348,0
FR023120,0.004476575449309371,0
FR027644,0.006863605874675162,0
FR022885,0.03223359887620707,0
FR029249,0.016520711986139545,0
FR023234,0.010970348831390302,0
FR027353,0.007277843269150443,0
FR031078,0.021843956087432705,0
FR021079,0.006571465398521634,0
FR020583,0.004200038511062085,0
FR021259,0.00433660427038169,0
FR031012,0.022392145312617386,0
FR021589,0.01004743610794424,0
FR030641,0.006364473395657348,0
FR027765,0.016096445607406897,0
FR024505,0.004482500030298282,0
FR025688,0.052498964819039456,0
FR027871,0.012188380489677124,0
FR025392,0.008355132405738975,0
FR020261,0.008019692389452009,0
FR027525,0.007955195023161814,0
FR025066,0.00685508742610454,0
FR021309,0.01959496355620935,0
FR025503,0.010383402449344083,0
FR029052,0.014989471239191542,0
FR022812,0.005869244915402684,0
FR021910,0.007752951531004793,0
FR027662,0.00406339908514221,0
FR027787,0.010670651892947785,0
FR021492,0.454654546538803,1
FR030270,0.0056160711339242365,0
FR031009,0.023086673796045905,0
FR031140,0.016652404312725102,0
FR024214,0.02401570541782149,0
FR031297,0.011496820764856003,0
FR029847,0.0039208435116029425,0
FR024914,0.013787433904954172,0
FR024135,0.0083643302741768,0
FR030620,0.01586492265607238,0
FR030911,0.02601770075102785,0
FR021157,0.005578690418043401,0
FR024257,0.010925083296154273,0
FR031917,0.00796981881008382,0
FR030729,0.03481316237900317,0
FR021308,0.010732604263376147,0
FR020781,0.005473136047761895,0
FR022417,0.0026433479282109464,0
FR022125,0.005686193833012939,0
FR023955,0.023092118976790962,0
FR024406,0.012970031110993376,0
FR022515,0.026179373352332384,0
FR025089,0.0036233617696514037,0
FR025421,0.004997680641419162,0
FR020801,0.020635665430682425,0
FR026802,0.007553999827607419,0
FR026207,0.003598372382256178,0
FR024491,0.006728684496756057,0
FR030725,0.005775186146436949,0
FR023772,0.06534272966812923,0
FR024164,0.005726060933082812,0
FR024583,0.0063484750828126,0
FR030380,0.005008526167465463,0
FR028224,0.008664008863329825,0
FR022257,0.0046087198408644725,0
FR027380,0.025522493993547543,0
FR027505,0.06808346742863633,0
FR025243,0.14064888344108087,1
FR029269,0.011395559701408691,0
FR029945,0.17750939894243717,1
FR024600,0.02664489025616308,0
FR020296,0.00436152452479086,0
FR020492,0.016435284373361805,0
FR027816,0.01856648135469877,0
FR022748,0.007497080320490856,0
FR030037,0.006217844134373296,0
FR027544,0.0071076507887694075,0
FR022214,0.004613853302924489,0
FR025756,0.005490096292888973,0
FR031920,0.004060678482603788,0
FR028601,0.006679133532238676,0
FR022171,0.023462625802096286,0
FR020132,0.031056399316731056,0
FR022605,0.012414473095018665,0
FR026555,0.008002495703799163,0
FR027434,0.010124477932682976,0
FR031438,0.00802341904936318,0
FR027065,0.012081994867444434,0
FR028691,0.011212932615580032,0
FR031176,0.003411266247316103,0
FR021991,0.05398088590818528,0
FR020429,0.00419809769651535,0
FR021985,0.07571776596270041,0
FR026290,0.004425145467865262,0
FR022278,0.01837977365797281,0
FR025609,0.020208938662755867,0
FR028951,0.009346451921546602,0
FR026351,0.01625815478802816,0
FR022330,0.021279448636302538,0
FR027308,0.00341946713580313,0
FR029926,0.014445062521877697,0
FR020116,0.006368118339042311,0
FR027449,0.009534321005857462,0
FR023982,0.025317092110015753,0
FR023492,0.005940070202023072,0
FR021827,0.009415501797822103,0
FR023413,0.022623941649130785,0
FR025608,0.015084464734270981,0
FR027446,0.009454670505990956,0
FR022883,0.008178002166751505,0
FR030130,0.00933104944401409,0
FR024130,0.006984062001968959,0
FR029483,0.005812495799849873,0
FR029630,0.009235247489918313,0
FR024148,0.003367782482552539,0
FR021679,0.011270177783554908,0
FR024003,0.006438879875316996,0
FR022341,0.009741561990884485,0
FR022588,0.023942808953079674,0
FR022100,0.27630099338225245,1
FR020493,0.03645757991581977,0
FR025385,0.006290622284957179,0
FR020074,0.007946004973379796,0
FR030975,0.013939703795461156,0
FR020341,0.00913085394164528,0
FR029765,0.005366884595222769,0
FR023500,0.014548661079504858,0
FR026415,0.004267212287812997,0
FR023649,0.03839476636201847,0
FR030059,0.011848156000299183,0
FR028533,0.010670176474271525,0
FR020549,0.011904645346602027,0
FR022757,0.01573331979867435,0
FR020072,0.00956745721184393,0
FR022592,0.019385201741243814,0
FR025232,0.006347174032621241,0
FR026492,0.02395533788053531,0
FR030851,0.08752460697863859,0
FR027511,0.004127724739714718,0
FR024691,0.013592343771960757,0
FR021738,0.0678638511241903,0
FR020547,0.012094998640544103,0
FR024924,0.004870055253225548,0
FR027456,0.006662618831547884,0
FR020928,0.009981856349127072,0
FR021293,0.014641372941602029,0
FR023535,0.04826329564416518,0
FR021222,0.46552617988085915,1
FR027199,0.011643425428718556,0
FR024885,0.009779393114176978,0
FR022836,0.004804692870976462,0
FR027054,0.0191441294498255,0
FR022495,0.015923061286761405,0
FR031783,0.00967194760864384,0
FR031527,0.010598579533874223,0
FR030280,0.040235313142872174,0
FR024146,0.04191532400743655,0
FR029810,0.023450650797769597,0
FR022470,0.004619349812778402,0
FR020934,0.01820955093634296,0
FR026449,0.017761996626635197,0
FR031561,0.009814263835083922,0
FR029418,0.0077959010705260815,0
FR021834,0.019936778578237585,0
FR021634,0.0120352988330697,0
FR030106,0.022004223849000047,0
FR030678,0.027634023965928973,0
FR030158,0.01113556482833672,0
FR030196,0.004147883344134146,0
FR028629,0.014655358259863903,0
FR020408,0.16847912351840977,1
FR020712,0.00787200252926228,0
FR029609,0.00897218623466646,0
FR024909,0.0059507185922641264,0
FR028502,0.003670744448167647,0
FR030586,0.005332497175604647,0
FR020355,0.00577772210759008,0
FR020869,0.006409135998493923,0
FR029154,0.0052869664707867366,0
FR027177,0.02001618810781903,0
FR024099,0.018605897471517693,0
FR024959,0.006625594640907652,0
FR020423,0.009200305991060472,0
FR020665,0.008148391200812576,0
FR022492,0.007150062203600435,0
FR025694,0.01772057064901727,0
FR030949,0.012527986268866947,0
FR021264,0.008121987604222145,0
FR027400,0.013347678406834887,0
FR024346,0.0137706093039887,0
FR027278,0.024616435082867115,0
FR020214,0.005067976927460959,0
FR030151,0.005242841476731687,0
FR027891,0.013041572720341555,0
FR028855,0.013761481446902625,0
FR029478,0.009059885035686444,0
FR020994,0.013267039122548955,0
FR030471,0.016833839113694224,0
FR031568,0.023704804895618437,0
FR027274,0.018728595111134783,0
FR026137,0.007901456586549362,0
FR028167,0.021950323944982413,0
FR023168,0.02212405909531886,0
FR029491,0.002960687068385627,0
FR029724,0.005756165621980948,0
FR020394,0.01568936889339042,0
FR022862,0.008557150627411983,0
FR031803,0.006716867401333159,0
FR022133,0.008429894311706718,0
FR025310,0.003963967963624535,0
FR031638,0.009688381747167834,0
FR020858,0.03496684283901484,0
FR023059,0.0258052885522145,0
FR031346,0.01187689179328319,0
FR025673,0.009440868609164712,0
FR031549,0.01045559947080215,0
FR023425,0.013344358724986984,0
FR028029,0.010985149690772536,0
FR029961,0.16274018521280492,1
FR027181,0.013996773659045237,0
FR024999,0.005231966027144951,0
FR029351,0.026917921402048392,0
FR023593,0.0034775347841469154,0
FR021675,0.019494951882926777,0
FR030835,0.022206207858695304,0
FR023290,0.011310741858401117,0
FR022081,0.005239708554473636,0
FR022127,0.017276742972298455,0
FR031312,0.012515754199285887,0
FR024803,0.017955164801887014,0
FR031599,0.006676660140260637,0
FR020369,0.003613969570007205,0
FR027277,0.007403664002264738,0
FR022740,0.011785225144014765,0
FR027047,0.00839959975674889,0
FR022994,0.011710347958960969,0
FR026754,0.014700709808592092,0
FR025523,0.028697503177727457,0
FR027371,0.004777202933478742,0
FR028634,0.03321810774928981,0
FR029665,0.0729707438238264,0
FR030152,0.005084441040962017,0
FR031192,0.027019678870273574,0
FR027048,0.01970900978485171,0
FR022798,0.016148772639865062,0
FR024007,0.005041654950583792,0
FR027341,0.004711005282256828,0
FR028850,0.027665595920724873,0
FR030878,0.011374762175408434,0
FR020231,0.00678906726888296,0
FR028205,0.00914664035680687,0
FR022205,0.008530242267383813,0
FR028799,0.012706451461045282,0
FR025578,0.017182394190196005,0
FR027237,0.012347822696901063,0
FR028552,0.009237514619468742,0
FR024980,0.026328388530630173,0
FR025488,0.008111755082331012,0
FR024922,0.12245187466069316,1
FR023532,0.005916781013203455,0
FR027236,0.006750496133443665,0
FR025334,0.007715629326897345,0
FR026263,0.014410840113452646,0
FR025026,0.004230292025381785,0
FR026913,0.022849624428127026,0
FR026188,0.018783753345780536,0
FR027061,0.0200422292664759,0
FR031713,0.007712548451164356,0
FR028765,0.004828432887404775,0
FR026279,0.005778476687145239,0
FR024386,0.015278636775660132,0
FR020596,0.0154124466048844,0
FR020046,0.02908878522017392,0
FR028238,0.003794423764249592,0
FR022117,0.0059447980738736046,0
FR023700,0.015989023107141627,0
FR021455,0.010763547283472837,0
FR029064,0.006923256468723844,0
FR025027,0.005314756938277378,0
FR026669,0.010155033117373723,0
FR023507,0.008196344115515206,0
FR020221,0.006934011494551638,0
FR023190,0.006042299785386219,0
FR023478,0.014564398549234619,0
FR029047,0.007278730243655493,0
FR022759,0.026995474580870267,0
FR025886,0.00589881272753112,0
FR024672,0.04983504834186428,0
FR024514,0.009355551172287955,0
FR029166,0.00973988895962296,0
FR031066,0.011152491941265504,0
FR028142,0.017836941471733786,0
FR030723,0.028858509555914312,0
FR022713,0.008441190713516497,0
FR027189,0.007406090790070913,0
FR029779,0.7957364154299706,1
FR024542,0.011901354518948977,0
FR024994,0.005408242238817423,0
FR031067,0.009365918778876627,0
FR030410,0.00620683880384027,0
FR028483,0.005627055016160851,0
FR030654,0.01524592086556926,0
FR021433,0.0047626879592412765,0
FR024087,0.005907234632070933,0
FR028732,0.02087337501569471,0
FR028504,0.015273204509982884,0
FR021240,0.12982269227059215,1
FR025721,0.0075924385539028255,0
FR028608,0.03365665634950796,0
FR025370,0.011845612133418549,0
FR022082,0.04189336602563368,0
FR026189,0.00358826608403221,0
FR029643,0.005195697115049684,0
FR027945,0.0100522683586826,0
FR031090,0.005245512591013007,0
FR026716,0.014596029141639271,0
FR031320,0.003231887282146666,0
FR028914,0.008264398295155354,0
FR028526,0.005288818007714595,0
FR029190,0.01673411458184426,0
FR029295,0.012470236050046647,0
FR021378,0.006001922432842113,0
FR026235,0.012951912245430307,0
FR031997,0.0037032000857740452,0
FR029758,0.029615273699040302,0
FR023487,0.10537049136171941,1
FR030857,0.0065946780230181756,0
FR027981,0.005169203379511244,0
FR031095,0.029752977814499912,0
FR025681,0.019479666328528364,0
FR021464,0.010146025089410534,0
FR028908,0.004678325297589448,0
FR027179,0.01756170262336567,0
FR029521,0.00384825979061772,0
FR025268,0.009856930422926069,0
FR029687,0.01657467334640876,0
FR026286,0.016271808679268498,0
FR021144,0.0861938225062513,0
FR024767,0.010425268223921702,0
FR025008,0.007745524101975203,0
FR024470,0.007176286744629666,0
FR026507,0.021837670961479667,0
FR026858,0.02069351125164074,0
FR021684,0.005790790099662012,0
FR025633,0.003587873955518709,0
FR031863,0.006023824146277796,0
FR030931,0.005371046110844777,0
FR022979,0.005103467382085201,0
FR022735,0.005071042409660383,0
FR023578,0.012443887516028717,0
FR027289,0.00578760543989326,0
FR030056,0.00503837233794944,0
FR023732,0.0042314301565928355,0
FR031574,0.25297978823512285,1
FR025563,0.006296390094580811,0
FR031315,0.008200207786505778,0
FR020561,0.009227451208767407,0
FR026393,0.004417580630416698,0
FR023933,0.008617429285845534,0
FR024740,0.009613287349938913,0
FR023138,0.013311539966622024,0
FR028539,0.010796555268680043,0
FR024201,0.033503146832460945,0
FR031695,0.004971468825154191,0
FR030505,0.012738111955476403,0
FR024071,0.006654793959612571,0
FR024861,0.012239460704187135,0
FR030100,0.006424719249219497,0
FR030730,0.008566539357630003,0
FR029874,0.0044661703027641594,0
FR023339,0.011637077151423796,0
FR026864,0.0073010901856633195,0
FR028591,0.004956211607319263,0
FR029334,0.006094084094144489,0
FR030645,0.015455195418204368,0
FR028440,0.017841709161250704,0
FR030430,0.018304406398263445,0
FR020098,0.00685352817056742,0
FR029057,0.0032455769271656537,0
FR028739,0.004702130862588685,0
FR024525,0.01937281213918744,0
FR031929,0.019650664377451457,0
FR022473,0.004328383441907528,0
FR027180,0.008844075600816816,0
FR026956,0.03142997415527157,0
FR023052,0.00587333094079644,0
FR022578,0.012739863920439055,0
FR020066,0.00487292772278451,0
FR023029,0.012013198226520652,0
FR031805,0.02662123778013304,0
FR029775,0.03864021712900485,0
FR028783,0.004591473815448031,0
FR030707,0.005114090773419157,0
FR021121,0.020862534459982915,0
FR028838,0.009995288738215515,0
FR027323,0.021820900174166477,0
FR028652,0.012742729979698303,0
FR026714,0.004912316710082333,0
FR031042,0.020066630010965453,0
FR024709,0.01213263313373231,0
FR027836,0.004251868924018881,0
FR020318,0.00535757708878132,0
FR020570,0.010918535217398355,0
FR024038,0.012842651189646682,0
FR024136,0.009308717346880432,0
FR024046,0.006142706958006669,0
FR026192,0.009520208778466033,0
FR028079,0.00525566313535648,0
FR022344,0.01204620337990623,0
FR024424,0.01013695015548156,0
FR025839,0.014907418386769492,0
FR031764,0.003661604682578601,0
FR027773,0.011509760569304514,0
FR023810,0.020247797614721896,0
FR020105,0.011826186842222662,0
FR021490,0.010919366007247716,0
FR030162,0.00515363358784778,0
FR021659,0.009623145606850052,0
FR028217,0.014621292957148833,0
FR025867,0.009894533895026602,0
FR031689,0.034967925030521194,0
FR024714,0.010933027023564773,0
FR024783,0.003923468945392115,0
FR021902,0.007543521913570034,0
FR030450,0.0049946909842068735,0
FR026095,0.009103396720848068,0
FR025771,0.012060015026071461,0
FR025382,0.005665528522047726,0
FR030244,0.006624263033169988,0
FR021929,0.007608262710781236,0
FR026566,0.024236534297821945,0
FR023459,0.003603814777503977,0
FR028435,0.015702905959562613,0
FR026191,0.0057011303919897414,0
FR022356,0.006292152103997743,0
FR028690,0.004330749225412982,0
FR023524,0.005842300353407951,0
FR022137,0.011892861308222084,0
FR030561,0.0073375294671407945,0
FR024112,0.004517743901904393,0
FR030188,0.043125484775495646,0
FR031873,0.012262319406578666,0
FR030605,0.009124703928243896,0
FR029465,0.023431024617455262,0
FR025391,0.01174075995680126,0
FR020818,0.006507563288947138,0
FR030765,0.03275294787727965,0
FR027035,0.005073595626301306,0
FR030684,0.00501891933469808,0
FR028458,0.003917664955305208,0
FR022299,0.017723522511062108,0
FR025443,0.005998030565997393,0
FR030972,0.004367134612726073,0
FR026664,0.018176156758944885,0
FR031959,0.008256927870195897,0
FR025410,0.017625914574763153,0
FR022469,0.005354211227001034,0
FR030882,0.006406930905923507,0
FR026963,0.004203194955444809,0
FR028566,0.00611653354944198,0
FR026509,0.0077742469061955425,0
FR021461,0.004646560203448485,0
FR029254,0.033669683535817646,0
FR029938,0.023003684272926213,0
FR027737,0.0219429097273946,0
FR028032,0.01417179274063941,0
FR021364,0.014232004436983999,0
FR021493,0.03823938336342693,0
FR029776,0.011850635931368661,0
FR022219,0.008015791008016738,0
FR028261,0.004482730013866568,0
FR027748,0.0227319737441075,0
FR022483,0.013445311277687184,0
FR025751,0.01760279957986565,0
FR021145,0.005948306970389084,0
FR023685,0.016366432933660573,0
FR025445,0.005912110103300142,0
FR020536,0.010025235831658302,0
FR023995,0.004828608834277803,0
FR020909,0.006236310632210175,0
FR029184,0.007270043998985738,0
FR025467,0.006257486703082765,0
FR031883,0.0058266801898810335,0
FR031932,0.25256613233797465,1
FR021657,0.0061514074996526,0
FR025204,0.01915546017185439,0
FR024698,0.01669424875720446,0
FR021616,0.01200402627975285,0
FR020256,0.006624000005383412,0
FR022922,0.008973816253987972,0
FR021700,0.01090125672619478,0
FR026541,0.011486960843749113,0
FR021964,0.007239459668830538,0
FR024484,0.013039379933282885,0
FR020556,0.012706843644534272,0
FR030796,0.016542763626319658,0
FR027888,0.012017897491809884,0
FR020798,0.013506638387366182,0
FR024446,0.008821439883093887,0
FR030685,0.003343328284216281,0
FR027078,0.00384229913940008,0
FR022425,0.0076449095581368545,0
FR030947,0.004005364291052466,0
FR029852,0.01406889757460432,0
FR028555,0.012827969601420193,0
FR029732,0.009857596885294868,0
FR025767,0.019228971978510895,0
FR025329,0.014221094672495807,0
FR029492,0.00756909378369308,0
FR022789,0.005102107685400916,0
FR028031,0.009602322687433072,0
FR024805,0.018517604574185775,0
FR025119,0.007580499067250512,0
FR022620,0.048472068064052645,0
FR021471,0.012524140918627823,0
FR020475,0.009097411067076823,0
FR020576,0.005408402478183803,0
FR022774,0.012867556631469585,0
FR031785,0.0038783360902873375,0
FR031800,0.015220965667085543,0
FR028112,0.020625547447922443,0
FR022676,0.008377007817559167,0
FR021619,0.005766550732138156,0
FR026597,0.014677169114007396,0
FR027889,0.010790384060925026,0
FR021496,0.025854785226809444,0
FR024172,0.006204203792704487,0
FR025746,0.02935825550774708,0
FR022178,0.014705135845868026,0
FR023118,0.009977579667680089,0
FR020751,0.009215724660336815,0
FR027103,0.009517872313537096,0
FR021507,0.01569545783492149,0
FR030827,0.0054971141163333796,0
FR022551,0.015788444132508822,0
FR023913,0.009914038694007487,0
FR024334,0.010337177952297504,0
FR020431,0.011618451302153828,0
FR022292,0.0057285632891003364,0
FR030036,0.006061117295824498,0
FR025220,0.021028816009749624,0
FR031750,0.010084982668238523,0
FR020740,0.0042229015066103,0
FR031626,0.006398703009621079,0
FR025649,0.006115476591848206,0
FR021276,0.022350244620025293,0
FR027879,0.008110204720146407,0
FR025453,0.014056533299329686,0
FR030999,0.004472962975064056,0
FR021558,0.014487943966409584,0
FR028361,0.01920681348676611,0
FR020705,0.005082113064979327,0
FR020070,0.01793683990970074,0
FR028040,0.003268256889861921,0
FR022664,0.003942151873279256,0
FR022863,0.008043614858773186,0
FR026836,0.01940737541224495,0
FR029111,0.0075421920018035925,0
FR027208,0.01230374958672072,0
FR031079,0.007390407160562053,0
FR028454,0.006778776624569624,0
FR022527,0.008561714929717612,0
FR024852,0.019272386214559904,0
FR025647,0.005681864887764655,0
FR028340,0.014963830027148947,0
FR028544,0.014263205616333733,0
FR023486,0.006906844111491768,0
FR022652,0.026637837995292235,0
FR020281,0.048837657640261836,0
FR027704,0.005608177672923771,0
FR026874,0.016789368718738557,0
FR028039,0.01598676571457349,0
FR028203,0.011402365302043069,0
FR031439,0.025739047073340113,0
FR029563,0.020060793044453754,0
FR023725,0.010980621562434853,0
FR021993,0.017566973807299414,0
FR028136,0.006319808016868387,0
FR022497,0.009867954759597675,0
FR022704,0.004685245098848909,0
FR028119,0.004671419612244739,0
FR020845,0.0050729370421950856,0
FR031554,0.01310768635384698,0
FR030087,0.004699173832948926,0
FR021813,0.008594259991783221,0
FR026725,0.007463376910240198,0
FR029389,0.0075014221683143536,0
FR027732,0.009078352294883811,0
FR024078,0.01301083916655587,0
FR031915,0.003504699746683319,0
FR022051,0.004869614038266587,0
FR031212,0.00878345486134414,0
FR021904,0.00495638306770794,0
FR022833,0.025459686756044896,0
FR025561,0.00411808640739493,0
FR025550,0.18769913584260717,1
FR026841,0.005287986105999972,0
FR023673,0.010602094145337495,0
FR029893,0.05946223372258755,0
FR022607,0.0029917107820475117,0
FR029879,0.012218239281535781,0
FR029179,0.008454595783726584,0
FR028776,0.009906797018631123,0
FR023854,0.0037577537856200156,0
FR020644,0.008630985441817538,0
FR030801,0.009926026102913117,0
FR031860,0.007507130233459289,0
FR021482,0.0045538135039729765,0
FR020733,0.003639764524847547,0
FR031898,0.004249942887315615,0
FR030012,0.006064397845515759,0
FR021106,0.016553243109957212,0
FR028218,0.005818950511408143,0
FR025568,0.008413298640665487,0
FR022991,0.02079658265822558,0
FR030351,0.004924138632495306,0
FR025088,0.006938534196612944,0
FR020742,0.003187793903122391,0
FR021346,0.0060967829562923025,0
FR023706,0.00583311693190282,0
FR031579,0.008819122023026225,0
FR027461,0.030481241427593064,0
FR021383,0.01908851834073383,0
FR021965,0.008345122620524809,0
FR023823,0.0047648522580913885,0
FR021919,0.005213730530623956,0
FR030803,0.004970010924556812,0
FR031313,0.003684094366405216,0
FR022733,0.020415192205036257,0
FR024455,0.010652386080937777,0
FR026102,0.05182224676742672,0
FR026887,0.023700106833591632,0
FR024903,0.007969189571913025,0
FR025154,0.01537899600676592,0
FR024419,0.0054907101716614,0
FR025853,0.007879805754595622,0
FR024608,0.00930632447003744,0
FR021003,0.004882128503055801,0
FR023552,0.004824663123943983,0
FR021852,0.008268863159240348,0
FR031890,0.0043983300263684445,0
FR023465,0.014974350241859516,0
FR030075,0.018015287864897776,0
FR026295,0.005222355961963219,0
FR025734,0.005343154029761975,0
FR026752,0.02178987912012196,0
FR023565,0.015519090083505343,0
FR028379,0.02791320125676221,0
FR028481,0.005760361169143729,0
FR029043,0.01820269136117652,0
FR029667,0.0260216562444633,0
FR024067,0.004845992877296031,0
FR029750,0.00595509900470143,0
FR024262,0.004732691141990151,0
FR030227,0.012196006649525328,0
FR025397,0.023605358690499074,0
FR024968,0.004506282030486655,0
FR023789,0.010020830121738118,0
FR029178,0.009418588394774219,0
FR020918,0.02398317129170921,0
FR026921,0.016380466443009695,0
FR024626,0.012229949859540349,0
FR030479,0.30275431635065453,1
FR030810,0.007051452665790478,0
FR021268,0.008046009481175957,0
FR025079,0.03022669348072697,0
FR026080,0.007053479080554038,0
FR028265,0.009152938132726777,0
FR022528,0.006455726925023025,0
FR030269,0.009597020414953913,0
FR030017,0.006604667891773063,0
FR022542,0.007098302493830673,0
FR025959,0.04328306093823729,0
FR030937,0.0054387912802322715,0
FR023383,0.004487056458258682,0
FR023262,0.03976442383284795,0
FR028942,0.00941800621335406,0
FR020852,0.007696637086949496,0
FR025712,0.006787283263257745,0
FR028464,0.015290687186935017,0
FR030480,0.0035556659141009125,0
FR026599,0.027482428007795864,0
FR024722,0.007243715689998757,0
FR020145,0.006448623098849432,0
FR027320,0.00539204472798434,0
FR029944,0.024086288233218595,0
FR026058,0.004012978327984102,0
FR020780,0.06372708409220153,0
FR023381,0.005044743996801299,0
FR031137,0.0058514915741590245,0
FR027120,0.015527274582090914,0
FR020744,0.05965815954178932,0
FR027167,0.013668049709463564,0
FR026856,0.014046924520806104,0
FR023564,0.046982507635295365,0
FR030602,0.003793736645216706,0
FR029673,0.006218688377097235,0
FR020312,0.008842275908681887,0
FR031279,0.031893121964857205,0
FR030015,0.013186739567734303,0
FR029377,0.012532583223229365,0
FR030122,0.016884261763051953,0
FR026893,0.003633669325622995,0
FR024867,0.009147843997430162,0
FR022467,0.006309299155019741,0
FR027861,0.005590524597007547,0
FR021690,0.013552263718963429,0
FR023521,0.00817048723195505,0
FR028293,0.04933580521688861,0
FR031454,0.023976435074294332,0
FR030677,0.007875522687628712,0
FR027401,0.007254527967777934,0
FR027589,0.02359795942993905,0
FR031225,0.005141930449699539,0
FR028193,0.049737693954392245,0
FR028556,0.025673357761831203,0
FR028938,0.031008508352001724,0
FR027223,0.004754687479916021,0
FR024329,0.02672104487616868,0
FR030531,0.045797432702423736,0
FR026329,0.019880579129341158,0
FR029531,0.23925548011134617,1
FR020684,0.013140813071450503,0
FR021058,0.011333838932358932,0
FR028529,0.014333390768148924,0
FR022550,0.010727414077336118,0
FR028636,0.008286701992337116,0
FR030502,0.006686270999987412,0
FR025656,0.01975794448446836,0
FR029502,0.004589859668855766,0
FR030066,0.009744244858072217,0
FR022625,0.013881426787896027,0
FR030689,0.03397829755315075,0
FR023396,0.018441751317757812,0
FR027275,0.014805051018365725,0
FR028961,0.008778784256142511,0
FR028714,0.02995328100724582,0
FR028282,0.012038033879307082,0
FR027170,0.013395487315661848,0
FR028170,0.02073788186644685,0
FR029827,0.004037257063459572,0
FR022159,0.005763375206751497,0
FR021173,0.014005493471281574,0
FR027975,0.012597536461495088,0
FR020015,0.005732369363131949,0
FR027909,0.00953283632318409,0
FR029509,0.010063566781774867,0
FR031411,0.010178919271186356,0
FR030665,0.17200708663726239,1
FR030237,0.02030892701127001,0
FR022363,0.004793940122940108,0
FR026024,0.10327570496992455,1
FR022597,0.013575615954964561,0
FR021267,0.006255611549204198,0
FR023103,0.018013134807190127,0
FR029058,0.01411107873741325,0
FR026686,0.009799897174551868,0
FR020290,0.011315168105356762,0
FR027578,0.014707158090205931,0
FR025013,0.004607439349940514,0
FR027711,0.006414637064399545,0
FR030624,0.012451161470431734,0
FR027399,0.016966539373491497,0
FR030282,0.007419416574445378,0
FR024622,0.01200363385945451,0
FR022840,0.006652478290627338,0
FR026209,0.005838965503783983,0
FR020716,0.01529834781452593,0
FR028865,0.007650066057061391,0
FR022199,0.007456524760963957,0
FR028575,0.005957953356883032,0
FR021860,0.007440532055465045,0
FR026203,0.17338298739813474,1
FR020709,0.0165550484276556,0
FR023378,0.008582129371077177,0
FR025559,0.022889343810779977,0
FR026594,0.03303756019235933,0
FR031717,0.011754748482849079,0
FR021120,0.013045484153703633,0
FR025279,0.006350512883397765,0
FR031343,0.020872868891002323,0
FR022829,0.00455620832507336,0
FR029156,0.00599838412640834,0
FR028751,0.005469968921360339,0
FR026568,0.004851696557028414,0
FR022447,0.005084273361885088,0
FR028294,0.003710164779866491,0
FR022252,0.003692826660225017,0
FR028791,0.01662234579967533,0
FR030924,0.004037840548453858,0
FR021696,0.010380703879500235,0
FR026805,0.014445040645603776,0
FR026416,0.0149807702610408,0
FR023858,0.005764389670215754,0
FR024844,0.004443348904718779,0
FR020571,0.008162753639279586,0
FR026654,0.00919005236215075,0
FR031664,0.005272776846461236,0
FR020367,0.004855792332950689,0
FR020071,0.004309737702687125,0
FR029493,0.010210105925479766,0
FR022919,0.008299318842881195,0
FR027688,0.0034611946364408955,0
FR024751,0.01897956244188642,0
FR023117,0.004933059918124037,0
FR021062,0.00802827228256995,0
FR020951,0.004590734226446588,0
FR020410,0.0053714270544934235,0
FR031884,0.015113614520592691,0
FR026223,0.020473834189962584,0
FR026316,0.0050729684312874525,0
FR025314,0.005576747519431123,0
FR021689,0.007398902396616964,0
FR023623,0.02262675896918246,0
FR030153,0.008395814025508543,0
FR029210,0.019294832137976253,0
FR028793,0.0745455115917111,0
FR020349,0.012469848197590335,0
FR024073,0.016288111654853714,0
FR024543,0.02117924440292633,0
FR026154,0.019393267643223473,0
FR031702,0.7091233836108977,1
FR029655,0.007470138570881222,0
FR026964,0.010226279907685026,0
FR026979,0.01123699711233538,0
FR030369,0.01933952822809929,0
FR028267,0.007800628460320656,0
FR021604,0.03328368323981746,0
FR029289,0.0037365072746751633,0
FR031738,0.012910976210301071,0
FR022265,0.007765773015657671,0
FR021753,0.007109913134844959,0
FR027542,0.005843323183270932,0
FR022294,0.01850635356976458,0
FR024016,0.004733644240821891,0
FR021908,0.021707742485003314,0
FR021895,0.006149045724947574,0
FR028685,0.005817009896860273,0
FR031309,0.0063754659652997155,0
FR026366,0.005381487671808934,0
FR028251,0.3228913443557548,1
FR022548,0.014442425664581253,0
FR030711,0.011288994636939748,0
FR020485,0.008756185128077253,0
FR028781,0.004740046149715701,0
FR023643,0.007796164905468348,0
FR020832,0.015746010331096297,0
FR030447,0.009195022101171044,0
FR028041,0.003479790168002714,0
FR020923,0.007037996257236159,0
FR031918,0.02512356735521709,0
FR030141,0.006554105889198895,0
FR024466,0.0034849318045742216,0
FR026738,0.008669949086768058,0
FR031178,0.04613758405852092,0
FR020990,0.00634684004765503,0
FR031712,0.46548578504593613,1
FR031231,0.028206223440719817,0
FR029209,0.06584161470763708,0
FR027958,0.004263345567249888,0
FR022531,0.007228584153829414,0
FR030265,0.013633894996632933,0
FR024338,0.004160288283015552,0
FR030279,0.006033809742562113,0
FR023300,0.0038124548686180267,0
FR029678,0.010726568454665013,0
FR031682,0.02681195967828679,0
FR027597,0.025901199707910008,0
FR022848,0.006554046359478864,0
FR021010,0.013329150600337987,0
FR030821,0.005068270724791948,0
FR028452,0.0053972041751657995,0
FR025640,0.017994594203389076,0
FR023491,0.021185067010081916,0
FR027133,0.05350450913217143,0
FR021870,0.009502669502552324,0
FR024179,0.023056633062013616,0
FR025925,0.006391810247593501,0
FR031856,0.004691360144995944,0
FR030303,0.012804064426533038,0
FR023352,0.016507590324167185,0
FR030108,0.00673014502788133,0
FR030985,0.02860783094808922,0
FR023917,0.003613264154730542,0
FR027513,0.011574012152586306,0
FR025099,0.00846117673231006,0
FR021721,0.01236880748263418,0
FR030314,0.008833624374516607,0
FR025228,0.004931349243799486,0
FR030664,0.005266914107685388,0
FR029922,0.05170122455805369,0
FR021592,0.030159128797152164,0
FR025740,0.023684536911545498,0
FR023033,0.00773527578054521,0
FR025496,0.019121356487715072,0
FR029002,0.03175089228286455,0
FR025292,0.015153277718444725,0
FR024061,0.007224570025736601,0
FR031880,0.011155795747893528,0
FR030223,0.005124075220651969,0
FR021533,0.00689510356628039,0
FR030534,0.012531847792430894,0
FR027569,0.019796804885565296,0
FR024723,0.04262196914016635,0
FR024899,0.0033555430450702595,0
FR030849,0.2086889060035621,1
FR029366,0.014628961486832024,0
FR030773,0.05632889548556188,0
FR023100,0.009428681190212767,0
FR028531,0.02767878781234964,0
FR030357,0.005249442917348279,0
FR024897,0.004756281416279753,0
FR031222,0.004473038956101594,0
FR023420,0.005069062221892684,0
FR024238,0.1054586189886976,1
FR024637,0.00557764773905301,0
FR025599,0.008914211395476875,0
FR031660,0.019243296436486944,0
FR030761,0.030109578695005787,0
FR031581,0.009604967920751557,0
FR029968,0.028221641968774275,0
FR029725,0.004750153258123746,0
FR026205,0.018783029093445938,0
FR023663,0.011312817671154201,0
FR029911,0.00535176797831253,0
FR023329,0.009468456493825456,0
FR031494,0.009036892271796403,0
FR025366,0.015545677917069472,0
FR022565,0.008060964578076289,0
FR029557,0.09996390825635906,1
FR031251,0.009448614160688772,0
FR025159,0.026311253000235173,0
FR030096,0.009582681670411358,0
FR023181,0.0075280893418092475,0
FR031199,0.0053506508931676425,0
FR029105,0.003671019999566602,0
FR024800,0.007306618980929034,0
FR025880,0.005141217713144221,0
FR020685,0.01358826650348374,0
FR026766,0.004171453509745352,0
FR030712,0.004833136186028204,0
FR027151,0.005261727661482505,0
FR024833,0.00784114592396938,0
FR022779,0.011435967281372392,0
FR020763,0.005830805983073088,0
FR023790,0.004782546213205289,0
FR025626,0.009208086117224304,0
FR025774,0.01416311831863377,0
FR024508,0.0048552800696459834,0
FR031038,0.012000200902193708,0
FR020883,0.02617394095249654,0
FR025572,0.007883652706344658,0
FR029744,0.0072742676691061525,0
FR028828,0.011075092397772199,0
FR025859,0.005557590227957428,0
FR021403,0.013941290599519165,0
FR023022,0.008581192494612358,0
FR028943,0.0053146848552993835,0
FR027866,0.058156568243513854,0
FR023299,0.024343837357859534,0
FR031190,0.011746811390526968,0
FR029041,0.02839831514322539,0
FR024982,0.006467611558256009,0
FR021951,0.004321580940854644,0
FR020748,0.00795558992432201,0
FR024891,0.008514004420105525,0
FR025187,0.0042091805150727656,0
FR026637,0.020179566446709207,0
FR028262,0.005402323510977587,0
FR028724,0.006921161818013535,0
FR029403,0.015545424890559701,0
FR023011,0.0060180226431671285,0
FR031400,0.006700116132009567,0
FR029693,0.0053847573713016374,0
FR025606,0.006391707583458127,0
FR020872,0.011968402147537803,0
FR027910,0.09683364603831154,1
FR021907,0.011426530184007034,0
FR026629,0.005429928966356225,0
FR023712,0.00870640986505455,0
FR022054,0.012199126647228397,0
FR027754,0.006049580476588741,0
FR020030,0.026318591521344095,0
FR029723,0.02120005565303141,0
FR021131,0.005672173485421025,0
FR020173,0.004232180488776115,0
FR021437,0.02473581065236833,0
FR021432,0.008019323438550113,0
FR026414,0.005624287908573972,0
FR021059,0.005703133423006518,0
FR021518,0.009757510698788937,0
FR020461,0.022588656739948525,0
FR024341,0.015510055175595215,0
FR020661,0.008217167112974306,0
FR020877,0.008884964266944597,0
FR022480,0.004169469668188892,0
FR026552,0.03229818946725599,0
FR024198,0.012636524852973792,0
FR025274,0.007761685372233301,0
FR026791,0.024619855617017773,0
FR020586,0.008418253555192753,0
FR028343,0.010623717046304076,0
FR024557,0.06076684078232519,0
FR031238,0.021091348973988507,0
FR023257,0.0037780232293981504,0
FR031237,0.005174470293348074,0
FR022593,0.027667415315552862,0
FR021457,0.03321059791071286,0
FR031156,0.006376199744762068,0
FR021189,0.005646401521372765,0
FR024667,0.014317872320082652,0
FR026483,0.09546041948259626,1
FR027802,0.008030273458538179,0
FR031537,0.008804020497862958,0
FR020880,0.004028070080738792,0
FR025042,0.0167329139715164,0
FR029188,0.015271410904927953,0
FR031723,0.01420486426082271,0
FR025978,0.017295592310918532,0
FR026356,0.08757759234628135,0
FR022719,0.020334926659582905,0
FR021370,0.007274335160958672,0
FR026112,0.0063876240332205875,0
FR023850,0.009256229503146092,0
FR023749,0.005710740141512419,0
FR030489,0.006508602968614463,0
FR020152,0.005836269654841787,0
FR027007,0.009412893456635405,0
FR026607,0.01330253329743597,0
FR028299,0.007230012160153979,0
FR022413,0.006371912557759769,0
FR020753,0.007761313255974157,0
FR028378,0.02677439555450526,0
FR030496,0.024142839402815953,0
FR021751,0.014809103181165401,0
FR028686,0.013665713471009498,0
FR021060,0.005992734739508555,0
FR024718,0.009669134252855812,0
FR023657,0.0159976237802823,0
FR031034,0.014154402323427932,0
FR021460,0.00925849304696418,0
FR024222,0.01544433222833482,0
FR029305,0.021149498140466808,0
FR020402,0.007477120476054403,0
FR029622,0.02124730361509402,0
FR024005,0.03582830511422141,0
FR027163,0.0064437118312744394,0
FR029790,0.008768705973794911,0
FR021130,0.012231721292840628,0
FR022870,0.013526507765826187,0
FR029320,0.00729245010490172,0
FR028554,0.0050625741923201305,0
FR020052,0.06750461996256962,0
FR026164,0.006389427495830425,0
FR021204,0.007071797437814905,0
FR020703,0.0051158249922637795,0
FR022422,0.011806126121904337,0
FR021725,0.029432065399407067,0
FR023515,0.013989600511228136,0
FR020747,0.00860973046930066,0
FR030573,0.005680881528038825,0
FR030637,0.011876951514075432,0
FR025693,0.0060627002151469175,0
FR025494,0.007137046777688232,0
FR029161,0.007415856599074248,0
FR021601,0.012112683846942786,0
FR030164,0.02086193326748321,0
FR031003,0.019710265941356574,0
FR021648,0.012737400848154942,0
FR023302,0.009226946124956732,0
FR027718,0.057681432092215906,0
FR026530,0.010742359339646415,0
FR020331,0.005423816410368574,0
FR029692,0.0940397852450236,0
FR031729,0.005344732470710647,0
FR025060,0.007288082853996496,0
FR031073,0.005729775368827518,0
FR027598,0.022224934723060988,0
FR027560,0.01203893633331556,0
FR030741,0.004662189727765649,0
FR020202,0.006539982486710746,0
FR023101,0.01320878929070082,0
FR020041,0.003553084952452923,0
FR027792,0.016565957713414278,0
FR025452,0.028749455244022146,0
FR022040,0.004661450337425476,0
FR023514,0.010166336272966918,0
FR024808,0.005317281933093219,0
FR029964,0.008539038156005693,0
FR026847,0.020587365840244433,0
FR025600,0.008324746621143107,0
FR027567,0.0069614732245977685,0
FR025174,0.015105645924837634,0
FR020873,0.022290355739809815,0
FR026870,0.006105633889940988,0
FR027357,0.032609785278738784,0
FR026505,0.003897528225547883,0
FR021595,0.0047720471659008605,0
FR028902,0.013586532006630438,0
FR025146,0.004729384804104954,0
FR024889,0.01075483804002796,0
FR024935,0.005555396251056164,0
FR027876,0.011273551606367498,0
FR031787,0.006877745402927603,0
FR030060,0.0044961110531275255,0
FR027110,0.0143459312366505,0
FR030016,0.14438802018543156,1
FR031733,0.07116084785206125,0
FR029129,0.006620980032022317,0
FR029482,0.015275178821765404,0
FR021602,0.047069676244344966,0
FR025234,0.03173124778024876,0
FR021179,0.006466751378743842,0
FR020978,0.017904790267320385,0
FR030053,0.004498176207205268,0
FR028050,0.01908357745659136,0
FR029615,0.006276690175662807,0
FR024558,0.0074282878308667335,0
FR026833,0.017890045650502753,0
FR028537,0.014590675255786376,0
FR022758,0.00444571105444572,0
FR024418,0.00431667506751578,0
FR023198,0.003304622157740719,0
FR022151,0.0074962449963358775,0
FR030626,0.007907737232131454,0
FR027003,0.09448957954465878,0
FR029904,0.004500826265551736,0
FR028577,0.006638127149745505,0
FR023669,0.018318198547690304,0
FR021022,0.005917386864676669,0
FR028372,0.02084645063058788,0
FR022706,0.004380589631286602,0
FR028106,0.0061128357540163585,0
FR031276,0.0055679981654945376,0
FR024612,0.07055729571396813,0
FR027860,0.03595250023889327,0
FR029594,0.010899449529164218,0
FR023550,0.006668801459478246,0
FR026658,0.01277479965941816,0
FR023032,0.0035754677704244405,0
FR023799,0.010665680210041936,0
FR023277,0.006225411697832782,0
FR021840,0.01041477735368911,0
FR025795,0.008399278502256621,0
FR030640,0.012013670304283502,0
FR028868,0.007456411571519725,0
FR022010,0.00912157096273597,0
FR026660,0.00526448109180438,0
FR026124,0.6877104035468827,1
FR030476,0.010132506432421706,0
FR031971,0.005170341462537604,0
FR031679,0.007308853767494874,0
FR028882,0.007699891279629771,0
FR022962,0.005820413138974976,0
FR027083,0.009363669593391851,0
FR024943,0.30696247796688436,1
FR025137,0.004649934855166602,0
FR026849,0.008845962287075817,0
FR031422,0.006812227350650922,0
FR021209,0.015776571057035126,0
FR022723,0.013294326756379898,0
FR027483,0.032920363196025725,0
FR027041,0.024859319825444072,0
FR023304,0.005114910689184033,0
FR023014,0.006514990203774736,0
FR021152,0.04278548952578591,0
FR025948,0.014664516966457505,0
FR023233,0.004450467388995844,0
FR030215,0.019223211953081167,0
FR031193,0.011977564049785144,0
FR024444,0.0457420164346322,0
FR029845,0.7705123248919368,1
FR024278,0.026827972411016004,0
FR020238,0.008249685136143084,0
FR020435,0.009314010950234701,0
FR027800,0.004923474385686173,0
FR022444,0.056180976545452545,0
FR022333,0.0054372416499641075,0
FR027328,0.011402378445329032,0
FR029813,0.006455617131864016,0
FR020782,0.11790838226029063,1
FR026337,0.008198781555601817,0
FR030211,0.006258717262441928,0
FR025434,0.00997307592347824,0
FR024343,0.011376977802134758,0
FR027526,0.02677005490769834,0
FR028248,0.032548120032840376,0
FR028143,0.03975473736861389,0
FR020879,0.0034925176133058784,0
FR020090,0.019218771738165934,0
FR022326,0.016263294781397736,0
FR027376,0.05098830994798187,0
FR026288,0.023274732618390824,0
FR031728,0.043993741262955736,0
FR031788,0.009757930155492325,0
FR023737,0.014230411485305447,0
FR022184,0.010028239408782048,0
FR026429,0.008232523916442521,0
FR024799,0.009506344107970313,0
FR023009,0.006137760099856686,0
FR025912,0.006267833885583466,0
FR030133,0.007663974723764608,0
FR025663,0.003542554072417944,0
FR025160,0.00762256449079279,0
FR028501,0.005866902280565484,0
FR025667,0.007139986286391417,0
FR031248,0.005055568417098909,0
FR030090,0.009004413993708923,0
FR025045,0.007475629945550359,0
FR026406,0.010459114916824858,0
FR024789,0.007148957912351048,0
FR020516,0.0639594926466713,0
FR020688,0.0511206920668492,0
FR027896,0.010367737619923031,0
FR026457,0.039278365118006565,0
FR023701,0.0035910323452127274,0
FR029848,0.01132227413836141,0
FR020043,0.004087991558097673,0
FR029149,0.6364066784487863,1
FR023030,0.019729011102224296,0
FR024561,0.006270003162617216,0
FR021356,0.010425542690596354,0
FR026079,0.009810760077142065,0
FR023095,0.012538210092101145,0
FR023112,0.029078802913767757,0
FR028934,0.0066364652256273235,0
FR021458,0.0065774073845050775,0
FR029470,0.00875041609345454,0
FR022174,0.012112276773444512,0
FR020208,0.0107772000268418,0
FR025205,0.0139438254104466,0
FR027937,0.01671033855176427,0
FR020476,0.023654404931713627,0
FR026169,0.004625221244078007,0
FR029587,0.014132564498285354,0
FR027285,0.005628309515596681,0
FR027847,0.007273483894404729,0
FR021223,0.01730381495360979,0
FR028841,0.020112724958048833,0
FR026573,0.004604310175005826,0
FR020403,0.047423652807376676,0
FR020378,0.0055742127386570715,0
FR030932,0.010919584759051554,0
FR027281,0.006567902596776807,0
FR028093,0.00773917327582393,0
FR030642,0.41573990722815246,1
FR022659,0.007347238642839006,0
FR030695,0.004509811261515581,0
FR023086,0.008044303056966693,0
FR025679,0.0066800794527188,0
FR025804,0.016468944245701105,0
FR029367,0.005326313127045018,0
FR026808,0.010588892406288939,0
FR029611,0.010111538943886778,0
FR020251,0.017897900053871926,0
FR026511,0.017656472534609606,0
FR025030,0.007698842562779114,0
FR023926,0.004832027111281783,0
FR031536,0.013307191944250642,0
FR031351,0.007293626531900818,0
FR021046,0.002595375076201391,0
FR028323,0.006105634188423619,0
FR030326,0.0068026666893218094,0
FR030233,0.015893020831704338,0
FR025213,0.013622884803599118,0
FR024144,0.01063959534370447,0
FR024715,0.021921010930058556,0
FR031771,0.014312440017001769,0
FR027912,0.009874715832060465,0
FR031403,0.035811293513866096,0
FR027138,0.014413193492355566,0
FR031371,0.04527277904080612,0
FR030022,0.009188138740503612,0
FR028505,0.008777162428976484,0
FR023453,0.023290292557724912,0
FR030264,0.008789254123519507,0
FR020123,0.032878642416875305,0
FR031969,0.00561498655864185,0
FR027825,0.015459377245574054,0
FR031896,0.003907987625368623,0
FR031882,0.005860065980425924,0
FR021430,0.003552408589556102,0
FR021027,0.009169630488668762,0
FR027993,0.006450221477109932,0
FR022273,0.018056594152637002,0
FR022290,0.027633345541145556,0
FR022738,0.005723605658654868,0
FR022564,0.007113073193760963,0
FR028789,0.007604025003616184,0
FR020626,0.013109826279597732,0
FR022462,0.006110358658535127,0
FR021788,0.020525850403294015,0
FR026767,0.02124815229689557,0
FR031901,0.009368990343440627,0
FR031538,0.006586354218903688,0
FR029554,0.004621171783835434,0
FR031047,0.010480187507324365,0
FR020215,0.015299990988015164,0
FR023438,0.018130982390825966,0
FR026237,0.00432410118627417,0
FR024002,0.003854194451952899,0
FR021094,0.007243434284180729,0
FR029237,0.021059575669048702,0
FR024692,0.014458248188709177,0
FR027519,0.015288907432603853,0
FR030903,0.004440572150608502,0
FR028766,0.010802829371513292,0
FR031672,0.007066592703751828,0
FR030627,0.014986878600315475,0
FR027924,0.008621872657960269,0
FR022349,0.01684318175831849,0
FR025648,0.00526794750491281,0
FR024311,0.013111728545080824,0
FR031083,0.012500498302601356,0
FR021470,0.005612072190468437,0
FR023458,0.005551350290445423,0
FR022555,0.012040963932065222,0
FR024848,0.031135631576118677,0
FR028775,0.010758617479329796,0
FR022855,0.006663533982735221,0
FR027874,0.01698138049535665,0
FR020816,0.006941713369299468,0
FR023787,0.004268557030591803,0
FR028785,0.0034520282170578654,0
FR028469,0.059037622697503664,0
FR031433,0.006375154701762434,0
FR026908,0.006303601593828282,0
FR020555,0.00518096913130886,0
FR027311,0.006221680369284837,0
FR029707,0.011244500058450641,0
FR020109,0.011821329180978626,0
FR030971,0.010232961145125414,0
FR027188,0.019279507324977442,0
FR026234,0.005325320495343776,0
FR031811,0.014227294343738603,0
FR028357,0.022916363252588487,0
FR020498,0.13641029617093353,1
FR031749,0.006790100028605982,0
FR024025,0.011086369564807864,0
FR027105,0.014129976736071623,0
FR024209,0.005356464980902429,0
FR031525,0.019007574075274015,0
FR031470,0.20228559083290407,1
FR031180,0.004876897239451174,0
FR024616,0.024265325216878367,0
FR028443,0.0073363040715812644,0
FR022380,0.04535797003406696,0
FR023336,0.0051410800734728885,0
FR023543,0.008174272689861338,0
FR028183,0.012148595509088738,0
FR020353,0.013428463172833242,0
FR024382,0.01960525021516226,0
FR029137,0.007463656311992372,0
FR026314,0.0183385969495388,0
FR025758,0.014699601642229358,0
FR024619,0.01189978056076384,0
FR026811,0.09687550287962382,1
FR030930,0.0056720032288454375,0
FR021625,0.007191105332711884,0
FR025914,0.15926426718217718,1
FR020158,0.009210146940125768,0
FR022118,0.008047199992500831,0
FR022749,0.00899906714216027,0
FR031257,0.00797563037290247,0
FR028830,0.009071775464210868,0
FR024013,0.00668076941476302,0
FR025216,0.01374918321750613,0
FR029151,0.009419267654816953,0
FR020981,0.014040229844943481,0
FR028586,0.015972586453554517,0
FR023840,0.011657682698713086,0
FR025412,0.01080568410473258,0
FR030468,0.013090964841037124,0
FR023145,0.00836741896414481,0
FR022183,0.019450871894015537,0
FR023573,0.006363442121898277,0
FR025073,0.007452625395568912,0
FR029414,0.017202102796625703,0
FR024286,0.0195019653555649,0
FR028703,0.02353207653096539,0
FR030305,0.015227821944864182,0
FR027901,0.014336917746046157,0
FR029021,0.025261930898582412,0
FR024720,0.004577724226499319,0
FR028471,0.010762873789526176,0
FR028962,0.007275999811410582,0
FR021044,0.015445632036176347,0
FR021168,0.15870677478177342,1
FR023914,0.011700725546941694,0
FR026474,0.005073009589154043,0
FR024916,0.006258384093894225,0
FR031166,0.007701939550900922,0
FR022967,0.06374768079083475,0
FR031219,0.012201376025140258,0
FR025893,0.013945059303960578,0
FR021322,0.029466382878913566,0
FR026170,0.0056660042873271504,0
FR025495,0.01832877047988714,0
FR025411,0.02810163942476427,0
FR023740,0.0091906053228294,0
FR025875,0.01908238362415704,0
FR028320,0.007952566817184214,0
FR029559,0.011890821486935762,0
FR024195,0.02784183233695129,0
FR022674,0.013344329171840974,0
FR027020,0.008226963448047207,0
FR030648,0.005187546470709117,0
FR022229,0.006457157482203727,0
FR028665,0.01576726221553283,0
FR027388,0.013374885399629718,0
FR026096,0.016974957970648116,0
FR031236,0.007042036214290238,0
FR025580,0.01477990483883182,0
FR022352,0.09972048401496325,1
FR028270,0.005122771281434494,0
FR025068,0.012780578213271405,0
FR020368,0.030471186044704977,0
FR025025,0.01641655376221858,0
FR030114,0.015440178735930843,0
FR022973,0.012954575933558825,0
FR028308,0.011222095764273386,0
FR022282,0.0044651770413523025,0
FR025933,0.017787671009578912,0
FR023904,0.024439388845194317,0
FR028910,0.014350693677450546,0
FR026342,0.09968512744090233,1
FR020987,0.007128136559988629,0
FR028345,0.01396227221696812,0
FR031206,0.004767949360121376,0
FR021085,0.03147599669081443,0
FR029243,0.012010416268115668,0
FR028795,0.005837408376156501,0
FR027433,0.007631552733833636,0
FR022063,0.02175494687756261,0
FR031160,0.00962998884816297,0
FR024961,0.007030154054978194,0
FR026885,0.006585084963054131,0
FR029583,0.003575499145284986,0
FR031602,0.006033995037410686,0
FR020548,0.005537239712259232,0
FR030253,0.024721777172490522,0
FR026482,0.003393536365820943,0
FR029805,0.007465420439124003,0
FR026837,0.028293667371814938,0
FR024553,0.11589204246249932,1
FR025840,0.02371696724080067,0
FR027673,0.007380533000723248,0
FR023655,0.004813563521814517,0
FR027742,0.0294109021585702,0
FR026967,0.019337174739113273,0
FR020977,0.049979662717440726,0
FR031981,0.027589433588692272,0
FR024498,0.015498970593414468,0
FR028212,0.0054947239896526445,0
FR023716,0.02187481606482778,0
FR021799,0.014641673438421507,0
FR023065,0.008020136822375708,0
FR025868,0.005860621113571657,0
FR026325,0.005413470347129577,0
FR023471,0.02031807053794922,0
FR025587,0.009698909642388124,0
FR024096,0.0068423195725355115,0
FR021180,0.00596221170335148,0
FR026890,0.0050145764785775974,0
FR020530,0.044625609507916844,0
FR030604,0.006999475175282609,0
FR025280,0.006773258625321664,0
FR023829,0.007503454004249641,0
FR026036,0.004817803377796175,0
FR024731,0.00658448855920569,0
FR031639,0.009791937352175838,0
FR023146,0.004110452157183135,0
FR027921,0.007965073138535051,0
FR031378,0.007381331745144741,0
FR027617,0.04599760528788557,0
FR025239,0.011088764529159377,0
FR028988,0.017810004955552745,0
FR026051,0.004025629569855674,0
FR020608,0.11162274332351851,1
FR025036,0.004867178200297622,0
FR020698,0.007994365708254443,0
FR025227,0.006658416713948531,0
FR025680,0.00895521987582042,0
FR021762,0.010981624479798228,0
FR022521,0.017989865623093168,0
FR021730,0.01197109840340213,0
FR024037,0.0077817293495794524,0
FR031520,0.015976969696986473,0
FR022762,0.00780448188323495,0
FR025141,0.01674756516958554,0
FR029929,0.018396867930540795,0
FR031819,0.005617306841599697,0
FR023603,0.012456235617044176,0
FR020842,0.009402904497870367,0
FR024697,0.007354150959767599,0
FR022420,0.1219881728609821,1
FR029460,0.006901329651524039,0
FR020952,0.009554702280227104,0
FR029989,0.005935919887882472,0
FR024216,0.007883495615507573,0
FR030797,0.010074102897213649,0
FR020967,0.22674454030980828,1
FR021623,0.006549858347066104,0
FR026384,0.016157409620784522,0
FR022906,0.0047484960911710426,0
FR021900,0.015533330096308867,0
FR028389,0.010077720534660006,0
FR023124,0.00465961417565643,0
FR031855,0.0185550121929711,0
FR023292,0.0072460802389627986,0
FR031519,0.016909456092670486,0
FR025567,0.03094183494800059,0
FR026672,0.010951605546156307,0
FR029684,0.0031240848305041716,0
FR025750,0.004204993614994346,0
FR022227,0.005773794960982723,0
FR020113,0.004946613570191067,0
FR025500,0.012183387166225634,0
FR020314,0.009686454299428143,0
FR021605,0.008907534245865153,0
FR021971,0.035752248360163094,0
FR021547,0.04612785823802834,0
FR029033,0.007019486772364582,0
FR026430,0.02276570780644751,0
FR021341,0.005277994423364503,0
FR028405,0.005222594314325719,0
FR023650,0.00892542385007674,0
FR029360,0.003447316234943494,0
FR029054,0.030761110298445353,0
FR028424,0.005593281013740898,0
FR024699,0.0072645168897524145,0
FR024684,0.01965321038864265,0
FR025284,0.01278500100729812,0
FR023357,0.021789472095011905,0
FR026952,0.0053798998567009745,0
FR021077,0.018868909689401303,0
FR029984,0.00788184667297975,0
FR026075,0.0073294278338521986,0
FR024323,0.009726449459919951,0
FR025762,0.02146427284218714,0
FR028713,0.005975047665835771,0
FR024598,0.011260233749814545,0
FR028163,0.006786209469526994,0
FR024030,0.038480743478666195,0
FR023920,0.004385261054391656,0
FR023715,0.010584341722938182,0
FR025117,0.013203020505542147,0
FR024599,0.0059283399165208,0
FR023680,0.03546208546865434,0
FR028507,0.0412491798567331,0
FR022864,0.005125630934112833,0
FR025271,0.007679002135567232,0
FR024417,0.00357687511019087,0
FR025420,0.005909660507619171,0
FR030434,0.02234947994549942,0
FR022853,0.0033926109118234855,0
FR023814,0.015057953645871307,0
FR023949,0.00719256509517622,0
FR031165,0.004840447845346398,0
FR029966,0.007150263702839823,0
FR030848,0.013882982836800655,0
FR021377,0.06001211364407832,0
FR030173,0.004563146300654375,0
FR024460,0.013109275621799931,0
FR023212,0.014969198051870048,0
FR026343,0.017948196291745263,0
FR031724,0.005593541378754957,0
FR022949,0.0055373353363402465,0
FR023377,0.013794317332087934,0
FR029217,0.00781638097542759,0
FR031144,0.009538594774163285,0
FR027292,0.008599892795954456,0
FR030368,0.5913283948058774,1
FR021206,0.009783714187171246,0
FR023337,0.01055464276075679,0
FR020333,0.008334512307101742,0
FR026278,0.0121416020274626,0
FR022168,0.004218936066793483,0
FR027144,0.006136702439945522,0
FR025219,0.005862542941786071,0
FR026486,0.01863827687737596,0
FR029495,0.006239038893249168,0
FR020662,0.009382677011933174,0
FR028884,0.018611348596875597,0
FR025032,0.06979993165517492,0
FR025904,0.010206052884015823,0
FR023037,0.043437046830426665,0
FR029407,0.03474397741149976,0
FR027979,0.016056199817766903,0
FR026718,0.0036481990582812583,0
FR029526,0.012001681621354048,0
FR027821,0.01298500063500763,0
FR030129,0.02906733912149654,0
FR022357,0.004654445057155178,0
FR027646,0.018493090327648835,0
FR022271,0.01852968159753291,0
FR021428,0.012888142403564874,0
FR021491,0.05295045983802092,0
FR027857,0.008236808225731435,0
FR020676,0.020448818872025057,0
FR029471,0.09442118760677375,0
FR028647,0.03375598944868469,0
FR023026,0.007691628221658333,0
FR024778,0.017812814366964143,0
FR028230,0.011932010372944397,0
FR020799,0.014048681689918857,0
FR030914,0.012257638668160407,0
FR026621,0.008968801684119957,0
FR024151,0.015260872948814803,0
FR021235,0.016365387685508558,0
FR024001,0.011947111237924243,0
FR029704,0.019655355938946774,0
FR024952,0.004906708861001188,0
FR026277,0.0038549979126122976,0
FR022304,0.012958027324387705,0
FR026338,0.051246610969389365,0
FR029396,0.026695794700211738,0
FR030386,0.012035444331482405,0
FR021125,0.0072284603242837656,0
FR025387,0.6582359660028425,1
FR029381,0.023886838253425767,0
FR023433,0.014148099865966202,0
FR023980,0.006588605293205048,0
FR021354,0.010529735005826785,0
FR027389,0.042781913208329185,0
FR028020,0.022190983569306134,0
FR031318,0.0037374350834747717,0
FR026401,0.02866513334434754,0
FR030898,0.010741274893028202,0
FR024529,0.003521645129018857,0
FR026946,0.008340842312617195,0
FR023094,0.015257988325549726,0
FR023586,0.009609461390447417,0
FR028632,0.005154361627944434,0
FR020248,0.006613020764601844,0
FR026954,0.03368238635571907,0
FR020243,0.005221987733124841,0
FR025153,0.006086858010959468,0
FR028911,0.018267053935909855,0
FR029265,0.004874098235988871,0
FR024428,0.003703422992579093,0
FR030799,0.005199786015125975,0
FR031828,0.006158148765389535,0
FR026298,0.006627413788318661,0
FR026843,0.016827610653918156,0
FR022498,0.005287845012330402,0
FR021503,0.017802793735066685,0
FR031834,0.011307955449123,0
FR030547,0.006501560953507691,0
FR024041,0.006168803973179312,0
FR022814,0.02451050684909064,0
FR023316,0.022849572355081692,0
FR030283,0.03652919174105322,0
FR028427,0.009321426627704809,0
FR026514,0.01101620426704538,0
FR020168,0.017854801220705534,0
FR021435,0.012536057554317536,0
FR021916,0.017963423420419296,0
FR027784,0.015833546225198142,0
FR029956,0.012998574592660366,0
FR024513,0.04020132282744821,0
FR020645,0.03882840898764945,0
FR031275,0.05461695295196563,0
FR022288,0.057887825349505734,0
FR027634,0.008041861235685753,0
FR030371,0.008741768988068742,0
FR020992,0.007697004631064288,0
FR020005,0.0065103252165219574,0
FR031905,0.009659928641832967,0
FR029931,0.00448706575290995,0
FR024907,0.005356771206319328,0
FR023002,0.011359560793090334,0
FR029863,0.006299269709618678,0
FR031243,0.0037753395670611415,0
FR021041,0.012342099070421973,0
FR026281,0.005332082114896164,0
FR024474,0.012408717384373835,0
FR020648,0.017394186997341528,0
FR024225,0.0061065613168287125,0
FR028240,0.022778683079164273,0
FR030104,0.01345858722061992,0
FR024788,0.020111041663568585,0
FR031677,0.004173103311800859,0
FR023484,0.009813308088637809,0
FR022665,0.030038795864028765,0
FR020899,0.012332989612382422,0
FR027004,0.018363218425855924,0
FR029802,0.005010185617408803,0
FR021718,0.006415192459279758,0
FR021585,0.008756925075805663,0
FR025396,0.013346639177409874,0
FR025012,0.04356729511279983,0
FR023460,0.12119287122660904,1
FR024797,0.004426779002743218,0
FR021115,0.005695326007745152,0
FR031255,0.12927150188750944,1
FR029294,0.005515738956011625,0
FR030989,0.01759325667758542,0
FR023414,0.0588847105838161,0
FR027997,0.009124704972192421,0
FR023953,0.0051669141848388715,0
FR025393,0.018533886854629394,0
FR031414,0.004192424222070545,0
FR020050,0.01079504765157073,0
FR024890,0.018115863552174385,0
FR023648,0.004653677708877327,0
FR031564,0.010107437146334337,0
FR030117,0.004487469313958726,0
FR027284,0.004893389311652152,0
FR021263,0.02504171444300852,0
FR030202,0.005193424598421967,0
FR027529,0.007120973521470629,0
FR031958,0.007067622563442043,0
FR027764,0.06343604182961744,0
FR021896,0.018354912160741275,0
FR021708,0.008235399134269527,0
FR025065,0.010308170510130322,0
FR025256,0.004550250005869403,0
FR028730,0.011184654191893045,0
FR024668,0.005964753950466686,0
FR023607,0.01990954546157552,0
FR026536,0.004827280861473689,0
FR025722,0.003497313520996465,0
FR023250,0.018699771107641698,0
FR025953,0.014253472693001187,0
FR029705,0.008525216512707046,0
FR022629,0.003791037939856067,0
FR021656,0.015761342547692975,0
FR022004,0.033898442244816133,0
FR026662,0.008971824953760166,0
FR031097,0.014625804797384847,0
FR030018,0.006271806482329615,0
FR020056,0.03668862037482932,0
FR020961,0.011572401543210067,0
FR020702,0.007113045738656925,0
FR030150,0.008789300184648269,0
FR031483,0.010203708980540838,0
FR024905,0.01250116893203583,0
FR029370,0.012426780598041084,0
FR031393,0.005502113964756103,0
FR022036,0.010566406753169073,0
FR030411,0.013054285267456434,0
FR030394,0.015709966016869577,0
FR026284,0.005563850140236193,0
FR025691,0.009832171790218548,0
FR031817,0.0075899516961402125,0
FR026502,0.01531968107314708,0
FR020044,0.013988636430653616,0
FR023410,0.013726744279193372,0
FR022687,0.0276556036100306,0
FR023793,0.007031968493448728,0
FR024360,0.02804724479243769,0
FR022489,0.029886614448321823,0
FR030635,0.0046137476317857,0
FR024110,0.008472487651220271,0
FR021567,0.004472538229019208,0
FR028264,0.0062784645029415505,0
FR031162,0.009022298327843566,0
FR025763,0.030431588753975496,0
FR031714,0.0040108628560282375,0
FR027066,0.005238772716598667,0
FR021192,0.004295106393620031,0
FR029321,0.004567965356234757,0
FR024790,0.045776585209330756,0
FR024240,0.01255650935477239,0
FR028133,0.22826869550375967,1
FR029239,0.012119325061432061,0
FR023077,0.025222110696975386,0
FR029082,0.014236405243993446,0
FR020455,0.005312091076578738,0
FR023295,0.02732377625704594,0
FR027361,0.014917428288621897,0
FR023560,0.007758744010983517,0
FR021361,0.012359652228943516,0
FR029575,0.012490079667979066,0
FR027887,0.38463193437212506,1
FR024377,0.029993755131688074,0
FR031103,0.00920785884631695,0
FR031179,0.022966228401977172,0
FR020666,0.004589272985589943,0
FR020091,0.007800751057446432,0
FR024383,0.005313629761416331,0
FR022397,0.005386869387932425,0
FR023441,0.007396429092033159,0
FR031992,0.00413031121076402,0
FR029571,0.0069348345752560025,0
FR028607,0.016776700650100347,0
FR025425,0.014523068864350168,0
FR029044,0.003951588331449268,0
FR021368,0.019113628687488678,0
FR027417,0.003711002300298331,0
FR028154,0.01148399374553924,0
FR023620,0.00785277986335282,0
FR029937,0.0098984348087948,0
FR023351,0.015313640034254238,0
FR023043,0.030445486427443116,0
FR024371,0.011527305597555895,0
FR031836,0.006565343741040976,0
FR023878,0.005438431330120539,0
FR029092,0.008526399873808276,0
FR028669,0.02466869788788658,0
FR022272,0.012929192541025364,0
FR020949,0.005608202898615631,0
FR021425,0.008984882370259718,0
FR030838,0.007272634998358462,0
FR024177,0.006230481328733408,0
FR022780,0.00781234798334198,0
FR020110,0.03423069341825807,0
FR030713,0.006080480504583947,0
FR025415,0.005229989399826851,0
FR029930,0.005681550722021818,0
FR021502,0.07792134196009673,0
FR023264,0.017924878614989564,0
FR030509,0.009277345593849101,0
FR027411,0.004745052445785299,0
FR023803,0.04613653026003517,0
FR025903,0.005148469227266594,0
FR023313,0.007859849627443165,0
FR026010,0.004498562803920008,0
FR026332,0.014554823436326022,0
FR030048,0.0188915771513734,0
FR026865,0.007149288498533083,0
FR022787,0.008187715750929317,0
FR029084,0.004375502557439771,0
FR029324,0.004761965918268312,0
FR024496,0.009428144888146554,0
FR026616,0.007448405860882022,0
FR027600,0.003938183332000635,0
FR021236,0.012846678288633673,0
FR021796,0.022138120669574376,0
FR020339,0.005806591989906552,0
FR026659,0.0045688880316682515,0
FR026702,0.027939187609961523,0
FR023021,0.018692715958954227,0
FR027250,0.005752075089206902,0
FR030010,0.012076891945318684,0
FR030203,0.018248215953252295,0
FR025759,0.004808388128318587,0
FR020569,0.004952070995010953,0
FR024801,0.006884691062484901,0
FR027749,0.031044141404683576,0
FR030033,0.005832976299890222,0
FR031984,0.004255459452089496,0
FR031718,0.006622409846896445,0
FR020082,0.017428231159165152,0
FR023792,0.007024403382081105,0
FR021301,0.031549414116814535,0
FR030963,0.011581853573294412,0
FR028542,0.03293055306937658,0
FR028495,0.014944136217439315,0
FR026094,0.020681854093154782,0
FR024273,0.009564001726388983,0
FR025184,0.24137902570066097,1
FR021485,0.009296398698637142,0
FR030574,0.010762488994345436,0
FR031227,0.007761543734654073,0
FR023928,0.01204994450030834,0
FR020420,0.009931106173903515,0
FR023045,0.011690808120129237,0
FR022057,0.026342856999097573,0
FR026820,0.016640219221662603,0
FR030519,0.018215369755022387,0
FR021777,0.008398724905951784,0
FR025982,0.018753640034304388,0
FR022729,0.018123902767521426,0
FR021745,0.012497310791313998,0
FR027771,0.011701559008879339,0
FR025998,0.010452345265222226,0
FR021376,0.014459267042748695,0
FR024276,0.017308641511960616,0
FR021150,0.0060144027445513445,0
FR027240,0.0036399275386302557,0
FR026528,0.013509051128445774,0
FR023699,0.024629294168104138,0
FR025635,0.008625035744778829,0
FR023338,0.011313402657763948,0
FR021325,0.006260809215019571,0
FR029608,0.009223487645639811,0
FR030607,0.0035532785565569242,0
FR030379,0.013535807646396718,0
FR029081,0.00963641882465726,0
FR030109,0.015071787066293894,0
FR028095,0.018802355379351675,0
FR030488,0.02196630332032839,0
FR030426,0.012637023298189512,0
FR020624,0.005950729433347247,0
FR028993,0.021836765051692235,0
FR027355,0.00353515680568031,0
FR021691,0.004087141003797416,0
FR030240,0.018752460606404835,0
FR022355,0.007343051213819183,0
FR025214,0.020951953763351704,0
FR030254,0.0032550431751970543,0
FR022992,0.013160589301598608,0
FR020450,0.007347844244574896,0
FR020187,0.003385584916365734,0
FR031416,0.02507740802268419,0
FR024159,0.006448745804848867,0
FR025652,0.004795817051540408,0
FR028645,0.015166259943855391,0
FR022839,0.0048524754205234565,0
FR023599,0.010194031193137332,0
FR026784,0.0064801482855704915,0
FR028338,0.012540393249164138,0
FR029413,0.005670318490990655,0
FR026892,0.004322952839362763,0
FR020965,0.017130744340019745,0
FR024499,0.10195681159138065,1
FR024888,0.01915253753950949,0
FR029522,0.02073108525979339,0
FR028864,0.03336825595752545,0
FR023477,0.005229806975652845,0
FR021865,0.01295971037370747,0
FR020810,0.012354524554655324,0
FR031576,0.017338728440776455,0
FR022440,0.004459948429884425,0
FR020567,0.01122870244130917,0
FR027587,0.005306521977128243,0
FR028517,0.0034690405629587695,0
FR027000,0.006472241397985272,0
FR024207,0.011255086546785687,0
FR020266,0.008659527984066995,0
FR031975,0.011540860909808222,0
FR021544,0.06480152321650204,0
FR021687,0.0033582609988001733,0
FR023040,0.01910306859720405,0
FR023813,0.006805944897433388,0
FR020851,0.057373542035666046,0
FR027330,0.00924544451305891,0
FR031448,0.007238005815215033,0
FR031295,0.16605382601092353,1
FR024356,0.017579054881997222,0
FR025591,0.011235719329410539,0
FR028287,0.015027987006163467,0
FR024066,0.0101592722330862,0
FR026758,0.004572189982803209,0
FR030148,0.01919856358297324,0
FR030510,0.004642156910802456,0
FR021548,0.006383893084882523,0
FR025035,0.013755440450464599,0
FR024475,0.01829116765704441,0
FR029628,0.007407152659035358,0
FR023891,0.01231731414000865,0
FR027951,0.009770070296662617,0
FR031904,0.006097140053928991,0
FR024075,0.012125069677171953,0
FR030323,0.01987266180324196,0
FR027232,0.004687412135155564,0
FR021401,0.0118263982667026,0
FR031651,0.024398473368346177,0
FR029406,0.006299983966140542,0
FR025215,0.003781199044663485,0
FR026307,0.009888868259641286,0
FR023439,0.009621227206401,0
FR025377,0.01836707177732124,0
FR026651,0.04480105308469201,0
FR031134,0.006872044526014796,0
FR029880,0.02424181884512388,0
FR030746,0.007965639135721188,0
FR028827,0.0060278404408695765,0
FR027499,0.004440552834437509,0
FR031040,0.016374733351494683,0
FR026123,0.012632403177956658,0
FR030466,0.03084415082655462,0
FR026577,0.00888182266287954,0
FR024217,0.01841877507191502,0
FR021666,0.007941257306617457,0
FR023605,0.005307690001702692,0
FR024898,0.005476983041702289,0
FR024228,0.007928161932548757,0
FR021319,0.010926709758116562,0
FR021394,0.01263584248819608,0
FR030722,0.011996305763676614,0
FR026294,0.014909185076140374,0
FR023582,0.0037375568866853358,0
FR022399,0.007870190916121804,0
FR023401,0.05905461625255773,0
FR029208,0.005959858073742013,0
FR023755,0.007010391366934843,0
FR022619,0.01112164640984424,0
FR030514,0.00968061720734512,0
FR025090,0.011636019973896771,0
FR023873,0.00720993584427385,0
FR027329,0.03688903819888338,0
FR027738,0.010555459419709924,0
FR030549,0.010763506158896295,0
FR020628,0.004824527804697401,0
FR028881,0.008295481998449133,0
FR026832,0.029481132285889736,0
FR025457,0.00923686170566181,0
FR024831,0.005539341028543152,0
FR026047,0.041743260409246204,0
FR031589,0.6274930506381187,1
FR027234,0.005630323246445882,0
FR028825,0.010760905930008998,0
FR027675,0.01288225998310392,0
FR028506,0.012352349328529206,0
FR025277,0.005464399088400034,0
FR030061,0.012821068922813879,0
FR021961,0.0072827405067276835,0
FR031106,0.011211874143994358,0
FR029604,0.008812302164474208,0
FR025661,0.09045357224341952,0
FR026632,0.006610242719707173,0
FR029646,0.004591876642935132,0
FR027724,0.06977391177176331,0
FR021166,0.013893072574325836,0
FR030497,0.026767949974902668,0
FR021706,0.010286810096429039,0
FR029994,0.013471385615519152,0
FR029469,0.003868618913743675,0
FR021239,0.015516589252554077,0
FR025451,0.0050505117790842925,0
FR029264,0.016320147877582937,0
FR025956,0.006734837890047321,0
FR026121,0.005852181478916942,0
FR030512,0.06286078231624784,0
FR029050,0.010506317802772051,0
FR030919,0.004607770481534957,0
FR023127,0.04954033030501838,0
FR021836,0.016854013986015513,0
FR020076,0.01424476484874882,0
FR026596,0.005728092090753884,0
FR028983,0.0062364554640557245,0
FR020520,0.018415054194195764,0
FR024449,0.010879565000508799,0
FR029404,0.010630701349427882,0
FR025318,0.01464688405596008,0
FR022170,0.013028418683009146,0
FR026452,0.012482669286030628,0
FR029110,0.012026192029108176,0
FR025579,0.006764838846698254,0
FR025003,0.014532997722272666,0
FR020523,0.005165396574430289,0
FR031423,0.0070463987867522716,0
FR029909,0.005282341932445761,0
FR030609,0.004475968903273921,0
FR028547,0.0245138761970067,0
FR029641,0.07154937103417236,0
FR027812,0.008494062334826021,0
FR026788,0.00977695804695947,0
FR022424,0.005318383306657138,0
FR026582,0.04339744016562461,0
FR026064,0.01032758974603422,0
FR021379,0.0064455978972793645,0
FR022029,0.011900437309783973,0
FR031725,0.05707453948570587,0
FR030183,0.019632577502454278,0
FR021953,0.011708650784938615,0
FR026522,0.006280714380936927,0
FR031645,0.005872606029350641,0
FR025917,0.01511806182543366,0
FR027652,0.005546399575135207,0
FR029991,0.006045684581958633,0
FR020525,0.008978493609098973,0
FR031953,0.005739587344643119,0
FR024749,0.00793797766271858,0
FR029277,0.004254125279843205,0
FR022247,0.003997404107393035,0
FR029311,0.009698480864724121,0
FR031437,0.004959726827867793,0
FR031827,0.0041522918637251615,0
FR023363,0.00507809182399185,0
FR029397,0.006720960743333214,0
FR026425,0.019668641183135365,0
FR030463,0.006008129504650784,0
FR020682,0.006995098222459646,0
FR030330,0.005387321529018031,0
FR021728,0.005894401761426509,0
FR030622,0.004821077796922103,0
FR025372,0.004919213780428824,0
FR028103,0.014650551810966483,0
FR028309,0.009315228274402437,0
FR031502,0.004619176439279787,0
FR029236,0.005540427697271045,0
FR029027,0.03507178721013763,0
FR024358,0.014544930325975074,0
FR022011,0.0192361193319526,0
FR023231,0.004524905892571268,0
FR025456,0.01594476154811481,0
FR022932,0.006247410587436103,0
FR021451,0.0048870192772097355,0
FR026190,0.005805795063766917,0
FR022724,0.007777079665224083,0
FR028449,0.0817958179102369,0
FR028989,0.00567313480772458,0
FR020855,0.010184148997803715,0
FR024183,0.02439672176246309,0
FR028105,0.009912169968874219,0
FR027717,0.01754273521079421,0
FR022280,0.006511750138672702,0
FR027553,0.0037174911493572647,0
FR029240,0.00849307736941305,0
FR026553,0.008848873697394056,0
FR021039,0.008076833312380391,0
FR027325,0.011043361894730947,0
FR028826,0.004672160634500443,0
FR020505,0.037362700847810834,0
FR025992,0.01973318136864115,0
FR022894,0.00557958191298894,0
FR024465,0.005948044183009061,0
FR026440,0.00786213149464232,0
FR027438,0.013935455923315566,0
FR021015,0.007792318928883956,0
FR023044,0.007546292798517633,0
FR026786,0.011967230982774534,0
FR026241,0.01202686191074595,0
FR020572,0.00890879090065028,0
FR027025,0.008713078302142192,0
FR026409,0.00948900562690988,0
FR025394,0.0048584241177243755,0
FR023096,0.004136086567019973,0
FR021078,0.01742400498283994,0
FR030614,0.011396210888147691,0
FR031835,0.0047300018434020125,0
FR023968,0.0038778657770993027,0
FR027607,0.0213018138181581,0
FR023546,0.006845750905976199,0
FR023104,0.014245518848042616,0
FR026344,0.054691458307640606,0
FR028965,0.004469335462351665,0
FR025364,0.011755908715645746,0
FR022419,0.09059763024499198,0
FR026539,0.008840022779632292,0
FR028969,0.005461506715438899,0
FR020508,0.019811209695921345,0
FR022666,0.0058817893854232525,0
FR026056,0.01517256211443868,0
FR020443,0.08956182469375093,0
FR026282,0.006626229950800493,0
FR028886,0.009403566822688537,0
FR025362,0.004544321604319839,0
FR028534,0.010759671077263704,0
FR025440,0.044705241471340404,0
FR022691,0.0051836430784625645,0
FR029838,0.014179103652814187,0
FR025977,0.009111429257581665,0
FR027112,0.00913773810085864,0
FR022926,0.026506016181630322,0
FR026357,0.01513923709328989,0
FR030400,0.009125952588958007,0
FR025830,0.011339356302710848,0
FR031591,0.01228951572838807,0
FR028179,0.004845849594490867,0
FR023952,0.019430511513638463,0
FR029552,0.006231210017258813,0
FR026214,0.014124012371030552,0
FR021963,0.08557224214201976,0
FR020009,0.005605119684529083,0
FR020554,0.005000302934796679,0
FR022192,0.011599773228436448,0
FR030329,0.0034779462850352276,0
FR020749,0.0176603393196147,0
FR025979,0.005645095313000274,0
FR024893,0.013162739648628203,0
FR027142,0.003815623448437159,0
FR027391,0.00925422210516148,0
FR024492,0.031207604001788694,0
FR021118,0.008518372455685833,0
FR025881,0.0214948950180023,0
FR031306,0.005475068681242598,0
FR025359,0.00928225130711641,0
FR023513,0.010882844271080536,0
FR024528,0.005582395141281076,0
FR023652,0.017397265431073755,0
FR027904,0.0034422699997433727,0
FR028532,0.01755299553817488,0
FR025499,0.004199190637606055,0
FR031282,0.022778319144745138,0
FR028381,0.005839923650210913,0
FR024150,0.01152734613121974,0
FR028462,0.013227168577203931,0
FR025907,0.006476064512519229,0
FR024141,0.012192675317238099,0
FR026547,0.009661487198231514,0
FR029935,0.004197614721273099,0
FR028161,0.017851784095343916,0
FR028909,0.0075148272769656466,0
FR023818,0.017682554049377144,0
FR021357,0.003934083020963937,0
FR031245,0.007067620769983986,0
FR030171,0.016571219067685567,0
FR028670,0.01292826610214621,0
FR023666,0.0147525713219658,0
FR030107,0.1022930924593746,1
FR021989,0.005317678922134632,0
FR023508,0.005074259121994154,0
FR027863,0.019517858145968202,0
FR022095,0.016959515090400067,0
FR024299,0.005317448064632789,0
FR027174,0.006766982964975055,0
FR030594,0.016378059721682797,0
FR029855,0.00724298139652504,0
FR030124,0.020959107815348307,0
FR023950,0.005611806497926029,0
FR020448,0.005041905652025266,0
FR021636,0.015678479439118397,0
FR022122,0.014179239453648254,0
FR022345,0.0050306407998189796,0
FR030738,0.01739374941003071,0
FR020985,0.004712625750183145,0
FR022119,0.022449974439993955,0
FR023539,0.013933263641109852,0
FR027521,0.013519771862332846,0
FR022393,0.023414954320723456,0
FR023948,0.009111280134708705,0
FR027819,0.005585941035627642,0
FR022764,0.012112141144039603,0
FR028280,0.02282845595141677,0
FR020800,0.007502827339447913,0
FR027358,0.004655316529722772,0
FR021967,0.010469949988722135,0
FR029117,0.016750840051681856,0
FR024106,0.008707446471802313,0
FR027202,0.030311872338073306,0
FR022916,0.004871442492548887,0
FR021841,0.015080521446215573,0
FR024352,0.007997348791881992,0
FR025363,0.005750027064794976,0
FR029160,0.014216265384409787,0
FR026090,0.011765104483464846,0
FR028824,0.004848135338984132,0
FR020399,0.004785738073052612,0
FR025427,0.005024250473452535,0
FR020935,0.011500497979223395,0
FR026065,0.015279072075336329,0
FR029003,0.011636624701339613,0
FR024378,0.004016948204581848,0
FR031548,0.020958126608550225,0
FR022577,0.008631209147132213,0
FR031931,0.02210587491207463,0
FR023200,0.012007007458616423,0
FR026796,0.015511132906757518,0
FR029223,0.006693855877293726,0
FR022404,0.009451436702724213,0
FR023447,0.00538439010304038,0
FR030137,0.0044857188599332805,0
FR025923,0.02156117069759793,0
FR025172,0.01435908681817264,0
FR029972,0.009671086823290619,0
FR027927,0.02575732574831347,0
FR030619,0.012863283018553214,0
FR024379,0.005682031696825745,0
FR030998,0.017366882930426264,0
FR027489,0.3480605081292172,1
FR026855,0.007946066480074867,0
FR025612,0.03218669288432229,0
FR026398,0.012941889553235355,0
FR021431,0.017387366075808493,0
FR027336,0.09338683995354896,0
FR024704,0.006344707269460095,0
FR026014,0.007253194446483254,0
FR026141,0.009761247800627926,0
FR027734,0.008391526412668875,0
FR025226,0.005949521707702604,0
FR025189,0.014091274295857593,0
FR023577,0.0051540607954148835,0
FR030310,0.017811114727867547,0
FR031426,0.02155974890748716,0
FR028380,0.00425999626776963,0
FR031523,0.004165946166641227,0
FR030058,0.031216490227398398,0
FR021522,0.005464436931404639,0
FR026013,0.01821805226735753,0
FR020299,0.005102760488112628,0
FR028576,0.006841746712484539,0
FR025896,0.008877940608550888,0
FR022623,0.00426808394778945,0
FR022716,0.01697512823112325,0
FR031363,0.02730720355267381,0
FR023937,0.0032509520150920223,0
FR027848,0.03316343622300941,0
FR022041,0.01095734226549961,0
FR028689,0.03025630889122135,0
FR030199,0.004298658770680412,0
FR022140,0.007744317099609109,0
FR029253,0.019998509366002358,0
FR030956,0.00502893020972729,0
FR022944,0.007088136689920509,0
FR027200,0.00392983337534065,0
FR025437,0.0055431468633419505,0
FR022756,0.013171970840673543,0
FR024845,0.007501279813267543,0
FR023557,0.004773695044658964,0
FR025812,0.00419297130876827,0
FR025051,0.02897612549846299,0
FR025602,0.007480119413827719,0
FR026857,0.017992706888719935,0
FR025822,0.019603858157203703,0
FR028982,0.024540323102718448,0
FR031191,0.007388160008691724,0
FR031133,0.01463692179425805,0
FR021353,0.024141872893337295,0
FR021375,0.0062236749261992816,0
FR025996,0.011460435957794488,0
FR027407,0.013484442017399276,0
FR028950,0.008165734406293864,0
FR030992,0.016378020464556404,0
FR025168,0.005384942498729425,0
FR031584,0.004903130851558241,0
FR020062,0.004745680138605662,0
FR030503,0.00730703057325607,0
FR024277,0.00687905802618085,0
FR028574,0.015151676518751283,0
FR021855,0.00599086572709394,0
FR021722,0.0064985932752844614,0
FR029450,0.0263648061367652,0
FR029768,0.0064782737745272614,0
FR026008,0.004253579702170038,0
FR024443,0.02419142735729269,0
FR022080,0.006035907193124744,0
FR027492,0.007026984829674785,0
FR024534,0.01030357006576562,0
FR031339,0.03546692449541061,0
FR029487,0.010812255524726509,0
FR021001,0.008941533171187361,0
FR020086,0.057431560174535254,0
FR020099,0.004372361033734501,0
FR031264,0.009530134796672883,0
FR023760,0.01333060554519053,0
FR030536,0.007310848666808351,0
FR024850,0.004270098199935693,0
FR030112,0.008063479556700257,0
FR020756,0.0061846235976320925,0
FR023099,0.08662280616337656,0
FR021501,0.01888559898173075,0
FR020904,0.0073612263551334715,0
FR028349,0.010800333209312032,0
FR020428,0.009105068365275842,0
FR021525,0.04242449589304911,0
FR027282,0.0245324983495104,0
FR024765,0.008334562572803145,0
FR027554,0.6104517668769893,1
FR031998,0.01031648982590826,0
FR028098,0.01050711840810373,0
FR020267,0.005015942607648843,0
FR025000,0.04077880540927714,0
FR020643,0.007587893726157214,0
FR029358,0.017188040931504157,0
FR029658,0.014417057312932548,0
FR031159,0.0047898113138894,0
FR020424,0.008850006069658217,0
FR022046,0.011363929706626058,0
FR025878,0.006077336278105593,0
FR020191,0.03615715527154681,0
FR024545,0.02399110111595785,0
FR020494,0.004562568998203663,0
FR020939,0.005163426370746571,0
FR023575,0.01081502677368323,0
FR021465,0.006439894907453613,0
FR025460,0.006016732536118598,0
FR030105,0.005705944246381383,0
FR031373,0.005385413045382689,0
FR023821,0.006052023134822063,0
FR028337,0.007339763914502396,0
FR021952,0.005210164845246114,0
FR026317,0.05323656936417284,0
FR024971,0.01246185778069963,0
FR023427,0.006811415794077355,0
FR023723,0.016201353642564746,0
FR022468,0.006517225670844918,0
FR027705,0.010282252047540807,0
FR027231,0.005923109017505592,0
FR031322,0.04651234923588757,0
FR027669,0.00584725947588227,0
FR025672,0.008824409973643532,0
FR027403,0.008842929476094646,0
FR031573,0.018763348834778336,0
FR020308,0.06371537520829229,0
FR028076,0.012107490429165068,0
FR021515,0.004905185327397888,0
FR031181,0.011163765800185684,0
FR027468,0.021372874882400583,0
FR029198,0.015059287931859797,0
FR025968,0.011622108279329867,0
FR020857,0.018162958087153486,0
FR028408,0.008634206636337849,0
FR027608,0.01628189427953608,0
FR027766,0.025873698694409156,0
FR026324,0.010616039981439899,0
FR021442,0.04856918533699399,0
FR023559,0.017360492888860435,0
FR027244,0.006692974843230387,0
FR020812,0.012567474529602256,0
FR023589,0.019452585125521792,0
FR031806,0.014364296498823023,0
FR020663,0.00466226177976513,0
FR025197,0.11734229533223281,1
FR029998,0.015255839057299063,0
FR025289,0.014476889309813086,0
FR024786,0.003697408480948416,0
FR029385,0.008338020203734364,0
FR025885,0.007997344452038712,0
FR021473,0.011596621368176505,0
FR024328,0.004315212053941343,0
FR029598,0.017323914622578984,0
FR030855,0.01055838114098739,0
FR023972,0.011690942540330991,0
FR027687,0.010559602848551002,0
FR024814,0.005268662448727188,0
FR029017,0.00626643513485144,0
FR020036,0.004120146089835438,0
FR020363,0.00569564189766536,0
FR020887,0.008841012463539993,0
FR025037,0.01638289114379881,0
FR021532,0.010430904058202933,0
FR027440,0.01997652919803543,0
FR021576,0.005505259901623908,0
FR030667,0.03265828416744162,0
FR021658,0.07710423470453068,0
FR024495,0.005948848853946457,0
FR031383,0.007827029037278648,0
FR024576,0.012072911699282813,0
FR023028,0.007832523923396499,0
FR023172,0.010109939159741697,0
FR025973,0.005066721877900313,0
FR031739,0.011754357543600453,0
FR026980,0.009095716351712323,0
FR030045,0.023185831557833297,0
FR021676,0.02549648206762728,0
FR026389,0.025247142435843,0
FR030559,0.008553712161335325,0
FR025368,0.008513189198915368,0
FR024937,0.0055904457809106654,0
FR022067,0.0079805869950412,0
FR021326,0.014921538455839363,0
FR023071,0.006214755329435854,0
FR024544,0.019461708170311905,0
FR027374,0.008693428065329488,0
FR020069,0.03225997324729365,0
FR022590,0.007330756145124509,0
FR028545,0.011544907121871843,0
FR025305,0.007373824569823941,0
FR023001,0.009417115190070859,0
FR027788,0.0053709834410070045,0
FR031857,0.01464166651109567,0
FR028160,0.017279440585203573,0
FR027961,0.010820505641294175,0
FR023985,0.007152464999389711,0
FR021647,0.0197753988966214,0
FR028318,0.009331378008134977,0
FR021245,0.012049487305935067,0
FR028006,0.013578579172293338,0
FR026872,0.009154842912917707,0
FR020064,0.00894776484428653,0
FR021449,0.017165294566826785,0
FR027763,0.07211976329707552,0
FR023312,0.003497817315628569,0
FR030674,0.006927292548897832,0
FR020254,0.007981885202103214,0
FR022216,0.006934632078491473,0
FR022315,0.005527639137410655,0
FR023791,0.016982916215689876,0
FR030854,0.007921396971586829,0
FR023317,0.014937589920904076,0
FR023288,0.011166530206664431,0
FR021680,0.005330275133844868,0
FR030807,0.007445206819671846,0
FR026633,0.00637447142139226,0
FR024721,0.03062445524896945,0
FR022940,0.016138112313292288,0
FR027700,0.004224917829300432,0
FR023165,0.0075126890220369065,0
FR030565,0.020835146141912966,0
FR026861,0.028423988019758206,0
FR021712,0.013368124017543719,0
FR030568,0.005827061652763716,0
FR030417,0.031307048798851995,0
FR029218,0.0048835579736501294,0
FR021790,0.00502763208790684,0
FR020690,0.01000868163641928,0
FR030694,0.2012831164247083,1
FR020820,0.008562206128618018,0
FR027601,0.01259758495711736,0
FR030128,0.015226986748383638,0
FR024693,0.006438844840629591,0
FR029939,0.012823916485203576,0
FR023036,0.02481817499286413,0
FR021717,0.08662455480335203,0
FR026917,0.00765420711958156,0
FR028009,0.007689476112869971,0
FR022431,0.00474578235859556,0
FR025211,0.003476765875215141,0
FR026054,0.012545838913417671,0
FR027430,0.026020379314733284,0
FR020484,0.02074038842379601,0
FR022624,0.030722059382984168,0
FR029109,0.011479056225986974,0
FR027334,0.017498134810220854,0
FR027160,0.012571451100185607,0
FR029355,0.011675276543774007,0
FR029299,0.006189079825578023,0
FR029728,0.015164938093696763,0
FR027073,0.08026022980158057,0
FR023280,0.005747282802413389,0
FR026513,0.006097054553157085,0
FR027579,0.008170279539080148,0
FR022793,0.005167056208357985,0
FR029649,0.020559867367976915,0
FR021599,0.012993023583902311,0
FR028221,0.00434093826290656,0
FR028363,0.007226332856903583,0
FR031314,0.007604890229243378,0
FR030793,0.007507277459787029,0
FR022635,0.0112057056856226,0
FR028719,0.013230075489260907,0
FR022295,0.011859471618400482,0
FR023016,0.007079061169139765,0
FR021655,0.015252898744208737,0
FR027531,0.013642131823989184,0
FR022536,0.010718060944333668,0
FR021284,0.014546453305351141,0
FR026432,0.006006915778210311,0
FR030070,0.0052038241273093325,0
FR020720,0.0118437452923278,0
FR026231,0.00629964254800835,0
FR028729,0.009857630874090233,0
FR021714,0.00458983118182603,0
FR020941,0.0073704719754261305,0
FR025406,0.07788018885707007,0
FR027349,0.03136324009652911,0
FR024374,0.010831720242297758,0
FR029731,0.012114173410142152,0
FR024053,0.011561251279354461,0
FR031974,0.004597519763883175,0
FR022320,0.014318881275969003,0
FR031158,0.008161982908421756,0
FR031772,0.012506460867525429,0
FR026081,0.005920713177585766,0
FR030276,0.010034501839605643,0
FR026853,0.004162305717183654,0
FR022504,0.0051237869364356686,0
FR029169,0.0111103146492839,0
FR022003,0.013524382425882093,0
FR024650,0.005233436033139444,0
FR025569,0.005841342160957011,0
FR025202,0.013519161248330917,0
FR028968,0.021296514356588615,0
FR026063,0.015562054008541453,0
FR027111,0.012178585058666456,0
FR020051,0.009066683986205137,0
FR020728,0.014480727597295354,0
FR025780,0.016412894744347237,0
FR029353,0.007481518448159935,0
FR029214,0.00817717410587279,0
FR026453,0.0037638547041454456,0
FR027577,0.004447225639553404,0
FR024851,0.09384235388731456,0
FR030748,0.012764533565337695,0
FR024284,0.006522229884420165,0
FR023667,0.010082334797160149,0
FR024601,0.01822085556664573,0
FR027335,0.019927532812634048,0
FR026845,0.020265716323089062,0
FR028442,0.005702913099199375,0
FR020400,0.0037573968591312506,0
FR020940,0.012330633137295786,0
FR023235,0.00853040641743205,0
FR029365,0.05172331825607692,0
FR026737,0.006570022544416822,0
FR020346,0.0048333064543899865,0
FR024675,0.042010385180356664,0
FR026353,0.008153286021172,0
FR022610,0.005552408629579274,0
FR028926,0.0041274033635918615,0
FR030915,0.00810418607126151,0
FR023283,0.009867273750035106,0
FR020458,0.024055763890690286,0
FR025384,0.007298591907730074,0
FR024647,0.023414470063296937,0
FR021912,0.006535423814942368,0
FR026222,0.01667180747385525,0
FR022739,0.008626228877677843,0
FR026951,0.00415484059554941,0
FR029626,0.007119343324347819,0
FR030704,0.0058382819743040375,0
FR031658,0.00903155731600639,0
FR021229,0.014362446813102704,0
FR023681,0.012182075708009093,0
FR029096,0.06284613134226102,0
FR023194,0.007143672338110946,0
FR020784,0.031912241698708176,0
FR023516,0.013593168469792652,0
FR029619,0.015144410404694698,0
FR028849,0.003966171347490777,0
FR029960,0.08096853066603668,0
FR022088,0.015601820106179262,0
FR029000,0.008292072619201722,0
FR023812,0.005561056767295599,0
FR027803,0.018977234826315845,0
FR023842,0.04423359230592313,0
FR028903,0.005964391184882345,0
FR025432,0.006236852094007842,0
FR023872,0.04033172950471942,0
FR031770,0.012453509485320386,0
FR027253,0.005022740614486508,0
FR026110,0.02454889357509779,0
FR020118,0.003658846526495811,0
FR023344,0.009387919611003402,0
FR021750,0.004707750201781463,0
FR029787,0.028190448383124296,0
FR026441,0.01133935168818331,0
FR024967,0.06809177718698307,0
FR020817,0.716804564883976,1
FR029480,0.0065603064790273205,0
FR031444,0.005301145670511501,0
FR028049,0.02383672427498367,0
FR021300,0.004763076855660776,0
FR020141,0.04068817678033396,0
FR020241,0.011109420008908907,0
FR023334,0.011649803405205997,0
FR021927,0.01374033013283039,0
FR027398,0.008502971272368744,0
FR028096,0.025491684147981725,0
FR021987,0.009533426306507685,0
FR025614,0.006211209298391569,0
FR024476,0.009439756786261522,0
FR021332,0.003877979883697887,0
FR024034,0.011839446925270652,0
FR028157,0.005737507547132482,0
FR021304,0.01936388732927108,0
FR027034,0.006757016907651752,0
FR021791,0.015436862404015221,0
FR028807,0.005979579204215152,0
FR024941,0.009361707927284458,0
FR027536,0.008292937581074522,0
FR020112,0.00389278995199636,0
FR020122,0.011212142099058554,0
FR028803,0.004270163114020793,0
FR027094,0.019818294175582687,0
FR021408,0.02078228185807647,0
FR024688,0.004296344108917346,0
FR022262,0.8487160655066379,1
FR028790,0.008705121176327511,0
FR031593,0.010148869041109124,0
FR031394,0.004917196379172059,0
FR022068,0.0226805957844236,0
FR029586,0.005335737047177403,0
FR024630,0.009019673163058448,0
FR022714,0.03267264072151442,0
FR026049,0.024471451017459102,0
FR022172,0.004660852886809558,0
FR026244,0.024835465500426097,0
FR025818,0.015712029198123978,0
FR024945,0.02956952408124644,0
FR021132,0.006492532939540451,0
FR029005,0.003215421064746075,0
FR030077,0.012797700606852706,0
FR023783,0.010564512817298161,0
FR026219,0.014855199446357445,0
FR028837,0.006316049856809369,0
FR026969,0.003917233552958229,0
FR030902,0.005764823507095233,0
FR026835,0.0044543645997459115,0
FR026797,0.011549290104810896,0
FR031475,0.013625293213363672,0
FR025112,0.02419360663842427,0
FR030287,0.014449461646437971,0
FR022372,0.004548668751418957,0
FR023628,0.004798356517834548,0
FR027420,0.009822337554518171,0
FR027365,0.030269535593347476,0
FR025546,0.006438105599859136,0
FR021296,0.004803139197553473,0
FR025898,0.017295842764740346,0
FR021956,0.022268302926460877,0
FR023034,0.005302328673934454,0
FR029541,0.003940309080303139,0
FR022831,0.006308071306544781,0
FR028321,0.005712973252329319,0
FR024785,0.021709292584743696,0
FR026972,0.009180446929761868,0
FR028036,0.0034282222827896735,0
FR024054,0.010970481627093066,0
FR031311,0.010991626086489605,0
FR027592,0.008231097509053344,0
FR029898,0.3339151666704887,1
FR028614,0.004369955847793604,0
FR028182,0.009699766598496803,0
FR027677,0.003320904526520819,0
FR031688,0.005874324223222965,0
FR026472,0.015878376078561122,0
FR029885,0.005497172358009303,0
FR021885,0.022296710294181905,0
FR027464,0.004739686345832999,0
FR020914,0.003991485837279075,0
FR028291,0.0040378246115659495,0
FR027973,0.00825383643108022,0
FR024064,0.010208858045904767,0
FR028466,0.013472342505952889,0
FR030023,0.010471545867652945,0
FR025675,0.003939103388049436,0
FR020724,0.007486806905011287,0
FR024965,0.003759891754688811,0
FR021832,0.007840841334593528,0
FR027074,0.02131016079492297,0
FR025316,0.02655341406792156,0
FR026377,0.00866851631106199,0
FR027410,0.007694417990365167,0
FR030652,0.004413349212498498,0
FR024113,0.014945916674763502,0
FR025055,0.006529485771659592,0
FR027425,0.006806945712741609,0
FR025513,0.7240620237287616,1
FR028535,0.008256134550847997,0
FR023797,0.013181760291384483,0
FR026960,0.009203457308967308,0
FR028905,0.09176041843006441,0
FR026267,0.005165680551631717,0
FR020198,0.02209665077455976,0
FR028115,0.005388671000908882,0
FR021760,0.007114709128734101,0
FR025161,0.017097311773640874,0
FR023856,0.006990616957147106,0
FR020011,0.0031755981619248723,0
FR023630,0.004898079438914571,0
FR030304,0.021461050064144616,0
FR025723,0.08074223348989731,0
FR026368,0.004486875097947559,0
FR025436,0.006927984242834916,0
FR021876,0.005355062313150338,0
FR029296,0.009727415719739152,0
FR023238,0.019948712858378542,0
FR028168,0.013566524297209991,0
FR026869,0.004939314566247625,0
FR024857,0.018924490915433863,0
FR027900,0.015565079535653066,0
FR022507,0.02734698236405962,0
FR025222,0.004784285883712221,0
FR028642,0.007081541740610808,0
FR030195,0.03592251191478249,0
FR022049,0.030210981319014417,0
FR027908,0.010703667482653305,0
FR023910,0.004704654256791646,0
FR022163,0.012597454307486627,0
FR029861,0.00854158639664597,0
FR024665,0.1560332541644321,1
FR022510,0.009730829958124125,0
FR030772,0.011134827983378916,0
FR024160,0.019753738921885686,0
FR031611,0.013142957842965739,0
FR027840,0.0035090260045115614,0
FR020315,0.5235348926898092,1
FR022109,0.009263656666042827,0
FR020004,0.005376423298947636,0
FR027563,0.5679301278299766,1
FR020678,0.02441438277091025,0
FR031317,0.006006608267367238,0
FR030433,0.05511946733185068,0
FR025181,0.007012944841540034,0
FR028149,0.026782487768937623,0
FR025622,0.011848084853516471,0
FR028847,0.03542830676312836,0
FR023853,0.004113954302218444,0
FR024747,0.32017977594607167,1
FR024527,0.009564072911264022,0
FR025449,0.0688611429435462,0
FR021596,0.010160278554973076,0
FR025981,0.00368252185464318,0
FR031585,0.006601080268765249,0
FR024440,0.030593890706968052,0
FR031872,0.012052084200113677,0
FR027366,0.0055362576600339365,0
FR030008,0.02482892861080213,0
FR021651,0.0047424253618099325,0
FR022258,0.041408862637306705,0
FR024063,0.007022379105335423,0
FR026700,0.013404009094474976,0
FR024741,0.020103375487874504,0
FR029618,0.006248402847388722,0
FR026085,0.009370712596873451,0
FR025709,0.021420336844378052,0
FR030540,0.026471754854082666,0
FR021873,0.003304351872234062,0
FR023495,0.005045961610641409,0
FR029250,0.0033564343306779483,0
FR026609,0.015060278942936522,0
FR024048,0.011970202929883555,0
FR026247,0.009842153005035218,0
FR022321,0.0036584501187246587,0
FR027772,0.009370666532894867,0
FR027811,0.021011806163052003,0
FR021635,0.031225842777896348,0
FR027342,0.017194993587828587,0
FR025510,0.008633270148526086,0
FR028654,0.005650812150457936,0
FR026564,0.007310520144882736,0
FR020671,0.009886870650430101,0
FR024878,0.009059206590857485,0
FR027369,0.012588941408903185,0
FR028836,0.010970005718432891,0
FR029679,0.004799083965824824,0
FR025188,0.004632582082162216,0
FR030001,0.007161405883380172,0
FR030064,0.006331122592987536,0
FR030623,0.006882366092831208,0
FR025431,0.005021768353982096,0
FR024145,0.02312325462858706,0
FR028787,0.003599377418688381,0
FR029946,0.010125523895105928,0
FR024989,0.011121155713417007,0
FR026226,0.0035651622414846194,0
FR030169,0.0046176872695455565,0
FR028344,0.005472514579654251,0
FR023627,0.00356456936000335,0
FR026510,0.036906777380240854,0
FR024304,0.010230203180642442,0
FR030370,0.007684091788320363,0
FR021915,0.007034258455861028,0
FR022411,0.02537858539076753,0
FR020216,0.008750271038145418,0
FR024960,0.007892179446948392,0
FR025833,0.005479844853764963,0
FR022156,0.015649541948990712,0
FR025321,0.011611285339448142,0
FR029031,0.014888386079000294,0
FR024260,0.0733331771636615,0
FR023906,0.006115034160993538,0
FR020024,0.013580968442233849,0
FR024780,0.0061481399159336175,0
FR024551,0.0257005317438082,0
FR020542,0.019665567220618796,0
FR031048,0.006704099891282589,0
FR025450,0.010280055559850756,0
FR027865,0.0032962309181883503,0
FR025994,0.14372493431499506,1
FR029165,0.010793086815838338,0
FR027639,0.007181565189631029,0
FR023965,0.015447742143853698,0
FR028848,0.04133625276027861,0
FR027313,0.006361145874040238,0
FR031681,0.07278638474134413,0
FR028692,0.007162607803030097,0
FR023704,0.016865072201075172,0
FR024951,0.01816960880718567,0
FR021866,0.01515891390450887,0
FR022415,0.01621266548454736,0
FR021497,0.02396925922870028,0
FR028153,0.01105516524177987,0
FR022442,0.016649298027092606,0
FR030268,0.004894666054165001,0
FR031616,0.005820526017594009,0
FR023323,0.007336005429156703,0
FR027096,0.01153027500836435,0
FR026600,0.0045727322398161265,0
FR026044,0.01672021118419339,0
FR027037,0.018021202047097624,0
FR020911,0.01257890819386536,0
FR024310,0.01785336002874719,0
FR027777,0.008548007416204848,0
FR026751,0.013486455246448512,0
FR028259,0.011934974414553372,0
FR027929,0.05738816765413046,0
FR027851,0.009287952318262887,0
FR026039,0.030033673727218237,0
FR028565,0.017318737890000803,0
FR030241,0.12616305052332155,1
FR029573,0.005505239640171814,0
FR029534,0.007539645869120528,0
FR023206,0.2551301714530724,1
FR026101,0.02045304478153346,0
FR022150,0.005390489982507256,0
FR023209,0.012602936274099464,0
FR028439,0.010070502943581805,0
FR027745,0.006374971817549927,0
FR029562,0.01091941547153153,0
FR026083,0.004773443891382645,0
FR030908,0.019689011146933236,0
FR024189,0.004745504714345825,0
FR029322,0.013026791773225101,0
FR023827,0.011224081472908029,0
FR020228,0.0068229471160393945,0
FR031041,0.01002329901866256,0
FR026925,0.005587301031661156,0
FR031582,0.006122517635902575,0
FR021307,0.012351293042716278,0
FR031656,0.006182656252530521,0
FR028493,0.004391157064292078,0
FR020745,0.006215914104227005,0
FR022752,0.0047195598716116526,0
FR031914,0.003923627779414879,0
FR020239,0.05734168429481011,0
FR026563,0.01336830886677777,0
FR021251,0.005820938533794602,0
FR023832,0.008167530167218244,0
FR020169,0.017121812403879062,0
FR022327,0.031186857175833707,0
FR026069,0.03170206992885323,0
FR020667,0.028836565895093175,0
FR028181,0.03494434523976327,0
FR028229,0.01387575260020088,0
FR025791,0.04080959349426033,0
FR025841,0.005926841753667363,0
FR026113,0.0060929919110832495,0
FR020589,0.014909376700925502,0
FR030790,0.027811411746934543,0
FR030990,0.020638736251154484,0
FR029436,0.007270610599449745,0
FR030252,0.005747574903665328,0
FR023756,0.018823527286236555,0
FR031213,0.07258830798688197,0
FR024752,0.05673593057438094,0
FR031735,0.022428342126441493,0
FR027752,0.016102329495380784,0
FR031068,0.01136862002155711,0
FR024169,0.01847930788499976,0
FR022696,0.00557665464518039,0
FR029582,0.00747098221684955,0
FR031209,0.02806456331739232,0
FR022566,0.006554766482410891,0
FR020779,0.06783406681908741,0
FR021645,0.010482066217451798,0
FR024569,0.009727639614132928,0
FR029974,0.005674580248157883,0
FR029537,0.007312683349894424,0
FR026376,0.013214568015498205,0
FR027084,0.034619354155799094,0
FR026097,0.011323990218166744,0
FR028916,0.45633298510499876,1
FR020630,0.009733054890343498,0
FR027864,0.013327581417992201,0
FR028001,0.004610218311481156,0
FR023068,0.012084183025281553,0
FR029749,0.005442706658519101,0
FR021823,0.004530274172125719,0
FR028433,0.012891211997222695,0
FR025077,0.07225687953166972,0
FR026213,0.006157971212008093,0
FR023754,0.018110639111945076,0
FR021892,0.012139814381665517,0
FR029207,0.02102408503412518,0
FR028062,0.01029968978980575,0
FR022261,0.005086394959157097,0
FR024290,0.009585186109919696,0
FR025782,0.009217792588118567,0
FR021149,0.0071987434727718985,0
FR027566,0.09613854995844727,1
FR031789,0.006283975986883815,0
FR024040,0.004203297364572331,0
FR031951,0.009559843436311808,0
FR030928,0.005748209558512411,0
FR030621,0.06877790935382834,0
FR030051,0.004824572443092687,0
FR022788,0.011003435167876888,0
FR026760,0.006344541037948553,0
FR031572,0.004866685835809606,0
FR031824,0.0033692905503729365,0
FR027541,0.002795931282299036,0
FR022491,0.019059097603921243,0
FR020042,0.020668294849067764,0
FR030716,0.025648855092638305,0
FR025535,0.011188653517278241,0
FR028470,0.010418213411698508,0
FR022727,0.012468742140847311,0
FR031560,0.01311640638006947,0
FR029157,0.005878014245369536,0
FR021674,0.006446492375007164,0
FR023141,0.007672141765970746,0
FR026139,0.006623471869093567,0
FR025697,0.018817762494451634,0
FR027195,0.09608021878269002,1
FR024438,0.07047980258487538,0
FR023961,0.012993896887201341,0
FR031786,0.010731664874222595,0
FR023626,0.00930789551565557,0
FR027907,0.020513020931163042,0
FR029464,0.004933054502231174,0
FR030734,0.006868918282810148,0
FR027650,0.007040281818270221,0
FR028543,0.0493096665107093,0
FR021093,0.005631651527334001,0
FR030721,0.010422041253629218,0
FR026336,0.010360100038767186,0
FR028931,0.004832906464351312,0
FR030243,0.015859424254886997,0
FR024957,0.0046004881961689125,0
FR031135,0.004134633004375613,0
FR021996,0.008493335040094994,0
FR021588,0.02124904318083054,0
FR027367,0.009318626140103547,0
FR022677,0.005304711828929952,0
FR021631,0.007840827382066796,0
FR022203,0.005435271999134576,0
FR030839,0.027558391748844585,0
FR027445,0.006529543827811098,0
FR021040,0.011753511135827371,0
FR028891,0.014533141287194165,0
FR027517,0.015748444466243287,0
FR031833,0.00574014525507795,0
FR027409,0.022883098174236283,0
