id,fraud,oof_prediction
FR016993,0,0.051959551870822906
FR002433,0,0.006786582060158253
FR009253,0,0.004218073096126318
FR004881,0,0.031854111701250076
FR014830,0,0.01113218069076538
FR002399,0,0.005860910750925541
FR015431,0,0.00606782641261816
FR006764,0,0.004186267498880625
FR011935,0,0.008245646022260189
FR017076,0,0.03877868130803108
FR001696,0,0.011829813942313194
FR019211,0,0.008255256339907646
FR004666,0,0.0036458256654441357
FR007907,0,0.008474763482809067
FR013872,0,0.0054481662809848785
FR003379,0,0.03461688384413719
FR010022,0,0.005001465789973736
FR001242,0,0.011068484745919704
FR011221,0,0.09784559160470963
FR014562,0,0.008212563581764698
FR005582,0,0.007033265195786953
FR008785,0,0.010506859049201012
FR014724,0,0.04240259900689125
FR003159,0,0.0057882945984601974
FR012341,0,0.004909718409180641
FR007282,0,0.00639411062002182
FR012149,0,0.03069160506129265
FR003112,0,0.0045511056669056416
FR017004,0,0.011177883483469486
FR008458,0,0.027406703680753708
FR019978,0,0.02639172412455082
FR017279,0,0.009786847047507763
FR003764,0,0.03201737999916077
FR007458,0,0.006673980504274368
FR006026,0,0.02278299815952778
FR006065,0,0.00392078747972846
FR002163,0,0.013365368358790874
FR015780,0,0.00605553574860096
FR005762,0,0.0070169102400541306
FR010057,0,0.008579269982874393
FR005378,0,0.005169657990336418
FR017235,0,0.005400995258241892
FR003360,0,0.007069386076182127
FR002756,0,0.0315493568778038
FR002480,0,0.009354555048048496
FR017073,0,0.0050034308806061745
FR010129,0,0.006140189711004496
FR010047,0,0.01050091627985239
FR018067,0,0.007284755818545818
FR005951,0,0.004597312305122614
FR000105,0,0.03206568583846092
FR002481,0,0.006511394400149584
FR014604,0,0.03362458944320679
FR013837,0,0.1225210577249527
FR018248,0,0.00919561367481947
FR015646,0,0.009158439002931118
FR014568,0,0.0074088359251618385
FR000934,0,0.007718522567301989
FR016737,0,0.012648181989789009
FR004502,0,0.007304327096790075
FR011246,0,0.007342930417507887
FR014482,0,0.0025365694891661406
FR015850,0,0.009553121402859688
FR012360,0,0.0098929014056921
FR009488,0,0.004893802106380463
FR018710,0,0.011970135383307934
FR010543,0,0.0043875970877707005
FR008336,0,0.011159735731780529
FR016369,0,0.005154901649802923
FR012179,0,0.012785865925252438
FR009180,0,0.10920561105012894
FR000812,0,0.005874935537576675
FR001687,0,0.008377224206924438
FR003991,0,0.0064097982831299305
FR002539,0,0.021485142409801483
FR009111,0,0.0050767892971634865
FR011023,0,0.006167212035506964
FR018642,0,0.014466931112110615
FR004362,0,0.0044150338508188725
FR011593,0,0.02950371615588665
FR007949,0,0.009520620107650757
FR003977,0,0.006001829169690609
FR000125,0,0.008696458302438259
FR010904,0,0.009574245661497116
FR001652,0,0.021285098046064377
FR017815,0,0.01649072766304016
FR007185,0,0.0062198094092309475
FR009299,0,0.020983602851629257
FR007816,0,0.005423909518867731
FR001461,0,0.02419988624751568
FR011711,0,0.020142029970884323
FR008913,0,0.0071510691195726395
FR016903,0,0.0050222864374518394
FR016265,0,0.025211574509739876
FR011145,0,0.010141328908503056
FR003467,0,0.0035783008206635714
FR010500,0,0.006750543601810932
FR000217,0,0.003960723523050547
FR002477,0,0.003828684100881219
FR005576,0,0.01847807690501213
FR002137,0,0.004056847654283047
FR018989,0,0.00695111183449626
FR018332,0,0.031348153948783875
FR006022,0,0.02124500833451748
FR006208,0,0.008148194290697575
FR017372,0,0.013836261816322803
FR009210,0,0.0031474316492676735
FR017690,0,0.03406776487827301
FR019962,1,0.014089171774685383
FR004144,0,0.002919423161074519
FR000920,0,0.007641898933798075
FR009572,0,0.006819098722189665
FR002027,0,0.00544718699529767
FR017958,0,0.005436458624899387
FR009901,0,0.0064531974494457245
FR000325,0,0.012172910384833813
FR008506,0,0.008734861388802528
FR014798,0,0.004282915499061346
FR009314,0,0.003835679730400443
FR010040,0,0.004955626558512449
FR008972,0,0.05340348929166794
FR004933,0,0.008212202228605747
FR019325,0,0.0067851548083126545
FR003648,0,0.005778619088232517
FR005424,0,0.014251328073441982
FR003999,0,0.005713909398764372
FR014279,0,0.013482366688549519
FR003521,0,0.009738808497786522
FR013717,0,0.013315076008439064
FR004135,0,0.039643630385398865
FR014613,0,0.008273276500403881
FR014599,0,0.022450532764196396
FR014508,0,0.08314532786607742
FR003195,0,0.007748989388346672
FR019019,0,0.0026617010589689016
FR005995,0,0.006814940832555294
FR008698,0,0.00684013869613409
FR006468,0,0.009832112118601799
FR013070,0,0.044224441051483154
FR006994,0,0.008607971481978893
FR012959,0,0.0104437954723835
FR000990,0,0.01164532545953989
FR016313,0,0.005987823940813541
FR013941,0,0.007851348258554935
FR004185,0,0.004953635390847921
FR011983,0,0.04132518917322159
FR008738,0,0.006033004727214575
FR009281,0,0.007721679285168648
FR008436,0,0.014596139080822468
FR010546,0,0.006899540312588215
FR011413,0,0.006624178495258093
FR010582,0,0.007030359003692865
FR005033,0,0.006765283178538084
FR017769,0,0.03814907744526863
FR010225,0,0.006791690830141306
FR008734,0,0.00810882356017828
FR006444,1,0.31554603576660156
FR000547,0,0.007104129530489445
FR018005,0,0.023558855056762695
FR014734,0,0.0023971390910446644
FR016143,0,0.011594503186643124
FR001383,0,0.019240740686655045
FR014337,0,0.04235975071787834
FR017561,0,0.015921514481306076
FR019755,0,0.013188136741518974
FR004869,0,0.021376358345150948
FR018186,0,0.009217440150678158
FR018958,0,0.01827007532119751
FR011123,0,0.00591301079839468
FR007499,0,0.7443837523460388
FR011048,0,0.0043329643085598946
FR008743,0,0.004670439753681421
FR008790,0,0.01926482655107975
FR007022,0,0.017288563773036003
FR005614,0,0.007312702480703592
FR009118,0,0.007370606530457735
FR013694,0,0.030036665499210358
FR012244,0,0.004322268068790436
FR014282,0,0.01325783971697092
FR003180,0,0.007147237192839384
FR017696,0,0.006410587579011917
FR014901,0,0.00878671370446682
FR019362,0,0.005205430556088686
FR016681,1,0.008668122813105583
FR016578,0,0.004591452889144421
FR004106,0,0.004180252552032471
FR014007,0,0.008629418909549713
FR000449,0,0.00896090641617775
FR001265,0,0.017163891345262527
FR015364,0,0.006726202555000782
FR004354,0,0.009243723005056381
FR011598,0,0.006565853953361511
FR011555,0,0.013790305703878403
FR005194,0,0.008988763205707073
FR009749,0,0.01138797216117382
FR016707,0,0.00403164466843009
FR002680,0,0.01272534392774105
FR002079,0,0.016592057421803474
FR015743,0,0.007500280160456896
FR010778,0,0.002744124038144946
FR010315,0,0.006785219069570303
FR002571,0,0.0058458768762648106
FR019625,0,0.030028589069843292
FR015012,0,0.005527036264538765
FR016923,0,0.005061376374214888
FR010852,0,0.00365128624252975
FR008653,0,0.009285486303269863
FR011766,0,0.00926626194268465
FR013522,0,0.006716588977724314
FR015887,0,0.01035310234874487
FR010111,0,0.0031476845033466816
FR018575,0,0.021307379007339478
FR012600,0,0.010183505713939667
FR008909,0,0.011379982344806194
FR009320,1,0.005865663755685091
FR009615,0,0.025196995586156845
FR006383,0,0.007608047220855951
FR014807,0,0.005795711185783148
FR009544,0,0.007559980731457472
FR016824,0,0.0062188515439629555
FR017596,0,0.03099694289267063
FR012577,0,0.009729872457683086
FR011809,0,0.005607698578387499
FR018369,0,0.01381696481257677
FR002530,0,0.003560723504051566
FR013189,0,0.016736948862671852
FR001410,0,0.008243462070822716
FR000960,0,0.005466580390930176
FR000311,0,0.012461226433515549
FR012538,0,0.005228214431554079
FR016270,0,0.0376005694270134
FR013160,0,0.005884147249162197
FR010572,0,0.009725036099553108
FR012862,0,0.03816073387861252
FR005575,0,0.005158338695764542
FR012064,0,0.016257110983133316
FR019941,0,0.019067810848355293
FR000157,0,0.007738844025880098
FR014347,0,0.0066650849767029285
FR006347,0,0.023471985012292862
FR001906,0,0.06936125457286835
FR009006,0,0.004853715188801289
FR009011,0,0.005943035241216421
FR018442,0,0.0312727652490139
FR007955,0,0.00792392436414957
FR013723,1,0.659610390663147
FR012490,0,0.005477630067616701
FR018616,0,0.008491151034832
FR010929,0,0.004229054320603609
FR015941,0,0.005987894721329212
FR003839,0,0.00892350822687149
FR015940,0,0.00832261610776186
FR005305,0,0.00575132854282856
FR014518,0,0.005374709144234657
FR005725,0,0.028592361137270927
FR004566,0,0.0049957288429141045
FR016728,0,0.01761731691658497
FR017238,0,0.006526097189635038
FR001589,0,0.007113782688975334
FR004523,0,0.020311960950493813
FR014721,0,0.004247359000146389
FR005704,0,0.02651081420481205
FR012006,0,0.0038421987555921078
FR007619,0,0.02222682721912861
FR007556,0,0.00980179850012064
FR002545,0,0.010521169751882553
FR000715,0,0.018449723720550537
FR002085,0,0.004061487503349781
FR014645,0,0.003762525971978903
FR002895,0,0.020197128877043724
FR002077,0,0.004814820364117622
FR002423,0,0.007321953307837248
FR009606,0,0.024419084191322327
FR012606,0,0.004576539620757103
FR007967,0,0.007715784478932619
FR015493,0,0.004782452248036861
FR017830,0,0.004903197288513184
FR008569,0,0.00811102893203497
FR000467,0,0.18369299173355103
FR007344,0,0.00507632689550519
FR002367,0,0.006270205602049828
FR008246,0,0.0043902164325118065
FR015378,0,0.03697313368320465
FR006169,0,0.009711768478155136
FR002141,0,0.009967953898012638
FR006869,0,0.011268559843301773
FR008857,0,0.01951628364622593
FR007310,0,0.013788657262921333
FR019581,0,0.0053908945992589
FR015096,0,0.005161982960999012
FR004070,0,0.0040779211558401585
FR005840,0,0.023561520501971245
FR006160,0,0.005483565852046013
FR001721,0,0.04450436308979988
FR001402,0,0.007127152755856514
FR005775,0,0.0031015039421617985
FR017243,0,0.012659304775297642
FR015763,0,0.003830669214949012
FR016827,0,0.004049636889249086
FR003300,0,0.009971884079277515
FR009889,0,0.0048020645044744015
FR014402,0,0.006528502330183983
FR000152,0,0.00599417882040143
FR001680,0,0.007994703948497772
FR014146,0,0.005866934545338154
FR006690,0,0.0032124752178788185
FR013253,0,0.007047629449516535
FR004809,0,0.08378100395202637
FR009084,0,0.0033660014159977436
FR012599,0,0.005432855803519487
FR008358,0,0.006153234280645847
FR018620,0,0.0036734705790877342
FR009123,0,0.006563994102180004
FR013434,0,0.007544430438429117
FR002983,0,0.01975187659263611
FR006575,0,0.01305239275097847
FR005300,0,0.006709937006235123
FR003201,0,0.005315599963068962
FR015653,0,0.004606763832271099
FR018863,0,0.006395019590854645
FR017994,0,0.011662301607429981
FR002071,0,0.007034221664071083
FR003871,0,0.008882967755198479
FR001036,0,0.003751494688913226
FR013177,0,0.0045061674900352955
FR005478,0,0.009456814266741276
FR013818,0,0.005068859551101923
FR012967,0,0.007185796275734901
FR012607,0,0.010955949313938618
FR012690,0,0.07216502726078033
FR016998,0,0.10215897113084793
FR013368,0,0.012008639983832836
FR006795,0,0.01759236305952072
FR016140,0,0.007954442873597145
FR010462,0,0.004199927672743797
FR015594,0,0.004061935003846884
FR015005,0,0.006980305537581444
FR010112,0,0.05261535197496414
FR007652,0,0.012208075262606144
FR010826,0,0.02156255953013897
FR008437,0,0.013881148770451546
FR019218,0,0.10989101231098175
FR008442,0,0.0054651596583426
FR009327,0,0.011456969194114208
FR005593,0,0.007241883780807257
FR010222,0,0.004231675993651152
FR005208,0,0.004300806671380997
FR015108,0,0.01870383881032467
FR000714,0,0.008187495172023773
FR016579,0,0.0037764464505016804
FR014241,0,0.011979353614151478
FR003404,0,0.004143873695284128
FR012427,0,0.02784675359725952
FR010553,0,0.005658424459397793
FR015410,0,0.003518175333738327
FR009383,0,0.005533262155950069
FR013861,0,0.005872571840882301
FR017375,0,0.008810292929410934
FR001748,0,0.003224398009479046
FR015708,0,0.0044197626411914825
FR017411,0,0.008102436549961567
FR011718,0,0.008372393436729908
FR004005,0,0.00470261974260211
FR008000,0,0.006289237644523382
FR006001,0,0.006197520066052675
FR012401,0,0.006091770716011524
FR019781,0,0.011144044809043407
FR017490,0,0.007806931156665087
FR008915,0,0.006091912277042866
FR019789,0,0.014443507418036461
FR016398,0,0.006053145509213209
FR015572,0,0.008243739604949951
FR006187,0,0.0038148637395352125
FR012730,0,0.0038421442732214928
FR006563,0,0.04264451563358307
FR010764,0,0.005031439941376448
FR017875,0,0.009967728517949581
FR003459,0,0.005551788490265608
FR016123,0,0.0036501623690128326
FR015130,0,0.005283751524984837
FR009514,0,0.009973159991204739
FR001734,0,0.002719638869166374
FR002519,0,0.005927865393459797
FR013238,0,0.00706715090200305
FR009096,0,0.03182012587785721
FR010652,0,0.12170295417308807
FR011765,0,0.013395356945693493
FR012604,0,0.010665575042366982
FR012528,0,0.011707714758813381
FR014016,0,0.007018126081675291
FR013713,0,0.025653818622231483
FR008446,0,0.007171967066824436
FR002776,0,0.014432379975914955
FR007780,0,0.021465178579092026
FR013293,0,0.0054743243381381035
FR000609,0,0.003560699988156557
FR015792,0,0.013184519484639168
FR004175,0,0.015603549778461456
FR002606,0,0.007301706355065107
FR004611,0,0.007366024423390627
FR005164,0,0.011195173487067223
FR000632,0,0.006195799447596073
FR000392,0,0.008470593020319939
FR012759,0,0.0164013784378767
FR017829,0,0.005054607056081295
FR019391,0,0.00737670436501503
FR007846,0,0.006834954954683781
FR007814,0,0.015771713107824326
FR018714,0,0.0034746788442134857
FR007128,0,0.019233940169215202
FR018709,0,0.006498325150460005
FR015712,0,0.008547651581466198
FR010382,0,0.03234398365020752
FR007756,0,0.007397620473057032
FR019079,0,0.010248708538711071
FR002006,0,0.007498079910874367
FR001401,0,0.0036506426986306906
FR008302,0,0.004313702695071697
FR015003,0,0.005561284255236387
FR008503,0,0.0063659315928816795
FR002392,0,0.004123559221625328
FR005241,0,0.061878472566604614
FR009859,0,0.023354526609182358
FR013142,0,0.007282620761543512
FR015732,0,0.01537346001714468
FR003522,0,0.005743612069636583
FR003851,0,0.004704756196588278
FR019657,0,0.022345324978232384
FR018393,0,0.014417607337236404
FR016890,0,0.006498395930975676
FR004369,0,0.01212033536285162
FR019880,0,0.012269039638340473
FR007771,0,0.0068822940811514854
FR000122,0,0.0023739710450172424
FR014342,0,0.016988517716526985
FR002499,0,0.05551351234316826
FR011253,0,0.0220613032579422
FR015728,0,0.017327217385172844
FR003596,0,0.004624657798558474
FR011717,0,0.004314882680773735
FR016553,0,0.009089438244700432
FR010001,0,0.006541331298649311
FR017725,0,0.020710520446300507
FR002926,0,0.004497677553445101
FR007291,0,0.0205684881657362
FR008515,0,0.006368580739945173
FR003218,0,0.0037745994050055742
FR015314,0,0.006386133376508951
FR016793,0,0.06179076060652733
FR011567,0,0.011367794126272202
FR009250,0,0.004265065770596266
FR013770,0,0.007181548047810793
FR008793,0,0.0037851177621632814
FR010370,0,0.0028250080067664385
FR014231,0,0.007352899294346571
FR014615,0,0.004854896571487188
FR008131,0,0.0029630232602357864
FR012506,0,0.0048099420964717865
FR000014,0,0.02368798851966858
FR008307,0,0.006228501442819834
FR002866,0,0.003674580715596676
FR012211,0,0.0027877897955477238
FR002924,0,0.007562822196632624
FR018670,0,0.021685240790247917
FR006704,0,0.031017521396279335
FR002559,1,0.6673122048377991
FR018634,0,0.004656523931771517
FR011449,0,0.025996368378400803
FR010071,0,0.007560392376035452
FR009191,0,0.03365751728415489
FR008584,0,0.00860194768756628
FR013320,0,0.003284888807684183
FR018087,0,0.012380857020616531
FR011361,0,0.01443716324865818
FR010812,0,0.013935979455709457
FR002357,0,0.0035362509079277515
FR015480,0,0.009598644450306892
FR016518,0,0.007298589684069157
FR017605,0,0.009331226348876953
FR017044,0,0.01564977504312992
FR001622,0,0.00395536795258522
FR017993,0,0.020423822104930878
FR006554,0,0.029521265998482704
FR005450,0,0.005064794328063726
FR014303,0,0.022677842527627945
FR018056,0,0.013548695482313633
FR014238,0,0.016612952575087547
FR006743,0,0.00824523251503706
FR017610,0,0.005532742477953434
FR005907,0,0.02383446879684925
FR015530,0,0.005766257178038359
FR008146,0,0.0033503882586956024
FR008470,0,0.008832614868879318
FR018730,0,0.009209069423377514
FR008316,0,0.009405078366398811
FR003142,0,0.02344999648630619
FR006793,0,0.01240813359618187
FR016656,0,0.0050344388000667095
FR016264,0,0.05492302030324936
FR004756,0,0.03223857656121254
FR010158,0,0.0054395562037825584
FR014410,0,0.004661262966692448
FR007409,0,0.006803521886467934
FR011715,0,0.011318081058561802
FR011101,0,0.002739696064963937
FR008392,1,0.017031844705343246
FR019951,0,0.01013140194118023
FR007452,0,0.02603171393275261
FR012821,0,0.00911013688892126
FR012796,0,0.026015477254986763
FR014802,1,0.005051588639616966
FR019330,0,0.004496052861213684
FR004050,0,0.009140192531049252
FR013103,0,0.003964312374591827
FR008662,0,0.0038501075468957424
FR019526,0,0.011437014676630497
FR001493,0,0.00648312596604228
FR006040,0,0.015006069093942642
FR013895,0,0.012915895320475101
FR006368,0,0.010942192748188972
FR011258,0,0.004783466458320618
FR007007,0,0.00991659052670002
FR011611,0,0.004804731346666813
FR008575,0,0.00634742109104991
FR000673,0,0.006097136996686459
FR014869,0,0.006275318097323179
FR013125,0,0.005647293757647276
FR013495,0,0.0059660435654222965
FR014479,0,0.00306404335424304
FR003931,0,0.0056225950829684734
FR003317,0,0.00728260725736618
FR012878,0,0.009633011184632778
FR015977,0,0.007563441060483456
FR007061,0,0.007817660458385944
FR003913,0,0.00695100286975503
FR010172,0,0.005538215395063162
FR009495,0,0.007386917248368263
FR001586,0,0.005464908666908741
FR001259,0,0.00515443691983819
FR003000,0,0.00754848076030612
FR019022,0,0.0044322628527879715
FR000053,0,0.012104417197406292
FR014083,0,0.005627727136015892
FR005620,0,0.052427347749471664
FR007245,0,0.006200301926583052
FR007905,0,0.009113305248320103
FR017904,1,0.006462824996560812
FR005617,0,0.013891694135963917
FR003943,0,0.004129353445023298
FR011954,0,0.08160380274057388
FR019834,0,0.009696952998638153
FR010166,0,0.016503501683473587
FR007367,0,0.0060677859000861645
FR007843,0,0.012987692840397358
FR014062,0,0.009057420305907726
FR015884,0,0.004864471033215523
FR011987,0,0.01307523250579834
FR012671,0,0.013506101444363594
FR019070,0,0.014072628691792488
FR017437,0,0.007045834790915251
FR008902,0,0.005626883823424578
FR016880,0,0.00989789143204689
FR014394,0,0.007091913837939501
FR008231,0,0.004187168087810278
FR014716,0,0.006353143602609634
FR011863,0,0.0754043236374855
FR007946,0,0.0037225678097456694
FR013063,0,0.011945324018597603
FR000859,0,0.0036087259650230408
FR003493,1,0.006201662588864565
FR003972,0,0.008851106278598309
FR017894,0,0.004629430361092091
FR000133,0,0.0109925651922822
FR013973,0,0.004564798437058926
FR004474,0,0.010604665614664555
FR000173,0,0.005230528302490711
FR009703,0,0.016783161088824272
FR016078,0,0.0053033786825835705
FR009039,0,0.009962586686015129
FR014460,0,0.002341475337743759
FR008500,0,0.006982897408306599
FR014841,0,0.006131100468337536
FR005206,0,0.048467934131622314
FR005918,0,0.008450607769191265
FR001935,0,0.009336994029581547
FR009923,0,0.008526724763214588
FR012755,0,0.004792271181941032
FR013772,0,0.0183423962444067
FR000259,0,0.010481704957783222
FR008965,0,0.005707465577870607
FR000351,0,0.006466963328421116
FR005141,0,0.014420798979699612
FR006245,0,0.006301837973296642
FR004721,0,0.006248482968658209
FR017322,0,0.007599357515573502
FR003303,0,0.006030017044395208
FR017319,0,0.10082610696554184
FR012123,0,0.006175813265144825
FR016850,0,0.018615981563925743
FR018030,0,0.03134577348828316
FR000712,0,0.00765444990247488
FR006547,0,0.016932914033532143
FR002121,0,0.006175547372549772
FR016223,0,0.01036547590047121
FR008456,0,0.13874229788780212
FR007776,0,0.008222674950957298
FR018309,0,0.012104889377951622
FR016446,0,0.00431008730083704
FR018252,0,0.01527218334376812
FR006703,0,0.031439125537872314
FR018239,0,0.008165032602846622
FR001540,0,0.007473446894437075
FR008160,0,0.005670133512467146
FR005904,0,0.006718408782035112
FR007834,0,0.01461272407323122
FR011187,0,0.005364428274333477
FR018859,0,0.007409113459289074
FR014465,0,0.012365293689072132
FR015520,0,0.003572452114894986
FR005888,0,0.010745476931333542
FR007822,0,0.0037995059974491596
FR008565,0,0.00471489317715168
FR015896,0,0.007809593342244625
FR003990,0,0.0060894908383488655
FR016405,0,0.006399878300726414
FR006138,0,0.005810619331896305
FR010583,0,0.003838754491880536
FR001196,0,0.0034827226772904396
FR019446,0,0.016951577737927437
FR011731,0,0.009638589806854725
FR009996,0,0.005879858508706093
FR006918,0,0.015535807237029076
FR019258,0,0.007782727014273405
FR011421,0,0.004944301210343838
FR000662,0,0.005015773698687553
FR017127,0,0.013647454790771008
FR004072,0,0.01292225532233715
FR002105,0,0.0059217484667897224
FR011725,0,0.008346186950802803
FR014406,0,0.006151590030640364
FR005883,0,0.007055793423205614
FR013642,0,0.003470189170911908
FR007913,0,0.005947693716734648
FR019467,0,0.0040540145710110664
FR001390,0,0.035731226205825806
FR004659,0,0.016855783760547638
FR017415,0,0.013518794439733028
FR009626,0,0.004497784189879894
FR009719,0,0.008885357528924942
FR014720,0,0.006740570068359375
FR005040,0,0.004381238482892513
FR013217,0,0.027776582166552544
FR011404,0,0.005030246451497078
FR009214,0,0.008454101160168648
FR017565,0,0.004773042630404234
FR019349,0,0.004858367145061493
FR010020,0,0.010874677449464798
FR018307,0,0.005395365413278341
FR013119,0,0.010094140656292439
FR008213,0,0.012736228294670582
FR017253,0,0.002485315315425396
FR018024,0,0.010016199201345444
FR011892,0,0.00561491446569562
FR008959,0,0.013214829377830029
FR008912,0,0.014286486431956291
FR006404,0,0.007908301427960396
FR003319,0,0.008457330986857414
FR000403,0,0.006622735410928726
FR001415,0,0.009550319984555244
FR011384,0,0.006156900431960821
FR014954,0,0.02259845659136772
FR001030,0,0.0041924817487597466
FR010305,0,0.006958306767046452
FR005287,0,0.013221229426562786
FR018292,0,0.007036569528281689
FR003663,0,0.011162104085087776
FR014251,0,0.00614269869402051
FR002078,0,0.020850369706749916
FR018162,0,0.005432863719761372
FR014591,0,0.0044898721389472485
FR005104,0,0.0048002623952925205
FR017895,0,0.011616513133049011
FR013546,0,0.014670634642243385
FR011654,1,0.008217419497668743
FR013191,0,0.017939483746886253
FR003712,0,0.012447795830667019
FR005510,0,0.007122487295418978
FR018213,0,0.007501129060983658
FR009526,0,0.015450882725417614
FR016075,0,0.005617750808596611
FR004438,0,0.0152590936049819
FR011394,0,0.010634921491146088
FR019236,0,0.0055724214762449265
FR010239,0,0.0049705845303833485
FR016896,0,0.004598001949489117
FR008398,0,0.004010369535535574
FR017460,0,0.020444123074412346
FR010055,0,0.010561729781329632
FR003531,0,0.00562151288613677
FR005558,0,0.008074347861111164
FR003846,0,0.010684862732887268
FR010755,0,0.11593159288167953
FR012685,0,0.004304553382098675
FR001574,0,0.011679340153932571
FR010276,0,0.0075179170817136765
FR004779,0,0.004056142643094063
FR008779,0,0.008681975305080414
FR000253,0,0.004239905625581741
FR004636,0,0.009152076207101345
FR006599,0,0.006465744227170944
FR013512,0,0.0054418654181063175
FR016241,0,0.014330879785120487
FR006989,0,0.005938022863119841
FR001595,0,0.0035184461157768965
FR001388,0,0.007186874281615019
FR003739,0,0.013756869360804558
FR010246,0,0.020152917131781578
FR002329,0,0.0062058609910309315
FR011641,0,0.024316396564245224
FR009130,0,0.004511015024036169
FR012226,0,0.011363133788108826
FR018090,0,0.0029320160392671824
FR001876,0,0.00622902438044548
FR017573,0,0.017366109415888786
FR003346,0,0.005372983403503895
FR010620,0,0.01899193599820137
FR017412,0,0.005388660356402397
FR015680,0,0.01081932708621025
FR015759,0,0.008468975313007832
FR003983,0,0.11264834553003311
FR001167,0,0.036505941301584244
FR001634,0,0.009920122101902962
FR002811,0,0.004311867989599705
FR011801,0,0.006311783101409674
FR003872,0,0.006753041408956051
FR018503,0,0.006561290007084608
FR014803,0,0.005830881651490927
FR005536,0,0.009493677876889706
FR015879,0,0.00803091935813427
FR003960,0,0.004984984174370766
FR008696,0,0.010965542867779732
FR019267,0,0.004787611309438944
FR018649,0,0.00817114021629095
FR017954,0,0.023579448461532593
FR002379,0,0.013213841244578362
FR009540,0,0.051598671823740005
FR007068,0,0.009023805148899555
FR013623,0,0.0036295196041464806
FR005228,0,0.005166316870599985
FR002467,0,0.007891652174293995
FR003138,0,0.004865498282015324
FR017064,0,0.0136558273807168
FR019481,0,0.005172120872884989
FR011018,0,0.010603879578411579
FR003828,0,0.004201814997941256
FR011172,0,0.0041761239990592
FR002476,0,0.00844996515661478
FR000327,0,0.012791374698281288
FR015656,0,0.007733844220638275
FR019371,0,0.011598395183682442
FR012090,0,0.006032324396073818
FR017664,0,0.006988993845880032
FR007023,0,0.024766668677330017
FR018784,0,0.012107918038964272
FR014567,0,0.004561776760965586
FR003090,0,0.0068740141578018665
FR017570,0,0.006372890900820494
FR008788,0,0.002813244005665183
FR010756,0,0.00331406039185822
FR013778,0,0.009659089148044586
FR002494,0,0.011726333759725094
FR006742,0,0.002841174602508545
FR009385,0,0.011652088724076748
FR015588,0,0.016834918409585953
FR003122,0,0.004109892062842846
FR012843,0,0.007051157299429178
FR000652,0,0.01241288986057043
FR011058,0,0.006927472073584795
FR008266,0,0.006566593889147043
FR014478,0,0.0040894136764109135
FR005121,0,0.004988033790141344
FR000110,0,0.0033345718402415514
FR007740,0,0.010959959588944912
FR019572,0,0.004284189082682133
FR012263,0,0.0058021084405481815
FR017213,0,0.02201957441866398
FR016053,0,0.00961032323539257
FR015400,0,0.022917862981557846
FR007978,0,0.007420656271278858
FR014994,0,0.007632051594555378
FR003740,0,0.012850681319832802
FR009087,0,0.016065867617726326
FR016380,0,0.004120930097997189
FR004542,0,0.00642988458275795
FR013487,0,0.031051835045218468
FR000473,0,0.0044186655431985855
FR008531,0,0.002757093869149685
FR018790,0,0.006294678431004286
FR019112,0,0.0066909585148096085
FR006789,0,0.05147780478000641
FR004136,0,0.007848165929317474
FR006805,0,0.08780112117528915
FR007150,0,0.007949993014335632
FR002508,0,0.004291183780878782
FR018349,0,0.004031662363559008
FR009070,0,0.006665381602942944
FR008646,0,0.029787959530949593
FR002242,0,0.030459284782409668
FR009270,0,0.003437221748754382
FR012497,0,0.01214147824794054
FR014708,0,0.012664765119552612
FR011468,0,0.011723395437002182
FR000353,0,0.006553132552653551
FR016427,0,0.008323587477207184
FR015609,0,0.010406585410237312
FR007477,0,0.06385701894760132
FR011751,0,0.004517321474850178
FR000463,0,0.004131954628974199
FR002516,0,0.004912239499390125
FR005310,0,0.009675022214651108
FR009100,0,0.21205900609493256
FR012713,0,0.005173755344003439
FR001913,0,0.008344955742359161
FR009941,0,0.0038252430967986584
FR011924,0,0.006183002609759569
FR019661,0,0.0032573274802416563
FR002388,0,0.0034386413171887398
FR007918,0,0.011276770383119583
FR001810,0,0.003341830102726817
FR003213,0,0.006150799337774515
FR016028,0,0.005566777195781469
FR016916,0,0.004077020566910505
FR012639,0,0.01327291876077652
FR007097,0,0.013823633082211018
FR006095,0,0.02273549698293209
FR005684,0,0.0032448098063468933
FR001264,0,0.006480982527136803
FR005502,0,0.017667463049292564
FR001235,0,0.02109481394290924
FR008443,0,0.010035139508545399
FR014873,0,0.011787408962845802
FR014871,0,0.009439490735530853
FR006355,0,0.006958181969821453
FR015253,0,0.004292779136449099
FR018988,0,0.011269988492131233
FR015052,0,0.010283268056809902
FR017465,0,0.004723132587969303
FR013064,0,0.004056525882333517
FR008571,0,0.030251620337367058
FR008328,0,0.009607465006411076
FR013822,0,0.09904138743877411
FR012854,0,0.005052597727626562
FR016984,0,0.008665133267641068
FR014596,0,0.012610513716936111
FR000219,0,0.006874609738588333
FR015834,0,0.006692610215395689
FR014793,0,0.036199603229761124
FR002212,0,0.016252551227808
FR015804,0,0.02245212160050869
FR009608,0,0.004384192638099194
FR002739,0,0.0035175634548068047
FR013181,0,0.008190644904971123
FR006505,0,0.01491188257932663
FR017084,0,0.011683612130582333
FR001033,0,0.004084648564457893
FR001166,0,0.009060395881533623
FR014271,0,0.08830932527780533
FR004179,0,0.006819441448897123
FR015809,0,0.0077847670763731
FR015878,0,0.0040482887998223305
FR007323,0,0.018996061757206917
FR013938,0,0.004443293437361717
FR015761,0,0.007893235422670841
FR002455,0,0.004719079006463289
FR018074,0,0.01864592358469963
FR010752,0,0.00746432039886713
FR005084,0,0.007319756783545017
FR015622,0,0.010783432982861996
FR011489,0,0.01550445519387722
FR006166,0,0.0037165882531553507
FR016550,0,0.0065614297054708
FR012582,0,0.010240294970571995
FR018268,0,0.009606997482478619
FR001094,0,0.005262055434286594
FR014838,0,0.013521688058972359
FR019623,0,0.45311397314071655
FR009339,0,0.004539418499916792
FR000185,0,0.022321011871099472
FR012317,0,0.011070150882005692
FR008711,0,0.011552457697689533
FR005940,0,0.007434919010847807
FR013633,0,0.010273760184645653
FR006178,0,0.005032876972109079
FR005011,0,0.006601384840905666
FR019529,0,0.013991477899253368
FR004489,0,0.0025545014068484306
FR009074,0,0.00815433170646429
FR004304,0,0.013445226475596428
FR018865,0,0.0037101705092936754
FR000696,0,0.010525916703045368
FR018427,0,0.009900563396513462
FR002251,0,0.02124415896832943
FR000944,0,0.006731311324983835
FR000805,0,0.01257792953401804
FR005101,0,0.005531040020287037
FR015469,1,0.0301996897906065
FR013174,0,0.00830721016973257
FR012721,0,0.0050941407680511475
FR005583,0,0.01591254398226738
FR004961,0,0.011555545963346958
FR015945,0,0.008097443729639053
FR009674,0,0.012091657146811485
FR017822,0,0.0023984131403267384
FR008705,0,0.004010428674519062
FR018950,0,0.009674577973783016
FR017673,0,0.02427527867257595
FR001968,0,0.04047746583819389
FR017406,0,0.013545414432883263
FR007410,0,0.009346834383904934
FR012036,0,0.006384499371051788
FR018137,0,0.024675101041793823
FR006841,0,0.005940604489296675
FR015605,0,0.011612478643655777
FR001228,0,0.013054044917225838
FR019492,0,0.01241383794695139
FR011374,0,0.004867348354309797
FR004075,0,0.012387441471219063
FR015182,0,0.011821072548627853
FR002217,0,0.007424868177622557
FR012660,0,0.013776084408164024
FR007435,0,0.02222542278468609
FR019226,0,0.00433956878259778
FR003725,0,0.004978933371603489
FR019507,0,0.00843073334544897
FR019916,0,0.011935860849916935
FR003591,0,0.003916681744158268
FR005336,0,0.007007530424743891
FR012027,0,0.006100570783019066
FR013308,0,0.007102250121533871
FR014229,0,0.010037777945399284
FR005801,0,0.00553636671975255
FR019219,0,0.004667392931878567
FR018762,0,0.003285085316747427
FR005293,0,0.006578306667506695
FR018621,0,0.002812559250742197
FR013272,0,0.008520188741385937
FR005616,0,0.008937612175941467
FR007569,0,0.020678389817476273
FR007730,0,0.010654752142727375
FR002445,0,0.00831088051199913
FR019479,0,0.007201597560197115
FR007770,0,0.00702267000451684
FR016455,0,0.005010714754462242
FR007844,0,0.010561126284301281
FR016080,0,0.0030113868415355682
FR007279,0,0.004967540968209505
FR004445,0,0.04358401894569397
FR009137,0,0.0247625932097435
FR019775,0,0.007627592422068119
FR006565,0,0.0055418857373297215
FR016068,0,0.012948043644428253
FR002051,0,0.004876586142927408
FR015928,0,0.007828926667571068
FR009132,0,0.008619679138064384
FR013703,0,0.003313296241685748
FR004873,0,0.003369077341631055
FR010162,0,0.007174185011535883
FR001346,0,0.020591266453266144
FR001853,0,0.0030126969795674086
FR007870,0,0.04055332764983177
FR000570,0,0.016079064458608627
FR011417,0,0.004048514179885387
FR012012,0,0.006406357977539301
FR008052,0,0.009441354312002659
FR003790,0,0.017253195866942406
FR008812,0,0.004591722972691059
FR013388,0,0.006484923418611288
FR016397,0,0.006781191099435091
FR010440,0,0.007395624183118343
FR017455,0,0.00740067707374692
FR008225,0,0.008475616574287415
FR005209,0,0.006479073315858841
FR015458,0,0.012799673713743687
FR015054,0,0.010424843989312649
FR017795,0,0.007825445383787155
FR011696,0,0.007417948450893164
FR006574,0,0.010943147353827953
FR019109,0,0.01782500557601452
FR006263,0,0.012626792304217815
FR011516,0,0.036807384341955185
FR013678,0,0.06563091278076172
FR017779,0,0.019552767276763916
FR009181,0,0.014064684510231018
FR015062,0,0.015946397557854652
FR019939,0,0.009221195243299007
FR008666,0,0.008903469890356064
FR002088,0,0.008725651539862156
FR015952,0,0.005217546131461859
FR011011,0,0.020582787692546844
FR017074,0,0.010530591942369938
FR018850,0,0.008285706862807274
FR015595,0,0.004289647564291954
FR011276,0,0.019087258726358414
FR003129,0,0.006695843767374754
FR006804,0,0.006313272751867771
FR009604,0,0.004939370322972536
FR014512,0,0.009029806591570377
FR001224,0,0.04962858930230141
FR012706,0,0.019475901499390602
FR011092,0,0.008312424644827843
FR006131,0,0.024687262251973152
FR005592,0,0.005033194553107023
FR004829,0,0.005946664605289698
FR016381,0,0.022892143577337265
FR004272,0,0.016143199056386948
FR010636,0,0.005917342845350504
FR007184,0,0.004121893085539341
FR019119,1,0.13380911946296692
FR004471,0,0.009524591267108917
FR014697,0,0.009946203790605068
FR014113,0,0.016177693381905556
FR006467,0,0.16432985663414001
FR019087,0,0.01297082006931305
FR008534,0,0.019746171310544014
FR001077,0,0.004615566693246365
FR006702,0,0.005307107698172331
FR017743,0,0.008823527954518795
FR014663,0,0.007226466201245785
FR003850,0,0.003991002682596445
FR014655,0,0.011358195915818214
FR002998,0,0.012317697517573833
FR005818,0,0.03564485162496567
FR002325,0,0.0032153900247067213
FR005802,0,0.010563010349869728
FR014578,0,0.03069755807518959
FR014939,0,0.007500298321247101
FR013221,0,0.006695546209812164
FR013603,0,0.00608395179733634
FR000684,0,0.007997749373316765
FR007992,0,0.00391318928450346
FR019491,0,0.031881753355264664
FR005294,0,0.02098393626511097
FR017226,0,0.005418462213128805
FR001838,0,0.0036784792318940163
FR015951,0,0.05314048007130623
FR009049,0,0.023976068943738937
FR017396,0,0.0075132157653570175
FR012757,0,0.0059071979485452175
FR018922,0,0.009777170605957508
FR015243,0,0.002985095838084817
FR007460,0,0.007008392829447985
FR011252,0,0.012569718062877655
FR013210,0,0.004259988199919462
FR012340,0,0.0057950327172875404
FR001863,0,0.037011269479990005
FR007808,0,0.007712217979133129
FR008176,0,0.00849182903766632
FR007686,0,0.004751292988657951
FR017107,0,0.006504605524241924
FR013535,0,0.006094641052186489
FR015329,0,0.0356740728020668
FR019355,0,0.010293789207935333
FR000516,0,0.008975358679890633
FR011984,0,0.009564461186528206
FR016475,0,0.009509752504527569
FR005964,0,0.0031496973242610693
FR013274,0,0.005471300799399614
FR002593,0,0.08361370116472244
FR019516,0,0.02441398613154888
FR010721,0,0.004893272649496794
FR016977,0,0.012347050942480564
FR000818,1,0.010332929901778698
FR008494,0,0.004831312689930201
FR004585,0,0.005408197641372681
FR004694,0,0.03784582018852234
FR013992,0,0.00883801095187664
FR005761,0,0.0031778626143932343
FR009265,0,0.05710088461637497
FR016432,0,0.09074558317661285
FR010241,0,0.06175743415951729
FR015535,0,0.004395530093461275
FR000162,0,0.003328882623463869
FR002910,0,0.0059198904782533646
FR005774,0,0.00798507034778595
FR011364,1,0.005448483861982822
FR006118,0,0.11260279268026352
FR015860,0,0.02684173360466957
FR009950,0,0.016438443213701248
FR006175,0,0.014916407875716686
FR013832,0,0.015963967889547348
FR006150,0,0.02456575073301792
FR014423,0,0.005685203243046999
FR017447,0,0.05601748079061508
FR005486,0,0.019044332206249237
FR003950,0,0.011674459092319012
FR002439,0,0.012400317005813122
FR017915,0,0.0029487255960702896
FR002170,0,0.012094351463019848
FR003709,0,0.11475056409835815
FR002296,0,0.006814747117459774
FR010655,0,0.0410342700779438
FR012313,0,0.010089391842484474
FR012260,0,0.038991015404462814
FR005565,0,0.022718645632267
FR009392,0,0.002011676086112857
FR012425,0,0.009350094012916088
FR001393,0,0.00755357276648283
FR018340,0,0.013675610534846783
FR010998,0,0.007874463684856892
FR019414,0,0.0037512648850679398
FR017122,0,0.01153718400746584
FR013237,0,0.0068837739527225494
FR008076,0,0.005906161852180958
FR013996,0,0.008144399151206017
FR013965,0,0.031065508723258972
FR005159,0,0.003419281914830208
FR014011,0,0.006648433394730091
FR016277,0,0.005468408577144146
FR016009,0,0.01045756321400404
FR015460,0,0.008879782631993294
FR003602,0,0.018137110397219658
FR005460,0,0.006844548974186182
FR019091,0,0.03926515206694603
FR019506,0,0.005470939911901951
FR001017,0,0.006320045795291662
FR002236,0,0.045047327876091
FR010981,0,0.005786097142845392
FR003729,0,0.007294607348740101
FR007922,0,0.00821429118514061
FR015766,0,0.006291940808296204
FR017383,0,0.0034554225858300924
FR003187,0,0.014452096074819565
FR016524,0,0.008285910822451115
FR009660,0,0.009432841092348099
FR017985,0,0.03460897505283356
FR002262,0,0.003966727294027805
FR018007,0,0.007925082929432392
FR012984,0,0.09023354202508926
FR019088,0,0.0071686203591525555
FR003562,0,0.006292662583291531
FR016779,0,0.017749562859535217
FR018532,0,0.005688878707587719
FR015328,0,0.004922797903418541
FR014862,0,0.012938357889652252
FR004782,0,0.006797045934945345
FR009773,0,0.003120987443253398
FR001702,1,0.06917068362236023
FR005152,0,0.006600440014153719
FR010920,0,0.005415312014520168
FR015295,0,0.012426195666193962
FR019614,0,0.02398262545466423
FR004772,0,0.012399003840982914
FR010719,0,0.005042769480496645
FR004992,0,0.004645963199436665
FR016869,0,0.020884770900011063
FR011303,0,0.006891063880175352
FR018656,0,0.01055446732789278
FR013650,0,0.006833980325609446
FR010077,0,0.009526287205517292
FR011931,0,0.006163013633340597
FR015597,0,0.004354748409241438
FR012677,0,0.01639467105269432
FR012610,0,0.049592383205890656
FR003667,0,0.007967737503349781
FR011412,0,0.004151736386120319
FR012729,0,0.006363552529364824
FR014250,0,0.007186857983469963
FR001771,0,0.013647402636706829
FR009730,0,0.0046457890421152115
FR001333,0,0.019640933722257614
FR018543,0,0.008614159189164639
FR007693,0,0.006152068264782429
FR015134,0,0.011517385020852089
FR000134,0,0.006966879591345787
FR019719,0,0.0028748835902661085
FR001165,0,0.00568102952092886
FR019266,0,0.0052223349921405315
FR002008,0,0.006458206567913294
FR015133,0,0.007232298608869314
FR002228,0,0.007034354377537966
FR000128,0,0.012486601248383522
FR002656,0,0.0037019429728388786
FR015175,0,0.012509004212915897
FR000227,0,0.004435746464878321
FR013621,0,0.005649285856634378
FR006606,0,0.009236895479261875
FR005263,0,0.036410845816135406
FR006170,0,0.02043836936354637
FR004549,0,0.024135924875736237
FR000493,0,0.0049460516311228275
FR017418,0,0.004946176428347826
FR007199,1,0.038090236485004425
FR005685,0,0.005894554778933525
FR019733,0,0.0041883173398673534
FR003681,0,0.006288188975304365
FR003674,0,0.004479377064853907
FR017746,0,0.034105584025382996
FR002726,0,0.028208483010530472
FR016806,0,0.007620435208082199
FR003657,0,0.014564117416739464
FR019583,0,0.005874676629900932
FR016374,0,0.003310743486508727
FR016747,0,0.019611334428191185
FR012740,0,0.006185642909258604
FR011973,0,0.02171076275408268
FR014367,0,0.0032921561505645514
FR017391,0,0.009186429902911186
FR001240,0,0.02704731747508049
FR005428,0,0.006603836547583342
FR019589,0,0.00427395710721612
FR019160,0,0.005995656363666058
FR005948,0,0.007143259048461914
FR005648,0,0.02125580422580242
FR003401,0,0.007905884645879269
FR014069,0,0.0069624800235033035
FR008168,0,0.004862883593887091
FR001025,0,0.013124093413352966
FR009952,0,0.005313800647854805
FR014212,0,0.0038595099467784166
FR007165,0,0.009106375277042389
FR006090,0,0.04195550084114075
FR008761,0,0.004790440667420626
FR010430,0,0.024141862988471985
FR004037,0,0.0052266670390963554
FR002013,0,0.006906467489898205
FR008186,0,0.014721543528139591
FR003761,0,0.01291385293006897
FR011379,0,0.009980437345802784
FR011929,0,0.004734286107122898
FR007348,0,0.0069739557802677155
FR001985,0,0.0055934167467057705
FR011476,0,0.024408522993326187
FR016983,0,0.007839827798306942
FR013749,0,0.15945717692375183
FR001660,0,0.004547633230686188
FR000017,0,0.08429954200983047
FR002659,0,0.003048575483262539
FR003766,0,0.003199587808921933
FR008547,0,0.006205257959663868
FR015381,0,0.00907231867313385
FR011203,0,0.004820217378437519
FR005146,0,0.010325560346245766
FR016567,0,0.0031540915369987488
FR010476,0,0.0056175054050982
FR009103,0,0.006059911102056503
FR009144,0,0.006344540510326624
FR004082,0,0.004791488870978355
FR007439,0,0.010460504330694675
FR006993,0,0.0043747201561927795
FR018638,0,0.0047761243768036366
FR009575,0,0.013601725921034813
FR016323,0,0.021772542968392372
FR007817,0,0.02137639746069908
FR003769,0,0.004426906351000071
FR014649,0,0.017785562202334404
FR012216,0,0.0062631117179989815
FR006194,0,0.005616061855107546
FR016742,0,0.004105864092707634
FR003442,0,0.003839956596493721
FR014770,0,0.005241598002612591
FR018689,0,0.006746775936335325
FR009562,0,0.0073947180062532425
FR006129,0,0.009795187041163445
FR016122,0,0.005236878991127014
FR013853,0,0.6969937086105347
FR002103,0,0.01206345297396183
FR007826,0,0.009847331792116165
FR014804,0,0.01019766554236412
FR009329,0,0.007867641746997833
FR017030,0,0.006421430502086878
FR019680,0,0.011083370074629784
FR012173,0,0.008078508079051971
FR010052,0,0.03166141360998154
FR015811,0,0.004634224809706211
FR005935,0,0.005487920716404915
FR017566,0,0.004279891029000282
FR000628,0,0.004637853242456913
FR014666,0,0.004262167029082775
FR017975,0,0.005525055341422558
FR008527,0,0.012697373516857624
FR014898,0,0.006629122421145439
FR019918,0,0.007309684529900551
FR006749,0,0.004824496805667877
FR015891,0,0.014880324713885784
FR007273,0,0.02428751438856125
FR009797,0,0.005986594595015049
FR017600,0,0.0371873714029789
FR005190,0,0.005601979326456785
FR019482,0,0.053166382014751434
FR000536,0,0.005125586409121752
FR007125,0,0.010433840565383434
FR017827,0,0.004063573200255632
FR002781,0,0.004279177635908127
FR006398,0,0.004995465744286776
FR017712,0,0.042442433536052704
FR009968,0,0.006315878592431545
FR019700,0,0.006621298845857382
FR010195,0,0.013500536791980267
FR016287,0,0.006140888202935457
FR000191,0,0.0156935416162014
FR002243,0,0.006105705630034208
FR014052,0,0.015833958983421326
FR018982,0,0.007034161128103733
FR017802,0,0.05826340988278389
FR013563,0,0.011424422264099121
FR002617,0,0.006732771638780832
FR003198,0,0.027711212635040283
FR019932,0,0.00311552407220006
FR010274,0,0.0040387948974967
FR017366,0,0.011655113659799099
FR018060,0,0.010142252780497074
FR011777,0,0.006282574962824583
FR010878,0,0.006241072900593281
FR008165,0,0.005283047445118427
FR000627,0,0.009549236856400967
FR006609,0,0.03352077677845955
FR016588,0,0.00667964480817318
FR001330,0,0.015436330810189247
FR002420,0,0.00861441157758236
FR002081,0,0.01675741747021675
FR004802,0,0.026841552928090096
FR008632,0,0.020687883719801903
FR010699,0,0.015260103158652782
FR013744,0,0.013315602205693722
FR002546,0,0.0067357951775193214
FR017723,0,0.017353607341647148
FR014588,0,0.01225071121007204
FR003933,0,0.014630964957177639
FR002034,0,0.012241390533745289
FR011684,0,0.0061416421085596085
FR018738,0,0.004548121243715286
FR015299,0,0.015028286725282669
FR006734,0,0.008899234235286713
FR018847,0,0.018070317804813385
FR003896,0,0.00639405008405447
FR000619,0,0.007144486997276545
FR005091,0,0.004309463314712048
FR008451,0,0.00724883284419775
FR015788,0,0.02757999300956726
FR019436,0,0.008611955679953098
FR013121,0,0.015309302136301994
FR019590,0,0.005504022352397442
FR002278,0,0.012239297851920128
FR007797,0,0.024310214444994926
FR009419,0,0.00843802746385336
FR019193,0,0.03649018704891205
FR011737,0,0.029388930648565292
FR006389,0,0.00434120511636138
FR014693,0,0.003821213264018297
FR009684,0,0.016341930255293846
FR005680,0,0.005411271471530199
FR014664,0,0.05088287219405174
FR019559,0,0.0020360355265438557
FR017170,1,0.0036480817943811417
FR016844,0,0.006841926835477352
FR014529,0,0.009172802790999413
FR017858,0,0.021454133093357086
FR014498,0,0.011671038344502449
FR012257,0,0.006507206708192825
FR016886,0,0.010077220387756824
FR015422,0,0.008955886587500572
FR000592,0,0.007695338223129511
FR003212,0,0.005688919220119715
FR011635,0,0.00607938040047884
FR003742,0,0.004065690562129021
FR008051,0,0.003839646466076374
FR012996,0,0.005885020364075899
FR001746,0,0.07342859357595444
FR008089,0,0.004094450268894434
FR004763,0,0.004817318171262741
FR003565,0,0.00653517059981823
FR016662,0,0.016473064199090004
FR019493,0,0.005218298640102148
FR015770,0,0.01983407326042652
FR017103,0,0.03569673374295235
FR010283,0,0.005144326016306877
FR007137,1,0.016530299559235573
FR007793,0,0.0070093655958771706
FR010782,0,0.0048403008840978146
FR019361,0,0.02468261867761612
FR003968,0,0.015123787336051464
FR014075,0,0.022126413881778717
FR003324,0,0.003938791807740927
FR015643,0,0.006217366550117731
FR011687,0,0.01096708420664072
FR007126,0,0.026696257293224335
FR003144,0,0.003647284582257271
FR015185,0,0.008495261892676353
FR004692,0,0.018091917037963867
FR012718,0,0.004915979690849781
FR018020,0,0.0035503709223121405
FR013353,0,0.010831024497747421
FR015718,0,0.0041100094094872475
FR011180,0,0.00403097877278924
FR002161,0,0.012841255404055119
FR009765,0,0.0033003007993102074
FR002853,0,0.014855502173304558
FR016951,0,0.006285879760980606
FR008676,0,0.012176712974905968
FR010148,1,0.005597351118922234
FR019853,1,0.0793304592370987
FR004071,0,0.009235560894012451
FR009407,0,0.009117440320551395
FR019891,0,0.03213280439376831
FR014180,1,0.004068870097398758
FR019996,0,0.011316928081214428
FR009017,0,0.008522460237145424
FR016230,0,0.004729286767542362
FR010747,0,0.026596970856189728
FR016801,0,0.010951893404126167
FR000548,0,0.07632458955049515
FR003097,0,0.0037737549282610416
FR012536,0,0.0250608678907156
FR005385,0,0.006147297099232674
FR015038,0,0.01099969632923603
FR006938,0,0.0040434603579342365
FR007109,0,0.003770563518628478
FR019039,0,0.005004026927053928
FR003247,0,0.00788637064397335
FR013953,0,0.005129283759742975
FR001338,0,0.013142294250428677
FR012826,0,0.005487457849085331
FR008037,0,0.0052720606327056885
FR015125,0,0.016636542975902557
FR011736,0,0.009924233891069889
FR007498,0,0.057835549116134644
FR008980,0,0.008921264670789242
FR019593,0,0.007524438202381134
FR006071,0,0.025325514376163483
FR008566,0,0.005746512673795223
FR019971,0,0.007517607416957617
FR007210,0,0.006611301563680172
FR014107,0,0.014682654291391373
FR018674,0,0.007833639159798622
FR002733,0,0.01183321513235569
FR010441,0,0.012061374261975288
FR019483,0,0.005487215705215931
FR017548,0,0.009407522156834602
FR013640,0,0.01130556408315897
FR010387,0,0.009003249928355217
FR019259,0,0.044898759573698044
FR010259,0,0.004271022044122219
FR010130,0,0.008422179147601128
FR002888,0,0.020785240456461906
FR008171,0,0.012188591994345188
FR005479,0,0.006289803888648748
FR003223,0,0.010552470572292805
FR002740,0,0.010574194602668285
FR001806,0,0.03417675197124481
FR013725,0,0.02128315530717373
FR000634,0,0.005229290574789047
FR009150,0,0.002263396978378296
FR010347,0,0.01333429105579853
FR016347,0,0.0067708734422922134
FR007915,0,0.007051451597362757
FR012619,0,0.012821346521377563
FR018805,0,0.004932564217597246
FR006590,0,0.0037560954224318266
FR001911,0,0.007313293870538473
FR003067,0,0.0034267727751284838
FR016971,0,0.008894205093383789
FR013474,0,0.025290250778198242
FR001903,0,0.009837117977440357
FR017938,0,0.007030382286757231
FR018727,0,0.008251426741480827
FR012770,0,0.22459349036216736
FR018693,0,0.004776484798640013
FR012985,0,0.026972496882081032
FR017905,0,0.005943370517343283
FR019399,0,0.05846669152379036
FR002284,0,0.008426365442574024
FR000220,0,0.007550588808953762
FR002348,0,0.023328959941864014
FR003995,0,0.0038653274532407522
FR000581,0,0.024296114221215248
FR019861,0,0.005284661892801523
FR011073,0,0.02146916836500168
FR012182,0,0.003937439527362585
FR014985,0,0.003927049692720175
FR012787,0,0.024205651134252548
FR012765,0,0.025088755413889885
FR019762,0,0.02407907135784626
FR007963,0,0.06379637122154236
FR012315,0,0.005902467295527458
FR014058,0,0.004418684635311365
FR019862,0,0.010246247053146362
FR012884,0,0.010561356320977211
FR004661,0,0.03025500848889351
FR002308,0,0.003642466850578785
FR001502,0,0.003669751575216651
FR015029,0,0.007604551967233419
FR007281,0,0.004518161993473768
FR009718,0,0.011706948280334473
FR009902,0,0.0056600854732096195
FR015514,0,0.005307097919285297
FR019021,0,0.009784236550331116
FR004924,1,0.7153523564338684
FR007034,0,0.008568977937102318
FR007631,0,0.016462260857224464
FR012812,0,0.004847716074436903
FR004907,0,0.0224516112357378
FR015565,0,0.007419753819704056
FR004697,0,0.0049212914891541
FR015104,0,0.0060121300630271435
FR000296,0,0.0038030995056033134
FR003589,0,0.06984467804431915
FR019085,0,0.004077268298715353
FR012083,0,0.027995217591524124
FR006307,0,0.0077493926510214806
FR004010,0,0.0035114730708301067
FR015341,0,0.0048502772115170956
FR011837,0,0.023860497400164604
FR015943,0,0.007992798462510109
FR005853,0,0.006042513996362686
FR011472,0,0.010802768170833588
FR005694,0,0.006227486301213503
FR001384,0,0.0055163404904305935
FR010371,0,0.0049132369458675385
FR003815,0,0.0041353171691298485
FR018611,0,0.009911470115184784
FR015049,0,0.027450021356344223
FR004556,0,0.04661957547068596
FR016291,0,0.01750745065510273
FR006765,0,0.0067511931993067265
FR001522,0,0.03168981149792671
FR011645,0,0.012349691241979599
FR012742,0,0.03615656495094299
FR008190,0,0.0036234031431376934
FR005929,0,0.008184924721717834
FR008305,0,0.005993528291583061
FR001851,0,0.00958880316466093
FR014710,0,0.012602606788277626
FR015738,0,0.0038905164692550898
FR003852,0,0.004537932109087706
FR004435,0,0.0061635831370949745
FR003325,0,0.00681539298966527
FR001106,0,0.055644791573286057
FR011234,0,0.0068132695741951466
FR000143,0,0.011807210743427277
FR013686,0,0.004294406156986952
FR002907,0,0.010441671125590801
FR002536,0,0.015613784082233906
FR010646,0,0.004371323622763157
FR002302,0,0.004346315283328295
FR005231,0,0.02181951142847538
FR018106,1,0.1220124140381813
FR015948,0,0.02710246853530407
FR015094,0,0.004665051586925983
FR001426,0,0.0047859507612884045
FR018251,0,0.005898862145841122
FR016104,0,0.01161925122141838
FR009565,0,0.00528230844065547
FR017923,0,0.040257107466459274
FR004840,0,0.005317680537700653
FR016064,0,0.012952689081430435
FR016542,0,0.0042554354295134544
FR002804,0,0.005785060580819845
FR009887,0,0.05777338892221451
FR019633,0,0.018965497612953186
FR003194,0,0.02000025473535061
FR000689,0,0.0038579923566430807
FR016932,0,0.010883811861276627
FR003886,0,0.00395949138328433
FR013602,0,0.006136658135801554
FR010865,0,0.014534697867929935
FR016576,0,0.004967960063368082
FR014961,0,0.018640048801898956
FR003765,0,0.0044782436452806
FR005545,0,0.009149857796728611
FR011532,0,0.10395718365907669
FR017001,0,0.005719541572034359
FR009708,0,0.01791006326675415
FR012270,0,0.0072233472019433975
FR003361,0,0.012237412855029106
FR001361,0,0.0038783112540841103
FR008777,0,0.004490765277296305
FR012514,0,0.007635121699422598
FR001551,0,0.031890615820884705
FR000731,0,0.004995326045900583
FR019068,0,0.0026386494282633066
FR000830,0,0.009529180824756622
FR014057,0,0.008471834473311901
FR016220,0,0.011258045211434364
FR017674,0,0.008834360167384148
FR003162,0,0.03324300795793533
FR004525,0,0.004743441008031368
FR009375,0,0.006471214350312948
FR010567,0,0.012508491985499859
FR014339,0,0.010084686800837517
FR012054,0,0.01615670695900917
FR012515,0,0.04284750297665596
FR011797,0,0.016987301409244537
FR008831,0,0.005952569656074047
FR010288,0,0.004003834445029497
FR008069,0,0.0048037259839475155
FR015726,0,0.005790869239717722
FR005481,0,0.005223561078310013
FR018943,0,0.021157676354050636
FR000033,0,0.010372825898230076
FR017798,0,0.011491464450955391
FR018969,0,0.006824882235378027
FR014931,0,0.0030783405527472496
FR019363,0,0.005350026302039623
FR017051,0,0.022618038579821587
FR019162,1,0.025191087275743484
FR005139,0,0.0057290405966341496
FR009316,0,0.030045371502637863
FR016007,0,0.006355700083076954
FR015649,0,0.0064592440612614155
FR016884,0,0.007758377585560083
FR015694,0,0.008250938728451729
FR014521,0,0.006091190502047539
FR003085,0,0.009345978498458862
FR000487,0,0.005128181539475918
FR016476,0,0.012745823711156845
FR016473,0,0.002574888989329338
FR000826,0,0.00851757824420929
FR010268,0,0.005723912268877029
FR010767,0,0.0040816389955580235
FR001921,0,0.013155750930309296
FR017261,0,0.003889958607032895
FR010687,0,0.013966088183224201
FR017335,0,0.00855051726102829
FR017149,0,0.004971527960151434
FR016283,0,0.004624465014785528
FR015805,0,0.004234795458614826
FR010945,0,0.007259921170771122
FR019374,0,0.0032699177972972393
FR002743,0,0.0060627576895058155
FR002123,0,0.015158087946474552
FR015374,0,0.015714658424258232
FR011534,0,0.022723840549588203
FR012278,0,0.004024427384138107
FR009584,0,0.037712953984737396
FR018906,0,0.022026028484106064
FR010632,0,0.030184442177414894
FR016813,0,0.003683631308376789
FR011980,0,0.007273911498486996
FR013787,0,0.0250825397670269
FR001559,0,0.007229443173855543
FR000887,0,0.004573556128889322
FR000440,0,0.06297779828310013
FR009145,0,0.009544421918690205
FR015558,0,0.019266195595264435
FR002666,0,0.06801159679889679
FR000905,0,0.0032979489769786596
FR000102,0,0.006976280827075243
FR014187,0,0.013466368429362774
FR003440,0,0.02892272360622883
FR008908,0,0.003289835061877966
FR004191,0,0.04725801199674606
FR002323,0,0.1112046018242836
FR017907,0,0.0054111480712890625
FR017703,0,0.02214513160288334
FR012499,0,0.004928199108690023
FR017291,0,0.0075851306319236755
FR010414,0,0.008635217323899269
FR010132,0,0.004695478826761246
FR009366,0,0.005843441933393478
FR019787,0,0.02349579893052578
FR007446,0,0.008435948751866817
FR004147,0,0.010308587923645973
FR010364,0,0.042646653950214386
FR002918,0,0.011846979148685932
FR005360,0,0.025840505957603455
FR012052,0,0.008393948897719383
FR003568,0,0.005013254005461931
FR010196,0,0.006685098633170128
FR008087,0,0.013178527355194092
FR003894,0,0.008543486706912518
FR014796,0,0.004736609756946564
FR019075,0,0.003624529344961047
FR018264,0,0.004151293076574802
FR006494,0,0.005950132850557566
FR014386,0,0.04153713583946228
FR014644,0,0.0059973131865262985
FR005315,0,0.11536488682031631
FR017007,0,0.006351091433316469
FR017643,0,0.0194536279886961
FR014999,0,0.00456288130953908
FR012566,0,0.016676733270287514
FR005676,0,0.005264197010546923
FR000937,0,0.006168182473629713
FR017968,0,0.010624716058373451
FR016483,0,0.017268596217036247
FR009434,0,0.00493395933881402
FR008932,0,0.007032995577901602
FR005671,0,0.012256309390068054
FR009387,0,0.006044846028089523
FR003530,0,0.00413959426805377
FR015236,0,0.007941505871713161
FR015819,0,0.003798453835770488
FR000466,0,0.002936281729489565
FR018968,0,0.005537411663681269
FR019095,0,0.015251006931066513
FR012151,0,0.03736395016312599
FR018441,0,0.0024561360478401184
FR002822,0,0.009672033600509167
FR017521,0,0.005175866186618805
FR012676,0,0.005701866932213306
FR006549,0,0.052899282425642014
FR017198,0,0.003201043698936701
FR012142,0,0.021406179293990135
FR008602,0,0.005925395525991917
FR011791,0,0.028711119666695595
FR008024,0,0.10054697096347809
FR014255,0,0.0054315729066729546
FR013657,0,0.03532877564430237
FR003519,0,0.004941252525895834
FR010480,0,0.006569223012775183
FR012791,0,0.013103906996548176
FR007462,0,0.008880742825567722
FR009917,0,0.02758808247745037
FR011657,0,0.01830236054956913
FR013305,0,0.010085410438477993
FR002507,0,0.004778944421559572
FR014312,0,0.016366973519325256
FR000010,0,0.014191885478794575
FR002608,0,0.003337438218295574
FR011414,0,0.05656574293971062
FR017848,0,0.026417093351483345
FR001427,0,0.007633625995367765
FR001677,0,0.004214727319777012
FR014329,0,0.01237619947642088
FR010194,0,0.04828247055411339
FR017969,0,0.010963376611471176
FR004634,0,0.009405682794749737
FR016636,0,0.003907316830009222
FR000491,0,0.0042208414524793625
FR016257,0,0.0035274538677185774
FR018223,0,0.020125411450862885
FR011171,0,0.01965891756117344
FR001042,0,0.009371127933263779
FR015696,0,0.006886085495352745
FR017452,0,0.004208602011203766
FR007725,0,0.003445034846663475
FR012792,0,0.01042328029870987
FR005127,0,0.0245647095143795
FR012459,0,0.009247488342225552
FR007911,0,0.006775697693228722
FR010203,0,0.004214985761791468
FR014858,0,0.005095801316201687
FR014096,0,0.01920907571911812
FR003777,0,0.013516537845134735
FR007951,0,0.005414847284555435
FR001238,0,0.005121677648276091
FR000372,0,0.0042662774212658405
FR009927,0,0.0038045013789087534
FR010909,0,0.020835092291235924
FR007696,0,0.03943796828389168
FR002196,0,0.0038648596964776516
FR012643,0,0.011887427419424057
FR017957,0,0.013673784211277962
FR007617,0,0.004614648874849081
FR002544,0,0.0034210842568427324
FR004311,0,0.005377990659326315
FR006233,0,0.005889331456273794
FR010580,0,0.005182192195206881
FR008863,0,0.015375739894807339
FR019671,0,0.008870961144566536
FR018684,0,0.05397890508174896
FR019844,0,0.005342136137187481
FR013120,0,0.00690156314522028
FR014679,0,0.006910432130098343
FR004335,0,0.014793029986321926
FR016218,0,0.0036950483918190002
FR015363,0,0.02225257270038128
FR019704,0,0.006555899046361446
FR003479,0,0.012197441421449184
FR003611,0,0.003869471838697791
FR003944,0,0.006433812901377678
FR007239,0,0.02269383892416954
FR003600,0,0.011025205254554749
FR015093,0,0.00488848052918911
FR001275,0,0.008729174733161926
FR000319,0,0.01200689747929573
FR000885,0,0.006929752416908741
FR018601,0,0.004939140751957893
FR001614,0,0.006784788798540831
FR015577,0,0.0038772672414779663
FR002994,0,0.09931483119726181
FR004121,0,0.006219647824764252
FR012037,0,0.009483047761023045
FR019246,0,0.007647835649549961
FR016722,0,0.0037036053836345673
FR015336,0,0.006074291653931141
FR000437,0,0.008680527098476887
FR017099,0,0.025886699557304382
FR005318,0,0.004696889314800501
FR007417,0,0.005191891919821501
FR019822,0,0.006839245092123747
FR014164,0,0.005237355828285217
FR011020,0,0.004134060349315405
FR011433,0,0.011203061789274216
FR001079,0,0.023594802245497704
FR018946,0,0.03335820510983467
FR000332,0,0.06781524419784546
FR019573,0,0.0030802639666944742
FR001608,0,0.01710652746260166
FR008726,0,0.004555724561214447
FR006892,0,0.013850231654942036
FR001685,0,0.018556639552116394
FR001840,0,0.0053136516362428665
FR012656,0,0.004674859344959259
FR001494,0,0.006254386622458696
FR001868,0,0.013910703361034393
FR019693,0,0.007620330434292555
FR017617,0,0.004788047634065151
FR016120,0,0.005311635788530111
FR006428,0,0.0074180783703923225
FR015479,0,0.005162877030670643
FR014477,0,0.005286423955112696
FR003976,0,0.04786122590303421
FR005099,0,0.005709684919565916
FR008991,0,0.007610765751451254
FR003755,0,0.005282398778945208
FR014114,0,0.004867870360612869
FR000527,0,0.08798908442258835
FR018335,0,0.004326269496232271
FR016981,0,0.008404397405683994
FR007593,0,0.0180022194981575
FR015856,0,0.004690681118518114
FR001912,0,0.0034496658481657505
FR003343,0,0.005636165384203196
FR018377,0,0.004288462456315756
FR005401,0,0.07052046805620193
FR002589,0,0.003226950764656067
FR014345,0,0.054497379809617996
FR006275,0,0.1830778867006302
FR011459,0,0.008515605702996254
FR003047,0,0.005080053582787514
FR000580,0,0.0054740309715271
FR012679,0,0.04214007779955864
FR011437,0,0.030565598979592323
FR004573,0,0.008160466328263283
FR018290,0,0.023695891723036766
FR011392,0,0.02719009853899479
FR004515,0,0.005019542295485735
FR013630,0,0.0074623459950089455
FR019057,0,0.0046742139384150505
FR003311,0,0.003967625554651022
FR006992,0,0.007939586415886879
FR010136,0,0.01358041912317276
FR011855,0,0.04624389484524727
FR017734,0,0.03371916338801384
FR015482,0,0.0023863010574132204
FR004020,0,0.009709031321108341
FR000271,0,0.008866140618920326
FR000645,0,0.015221701003611088
FR010317,0,0.006600437220185995
FR003424,0,0.004924891050904989
FR016158,0,0.009863254614174366
FR003946,0,0.005254395306110382
FR012168,0,0.005510562099516392
FR004124,0,0.017759831622242928
FR019570,0,0.008548755198717117
FR019390,0,0.004313737619668245
FR005350,0,0.023897098377346992
FR000703,0,0.011822459287941456
FR002882,0,0.005436059087514877
FR014902,0,0.012576330453157425
FR015802,0,0.0057837688364088535
FR009644,0,0.02307966724038124
FR011638,0,0.012829902581870556
FR016591,0,0.003906672820448875
FR012325,0,0.005497266538441181
FR008654,0,0.05683586373925209
FR005075,0,0.013926985673606396
FR004389,0,0.00473755830898881
FR003835,0,0.007547433953732252
FR009823,0,0.007132718805223703
FR001823,0,0.003739384701475501
FR003456,0,0.004491643514484167
FR016967,0,0.007310532499104738
FR001741,0,0.00691152224317193
FR012491,0,0.00668761320412159
FR002850,0,0.00373361399397254
FR010316,0,0.005029618740081787
FR004675,1,0.04586167261004448
FR006048,0,0.01236366294324398
FR001407,0,0.006131643429398537
FR013670,0,0.00588990980759263
FR018602,0,0.0032927023712545633
FR010804,0,0.006687603425234556
FR003312,0,0.03650854900479317
FR008702,0,0.006657490041106939
FR002755,0,0.019794922322034836
FR010154,0,0.002889031544327736
FR014982,0,0.05865931510925293
FR011228,0,0.03319913148880005
FR012029,0,0.003664364805445075
FR000390,0,0.012520996853709221
FR002869,0,0.014906511642038822
FR014316,0,0.005412834230810404
FR012028,0,0.008585631847381592
FR014059,0,0.010597698390483856
FR009127,0,0.04062465578317642
FR005028,0,0.025954807177186012
FR009195,0,0.00929955206811428
FR005172,0,0.003984186332672834
FR016929,0,0.03661571070551872
FR002633,0,0.005071043502539396
FR008811,0,0.006305377464741468
FR009971,0,0.009075181558728218
FR018357,0,0.006810334045439959
FR008690,0,0.007702303119003773
FR017169,0,0.00922063272446394
FR019262,0,0.010891611687839031
FR019840,0,0.007668246980756521
FR012041,0,0.03962693363428116
FR007535,0,0.0040468317456543446
FR003080,0,0.01600438542664051
FR019873,0,0.0035537886433303356
FR017141,0,0.028512608259916306
FR002745,1,0.05265321955084801
FR013764,0,0.02951901964843273
FR014060,0,0.05834568291902542
FR009784,0,0.010063212364912033
FR009682,0,0.010290675796568394
FR009209,0,0.004619204439222813
FR012358,0,0.004977888893336058
FR005797,0,0.006196730304509401
FR005511,0,0.008628231473267078
FR012806,0,0.01903645135462284
FR012951,0,0.008993040770292282
FR019418,0,0.004284778609871864
FR013109,0,0.005760636646300554
FR004988,0,0.01855301484465599
FR001567,0,0.009105644188821316
FR001669,0,0.00582080939784646
FR005043,0,0.004502919968217611
FR005990,0,0.010309789329767227
FR018757,0,0.006272568367421627
FR008519,0,0.005341502372175455
FR017787,0,0.007953581400215626
FR010588,0,0.004900550469756126
FR003993,0,0.008045485243201256
FR007579,0,0.01251829694956541
FR014889,0,0.011274697259068489
FR010355,0,0.009120856411755085
FR008691,0,0.004832592327147722
FR003781,0,0.17542406916618347
FR018376,0,0.0036253370344638824
FR018677,0,0.010512813925743103
FR019967,0,0.007551553659141064
FR004954,0,0.009129393845796585
FR011334,1,0.18941637873649597
FR007197,0,0.017501749098300934
FR013836,0,0.009666340425610542
FR008523,0,0.01240913849323988
FR003439,0,0.03437180072069168
FR002710,0,0.003522461047396064
FR019560,0,0.005076808854937553
FR017965,0,0.004933404270559549
FR014815,0,0.019343474879860878
FR018008,0,0.01577344536781311
FR019260,0,0.01917455904185772
FR016255,0,0.009073115885257721
FR007584,0,0.006573254242539406
FR001420,0,0.008307096548378468
FR014264,0,0.012474734336137772
FR016701,0,0.016060568392276764
FR017651,0,0.008832949213683605
FR001387,0,0.015195378102362156
FR006706,0,0.003490152768790722
FR017495,0,0.012123007327318192
FR007648,0,0.014363219030201435
FR000800,0,0.012479910627007484
FR011426,0,0.003584757214412093
FR011168,0,0.007372599095106125
FR018808,0,0.012618014588952065
FR012554,0,0.00701124407351017
FR002390,0,0.007190621457993984
FR000093,0,0.006980259437114
FR006109,0,0.10682527720928192
FR000456,0,0.006075713317841291
FR012697,0,0.009049964137375355
FR012591,0,0.008160975761711597
FR004327,0,0.015198880806565285
FR018231,0,0.0032431259751319885
FR010820,0,0.003062713658437133
FR013923,0,0.008238513022661209
FR014286,0,0.0057192896492779255
FR014624,0,0.0036106398329138756
FR015194,0,0.006365014705806971
FR000069,0,0.01682097092270851
FR010398,0,0.011489850468933582
FR001430,0,0.007914379239082336
FR005661,0,0.010455958545207977
FR010295,0,0.007172887679189444
FR001085,0,0.004887817427515984
FR013942,0,0.005723542533814907
FR011895,0,0.028142031282186508
FR000529,0,0.0052550663240253925
FR008041,0,0.03766981139779091
FR002285,0,0.004467739257961512
FR003280,0,0.014376017265021801
FR013752,0,0.009750403463840485
FR012657,0,0.022068751975893974
FR009876,0,0.0640244334936142
FR001186,0,0.05413828790187836
FR003347,0,0.003927657846361399
FR017209,0,0.01486913114786148
FR006719,0,0.02289677783846855
FR001501,0,0.01283737551420927
FR015490,0,0.019547685980796814
FR019747,0,0.00677297031506896
FR010461,0,0.00379261770285666
FR007159,0,0.006392157170921564
FR013437,0,0.003884360194206238
FR019994,0,0.003786310087889433
FR013367,0,0.01074395701289177
FR011668,0,0.006384732201695442
FR013273,0,0.008979011327028275
FR013916,0,0.0036120896693319082
FR009771,0,0.008735580369830132
FR004240,0,0.00954518374055624
FR016872,0,0.007871026173233986
FR000751,0,0.013071387074887753
FR006908,0,0.005435314495116472
FR006659,0,0.006036774720996618
FR016395,0,0.043119557201862335
FR008152,0,0.0249286200851202
FR013589,0,0.020218566060066223
FR003803,0,0.0061393724754452705
FR015947,0,0.022612489759922028
FR002437,0,0.008968807756900787
FR015990,0,0.005755575839430094
FR016811,0,0.011719572357833385
FR001417,0,0.06790878623723984
FR004718,0,0.005470584612339735
FR013133,0,0.0026370373088866472
FR018795,0,0.008998512290418148
FR015724,0,0.0276971273124218
FR008391,0,0.008723581209778786
FR007304,0,0.006890913471579552
FR004035,0,0.007318450603634119
FR018258,0,0.022425640374422073
FR011587,0,0.004685637075453997
FR015115,0,0.013178043998777866
FR001437,0,0.009536433033645153
FR015187,0,0.009927144274115562
FR012804,0,0.056194134056568146
FR001276,0,0.012446141801774502
FR009109,0,0.00854395143687725
FR015686,0,0.011286631226539612
FR009625,0,0.21357227861881256
FR007332,0,0.01909046806395054
FR012275,0,0.05554519593715668
FR016442,0,0.033330533653497696
FR006380,0,0.009989534504711628
FR010898,0,0.04540587216615677
FR006820,0,0.003951141145080328
FR006449,0,0.008351903408765793
FR019181,0,0.004275576677173376
FR006351,0,0.0072265793569386005
FR016958,0,0.031765881925821304
FR002865,0,0.027614684775471687
FR018884,0,0.007959675043821335
FR014974,0,0.0038259117864072323
FR010568,0,0.03949010744690895
FR004676,0,0.013842828571796417
FR010960,0,0.016304107382893562
FR010444,0,0.020607544109225273
FR013966,0,0.005259669851511717
FR003510,0,0.00458195386454463
FR010895,0,0.005901356693357229
FR016492,0,0.08330310136079788
FR015500,0,0.014119857922196388
FR017995,0,0.004827057011425495
FR017056,0,0.004544124938547611
FR013542,0,0.003935261629521847
FR018577,0,0.005120310001075268
FR002583,0,0.0033771852031350136
FR013712,0,0.005193221848458052
FR014811,0,0.005694945342838764
FR006589,0,0.004817788954824209
FR000840,0,0.014762136153876781
FR016157,0,0.005016875918954611
FR015042,0,0.04116087779402733
FR004652,0,0.009806051850318909
FR017225,0,0.040763821452856064
FR000150,0,0.006970918271690607
FR004132,0,0.0033370591700077057
FR004546,0,0.009152529761195183
FR002404,0,0.00595435593277216
FR018459,0,0.0070635173469781876
FR015627,0,0.02861970290541649
FR012896,0,0.014911286532878876
FR004323,0,0.007803366985172033
FR005384,0,0.01178514864295721
FR006678,0,0.0064085195772349834
FR018325,0,0.006035733502358198
FR016370,0,0.0094995629042387
FR017312,0,0.01805724948644638
FR012834,0,0.011209455318748951
FR008195,0,0.02915552817285061
FR004879,0,0.0073439073748886585
FR003062,0,0.05210425704717636
FR011390,0,0.017525313422083855
FR012667,0,0.00692415377125144
FR016199,0,0.008645134046673775
FR004422,0,0.0063652112148702145
FR001447,0,0.0035987079609185457
FR013019,0,0.007548652123659849
FR012024,0,0.004876421764492989
FR010974,0,0.053928621113300323
FR019910,0,0.006852410268038511
FR014160,0,0.007090429775416851
FR006886,0,0.005301655735820532
FR013303,0,0.011209909804165363
FR001594,0,0.009176886640489101
FR014573,0,0.027296772226691246
FR001296,0,0.007817260921001434
FR006501,0,0.005466653034090996
FR013952,0,0.014496308751404285
FR001175,0,0.005407690070569515
FR013759,0,0.013121969066560268
FR000802,0,0.017137059941887856
FR015024,0,0.006594955455511808
FR002029,0,0.020686864852905273
FR002914,0,0.015557647682726383
FR008274,0,0.010268805548548698
FR011671,0,0.006025529466569424
FR018241,0,0.010896749794483185
FR011000,0,0.0029445537365972996
FR009933,0,0.03144271299242973
FR012352,0,0.0029678407590836287
FR013967,0,0.0921279713511467
FR015933,0,0.0037203722167760134
FR019188,0,0.3050839304924011
FR002565,0,0.011171581223607063
FR013840,0,0.00958876684308052
FR001821,0,0.028184453025460243
FR002962,0,0.0037053441628813744
FR009977,0,0.004896894097328186
FR000262,0,0.007070108782500029
FR001451,0,0.005614733323454857
FR012803,0,0.013977505266666412
FR004113,0,0.034537069499492645
FR012109,0,0.004147915635257959
FR004159,0,0.021090107038617134
FR002280,0,0.009622094221413136
FR008161,0,0.018684271723031998
FR018745,0,0.04576816037297249
FR014413,0,0.010209387168288231
FR012911,0,0.010071965865790844
FR010496,0,0.020108742639422417
FR015812,0,0.004600853193551302
FR005400,0,0.025744538754224777
FR011799,0,0.01232400443404913
FR002626,0,0.029030555859208107
FR016495,0,0.00821970496326685
FR017118,0,0.008049466647207737
FR006036,0,0.0033123972825706005
FR018921,0,0.0065286606550216675
FR005923,0,0.002889267634600401
FR004681,0,0.004974812269210815
FR015861,0,0.008020862936973572
FR015153,0,0.006913450080901384
FR013593,0,0.006655718199908733
FR003221,0,0.014707689173519611
FR007238,0,0.008915035985410213
FR016938,0,0.009990156628191471
FR011918,0,0.01279925275593996
FR009969,0,0.012811591848731041
FR001621,0,0.007658746559172869
FR004217,0,0.0038935907650738955
FR014977,0,0.0038656452670693398
FR006108,0,0.060116346925497055
FR015571,0,0.011518568731844425
FR018804,0,0.020191870629787445
FR002765,0,0.004137837328016758
FR008982,0,0.033112410455942154
FR017514,0,0.005393538624048233
FR005637,0,0.005634196102619171
FR005225,0,0.005762909539043903
FR011956,0,0.005180601961910725
FR001288,0,0.0031899528112262487
FR006258,0,0.00930902361869812
FR001459,0,0.005697743035852909
FR008525,0,0.00828185211867094
FR003100,0,0.008275576867163181
FR019836,0,0.005277635063976049
FR014597,0,0.0049559627659618855
FR017365,0,0.0033750610891729593
FR003032,0,0.013852393254637718
FR016312,0,0.04031020775437355
FR004998,0,0.007275082170963287
FR016142,0,0.00668300548568368
FR019448,0,0.011697198264300823
FR003768,0,0.018794061616063118
FR015842,0,0.005481595639139414
FR009862,0,0.009637360461056232
FR000869,0,0.016188671812415123
FR016342,0,0.02238767221570015
FR011932,0,0.005008283071219921
FR014033,0,0.008789234794676304
FR005042,0,0.0066201575100421906
FR007716,1,0.021781643852591515
FR018664,0,0.004879595246165991
FR017439,0,0.004589951131492853
FR002301,0,0.007363545708358288
FR002022,0,0.02378660999238491
FR019462,0,0.01779591105878353
FR009378,0,0.016874846071004868
FR001309,0,0.005909886211156845
FR009044,0,0.007938557304441929
FR000922,0,0.009417454712092876
FR010016,0,0.017938533797860146
FR016183,0,0.022666115313768387
FR012438,0,0.004527883604168892
FR012025,0,0.005405792500823736
FR016023,0,0.008256196975708008
FR014108,0,0.007501026149839163
FR018430,0,0.008413124829530716
FR003265,0,0.006468476727604866
FR008102,0,0.003143143840134144
FR016624,0,0.0038292990066111088
FR003734,0,0.01765965297818184
FR010617,0,0.023083817213773727
FR010795,0,0.011264501139521599
FR018359,1,0.0040815151296556
FR008775,0,0.0048312232829630375
FR012957,0,0.006156745832413435
FR002936,0,0.005809561815112829
FR014712,0,0.002950049238279462
FR017451,0,0.006977281998842955
FR014700,0,0.03934768587350845
FR010504,0,0.007852987386286259
FR008659,0,0.019150445237755775
FR001740,0,0.01102166622877121
FR013814,0,0.013756454922258854
FR017546,0,0.035499945282936096
FR019632,0,0.008561798371374607
FR009333,0,0.012881901115179062
FR007899,0,0.00667899614199996
FR005528,0,0.018625911325216293
FR009067,0,0.005221418105065823
FR006872,0,0.009441536851227283
FR016415,0,0.018323427066206932
FR019576,0,0.01970219425857067
FR015200,0,0.009493817575275898
FR006658,0,0.005535065196454525
FR006491,0,0.007319777272641659
FR004494,0,0.04248783364892006
FR008070,0,0.011578535661101341
FR000121,0,0.004416023381054401
FR006950,0,0.017687169834971428
FR004728,0,0.020407987758517265
FR019626,0,0.032355133444070816
FR015925,0,0.00689956359565258
FR001739,0,0.05795913189649582
FR016504,0,0.030641159042716026
FR009371,0,0.006366966292262077
FR000567,0,0.013929462060332298
FR009837,0,0.0045111714862287045
FR018173,0,0.006736165378242731
FR002796,0,0.009993402287364006
FR015619,0,0.01742209866642952
FR013450,0,0.006472919136285782
FR009422,0,0.15410131216049194
FR000603,0,0.0239828210324049
FR006260,0,0.006279997061938047
FR006433,0,0.016978010535240173
FR000807,0,0.002754419343546033
FR008377,0,0.0038926328998059034
FR018592,0,0.009647592902183533
FR006400,0,0.01707741618156433
FR015877,0,0.006812655832618475
FR018063,0,0.020494019612669945
FR006352,0,0.005735704209655523
FR001350,0,0.02362261712551117
FR018198,0,0.008592505939304829
FR004709,0,0.003870528656989336
FR006870,0,0.0037822474259883165
FR014494,0,0.005114714149385691
FR018025,0,0.0683417096734047
FR012603,0,0.00889928825199604
FR017266,0,0.008001931011676788
FR014360,0,0.008008484728634357
FR005822,0,0.009526052512228489
FR006452,0,0.0183480903506279
FR013216,0,0.02710728719830513
FR011164,0,0.007167164236307144
FR015123,0,0.006184625905007124
FR004511,0,0.014622841030359268
FR001464,0,0.00592025276273489
FR013974,0,0.0097421333193779
FR015828,0,0.03280624374747276
FR012505,0,0.006631437223404646
FR005742,0,0.016631582751870155
FR013665,0,0.003948091063648462
FR010189,0,0.008503234945237637
FR000962,0,0.004305696114897728
FR008374,0,0.00511543732136488
FR017507,0,0.01393059454858303
FR011720,0,0.006414823234081268
FR018549,0,0.004595100414007902
FR002181,0,0.0034821582958102226
FR009522,0,0.01430506445467472
FR012492,0,0.009112948551774025
FR018358,0,0.012282337062060833
FR006152,0,0.00586153008043766
FR012710,0,0.007945466786623001
FR016590,0,0.017079457640647888
FR011713,0,0.008785078302025795
FR005509,0,0.003226496744900942
FR012370,0,0.008691362105309963
FR016511,0,0.0038391209673136473
FR014542,0,0.02468893863260746
FR002186,0,0.03644467890262604
FR005846,0,0.0046551343984901905
FR001511,0,0.021620042622089386
FR018197,0,0.004615270532667637
FR006450,0,0.010215483605861664
FR018514,0,0.0054624262265861034
FR009818,0,0.0038833823055028915
FR019723,0,0.004442510660737753
FR004999,0,0.010581321083009243
FR015613,0,0.004495805129408836
FR003192,0,0.011160009540617466
FR011879,0,0.006654346827417612
FR016859,0,0.005869860760867596
FR004391,0,0.016066990792751312
FR019320,0,0.013219879940152168
FR013374,0,0.013375514186918736
FR004906,0,0.0223812535405159
FR013722,0,0.018577128648757935
FR003498,0,0.0026614011730998755
FR006619,0,0.005369399208575487
FR004049,0,0.029482608661055565
FR013155,0,0.0128649165853858
FR019459,0,0.039155781269073486
FR009958,0,0.011495858430862427
FR003594,0,0.13817428052425385
FR018192,0,0.029875587671995163
FR003009,0,0.0057573579251766205
FR003407,0,0.013417848385870457
FR013382,0,0.012609563767910004
FR002772,0,0.018370984122157097
FR002947,0,0.02231820486485958
FR003373,0,0.02702220529317856
FR016377,0,0.007351276930421591
FR001550,0,0.02104230597615242
FR016299,0,0.00946019683033228
FR004413,1,0.011947153136134148
FR010738,0,0.004712854977697134
FR012725,0,0.002632532734423876
FR004411,1,0.017750926315784454
FR004633,0,0.0073643578216433525
FR012859,0,0.007404829375445843
FR007104,0,0.008679882623255253
FR015806,0,0.006810166407376528
FR003759,0,0.01423981785774231
FR016631,0,0.018066780641674995
FR002182,0,0.007479883264750242
FR018842,0,0.016821585595607758
FR006003,0,0.013071129098534584
FR004643,0,0.004608309827744961
FR019653,0,0.009581356309354305
FR016368,0,0.007380098570138216
FR012596,0,0.004321270622313023
FR011763,0,0.006801266688853502
FR007908,0,0.00582506600767374
FR012098,1,0.04866240918636322
FR008997,0,0.012482227757573128
FR002939,0,0.006960630416870117
FR005746,0,0.010545154102146626
FR009026,0,0.014420264400541782
FR017139,0,0.005588305648416281
FR012548,0,0.0074114492163062096
FR019327,0,0.004484512843191624
FR014632,0,0.004702202510088682
FR004131,0,0.005635799374431372
FR017888,0,0.005520299542695284
FR019815,0,0.003769311821088195
FR005874,0,0.006787855178117752
FR002651,0,0.022285042330622673
FR013370,0,0.004664283245801926
FR007758,0,0.008325819857418537
FR017316,0,0.011789213865995407
FR005090,0,0.015653733164072037
FR018249,0,0.007105821743607521
FR010063,0,0.006863728631287813
FR015752,0,0.02048342116177082
FR001231,0,0.015628060325980186
FR011254,0,0.007949450984597206
FR002972,0,0.0062162973918020725
FR019366,0,0.00815810076892376
FR017906,0,0.006590923760086298
FR016531,0,0.013873540796339512
FR007587,0,0.007341119926422834
FR004439,1,0.05881146714091301
FR016546,0,0.0068662227131426334
FR018394,0,0.007752866018563509
FR005768,0,0.00825908686965704
FR017928,0,0.029872655868530273
FR019865,0,0.004242850001901388
FR015248,0,0.006337924860417843
FR001354,0,0.004587613977491856
FR016449,0,0.005059299990534782
FR014209,0,0.020411523059010506
FR011597,0,0.012596911750733852
FR013997,0,0.013119134120643139
FR004197,1,0.07005336880683899
FR019323,0,0.038474190980196
FR013812,0,0.00453906087204814
FR002632,0,0.009626957587897778
FR004856,1,0.02441275306046009
FR003191,0,0.005404387600719929
FR012564,0,0.005819813348352909
FR008183,0,0.04010985046625137
FR005886,0,0.008784043602645397
FR018275,0,0.005825096741318703
FR007852,0,0.0072171506471931934
FR000584,0,0.006047653965651989
FR009235,0,0.011831063777208328
FR017484,0,0.04359336197376251
FR004346,0,0.024047385901212692
FR008589,0,0.006525586824864149
FR008352,0,0.04652748256921768
FR001681,0,0.009696084074676037
FR010983,0,0.019353296607732773
FR009607,0,0.0035319619346410036
FR011367,0,0.012546520680189133
FR018330,0,0.0046353512443602085
FR010940,0,0.006097136996686459
FR001223,0,0.00976779405027628
FR014063,0,0.006043395958840847
FR009430,0,0.014262279495596886
FR019977,0,0.014485754072666168
FR014846,0,0.011490349657833576
FR013825,0,0.00503528444096446
FR001145,0,0.01632176712155342
FR013102,0,0.006705205887556076
FR016867,0,0.0035640716087073088
FR018505,0,0.0069369166158139706
FR017943,0,0.01180990319699049
FR007131,0,0.0084947245195508
FR000545,0,0.011821790598332882
FR014106,0,0.004074010998010635
FR006101,0,0.10264575481414795
FR015128,0,0.06785932928323746
FR010363,0,0.0049544814974069595
FR014426,0,0.023586316034197807
FR002714,0,0.03700441122055054
FR015456,0,0.008228136226534843
FR019998,0,0.007773702964186668
FR014881,0,0.007191523443907499
FR005682,0,0.008076319471001625
FR008347,0,0.005063927266746759
FR000947,0,0.044724591076374054
FR008520,0,0.0032828941475600004
FR005560,0,0.01016487367451191
FR007350,0,0.03162131458520889
FR001187,0,0.05108720809221268
FR012932,0,0.01714947260916233
FR014717,0,0.0074826632626354694
FR008701,0,0.013197336345911026
FR008687,0,0.013869541697204113
FR017750,0,0.007201311178505421
FR008184,0,0.01051491778343916
FR009962,0,0.006414099596440792
FR015691,0,0.011397667229175568
FR010388,0,0.014931788668036461
FR015389,0,0.012529660016298294
FR001943,0,0.010947586968541145
FR017478,0,0.0072356159798800945
FR010894,0,0.007357083261013031
FR000284,0,0.006893821991980076
FR008737,0,0.05387094244360924
FR012139,0,0.012690632604062557
FR004973,0,0.009211541153490543
FR010167,0,0.5132814049720764
FR018409,0,0.005423850379884243
FR005523,0,0.021992681547999382
FR001038,0,0.13944011926651
FR015522,0,0.01443475391715765
FR008271,0,0.002985755680128932
FR017125,0,0.0069876802153885365
FR018429,0,0.004612211603671312
FR008640,0,0.006208257749676704
FR002237,0,0.00494777224957943
FR001188,0,0.007919562980532646
FR006232,0,0.009528689086437225
FR006047,0,0.01447654701769352
FR019907,0,0.005486008711159229
FR018149,0,0.014136774465441704
FR008590,0,0.0045515401288867
FR017434,0,0.014435194432735443
FR001882,0,0.02016061544418335
FR004641,0,0.025580499321222305
FR003245,0,0.005879070144146681
FR019346,0,0.004993354436010122
FR019538,0,0.004158306866884232
FR011380,0,0.015761101618409157
FR006376,0,0.008053545840084553
FR008441,0,0.007053952198475599
FR003220,0,0.0066703809425234795
FR002981,0,0.006846740376204252
FR001942,0,0.016232747584581375
FR003150,0,0.04932088777422905
FR002116,0,0.01342166680842638
FR004957,0,0.00511164078488946
FR005503,0,0.027513833716511726
FR017921,0,0.008111420087516308
FR008311,0,0.03455120697617531
FR008164,0,0.004157159477472305
FR009817,0,0.010282335802912712
FR012805,0,0.0043161530047655106
FR002579,0,0.010222467593848705
FR016655,0,0.09451546519994736
FR017157,0,0.0513305626809597
FR006388,0,0.0038423757068812847
FR010806,0,0.008363023400306702
FR014383,0,0.05240055173635483
FR008890,0,0.020083613693714142
FR013441,0,0.006613851059228182
FR004548,0,0.009417922236025333
FR014357,0,0.005774201825261116
FR012507,1,0.36635544896125793
FR013581,0,0.005802097264677286
FR004341,0,0.009765331633388996
FR016288,0,0.014868794940412045
FR001071,0,0.005877935793250799
FR009242,0,0.01507954578846693
FR016087,0,0.0030758390203118324
FR007721,0,0.011163846589624882
FR004892,0,0.008071785792708397
FR008270,0,0.004500970710068941
FR005696,0,0.007435481529682875
FR004380,0,0.025637174025177956
FR003188,0,0.02852076292037964
FR007203,0,0.00583961745724082
FR013138,0,0.19452634453773499
FR017346,0,0.018704455345869064
FR018729,0,0.04439026117324829
FR005745,0,0.012795987538993359
FR009918,0,0.00470156641677022
FR014019,0,0.00473913224413991
FR013653,0,0.0021749900188297033
FR012785,0,0.011904002167284489
FR006561,0,0.004006803967058659
FR017072,0,0.005294464062899351
FR001671,0,0.006908976472914219
FR013139,0,0.0074348836205899715
FR009444,0,0.009923123754560947
FR002523,0,0.016093244776129723
FR015631,0,0.011303038336336613
FR000896,0,0.05944222956895828
FR002389,0,0.0039644367061555386
FR009200,0,0.004873613361269236
FR014706,0,0.006141467485576868
FR019734,0,0.007392596919089556
FR019742,0,0.02011118456721306
FR000324,0,0.015401655808091164
FR007098,0,0.009004220366477966
FR016672,0,0.007675605360418558
FR018983,0,0.011142753064632416
FR010409,0,0.0035975268110632896
FR017469,0,0.012996142730116844
FR008079,1,0.00878656841814518
FR001590,0,0.015141675248742104
FR010512,0,0.021184150129556656
FR008684,0,0.0045260097831487656
FR007577,0,0.0060557108372449875
FR005988,0,0.016394779086112976
FR017140,0,0.015308862552046776
FR014722,0,0.01141580380499363
FR004716,0,0.04279683157801628
FR014975,0,0.004989382810890675
FR010705,0,0.00568275386467576
FR016822,0,0.0077181654050946236
FR017349,0,0.023943528532981873
FR011066,0,0.005825833883136511
FR011409,0,0.0107452142983675
FR015944,0,0.011630701832473278
FR015245,0,0.022473305463790894
FR000574,0,0.01832232065498829
FR005977,0,0.0029945424757897854
FR010805,0,0.002738391049206257
FR008658,0,0.007165753282606602
FR000642,0,0.009914882481098175
FR011090,0,0.011551614850759506
FR015443,0,0.03453977778553963
FR008430,0,0.01589554361999035
FR011644,0,0.007876561023294926
FR013869,0,0.005847415421158075
FR010383,0,0.011244237422943115
FR019046,0,0.006158963777124882
FR001598,0,0.004905501380562782
FR014352,0,0.0030791687313467264
FR008061,0,0.013798829168081284
FR007638,0,0.005545841995626688
FR004203,0,0.004916203673928976
FR013148,0,0.006716493051499128
FR007986,0,0.0095355911180377
FR005526,0,0.009930074214935303
FR008792,0,0.02960251457989216
FR013048,0,0.013908970169723034
FR001552,0,0.007623027544468641
FR001411,0,0.0031646459829062223
FR001120,0,0.005301198456436396
FR005148,0,0.010409900918602943
FR016714,0,0.016721542924642563
FR001147,0,0.0061987945809960365
FR003984,0,0.0029002041555941105
FR001788,0,0.003938848152756691
FR014598,0,0.03814049810171127
FR012584,0,0.003994451370090246
FR017716,0,0.01100658718496561
FR004039,0,0.02627289667725563
FR015220,0,0.01104387640953064
FR008529,0,0.002790573751553893
FR010164,0,0.01925862766802311
FR011358,0,0.5243237614631653
FR006543,0,0.004884763620793819
FR008512,0,0.028593964874744415
FR019427,0,0.0036636232398450375
FR018161,0,0.004279076121747494
FR007505,0,0.023771319538354874
FR007362,0,0.010082350112497807
FR011982,0,0.0055406345054507256
FR018515,0,0.008338072337210178
FR011323,0,0.006500896532088518
FR008103,0,0.009239723905920982
FR009545,0,0.0024168326053768396
FR017245,0,0.007521757856011391
FR015931,0,0.010028249584138393
FR009129,0,0.006327671930193901
FR000406,0,0.09132455289363861
FR013719,0,0.006271557416766882
FR018721,0,0.006060419604182243
FR006973,0,0.03582432121038437
FR006999,0,0.12446898221969604
FR001900,0,0.011630258522927761
FR008223,0,0.009469186887145042
FR006326,0,0.007608205080032349
FR011078,0,0.006898645311594009
FR003124,0,0.014399826526641846
FR004464,0,0.018369683995842934
FR007099,0,0.016741367056965828
FR010451,0,0.008357753977179527
FR016364,0,0.008237924426794052
FR002040,0,0.008218103088438511
FR002457,0,0.007233616430312395
FR014436,1,0.03988000750541687
FR009576,0,0.033706411719322205
FR010484,0,0.014871289022266865
FR013894,0,0.09853401780128479
FR019170,0,0.008779266849160194
FR017761,0,0.007472035940736532
FR005958,0,0.022644367069005966
FR014030,0,0.007981181144714355
FR007563,0,0.003602511016651988
FR008926,0,0.0064241294749081135
FR003210,0,0.004735490307211876
FR008421,0,0.003888665232807398
FR006540,0,0.004756924230605364
FR002696,0,0.009304134175181389
FR012187,0,0.007739704102277756
FR000342,0,0.018271371722221375
FR017684,1,0.00457425694912672
FR012768,0,0.004936762619763613
FR005692,0,0.01825214922428131
FR009297,0,0.03119290992617607
FR004660,0,0.003756234422326088
FR019729,0,0.015577446669340134
FR013521,0,0.01984359510242939
FR004465,0,0.004458229057490826
FR003020,0,0.0440768264234066
FR004727,0,0.0755699872970581
FR008941,0,0.014550114050507545
FR016459,0,0.011638185940682888
FR006038,0,0.006950311828404665
FR015002,0,0.006966961547732353
FR006904,0,0.003167809685692191
FR018984,0,0.008032203651964664
FR009668,0,0.03741952404379845
FR012420,0,0.0070911250077188015
FR007567,0,0.006822752766311169
FR005312,0,0.021049123257398605
FR008073,0,0.040985267609357834
FR001763,0,0.014967156574130058
FR013709,0,0.0054713967256248
FR018572,0,0.03173557296395302
FR007082,0,0.010668065398931503
FR003982,0,0.03024839609861374
FR005410,0,0.003786635585129261
FR000083,0,0.011598406359553337
FR013956,0,0.0076555837877094746
FR010586,0,0.013384705409407616
FR019602,0,0.005123631563037634
FR001531,0,0.010077648796141148
FR004524,0,0.01015758328139782
FR014236,0,0.0037273371126502752
FR000481,0,0.016283005475997925
FR015871,0,0.00916881300508976
FR008917,0,0.006439365446567535
FR018095,0,0.007494230754673481
FR006121,0,0.006229815538972616
FR014363,0,0.005790026392787695
FR001439,0,0.007271088659763336
FR013797,0,0.003491869429126382
FR008510,0,0.015238729305565357
FR009455,0,0.016927985474467278
FR010416,0,0.0066160825081169605
FR003059,0,0.010219911113381386
FR002938,0,0.005092990584671497
FR015587,0,0.011969492770731449
FR017961,0,0.021392084658145905
FR015899,0,0.00734947482123971
FR008693,0,0.0029906812123954296
FR013948,0,0.003730938769876957
FR013598,0,0.004859559237957001
FR016759,0,0.005417328793555498
FR015993,0,0.014013552106916904
FR015365,0,0.13598009943962097
FR003282,0,0.018218310549855232
FR014318,0,0.012040175497531891
FR019242,1,0.005708036478608847
FR000591,0,0.01825990155339241
FR009973,0,0.004920708015561104
FR004917,0,0.004595217760652304
FR000316,0,0.009861787781119347
FR010642,0,0.017284391447901726
FR003907,0,0.008065683767199516
FR013166,0,0.003636968322098255
FR000362,0,0.005148527678102255
FR008080,0,0.00420502619817853
FR003098,0,0.00950545072555542
FR000813,0,0.009920730255544186
FR019558,0,0.031680088490247726
FR011314,0,0.005717689637094736
FR003819,0,0.004009007941931486
FR001592,0,0.021574927493929863
FR007385,0,0.005382581148296595
FR018496,0,0.005533681716769934
FR002120,0,0.016509654000401497
FR003942,0,0.012457047589123249
FR018975,1,0.011076218448579311
FR000486,0,0.15560340881347656
FR012231,0,0.008838791400194168
FR001150,0,0.00913633219897747
FR019303,0,0.004846157040446997
FR019878,0,0.0054253325797617435
FR006066,0,0.00521303154528141
FR015729,0,0.00401304243132472
FR019966,0,0.01049794815480709
FR010349,0,0.006371746305376291
FR008837,0,0.008635352365672588
FR001278,0,0.0027835220098495483
FR003974,0,0.01434732973575592
FR009860,0,0.13544996082782745
FR016067,0,0.010844816453754902
FR017339,0,0.008757669478654861
FR007009,0,0.010706598870456219
FR009255,0,0.031038466840982437
FR019923,0,0.004269357305020094
FR010028,0,0.009922350756824017
FR019495,0,0.006101811304688454
FR019758,0,0.00847607385367155
FR001510,0,0.0051094419322907925
FR004014,0,0.005050804931670427
FR019121,0,0.021314484998583794
FR015315,0,0.0062272739596664906
FR006485,0,0.003275972092524171
FR002724,0,0.005289759952574968
FR014549,0,0.0037322824355214834
FR005542,0,0.006135663948953152
FR007269,0,0.011082235723733902
FR002638,0,0.007600501645356417
FR010858,0,0.005944285541772842
FR004739,0,0.003582257777452469
FR004836,0,0.005373954772949219
FR000955,0,0.005967616103589535
FR018242,0,0.007203780114650726
FR008411,0,0.004621037747710943
FR012002,0,0.004317325074225664
FR009991,0,0.010561634786427021
FR019319,0,0.03314947336912155
FR019901,0,0.00594473397359252
FR014870,0,0.0051625072956085205
FR000399,0,0.008073749020695686
FR008287,0,0.012239147908985615
FR005772,0,0.03290591388940811
FR014570,0,0.005589047912508249
FR002171,0,0.015393739566206932
FR001202,0,0.008640534244477749
FR009231,0,0.005945793818682432
FR001408,0,0.0063073947094380856
FR019784,0,0.005219840910285711
FR008564,0,0.015785465016961098
FR015497,0,0.0035483641549944878
FR006705,0,0.004693609196692705
FR000101,0,0.008005796000361443
FR002675,0,0.005468014162033796
FR016319,0,0.01722884364426136
FR011867,0,0.021326784044504166
FR002634,0,0.014478438533842564
FR018678,0,0.006202332675457001
FR019915,0,0.0048023611307144165
FR000870,0,0.009598168544471264
FR001297,0,0.006314353086054325
FR014132,0,0.004988763015717268
FR003722,0,0.005149521864950657
FR010947,0,0.018541153520345688
FR014490,0,0.013333268463611603
FR017362,0,0.010309837758541107
FR018900,0,0.008157375268638134
FR011356,0,0.0029407301917672157
FR019831,0,0.006251366809010506
FR006348,0,0.11825931072235107
FR004811,0,0.013029464520514011
FR009909,0,0.006120953243225813
FR000065,0,0.048725806176662445
FR017463,0,0.010622150264680386
FR016851,0,0.008635347709059715
FR012368,0,0.009857038967311382
FR005445,0,0.006244868505746126
FR002682,0,0.015172010287642479
FR003978,0,0.009105859324336052
FR009648,0,0.007421031594276428
FR014192,0,0.012558276765048504
FR014818,0,0.21964827179908752
FR007296,0,0.005878426134586334
FR011465,0,0.009199768304824829
FR009086,0,0.013987485319375992
FR019652,0,0.006105959881097078
FR005271,1,0.5870240926742554
FR019377,0,0.004103702027350664
FR013883,0,0.01644170470535755
FR012751,0,0.004949902184307575
FR016155,0,0.0029420473147183657
FR015888,0,0.004067816771566868
FR006768,0,0.007001812569797039
FR007497,0,0.015456410124897957
FR019192,0,0.009744144044816494
FR011036,0,0.0056672608479857445
FR010754,0,0.07133273035287857
FR018750,0,0.037303514778614044
FR011615,0,0.0051319291815161705
FR004708,0,0.00829451996833086
FR002668,0,0.02262977510690689
FR011576,0,0.005317226517945528
FR018539,0,0.01815841533243656
FR010513,0,0.08192642033100128
FR015349,0,0.007716189604252577
FR013558,0,0.008990542031824589
FR004062,0,0.0037705402355641127
FR009932,0,0.002483572345227003
FR003558,0,0.011839511804282665
FR014728,0,0.00839171465486288
FR015151,0,0.009092428721487522
FR010570,0,0.008535121567547321
FR011097,0,0.006467858329415321
FR018180,0,0.006830431055277586
FR016660,0,0.005262903869152069
FR000375,0,0.003579786978662014
FR000606,0,0.012070320546627045
FR006177,0,0.005895575042814016
FR017767,0,0.03167403116822243
FR001487,0,0.019658101722598076
FR018873,0,0.028670338913798332
FR009021,0,0.006721138954162598
FR005391,0,0.007072194945067167
FR005784,0,0.005299413111060858
FR016740,0,0.004780607298016548
FR003744,0,0.012253949418663979
FR019571,0,0.01723475567996502
FR001650,0,0.01159974467009306
FR004923,0,0.006508958525955677
FR009126,0,0.007073165848851204
FR018472,0,0.008579764515161514
FR005932,0,0.0030182020273059607
FR004230,0,0.004537585191428661
FR019517,0,0.013428924605250359
FR009669,0,0.005603265482932329
FR009050,0,0.003585010999813676
FR005433,0,0.007481841370463371
FR004024,0,0.007090554106980562
FR009405,0,0.028769174590706825
FR018933,0,0.004977239761501551
FR010663,0,0.005490373354405165
FR008197,0,0.002935095690190792
FR002685,0,0.6246818900108337
FR009449,0,0.024948054924607277
FR009352,1,0.03246690332889557
FR003924,0,0.0053193275816738605
FR009059,0,0.013305531814694405
FR009528,0,0.00557306595146656
FR010644,0,0.006503412965685129
FR010574,0,0.020919276401400566
FR005928,0,0.005309613421559334
FR017710,0,0.09295810759067535
FR006255,0,0.008120897226035595
FR001215,0,0.005890202708542347
FR019777,0,0.007385410834103823
FR019798,0,0.012210835702717304
FR004940,0,0.029917171224951744
FR010989,0,0.00397794134914875
FR010662,0,0.02686423808336258
FR002698,0,0.01528187282383442
FR009866,0,0.005503839813172817
FR014324,0,0.0070794676430523396
FR018327,0,0.007303123828023672
FR002913,0,0.021113499999046326
FR015526,1,0.0075659542344510555
FR008385,0,0.009302100166678429
FR008850,0,0.009029465727508068
FR000011,0,0.010446460917592049
FR004950,0,0.051717981696128845
FR003550,0,0.007849238812923431
FR014307,0,0.005190630909055471
FR014066,0,0.018304280936717987
FR012079,0,0.0068956040777266026
FR005144,0,0.0048029785975813866
FR007639,0,0.020103026181459427
FR016146,0,0.00821445882320404
FR013248,0,0.045298509299755096
FR018924,0,0.022500362247228622
FR001829,0,0.005971461534500122
FR000579,0,0.003711559809744358
FR015529,0,0.005978116765618324
FR018753,0,0.009758739732205868
FR017320,0,0.007111584302037954
FR001554,0,0.009657908231019974
FR008188,0,0.0044497037306427956
FR006220,0,0.17213685810565948
FR014821,0,0.007161628920584917
FR015727,0,0.005418225657194853
FR001753,0,0.08328183740377426
FR019837,0,0.021653715521097183
FR001845,0,0.009348472580313683
FR003685,0,0.012764318846166134
FR012044,0,0.011368898674845695
FR000108,0,0.02675449103116989
FR004596,0,0.01080759521573782
FR004211,0,0.007050506304949522
FR015787,0,0.007735761348158121
FR002463,0,0.0026668631471693516
FR007002,0,0.008663400076329708
FR015275,0,0.006851527839899063
FR007198,0,0.005205917172133923
FR016817,0,0.019645610824227333
FR003367,0,0.00978170521557331
FR018032,0,0.003858436131849885
FR006110,0,0.7169548869132996
FR011184,0,0.004178916569799185
FR012920,0,0.005534844473004341
FR001523,0,0.012186875566840172
FR004516,0,0.023591669276356697
FR019387,0,0.008309170603752136
FR017219,0,0.0076750498265028
FR014161,0,0.06377589702606201
FR016206,0,0.07422155141830444
FR011539,0,0.021561618894338608
FR006954,0,0.03230397030711174
FR015750,0,0.01136633288115263
FR016033,0,0.011548712849617004
FR014744,0,0.006919357925653458
FR005290,0,0.006261390168219805
FR019585,0,0.0035526929423213005
FR017392,0,0.020980888977646828
FR011243,0,0.06733711808919907
FR000598,0,0.004866135772317648
FR007254,0,0.007074542343616486
FR012069,0,0.009568830952048302
FR008815,0,0.011339277029037476
FR007636,0,0.018530860543251038
FR009024,0,0.010048141703009605
FR009776,0,0.011535944417119026
FR007346,0,0.00974326953291893
FR006839,0,0.014554341323673725
FR004015,0,0.014924502931535244
FR017940,0,0.003913228400051594
FR007529,0,0.012317662127315998
FR011208,0,0.008005095645785332
FR015981,0,0.0032341103069484234
FR000694,0,0.056209009140729904
FR003414,0,0.004825364798307419
FR002005,0,0.006041683256626129
FR004418,0,0.016006052494049072
FR006910,0,0.035336777567863464
FR001326,0,0.00301801273599267
FR013879,0,0.012573227286338806
FR007875,0,0.0118106659501791
FR007062,0,0.0592074878513813
FR009944,1,0.0062912581488490105
FR003069,0,0.0063111609779298306
FR011873,0,0.04232657328248024
FR014788,0,0.004746309947222471
FR003208,0,0.011877014301717281
FR018434,0,0.06937766075134277
FR003074,0,0.03716452792286873
FR008719,0,0.005431779194623232
FR006628,0,0.005398810375481844
FR019974,0,0.03613004460930824
FR010306,0,0.0046507371589541435
FR001168,0,0.004370579030364752
FR002783,0,0.004813382867723703
FR009758,0,0.005546089261770248
FR014808,0,0.008960182778537273
FR010772,0,0.017778191715478897
FR014249,0,0.005620894487947226
FR001693,0,0.0058536832220852375
FR010835,0,0.003452832577750087
FR009581,0,0.0024475036188960075
FR005334,0,0.014534111134707928
FR008372,0,0.006061973981559277
FR014091,0,0.0685197189450264
FR019082,0,0.006546923890709877
FR013416,0,0.033976878970861435
FR001429,0,0.01292525976896286
FR010413,0,0.007793887984007597
FR015938,0,0.011277478188276291
FR001034,0,0.009381340816617012
FR012865,0,0.009435652755200863
FR013531,0,0.0025805605109781027
FR006956,0,0.00798749178647995
FR018660,0,0.004370176233351231
FR019797,0,0.005219380371272564
FR011940,0,0.004949070513248444
FR003011,0,0.02269192412495613
FR017175,0,0.007717602886259556
FR015274,0,0.008862709626555443
FR010540,0,0.007154444698244333
FR005959,0,0.0053923544473946095
FR008847,0,0.0060659367591142654
FR001919,0,0.004325850401073694
FR013457,0,0.011361617594957352
FR001916,0,0.012424170970916748
FR016992,0,0.005542153492569923
FR016999,0,0.01172806415706873
FR007957,0,0.0074829040095210075
FR001230,0,0.004564287140965462
FR019958,0,0.004218786023557186
FR003418,0,0.0034882540348917246
FR013692,0,0.006640118546783924
FR014723,0,0.02034485526382923
FR005394,0,0.006076396442949772
FR002068,0,0.0030853094067424536
FR003454,0,0.1344057321548462
FR014142,0,0.006699127145111561
FR002118,0,0.008523794822394848
FR014528,0,0.012386158108711243
FR001784,0,0.017454739660024643
FR016658,0,0.01026942115277052
FR016868,0,0.0048690480180084705
FR013132,0,0.006518912967294455
FR019605,0,0.011492694728076458
FR003631,0,0.004607131239026785
FR017584,0,0.0067007397301495075
FR011740,0,0.023478170856833458
FR013727,0,0.004319465719163418
FR015902,0,0.006064908113330603
FR018891,0,0.005222639534622431
FR017300,0,0.011249237693846226
FR003383,0,0.0052548544481396675
FR005047,0,0.02411147579550743
FR000848,0,0.003496393794193864
FR013134,0,0.026731232181191444
FR010432,0,0.006893352139741182
FR008495,0,0.008079219609498978
FR010378,0,0.014595809392631054
FR018387,0,0.01378281693905592
FR015046,0,0.003236252348870039
FR015552,0,0.006715809460729361
FR016708,0,0.006188146770000458
FR016874,0,0.016996221616864204
FR003352,0,0.00515710050240159
FR018374,0,0.018908729776740074
FR006679,0,0.023394186049699783
FR001588,0,0.011362635530531406
FR010395,0,0.004132221452891827
FR015157,0,0.00979637075215578
FR011943,0,0.05862283706665039
FR005780,0,0.006034506484866142
FR014452,0,0.036559876054525375
FR002350,0,0.012618460692465305
FR008240,0,0.005634139757603407
FR000791,0,0.006688927765935659
FR017308,0,0.00696355476975441
FR008596,0,0.0024608757812529802
FR018629,0,0.009386429563164711
FR014313,0,0.005203339736908674
FR004223,0,0.005155459046363831
FR017820,0,0.006297043990343809
FR006818,0,0.005735146813094616
FR004544,0,0.012426184490323067
FR019707,0,0.011695373803377151
FR011436,0,0.025366324931383133
FR010252,0,0.004370960872620344
FR019992,0,0.004160123877227306
FR010614,0,0.014793370850384235
FR007645,0,0.007189872674643993
FR007612,0,0.01835271529853344
FR011572,0,0.00976634118705988
FR008245,0,0.004667466040700674
FR001539,0,0.04530157148838043
FR017506,0,0.0033347143325954676
FR000836,0,0.026196276769042015
FR006656,0,0.00890323892235756
FR006299,0,0.004275101702660322
FR012463,0,0.003857279662042856
FR004116,0,0.02811524271965027
FR004833,0,0.005675922147929668
FR003796,0,0.008435366675257683
FR008741,0,0.007585658226162195
FR006266,0,0.03092682547867298
FR002596,0,0.00581710459664464
FR017109,0,0.01196740660816431
FR009413,0,0.022638872265815735
FR004674,0,0.006468118634074926
FR001352,0,0.0044466652907431126
FR007541,0,0.00245412508957088
FR013407,0,0.010864286683499813
FR001644,0,0.08910433202981949
FR002712,0,0.007646648678928614
FR009406,0,0.008485202677547932
FR011885,0,0.026763927191495895
FR006873,0,0.043012797832489014
FR018199,0,0.13835351169109344
FR003775,0,0.004735344089567661
FR004539,0,0.009466731920838356
FR000910,0,0.015451797284185886
FR018839,0,0.008519970811903477
FR003533,0,0.01292671449482441
FR017692,0,0.004461487289518118
FR013634,0,0.017343079671263695
FR008568,0,0.008604200556874275
FR019929,0,0.01413389015942812
FR014540,0,0.009536685422062874
FR003618,0,0.0033911284990608692
FR004972,0,0.12489597499370575
FR000279,0,0.0039581716991961
FR018824,0,0.02928878925740719
FR005578,0,0.0044508385471999645
FR014385,0,0.019654415547847748
FR017806,0,0.005200151354074478
FR014290,0,0.004487466532737017
FR002089,0,0.036960918456315994
FR011497,0,0.0054333326406776905
FR019351,0,0.016091424971818924
FR006021,0,0.0035783317871391773
FR014768,0,0.003177954815328121
FR005123,0,0.013465057127177715
FR016748,0,0.005226254928857088
FR010800,0,0.027300145477056503
FR006611,0,0.019267383962869644
FR001216,0,0.0035079459194093943
FR012775,0,0.059308018535375595
FR017737,0,0.004336520563811064
FR018316,0,0.006595586892217398
FR003560,0,0.017874376848340034
FR008227,0,0.009455371648073196
FR015242,0,0.0581018403172493
FR000530,0,0.014287472702562809
FR003866,0,0.004277993459254503
FR010278,0,0.01481128204613924
FR000094,0,0.005660850554704666
FR010335,0,0.10703340917825699
FR005383,0,0.005876520648598671
FR002885,0,0.009352023713290691
FR009221,0,0.005859260447323322
FR007320,0,0.024203838780522346
FR019940,0,0.02268281579017639
FR018719,0,0.0063096992671489716
FR007755,0,0.009215249679982662
FR000898,0,0.007025360595434904
FR005630,0,0.02072286047041416
FR004814,0,0.011319632641971111
FR005976,0,0.007236616685986519
FR007020,0,0.014490478672087193
FR002785,0,0.004597237799316645
FR007371,0,0.020955944433808327
FR005699,0,0.005697961896657944
FR004828,0,0.01028796099126339
FR007786,0,0.006811878643929958
FR005406,0,0.01086094044148922
FR007864,0,0.004460043273866177
FR012663,0,0.005655873566865921
FR003027,0,0.01397054735571146
FR018516,0,0.00731337396427989
FR017948,0,0.01172978337854147
FR002146,0,0.010962766595184803
FR016950,0,0.003607971826568246
FR001283,0,0.019735993817448616
FR002563,0,0.0051314812153577805
FR010188,0,0.006264111492782831
FR017953,0,0.012308540754020214
FR016676,0,0.008330675773322582
FR013459,0,0.031579215079545975
FR013207,0,0.011881151236593723
FR018085,0,0.008035342209041119
FR013362,0,0.008626371622085571
FR000198,0,0.006042204797267914
FR013505,0,0.004618064500391483
FR017419,0,0.015038751997053623
FR000636,0,0.011118431575596333
FR003106,0,0.00895423162728548
FR003664,0,0.011266923509538174
FR006426,0,0.004536465276032686
FR017811,0,0.0051532830111682415
FR005634,0,0.010959442704916
FR006134,0,0.008001960813999176
FR005912,0,0.010034357197582722
FR001069,0,0.009942739270627499
FR017311,0,0.05724451690912247
FR018485,0,0.007113806437700987
FR019332,0,0.005499190650880337
FR016623,0,0.012510859407484531
FR018706,0,0.022055311128497124
FR013041,0,0.00397020997479558
FR011103,0,0.0289121326059103
FR009986,0,0.00703339884057641
FR005092,0,0.008332732133567333
FR014201,0,0.015481683425605297
FR003708,0,0.005914485547691584
FR015731,0,0.007074528839439154
FR017040,0,0.006418440490961075
FR018976,0,0.005952327512204647
FR009077,0,0.005082004237920046
FR015598,0,0.04408833384513855
FR017260,0,0.010364854708313942
FR017515,0,0.007935335859656334
FR019969,0,0.02635061740875244
FR019130,0,0.012598264031112194
FR005396,0,0.007013159804046154
FR007751,0,0.013715648092329502
FR010667,0,0.007377127185463905
FR004985,0,0.014069776982069016
FR013493,0,0.011758074164390564
FR014553,0,0.009788566268980503
FR017708,0,0.005668195895850658
FR014258,0,0.008773094043135643
FR014612,0,0.0038710543885827065
FR009519,0,0.03644218668341637
FR010951,0,0.005642285570502281
FR002164,0,0.005804504733532667
FR012354,0,0.007800358813256025
FR010340,0,0.006149704102426767
FR017773,0,0.0025062761269509792
FR001141,0,0.007854328490793705
FR005644,0,0.007814213633537292
FR015064,0,0.022306496277451515
FR002400,0,0.02923511527478695
FR002727,0,0.0074709393084049225
FR014878,0,0.007927782833576202
FR014864,0,0.007274583447724581
FR016003,0,0.005333581008017063
FR014173,0,0.0052865417674183846
FR005452,0,0.007447297219187021
FR010921,0,0.005647914484143257
FR006506,0,0.012665975838899612
FR006230,0,0.016158754006028175
FR004271,0,0.002933630719780922
FR009845,0,0.005059770308434963
FR005727,0,0.01063468586653471
FR017498,0,0.009052124805748463
FR011200,0,0.007446874864399433
FR014120,0,0.004727904684841633
FR013957,0,0.003773276461288333
FR017606,0,0.0123053640127182
FR001465,0,0.04275263100862503
FR019132,0,0.005080781877040863
FR002690,0,0.004253106657415628
FR006834,0,0.008148549124598503
FR001285,0,0.003877062816172838
FR017486,0,0.005281541962176561
FR008639,0,0.007665116339921951
FR008264,0,0.0026628088671714067
FR006224,0,0.005518464837223291
FR004649,0,0.008590293116867542
FR005710,0,0.07579752802848816
FR003406,0,0.004603906534612179
FR011693,0,0.02947777882218361
FR019615,0,0.011765388771891594
FR014028,0,0.01183366123586893
FR017035,0,0.009294487535953522
FR007287,0,0.006955435033887625
FR001000,0,0.0028029466047883034
FR007561,0,0.01050004456192255
FR001112,0,0.005009787622839212
FR015311,0,0.006629788316786289
FR015372,0,0.0048384456895291805
FR011260,0,0.022673659026622772
FR005129,0,0.007019615266472101
FR016036,0,0.007010208442807198
FR009836,0,0.0074600293301045895
FR000705,0,0.010190539062023163
FR014074,0,0.013025067746639252
FR018855,0,0.06573393195867538
FR018523,0,0.005223352927714586
FR011315,0,0.018536094576120377
FR014845,0,0.0063788872212171555
FR011680,0,0.009560437873005867
FR009287,0,0.006287697236984968
FR004883,0,0.006206233985722065
FR001335,0,0.01882898434996605
FR018013,0,0.007683287374675274
FR006676,0,0.009769490920007229
FR011207,0,0.027641968801617622
FR009342,0,0.00602103304117918
FR018756,0,0.017785238102078438
FR014976,0,0.012863959185779095
FR007829,0,0.006830601952970028
FR010381,0,0.01178725901991129
FR011163,0,0.029370266944169998
FR009750,0,0.00252432469278574
FR009439,0,0.00991594884544611
FR006248,0,0.004267200827598572
FR016517,0,0.007938572205603123
FR006838,0,0.009031201712787151
FR017655,0,0.007536216173321009
FR006406,0,0.009297122247517109
FR004176,0,0.041818395256996155
FR004713,0,0.005165486130863428
FR019850,0,0.005310263019055128
FR016356,0,0.011802810244262218
FR000320,0,0.007776141632348299
FR017911,1,0.015596863813698292
FR012745,0,0.0060992673970758915
FR014996,0,0.017052549868822098
FR016946,0,0.02219340018928051
FR012273,0,0.005602747201919556
FR019006,0,0.006328277289867401
FR008348,0,0.00439315615221858
FR017368,0,0.012957287020981312
FR003733,0,0.004466617479920387
FR013919,0,0.0036300665233284235
FR000087,0,0.04931267350912094
FR015822,0,0.004160167183727026
FR009720,0,0.007317515090107918
FR016894,0,0.005758367478847504
FR000238,0,0.0080435024574399
FR007202,0,0.02713536098599434
FR013435,0,0.10155513882637024
FR017682,0,0.03206399828195572
FR002160,0,0.01244488824158907
FR005573,1,0.6368561387062073
FR011745,0,0.0041453479789197445
FR001561,0,0.006276716012507677
FR014003,0,0.009728227742016315
FR006482,0,0.04545861482620239
FR014253,0,0.013280816376209259
FR000535,0,0.005771522410213947
FR005767,0,0.007997522130608559
FR019717,0,0.008650141768157482
FR015056,0,0.00996493361890316
FR010751,0,0.013487118296325207
FR001263,0,0.0531623400747776
FR006200,0,0.014073396101593971
FR005910,0,0.011399972252547741
FR019419,0,0.028585707768797874
FR008751,0,0.018531043082475662
FR015973,0,0.007085359655320644
FR010585,1,0.1689613163471222
FR008958,0,0.0057140071876347065
FR005579,0,0.0029269780497998
FR019350,0,0.003951315768063068
FR014928,0,0.03233238682150841
FR015494,1,0.027882901951670647
FR005165,0,0.00515271071344614
FR001572,0,0.05781854689121246
FR016980,0,0.046520035713911057
FR004845,0,0.003775599878281355
FR018635,0,0.008751417510211468
FR004886,0,0.006880632136017084
FR004698,0,0.008752894587814808
FR014374,0,0.012035809457302094
FR001745,0,0.005668174475431442
FR008781,0,0.014721943996846676
FR004915,0,0.02413741871714592
FR010098,0,0.08653049170970917
FR006139,0,0.03678857907652855
FR002003,0,0.003897459479048848
FR006041,0,0.003713196376338601
FR010298,0,0.026448290795087814
FR019859,0,0.16946378350257874
FR013792,0,0.05172969773411751
FR017774,0,0.005106134340167046
FR016706,0,0.016868598759174347
FR019721,0,0.009306112304329872
FR007243,0,0.029222607612609863
FR011038,0,0.003579383948817849
FR013936,0,0.04944857582449913
FR017006,0,0.08651193231344223
FR018716,0,0.004444048274308443
FR007667,0,0.009534982964396477
FR017714,0,0.005061429459601641
FR011553,0,0.008723581209778786
FR016330,0,0.011154375970363617
FR011496,0,0.007467472460120916
FR016481,0,0.013241350650787354
FR005475,0,0.008995064534246922
FR013501,0,0.026878515258431435
FR018185,0,0.03565468639135361
FR002075,0,0.0082748057320714
FR008205,0,0.009670348837971687
FR001762,0,0.01158521231263876
FR015331,0,0.005450921133160591
FR007257,0,0.03972906246781349
FR017791,0,0.02403085120022297
FR005504,0,0.02664642035961151
FR011037,0,0.008227117359638214
FR009691,0,0.00952448695898056
FR016237,0,0.005581322591751814
FR007178,0,0.016197657212615013
FR009162,0,0.0039491732604801655
FR003736,0,0.0034503822680562735
FR005233,0,0.009930613450706005
FR011706,0,0.005983266979455948
FR003334,0,0.01127600483596325
FR012146,0,0.005938258953392506
FR005722,0,0.0037133656442165375
FR005899,0,0.06371157616376877
FR004912,0,0.01606079563498497
FR008487,0,0.005243605002760887
FR002986,0,0.006716983392834663
FR013414,0,0.034973081201314926
FR007252,0,0.010207310318946838
FR014790,0,0.0070528001524508
FR000071,0,0.005296199582517147
FR012365,1,0.14788199961185455
FR019441,0,0.00337725761346519
FR018300,0,0.015475564636290073
FR012372,0,0.004867133218795061
FR006560,0,0.006476979702711105
FR005183,0,0.006130298599600792
FR013470,0,0.0074021522887051105
FR003754,0,0.0035632012877613306
FR009440,0,0.0066693988628685474
FR011521,0,0.0036221379414200783
FR005875,0,0.006728241685777903
FR003635,0,0.020692240446805954
FR001353,0,0.007204312365502119
FR014137,0,0.009619718417525291
FR005687,0,0.025089746341109276
FR010726,0,0.009358511306345463
FR001308,0,0.009314407594501972
FR008660,0,0.008998868986964226
FR015970,0,0.008582538925111294
FR002066,0,0.013681245967745781
FR014335,0,0.003778965910896659
FR016121,0,0.007201641798019409
FR012346,0,0.008688054978847504
FR018064,0,0.004655805882066488
FR013795,0,0.022557366639375687
FR000596,0,0.036250412464141846
FR008535,0,0.01705741696059704
FR005740,1,0.004361234605312347
FR001538,0,0.006925904657691717
FR011575,0,0.010046704672276974
FR007999,0,0.023376617580652237
FR000039,0,0.009099441580474377
FR000179,0,0.0182265006005764
FR019047,0,0.027166057378053665
FR011454,0,0.014989917166531086
FR003110,0,0.02443302795290947
FR008821,0,0.010996205732226372
FR002091,0,0.0073354728519916534
FR001804,0,0.008209836669266224
FR007127,0,0.0037094266153872013
FR014195,0,0.026008501648902893
FR016604,0,0.0052621024660766125
FR015098,0,0.005112780723720789
FR016002,0,0.022427530959248543
FR018452,0,0.012208799831569195
FR002258,0,0.0055120233446359634
FR004506,0,0.004313385114073753
FR013283,0,0.011762401089072227
FR017082,0,0.004341835621744394
FR009754,0,0.005785951856523752
FR011634,0,0.010646190494298935
FR012077,0,0.01547847781330347
FR017287,0,0.006991363596171141
FR001476,0,0.015175651758909225
FR016401,0,0.017910616472363472
FR014206,0,0.005447959527373314
FR007706,0,0.005877618212252855
FR018598,0,0.005967084318399429
FR018715,0,0.0246178787201643
FR004161,0,0.00463860621675849
FR013263,0,0.003690308192744851
FR005683,0,0.03482673317193985
FR007274,0,0.007941449992358685
FR010411,0,0.029350629076361656
FR000184,0,0.020222444087266922
FR010092,0,0.005419054999947548
FR017702,0,0.005691662430763245
FR008293,0,0.004876898601651192
FR002677,0,0.009275958873331547
FR011307,0,0.007506310008466244
FR002358,0,0.006285808049142361
FR007389,0,0.006753015797585249
FR009318,0,0.006587487179785967
FR012825,0,0.006847463548183441
FR006442,0,0.010768387466669083
FR019178,0,0.04036685824394226
FR002185,0,0.010894319042563438
FR006623,0,0.006255945190787315
FR001765,0,0.004012726247310638
FR006460,0,0.019349446520209312
FR018333,0,0.004870351403951645
FR017010,0,0.010192396119236946
FR002567,0,0.004825499840080738
FR011719,0,0.007889953441917896
FR003992,0,0.013576701283454895
FR011083,0,0.007511053700000048
FR002330,0,0.03248703479766846
FR003328,0,0.007128462195396423
FR013322,0,0.003543335013091564
FR006797,0,0.008067892864346504
FR002070,0,0.0053504654206335545
FR006715,0,0.048971403390169144
FR002418,0,0.010930727235972881
FR001466,0,0.007798860315233469
FR003598,0,0.012254768051207066
FR002424,0,0.01079290360212326
FR015450,0,0.012519021518528461
FR003537,0,0.0032253803219646215
FR014558,0,0.00661255419254303
FR005037,0,0.004102067556232214
FR013453,0,0.004576115868985653
FR002835,0,0.007638727780431509
FR015417,0,0.003953480161726475
FR009743,0,0.012345388531684875
FR009323,0,0.02022227831184864
FR004955,0,0.013233764097094536
FR012101,0,0.008217819966375828
FR000599,0,0.004277762025594711
FR007898,0,0.00898784026503563
FR001716,0,0.008209879510104656
FR007568,0,0.01344215963035822
FR001002,0,0.013347409665584564
FR019000,0,0.00569891044870019
FR019624,0,0.006467848550528288
FR004613,0,0.008154571056365967
FR019983,0,0.005075650289654732
FR002664,1,0.04392264410853386
FR000360,0,0.012882937677204609
FR001431,0,0.021550044417381287
FR008577,0,0.002948927693068981
FR006453,0,0.021577993407845497
FR011651,0,0.010435942560434341
FR006405,0,0.014842396602034569
FR018890,0,0.008447891101241112
FR003273,0,0.01010188553482294
FR000043,0,0.0035618471447378397
FR016853,0,0.006651019677519798
FR007614,0,0.009350989945232868
FR003276,0,0.01609937660396099
FR011063,0,0.017159264534711838
FR017671,0,0.004826159216463566
FR018054,0,0.013607305474579334
FR004033,1,0.004331440199166536
FR006728,0,0.006930248811841011
FR006470,0,0.003725343616679311
FR007251,0,0.006327237002551556
FR016834,0,0.00398664316162467
FR019339,0,0.014023432508111
FR009726,0,0.03392652049660683
FR016787,0,0.014681186527013779
FR008543,0,0.010873175226151943
FR007937,0,0.005797956604510546
FR000024,0,0.005106122232973576
FR005061,0,0.008352326229214668
FR000097,0,0.010874539613723755
FR000514,0,0.13522128760814667
FR002179,0,0.12199171632528305
FR003034,0,0.014768345281481743
FR006888,0,0.006019121501594782
FR001700,0,0.00825148168951273
FR011967,0,0.007200560998171568
FR008235,0,0.004645681008696556
FR000589,0,0.006815835367888212
FR004074,0,0.005479531828314066
FR019066,0,0.06667464226484299
FR015041,0,0.01634846068918705
FR009125,0,0.004262448288500309
FR009228,0,0.009365339763462543
FR018844,0,0.004822365939617157
FR016772,0,0.006603943184018135
FR016006,0,0.00694743636995554
FR013544,0,0.0033340281806886196
FR003656,0,0.005960978101938963
FR015713,0,0.008796707727015018
FR018181,0,0.0032074847258627415
FR019015,0,0.005263578146696091
FR014756,0,0.014154822565615177
FR015697,0,0.009677763096988201
FR018042,0,0.00460068928077817
FR008071,0,0.00970130879431963
FR000985,0,0.0133742680773139
FR005351,0,0.004569949582219124
FR006791,0,0.004222286865115166
FR006237,0,0.009416814893484116
FR007856,0,0.010445870459079742
FR013611,0,0.007309573702514172
FR012181,0,0.004379595629870892
FR008973,0,0.008711738511919975
FR009997,0,0.06412658840417862
FR003863,0,0.01487200241535902
FR001846,0,0.003111764555796981
FR014042,0,0.0045014494098722935
FR008290,0,0.015497134067118168
FR013265,0,0.02261579968035221
FR000424,0,0.005968690849840641
FR000681,0,0.009855703450739384
FR003244,0,0.041445646435022354
FR013788,0,0.005964929237961769
FR001732,0,0.05341421067714691
FR007455,0,0.00834196899086237
FR004971,0,0.007180290762335062
FR017874,0,0.004523593466728926
FR004528,0,0.013349293731153011
FR008365,0,0.01124151237308979
FR017919,0,0.12774862349033356
FR009461,0,0.030014410614967346
FR019513,0,0.019362179562449455
FR008886,0,0.009160147979855537
FR004810,0,0.006803637836128473
FR018792,0,0.004523810464888811
FR002849,0,0.007583120837807655
FR018643,0,0.012251230888068676
FR008992,0,0.0034151263535022736
FR006272,0,0.01918141171336174
FR009547,0,0.007973535917699337
FR013440,0,0.009068949148058891
FR013918,0,0.04559621214866638
FR010256,0,0.008917054161429405
FR002648,0,0.00818605162203312
FR005180,0,0.00488813454285264
FR009675,0,0.0035203846637159586
FR001874,0,0.007500184699892998
FR019356,0,0.0072492207400500774
FR000564,0,0.006010537035763264
FR019461,0,0.0054198675788939
FR003189,0,0.019333506003022194
FR001442,0,0.005983865819871426
FR018589,0,0.07960650324821472
FR000914,0,0.0061575137078762054
FR012532,0,0.00850947666913271
FR004610,0,0.006695983465760946
FR001059,0,0.00848916731774807
FR011178,0,0.00818159244954586
FR016625,0,0.006419380195438862
FR008285,0,0.004701838828623295
FR007727,0,0.006332536693662405
FR016821,0,0.007901361212134361
FR016034,0,0.02632082626223564
FR007449,0,0.006684022024273872
FR004798,0,0.015998700633645058
FR007959,0,0.02092692255973816
FR014515,0,0.0053390939719974995
FR005824,0,0.004451214335858822
FR017523,0,0.007531966082751751
FR015028,0,0.013461435213685036
FR009463,0,0.025834109634160995
FR016536,0,0.0060770269483327866
FR016457,0,0.018844975158572197
FR017126,0,0.0041541364043951035
FR001180,0,0.02810080349445343
FR007135,0,0.02938712202012539
FR014593,0,0.01605948433279991
FR002451,1,0.01361941359937191
FR001241,0,0.03625265136361122
FR001548,0,0.04032745957374573
FR011822,0,0.04439100995659828
FR019744,0,0.044940318912267685
FR004097,0,0.01812605746090412
FR011617,0,0.009092772379517555
FR018396,0,0.00416517024859786
FR018201,0,0.012375390157103539
FR005265,0,0.00580701744183898
FR001932,0,0.004753825720399618
FR004569,0,0.009054596535861492
FR001563,0,0.0036701124627143145
FR010796,0,0.0065282429568469524
FR006297,0,0.05000585690140724
FR003071,0,0.009766411036252975
FR004083,0,0.020219024270772934
FR007745,0,0.01884622313082218
FR003688,0,0.005102661903947592
FR013154,0,0.02594357542693615
FR005055,0,0.03744181618094444
FR017914,0,0.00437717791646719
FR006371,0,0.00779002858325839
FR003450,0,0.0043781050480902195
FR010967,0,0.036566585302352905
FR019012,0,0.005818979814648628
FR010238,0,0.005075695924460888
FR006295,0,0.004974715877324343
FR006193,0,0.020130500197410583
FR008090,0,0.011458038352429867
FR003155,0,0.01012047566473484
FR003520,0,0.005815417040139437
FR002048,0,0.005889661610126495
FR011197,0,0.0038969339802861214
FR001674,0,0.005259187892079353
FR018564,0,0.11210297048091888
FR017986,0,0.009866318665444851
FR001423,0,0.005788434762507677
FR009610,0,0.029762106016278267
FR005674,0,0.004031189251691103
FR000419,0,0.002934869611635804
FR011869,0,0.02266114018857479
FR019189,0,0.01802230440080166
FR005963,0,0.009200059808790684
FR005736,0,0.029903389513492584
FR013035,0,0.10607314854860306
FR005457,0,0.03815659508109093
FR009258,0,0.004347099456936121
FR004225,0,0.006064324174076319
FR010956,0,0.008795796893537045
FR007299,0,0.031901683658361435
FR014332,0,0.01603761687874794
FR008221,0,0.006093485746532679
FR004813,0,0.021558411419391632
FR003928,0,0.044568490236997604
FR016477,0,0.007836875505745411
FR013228,1,0.03262442350387573
FR010140,0,0.006394607480615377
FR007540,0,0.006873053964227438
FR000483,0,0.01678326353430748
FR006067,0,0.008461634628474712
FR006162,0,0.004968931898474693
FR016308,0,0.009546356275677681
FR004571,0,0.008468477986752987
FR004577,0,0.008955517783761024
FR016181,0,0.007465009111911058
FR007490,0,0.02973262593150139
FR006627,0,0.0041304281912744045
FR018347,0,0.03932366520166397
FR006004,0,0.01596294902265072
FR006845,0,0.020303864032030106
FR014205,0,0.010558625683188438
FR017587,0,0.015752693638205528
FR009226,0,0.003215591423213482
FR003554,0,0.01027466170489788
FR013964,0,0.0044102114625275135
FR010693,0,0.011052108369767666
FR018411,0,0.012715324759483337
FR004322,0,0.009101948700845242
FR002937,0,0.0641944631934166
FR007710,0,0.023146100342273712
FR001633,0,0.0071241301484405994
FR010511,0,0.008424493484199047
FR001584,0,0.03353939205408096
FR009470,0,0.007799546234309673
FR006488,0,0.0075247762724757195
FR004259,0,0.003213008400052786
FR002649,0,0.01543695479631424
FR017234,0,0.030636969953775406
FR018512,0,0.004195544868707657
FR009230,0,0.16713228821754456
FR004993,0,0.00953017920255661
FR000663,0,0.004188643302768469
FR005896,0,0.005691044963896275
FR016109,0,0.0049241832457482815
FR008344,0,0.03436480462551117
FR019458,0,0.011811339296400547
FR014660,0,0.008675510063767433
FR013655,0,0.023789910599589348
FR006516,0,0.010694367811083794
FR005708,0,0.008545821532607079
FR016404,0,0.00609106058254838
FR010797,0,0.09157466888427734
FR000883,0,0.0030954827088862658
FR009179,0,0.010641436092555523
FR003457,0,0.018644437193870544
FR019835,0,0.01841164007782936
FR019348,0,0.012247562408447266
FR006997,0,0.009627913124859333
FR013378,0,0.0043182638473808765
FR018303,0,0.02446286380290985
FR017619,0,0.010251480154693127
FR010536,0,0.051389530301094055
FR005596,0,0.014020227827131748
FR011376,0,0.014365487731993198
FR008552,0,0.010147730819880962
FR012250,0,0.013441053219139576
FR000528,0,0.02036607638001442
FR004450,1,0.024310316890478134
FR015995,0,0.010039863176643848
FR003472,0,0.013520530425012112
FR003763,0,0.2707445025444031
FR008643,0,0.022834012284874916
FR011309,0,0.005972234066575766
FR009989,0,0.015988638624548912
FR006809,0,0.11423618346452713
FR008493,0,0.01123611256480217
FR010314,0,0.012004437856376171
FR016250,0,0.03952823206782341
FR007133,0,0.008752534165978432
FR014671,0,0.008166879415512085
FR009595,0,0.021378064528107643
FR001268,0,0.03515707328915596
FR019478,0,0.01079956442117691
FR010639,0,0.009110765531659126
FR001328,0,0.030570123344659805
FR001514,0,0.07298441231250763
FR012171,0,0.04544505849480629
FR019594,0,0.009716538712382317
FR017436,0,0.01228178758174181
FR005015,0,0.00689621502533555
FR001339,0,0.007916798815131187
FR010294,0,0.006150986533612013
FR004531,0,0.004666316322982311
FR007046,0,0.0603296160697937
FR000460,0,0.008000291883945465
FR012020,0,0.004285273142158985
FR017143,0,0.002336180303245783
FR008064,0,0.005761530250310898
FR006059,0,0.006653127260506153
FR000513,0,0.007678693626075983
FR012727,0,0.006231415085494518
FR017067,0,0.005125255789607763
FR000630,0,0.005584456492215395
FR005407,0,0.010501783341169357
FR003348,0,0.024429192766547203
FR014866,0,0.20208460092544556
FR012767,0,0.019968921318650246
FR008194,0,0.015450780279934406
FR003041,0,0.012310842052102089
FR003930,1,0.7889167070388794
FR011752,0,0.04335104301571846
FR014252,0,0.06513068079948425
FR002845,1,0.05507289245724678
FR017222,0,0.004334787372499704
FR010534,0,0.0056443591602146626
FR008943,0,0.1403520256280899
FR009393,1,0.011516076512634754
FR007743,0,0.007605059538036585
FR011297,0,0.010181217454373837
FR018016,0,0.011278524994850159
FR004946,0,0.011491513811051846
FR002331,0,0.011963194236159325
FR001341,0,0.015604428015649319
FR012732,0,0.004808771423995495
FR000264,0,0.006153056398034096
FR017731,0,0.009238815866410732
FR017297,0,0.00509114982560277
FR001777,0,0.010341442190110683
FR010377,0,0.007243176456540823
FR010779,0,0.006412608083337545
FR005569,0,0.028515765443444252
FR011462,0,0.011170575395226479
FR012228,0,0.0034820770379155874
FR001158,0,0.006374213844537735
FR012857,0,0.012744337320327759
FR008154,0,0.007622912526130676
FR006465,0,0.024993233382701874
FR019485,0,0.029242893680930138
FR017131,0,0.015852024778723717
FR010478,0,0.005364436190575361
FR006147,0,0.008799003437161446
FR013681,0,0.00899602472782135
FR004348,0,0.005518326070159674
FR013557,1,0.564892590045929
FR009441,0,0.01935257390141487
FR007897,0,0.006047295406460762
FR016738,1,0.013601130805909634
FR018234,0,0.002330687828361988
FR017533,1,0.720989465713501
FR004922,0,0.002972594927996397
FR007315,0,0.007256014738231897
FR001031,0,0.027355698868632317
FR010243,0,0.013113493099808693
FR002509,0,0.007475983817130327
FR015141,0,0.020128073170781136
FR015150,0,0.0032948972657322884
FR013430,0,0.01922438107430935
FR019472,0,0.014413489028811455
FR014923,0,0.006127794273197651
FR002562,0,0.06486925482749939
FR012856,0,0.010836916044354439
FR000441,0,0.01121256873011589
FR006650,0,0.008205105550587177
FR011764,0,0.0055913301184773445
FR007571,0,0.0075447275303304195
FR012384,0,0.0060666934587061405
FR006394,0,0.010278488509356976
FR019528,0,0.011412984691560268
FR001291,0,0.008509431965649128
FR012046,0,0.002484409837052226
FR018568,0,0.004236553329974413
FR017153,0,0.004035077523440123
FR009717,0,0.006425742991268635
FR012913,0,0.010910830460488796
FR006415,0,0.005833839997649193
FR005416,0,0.00445055915042758
FR014470,0,0.008429625071585178
FR016267,0,0.014469916000962257
FR001280,0,0.0102847283706069
FR010266,0,0.015691522508859634
FR012575,0,0.019801806658506393
FR009831,0,0.028999214991927147
FR011947,0,0.017448019236326218
FR006306,1,0.04195926710963249
FR003743,0,0.004949869122356176
FR009243,0,0.00898932758718729
FR008224,0,0.008868341334164143
FR000902,0,0.0054366267286241055
FR011150,0,0.004060469102114439
FR017033,0,0.008478858508169651
FR016752,0,0.017299754545092583
FR009030,0,0.01047753170132637
FR014899,0,0.011432018131017685
FR001398,0,0.006201503798365593
FR001930,0,0.005135886836796999
FR002716,0,0.03062140941619873
FR009260,0,0.019055895507335663
FR003435,0,0.013085820712149143
FR013249,0,0.0067426227033138275
FR007076,0,0.0030283445958048105
FR008622,0,0.013789416290819645
FR012815,0,0.010381914675235748
FR002831,0,0.008913354948163033
FR007987,0,0.020655298605561256
FR005269,0,0.010819260030984879
FR011245,0,0.008102290332317352
FR012110,0,0.014980182982981205
FR014662,0,0.006086059845983982
FR011536,0,0.013769783079624176
FR002000,0,0.004445778671652079
FR014208,0,0.014989458955824375
FR010954,0,0.0275653675198555
FR012281,0,0.004268082324415445
FR004505,0,0.006118061952292919
FR007629,0,0.011329062283039093
FR018506,0,0.01319892704486847
FR014191,0,0.019167564809322357
FR002595,0,0.004214735236018896
FR014006,0,0.0042952788062393665
FR008822,0,0.008774267509579659
FR008139,0,0.006383501458913088
FR016274,0,0.022890662774443626
FR019769,0,0.004715000279247761
FR016569,0,0.009021421894431114
FR010670,0,0.007201482076197863
FR007953,0,0.015753263607621193
FR016611,0,0.004685132298618555
FR005249,0,0.021031789481639862
FR012225,0,0.03215803951025009
FR008313,0,0.009825123474001884
FR006920,0,0.005559881683439016
FR002894,0,0.00525414664298296
FR006670,0,0.013032855466008186
FR008432,0,0.02221318706870079
FR011570,0,0.00410848343744874
FR003588,0,0.00461827265098691
FR016443,0,0.010959344916045666
FR007527,0,0.008131305687129498
FR008025,0,0.008271167054772377
FR002175,0,0.006270678248256445
FR015496,0,0.00786973349750042
FR010407,0,0.006567807402461767
FR019696,1,0.15444068610668182
FR003229,0,0.005917634814977646
FR000799,0,0.006767587270587683
FR007923,0,0.006031700875610113
FR015935,0,0.0024713086895644665
FR002993,0,0.004771160893142223
FR000507,1,0.1914171576499939
FR014301,0,0.027656201273202896
FR006558,0,0.05703192204236984
FR017470,0,0.00553767429664731
FR002525,0,0.02238892950117588
FR013281,0,0.006509547121822834
FR007838,0,0.010613924823701382
FR016045,0,0.005717795342206955
FR017485,0,0.003746219677850604
FR013073,0,0.027658648788928986
FR014466,0,0.03787706047296524
FR012422,0,0.010155968368053436
FR006673,0,0.015447930432856083
FR007622,0,0.020051367580890656
FR018365,0,0.006379340775310993
FR006638,0,0.00402378523722291
FR003161,0,0.005223115440458059
FR012344,0,0.06751322746276855
FR005404,0,0.01738755591213703
FR004540,0,0.0076866839081048965
FR000590,0,0.007011373993009329
FR000141,0,0.0114319808781147
FR014860,0,0.02078680880367756
FR004854,0,0.009999427944421768
FR018256,0,0.008891729637980461
FR015101,0,0.004475880414247513
FR013115,0,0.012894858606159687
FR018909,0,0.004363417625427246
FR006846,0,0.016725417226552963
FR008123,0,0.01439459528774023
FR001877,0,0.019591400399804115
FR004555,0,0.0037364724557846785
FR002718,0,0.00945476908236742
FR012638,0,0.007990643382072449
FR010712,0,0.009245448745787144
FR001080,0,0.007633619010448456
FR006536,0,0.011641275137662888
FR019501,0,0.04083281755447388
FR015127,0,0.006146685220301151
FR000831,0,0.008353953249752522
FR008861,0,0.00648353761062026
FR006874,0,0.013805949129164219
FR003962,0,0.005171279888600111
FR019912,0,0.012643222697079182
FR019331,0,0.09646359831094742
FR006634,0,0.0112493010237813
FR007496,0,0.007746074814349413
FR006323,1,0.7734825015068054
FR015628,0,0.011293801479041576
FR005458,0,0.015432221814990044
FR007514,0,0.007043316029012203
FR014124,0,0.003985335119068623
FR019643,0,0.0029102819971740246
FR002654,0,0.014868110418319702
FR013460,0,0.006098137237131596
FR008181,0,0.07052647322416306
FR000100,0,0.003954629879444838
FR007205,0,0.007427212316542864
FR006007,0,0.012579534202814102
FR018905,0,0.00454184552654624
FR017403,0,0.015453203581273556
FR012309,0,0.006473170127719641
FR016196,0,0.023282883688807487
FR000988,0,0.010817325673997402
FR005048,0,0.008845950476825237
FR006682,0,0.007773022633045912
FR010987,0,0.02488778345286846
FR013038,0,0.005859260447323322
FR010730,0,0.0064464439637959
FR001802,0,0.022907966747879982
FR014446,0,0.005144060123711824
FR007744,0,0.007255489472299814
FR015912,0,0.010898245498538017
FR015662,0,0.0049943686462938786
FR016982,0,0.006656743120402098
FR015401,0,0.03418311849236488
FR010207,0,0.00911730621010065
FR000539,0,0.006978877354413271
FR006535,0,0.010593393817543983
FR010595,0,0.01636265218257904
FR005374,0,0.007368159014731646
FR014331,0,0.008478045463562012
FR004209,0,0.0077904267236590385
FR005716,0,0.006705838721245527
FR004117,0,0.024400826543569565
FR003314,0,0.0029776161536574364
FR018954,0,0.01412559486925602
FR003587,0,0.0074293180368840694
FR010988,0,0.004754913505166769
FR015435,0,0.006005317438393831
FR011642,0,0.03356265276670456
FR010997,0,0.008017604239284992
FR012473,0,0.022723643109202385
FR000953,0,0.008722386322915554
FR003133,0,0.005821659695357084
FR012525,0,0.035863593220710754
FR014757,0,0.004219449125230312
FR000371,0,0.014459862373769283
FR007130,0,0.007693571969866753
FR016292,0,0.007505443412810564
FR007169,0,0.039259497076272964
FR006823,0,0.007240478880703449
FR002535,0,0.0054353042505681515
FR007960,0,0.004694280214607716
FR005355,0,0.005185049492865801
FR007359,0,0.00947497971355915
FR008112,0,0.011550444178283215
FR000612,0,0.006572868209332228
FR014813,0,0.006425514351576567
FR014791,0,0.004511618986725807
FR006403,0,0.00602303072810173
FR013570,0,0.004198617767542601
FR013805,0,0.00567740248516202
FR006130,0,0.010977272875607014
FR009326,0,0.003939465153962374
FR017742,0,0.005421665031462908
FR000798,0,0.035869453102350235
FR009171,0,0.03241745010018349
FR000347,0,0.006576571147888899
FR012749,0,0.04192274436354637
FR007640,0,0.006074852775782347
FR010324,0,0.004271666519343853
FR000721,0,0.005588994827121496
FR013145,1,0.09786181896924973
FR018368,0,0.0031816093251109123
FR018175,0,0.009593278169631958
FR019431,0,0.05956010892987251
FR015325,0,0.006924265064299107
FR009151,0,0.007891428656876087
FR008633,0,0.007334552239626646
FR019610,0,0.0025769888889044523
FR019502,0,0.0040867263451218605
FR003571,0,0.005899258889257908
FR017936,0,0.007847758010029793
FR018211,0,0.009591810405254364
FR011969,0,0.0068800197914242744
FR004301,1,0.0958334356546402
FR003200,0,0.01038372702896595
FR014829,0,0.003986230585724115
FR001848,0,0.004994131624698639
FR008675,0,0.010670400224626064
FR013086,0,0.004448195919394493
FR007902,0,0.004082333296537399
FR015026,0,0.002919446676969528
FR009600,0,0.054363347589969635
FR010392,0,0.0044659096747636795
FR016680,0,0.017063885927200317
FR015213,0,0.0197864081710577
FR006024,0,0.006821702234447002
FR012339,0,0.009331640787422657
FR018708,0,0.006527797784656286
FR013620,0,0.003157075261697173
FR008686,0,0.007275147829204798
FR015734,0,0.009707770310342312
FR015855,0,0.003808649256825447
FR015510,0,0.0029618162661790848
FR007885,0,0.011002528481185436
FR011658,0,0.006094488315284252
FR000971,0,0.020604759454727173
FR010290,0,0.006932208314538002
FR003841,0,0.019987327978014946
FR019668,0,0.009038412943482399
FR004507,0,0.39446204900741577
FR019271,0,0.006764901801943779
FR000384,0,0.007434013765305281
FR015936,0,0.029510727152228355
FR005166,0,0.00599661422893405
FR003704,0,0.006558719556778669
FR007545,0,0.006062680389732122
FR009972,0,0.024017255753278732
FR012241,0,0.00828771386295557
FR008261,0,0.0030885084997862577
FR007386,0,0.05263948440551758
FR005953,0,0.0035681803710758686
FR001658,0,0.013341971673071384
FR004941,0,0.003608849598094821
FR004624,0,0.005326063372194767
FR019989,0,0.0056322356685996056
FR013906,0,0.022064024582505226
FR016101,0,0.008148028515279293
FR005215,0,0.0030748655553907156
FR015208,0,0.013864828273653984
FR001712,0,0.0035480018705129623
FR018046,0,0.007183017674833536
FR002222,0,0.0059833950363099575
FR009360,0,0.0038334978744387627
FR003703,0,0.01472777035087347
FR014097,0,0.012438496574759483
FR001013,0,0.003544443054124713
FR006249,0,0.006555706262588501
FR012620,0,0.005804768763482571
FR016582,0,0.015577510930597782
FR018412,0,0.007645450532436371
FR011256,0,0.0053489916026592255
FR008078,0,0.009475204162299633
FR001421,0,0.006471078842878342
FR002333,0,0.003984822425991297
FR002935,0,0.008052201010286808
FR002629,0,0.004786872770637274
FR000301,0,0.013500244356691837
FR001365,0,0.008469928056001663
FR004052,0,0.009807798080146313
FR004268,0,0.01473298855125904
FR010539,0,0.018949737772345543
FR017676,0,0.0044340831227600574
FR012616,0,0.00791754387319088
FR001585,0,0.0028187891002744436
FR007356,0,0.006499479990452528
FR017370,0,0.00711808493360877
FR014043,0,0.0038381493650376797
FR006261,0,0.004827788099646568
FR013689,0,0.008474454283714294
FR005472,0,0.005157474894076586
FR017342,0,0.010000201873481274
FR017510,0,0.00863451138138771
FR016062,0,0.009080779738724232
FR019522,0,0.006506133824586868
FR000540,0,0.006212395150214434
FR017089,0,0.005165155045688152
FR003002,0,0.005193554330617189
FR013456,0,0.013604323379695415
FR010343,0,0.005597773473709822
FR011039,0,0.0084104398265481
FR015337,0,0.008177855983376503
FR000911,0,0.009754308499395847
FR003285,0,0.010489878244698048
FR004564,0,0.010870590806007385
FR007388,0,0.01075312402099371
FR005223,1,0.6823743581771851
FR004863,0,0.004446655046194792
FR012311,0,0.005414007697254419
FR016997,0,0.12306501716375351
FR019504,0,0.01792510785162449
FR015457,0,0.018413200974464417
FR011071,0,0.010356005281209946
FR010877,0,0.20944350957870483
FR005462,0,0.005278411321341991
FR017277,0,0.022729679942131042
FR000310,0,0.0091164018958807
FR010091,0,0.009348195046186447
FR003786,0,0.006938943639397621
FR010883,0,0.0057553877122700214
FR009777,0,0.049748849123716354
FR007361,0,0.00802862923592329
FR016025,0,0.006022965535521507
FR000593,0,0.005617971532046795
FR014199,0,0.03859999403357506
FR013185,0,0.015412021428346634
FR007319,0,0.02548384666442871
FR016049,0,0.014965568669140339
FR014874,0,0.0026116573717445135
FR008339,0,0.003471139119938016
FR009599,0,0.009612701833248138
FR010486,0,0.008076655678451061
FR005524,0,0.004082980565726757
FR001207,0,0.011931796558201313
FR015764,0,0.015679102391004562
FR007994,0,0.007974742911756039
FR007827,0,0.008886885829269886
FR014031,0,0.005171900149434805
FR015446,0,0.0060102068819105625
FR008903,0,0.007785889785736799
FR015376,0,0.02117088809609413
FR002195,0,0.005477034952491522
FR009215,0,0.010186124593019485
FR017430,0,0.004393518902361393
FR001418,0,0.018277890980243683
FR002019,0,0.01929953694343567
FR000790,0,0.0073399911634624004
FR001662,0,0.15249504148960114
FR010854,0,0.00380919617600739
FR000231,0,0.004561045207083225
FR012980,0,0.004687948152422905
FR007979,0,0.0032122614793479443
FR007231,0,0.011577787809073925
FR005235,0,0.038713883608579636
FR016110,0,0.006535446271300316
FR003684,0,0.018192192539572716
FR019737,0,0.026388533413410187
FR019832,0,0.0030147400684654713
FR010220,0,0.011636733077466488
FR011782,0,0.00406459579244256
FR003876,0,0.004397437907755375
FR006502,0,0.007742711808532476
FR007290,0,0.011249932460486889
FR007519,0,0.008005266077816486
FR014774,0,0.009750868193805218
FR012894,0,0.005087574012577534
FR005182,0,0.004143519792705774
FR002153,0,0.007748153991997242
FR019215,0,0.008122722618281841
FR009533,0,0.004850459285080433
FR013010,0,0.05004161596298218
FR014924,0,0.0051902965642511845
FR005044,0,0.010061193257570267
FR000855,0,0.0032644844613969326
FR014010,0,0.007563935127109289
FR004734,0,0.005264439154416323
FR008155,0,0.006735428236424923
FR005237,0,0.010373128578066826
FR013227,0,0.05467873066663742
FR010958,0,0.004943820182234049
FR013045,0,0.005171988625079393
FR010808,0,0.02140284702181816
FR015531,0,0.009783372282981873
FR013354,0,0.006410705856978893
FR010615,0,0.007056805305182934
FR002575,0,0.004757434595376253
FR018092,0,0.005454041995108128
FR010908,0,0.0075883399695158005
FR002162,0,0.017071332782506943
FR009475,0,0.006376808509230614
FR003998,0,0.006592721678316593
FR019761,0,0.011131886392831802
FR008647,0,0.006915824022144079
FR013307,0,0.004952474497258663
FR007083,0,0.012463097460567951
FR017816,0,0.010346460156142712
FR014930,0,0.011261490173637867
FR019364,0,0.011738005094230175
FR010482,0,0.004165575373917818
FR008357,0,0.013682558201253414
FR010412,0,0.006042121909558773
FR005869,0,0.0073212082497775555
FR011375,0,0.012274356558918953
FR014254,0,0.005607786122709513
FR002288,0,0.004959712736308575
FR012417,0,0.014575487934052944
FR003425,0,0.008252999745309353
FR000199,1,0.11362192034721375
FR006043,0,0.026868488639593124
FR019151,0,0.006812059786170721
FR014859,0,0.007921305485069752
FR005443,0,0.004395269323140383
FR004501,0,0.005398833658546209
FR010115,0,0.004396800883114338
FR015143,0,0.007574079092592001
FR017012,0,0.024567509070038795
FR011029,0,0.009259164333343506
FR011352,0,0.01177181676030159
FR003986,1,0.04024556651711464
FR015620,0,0.03173735365271568
FR001951,0,0.00712954206392169
FR003915,0,0.059925805777311325
FR010178,0,0.012656140141189098
FR019960,0,0.002402040408924222
FR010204,0,0.05410821735858917
FR005669,0,0.008851960301399231
FR015968,0,0.0075408401899039745
FR001177,0,0.005101797636598349
FR004264,0,0.04060860350728035
FR008593,0,0.02988359145820141
FR011770,0,0.017984315752983093
FR009650,0,0.008016110397875309
FR018992,0,0.018039098009467125
FR012011,0,0.012475510127842426
FR016697,0,0.009181305766105652
FR003231,0,0.01149278599768877
FR014921,0,0.018949706107378006
FR004308,0,0.009515094570815563
FR007182,0,0.016620775684714317
FR012174,0,0.010763304308056831
FR005442,0,0.08719515055418015
FR016551,0,0.0048805843107402325
FR017024,0,0.018123596906661987
FR012813,0,0.025268392637372017
FR009741,0,0.0150469820946455
FR006473,0,0.011412871070206165
FR007526,0,0.011050253175199032
FR014170,0,0.007073644548654556
FR009382,0,0.02278873138129711
FR011968,0,0.012136234901845455
FR018740,0,0.009992387145757675
FR001144,0,0.008284916169941425
FR013302,0,0.0775865912437439
FR010318,0,0.007163779344409704
FR005213,0,0.007653678301721811
FR011490,0,0.039235666394233704
FR010938,0,0.004311538301408291
FR016425,0,0.025632577016949654
FR010593,0,0.0036163500044494867
FR011211,0,0.005375073757022619
FR019892,0,0.012115494348108768
FR016964,0,0.006261132657527924
FR009590,0,0.009693845175206661
FR009232,0,0.005646075122058392
FR017683,0,0.03144749626517296
FR001053,0,0.003928167279809713
FR010977,0,0.024746207520365715
FR015166,0,0.003665313823148608
FR015169,0,0.013332885690033436
FR008346,0,0.0026085367426276207
FR004725,0,0.004328202456235886
FR011326,0,0.008488304913043976
FR004861,0,0.01687641255557537
FR013172,0,0.00707172229886055
FR005311,0,0.03977403789758682
FR005670,0,0.007844528183341026
FR000421,0,0.0266474187374115
FR002872,0,0.02559276483952999
FR000138,0,0.006397765129804611
FR002797,0,0.0061881085857748985
FR004760,0,0.03616190701723099
FR000707,0,0.014046617783606052
FR016877,0,0.0057110413908958435
FR018888,0,0.017640521749854088
FR018815,0,0.005608735606074333
FR004584,0,0.0037104578223079443
FR016914,0,0.009926685132086277
FR009368,0,0.015325958840548992
FR018217,0,0.03497391566634178
FR001730,0,0.0042212363332509995
FR016907,0,0.005850296001881361
FR016694,0,0.004467501770704985
FR019674,0,0.004004170652478933
FR007703,0,0.004649316426366568
FR015165,0,0.00923248939216137
FR012386,0,0.00961206667125225
FR015233,0,0.02935621328651905
FR016440,0,0.0045779431238770485
FR007753,0,0.00437307171523571
FR011495,0,0.0034430460073053837
FR002964,0,0.07777751982212067
FR007931,0,0.008429043926298618
FR005703,0,0.004432009998708963
FR002169,0,0.025291807949543
FR002955,0,0.007226384244859219
FR011365,0,0.005720257293432951
FR013203,0,0.010103888809680939
FR018524,0,0.04468083754181862
FR002252,0,0.005431104451417923
FR019003,1,0.007985237054526806
FR001313,0,0.003963414579629898
FR010394,0,0.028791634365916252
FR000113,0,0.00856640562415123
FR005377,0,0.009047689847648144
FR009657,0,0.008989808149635792
FR002764,0,0.009292792528867722
FR001689,0,0.006561963818967342
FR002722,0,0.005823679734021425
FR009494,0,0.01208743080496788
FR004773,0,0.007650727406144142
FR003287,0,0.012149476446211338
FR018856,0,0.005860485602170229
FR011663,0,0.005518966820091009
FR015092,0,0.00679363775998354
FR017054,0,0.004170650616288185
FR002283,0,0.008062048815190792
FR015586,0,0.1051638126373291
FR019817,0,0.006241759285330772
FR004890,0,0.012126252055168152
FR012021,0,0.015515151433646679
FR008459,0,0.002619931474328041
FR007100,0,0.009855996817350388
FR011773,0,0.007125206291675568
FR016501,0,0.012560122646391392
FR009160,0,0.00565609335899353
FR018832,0,0.03868957981467247
FR019872,0,0.021507935598492622
FR007053,0,0.004432346671819687
FR016260,0,0.0038246233016252518
FR002686,0,0.021808665245771408
FR006292,0,0.004066444002091885
FR007934,0,0.012574098072946072
FR019846,0,0.0037958656903356314
FR006240,0,0.008061553351581097
FR000336,0,0.007364877499639988
FR018908,0,0.010109847411513329
FR017755,0,0.02370956353843212
FR013645,0,0.00812043622136116
FR007928,0,0.017185252159833908
FR001960,0,0.0036140040028840303
FR003808,0,0.028979254886507988
FR011880,0,0.004490336403250694
FR004462,0,0.0030108329374343157
FR014531,0,0.006064654793590307
FR003576,0,0.007219439372420311
FR003633,0,0.06772127002477646
FR011698,0,0.007186309900134802
FR005274,0,0.005211725831031799
FR010169,0,0.005115976091474295
FR004964,1,0.011395894922316074
FR017008,0,0.004564347676932812
FR018154,0,0.00397880282253027
FR007647,0,0.0039719776250422
FR013846,0,0.005215821787714958
FR018283,0,0.012541831471025944
FR001558,0,0.006488033104687929
FR019133,0,0.011291549541056156
FR000573,0,0.011153723113238811
FR016947,0,0.004332976881414652
FR007340,0,0.008602219633758068
FR000844,0,0.00988930556923151
FR002884,0,0.027288788929581642
FR000273,0,0.007679877802729607
FR005125,0,0.0074021415784955025
FR016893,0,0.010260381735861301
FR000732,0,0.006584529299288988
FR014323,0,0.024474075064063072
FR000203,0,0.014289528131484985
FR015103,0,0.00755649758502841
FR014970,0,0.015366769395768642
FR006069,0,0.02293347381055355
FR004522,0,0.004140433389693499
FR010360,0,0.005281148478388786
FR002354,0,0.00951481144875288
FR011959,0,0.013531397096812725
FR005787,0,0.01438366062939167
FR005639,0,0.013344917446374893
FR005289,0,0.019672928377985954
FR012909,0,0.013098993338644505
FR003909,0,0.010440710000693798
FR008002,0,0.008796029724180698
FR017251,0,0.010928576812148094
FR001725,0,0.0036557246930897236
FR019731,0,0.016101732850074768
FR019434,0,0.007508537266403437
FR006202,0,0.013310961425304413
FR016820,0,0.016286540776491165
FR001965,0,0.013750252313911915
FR003853,0,0.012468363158404827
FR016114,0,0.022276045754551888
FR012436,0,0.005792986135929823
FR012633,0,0.01544606126844883
FR019550,0,0.011957868933677673
FR002653,0,0.007068736478686333
FR000517,0,0.01735074445605278
FR005057,0,0.1090526282787323
FR019980,0,0.01469926256686449
FR002135,0,0.007294641342014074
FR008005,0,0.005049781873822212
FR012307,0,0.02941053733229637
FR003680,0,0.0405953973531723
FR015129,0,0.04584639146924019
FR008324,0,0.009668937884271145
FR003782,0,0.011136391200125217
FR010492,0,0.005818309728056192
FR019774,0,0.01187463104724884
FR004717,0,0.004268337972462177
FR018857,0,0.01687401533126831
FR017252,0,0.02016018144786358
FR008100,0,0.004257931374013424
FR003888,0,0.006432955618947744
FR007691,0,0.007515075150877237
FR005262,0,0.011570713482797146
FR006128,0,0.006217155139893293
FR006091,0,0.06989188492298126
FR005345,0,0.008539472706615925
FR014049,0,0.018916497007012367
FR003341,0,0.01643422059714794
FR008683,0,0.018987581133842468
FR006960,0,0.004846065305173397
FR006475,0,0.006813359912484884
FR000299,0,0.006457295268774033
FR001438,0,0.013805507682263851
FR013351,0,0.017339423298835754
FR002631,0,0.004699291195720434
FR007646,0,0.0072311582043766975
FR009652,0,0.0040425327606499195
FR011022,0,0.002967891516163945
FR007513,0,0.014822189696133137
FR011475,0,0.004934057593345642
FR016439,0,0.05506899952888489
FR003354,0,0.004576296545565128
FR006250,0,0.004639189690351486
FR010925,0,0.007963411509990692
FR011760,0,0.005838050507009029
FR011331,0,0.006347815040498972
FR015765,0,0.003895416157320142
FR018687,0,0.004456872586160898
FR004342,0,0.01782943867146969
FR007821,0,0.020511850714683533
FR013903,0,0.013561778701841831
FR007484,0,0.0028325458988547325
FR017113,0,0.0048684012144804
FR016766,0,0.14573006331920624
FR011699,0,0.004578608088195324
FR002725,0,0.01307622343301773
FR007054,0,0.004536475986242294
FR008498,0,0.012684050016105175
FR012623,0,0.011510899290442467
FR017019,0,0.0046476260758936405
FR001709,0,0.010997994802892208
FR017249,1,0.03663390874862671
FR010758,0,0.004628101363778114
FR019416,0,0.024637924507260323
FR019509,0,0.021522577852010727
FR011669,0,0.005387980490922928
FR000903,0,0.04431341215968132
FR012478,0,0.0077103315852582455
FR017747,0,0.008252843283116817
FR009895,0,0.01588057167828083
FR004559,0,0.03418014571070671
FR011609,1,0.1615317165851593
FR015966,0,0.004528130870312452
FR013193,0,0.031719598919153214
FR016749,0,0.00606100307777524
FR008050,0,0.004412352107465267
FR016957,0,0.017128275707364082
FR002919,0,0.003989213611930609
FR010296,0,0.005165199749171734
FR006392,0,0.007652631960809231
FR018400,0,0.003542291233316064
FR006851,0,0.004072229843586683
FR013346,0,0.03407476469874382
FR009937,0,0.004813102539628744
FR001645,0,0.004010573495179415
FR014611,1,0.031189335510134697
FR003416,0,0.006269180215895176
FR017013,0,0.01306620892137289
FR009960,0,0.00821902509778738
FR002026,0,0.007599562872201204
FR016115,0,0.015284364111721516
FR013317,0,0.005601942073553801
FR002393,0,0.010210471227765083
FR005259,1,0.016906097531318665
FR004186,0,0.004115151707082987
FR018668,0,0.07454082369804382
FR016913,0,0.011236896738409996
FR017964,0,0.0030309269204735756
FR008855,0,0.008074451237916946
FR009397,0,0.006994227878749371
FR008621,0,0.008708066307008266
FR006550,0,0.012073488906025887
FR000967,0,0.02855703979730606
FR005359,0,0.007977459579706192
FR000188,0,0.0050033931620419025
FR014907,0,0.005710759665817022
FR003878,0,0.004643287044018507
FR014468,0,0.011508990079164505
FR012107,0,0.004395699128508568
FR017336,0,0.007160527165979147
FR004509,0,0.009848424233496189
FR007060,0,0.004294626414775848
FR009874,0,0.014776949770748615
FR018117,0,0.009607002139091492
FR017924,0,0.009383379481732845
FR007927,0,0.024450138211250305
FR015843,0,0.01273162942379713
FR017096,1,0.6606879234313965
FR014543,0,0.007866756059229374
FR018507,0,0.01216883398592472
FR018497,0,0.009190150536596775
FR018224,0,0.017231881618499756
FR000252,0,0.0043663643300533295
FR012254,0,0.018595656380057335
FR016816,0,0.004940659273415804
FR019725,0,0.015916740521788597
FR018353,0,0.023069072514772415
FR004204,0,0.003939207177609205
FR009523,0,0.005925249774008989
FR004417,0,0.010201304219663143
FR013536,0,0.1036348044872284
FR008203,0,0.005882582627236843
FR010264,0,0.00422636466100812
FR003706,0,0.00956456083804369
FR010096,0,0.11156412214040756
FR004701,0,0.010532896965742111
FR012700,0,0.005291802808642387
FR019553,0,0.022140618413686752
FR008119,0,0.005089833401143551
FR015907,0,0.012289032340049744
FR008901,0,0.049647506326436996
FR013548,0,0.040955327451229095
FR005466,0,0.0031145138200372458
FR019306,0,0.003760707098990679
FR010253,0,0.02217339538037777
FR016761,0,0.005187450908124447
FR008557,0,0.125692680478096
FR009694,0,0.005583598744124174
FR007656,0,0.0060398452915251255
FR000629,0,0.00487077422440052
FR001587,0,0.011781733483076096
FR013628,0,0.005985494237393141
FR010328,0,0.02013353258371353
FR011051,0,0.009777793660759926
FR014652,0,0.0044111646711826324
FR010068,0,0.005473467521369457
FR000758,0,0.010382051579654217
FR009273,0,0.004639024380594492
FR017593,0,0.03797665610909462
FR007001,0,0.014772014692425728
FR012189,0,0.03605806082487106
FR012213,0,0.030723385512828827
FR003787,0,0.006451591849327087
FR000190,0,0.006639816798269749
FR012103,0,0.004781360737979412
FR002304,0,0.013246236369013786
FR012117,0,0.01862088218331337
FR019979,0,0.006686022505164146
FR017098,0,0.008459658361971378
FR004904,0,0.007981543429195881
FR017304,0,0.006506066769361496
FR000337,0,0.005610395688563585
FR013385,0,0.018100572749972343
FR002411,0,0.03532931208610535
FR005217,0,0.038913410156965256
FR001226,0,0.005104618147015572
FR001887,0,0.002768884412944317
FR014957,0,0.0036339936777949333
FR004408,0,0.00589608633890748
FR016685,0,0.009174337610602379
FR001736,0,0.005626027472317219
FR017050,0,0.005361304618418217
FR016670,0,0.005303562618792057
FR011269,0,0.022716984152793884
FR005013,0,0.004474342335015535
FR015579,0,0.010740820318460464
FR005198,0,0.006703771185129881
FR019595,0,0.018709788098931313
FR014211,0,0.0030460229609161615
FR005864,0,0.01736173965036869
FR008276,0,0.005602072458714247
FR014537,0,0.008463122881948948
FR003389,0,0.0058017922565341
FR013260,0,0.004850790370255709
FR004449,0,0.008390072733163834
FR018475,0,0.01801726035773754
FR009337,0,0.00890398770570755
FR013586,0,0.011110685765743256
FR012496,0,0.029526546597480774
FR011397,0,0.006440793164074421
FR017987,0,0.01964028924703598
FR016248,0,0.008474130183458328
FR019113,0,0.007495195139199495
FR013604,0,0.0032048802822828293
FR005776,0,0.006769205909222364
FR000488,0,0.00693359924480319
FR004057,0,0.007891152054071426
FR015625,0,0.011265169829130173
FR004013,0,0.024006247520446777
FR008006,0,0.006732079666107893
FR004838,0,0.005738712381571531
FR014054,0,0.022741101682186127
FR016073,0,0.06258886307477951
FR012738,0,0.014759868383407593
FR018874,0,0.003686321899294853
FR012858,0,0.015627870336174965
FR005771,0,0.0068065873347222805
FR009035,0,0.005241314880549908
FR008688,0,0.02015967294573784
FR014614,0,0.003774540266022086
FR015772,0,0.055302802473306656
FR016180,0,0.0034902505576610565
FR017083,0,0.008364882320165634
FR006432,0,0.004589191172271967
FR019324,0,0.006115682423114777
FR018519,0,0.004526091739535332
FR009852,0,0.006551580969244242
FR012907,0,0.06470493972301483
FR014885,1,0.07618898898363113
FR004626,0,0.005649591330438852
FR019575,0,0.008691181428730488
FR012664,0,0.008904930204153061
FR012993,0,0.01676163822412491
FR014552,0,0.011066590435802937
FR001952,0,0.00593486288562417
FR000041,0,0.027994852513074875
FR006649,0,0.013289766386151314
FR017337,0,0.03881753608584404
FR007240,0,0.02842061035335064
FR009560,0,0.014148893766105175
FR013497,0,0.005635120440274477
FR007787,0,0.015598737634718418
FR009790,0,0.014592778868973255
FR005419,0,0.021414456889033318
FR016684,0,0.010055937804281712
FR001956,0,0.010415378957986832
FR014709,0,0.011012672446668148
FR018194,0,0.008452489972114563
FR018930,0,0.005044834688305855
FR005898,0,0.028700705617666245
FR002244,0,0.027057606726884842
FR013870,0,0.034703224897384644
FR015451,0,0.008879831992089748
FR000445,0,0.003015878377482295
FR005393,0,0.008025698363780975
FR002852,0,0.020700378343462944
FR016082,0,0.014451750554144382
FR002425,1,0.7393674254417419
FR017719,0,0.004552836529910564
FR015566,0,0.0038437433540821075
FR009851,0,0.00391193525865674
FR015424,0,0.005080933682620525
FR008682,0,0.007277734577655792
FR006551,0,0.017527982592582703
FR015163,0,0.007931552827358246
FR012632,0,0.004256494343280792
FR004055,0,0.010384520515799522
FR015124,0,0.026585383340716362
FR015034,0,0.008248789235949516
FR014665,0,0.0165418554097414
FR018345,0,0.019013971090316772
FR000972,0,0.0021635291632264853
FR005069,0,0.016509639099240303
FR007464,0,0.0040680295787751675
FR008415,0,0.016922233626246452
FR011708,0,0.0031442600302398205
FR018742,0,0.0070742773823440075
FR003987,0,0.00308762164786458
FR010519,0,0.02457926608622074
FR010872,0,0.07870542258024216
FR012099,0,0.020220113918185234
FR017534,0,0.010169288143515587
FR011455,0,0.010869032703340054
FR007396,1,0.02457529492676258
FR010190,0,0.007789199240505695
FR017609,0,0.00391541700810194
FR010576,0,0.07437320798635483
FR011850,0,0.00403634225949645
FR003809,0,0.02486041560769081
FR002303,0,0.010959726758301258
FR015537,0,0.01191073376685381
FR014735,0,0.007988916710019112
FR001233,0,0.008442500606179237
FR007687,0,0.008440102450549603
FR000950,0,0.028993332758545876
FR002365,0,0.005227973684668541
FR000286,0,0.006694895680993795
FR018752,0,0.0036779900547116995
FR010058,0,0.005036560352891684
FR001524,0,0.005556473508477211
FR008288,0,0.0031983943190425634
FR015235,0,0.06787308305501938
FR015506,0,0.011717794463038445
FR014839,0,0.010385231114923954
FR010048,0,0.007082337513566017
FR001849,0,0.03425363823771477
FR005309,0,0.014318679459393024
FR013111,0,0.006130861584097147
FR009014,0,0.01693107932806015
FR019830,0,0.011741290800273418
FR017090,1,0.005627022590488195
FR017101,0,0.0060194493271410465
FR002007,0,0.02099224552512169
FR010984,0,0.0060262116603553295
FR017549,0,0.00493638776242733
FR004183,0,0.004806092940270901
FR017233,0,0.004712367430329323
FR019210,0,0.029366908594965935
FR003858,0,0.00746184354647994
FR000346,0,0.02662547305226326
FR002234,0,0.004811147227883339
FR016017,1,0.008676670491695404
FR014823,0,0.02775970846414566
FR018951,0,0.003792891511693597
FR019108,0,0.0054475124925374985
FR016021,1,0.04104941338300705
FR002148,0,0.009219643659889698
FR002518,0,0.020931361243128777
FR009477,0,0.04623858630657196
FR008488,0,0.004679185803979635
FR014369,0,0.0063240001909434795
FR004547,0,0.009779456071555614
FR010556,0,0.014643833041191101
FR007108,0,0.004245601128786802
FR016934,0,0.007579328957945108
FR011332,0,0.1315566599369049
FR007795,0,0.003872285131365061
FR007025,0,0.026654448360204697
FR006986,0,0.027276376262307167
FR001239,0,0.016918949782848358
FR010829,0,0.008607763797044754
FR012551,0,0.019199950620532036
FR010592,0,0.004442428704351187
FR011298,0,0.02240164391696453
FR013644,0,0.009502286091446877
FR003920,0,0.008130140602588654
FR015076,0,0.0055578784085810184
FR015651,0,0.004797420464456081
FR001827,0,0.04376913607120514
FR010320,0,0.004568702075630426
FR017046,0,0.0036995101254433393
FR005453,0,0.006472149398177862
FR006635,0,0.03356456384062767
FR018450,0,0.05765437334775925
FR014116,0,0.005385132040828466
FR007657,0,0.014867127873003483
FR015589,0,0.013129405677318573
FR010849,0,0.04626858979463577
FR000155,0,0.0068888189271092415
FR013677,0,0.015557262115180492
FR005488,0,0.005594095680862665
FR008832,0,0.005340611096471548
FR018455,0,0.08762110024690628
FR013442,0,0.03173786774277687
FR008723,1,0.031617846339941025
FR010577,0,0.006889376323670149
FR012571,0,0.007573337759822607
FR009334,0,0.009929703548550606
FR019514,0,0.00784045085310936
FR002460,0,0.0025348039343953133
FR011131,0,0.002957893069833517
FR000607,0,0.0027096739504486322
FR017733,0,0.003531344700604677
FR011996,0,0.00572685431689024
FR017540,0,0.007767883129417896
FR001914,0,0.0058106472715735435
FR013773,0,0.006202794145792723
FR010400,0,0.13352172076702118
FR016402,0,0.006591554265469313
FR007522,0,0.02281147427856922
FR005279,0,0.008918988518416882
FR002415,0,0.008248348720371723
FR008108,0,0.005344835110008717
FR004442,0,0.00466481689363718
FR005366,0,0.01019341591745615
FR017872,0,0.01203067321330309
FR012852,0,0.026449857279658318
FR008879,0,0.006177517119795084
FR009128,0,0.00786610133945942
FR006205,0,0.012387564405798912
FR015549,0,0.004926756490021944
FR007627,0,0.00877657812088728
FR010251,0,0.005570989567786455
FR010391,0,0.006052741315215826
FR003864,0,0.006168580148369074
FR015465,0,0.003422094276174903
FR002997,0,0.009237423539161682
FR017562,0,0.006754093803465366
FR018219,0,0.004686733242124319
FR014047,0,0.005661690607666969
FR013024,0,0.0051773348823189735
FR013349,0,0.036264918744564056
FR004409,0,0.0068798731081187725
FR016107,0,0.011589848436415195
FR003994,0,0.00791044533252716
FR017529,0,0.003082519629970193
FR013188,0,0.006720913108438253
FR009304,0,0.01680905930697918
FR014623,0,0.015351149253547192
FR019156,0,0.008225355297327042
FR016329,0,0.011991001665592194
FR002360,0,0.0047506545670330524
FR013979,0,0.015198452398180962
FR007112,0,0.0066001866944134235
FR018974,0,0.02612200193107128
FR017599,0,0.025505922734737396
FR010423,0,0.02539130486547947
FR019600,0,0.02201569266617298
FR010824,1,0.01049868669360876
FR017701,0,0.005509911570698023
FR003415,0,0.007905103266239166
FR015872,0,0.0057961950078606606
FR017273,0,0.005801404360681772
FR006176,0,0.011155721731483936
FR015963,0,0.011103776283562183
FR010957,0,0.024995462968945503
FR005444,0,0.0037511789705604315
FR015261,0,0.003342552576214075
FR011137,0,0.017640529200434685
FR006513,0,0.005396690685302019
FR001852,0,0.009939656592905521
FR001713,0,0.01043603103607893
FR017405,0,0.004608504474163055
FR010144,0,0.007827101275324821
FR006747,0,0.01061843242496252
FR010518,0,0.013290091417729855
FR007878,0,0.008758327923715115
FR013833,0,0.00865221954882145
FR009288,0,0.00617733271792531
FR004597,0,0.005098531022667885
FR008511,0,0.0053926920518279076
FR005149,0,0.021067747846245766
FR005570,0,0.005608073901385069
FR019409,0,0.00452633248642087
FR000261,0,0.00670260563492775
FR001764,0,0.021193910390138626
FR015368,0,0.005869546439498663
FR014143,0,0.004439308308064938
FR011086,0,0.0032618094701319933
FR010356,0,0.0073998188599944115
FR005297,0,0.00615160446614027
FR013753,0,0.005534592550247908
FR001939,0,0.007763602305203676
FR009566,0,0.01106981560587883
FR008389,0,0.007317622657865286
FR007854,0,0.1293254792690277
FR013096,1,0.6853039860725403
FR015997,0,0.004469133447855711
FR003816,0,0.009356225840747356
FR016295,0,0.010564745403826237
FR001918,0,0.0030558607541024685
FR005054,0,0.013866230845451355
FR006072,0,0.007993176579475403
FR000620,0,0.06836893409490585
FR012097,0,0.026983924210071564
FR012476,0,0.045215774327516556
FR013393,0,0.013188429176807404
FR008450,0,0.0071375323459506035
FR003185,0,0.01139981672167778
FR012520,0,0.011111554689705372
FR016051,0,0.008542980998754501
FR017890,0,0.004874272737652063
FR017075,0,0.01690160483121872
FR001317,0,0.014194647781550884
FR001485,0,0.007043119519948959
FR016897,0,0.007116683293133974
FR011026,0,0.0091231195256114
FR015547,0,0.012164897285401821
FR018240,0,0.02463378757238388
FR006637,0,0.004501701332628727
FR005675,0,0.027366090565919876
FR008036,0,0.009811410680413246
FR002514,0,0.021999046206474304
FR016599,0,0.012162468396127224
FR009414,0,0.0043526338413357735
FR016394,0,0.011312703602015972
FR004326,0,0.0035397689789533615
FR005056,0,0.007651111576706171
FR012578,0,0.00349811720661819
FR010066,0,0.009841233491897583
FR010888,0,0.0109638012945652
FR012220,0,0.008195053786039352
FR019739,0,0.013037842698395252
FR018489,0,0.004151334520429373
FR002851,0,0.03804009035229683
FR014524,0,0.013719834387302399
FR017344,0,0.011962507851421833
FR002473,0,0.0615435466170311
FR008034,0,0.024067668244242668
FR003890,0,0.010800551623106003
FR014328,0,0.022428665310144424
FR010240,0,0.04503465071320534
FR007472,0,0.024211067706346512
FR005451,0,0.01143137738108635
FR001018,0,0.03335178643465042
FR018657,0,0.011595520190894604
FR007705,0,0.011731524020433426
FR002794,0,0.01197815127670765
FR000899,0,0.03471962362527847
FR008733,0,0.01699642837047577
FR012000,0,0.008655615150928497
FR014378,0,0.00668971985578537
FR005690,1,0.7170587182044983
FR017136,0,0.012585807591676712
FR011805,0,0.007817257195711136
FR011955,0,0.007119887974113226
FR014310,0,0.012165200896561146
FR007372,0,0.009631714783608913
FR013395,0,0.006423709448426962
FR010390,0,0.009375759400427341
FR002495,0,0.0054038031958043575
FR011501,0,0.0064734709449112415
FR017977,0,0.011329547502100468
FR008260,0,0.008804094977676868
FR000266,0,0.007374581880867481
FR004228,0,0.005781219340860844
FR016437,0,0.006448841653764248
FR018320,0,0.005026155151426792
FR013028,0,0.014207304455339909
FR001796,0,0.006563807372003794
FR018216,0,0.01367831788957119
FR008044,0,0.02309359796345234
FR011666,0,0.004567750263959169
FR004480,0,0.013303673826158047
FR006254,0,0.005936522968113422
FR010406,0,0.018644560128450394
FR019265,0,0.052475765347480774
FR009076,0,0.013389925472438335
FR006978,0,0.00419763894751668
FR000344,0,0.010438789613544941
FR018584,0,0.028062377125024796
FR006933,0,0.0038391323760151863
FR002805,0,0.02019713819026947
FR016095,0,0.005148830823600292
FR003063,0,0.013400418683886528
FR008868,0,0.05207676813006401
FR019410,0,0.040078140795230865
FR000839,0,0.006978141143918037
FR000018,0,0.01293732225894928
FR002428,0,0.005760066211223602
FR008332,0,0.004736249800771475
FR016703,0,0.0066537801176309586
FR019818,0,0.00746764475479722
FR004076,0,0.02357962541282177
FR006815,0,0.01192763727158308
FR006585,0,0.004623308312147856
FR007715,0,0.008585440926253796
FR009499,1,0.0125269228592515
FR010594,0,0.014517529867589474
FR016931,0,0.026810793206095695
FR018786,0,0.008391131646931171
FR001886,0,0.011755796149373055
FR012008,0,0.009084431454539299
FR005495,0,0.020274296402931213
FR015640,0,0.0042897374369204044
FR001192,0,0.012455969117581844
FR011273,0,0.0041481126099824905
FR001920,0,0.002968098735436797
FR018116,0,0.006700926460325718
FR017477,0,0.01927405782043934
FR007549,0,0.06554608047008514
FR001560,0,0.005394994281232357
FR007550,0,0.007033831439912319
FR015373,0,0.006113983690738678
FR003614,0,0.0029656458646059036
FR002841,0,0.003892747452482581
FR007105,0,0.007422598544508219
FR019056,0,0.004543048329651356
FR015442,0,0.014190452173352242
FR009492,0,0.006293506361544132
FR006123,0,0.018329715356230736
FR009854,0,0.008585380390286446
FR004133,0,0.00959430169314146
FR002249,0,0.06668074429035187
FR017730,0,0.009712873958051205
FR018414,0,0.008089033886790276
FR002391,0,0.029705530032515526
FR008010,0,0.04224241152405739
FR002566,0,0.00886035617440939
FR018646,0,0.006187847349792719
FR009072,0,0.0059922439977526665
FR014462,0,0.006755066569894552
FR007952,0,0.004999951925128698
FR007406,0,0.011392376385629177
FR004044,0,0.004366105422377586
FR006674,0,0.005931083112955093
FR007222,0,0.0045516458339989185
FR000819,0,0.004034881945699453
FR019287,0,0.005764893256127834
FR008496,0,0.014164772816002369
FR018934,0,0.006575135514140129
FR018898,0,0.010592029429972172
FR011574,0,0.01738634891808033
FR003799,0,0.031955741345882416
FR008258,0,0.006384962238371372
FR019708,0,0.030039118602871895
FR012503,0,0.020986253395676613
FR010025,0,0.0051117208786308765
FR011810,1,0.3435669243335724
FR002708,0,0.005558695178478956
FR004112,0,0.009604252874851227
FR016296,0,0.00551997497677803
FR001564,0,0.005538133904337883
FR017296,0,0.010483509860932827
FR005120,0,0.005800934042781591
FR000343,0,0.009662260301411152
FR002933,0,0.0037956975866109133
FR013239,1,0.0074286083690822124
FR000952,0,0.006346434820443392
FR000443,0,0.010803191922605038
FR019949,0,0.004664883483201265
FR003919,0,0.029132086783647537
FR018747,0,0.022788839414715767
FR008787,0,0.0222392026335001
FR015215,0,0.008111217059195042
FR013513,0,0.005313878413289785
FR000420,0,0.0048736990429461
FR002342,0,0.03665067255496979
FR010452,0,0.00905411783605814
FR002815,0,0.004497886635363102
FR002867,0,0.005090606398880482
FR009158,0,0.011873400770127773
FR004396,0,0.0038597136735916138
FR002401,0,0.01111095305532217
FR005760,0,0.005510120186954737
FR017254,0,0.008419834077358246
FR001667,0,0.024399856105446815
FR015695,0,0.005941333714872599
FR010074,0,0.0069292280822992325
FR017955,0,0.006388639099895954
FR017842,0,0.005579084157943726
FR000458,0,0.006036353763192892
FR009716,0,0.01075824350118637
FR010474,0,0.009341939352452755
FR017939,0,0.036583539098501205
FR013882,0,0.009148362092673779
FR011853,1,0.388148695230484
FR008928,0,0.006792907137423754
FR017326,0,0.004929870832711458
FR003822,0,0.006323406472802162
FR008727,0,0.03207273781299591
FR007170,0,0.012027522549033165
FR011095,0,0.011072034947574139
FR008769,0,0.005625349935144186
FR009953,0,0.008347410708665848
FR003865,0,0.006236635614186525
FR011424,0,0.006728149950504303
FR007613,0,0.0035951482132077217
FR008471,0,0.014769329689443111
FR006171,0,0.006009622942656279
FR005554,0,0.008748050779104233
FR016468,0,0.13057151436805725
FR004030,0,0.012148566544055939
FR008409,0,0.00716413464397192
FR002189,0,0.007944421842694283
FR017278,0,0.011873047798871994
FR011442,0,0.0123568931594491
FR006603,0,0.01879844069480896
FR011830,0,0.005320072174072266
FR003371,0,0.005425383802503347
FR018423,0,0.007503156084567308
FR000575,0,0.005295928101986647
FR010284,0,0.004128320142626762
FR018837,0,0.0030966291669756174
FR015513,0,0.034238506108522415
FR011482,0,0.0048843673430383205
FR014217,0,0.016853785142302513
FR008560,0,0.004693491384387016
FR007289,0,0.005472590681165457
FR011882,0,0.006470609921962023
FR013178,0,0.013984519056975842
FR000762,0,0.004265564028173685
FR013403,0,0.013071929104626179
FR015568,0,0.004652022384107113
FR019101,0,0.003269723616540432
FR011204,0,0.005103785078972578
FR014690,0,0.005509903654456139
FR015270,0,0.006288277916610241
FR014732,0,0.028313005343079567
FR003673,0,0.006020538974553347
FR001133,0,0.007544659543782473
FR003326,0,0.011577008292078972
FR006285,0,0.008253292180597782
FR011606,0,0.004926052875816822
FR002954,0,0.012244920246303082
FR013835,0,0.0056612528860569
FR012396,0,0.0071950447745621204
FR018626,0,0.013110673055052757
FR012559,0,0.007965046912431717
FR006425,0,0.039656758308410645
FR002819,0,0.005035282112658024
FR013123,0,0.0026409795973449945
FR014787,0,0.007260529324412346
FR010715,0,0.00890615489333868
FR002719,0,0.011236537247896194
FR019237,0,0.0053567043505609035
FR010257,0,0.005106834229081869
FR003066,0,0.026340726763010025
FR002860,0,0.008074458688497543
FR003698,0,0.002997864270582795
FR011017,0,0.01017469447106123
FR001509,0,0.014734946191310883
FR016360,0,0.005649575497955084
FR015020,0,0.012068585492670536
FR019096,0,0.01742142252624035
FR005316,0,0.012690876610577106
FR002876,0,0.0048247030936181545
FR017913,0,0.008369049057364464
FR018834,0,0.003825137624517083
FR007217,0,0.017691612243652344
FR001957,0,0.013738591223955154
FR018129,0,0.010837662033736706
FR005007,0,0.007339365780353546
FR004345,0,0.005709460470825434
FR010939,0,0.006736729759722948
FR001122,0,0.004426476079970598
FR014749,0,0.014574241824448109
FR010640,0,0.004790843464434147
FR015386,0,0.00573890283703804
FR005817,0,0.013803982175886631
FR015067,0,0.018309451639652252
FR016259,0,0.13562029600143433
FR017620,0,0.01915847696363926
FR015008,0,0.05937614664435387
FR000391,0,0.016536952927708626
FR004795,0,0.011732243001461029
FR010629,0,0.007425961084663868
FR004839,0,0.007427044212818146
FR004412,0,0.005972686689347029
FR009974,0,0.004793117288500071
FR007968,0,0.00803674478083849
FR010769,0,0.03852922096848488
FR010823,0,0.0062976558692753315
FR016420,0,0.004838817287236452
FR013126,0,0.010290403850376606
FR005804,0,0.014357211999595165
FR005354,0,0.014963502064347267
FR014915,0,0.005304138641804457
FR018329,0,0.009645424783229828
FR008067,0,0.0047147697769105434
FR007781,0,0.0047064912505447865
FR016099,0,0.0049365609884262085
FR001316,0,0.347215473651886
FR001212,0,0.020418046042323112
FR010205,0,0.00317603861913085
FR018779,0,0.00613822927698493
FR006125,0,0.007087644189596176
FR007379,0,0.01326465979218483
FR017654,0,0.014756963588297367
FR002945,0,0.011345240287482738
FR006596,0,0.007643309887498617
FR007080,0,0.00978002417832613
FR016560,1,0.08327621221542358
FR015725,0,0.004061979241669178
FR014680,0,0.007011058274656534
FR006639,0,0.022812066599726677
FR005841,0,0.007972098886966705
FR003947,0,0.011411752551794052
FR001113,0,0.00957250501960516
FR007000,0,0.012128554284572601
FR003377,0,0.012101155705749989
FR001290,0,0.01508382335305214
FR003735,0,0.5388534665107727
FR017657,0,0.007960379123687744
FR002032,0,0.016837595030665398
FR001525,0,0.012294173240661621
FR009713,0,0.006560198962688446
FR007521,0,0.017720747739076614
FR019063,0,0.0038957959040999413
FR011876,0,0.006221575662493706
FR001096,0,0.0035338657908141613
FR007939,0,0.02491108514368534
FR011010,0,0.008606437593698502
FR019158,0,0.006199009250849485
FR016961,0,0.015118922106921673
FR018910,0,0.0053698779083788395
FR017591,0,0.023200711235404015
FR018566,0,0.01675855740904808
FR018200,0,0.003966627176851034
FR002133,0,0.005776937119662762
FR018675,0,0.026995664462447166
FR013867,0,0.0037493978161364794
FR007374,0,0.004514072090387344
FR013479,0,0.005926246754825115
FR019285,0,0.0058331736363470554
FR015987,0,0.003903851378709078
FR011205,0,0.004271934740245342
FR016785,0,0.019468488171696663
FR014135,0,0.004163506906479597
FR014755,0,0.008059882558882236
FR015184,0,0.006881691515445709
FR002187,0,0.007268015295267105
FR004560,0,0.004655092488974333
FR003351,0,0.004051608499139547
FR004150,0,0.009126982651650906
FR019970,0,0.0061045135371387005
FR011919,0,0.022323880344629288
FR019988,0,0.010245385579764843
FR016169,0,0.005444090347737074
FR016131,0,0.008285229094326496
FR005397,0,0.0032725329510867596
FR014633,0,0.0076162852346897125
FR010420,0,0.002989522647112608
FR010529,0,0.009099682793021202
FR011577,0,0.005189334042370319
FR014674,0,0.004352334421128035
FR012699,0,0.004239682108163834
FR015258,0,0.034602515399456024
FR016474,0,0.016705423593521118
FR003365,0,0.005356249399483204
FR017358,0,0.006300425622612238
FR012795,0,0.030696403235197067
FR004267,0,0.0038675405085086823
FR005689,0,0.006146131549030542
FR016912,0,0.005415718071162701
FR004859,0,0.01089493092149496
FR010880,0,0.007855520583689213
FR015225,0,0.002922247862443328
FR016770,0,0.0046175098977983
FR016976,0,0.011280465871095657
FR002263,0,0.008180374279618263
FR007286,0,0.012932009063661098
FR007974,0,0.06553923338651657
FR019997,0,0.004712110385298729
FR012864,0,0.008211840875446796
FR014971,0,0.03769007697701454
FR015055,0,0.006800464820116758
FR003838,0,0.008448909968137741
FR015730,0,0.04754568263888359
FR000841,0,0.03197544813156128
FR006907,0,0.036890916526317596
FR019957,0,0.16414836049079895
FR007547,0,0.005486190784722567
FR005709,0,0.024808190762996674
FR019592,0,0.0033790813758969307
FR001617,0,0.017212003469467163
FR000242,0,0.015723342075943947
FR012347,0,0.004709331318736076
FR005638,0,0.008202490396797657
FR014812,0,0.011541469022631645
FR002843,0,0.009077309630811214
FR009015,0,0.00742849987000227
FR014707,0,0.013355481438338757
FR000649,0,0.03059353679418564
FR013332,0,0.006001735106110573
FR005803,0,0.0050469557754695415
FR016583,0,0.004630278795957565
FR006906,0,0.0050779287703335285
FR008884,0,0.028945904225111008
FR005606,0,0.010876458138227463
FR010524,0,0.006068513263016939
FR008268,0,0.004182599484920502
FR012300,0,0.009417792782187462
FR003692,0,0.020018884912133217
FR013204,0,0.015587620437145233
FR016278,0,0.03899180144071579
FR015343,0,0.005060327239334583
FR017545,0,0.012336588464677334
FR006014,0,0.004593525547534227
FR016212,0,0.01782386377453804
FR007187,0,0.015367223881185055
FR011115,0,0.01315319538116455
FR001360,0,0.006172697059810162
FR013896,0,0.015272318385541439
FR008394,0,0.003514230949804187
FR009418,0,0.00913411844521761
FR002277,0,0.003662074450403452
FR017034,0,0.008519463241100311
FR017057,0,0.09641917794942856
FR000074,0,0.011244593188166618
FR002988,0,0.010575337335467339
FR016866,0,0.005603796802461147
FR010442,0,0.007886005565524101
FR006722,0,0.0033306076657027006
FR004226,0,0.005584491416811943
FR000355,0,0.004850360099226236
FR008075,0,0.007600731682032347
FR000137,0,0.004922856111079454
FR002922,0,0.006320006679743528
FR004221,0,0.004086971282958984
FR007857,0,0.004706897772848606
FR019752,0,0.003727508708834648
FR014353,0,0.005376639310270548
FR008773,0,0.01839766465127468
FR007056,1,0.5573363900184631
FR003419,0,0.01140723004937172
FR001812,0,0.01603524014353752
FR011242,0,0.025365252047777176
FR003603,0,0.01648911088705063
FR000295,0,0.007539630401879549
FR000763,0,0.012509329244494438
FR004164,0,0.007248342037200928
FR005868,0,0.005623240489512682
FR007186,0,0.00569346034899354
FR008452,0,0.012310760095715523
FR019384,0,0.005283045116811991
FR006759,0,0.006715777330100536
FR007225,0,0.0037022545002400875
FR012413,0,0.00529593788087368
FR008942,0,0.00586220808327198
FR019488,0,0.014412371441721916
FR005548,0,0.0025258739478886127
FR006878,0,0.01265309564769268
FR015610,0,0.06541342288255692
FR003671,0,0.009671175852417946
FR011695,0,0.0065604811534285545
FR006990,0,0.013255120255053043
FR016207,0,0.0065169245935976505
FR001414,0,0.02582840994000435
FR011813,0,0.009527222253382206
FR011306,0,0.044665392488241196
FR007680,0,0.0034450283274054527
FR005257,0,0.004419200588017702
FR006379,0,0.03175171837210655
FR006721,0,0.0411129966378212
FR002361,0,0.010111727751791477
FR009816,0,0.0028912273701280355
FR002932,0,0.012454538606107235
FR004476,0,0.023446492850780487
FR002159,0,0.015425696037709713
FR007660,0,0.009468711912631989
FR018143,0,0.006715790368616581
FR010815,0,0.014028226025402546
FR018398,0,0.05360495299100876
FR018304,0,0.007630123291164637
FR012274,0,0.005045833066105843
FR006979,0,0.01873476803302765
FR005525,0,0.005041392054408789
FR013632,0,0.012381085194647312
FR003236,0,0.018966972827911377
FR017630,0,0.002936644945293665
FR015721,0,0.018237804993987083
FR012807,0,0.008692960254848003
FR011128,0,0.004239245317876339
FR012927,0,0.004776944871991873
FR004545,0,0.007304402533918619
FR000278,0,0.0346270315349102
FR019393,0,0.004179930780082941
FR012208,0,0.010730641894042492
FR011235,0,0.009717902168631554
FR004094,0,0.007368098944425583
FR005595,0,0.00981176272034645
FR003445,0,0.01400610152631998
FR014987,0,0.004641599487513304
FR002345,0,0.028962820768356323
FR019776,0,0.005582243204116821
FR012948,0,0.006217078305780888
FR004983,0,0.11583888530731201
FR009638,0,0.006491940934211016
FR007402,0,0.020087378099560738
FR014579,0,0.08367025852203369
FR002180,0,0.009995520114898682
FR007580,0,0.005377084948122501
FR019067,0,0.01772899739444256
FR019437,0,0.01935853809118271
FR015478,0,0.005258888937532902
FR012118,0,0.011106164194643497
FR019228,0,0.005815866403281689
FR019711,0,0.003176480997353792
FR014174,0,0.016130350530147552
FR013053,0,0.006568324286490679
FR018088,0,0.03284822404384613
FR016729,0,0.021420752629637718
FR000913,0,0.005162108223885298
FR010968,0,0.011117194779217243
FR015580,0,0.004709952510893345
FR018970,0,0.006960155908018351
FR011670,0,0.006125373300164938
FR018354,0,0.002949005924165249
FR000978,0,0.00871726218611002
FR013106,0,0.00884653627872467
FR003320,0,0.04661703482270241
FR012136,0,0.0697120800614357
FR016797,0,0.06074247881770134
FR003582,0,0.006500930059701204
FR012328,0,0.006102604325860739
FR005485,0,0.006506347097456455
FR014525,0,0.02146766148507595
FR008362,0,0.006284426897764206
FR001637,0,0.00995399709790945
FR016540,0,0.014971896074712276
FR015201,0,0.0868636891245842
FR014694,0,0.00466953543946147
FR014875,0,0.015243853442370892
FR015533,0,0.018773719668388367
FR001987,0,0.005430856719613075
FR017182,0,0.008536110632121563
FR003019,0,0.0070498292334377766
FR010803,0,0.0039059696719050407
FR005446,0,0.04152640327811241
FR003773,0,0.03084293007850647
FR016687,0,0.008331065066158772
FR015023,0,0.002879677340388298
FR007432,0,0.004772847983986139
FR016921,0,0.009561002254486084
FR016510,0,0.0027443927247077227
FR000379,1,0.038484539836645126
FR000780,0,0.008691592141985893
FR002752,0,0.00537916412577033
FR019736,0,0.009470523335039616
FR010433,0,0.0036346828565001488
FR017220,0,0.010818407870829105
FR006327,0,0.01375270914286375
FR014993,0,0.00601560203358531
FR005842,0,0.01624341867864132
FR000091,0,0.01196909137070179
FR013599,0,0.006665997207164764
FR016663,0,0.016140298917889595
FR003601,0,0.0037885461933910847
FR014368,0,0.019979147240519524
FR010236,0,0.004109433852136135
FR000275,0,0.006451029796153307
FR017984,0,0.0059706661850214005
FR007180,0,0.009056941606104374
FR012366,0,0.003959829919040203
FR009341,0,0.010453053750097752
FR002678,0,0.0228774081915617
FR010065,0,0.014916329644620419
FR018630,1,0.3877987563610077
FR018449,0,0.025937942788004875
FR004943,0,0.008295885287225246
FR011990,0,0.01623307541012764
FR012200,0,0.005470115225762129
FR011443,0,0.0056509654968976974
FR006519,0,0.00412333570420742
FR001825,0,0.009941346012055874
FR004670,0,0.03365456685423851
FR015027,0,0.027368338778614998
FR004536,0,0.00980027113109827
FR008215,0,0.018910471349954605
FR012381,0,0.0028790913056582212
FR007476,0,0.016414569690823555
FR012235,0,0.006132381968200207
FR011541,0,0.007930491119623184
FR011105,0,0.2767597734928131
FR013798,0,0.009095276705920696
FR003818,0,0.009958443231880665
FR000602,0,0.008488240651786327
FR006384,0,0.019042836502194405
FR019093,0,0.020979493856430054
FR004724,0,0.008135544136166573
FR004156,0,0.008787564933300018
FR013267,0,0.005565990693867207
FR009112,0,0.0036520075518637896
FR016436,0,0.010465994477272034
FR019766,0,0.004571249242872
FR018139,0,0.010870047844946384
FR016616,0,0.003848213469609618
FR016379,0,0.012194190174341202
FR018068,0,0.046057675033807755
FR019311,0,0.02105097658932209
FR004344,0,0.008481465280056
FR002004,0,0.005565573927015066
FR003398,0,0.014249399304389954
FR013473,0,0.009038916788995266
FR004207,0,0.005271120462566614
FR007481,0,0.003488134825602174
FR017224,0,0.06671740114688873
FR006186,0,0.05128365755081177
FR014814,0,0.01068207062780857
FR012026,0,0.04104207828640938
FR019302,0,0.007941258139908314
FR015321,0,0.00504474900662899
FR001443,0,0.00447387108579278
FR015992,0,0.008073676377534866
FR017715,0,0.0069627002812922
FR006070,0,0.003681984730064869
FR011241,0,0.01971578225493431
FR001155,0,0.022213710471987724
FR002641,0,0.012863480485975742
FR007684,0,0.004355716519057751
FR003975,0,0.014132748357951641
FR019455,0,0.021079428493976593
FR013085,0,0.004847410600632429
FR004008,0,0.007083192467689514
FR002018,0,0.003904587822034955
FR019092,0,0.004271822981536388
FR019010,0,0.0029574823565781116
FR000655,0,0.01675918698310852
FR005181,0,0.007145001087337732
FR007175,0,0.013074451126158237
FR012127,0,0.004963104613125324
FR003779,0,0.0046308632008731365
FR007819,0,0.007617478258907795
FR018978,0,0.011404627002775669
FR000019,0,0.010425055399537086
FR007546,0,0.0071501778438687325
FR012868,0,0.010226482525467873
FR017367,0,0.007779026869684458
FR002183,0,0.04423269256949425
FR018437,0,0.012407811358571053
FR003470,0,0.014177829958498478
FR006559,0,0.01092033926397562
FR005244,0,0.00731359189376235
FR014605,0,0.020039180293679237
FR000977,0,0.00517630111426115
FR005238,0,0.010001434944570065
FR018105,0,0.003068143269047141
FR002218,0,0.08650939166545868
FR019885,0,0.012013296596705914
FR005020,0,0.024815533310174942
FR014754,0,0.010302969254553318
FR007661,0,0.0034923406783491373
FR005665,0,0.006689149420708418
FR006665,0,0.027878589928150177
FR001980,0,0.01341247744858265
FR003538,0,0.009622693993151188
FR002268,0,0.004053609911352396
FR016741,0,0.01616036891937256
FR015962,0,0.009571519680321217
FR015107,0,0.00949279498308897
FR015014,0,0.010442759841680527
FR016904,0,0.00397090008482337
FR016164,0,0.0051069920882582664
FR016141,0,0.01843467727303505
FR003471,0,0.0059576621279120445
FR001519,0,0.031108777970075607
FR015077,0,0.012016704306006432
FR014896,0,0.004514586180448532
FR001277,0,0.006693574134260416
FR001103,0,0.005748583935201168
FR009272,0,0.008900453336536884
FR005236,0,0.0025988470297306776
FR013054,0,0.034135300666093826
FR001984,0,0.006496761925518513
FR005204,0,0.0043816291727125645
FR019713,0,0.11753182113170624
FR010645,0,0.018770162016153336
FR016696,0,0.003585896687582135
FR019689,0,0.009612856432795525
FR004956,0,0.00833484809845686
FR015844,1,0.0051094950176775455
FR011175,0,0.010639487765729427
FR009984,0,0.007742311805486679
FR016780,0,0.004845453426241875
FR010184,0,0.004923304542899132
FR006814,0,0.012673103250563145
FR016286,0,0.04104718938469887
FR014703,0,0.10676444321870804
FR010488,0,0.005069491919130087
FR006137,0,0.04794147238135338
FR015615,0,0.006629066076129675
FR003160,0,0.008070781826972961
FR016069,0,0.016146015375852585
FR006533,1,0.4362120032310486
FR018754,0,0.008569184690713882
FR007075,0,0.04842069745063782
FR017183,0,0.0030071737710386515
FR016396,0,0.011271498166024685
FR003794,0,0.00986578781157732
FR008583,0,0.005980335641652346
FR000281,0,0.002892896765843034
FR000595,0,0.005868653766810894
FR001837,0,0.010169384069740772
FR010791,0,0.005139089189469814
FR015698,0,0.015080239623785019
FR007737,0,0.009925204329192638
FR006758,0,0.016847409307956696
FR006754,0,0.00780061399564147
FR019902,0,0.007068906910717487
FR015737,0,0.004067119676619768
FR016575,0,0.008519467897713184
FR014766,0,0.004089471884071827
FR018255,0,0.0143808014690876
FR005012,0,0.005589399952441454
FR009928,0,0.005641242489218712
FR002532,0,0.0035255521070212126
FR013516,0,0.026415841653943062
FR001625,0,0.004852966405451298
FR010561,0,0.005755264777690172
FR012921,0,0.007327650673687458
FR010123,0,0.014347708784043789
FR010787,0,0.005293090827763081
FR015958,0,0.011675328016281128
FR005201,0,0.004686680156737566
FR018413,0,0.02571406587958336
FR003444,0,0.005073105450719595
FR002873,0,0.0033275349996984005
FR006962,0,0.014479138888418674
FR015545,0,0.01389254443347454
FR019335,0,0.008861721493303776
FR009066,0,0.003821420017629862
FR000001,0,0.03211413323879242
FR019857,0,0.0138185890391469
FR004625,0,0.013536897487938404
FR012521,0,0.007051324937492609
FR008872,0,0.018297752365469933
FR004914,0,0.0048171100206673145
FR019628,0,0.013830297626554966
FR014257,0,0.0041169594042003155
FR008970,0,0.003528272034600377
FR013234,0,0.0047818804159760475
FR002112,0,0.0034860223531723022
FR004765,0,0.005877298302948475
FR001253,0,0.02507288195192814
FR010604,0,0.02060006745159626
FR009672,0,0.004424316342920065
FR014572,0,0.007488323841243982
FR018319,0,0.0034464020282030106
FR007554,0,0.007245786488056183
FR002408,0,0.038666725158691406
FR004938,0,0.0575246699154377
FR009187,0,0.013862090185284615
FR012214,0,0.005927331279963255
FR005783,0,0.005070805083960295
FR001892,1,0.009539429098367691
FR009220,0,0.007555799558758736
FR000569,1,0.0034912407863885164
FR013699,0,0.019002821296453476
FR007916,0,0.00739685632288456
FR003318,0,0.015436634421348572
FR007847,0,0.004949852824211121
FR010790,0,0.005696754436939955
FR008768,0,0.015097751282155514
FR013429,0,0.0038341989275068045
FR019207,0,0.003736554179340601
FR008009,0,0.015733668580651283
FR011445,0,0.007783125154674053
FR018788,0,0.006520453840494156
FR004910,0,0.005614046473056078
FR009805,0,0.03649207949638367
FR002117,0,0.00804926548153162
FR016275,0,0.0062598418444395065
FR011734,0,0.039409853518009186
FR000049,0,0.004688086453825235
FR013674,0,0.05005771294236183
FR013468,0,0.033007439225912094
FR019793,0,0.03403520584106445
FR000322,0,0.011309482157230377
FR008376,0,0.004465829115360975
FR011056,0,0.030654259026050568
FR004115,0,0.0061446670442819595
FR010307,0,0.009620681405067444
FR009176,0,0.0070652165450155735
FR001174,0,0.004815229214727879
FR006416,1,0.18339258432388306
FR007774,0,0.0047546313144266605
FR015801,0,0.00863246712833643
FR005939,0,0.010201997123658657
FR016781,1,0.0695163756608963
FR003089,0,0.0047248248010873795
FR013476,0,0.14986617863178253
FR007825,0,0.01995043456554413
FR016171,0,0.015725288540124893
FR004178,0,0.008469251915812492
FR011901,0,0.0037330908235162497
FR011033,0,0.008144907653331757
FR009420,0,0.010086405090987682
FR013397,0,0.004346825182437897
FR006800,0,0.004511977080255747
FR004787,0,0.02184545435011387
FR010375,0,0.007240087725222111
FR016586,0,0.00673991534858942
FR000323,1,0.3172721266746521
FR018305,0,0.015307130292057991
FR019888,0,0.010201130993664265
FR001770,0,0.009627348743379116
FR006447,0,0.023221133276820183
FR005757,0,0.0036986556369811296
FR016316,0,0.005222429055720568
FR014283,0,0.0057638357393443584
FR010408,0,0.005459940060973167
FR003060,0,0.022129014134407043
FR001648,0,0.009816605597734451
FR010590,0,0.002862405963242054
FR010671,0,0.009023724123835564
FR013498,0,0.007384043652564287
FR017897,0,0.03895454481244087
FR005623,0,0.011179312132298946
FR015047,0,0.009715878404676914
FR018723,0,0.006157031748443842
FR010678,0,0.04297266900539398
FR018504,0,0.006829686462879181
FR017369,0,0.006560490932315588
FR003820,0,0.00606906320899725
FR003064,0,0.007048821076750755
FR007616,0,0.008453065529465675
FR014523,0,0.015496756881475449
FR000472,0,0.004594482947140932
FR007534,0,0.006362337153404951
FR014237,0,0.005559488665312529
FR002977,0,0.00427374430000782
FR007682,0,0.003843779908493161
FR014262,0,0.0070044249296188354
FR014197,0,0.003061233088374138
FR004173,0,0.007451341487467289
FR014817,0,0.013790739700198174
FR011299,0,0.0031179210636764765
FR003651,0,0.006402513477951288
FR005553,0,0.006920534186065197
FR018389,0,0.007729088421911001
FR004527,0,0.02119194157421589
FR005773,0,0.0037957157474011183
FR018397,0,0.004963213112205267
FR011682,0,0.008772235363721848
FR007347,0,0.00524916173890233
FR002842,0,0.07636424899101257
FR005749,0,0.005518912337720394
FR007738,0,0.003396060084924102
FR008482,0,0.004419255070388317
FR010174,0,0.005168473813682795
FR013580,0,0.0035980974789708853
FR009501,0,0.004842095077037811
FR010170,0,0.0058502936735749245
FR017088,0,0.005492698401212692
FR004137,0,0.00627930648624897
FR012670,0,0.0027398942038416862
FR019741,0,0.009884562343358994
FR011170,0,0.049563419073820114
FR018236,0,0.013867429457604885
FR001029,0,0.004808853380382061
FR004599,0,0.007080325856804848
FR011833,0,0.004551378078758717
FR016632,0,0.016629943624138832
FR008485,0,0.005715792998671532
FR005113,0,0.020725449547171593
FR017538,0,0.05142579972743988
FR017197,0,0.017793085426092148
FR002970,0,0.004593835212290287
FR008420,0,0.04890479892492294
FR011122,0,0.00531954737380147
FR009967,0,0.007734810002148151
FR016376,0,0.016565384343266487
FR018658,0,0.02691633254289627
FR007138,0,0.043860044330358505
FR009959,0,0.005562173202633858
FR016149,0,0.006014589220285416
FR002471,0,0.00675107492133975
FR001347,0,0.006948498543351889
FR003411,0,0.006461365148425102
FR015035,0,0.012641329318284988
FR001117,0,0.009024973027408123
FR011681,0,0.004267328884452581
FR010021,0,0.015354502014815807
FR014740,0,0.004445616155862808
FR005327,0,0.009790428914129734
FR006829,0,0.006936981808394194
FR009364,0,0.007573829032480717
FR003644,0,0.00870843231678009
FR005546,0,0.017963483929634094
FR014139,0,0.007268022745847702
FR002253,0,0.04727967828512192
FR010429,0,0.018239781260490417
FR001861,0,0.009515741840004921
FR008106,0,0.00580842699855566
FR012936,0,0.012500443495810032
FR007336,0,0.009442001581192017
FR011784,0,0.005837049335241318
FR013458,0,0.02555416151881218
FR015218,0,0.013630743138492107
FR012467,0,0.020765451714396477
FR015403,0,0.004550760146230459
FR003654,0,0.007384064141660929
FR014190,0,0.009117220528423786
FR009791,0,0.004036347847431898
FR010575,0,0.017993327230215073
FR016479,0,0.06160806864500046
FR014121,0,0.016553767025470734
FR008222,0,0.006948989350348711
FR016505,1,0.035715483129024506
FR016391,0,0.011539473198354244
FR018548,0,0.004153246991336346
FR018662,0,0.008976312354207039
FR014503,0,0.007370460778474808
FR014177,0,0.004293146077543497
FR005931,0,0.004313923884183168
FR015777,0,0.04062189534306526
FR000553,0,0.008813987486064434
FR006929,0,0.00958213023841381
FR017309,0,0.005607533734291792
FR015099,0,0.009696600958704948
FR012898,0,0.008985883556306362
FR014327,0,0.004169816616922617
FR001557,0,0.0036792797036468983
FR008630,0,0.017044389620423317
FR006967,0,0.008136622607707977
FR011951,0,0.006437745876610279
FR018751,0,0.025364601984620094
FR009244,0,0.0044227284379303455
FR019136,0,0.004156170878559351
FR018986,0,0.006181701552122831
FR016315,0,0.007903805933892727
FR012469,0,0.020339235663414
FR008241,0,0.0065789795480668545
FR016600,0,0.020408621057868004
FR012867,0,0.1388639658689499
FR009695,0,0.016661008819937706
FR001752,0,0.009076558984816074
FR013065,0,0.013213181868195534
FR004785,0,0.009455796331167221
FR001486,0,0.006867542862892151
FR002901,0,0.005017321091145277
FR008318,0,0.002800033427774906
FR000195,0,0.008067232556641102
FR012192,0,0.006732006091624498
FR018416,0,0.004137326031923294
FR012058,0,0.0057168579660356045
FR011691,0,0.011195357888936996
FR007961,0,0.012103703804314137
FR010598,0,0.005102032329887152
FR013735,0,0.014356140047311783
FR011965,0,0.019774120301008224
FR013585,0,0.020054398104548454
FR000211,0,0.004481548443436623
FR004213,0,0.008742515929043293
FR012047,0,0.03458310663700104
FR000879,0,0.005980565212666988
FR016873,0,0.004535377956926823
FR000288,0,0.004773280583322048
FR010494,0,0.004740556236356497
FR002416,0,0.010178085416555405
FR000970,0,0.022104861214756966
FR005635,0,0.02238863706588745
FR011509,0,0.007851742208003998
FR001490,0,0.01907351240515709
FR005556,0,0.0076180086471140385
FR012013,0,0.013109445571899414
FR014653,0,0.014876228757202625
FR016690,0,0.005495783872902393
FR013363,0,0.12707625329494476
FR000665,0,0.004498501308262348
FR006753,0,0.0024955773260444403
FR014073,1,0.01244855672121048
FR010223,0,0.047410137951374054
FR013077,0,0.0040076542645692825
FR012572,0,0.0077730705961585045
FR017834,0,0.005532052367925644
FR019369,0,0.008775582537055016
FR005469,0,0.011933477595448494
FR004768,0,0.005272293463349342
FR009530,0,0.0033436042722314596
FR004618,0,0.014108041301369667
FR016195,0,0.008169721812009811
FR003387,0,0.005717659834772348
FR008936,0,0.01563585363328457
FR017491,0,0.008072305470705032
FR016644,0,0.004959500394761562
FR003151,0,0.006360869389027357
FR019013,0,0.0040602185763418674
FR001455,0,0.012488123960793018
FR010971,0,0.051909178495407104
FR003316,0,0.008011247031390667
FR014156,0,0.009662410244345665
FR003804,0,0.004036388359963894
FR012989,0,0.022128352895379066
FR015499,0,0.006516285706311464
FR010107,0,0.027286553755402565
FR008842,0,0.030057983472943306
FR009592,0,0.023266537114977837
FR017809,0,0.00947505608201027
FR016071,0,0.008637474849820137
FR002550,0,0.00795121118426323
FR012613,0,0.021531416103243828
FR010887,0,0.006028182804584503
FR019937,0,0.009997044689953327
FR013107,0,0.00262593780644238
FR017912,0,0.01862970180809498
FR019432,0,0.0033015324734151363
FR001542,0,0.047997310757637024
FR003791,0,0.0046812668442726135
FR000495,0,0.0047474997118115425
FR009279,0,0.007855480536818504
FR003532,0,0.005843594204634428
FR009052,0,0.0068621099926531315
FR012754,1,0.06852466613054276
FR019309,0,0.005240792408585548
FR016327,0,0.008284657262265682
FR008137,0,0.0066690100356936455
FR003205,0,0.018232563510537148
FR017011,0,0.004311741329729557
FR008797,0,0.0045781866647303104
FR009082,0,0.005692270118743181
FR009478,0,0.017699917778372765
FR014398,0,0.006012121215462685
FR002053,0,0.004011754412204027
FR009317,0,0.010790943168103695
FR016919,0,0.006516569759696722
FR002143,0,0.006250451784580946
FR004719,0,0.0053679607808589935
FR000007,0,0.0031761759892106056
FR000164,0,0.008382375352084637
FR010332,0,0.006546511314809322
FR019165,0,0.005221997853368521
FR005483,1,0.636780321598053
FR006917,0,0.0038271842058748007
FR017298,0,0.01486170757561922
FR010744,0,0.007072024047374725
FR013745,0,0.008380393497645855
FR016953,0,0.010285946540534496
FR005796,0,0.004675842355936766
FR004278,0,0.009101424366235733
FR018513,0,0.005700993817299604
FR013748,0,0.0076017966493964195
FR011268,0,0.010931001044809818
FR017268,0,0.04017934203147888
FR010841,0,0.0038423631340265274
FR019438,0,0.016719253733754158
FR015234,0,0.0032369925174862146
FR004608,0,0.005592167843133211
FR002946,0,0.009161913767457008
FR019375,0,0.017879851162433624
FR003358,0,0.0098269609734416
FR002230,0,0.016005849465727806
FR011057,0,0.005255968775600195
FR014527,0,0.030787335708737373
FR002953,0,0.004121239297091961
FR006105,0,0.014161705039441586
FR005066,0,0.007318662013858557
FR005512,0,0.008125278167426586
FR000708,0,0.009246116504073143
FR005605,0,0.0047411187551915646
FR002223,0,0.020589888095855713
FR016645,0,0.00435156375169754
FR011118,0,0.011822531931102276
FR008538,0,0.0359627828001976
FR012563,0,0.035932157188653946
FR002056,0,0.07021960616111755
FR002438,0,0.01948726177215576
FR016832,0,0.008106629364192486
FR003091,0,0.023344706743955612
FR010825,0,0.005449378397315741
FR018717,0,0.0059434096328914165
FR008211,0,0.006022816989570856
FR011108,0,0.00421920046210289
FR009104,0,0.005531234201043844
FR018341,0,0.005741850472986698
FR007799,0,0.005775962024927139
FR017119,0,0.0154892448335886
FR000766,0,0.01366619672626257
FR000330,0,0.009062626399099827
FR017256,0,0.0032627955079078674
FR000576,0,0.008472627960145473
FR001267,0,0.010274899192154408
FR000241,0,0.0038417812902480364
FR006853,0,0.005671028979122639
FR006955,0,0.00980351958423853
FR009068,0,0.006823719013482332
FR017130,0,0.009884913451969624
FR007811,1,0.00733967125415802
FR004831,0,0.0034297897946089506
FR017557,0,0.008286051452159882
FR003078,0,0.00706428661942482
FR012511,0,0.026528647169470787
FR017997,0,0.010616178624331951
FR002982,0,0.027992790564894676
FR006622,0,0.017830591648817062
FR011503,0,0.005755079444497824
FR000746,0,0.007148810662329197
FR008922,0,0.01890595071017742
FR007039,0,0.004351737443357706
FR012389,0,0.007852868176996708
FR016594,0,0.003643945325165987
FR012465,0,0.005239684134721756
FR012872,0,0.02493485063314438
FR008614,0,0.01691959984600544
FR005045,0,0.004797069821506739
FR019452,0,0.05149398744106293
FR019352,0,0.01030010636895895
FR003797,1,0.011091887019574642
FR001582,0,0.0038798225577920675
FR012978,0,0.015892552211880684
FR008153,0,0.0028744135051965714
FR001091,0,0.00710307015106082
FR011318,0,0.007303050719201565
FR001601,0,0.008764663711190224
FR008229,0,0.4270579218864441
FR002102,0,0.019870946183800697
FR011778,0,0.007592111360281706
FR014292,0,0.005206332076340914
FR003329,0,0.006478235591202974
FR009302,0,0.004550839774310589
FR008283,0,0.019516555592417717
FR012860,0,0.0027071970980614424
FR011933,0,0.0036868436727672815
FR012032,0,0.008710947819054127
FR000380,0,0.007500060368329287
FR013075,0,0.004917209502309561
FR019329,0,0.007432498037815094
FR001683,0,0.007562525570392609
FR007055,0,0.029407020658254623
FR008460,0,0.012988646514713764
FR018920,0,0.003674583975225687
FR005328,0,0.005861660931259394
FR007596,0,0.009848587214946747
FR004639,0,0.01745903305709362
FR014213,0,0.016214285045862198
FR014609,0,0.01678609661757946
FR010710,0,0.0031406437046825886
FR006457,0,0.004689074121415615
FR013720,0,0.0036582264583557844
FR014636,0,0.005828889086842537
FR003344,0,0.019767753779888153
FR006056,0,0.012247267179191113
FR012781,0,0.005865782964974642
FR019936,0,0.006307352799922228
FR011524,0,0.0061034574173390865
FR018488,0,0.004712230991572142
FR014222,0,0.004410142544656992
FR008856,0,0.007356174755841494
FR019548,0,0.018320512026548386
FR003961,0,0.005003003403544426
FR011218,0,0.0033111271914094687
FR009733,0,0.04652782902121544
FR003551,0,0.017967261373996735
FR009078,0,0.016473596915602684
FR003018,0,0.021073397248983383
FR000052,0,0.03290363773703575
FR017520,0,0.02698950283229351
FR003420,0,0.010421455837786198
FR005368,0,0.00968596525490284
FR007572,0,0.0077497344464063644
FR015740,0,0.003717511659488082
FR000987,0,0.005672231316566467
FR016777,0,0.007489593233913183
FR007595,0,0.005980151239782572
FR015882,0,0.0032960970420390368
FR010628,0,0.003995239268988371
FR013785,0,0.0027207524981349707
FR004111,0,0.022586585953831673
FR016460,0,0.006595980376005173
FR008885,0,0.011150583624839783
FR001373,0,0.010764253325760365
FR001063,0,0.004177603404968977
FR011388,0,0.004702447913587093
FR013297,0,0.00784424226731062
FR019199,0,0.004093048628419638
FR012431,0,0.004172645043581724
FR008429,0,0.03138924390077591
FR010723,0,0.012096749618649483
FR006746,0,0.007545262575149536
FR001641,0,0.004228657111525536
FR019659,0,0.004064412787556648
FR004841,0,0.0030852097552269697
FR006077,0,0.014345516450703144
FR011479,0,0.1334826946258545
FR000469,0,0.007055031601339579
FR014530,0,0.009183778427541256
FR008220,0,0.005922564771026373
FR007040,0,0.009632124565541744
FR001706,0,0.0045318701304495335
FR008475,0,0.007316341158002615
FR007416,0,0.011685236357152462
FR009169,0,0.00510057806968689
FR006063,0,0.004286553245037794
FR014998,0,0.014639505185186863
FR002663,0,0.003811065573245287
FR016261,0,0.012638544663786888
FR007422,0,0.028656432405114174
FR007437,0,0.006237699184566736
FR011926,0,0.2140204757452011
FR004415,0,0.025786947458982468
FR015517,0,0.010902835987508297
FR004101,0,0.005831461865454912
FR011636,0,0.004883978050202131
FR002458,0,0.013600446283817291
FR008469,0,0.0397193506360054
FR008296,0,0.014669250696897507
FR006484,0,0.004855122417211533
FR017522,0,0.012639514170587063
FR016133,0,0.003742269007489085
FR003903,0,0.09255418926477432
FR000550,0,0.020729979500174522
FR019868,0,0.0045911953784525394
FR019640,0,0.008761768229305744
FR004986,0,0.004047746770083904
FR005422,0,0.009651465341448784
FR008321,0,0.009660713374614716
FR018294,0,0.00460231164470315
FR010180,0,0.007987155579030514
FR010949,0,0.004119677934795618
FR005110,0,0.25256991386413574
FR017331,0,0.0044976710341870785
FR013679,0,0.008113722316920757
FR012194,0,0.022341465577483177
FR015396,0,0.00780840078368783
FR008371,0,0.11610782146453857
FR009291,0,0.007895177230238914
FR001193,0,0.0041375127620995045
FR011069,0,0.014994317665696144
FR017930,0,0.006012010388076305
FR019310,0,0.0048689511604607105
FR019716,0,0.006087499670684338
FR002625,0,0.0054986486211419106
FR015154,0,0.002793125109747052
FR006246,0,0.0068795764818787575
FR004976,0,0.008771535009145737
FR000562,0,0.005542452912777662
FR016111,0,0.016103819012641907
FR018344,0,0.006226672325283289
FR014678,0,0.016714733093976974
FR017239,0,0.01900096796452999
FR007134,0,0.09969692677259445
FR011158,0,0.01202407293021679
FR001759,0,0.007584710139781237
FR005239,0,0.010152416303753853
FR010405,0,0.08649303764104843
FR006312,0,0.036777250468730927
FR007735,0,0.005828002002090216
FR019706,1,0.045660220086574554
FR002177,0,0.005151139572262764
FR010094,0,0.005875166971236467
FR004242,0,0.004679183475673199
FR011972,0,0.005892797373235226
FR018299,0,0.011797811836004257
FR014064,0,0.008964252658188343
FR004436,0,0.009982683695852757
FR009961,0,0.0042927078902721405
FR005275,0,0.09090209007263184
FR003892,0,0.016310248523950577
FR012051,0,0.005332612432539463
FR016202,0,0.0034209024161100388
FR016375,0,0.018220622092485428
FR010964,0,0.006666085682809353
FR001067,0,0.0064163245260715485
FR000546,0,0.009992222301661968
FR016412,0,0.028803247958421707
FR011650,0,0.004599555861204863
FR019565,0,0.005844516213983297
FR009806,0,0.008494731970131397
FR009701,0,0.004208012484014034
FR007196,0,0.0050855060108006
FR007395,0,0.004811508115381002
FR012087,0,0.021583404392004013
FR017306,0,0.008213922381401062
FR018991,0,0.008810658939182758
FR004387,0,0.023973457515239716
FR011240,0,0.035915929824113846
FR013627,0,0.010258420370519161
FR012800,0,0.014803457073867321
FR014247,0,0.007804762572050095
FR010358,0,0.004884473513811827
FR008255,0,0.006454175338149071
FR010097,0,0.020011696964502335
FR017499,0,0.00650839414447546
FR000743,1,0.12151311337947845
FR002450,0,0.005461359396576881
FR011888,0,0.009824441745877266
FR001107,0,0.005865424405783415
FR017908,0,0.004325659479945898
FR002898,0,0.009000808000564575
FR015637,0,0.009958057664334774
FR009920,0,0.0057508815079927444
FR008200,0,0.01846793107688427
FR015174,0,0.007316444534808397
FR005915,0,0.007036799564957619
FR005282,0,0.005514235235750675
FR000926,0,0.006316743791103363
FR010458,0,0.014594115316867828
FR016978,0,0.004561581648886204
FR000006,0,0.015433315187692642
FR006612,0,0.00733339274302125
FR012243,0,0.006977519951760769
FR016191,0,0.023695724084973335
FR012519,0,0.003600676544010639
FR013060,0,0.03642696887254715
FR017851,0,0.014213417656719685
FR011529,0,0.006256793159991503
FR015693,0,0.008326733484864235
FR010990,0,0.05212472379207611
FR017409,0,0.005356287583708763
FR002798,0,0.009546211920678616
FR000389,0,0.008395020850002766
FR015291,0,0.010530169121921062
FR005879,0,0.006644935812801123
FR013426,0,0.009188547730445862
FR006832,0,0.007965920493006706
FR002190,0,0.01450206059962511
FR017799,0,0.02529713325202465
FR011293,0,0.00531610706821084
FR010254,0,0.00710896123200655
FR009906,0,0.22539982199668884
FR006909,0,0.005786316469311714
FR008623,0,0.0040239072404801846
FR000533,0,0.006340366322547197
FR018045,0,0.008732360787689686
FR007427,0,0.01990084908902645
FR012756,0,0.007478000596165657
FR003788,0,0.0101156709715724
FR009976,0,0.01772874966263771
FR009471,0,0.005186001770198345
FR001078,0,0.006724444683641195
FR014451,0,0.16406464576721191
FR019404,0,0.013179711997509003
FR012230,0,0.010051391087472439
FR004127,0,0.004513433203101158
FR001136,0,0.008699899539351463
FR017340,0,0.00487848836928606
FR001210,0,0.005098325666040182
FR014082,0,0.0038909120485186577
FR018741,0,0.03176972270011902
FR006231,0,0.027351340278983116
FR008433,0,0.010356420651078224
FR015798,0,0.003799063852056861
FR001039,0,0.013766797259449959
FR011538,0,0.006951404735445976
FR006667,0,0.006465759593993425
FR015719,0,0.02255978249013424
FR007615,0,0.0096402233466506
FR016819,0,0.0035388527903705835
FR013163,0,0.014641272835433483
FR008823,0,0.00811137817800045
FR003394,0,0.007095567882061005
FR019031,0,0.03487284481525421
FR009734,0,0.004151858855038881
FR011903,0,0.005553228780627251
FR009740,0,0.006078331731259823
FR014077,0,0.012553694657981396
FR016807,0,0.007823017425835133
FR016547,0,0.012068399228155613
FR008354,0,0.0175262913107872
FR008776,0,0.00421973317861557
FR002372,0,0.01412790548056364
FR012649,0,0.00805617868900299
FR008315,0,0.007191895041614771
FR007208,0,0.002814491046592593
FR009502,0,0.0517297126352787
FR006094,0,0.014819594100117683
FR013062,0,0.009151124395430088
FR011872,0,0.0074388254433870316
FR017270,0,0.008749643340706825
FR009140,0,0.014195836149156094
FR002339,1,0.03828326240181923
FR012160,1,0.005393418483436108
FR018458,0,0.012333543971180916
FR016940,0,0.009184750728309155
FR011927,0,0.006757866125553846
FR007869,0,0.06794586777687073
FR011608,0,0.02684803307056427
FR006944,0,0.00973341055214405
FR013376,0,0.020886274054646492
FR012259,0,0.009558690711855888
FR009472,0,0.003985914401710033
FR018375,0,0.009178334847092628
FR005677,0,0.008773570880293846
FR011549,0,0.04150909557938576
FR013161,0,0.008514841087162495
FR018841,0,0.009656202979385853
FR003147,0,0.0039924392476677895
FR009167,0,0.007161506451666355
FR019574,0,0.014445129781961441
FR010083,0,0.05480405315756798
FR018826,0,0.007163914851844311
FR016864,0,0.005920530296862125
FR018739,0,0.008329024538397789
FR017559,0,0.0054270620457828045
FR014005,0,0.0035699119325727224
FR008763,0,0.004011059179902077
FR012493,0,0.010742340236902237
FR015889,0,0.010450247675180435
FR009161,0,0.008985746651887894
FR000560,0,0.004133932758122683
FR004388,0,0.02930034138262272
FR000505,0,0.005578560288995504
FR015559,0,0.009211420081555843
FR013871,0,0.013340082950890064
FR008989,0,0.01259783748537302
FR001140,0,0.0066273268312215805
FR016357,0,0.00786549411714077
FR016732,0,0.019544342532753944
FR013334,0,0.027576757594943047
FR018227,0,0.015445915050804615
FR015358,0,0.010073097422719002
FR017763,0,0.019596926867961884
FR014918,0,0.00868421234190464
FR014777,0,0.005255953408777714
FR012218,0,0.007312667090445757
FR005302,0,0.005274709779769182
FR015121,0,0.010041550733149052
FR013029,0,0.01979665271937847
FR018097,0,0.005721356254070997
FR008839,0,0.007868099957704544
FR005207,0,0.005299104377627373
FR015477,0,0.009522049687802792
FR017884,0,0.004879447165876627
FR003622,0,0.005011991132050753
FR002699,0,0.01842569373548031
FR012523,0,0.005367578938603401
FR019299,0,0.008189432322978973
FR005160,0,0.002503353636711836
FR006273,0,0.010106607340276241
FR002858,0,0.0057092164643108845
FR007260,0,0.0069585214368999004
FR000995,0,0.005002797581255436
FR017877,0,0.007360521238297224
FR018146,0,0.023085860535502434
FR009891,0,0.026342153549194336
FR005214,0,0.010961810126900673
FR018425,0,0.007258976344019175
FR006532,0,0.005589466076344252
FR019173,0,0.0034936387091875076
FR015326,0,0.08994729816913605
FR009060,0,0.004436662420630455
FR013726,0,0.005604809150099754
FR002069,0,0.007926111109554768
FR005034,0,0.005697191692888737
FR017525,0,0.0063622137531638145
FR000508,0,0.005706529598683119
FR011652,0,0.008419718593358994
FR011391,0,0.006008659955114126
FR019740,0,0.038108568638563156
FR003295,0,0.0065891253761947155
FR010361,0,0.011557593941688538
FR005299,0,0.01314073521643877
FR012827,0,0.00669530825689435
FR000422,0,0.21528612077236176
FR016189,0,0.003535152180120349
FR007419,0,0.006010639481246471
FR003077,0,0.010737426578998566
FR014569,0,0.01603199914097786
FR004742,0,0.004185122437775135
FR008481,0,0.007689265999943018
FR011963,0,0.05430598929524422
FR018228,0,0.011792798526585102
FR006267,0,0.008926570415496826
FR008645,0,0.002954647643491626
FR014587,0,0.004970341455191374
FR000551,0,0.005412595812231302
FR017359,0,0.014925792813301086
FR011686,0,0.010336588136851788
FR010686,0,0.010891509242355824
FR009616,0,0.03164621442556381
FR000396,0,0.007907748222351074
FR019933,0,0.005401996895670891
FR000338,0,0.00606816541403532
FR014619,0,0.061715420335531235
FR007695,0,0.0026930905878543854
FR007292,0,0.021369440481066704
FR012316,0,0.008044111542403698
FR005484,0,0.011391742154955864
FR008275,0,0.00609914306551218
FR006553,1,0.009604706428945065
FR012106,0,0.008023504167795181
FR019964,0,0.010390103794634342
FR014580,0,0.0034375793766230345
FR007259,0,0.00463765999302268
FR006914,0,0.010748011991381645
FR013543,0,0.0040931846015155315
FR017441,1,0.01364919450134039
FR017295,0,0.006800258997827768
FR005532,0,0.005286218598484993
FR018833,0,0.03987396880984306
FR010428,0,0.0034397542476654053
FR006085,0,0.3093531131744385
FR004244,0,0.027603354305028915
FR001086,0,0.008997393772006035
FR004201,0,0.005509214010089636
FR018047,0,0.007890607230365276
FR010024,0,0.015666252002120018
FR013526,0,0.005541564896702766
FR005343,0,0.010197602212429047
FR007059,0,0.03211166337132454
FR016539,0,0.004427812527865171
FR011125,0,0.034872885793447495
FR013842,1,0.169880673289299
FR015508,0,0.009799146093428135
FR002338,0,0.0035705226473510265
FR005340,0,0.0055504958145320415
FR010104,0,0.005715974140912294
FR006472,0,0.00459421006962657
FR001597,0,0.002538861706852913
FR008755,0,0.02768196538090706
FR003579,0,0.007244815584272146
FR012992,0,0.007361626252532005
FR010926,0,0.011021489277482033
FR003455,0,0.011902694590389729
FR000549,0,0.006844535935670137
FR009521,0,0.008572656661272049
FR016726,0,0.0076147825457155704
FR000381,0,0.005486359819769859
FR005833,0,0.008318287320435047
FR013960,0,0.002549845026805997
FR017526,0,0.002982053207233548
FR015180,0,0.006708541885018349
FR004807,0,0.00406267587095499
FR000257,0,0.004044877830892801
FR005361,0,0.014082740992307663
FR007810,0,0.05360545963048935
FR002925,0,0.004868803080171347
FR010003,0,0.017580589279532433
FR015156,0,0.006410629954189062
FR003834,0,0.007000532932579517
FR011858,0,0.01588493213057518
FR005662,0,0.007539673242717981
FR001826,0,0.006890727672725916
FR018145,0,0.010172479785978794
FR008617,0,0.017929406836628914
FR008249,0,0.005683753173798323
FR008048,0,0.020709941163659096
FR014493,0,0.020466312766075134
FR002201,0,0.0332038551568985
FR014648,0,0.011882556602358818
FR005501,0,0.006136094219982624
FR019549,0,0.015619596466422081
FR017675,0,0.007379201240837574
FR003607,0,0.028027109801769257
FR001749,0,0.007658141199499369
FR004808,0,0.006386507768183947
FR013631,0,0.07793686538934708
FR009238,0,0.009931058622896671
FR007669,0,0.006360089406371117
FR015546,0,0.005880238022655249
FR004108,0,0.007114200387150049
FR016652,0,0.008432874456048012
FR009353,0,0.007611274253576994
FR007049,0,0.00458478881046176
FR017771,0,0.005123787093907595
FR003487,0,0.0076490724459290504
FR008209,0,0.005801407154649496
FR009237,0,0.016920551657676697
FR000613,0,0.004734968766570091
FR015421,0,0.017942221835255623
FR014852,0,0.012377889826893806
FR002281,0,0.006688030902296305
FR004265,0,0.00447554886341095
FR018963,0,0.012546184472739697
FR008128,0,0.006451824214309454
FR001205,0,0.008442013524472713
FR015924,0,0.029324432834982872
FR018468,0,0.008425015024840832
FR008423,0,0.03236473351716995
FR000833,0,0.010082369670271873
FR015857,0,0.027149993926286697
FR006363,0,0.004313934128731489
FR008780,0,0.017980163916945457
FR004300,0,0.0042504738084971905
FR006265,0,0.018545987084507942
FR012185,0,0.005414231214672327
FR002318,0,0.005594127811491489
FR009783,0,0.005833588074892759
FR004825,0,0.05718028172850609
FR003306,0,0.006180676631629467
FR011976,0,0.030974294990301132
FR017843,0,0.011170686222612858
FR014792,0,0.030321916565299034
FR003847,0,0.014959700405597687
FR014894,0,0.008450064808130264
FR010424,0,0.009320869110524654
FR002700,0,0.009011750109493732
FR015425,1,0.022700507193803787
FR014658,0,0.0034878298174589872
FR006359,0,0.0070304288528859615
FR007428,0,0.00460792938247323
FR019591,0,0.007099963258951902
FR006029,0,0.009740693494677544
FR014981,0,0.004182974807918072
FR003758,0,0.008719504810869694
FR005800,0,0.008031671866774559
FR007019,0,0.008304999209940434
FR013929,0,0.05606904253363609
FR019145,0,0.007575208321213722
FR012750,0,0.01167064718902111
FR005438,0,0.0056451596319675446
FR019622,0,0.0025272967759519815
FR013287,0,0.007783614099025726
FR007321,0,0.008962122723460197
FR012762,0,0.008877071551978588
FR018553,0,0.009194384329020977
FR004815,0,0.008345239795744419
FR005930,0,0.00410608621314168
FR004730,0,0.0036682544741779566
FR003368,0,0.010914036072790623
FR007559,0,0.011417725123465061
FR002770,0,0.006786539684981108
FR001489,0,0.006221611052751541
FR017666,0,0.008313285186886787
FR009738,0,0.0678258016705513
FR007551,0,0.007668367587029934
FR016072,0,0.01173400692641735
FR009292,0,0.006776127964258194
FR010961,0,0.03810320049524307
FR018243,0,0.004076954908668995
FR017345,0,0.007573480252176523
FR019275,0,0.0226796455681324
FR003288,0,0.014969301410019398
FR019911,0,0.011290431953966618
FR017317,0,0.006154053378850222
FR004452,0,0.012843279168009758
FR010265,0,0.0061650350689888
FR004334,0,0.006248749326914549
FR003386,0,0.005636376794427633
FR016508,0,0.003576624905690551
FR002782,0,0.004251497332006693
FR016647,0,0.009702206589281559
FR015267,0,0.00853651762008667
FR005513,0,0.0040824939496815205
FR000605,0,0.0029944726265966892
FR019476,0,0.013661311939358711
FR010229,0,0.004217345733195543
FR015131,1,0.6353264451026917
FR005533,0,0.007629397790879011
FR011655,0,0.0054341391660273075
FR019326,0,0.006989721674472094
FR014242,0,0.015222286805510521
FR001372,0,0.007116750814020634
FR018182,0,0.00513678602874279
FR008057,0,0.009587942622601986
FR009634,0,0.04247182607650757
FR003893,0,0.0065499767661094666
FR010271,0,0.0044057294726371765
FR013702,1,0.003584026824682951
FR016208,0,0.01317720115184784
FR001479,0,0.005582566373050213
FR016154,0,0.004650944843888283
FR018059,0,0.004845472052693367
FR008179,0,0.00857005175203085
FR007936,0,0.02279239520430565
FR013478,0,0.005613671150058508
FR013011,0,0.006891109514981508
FR012963,0,0.00934657920151949
FR006790,0,0.007051721680909395
FR005911,0,0.022436995059251785
FR006271,0,0.02957240864634514
FR009709,0,0.006878306157886982
FR003481,0,0.004667375236749649
FR001756,0,0.00645472900941968
FR002980,0,0.007145988754928112
FR014358,0,0.009214039891958237
FR016031,0,0.01449665054678917
FR004091,0,0.004095121286809444
FR002615,0,0.006170096807181835
FR013659,0,0.00432558124884963
FR005743,0,0.009878404438495636
FR007977,0,0.0076985605992376804
FR014295,0,0.002598023973405361
FR011403,0,0.009777724742889404
FR006785,0,0.00560286408290267
FR012612,0,0.016068769618868828
FR008673,0,0.005160874221473932
FR006616,0,0.007096485234797001
FR013464,0,0.012182743288576603
FR017649,0,0.004067787900567055
FR012695,0,0.0039631980471313
FR015791,0,0.016861988231539726
FR003555,0,0.008161546662449837
FR011025,0,0.009260568767786026
FR018426,0,0.009634025394916534
FR001159,0,0.014814046211540699
FR009198,0,0.005437070038169622
FR000683,0,0.006941128987818956
FR012472,0,0.009151548147201538
FR008695,0,0.007742967922240496
FR014733,0,0.004395684693008661
FR012120,0,0.005465589929372072
FR008784,0,0.004875116981565952
FR008187,0,0.01365593634545803
FR004123,0,0.00930742733180523
FR000736,0,0.007239241618663073
FR017751,0,0.0042260135523974895
FR004996,0,0.005524591542780399
FR011485,0,0.03539365530014038
FR004122,0,0.017286336049437523
FR011322,0,0.021804388612508774
FR019496,0,0.01866164617240429
FR019692,0,0.025393683463335037
FR009520,0,0.00440751388669014
FR017876,0,0.11414222419261932
FR012371,0,0.005532671697437763
FR019200,0,0.00721720838919282
FR009628,0,0.009638730436563492
FR002498,0,0.006600856315344572
FR018767,0,0.00820077583193779
FR011165,0,0.007241311948746443
FR018573,0,0.0037545219529420137
FR013455,0,0.0050534396432340145
FR011457,0,0.003929186146706343
FR007263,0,0.05923418700695038
FR017711,0,0.034741293638944626
FR017267,0,0.005928826052695513
FR011046,0,0.0062589701265096664
FR004994,0,0.008080040104687214
FR008159,0,0.006115232594311237
FR019718,0,0.04369674623012543
FR006366,0,0.004826379008591175
FR000082,0,0.008813249878585339
FR000404,0,0.007595780771225691
FR005193,0,0.0031207678839564323
FR012253,0,0.02112271636724472
FR012061,0,0.07467611134052277
FR009031,0,0.008458446711301804
FR019645,0,0.007449560798704624
FR005870,0,0.04484129324555397
FR014688,0,0.004828720353543758
FR008919,0,0.008090376853942871
FR017043,0,0.006920878775417805
FR017041,0,0.0067352973856031895
FR009688,0,0.0036589077208191156
FR016016,0,0.004562417510896921
FR005429,0,0.013764848932623863
FR010952,0,0.003332450520247221
FR002614,0,0.005418772809207439
FR010992,0,0.004435468465089798
FR004699,0,0.00572246266528964
FR019198,0,0.019119301810860634
FR011280,0,0.03512692078948021
FR007375,0,0.006568342447280884
FR008133,0,0.012222015298902988
FR010506,0,0.006234044209122658
FR004606,0,0.023460641503334045
FR005737,0,0.6798640489578247
FR013341,0,0.006676216144114733
FR003058,0,0.040732089430093765
FR013958,0,0.007155000697821379
FR003590,0,0.004249787889420986
FR015593,0,0.007112546358257532
FR005261,0,0.016902627423405647
FR016282,0,0.010831402614712715
FR007812,0,0.005161664914339781
FR003718,0,0.006044791080057621
FR015751,0,0.008348500356078148
FR001320,0,0.006108773406594992
FR017670,0,0.014920738525688648
FR014128,0,0.013731996528804302
FR010696,0,0.00848313793540001
FR010668,0,0.014106761664152145
FR018250,0,0.0046531022526323795
FR010389,0,0.00656554289162159
FR009879,0,0.005815455690026283
FR000293,0,0.005454236175864935
FR010376,0,0.01079126913100481
FR006340,1,0.15562449395656586
FR015429,0,0.00658412417396903
FR012641,0,0.05061528459191322
FR007805,0,0.009631454944610596
FR000626,0,0.005562460515648127
FR011814,0,0.04678654670715332
FR004777,0,0.0030482567381113768
FR006633,0,0.010387632995843887
FR004614,0,0.011809686198830605
FR006970,0,0.0124839311465621
FR001949,0,0.0145795913413167
FR002275,0,0.004296747036278248
FR012374,0,0.019469812512397766
FR008948,0,0.00719959381967783
FR016815,0,0.02759486250579357
FR008887,0,0.004145476035773754
FR008193,0,0.005464799702167511
FR018775,0,0.010314329527318478
FR000741,0,0.006278194021433592
FR015079,0,0.010199956595897675
FR001260,0,0.021084994077682495
FR003535,0,0.009522908367216587
FR007195,0,0.0034167447593063116
FR009391,0,0.006621647160500288
FR005882,0,0.011296357959508896
FR018669,0,0.004511747509241104
FR009062,0,0.005075342021882534
FR002934,0,0.008609823882579803
FR001994,0,0.004900841042399406
FR017735,0,0.03035586327314377
FR004200,0,0.004205345641821623
FR012018,0,0.003140633227303624
FR016603,0,0.006567045580595732
FR005107,0,0.014363064430654049
FR014702,0,0.03641245886683464
FR005323,0,0.03620956093072891
FR015006,0,0.0351540632545948
FR018812,0,0.006602253764867783
FR018966,0,0.00814010202884674
FR009023,0,0.01784176006913185
FR010727,0,0.015483835712075233
FR001170,0,0.013281827792525291
FR002167,0,0.01724308542907238
FR009680,0,0.004142028745263815
FR015195,1,0.4790261387825012
FR019134,0,0.003773385426029563
FR000572,0,0.006697883829474449
FR003491,0,0.024298200383782387
FR005711,0,0.006912176962941885
FR003652,0,0.024003438651561737
FR010470,0,0.011363433673977852
FR005250,1,0.009047163650393486
FR017333,0,0.007294603157788515
FR010866,0,0.014456198550760746
FR001992,0,0.028394242748618126
FR019616,0,0.005830094218254089
FR008138,0,0.005396626889705658
FR019527,0,0.0045936391688883305
FR000954,0,0.009815813042223454
FR006625,0,0.003784614149481058
FR008449,0,0.028065240010619164
FR005594,0,0.0030063732992857695
FR011962,0,0.029303813353180885
FR003615,0,0.004981778096407652
FR000509,0,0.011054088361561298
FR017015,1,0.576987624168396
FR008579,0,0.01158225815743208
FR001976,0,0.0152549734339118
FR011382,0,0.008546782657504082
FR006144,0,0.009202537126839161
FR003294,0,0.004538677167147398
FR017061,0,0.010123079642653465
FR014245,0,0.006189079489558935
FR016541,0,0.007510922849178314
FR001474,0,0.007009269203990698
FR002824,0,0.022167285904288292
FR012348,0,0.007729501463472843
FR003927,0,0.006262245122343302
FR012614,0,0.005669367499649525
FR007772,0,0.006263826508074999
FR017898,0,0.010282335802912712
FR010564,0,0.003103018505498767
FR012517,0,0.010406571440398693
FR004987,0,0.020007848739624023
FR004084,1,0.005434576887637377
FR015667,0,0.11823534965515137
FR013381,0,0.004099253565073013
FR015858,0,0.0029464440885931253
FR007229,0,0.006687368731945753
FR000269,0,0.021147921681404114
FR002790,0,0.007839719764888287
FR007601,0,0.024696627631783485
FR013993,0,0.003934876527637243
FR017386,0,0.017285039648413658
FR013406,0,0.005402834620326757
FR001517,0,0.012414486147463322
FR004317,0,0.010278822854161263
FR008323,0,0.004848599433898926
FR000776,0,0.006735316943377256
FR017989,0,0.012195850722491741
FR009987,0,0.012887425720691681
FR002555,0,0.00536271370947361
FR005031,0,0.007030711974948645
FR018749,0,0.004302569665014744
FR005946,0,0.006056861486285925
FR016042,0,0.01652384363114834
FR014319,0,0.013160432688891888
FR007351,0,0.017429275438189507
FR005993,0,0.007948176935315132
FR000446,0,0.014960333704948425
FR010999,0,0.010092654265463352
FR008554,0,0.009507403708994389
FR009460,0,0.005136281717568636
FR016245,0,0.003456112463027239
FR010165,0,0.0049131326377391815
FR013056,0,0.016023162752389908
FR005519,0,0.009511971846222878
FR010520,0,0.0049477629363536835
FR010619,0,0.02927982807159424
FR008597,0,0.00897226668894291
FR001562,0,0.0103005925193429
FR000968,0,0.00727885402739048
FR001635,0,0.016983112320303917
FR012440,0,0.011463991366326809
FR011798,0,0.015220686793327332
FR011525,0,0.028167327865958214
FR003544,0,0.005354913417249918
FR018445,0,0.026959028095006943
FR011016,0,0.02702092006802559
FR005819,0,0.010584057308733463
FR009751,0,0.019880719482898712
FR011147,0,0.02545643411576748
FR003275,0,0.00840564165264368
FR013127,0,0.002922584069892764
FR007298,0,0.04786403104662895
FR005140,0,0.5717700123786926
FR018562,0,0.045791447162628174
FR006257,0,0.011290804482996464
FR014816,0,0.009006433188915253
FR014243,0,0.019560370594263077
FR006481,0,0.0034345765598118305
FR015910,0,0.008192825131118298
FR009629,0,0.012042677961289883
FR014421,0,0.006688142195343971
FR015280,0,0.005242553073912859
FR013783,1,0.07047581672668457
FR004664,0,0.007419627159833908
FR004166,0,0.02149772271513939
FR000851,0,0.5771588683128357
FR005496,0,0.04390079528093338
FR012947,0,0.012319889850914478
FR009481,0,0.002559620188549161
FR014418,0,0.006017498206347227
FR011794,0,0.047079429030418396
FR017026,0,0.018695268779993057
FR016626,0,0.007808057125657797
FR017945,0,0.006459084805101156
FR000124,0,0.005441925022751093
FR012941,0,0.011466964147984982
FR013130,0,0.011631985194981098
FR009373,0,0.013522814027965069
FR013629,0,0.013131845742464066
FR015016,0,0.004524596501141787
FR000559,0,0.008477360010147095
FR011579,0,0.004615958780050278
FR019253,0,0.008111704140901566
FR019435,0,0.014555181376636028
FR019367,0,0.013415677472949028
FR006875,0,0.007192943245172501
FR011637,0,0.033992424607276917
FR010641,0,0.010658764280378819
FR007664,0,0.003995149862021208
FR008574,0,0.009683971293270588
FR001066,0,0.010834789834916592
FR014984,0,0.006389882881194353
FR019103,0,0.003752658376470208
FR019341,0,0.0067461715079844
FR000722,0,0.016797620803117752
FR010366,0,0.02832595631480217
FR018556,0,0.008170174434781075
FR017794,0,0.00582571467384696
FR018830,0,0.010959138162434101
FR005341,0,0.008187917992472649
FR012816,0,0.01084511261433363
FR006413,0,0.005786382593214512
FR000496,0,0.003921856638044119
FR008047,0,0.008037080056965351
FR004399,0,0.005216573365032673
FR006852,0,0.0036521917209029198
FR012892,0,0.04490366205573082
FR008401,0,0.005124317016452551
FR012786,0,0.007184204179793596
FR008848,0,0.005847393535077572
FR004397,0,0.006655015051364899
FR016482,0,0.009218337014317513
FR014854,0,0.016356805339455605
FR013672,0,0.02578984759747982
FR013261,0,0.007915832102298737
FR015939,0,0.02799743041396141
FR010656,1,0.008959589526057243
FR017177,0,0.015878872945904732
FR005615,0,0.012884424068033695
FR000648,0,0.003284159582108259
FR006214,0,0.008688877336680889
FR003434,0,0.027717558667063713
FR004119,0,0.021810293197631836
FR005763,0,0.009770493023097515
FR010811,0,0.01450738962739706
FR016526,0,0.003880113363265991
FR009556,0,0.0048046107403934
FR013813,0,0.007986203767359257
FR015782,0,0.006049098446965218
FR002363,0,0.003834617557004094
FR017589,0,0.010995007120072842
FR003465,0,0.015666501596570015
FR016554,0,0.004101921338587999
FR016046,0,0.0024292541202157736
FR018544,1,0.0897975042462349
FR014322,0,0.008862919174134731
FR000442,0,0.0047530317679047585
FR010973,0,0.008319176733493805
FR014872,0,0.02418222278356552
FR009655,0,0.02097829058766365
FR012798,0,0.01480979472398758
FR002368,0,0.01891287788748741
FR011079,0,0.009421802125871181
FR006361,0,0.0073174284771084785
FR018944,0,0.006263100076466799
FR008417,0,0.006518465466797352
FR006421,0,0.010305168107151985
FR019171,0,0.0038263991009444
FR015214,0,0.013238160870969296
FR014737,0,0.018107468262314796
FR004358,0,0.03740440309047699
FR000314,0,0.008574003353714943
FR013205,0,0.0037032165564596653
FR013226,0,0.01518302969634533
FR016210,0,0.007989419624209404
FR007249,0,0.01357992086559534
FR015231,0,0.006080486811697483
FR017421,0,0.004232877399772406
FR013669,0,0.0075116511434316635
FR008526,0,0.008975096046924591
FR002510,0,0.005559942219406366
FR012403,0,0.004736074712127447
FR003353,0,0.007249330636113882
FR008522,0,0.0056334612891077995
FR015898,0,0.0033328719437122345
FR004181,0,0.014970792457461357
FR007489,0,0.004826450254768133
FR002605,0,0.013964531011879444
FR018939,0,0.023216834291815758
FR005372,0,0.004139332566410303
FR004731,0,0.00573118356987834
FR012133,0,0.003350727492943406
FR016324,0,0.00969745684415102
FR002225,0,0.0050401887856423855
FR013605,0,0.005334044340997934
FR016462,0,0.0057543618604540825
FR018220,0,0.007882603444159031
FR013757,0,0.005182214546948671
FR011721,0,0.006069675553590059
FR013949,0,0.0031528521794825792
FR017454,0,0.0061002071015536785
FR002521,0,0.00743211479857564
FR013908,0,0.004809837322682142
FR016836,0,0.006194762885570526
FR013313,0,0.004765682388097048
FR016568,0,0.0034972461871802807
FR017878,0,0.0029521763790398836
FR016162,0,0.01090762484818697
FR003757,0,0.006018816027790308
FR007450,0,0.03483730927109718
FR002324,0,0.007659519091248512
FR011271,0,0.014484317973256111
FR006782,0,0.012333864346146584
FR011540,0,0.009923119097948074
FR005119,0,0.0040765502490103245
FR001005,0,0.010405455715954304
FR000933,0,0.01868891343474388
FR017014,0,0.009181080386042595
FR008968,0,0.005782600492238998
FR019968,0,0.005325878970324993
FR019959,0,0.01029225904494524
FR001605,0,0.005733910016715527
FR009042,0,0.006185926962643862
FR010330,0,0.005887305364012718
FR018378,0,0.04009059816598892
FR011230,0,0.010105314664542675
FR000356,0,0.004640975967049599
FR019531,0,0.00921917799860239
FR003146,0,0.019102411344647408
FR019621,0,0.009097469039261341
FR016061,0,0.006550820544362068
FR012818,0,0.015519484877586365
FR013863,0,0.0057810521684587
FR010177,0,0.022464187815785408
FR011059,0,0.06923659890890121
FR003595,0,0.011047814041376114
FR010013,0,0.013735122978687286
FR019540,1,0.013577583245933056
FR017926,0,0.006576951593160629
FR005697,0,0.006453224457800388
FR012734,1,0.010116387158632278
FR014014,0,0.004511117935180664
FR007475,0,0.007043546065688133
FR017416,0,0.23431001603603363
FR004457,0,0.017930874601006508
FR009712,0,0.01387602649629116
FR014330,0,0.01248350739479065
FR012626,0,0.006234658416360617
FR002287,0,0.0030957255512475967
FR007914,0,0.008366737514734268
FR018823,0,0.005596762523055077
FR009248,0,0.0035834102891385555
FR016837,0,0.01762027107179165
FR017687,0,0.028252456337213516
FR003756,0,0.011851808056235313
FR014356,0,0.006093376316130161
FR007421,0,0.020145833492279053
FR006777,0,0.006520642898976803
FR017788,0,0.00600157305598259
FR009593,0,0.005148571915924549
FR006971,0,0.012510683387517929
FR015736,0,0.0040968735702335835
FR004706,0,0.03515598922967911
FR001306,0,0.044523272663354874
FR011757,0,0.014000301249325275
FR018203,0,0.00854452047497034
FR012119,0,0.004276299383491278
FR010313,0,0.005294458940625191
FR004058,0,0.005186417605727911
FR018981,0,0.007430029101669788
FR011231,0,0.015262297354638577
FR001850,0,0.004522169940173626
FR016574,0,0.009661096148192883
FR000497,0,0.004508086945861578
FR014781,0,0.015533042140305042
FR018026,0,0.008563697338104248
FR006985,0,0.006993512157350779
FR012500,0,0.008072389289736748
FR010095,0,0.004476643167436123
FR005862,0,0.005154497921466827
FR014391,0,0.005757486447691917
FR000012,0,0.005239363294094801
FR001432,0,0.02260139212012291
FR015503,0,0.16307899355888367
FR018651,0,0.015915388241410255
FR004703,0,0.003792529460042715
FR003653,0,0.003813383402302861
FR014152,0,0.011279290542006493
FR001040,0,0.011140613816678524
FR018313,0,0.013524174690246582
FR015066,0,0.0513387955725193
FR009134,0,0.00509977713227272
FR011305,0,0.006589321885257959
FR017146,0,0.003915076609700918
FR001232,0,0.005848502274602652
FR011564,0,0.0033837317023426294
FR003695,0,0.0042003304697573185
FR004688,0,0.007154377177357674
FR014040,0,0.03137533366680145
FR015176,0,0.005139577202498913
FR010331,0,0.006761583033949137
FR011368,1,0.011388837359845638
FR010713,0,0.018439648672938347
FR006647,0,0.010158058255910873
FR001885,0,0.005953608546406031
FR015749,0,0.014720692299306393
FR012668,0,0.005504400935024023
FR013559,0,0.008352306671440601
FR002245,0,0.008430378511548042
FR002166,0,0.005409121513366699
FR014422,0,0.014851267449557781
FR007285,0,0.005262512248009443
FR013454,0,0.013071381486952305
FR008058,0,0.008142858743667603
FR018366,0,0.008139593526721
FR007116,0,0.010287859477102757
FR011649,0,0.005327741149812937
FR001675,0,0.012654650956392288
FR003108,0,0.00265894690528512
FR003842,0,0.0032944257836788893
FR012886,0,0.016358632594347
FR001295,1,0.13893477618694305
FR014280,0,0.008872516453266144
FR005807,0,0.007580723613500595
FR009873,0,0.008632813580334187
FR013033,0,0.003099182853475213
FR011878,1,0.11598420888185501
FR015921,0,0.010141879320144653
FR018586,0,0.007618686184287071
FR008786,0,0.023013504222035408
FR014483,0,0.006351272109895945
FR014491,0,0.011481048539280891
FR001936,0,0.005280717741698027
FR017844,0,0.03326015546917915
FR000966,0,0.011143578216433525
FR013289,0,0.06862793862819672
FR017482,0,0.010636190883815289
FR001591,0,0.004672288428992033
FR019637,0,0.004451241809874773
FR010186,0,0.009815780445933342
FR000418,0,0.00657275877892971
FR015706,0,0.04207013174891472
FR011824,0,0.021226726472377777
FR011419,0,0.007389235310256481
FR003291,0,0.010494932532310486
FR017228,0,0.01486906222999096
FR014228,0,0.00522897532209754
FR016908,0,0.005575159564614296
FR007218,0,0.01918267086148262
FR011458,0,0.007420606445521116
FR012602,0,0.00721130333840847
FR011406,0,0.0044080098159611225
FR005133,0,0.0345756933093071
FR009381,0,0.003023752709850669
FR011013,0,0.00774608226493001
FR001917,0,0.0066159567795693874
FR002119,0,0.024391790851950645
FR017038,1,0.0856037586927414
FR015257,0,0.012269443832337856
FR007976,0,0.01721549592912197
FR008615,0,0.0033120273146778345
FR010558,0,0.015064121223986149
FR003384,0,0.010649104602634907
FR008976,0,0.004080540034919977
FR014182,0,0.009932165034115314
FR019373,0,0.003591501386836171
FR012910,0,0.004045406356453896
FR008120,0,0.010161309503018856
FR012287,0,0.007055275142192841
FR013718,0,0.0325920507311821
FR006940,0,0.015446938574314117
FR015557,0,0.09968256950378418
FR012621,0,0.002987218089401722
FR007625,0,0.02780923992395401
FR002335,1,0.025795483961701393
FR000367,0,0.025681955739855766
FR005732,0,0.003639866830781102
FR005827,0,0.016871919855475426
FR002834,0,0.004378098528832197
FR016725,0,0.006637015379965305
FR009819,0,0.0029330491088330746
FR012212,0,0.040452100336551666
FR010465,0,0.014617442153394222
FR011618,0,0.09345944970846176
FR001258,0,0.0076206219382584095
FR006689,0,0.004211634397506714
FR016841,0,0.006628978066146374
FR004390,0,0.010179968550801277
FR012350,0,0.006557303015142679
FR016962,0,0.008097827434539795
FR006713,0,0.01796477846801281
FR017474,0,0.006848877761512995
FR018644,0,0.0036736365873366594
FR017531,0,0.0036969257052987814
FR004967,0,0.00674024410545826
FR007760,0,0.008317225612699986
FR000963,0,0.008010325953364372
FR015867,0,0.008032203651964664
FR005897,0,0.00552287045866251
FR019896,0,0.004430569242686033
FR002346,0,0.011312746442854404
FR007142,0,0.004595126491039991
FR013311,0,0.032862309366464615
FR011112,0,0.014821200631558895
FR010624,0,0.004177732393145561
FR017077,0,0.004161561839282513
FR008955,0,0.006173048168420792
FR014616,0,0.005539358127862215
FR011430,0,0.011851489543914795
FR004361,0,0.009431120939552784
FR012543,0,0.006776262540370226
FR011098,0,0.004675178788602352
FR002173,0,0.0050172326155006886
FR000194,0,0.010808044113218784
FR016348,0,0.009975260123610497
FR016814,0,0.01253605168312788
FR004740,0,0.011933944188058376
FR014147,0,0.031826287508010864
FR015444,0,0.004513399209827185
FR003226,0,0.030733691528439522
FR001496,0,0.006378264632076025
FR010234,0,0.003807735862210393
FR000749,0,0.009374642744660378
FR006414,0,0.01503924559801817
FR016883,0,0.016246795654296875
FR006188,0,0.0044702342711389065
FR007149,0,0.01198752224445343
FR013486,0,0.006526780314743519
FR015356,0,0.02479272335767746
FR016166,0,0.005039849318563938
FR014840,0,0.008044005371630192
FR016188,0,0.016523465514183044
FR011348,0,0.00693029398098588
FR000706,0,0.01251534465700388
FR003340,0,0.0106028588488698
FR019190,0,0.008092137984931469
FR008604,0,0.018340613692998886
FR010322,0,0.005180245731025934
FR004088,0,0.007007208652794361
FR007718,0,0.019450385123491287
FR016438,0,0.0986279621720314
FR007921,0,0.0071319458074867725
FR004172,0,0.006786517333239317
FR011452,0,0.011571530252695084
FR018590,0,0.0045060692355036736
FR014617,0,0.009640024043619633
FR006163,0,0.009570647962391376
FR002084,0,0.013257890939712524
FR017882,0,0.010250416584312916
FR012901,0,0.007635952904820442
FR005890,0,0.007333336863666773
FR017093,0,0.002950328402221203
FR011460,0,0.01011376641690731
FR004704,0,0.002930040005594492
FR003561,0,0.026624780148267746
FR015905,0,0.011378667317330837
FR019627,0,0.026733824983239174
FR010399,0,0.00624688109382987
FR008634,0,0.021787472069263458
FR001649,0,0.0043928055092692375
FR001127,0,0.09198395907878876
FR015164,0,0.0026160581037402153
FR010213,0,0.014817665331065655
FR008598,0,0.00403755996376276
FR013652,0,0.028961479663848877
FR007284,0,0.004726399667561054
FR011551,0,0.013561817817389965
FR008405,0,0.006343801040202379
FR019380,0,0.0066480874083936214
FR001570,0,0.005095600616186857
FR018058,0,0.0045638298615813255
FR011360,0,0.0027225033845752478
FR019946,0,0.004680285230278969
FR015078,0,0.01869654282927513
FR002307,0,0.003766379551962018
FR007270,0,0.00976273138076067
FR000801,0,0.0037743160501122475
FR009417,0,0.008401719853281975
FR014336,0,0.00662931427359581
FR004837,0,0.02200108766555786
FR000096,0,0.006371146067976952
FR018259,0,0.016119707375764847
FR002250,0,0.010787599720060825
FR007073,0,0.0051321242935955524
FR016852,0,0.004879697225987911
FR013963,0,0.013226599432528019
FR011812,0,0.01880103535950184
FR006537,0,0.006953649688512087
FR010250,0,0.0038533443585038185
FR003509,0,0.02292735129594803
FR001458,0,0.004583698697388172
FR006301,0,0.009747388772666454
FR006998,0,0.008144541643559933
FR008124,1,0.3752876818180084
FR004789,0,0.0038767384830862284
FR018254,0,0.041433967649936676
FR016138,0,0.019319524988532066
FR017764,0,0.020642567425966263
FR007271,0,0.02908421866595745
FR008930,0,0.01846388168632984
FR002989,0,0.005033316556364298
FR003382,0,0.007618830539286137
FR017571,0,0.017918478697538376
FR002762,0,0.0026406969409435987
FR016987,0,0.021882981061935425
FR001102,0,0.010592559352517128
FR008126,0,0.005224946420639753
FR000740,0,0.008874441497027874
FR003261,0,0.005285331048071384
FR008049,0,0.006588614080101252
FR015838,0,0.02135707437992096
FR016758,0,0.0060239555314183235
FR002732,0,0.002659265650436282
FR007036,0,0.0357864685356617
FR005754,0,0.02102385275065899
FR004920,0,0.004950712434947491
FR012594,0,0.004686044063419104
FR014055,0,0.007524619810283184
FR014223,0,0.022028611972928047
FR003682,0,0.015658151358366013
FR017424,0,0.008668172173202038
FR018052,0,0.005425911396741867
FR019921,0,0.019178742542862892
FR009516,0,0.005061186850070953
FR011213,0,0.007562543265521526
FR010596,0,0.006166413892060518
FR002759,0,0.026132266968488693
FR004085,0,0.06817357987165451
FR001495,0,0.008089305832982063
FR002839,0,0.0068979100324213505
FR013258,0,0.0036852469202131033
FR000500,0,0.010937709361314774
FR014966,0,0.006067193113267422
FR008390,0,0.005364771466702223
FR009885,0,0.025185806676745415
FR005375,0,0.03917810320854187
FR010339,0,0.007049331441521645
FR013705,0,0.006117891054600477
FR017760,0,0.01438941527158022
FR002769,0,0.005560672376304865
FR004847,0,0.010698969475924969
FR019065,0,0.0042618331499397755
FR014634,0,0.013665605336427689
FR011588,0,0.02132580801844597
FR004503,0,0.01991916075348854
FR008020,0,0.00819952692836523
FR003508,0,0.004525219090282917
FR012930,0,0.07204532623291016
FR008671,0,0.006186106242239475
FR003534,0,0.019234798848628998
FR018733,0,0.004681815858930349
FR018720,0,0.010688855312764645
FR018280,0,0.028324183076620102
FR019993,0,0.004647752270102501
FR001262,0,0.016057735309004784
FR008182,0,0.008258652873337269
FR018781,0,0.0568682961165905
FR016906,0,0.010741514153778553
FR001125,0,0.00925548654049635
FR011500,0,0.031279176473617554
FR008803,0,0.011195732280611992
FR003253,0,0.01339802984148264
FR015575,0,0.0038582507986575365
FR018816,0,0.03614451363682747
FR019191,0,0.05499282479286194
FR016279,0,0.00627986341714859
FR014980,0,0.006437886040657759
FR002092,0,0.007922920398414135
FR004299,0,0.005436136852949858
FR010587,0,0.637222945690155
FR004826,0,0.007914896123111248
FR015488,0,0.01020932849496603
FR009115,0,0.007734788116067648
FR005724,0,0.01600412279367447
FR008610,0,0.015619054436683655
FR002971,0,0.00784096959978342
FR014906,0,0.004733566660434008
FR006369,0,0.006566214840859175
FR008700,0,0.008218161761760712
FR010448,0,0.004512081388384104
FR007763,0,0.009566603228449821
FR011438,0,0.0071258400566875935
FR010527,0,0.006622761022299528
FR003616,0,0.018199468031525612
FR017299,0,0.003641631454229355
FR008728,0,0.011721262708306313
FR006180,0,0.00989955011755228
FR013525,0,0.012059993110597134
FR011024,0,0.004239982459694147
FR003412,0,0.003032857086509466
FR006408,0,0.06584354490041733
FR015511,0,0.017374776303768158
FR001463,0,0.0034064564388245344
FR001366,0,0.01016608253121376
FR002703,0,0.009355678223073483
FR008491,0,0.01201696041971445
FR003186,0,0.007781095802783966
FR013855,0,0.009388003498315811
FR009632,0,0.023259304463863373
FR014475,0,0.010986522771418095
FR014267,0,0.009335472248494625
FR015601,0,0.04367074370384216
FR011302,0,0.0790502279996872
FR006204,0,0.0076027242466807365
FR008428,1,0.004455434158444405
FR008679,0,0.00648473622277379
FR009894,0,0.009106350131332874
FR011605,0,0.05524188652634621
FR015357,0,0.021899186074733734
FR001553,0,0.0070782811380922794
FR006988,0,0.008958357386291027
FR009568,0,0.00631963275372982
FR012918,0,0.00560017628595233
FR013688,0,0.1340196579694748
FR014354,0,0.051457956433296204
FR008284,0,0.029282206669449806
FR012166,0,0.004151805303990841
FR012743,0,0.011750203557312489
FR006900,0,0.013162773102521896
FR002887,0,0.007386623416095972
FR008257,1,0.00880182720720768
FR013969,0,0.010225903242826462
FR006279,0,0.0595618411898613
FR016823,0,0.016330566257238388
FR012320,0,0.01650179736316204
FR001703,0,0.003542671911418438
FR014676,0,0.0057049281895160675
FR019511,0,0.013011001981794834
FR001569,0,0.006437541451305151
FR008650,0,0.005554592702537775
FR009268,0,0.011742768809199333
FR005863,0,0.005571168847382069
FR019214,0,0.005715182516723871
FR009348,0,0.005218850914388895
FR000224,0,0.008157606236636639
FR001750,0,0.03574202209711075
FR013118,0,0.007586095482110977
FR000577,0,0.007414687890559435
FR014366,0,0.0030120140872895718
FR011337,0,0.0029451430309563875
FR008559,0,0.0060449400916695595
FR015473,0,0.004752997774630785
FR004867,0,0.007277114782482386
FR009154,0,0.0037216185592114925
FR009844,0,0.004752925597131252
FR015019,0,0.035730306059122086
FR011327,0,0.0028877186123281717
FR008233,0,0.0044801910407841206
FR006686,0,0.007147341966629028
FR016161,0,0.005155522841960192
FR015455,0,0.005782578606158495
FR006031,1,0.09335809201002121
FR004959,0,0.010241131298244
FR011845,0,0.0059135970659554005
FR009671,0,0.008536159060895443
FR019123,0,0.01694685034453869
FR005535,0,0.02077125571668148
FR000983,0,0.012747174128890038
FR008178,0,0.008862106129527092
FR014414,0,0.0345255583524704
FR001898,0,0.005678352899849415
FR009159,0,0.005844694096595049
FR016085,0,0.00427253870293498
FR004843,0,0.02424258179962635
FR004377,0,0.009865676052868366
FR019251,0,0.006640301086008549
FR017301,0,0.004637001547962427
FR008113,0,0.006725963670760393
FR005944,0,0.0033260316122323275
FR015831,0,0.012953055091202259
FR002723,0,0.0038461999502032995
FR009764,0,0.049937594681978226
FR005132,0,0.004330706316977739
FR008789,0,0.00557149900123477
FR000104,0,0.006849260535091162
FR001324,0,0.005637435242533684
FR016001,0,0.003887125290930271
FR012555,0,0.01829332858324051
FR019823,0,0.012996760196983814
FR012887,0,0.008168822154402733
FR002327,0,0.010974297299981117
FR006083,0,0.007804733235388994
FR016165,0,0.007805227767676115
FR006062,0,0.07436765730381012
FR001089,0,0.008181109093129635
FR001612,0,0.006719452328979969
FR010737,0,0.011323823593556881
FR017744,0,0.029883423820137978
FR008873,0,0.005493125878274441
FR019771,0,0.005770466290414333
FR002645,0,0.030771538615226746
FR015676,0,0.006293619982898235
FR016469,0,0.004461358301341534
FR003676,0,0.007877727970480919
FR015472,0,0.0060078175738453865
FR005721,0,0.041396837681531906
FR013549,0,0.04970109462738037
FR011839,0,0.004023649729788303
FR001668,0,0.01915784925222397
FR019235,0,0.01284691970795393
FR001867,0,0.009837410412728786
FR013984,0,0.01288891863077879
FR017933,0,0.006892140489071608
FR006002,0,0.006590670440346003
FR012238,0,0.02130233310163021
FR018851,0,0.024238936603069305
FR008097,0,0.032224200665950775
FR007488,0,0.006049830000847578
FR013971,0,0.007832231000065804
FR014972,0,0.010234009474515915
FR019796,0,0.011582395061850548
FR018104,0,0.008103340864181519
FR000638,0,0.040997378528118134
FR009295,0,0.021196283400058746
FR012217,0,0.13005220890045166
FR008985,0,0.006482718046754599
FR018892,0,0.002808799734339118
FR009681,0,0.004934338387101889
FR019913,0,0.023414917290210724
FR010072,0,0.010083597153425217
FR000809,0,0.009678577072918415
FR014320,0,0.020270688459277153
FR011922,0,0.010786200873553753
FR018612,0,0.0072252689860761166
FR006836,0,0.1304876208305359
FR008956,0,0.007461268454790115
FR003732,0,0.005278679076582193
FR009004,0,0.002968029584735632
FR009756,0,0.012880027294158936
FR010463,0,0.007174578495323658
FR018940,0,0.010925929062068462
FR009416,0,0.011354261077940464
FR004875,0,0.011317439377307892
FR002373,0,0.015116367489099503
FR002848,0,0.007062193006277084
FR019314,0,0.008237289264798164
FR012508,1,0.5455976724624634
FR003321,0,0.007579152472317219
FR019802,0,0.008714909665286541
FR016711,0,0.007633189670741558
FR012945,0,0.006482760887593031
FR017981,0,0.004811126738786697
FR010508,0,0.011117099784314632
FR012376,0,0.009634480811655521
FR002527,0,0.014552460052073002
FR006693,0,0.012701665982604027
FR011439,0,0.0038759855087846518
FR007322,0,0.03077857382595539
FR008173,0,0.006021375302225351
FR019032,0,0.17819786071777344
FR018422,0,0.006757873110473156
FR005342,0,0.029676824808120728
FR002800,0,0.028643300756812096
FR010029,1,0.00873797107487917
FR019586,0,0.009715057909488678
FR010618,0,0.08408573269844055
FR017705,0,0.016557516530156136
FR013447,0,0.006173609755933285
FR007537,0,0.016277728602290154
FR010105,0,0.0061080437153577805
FR010610,0,0.043042056262493134
FR005521,0,0.008283764123916626
FR017325,0,0.005968170706182718
FR018109,0,0.0074737477116286755
FR012481,1,0.04094725847244263
FR001169,0,0.00330273131839931
FR005518,0,0.004837180487811565
FR019469,0,0.02597399428486824
FR004857,0,0.008314496837556362
FR002241,0,0.016706669703125954
FR012291,0,0.0050891912542283535
FR013350,0,0.014450141228735447
FR003397,0,0.007815700024366379
FR003785,0,0.003976696170866489
FR017395,0,0.004281266592442989
FR005232,0,0.012667788192629814
FR012733,0,0.007584606762975454
FR013151,0,0.006563188973814249
FR007300,0,0.01140560582280159
FR003749,0,0.02188154123723507
FR019811,0,0.009835770353674889
FR001808,0,0.03875293210148811
FR000183,0,0.0034334342926740646
FR002322,0,0.00584347452968359
FR004823,0,0.013587900437414646
FR012301,0,0.009771032258868217
FR012161,0,0.012969709001481533
FR005974,0,0.01700262725353241
FR013333,1,0.015418925322592258
FR014683,0,0.009093420580029488
FR008335,0,0.028408203274011612
FR003868,0,0.0028573027811944485
FR016995,0,0.04736482724547386
FR010907,0,0.007386018522083759
FR014035,0,0.004040220286697149
FR007479,0,0.006904563866555691
FR001701,0,0.03557803854346275
FR018828,0,0.0076306103728711605
FR008053,0,0.0035549052990972996
FR019710,0,0.08715824782848358
FR016311,0,0.007319721393287182
FR010966,0,0.005059535149484873
FR015087,0,0.006517804227769375
FR003050,0,0.004059248603880405
FR010357,0,0.03459516540169716
FR006148,0,0.02226288616657257
FR002240,0,0.005964810494333506
FR006727,0,0.02389228343963623
FR017749,0,0.010538767091929913
FR006479,0,0.0038443421944975853
FR011483,0,0.003979097586125135
FR004287,0,0.005551159381866455
FR012462,0,0.08970624953508377
FR016106,0,0.044958312064409256
FR005714,0,0.005897517316043377
FR002892,0,0.004300565924495459
FR010711,0,0.00627121003344655
FR016525,0,0.014621281996369362
FR000333,0,0.013990524224936962
FR003499,0,0.02884269692003727
FR008563,0,0.0352703332901001
FR009349,0,0.009227173402905464
FR014715,0,0.008775732479989529
FR009813,0,0.055503617972135544
FR011506,0,0.008154126815497875
FR005039,0,0.006649013143032789
FR008479,0,0.023140255361795425
FR011484,0,0.007650929968804121
FR007677,0,0.008749150671064854
FR006726,0,0.023340994492173195
FR019556,0,0.02234424650669098
FR019288,0,0.005171674303710461
FR005967,0,0.02998880296945572
FR019074,0,0.016265958547592163
FR003500,0,0.004720665048807859
FR001945,0,0.1773422807455063
FR011865,0,0.009401898831129074
FR013851,0,0.007608738727867603
FR010694,0,0.011608238331973553
FR015608,0,0.01776380091905594
FR000465,0,0.005602481309324503
FR010901,0,0.004216382745653391
FR011401,0,0.005506526213139296
FR006983,0,0.006732928100973368
FR004926,0,0.009511788375675678
FR009219,0,0.004903459921479225
FR004848,0,0.006355717778205872
FR010248,0,0.007003049366176128
FR008715,0,0.028735699132084846
FR008770,0,0.005066027399152517
FR001409,0,0.002838556421920657
FR015088,0,0.00451506394892931
FR000635,0,0.00580060388892889
FR001549,0,0.05791398882865906
FR016585,0,0.04344421252608299
FR018712,0,0.0066852569580078125
FR000181,0,0.007237582467496395
FR007880,0,0.003545138519257307
FR005467,0,0.004661685321480036
FR009663,0,0.008616374805569649
FR011899,0,0.0064924051985144615
FR012692,0,0.006975346244871616
FR014753,0,0.009478372521698475
FR008587,0,0.014672648161649704
FR002319,0,0.0027035907842218876
FR016948,0,0.0053633698262274265
FR006858,0,0.006603154819458723
FR019665,0,0.010905834846198559
FR010874,0,0.022742267698049545
FR005738,0,0.013119851239025593
FR015359,0,0.003299308242276311
FR009689,0,0.006127405446022749
FR014225,0,0.003352218307554722
FR019148,0,0.029289893805980682
FR014651,0,0.006285895127803087
FR014086,0,0.00561713520437479
FR008343,0,0.00833806861191988
FR016429,0,0.01859867572784424
FR008063,0,0.0067848144099116325
FR014695,0,0.011156168766319752
FR006876,0,0.004158711526542902
FR013269,0,0.004926006309688091
FR007316,0,0.01045245211571455
FR008731,0,0.006620831787586212
FR014685,0,0.00607838062569499
FR009236,0,0.005059664603322744
FR009861,0,0.012139905244112015
FR011028,1,0.002542424015700817
FR002504,0,0.011799540370702744
FR012057,0,0.004716985393315554
FR018053,0,0.004658997990190983
FR006934,0,0.0055387141183018684
FR003546,0,0.006498473230749369
FR009736,0,0.02373848669230938
FR001101,0,0.004100363235920668
FR019044,0,0.006548747885972261
FR018148,0,0.014881491661071777
FR003056,0,0.009273023344576359
FR002751,0,0.014099560678005219
FR008545,0,0.009604633785784245
FR009293,0,0.03078301064670086
FR015251,0,0.004069983027875423
FR014748,0,0.0033004293218255043
FR012708,0,0.02252647653222084
FR001629,0,0.016927184537053108
FR004307,0,0.016014503315091133
FR016130,0,0.04521237313747406
FR013624,0,0.01784374937415123
FR002011,0,0.0036603419575840235
FR012284,0,0.004600870423018932
FR018221,0,0.0202480498701334
FR003473,0,0.003836625488474965
FR010106,0,0.015217512845993042
FR000109,0,0.01281715277582407
FR012023,0,0.0025479840114712715
FR007815,0,0.005444345995783806
FR004104,0,0.018822047859430313
FR000884,0,0.004183189477771521
FR010774,0,0.00565349543467164
FR001491,0,0.011253041215240955
FR000498,0,0.0055342670530080795
FR000140,0,0.01622065156698227
FR019489,0,0.009343364275991917
FR015687,0,0.011708995327353477
FR005258,0,0.01084482204169035
FR005292,0,0.0128885917365551
FR011550,0,0.00504090404137969
FR012845,0,0.00851688627153635
FR016945,0,0.016001412644982338
FR012741,0,0.01464547123759985
FR016413,0,0.038410481065511703
FR017513,0,0.00868669617921114
FR005459,0,0.010660795494914055
FR008121,0,0.00479792570695281
FR011753,0,0.012159988284111023
FR004065,0,0.004384247120469809
FR006691,0,0.022272739559412003
FR009658,0,0.005919753108173609
FR018918,0,0.003895516274496913
FR019440,0,0.025440556928515434
FR016014,0,0.004521021619439125
FR015810,0,0.00597793236374855
FR017217,0,0.007850123569369316
FR012105,0,0.021192753687500954
FR016776,0,0.005039686802774668
FR005313,0,0.0464981384575367
FR016709,0,0.008004668168723583
FR017137,0,0.007785971276462078
FR012132,0,0.0051299165934324265
FR002016,0,0.052365899085998535
FR009354,0,0.0033500317949801683
FR014141,1,0.05371002480387688
FR018019,0,0.012150655500590801
FR015346,0,0.0065548960119485855
FR016795,0,0.004688057117164135
FR009833,0,0.005833212286233902
FR013383,0,0.007279746700078249
FR002916,0,0.006592416204512119
FR006548,0,0.07960975170135498
FR015120,0,0.0226687453687191
FR008337,0,0.005741387605667114
FR001054,0,0.004181225318461657
FR014656,0,0.004090386442840099
FR016743,0,0.011165615171194077
FR013622,0,0.01675412617623806
FR000357,0,0.05819191783666611
FR003460,0,0.034161526709795
FR019928,0,0.013555988669395447
FR016236,0,0.01611262932419777
FR000624,0,0.011731601320207119
FR015955,0,0.0049913907423615456
FR000943,0,0.010364615358412266
FR011304,0,0.0038319937884807587
FR019579,0,0.010463234037160873
FR000388,0,0.003340180264785886
FR003264,0,0.009496293030679226
FR004913,0,0.009541857056319714
FR008267,0,0.005014277063310146
FR008962,0,0.0157238207757473
FR007938,0,0.03262488916516304
FR017932,0,0.007335999980568886
FR006199,0,0.006077796220779419
FR007752,0,0.01144368015229702
FR002684,0,0.014694911427795887
FR009798,0,0.008805663324892521
FR006493,0,0.01100335456430912
FR016417,0,0.0068162283860147
FR009905,0,0.04938230663537979
FR018176,0,0.006024958100169897
FR003497,1,0.03954727202653885
FR009212,0,0.006675912532955408
FR006251,0,0.003944737836718559
FR004832,0,0.008118098601698875
FR008001,0,0.008017915301024914
FR014371,0,0.006582093890756369
FR013327,0,0.00788415502756834
FR016721,0,0.03739715740084648
FR014592,0,0.00444550858810544
FR017489,0,0.0065874806605279446
FR017836,0,0.007018731441348791
FR012349,0,0.015700170770287514
FR004630,0,0.009625966660678387
FR014167,0,0.004352780990302563
FR019358,0,0.01329289935529232
FR013615,0,0.0038838214240968227
FR004374,0,0.005447409115731716
FR015172,0,0.0072510880418121815
FR010931,0,0.016882726922631264
FR006317,0,0.033343639224767685
FR000882,0,0.003510445822030306
FR010533,0,0.005477373022586107
FR005330,0,0.0026053576730191708
FR019541,0,0.004442540463060141
FR000144,0,0.004792848601937294
FR016485,0,0.01062758918851614
FR000641,0,0.0065068090334534645
FR017158,0,0.034600015729665756
FR002897,0,0.017191864550113678
FR006023,0,0.0035397978499531746
FR007747,0,0.005425996147096157
FR004497,0,0.0030272246804088354
FR001966,0,0.008012243546545506
FR002482,0,0.004281486384570599
FR003956,0,0.012104569934308529
FR010830,0,0.005312243010848761
FR018279,0,0.03129268065094948
FR013446,0,0.00918615236878395
FR013001,0,0.00974781159311533
FR004899,0,0.004507164470851421
FR019678,0,0.02241736650466919
FR000858,0,0.018442539498209953
FR000847,0,0.006975257303565741
FR011823,0,0.010960863903164864
FR015179,0,0.009244600310921669
FR008669,0,0.013176977634429932
FR005256,0,0.00463575404137373
FR007576,0,0.008669327944517136
FR019398,0,0.024613555520772934
FR007373,0,0.021903617307543755
FR009147,0,0.0054109347984194756
FR013899,0,0.0040865615010261536
FR019400,0,0.0036310148425400257
FR011149,0,0.004624697845429182
FR017429,0,0.00546419620513916
FR017626,0,0.005623320583254099
FR016910,0,0.008814053609967232
FR013399,0,0.015099523589015007
FR014117,0,0.00497517129406333
FR018035,0,0.022687863558530807
FR012303,0,0.003316492773592472
FR009795,0,0.007882111705839634
FR010060,0,0.01805095188319683
FR013881,0,0.00984961912035942
FR003701,0,0.034887220710515976
FR007892,0,0.013215799815952778
FR015380,0,0.01084489282220602
FR002906,0,0.0075150225311517715
FR018115,0,0.022996356710791588
FR007845,0,0.01866270788013935
FR018144,0,0.0034598112106323242
FR006771,0,0.003940552473068237
FR013666,0,0.016167033463716507
FR008077,0,0.007639443967491388
FR005168,0,0.026862723752856255
FR004990,0,0.014593244530260563
FR009388,0,0.008608915843069553
FR003463,0,0.00347317848354578
FR003553,0,0.008204244077205658
FR009983,0,0.003316258080303669
FR002886,0,0.009796444326639175
FR001095,0,0.010836451314389706
FR016846,0,0.011769154109060764
FR016030,0,0.007957191206514835
FR007425,0,0.006332002580165863
FR018112,0,0.01045796275138855
FR001105,0,0.005244577769190073
FR011786,0,0.0055313678458333015
FR001847,0,0.006638681516051292
FR016079,0,0.008344423025846481
FR005587,0,0.021535614505410194
FR013432,0,0.00370330479927361
FR017978,0,0.020892564207315445
FR018555,0,0.008759880438446999
FR018122,0,0.02100634202361107
FR016431,0,0.004097149707376957
FR000701,0,0.012631822377443314
FR017138,0,0.0049569266848266125
FR002753,0,0.0035150572657585144
FR017677,0,0.008192953653633595
FR018831,0,0.0080028735101223
FR007223,0,0.01572345942258835
FR005111,0,0.010426497086882591
FR007146,0,0.07177121937274933
FR000326,0,0.004351561889052391
FR009883,0,0.016595013439655304
FR012712,0,0.0034513070713728666
FR018293,0,0.008886070922017097
FR014297,0,0.008068976923823357
FR002522,0,0.004739406984299421
FR015746,0,0.008013604208827019
FR008086,0,0.009720389731228352
FR002760,0,0.03684421256184578
FR011677,0,0.009107391349971294
FR011781,0,0.0036515879910439253
FR017172,0,0.0033918297849595547
FR018849,0,0.006181967910379171
FR009955,0,0.01709374412894249
FR001728,0,0.049622662365436554
FR001022,0,0.02539657987654209
FR005713,0,0.01137650664895773
FR012302,0,0.005885045509785414
FR016284,0,0.054449476301670074
FR008834,0,0.01264626532793045
FR006395,0,0.034411460161209106
FR010745,0,0.003914667293429375
FR014233,0,0.0040779635310173035
FR007078,0,0.019884342327713966
FR010487,0,0.00730493851006031
FR006057,0,0.00813227891921997
FR017910,0,0.02312641032040119
FR006117,0,0.010300038382411003
FR002257,0,0.01800050400197506
FR008074,0,0.006824019365012646
FR004593,0,0.0089843375608325
FR016406,0,0.006951420567929745
FR012426,0,0.014495184645056725
FR017971,0,0.008323170244693756
FR000209,0,0.006216368172317743
FR012001,0,0.00777950556948781
FR000387,0,0.009219225496053696
FR003934,0,0.004433076828718185
FR003217,0,0.01514890044927597
FR002844,0,0.012002786621451378
FR001389,0,0.006068084854632616
FR019466,0,0.007333076559007168
FR006418,0,0.008223025128245354
FR006849,0,0.006659467704594135
FR001889,0,0.0033759241923689842
FR004460,0,0.010247639380395412
FR019898,0,0.0034421300515532494
FR014747,0,0.05300847813487053
FR003249,0,0.007892484776675701
FR013212,0,0.00880346167832613
FR001440,0,0.03677922859787941
FR005997,0,0.01976345293223858
FR010948,0,0.01064501516520977
FR017553,0,0.00451015867292881
FR016710,0,0.013796765357255936
FR001453,0,0.009646444581449032
FR012285,1,0.07230629026889801
FR007990,0,0.010170373134315014
FR000285,0,0.0093237841501832
FR019806,0,0.006673162337392569
FR015296,0,0.031093284487724304
FR019871,0,0.003205888671800494
FR019128,0,0.005509551148861647
FR015211,0,0.0893203467130661
FR000739,1,0.016866866499185562
FR001244,0,0.010529950261116028
FR011072,0,0.004672341980040073
FR000474,0,0.013258775696158409
FR017216,0,0.0144798057153821
FR015170,0,0.04907673969864845
FR005126,0,0.01614697091281414
FR011887,0,0.003139303531497717
FR006925,0,0.007894190959632397
FR012322,0,0.0043090027756989
FR008425,0,0.006884442176669836
FR005018,0,0.0125900162383914
FR004695,0,0.010946699418127537
FR009938,0,0.006457781419157982
FR016384,0,0.014722206629812717
FR008314,0,0.004556959494948387
FR015065,0,0.008693511597812176
FR011366,0,0.007508896756917238
FR006372,0,0.032982829958200455
FR014230,0,0.020159004256129265
FR006420,0,0.011260454542934895
FR003272,0,0.049004144966602325
FR014675,0,0.005376654211431742
FR002321,0,0.0044570546597242355
FR009081,0,0.0038604671135544777
FR008697,0,0.01485819648951292
FR000061,0,0.01766934245824814
FR010647,0,0.008509359322488308
FR016865,0,0.010017055086791515
FR010208,0,0.009117177687585354
FR012388,0,0.007107073441147804
FR001996,0,0.00783221609890461
FR006286,0,0.011727483943104744
FR004793,0,0.04186960309743881
FR009796,0,0.04735691100358963
FR001506,0,0.0034964620135724545
FR014751,0,0.01471785083413124
FR012689,0,0.008102255873382092
FR003807,0,0.03973614051938057
FR017334,0,0.004887604154646397
FR004600,0,0.008884626440703869
FR019166,0,0.011345485225319862
FR004764,0,0.006457206327468157
FR012922,0,0.009763906709849834
FR016463,0,0.006026425864547491
FR000056,0,0.012652159668505192
FR000824,0,0.013798855245113373
FR009586,0,0.03039306402206421
FR006595,0,0.015516907908022404
FR010221,0,0.009111966006457806
FR003844,0,0.0031747298780828714
FR016617,0,0.010064789094030857
FR008022,0,0.011230144649744034
FR017640,0,0.006754131987690926
FR006215,0,0.026039259508252144
FR008085,0,0.048902690410614014
FR003699,0,0.004859854467213154
FR017318,0,0.004062301479279995
FR014554,0,0.006978028919547796
FR002862,0,0.019410088658332825
FR001718,0,0.021971696987748146
FR002017,0,0.011465629562735558
FR010346,1,0.5629256963729858
FR011425,0,0.005212319083511829
FR016222,0,0.004219915717840195
FR012483,0,0.003926766104996204
FR003117,0,0.0056585827842354774
FR009757,0,0.003476251382380724
FR017555,0,0.006346898153424263
FR013002,0,0.0064942846074700356
FR019601,0,0.0053164903074502945
FR008745,0,0.023393532261252403
FR010607,0,0.005997023545205593
FR004214,0,0.0030331567395478487
FR005197,0,0.0061633288860321045
FR000331,0,0.005993871949613094
FR001270,0,0.00945206731557846
FR008216,0,0.011405250057578087
FR011907,0,0.008009174838662148
FR001988,0,0.014953757636249065
FR014050,0,0.0076997228898108006
FR003979,0,0.00299811945296824
FR002294,0,0.004307176452130079
FR001191,0,0.007430616300553083
FR013617,0,0.01027711108326912
FR015599,0,0.00717926723882556
FR008191,0,0.0047991396859288216
FR000678,0,0.025357963517308235
FR011019,1,0.008262871764600277
FR008532,0,0.02267421782016754
FR000016,0,0.0028391340747475624
FR019098,0,0.06567647308111191
FR011905,0,0.007490025367587805
FR006695,0,0.008679320104420185
FR001470,0,0.010270298458635807
FR005411,0,0.004460938740521669
FR014377,0,0.011802170425653458
FR012609,0,0.0027141463942825794
FR011945,1,0.011157078668475151
FR002597,0,0.00681111728772521
FR019049,0,0.009139535948634148
FR012286,0,0.049431800842285156
FR016470,0,0.012366702780127525
FR007011,0,0.010176269337534904
FR008817,0,0.005671139340847731
FR009731,0,0.006790185812860727
FR010522,0,0.0041235159151256084
FR006222,0,0.009543596766889095
FR018226,0,0.014686712063848972
FR014068,0,0.042156144976615906
FR010352,0,0.007957984693348408
FR018829,0,0.009039899334311485
FR006025,0,0.008125515654683113
FR002049,0,0.006015892140567303
FR006050,0,0.03271983191370964
FR013765,0,0.016127536073327065
FR001813,0,0.0026567436289042234
FR007120,0,0.01461718138307333
FR000730,0,0.016254441812634468
FR010638,0,0.02873259037733078
FR015063,0,0.0038446560502052307
FR011992,0,0.008877457119524479
FR013359,0,0.01028596144169569
FR015255,0,0.003969770856201649
FR015972,0,0.012576229870319366
FR011266,1,0.018626917153596878
FR012940,0,0.0076856366358697414
FR010798,0,0.013901528902351856
FR003391,0,0.030930817127227783
FR019791,0,0.01602175645530224
FR010734,0,0.004192360211163759
FR015701,0,0.009723294526338577
FR001225,0,0.17769625782966614
FR017642,0,0.0334317721426487
FR004602,0,0.016996698454022408
FR002220,0,0.029637737199664116
FR004686,0,0.05571051687002182
FR011136,0,0.008958574384450912
FR005604,0,0.003933134954422712
FR005514,0,0.02266257256269455
FR014210,0,0.009652500972151756
FR006042,0,0.02194911800324917
FR000428,0,0.013087200000882149
FR007066,0,0.010225816629827023
FR010946,0,0.002867747563868761
FR010279,0,0.01976178213953972
FR009656,0,0.0038139650132507086
FR011724,0,0.02972356043756008
FR017776,0,0.05493218079209328
FR017210,0,0.005733757745474577
FR006798,0,0.015548617579042912
FR007508,0,0.004948091693222523
FR004786,0,0.02379668690264225
FR006824,0,0.010250851511955261
FR005185,0,0.03498120978474617
FR006315,0,0.006759239826351404
FR016784,0,0.0069558098912239075
FR017797,0,0.009050858207046986
FR007248,0,0.05256391689181328
FR019821,0,0.008280121721327305
FR016175,0,0.015066414140164852
FR004043,0,0.018723933026194572
FR013662,0,0.01466113980859518
FR014686,0,0.006566734053194523
FR011508,0,0.0034444585908204317
FR016233,0,0.012510588392615318
FR007459,0,0.005266854539513588
FR000931,0,0.022981079295277596
FR017941,0,0.01066652126610279
FR013654,0,0.01640067808330059
FR018084,0,0.011892273090779781
FR010622,0,0.008300707675516605
FR008661,0,0.009004432708024979
FR003916,0,0.013803613372147083
FR019497,0,0.016652854159474373
FR003697,0,0.03511445224285126
FR019417,0,0.0068582152016460896
FR005304,0,0.003469981485977769
FR018465,0,0.013213337399065495
FR006981,0,0.010571600869297981
FR013704,0,0.004773242399096489
FR002923,0,0.006213853135704994
FR008854,0,0.006783188320696354
FR015191,0,0.03464894741773605
FR007297,0,0.0050924611277878284
FR007333,0,0.004277489613741636
FR019229,0,0.005818116944283247
FR007032,0,0.08486133068799973
FR012359,0,0.01735015958547592
FR004623,0,0.004352545365691185
FR008549,0,0.009212395176291466
FR000303,0,0.013344457373023033
FR009924,0,0.005842569284141064
FR009400,0,0.013333012349903584
FR013087,0,0.007962970994412899
FR012477,0,0.016409557312726974
FR016682,0,0.0036030691117048264
FR015489,0,0.017343811690807343
FR019763,0,0.013754423707723618
FR017290,0,0.006367823109030724
FR009614,0,0.015414858236908913
FR008869,0,0.0030242400243878365
FR018444,0,0.012185389176011086
FR012209,0,0.0050778756849467754
FR013852,0,0.015892021358013153
FR008349,0,0.005121561232954264
FR005308,1,0.004446190316230059
FR002958,0,0.004806713666766882
FR011750,0,0.02388899028301239
FR002729,0,0.02374851703643799
FR009553,0,0.012665307149291039
FR005925,0,0.011082381941378117
FR013278,0,0.02562853880226612
FR005691,0,0.01284649595618248
FR009310,0,0.007024722173810005
FR011788,0,0.005801134742796421
FR004948,0,0.020018020644783974
FR001790,0,0.004054158926010132
FR008530,0,0.013121938332915306
FR014809,0,0.011473885737359524
FR012771,0,0.10127943754196167
FR010333,0,0.009008791297674179
FR009538,0,0.013758416287600994
FR008286,0,0.002575942547991872
FR015596,0,0.01944217085838318
FR017602,1,0.05748159810900688
FR007057,0,0.004632896743714809
FR019765,0,0.011544309556484222
FR013169,0,0.006580996792763472
FR008537,0,0.047076109796762466
FR014532,0,0.013847008347511292
FR002479,0,0.06620129197835922
FR004238,0,0.01946994848549366
FR016178,0,0.007837421260774136
FR012982,0,0.003916763700544834
FR003313,0,0.006675548851490021
FR015305,0,0.009978683665394783
FR019464,0,0.10150109231472015
FR019843,0,0.007138116750866175
FR003305,0,0.016025027260184288
FR009185,0,0.020246416330337524
FR014988,0,0.013024148531258106
FR014029,0,0.016694994643330574
FR005978,0,0.0041254726238548756
FR001897,0,0.03543473035097122
FR002421,0,0.00904188584536314
FR004023,0,0.015743818134069443
FR010464,0,0.004042364191263914
FR003251,0,0.017650770023465157
FR003488,0,0.010676367208361626
FR013591,0,0.012973232194781303
FR008259,0,0.024369176477193832
FR000520,0,0.007205887697637081
FR010000,0,0.030737226828932762
FR013565,0,0.008435932919383049
FR010410,0,0.005887972190976143
FR006290,0,0.007450255565345287
FR012937,1,0.01433872152119875
FR017201,0,0.004387995228171349
FR009053,0,0.011621830984950066
FR006835,0,0.007605088874697685
FR004061,0,0.005121682770550251
FR019786,0,0.008887414820492268
FR000413,0,0.006126031745225191
FR013612,0,0.053139578551054
FR016410,0,0.007241040468215942
FR002574,0,0.01986689679324627
FR006235,0,0.010328907519578934
FR003052,0,0.008848216384649277
FR010245,0,0.007795252837240696
FR018791,0,0.011168615892529488
FR018999,0,0.008428453467786312
FR009390,0,0.004713653586804867
FR015986,0,0.007541400380432606
FR003905,0,0.009303610771894455
FR016831,0,0.0064828647300601006
FR014172,0,0.006400487385690212
FR015794,0,0.03396040201187134
FR000817,0,0.04457215592265129
FR018731,0,0.005578634329140186
FR002861,0,0.0033266907557845116
FR008378,0,0.016870440915226936
FR000435,0,0.04183843359351158
FR012567,0,0.02131074108183384
FR005272,0,0.003710484365001321
FR016842,0,0.08556341379880905
FR008017,0,0.00716266967356205
FR008570,0,0.02514537237584591
FR013983,1,0.004001228138804436
FR019641,0,0.02321009337902069
FR007037,0,0.14704792201519012
FR003356,0,0.005113144870847464
FR012115,0,0.022143010050058365
FR019903,0,0.006707779131829739
FR008541,0,0.0036600949242711067
FR001611,0,0.009405785240232944
FR008218,0,0.006128169130533934
FR015841,0,0.016028672456741333
FR013555,0,0.004754922352731228
FR003980,0,0.006222807802259922
FR009175,0,0.040024954825639725
FR001893,0,0.029055209830403328
FR004453,0,0.009684035554528236
FR013922,0,0.005372112151235342
FR008157,0,0.022381169721484184
FR017361,0,0.0073945713229477406
FR014168,0,0.0083262138068676
FR017579,0,0.015519718639552593
FR005544,0,0.04522660747170448
FR005843,0,0.005554260686039925
FR003238,0,0.004726276267319918
FR009824,0,0.014112631790339947
FR007991,0,0.029928196221590042
FR011325,0,0.02690996415913105
FR008381,0,0.007797402795404196
FR009782,0,0.006682306062430143
FR000868,0,0.058574751019477844
FR011146,0,0.005137339234352112
FR013264,0,0.017991432920098305
FR010348,0,0.004416755400598049
FR003081,0,0.0073542422614991665
FR014001,0,0.014174958691000938
FR008060,0,0.003872665809467435
FR003310,0,0.013680396601557732
FR000718,0,0.0062489742413163185
FR017688,0,0.01288905180990696
FR000737,0,0.006075644865632057
FR015440,0,0.008721470832824707
FR008338,0,0.013066804967820644
FR017792,0,0.006148640066385269
FR009073,0,0.004836246371269226
FR010718,0,0.027639055624604225
FR017229,0,0.01476479135453701
FR002194,0,0.011075570248067379
FR004759,0,0.013048137538135052
FR002847,0,0.005571337882429361
FR008129,0,0.07045280188322067
FR008202,0,0.00930627528578043
FR012938,0,0.014715091325342655
FR014078,0,0.024915918707847595
FR011134,0,0.003926123026758432
FR019222,0,0.005555962678045034
FR017200,0,0.006309265270829201
FR007532,0,0.030880382284522057
FR015447,0,0.004669236019253731
FR015277,0,0.006637341808527708
FR001743,0,0.02448159083724022
FR016302,0,0.06333255767822266
FR000608,0,0.005598307121545076
FR003776,0,0.009107309393584728
FR000393,0,0.0038930047303438187
FR000499,0,0.007988312281668186
FR007004,0,0.005220504477620125
FR006033,0,0.0036309733986854553
FR002506,0,0.004720066674053669
FR003266,0,0.004797891713678837
FR003484,0,0.006266629323363304
FR016491,0,0.004188708961009979
FR016862,0,0.008540086448192596
FR016125,0,0.004644865170121193
FR000484,0,0.007981951348483562
FR009172,0,0.004329688847064972
FR004932,1,0.03956379368901253
FR004157,0,0.0057086399756371975
FR017845,0,0.4076269865036011
FR002832,1,0.2003701776266098
FR010969,0,0.01376897282898426
FR010299,0,0.012596823275089264
FR019424,0,0.008346407674252987
FR011255,0,0.0035168251488357782
FR012397,0,0.004263596143573523
FR009445,0,0.011825745925307274
FR012764,0,0.006546251010149717
FR012444,0,0.08907901495695114
FR013848,0,0.004415734205394983
FR006419,0,0.05516728758811951
FR008026,0,0.006608837284147739
FR006356,0,0.02547399513423443
FR015614,0,0.003888360457494855
FR017645,0,0.0037767912726849318
FR010124,0,0.00604709517210722
FR009007,0,0.005962382536381483
FR000036,0,0.007161615416407585
FR002944,0,0.020788822323083878
FR012451,0,0.019456101581454277
FR012258,0,0.004573395475745201
FR000291,0,0.008480875752866268
FR019129,0,0.006205560639500618
FR005934,0,0.009436361491680145
FR005234,0,0.004921426996588707
FR008553,0,0.0055312286131083965
FR005116,0,0.02991044521331787
FR014582,0,0.011102007701992989
FR016298,0,0.004473104141652584
FR012977,0,0.0069488114677369595
FR005747,0,0.014211405999958515
FR005277,0,0.004810569807887077
FR007183,0,0.0196517426520586
FR012096,0,0.020763730630278587
FR007970,0,0.023594532161951065
FR011065,0,0.004990299232304096
FR002364,0,0.007815918885171413
FR007179,0,0.00365718686953187
FR007325,0,0.01084886770695448
FR004605,0,0.004269418306648731
FR011672,0,0.016785740852355957
FR009485,0,0.018061088398098946
FR002205,0,0.026512373238801956
FR016344,0,0.0058212620206177235
FR006576,0,0.008980831131339073
FR014782,0,0.00667601078748703
FR006305,0,0.007799889892339706
FR007701,0,0.0037880102172493935
FR001019,0,0.0035739527083933353
FR007944,0,0.007792704738676548
FR012337,0,0.01975852996110916
FR017321,0,0.004650079645216465
FR010053,0,0.00704464316368103
FR006631,0,0.016302499920129776
FR002748,0,0.021580690518021584
FR008254,0,0.05771273002028465
FR008055,0,0.004011931363493204
FR007717,0,0.0073165385983884335
FR000521,0,0.0058702812530100346
FR019525,0,0.006289237644523382
FR012288,0,0.008031276986002922
FR002709,0,0.003365606302395463
FR018362,0,0.021839875727891922
FR010056,0,0.00961734727025032
FR003153,0,0.00393513822928071
FR018178,0,0.005642791278660297
FR003518,0,0.01455170102417469
FR001209,0,0.012320579960942268
FR017028,0,0.006885769311338663
FR006243,1,0.07944276183843613
FR019909,0,0.0034129945561289787
FR000130,0,0.00894849095493555
FR012495,0,0.0058475458063185215
FR000904,0,0.00447848578915
FR014365,0,0.009634725749492645
FR019474,0,0.005322750192135572
FR000894,0,0.006782619748264551
FR002432,0,0.013730872422456741
FR017494,0,0.005017399322241545
FR017397,1,0.0701737031340599
FR000999,0,0.005141573958098888
FR002192,0,0.08881313353776932
FR001990,0,0.005635379813611507
FR016039,0,0.006267220713198185
FR012914,0,0.003252696944400668
FR012675,0,0.02322971820831299
FR006969,0,0.006961339619010687
FR019520,0,0.0179139394313097
FR009213,0,0.004539687652140856
FR008016,0,0.010456492193043232
FR017826,0,0.00832750927656889
FR019292,0,0.014321526512503624
FR003345,0,0.6847403645515442
FR003370,0,0.0030669679399579763
FR015308,0,0.005940331611782312
FR011154,0,0.006422075442969799
FR019688,0,0.008891266770660877
FR019149,0,0.014377875253558159
FR014053,0,0.007456690073013306
FR001695,0,0.004633048549294472
FR017544,0,0.03749994561076164
FR009801,0,0.012569581158459187
FR006338,0,0.009249690920114517
FR011338,0,0.009598753415048122
FR018848,0,0.010737325064837933
FR003860,0,0.004013465717434883
FR003897,0,0.003671078709885478
FR016804,0,0.005286586936563253
FR009040,0,0.002535557374358177
FR014944,0,0.014151868410408497
FR008175,0,0.004680334124714136
FR012707,0,0.17982329428195953
FR002738,0,0.022579092532396317
FR012003,0,0.0040157572366297245
FR019277,0,0.007780473213642836
FR002156,0,0.0045195454731583595
FR008117,0,0.007427096366882324
FR000417,0,0.008610246703028679
FR006256,0,0.006892404984682798
FR001109,0,0.020882192999124527
FR017718,0,0.007067682687193155
FR017991,0,0.01760663278400898
FR015679,0,0.003996060695499182
FR013625,0,0.015606187283992767
FR010255,0,0.014332576654851437
FR010786,0,0.018645675852894783
FR004416,0,0.02063145861029625
FR016609,0,0.005578806158155203
FR002454,0,0.011910856701433659
FR008135,0,0.0065374309197068214
FR009826,0,0.0030671909917145967
FR011808,0,0.007783220615237951
FR006126,0,0.015891142189502716
FR004589,0,0.037179525941610336
FR010807,0,0.023888958618044853
FR010037,0,0.011280694976449013
FR000757,0,0.008981863036751747
FR010879,0,0.013267861679196358
FR008578,0,0.015268761664628983
FR005567,0,0.06549008190631866
FR015584,0,0.004491922911256552
FR015778,0,0.02035370282828808
FR010589,0,0.02278597094118595
FR010367,0,0.006700837519019842
FR010023,0,0.005824179854243994
FR011585,0,0.015653645619750023
FR018491,0,0.011316143907606602
FR017302,0,0.00448515173047781
FR003040,0,0.011497564613819122
FR000512,0,0.005891965236514807
FR016879,0,0.012363366782665253
FR019368,0,0.006785447243601084
FR000693,0,0.012604019604623318
FR018244,0,0.004178974311798811
FR019619,0,0.006501385942101479
FR016488,0,0.011204884387552738
FR000476,0,0.009728824719786644
FR010991,0,0.005168949719518423
FR001926,0,0.0035342315677553415
FR018158,0,0.007692516315728426
FR005145,0,0.00898551382124424
FR002427,0,0.003980802372097969
FR016063,0,0.006009870674461126
FR012078,0,0.007327407132834196
FR009432,0,0.007699191104620695
FR017023,0,0.05423321574926376
FR015538,0,0.01768835447728634
FR000862,0,0.010410293936729431
FR012797,0,0.03238006308674812
FR017276,0,0.012315033935010433
FR004866,0,0.0042390464805066586
FR005715,0,0.007032512687146664
FR013912,0,0.004083841573446989
FR002174,0,0.024526333436369896
FR015279,0,0.005537994671612978
FR010235,0,0.08203744143247604
FR002012,0,0.03230646252632141
FR001500,0,0.008990355767309666
FR005088,0,0.012537232600152493
FR011188,0,0.0030082762241363525
FR009659,0,0.013817757368087769
FR015892,0,0.007549163419753313
FR018291,0,0.003217747202143073
FR018208,0,0.005950476974248886
FR007339,0,0.003985412884503603
FR000828,0,0.007675794418901205
FR000067,0,0.03331960365176201
FR017647,0,0.010656597092747688
FR003861,0,0.00690503790974617
FR007457,0,0.009479908272624016
FR019906,0,0.034215256571769714
FR001737,0,0.004658971447497606
FR007494,0,0.009047851897776127
FR008877,0,0.003520292229950428
FR010691,0,0.0026669492945075035
FR018559,0,0.015168370679020882
FR003665,0,0.015139712020754814
FR013375,0,0.004972042050212622
FR007237,0,0.002685951068997383
FR005338,0,0.0036868806928396225
FR002940,0,0.00728212483227253
FR014080,0,0.013156593777239323
FR016213,0,0.010002137161791325
FR013774,0,0.05093691498041153
FR004543,0,0.007086228579282761
FR000523,0,0.0030260838102549314
FR005845,0,0.00383677682839334
FR010472,0,0.004666592925786972
FR017045,0,0.005278448574244976
FR009188,0,0.00265515991486609
FR009666,0,0.006677032448351383
FR007306,0,0.007052262779325247
FR012406,0,0.009419430047273636
FR011389,0,0.0073038735426962376
FR017377,0,0.028345689177513123
FR001842,0,0.016442090272903442
FR007337,0,0.008313730359077454
FR005102,0,0.014791279099881649
FR013256,0,0.004409175366163254
FR019033,0,0.01079475600272417
FR008794,0,0.012400994077324867
FR010374,0,0.007735325489193201
FR016649,0,0.014831488020718098
FR017214,0,0.00371496076695621
FR013999,0,0.01715453714132309
FR011732,0,0.005343669094145298
FR003086,0,0.005595196504145861
FR005980,0,0.003642590017989278
FR009446,0,0.013700034469366074
FR007247,0,0.015724536031484604
FR016335,0,0.007002044469118118
FR018551,0,0.008934061042964458
FR004458,0,0.0036624104250222445
FR009047,0,0.006185484584420919
FR019104,0,0.003958059009164572
FR007079,0,0.005619953852146864
FR008636,0,0.010789452120661736
FR011675,0,0.017072133719921112
FR008838,0,0.00982643198221922
FR009919,0,0.012314350344240665
FR012464,0,0.03209811449050903
FR003696,0,0.010631665587425232
FR013098,0,0.015212510712444782
FR004347,0,0.003019222291186452
FR012560,0,0.006486732978373766
FR018789,0,0.006811259780079126
FR018233,0,0.0060347034595906734
FR018682,0,0.01375529170036316
FR002028,0,0.006890923250466585
FR017456,0,0.006192279979586601
FR006528,0,0.005042513832449913
FR002533,0,0.042316824197769165
FR001293,0,0.005403698422014713
FR012662,0,0.006080172955989838
FR014786,1,0.023914054036140442
FR004751,0,0.006538781803101301
FR018765,0,0.00998962763696909
FR003206,0,0.009289290755987167
FR007972,0,0.002497493987902999
FR003880,0,0.008112804964184761
FR014618,0,0.0037164154928177595
FR007574,0,0.0070921494625508785
FR010509,0,0.02472466230392456
FR015292,0,0.010302677750587463
FR008127,0,0.021107425913214684
FR010672,0,0.007903249002993107
FR016528,0,0.004353090655058622
FR008367,0,0.00237078289501369
FR005161,0,0.0040148478001356125
FR017949,0,0.0034272887278348207
FR018141,0,0.0030414739158004522
FR010612,0,0.043473996222019196
FR002667,0,0.013868695124983788
FR003215,0,0.006622863933444023
FR002431,0,0.009418406523764133
FR002441,0,0.011531285010278225
FR003814,0,0.005938690155744553
FR005098,1,0.03922072798013687
FR005439,0,0.011831887997686863
FR010116,0,0.0631568431854248
FR016845,0,0.020742803812026978
FR004928,0,0.018462205305695534
FR004565,0,0.0029091821052134037
FR017852,0,0.0055452631786465645
FR004834,0,0.012182880192995071
FR002414,0,0.013189918361604214
FR001742,0,0.008913388475775719
FR019118,0,0.007292000576853752
FR005791,0,0.015407557599246502
FR016204,0,0.019589554518461227
FR001358,0,0.0032717150170356035
FR012419,0,0.054042983800172806
FR000738,0,0.010192141868174076
FR014134,0,0.03371027857065201
FR000208,0,0.006716063711792231
FR016499,0,0.004186583682894707
FR016669,0,0.004383019171655178
FR014207,0,0.003236686112359166
FR018846,0,0.012769895605742931
FR005303,1,0.4578508734703064
FR012414,0,0.010182803496718407
FR007397,0,0.06787902861833572
FR018952,0,0.0051193335093557835
FR011034,0,0.0076502966694533825
FR001130,0,0.0321018248796463
FR019778,0,0.01715788245201111
FR016266,0,0.018564313650131226
FR019749,0,0.005824229214340448
FR002643,0,0.005743538960814476
FR012736,0,0.009360386058688164
FR016382,0,0.008484131656587124
FR000359,0,0.00353480433113873
FR012999,0,0.025273500010371208
FR013318,0,0.006729519926011562
FR002749,0,0.024034246802330017
FR019582,0,0.007410322781652212
FR009216,0,0.059512488543987274
FR004977,0,0.004907745402306318
FR005493,0,0.008928941562771797
FR008422,0,0.018981579691171646
FR010477,0,0.008924676105380058
FR017472,0,0.012185916304588318
FR010303,0,0.0034053705167025328
FR013438,0,0.025345701724290848
FR007438,0,0.004676068667322397
FR018796,0,0.006091678515076637
FR010232,0,0.006136419717222452
FR003298,0,0.004942319355905056
FR015080,0,0.07810095697641373
FR003548,0,0.007209378760308027
FR017242,0,0.014682619832456112
FR007424,0,0.008289841935038567
FR001114,0,0.0065153068862855434
FR007544,0,0.006985397543758154
FR004927,0,0.005881966557353735
FR011372,0,0.0038133617490530014
FR004378,0,0.02724694460630417
FR015937,0,0.009577031247317791
FR007789,0,0.007113846950232983
FR019494,0,0.008922926150262356
FR019883,0,0.002833906328305602
FR000225,0,0.006034068297594786
FR017388,0,0.006039052736014128
FR002395,0,0.004127857740968466
FR009665,0,0.010228722356259823
FR005435,1,0.08811076730489731
FR006303,0,0.011245833709836006
FR007486,0,0.016911646351218224
FR015470,0,0.006163101177662611
FR009772,0,0.03972633183002472
FR000235,0,0.010701038874685764
FR000350,0,0.010306368581950665
FR012823,0,0.010404670611023903
FR000289,0,0.004288739524781704
FR013740,0,0.004178428556770086
FR005962,0,0.003992234356701374
FR005820,0,0.006593084894120693
FR019882,0,0.006314499769359827
FR011578,0,0.011210670694708824
FR016350,0,0.056004609912633896
FR011558,0,0.005401210393756628
FR000378,0,0.03464515879750252
FR005498,0,0.0054932585917413235
FR008361,0,0.006040752865374088
FR011552,0,0.009384926408529282
FR000159,0,0.02086552232503891
FR009678,0,0.00489233061671257
FR005741,0,0.003955997060984373
FR002412,0,0.005795694887638092
FR008713,0,0.008777134120464325
FR017058,0,0.004850574303418398
FR015091,0,0.0028784917667508125
FR019007,0,0.014838025905191898
FR005851,0,0.009860605001449585
FR012379,0,0.006689859088510275
FR002449,0,0.008531995117664337
FR019060,0,0.007412515580654144
FR004877,0,0.00874937791377306
FR009396,0,0.0057749515399336815
FR017667,0,0.005607116501778364
FR015050,0,0.007711795158684254
FR013044,0,0.06688171625137329
FR003917,0,0.007024090271443129
FR017726,0,0.007322303485125303
FR014448,0,0.006545200012624264
FR003070,0,0.005203588865697384
FR017996,0,0.007711838930845261
FR002890,0,0.02178340218961239
FR019662,0,0.020622534677386284
FR010930,0,0.005075262393802404
FR016365,0,0.005090657155960798
FR007699,0,0.030311614274978638
FR001471,0,0.03908739984035492
FR018190,0,0.008314725011587143
FR012704,0,0.01426054909825325
FR009136,0,0.010866601951420307
FR000653,0,0.006670046132057905
FR007352,0,0.01068238727748394
FR011683,0,0.005634685046970844
FR018526,0,0.006765683181583881
FR010816,0,0.005183950532227755
FR017274,0,0.04369553551077843
FR008109,0,0.007265628781169653
FR013793,0,0.002338890451937914
FR017121,0,0.023122074082493782
FR019041,0,0.009289193898439407
FR003005,0,0.0044286116026341915
FR010606,0,0.0028826252091675997
FR013294,0,0.028676940128207207
FR012535,0,0.007142150308936834
FR018126,0,0.011594634503126144
FR001006,0,0.00409287353977561
FR011769,0,0.006086729001253843
FR018591,0,0.008180037140846252
FR016570,0,0.009003748185932636
FR002072,0,0.00674071628600359
FR012837,0,0.005520139820873737
FR009723,0,0.007447745185345411
FR016168,0,0.006610033102333546
FR018439,0,0.006927915383130312
FR004737,0,0.004463292192667723
FR013587,0,0.019873635843396187
FR015207,0,0.002889455994591117
FR006226,0,0.01052588690072298
FR007642,0,0.0060058156959712505
FR018229,0,0.0077284229919314384
FR017805,0,0.0029495530761778355
FR013418,0,0.016642682254314423
FR003364,0,0.009307334199547768
FR013052,0,0.004425988532602787
FR014760,0,0.009863658808171749
FR007491,0,0.007766846567392349
FR012752,0,0.0167646873742342
FR017636,0,0.018076647073030472
FR015883,0,0.007681677583605051
FR001154,0,0.004410808440297842
FR019304,0,0.009515256620943546
FR003825,0,0.0056547257117927074
FR014382,0,0.00558370491489768
FR004419,0,0.004878111183643341
FR010323,0,0.009727198630571365
FR003840,0,0.005758791230618954
FR011064,0,0.008567471988499165
FR016534,0,0.011236267164349556
FR005989,0,0.07285410165786743
FR015528,0,0.008051405660808086
FR017181,0,0.012868513353168964
FR017389,0,0.013360357843339443
FR004017,0,0.01469781156629324
FR008427,0,0.0034305083099752665
FR018567,0,0.005470755975693464
FR019562,0,0.006109514739364386
FR008551,0,0.03058403544127941
FR005577,0,0.0037203545216470957
FR012298,0,0.0053138104267418385
FR013618,0,0.036822330206632614
FR015481,0,0.02165483683347702
FR005137,0,0.006548629608005285
FR017707,0,0.009020436555147171
FR003374,0,0.005348390433937311
FR017293,0,0.0048318421468138695
FR014581,0,0.0032107927836477757
FR013093,0,0.012077407911419868
FR002272,0,0.014346527867019176
FR012162,0,0.005962648428976536
FR013823,0,0.004564354196190834
FR001809,0,0.008159485645592213
FR009799,0,0.004910878837108612
FR006984,0,0.010921739973127842
FR008591,0,0.007030219305306673
FR004495,0,0.10327009856700897
FR019924,0,0.005619396455585957
FR010679,0,0.07473216950893402
FR014822,0,0.022723738104104996
FR010995,0,0.02173963561654091
FR017783,0,0.011548271402716637
FR005751,0,0.0029918826185166836
FR001799,0,0.03064013458788395
FR007215,0,0.006612526252865791
FR017741,0,0.006144271232187748
FR009653,0,0.021279945969581604
FR010934,0,0.004119296558201313
FR014489,0,0.003035232424736023
FR001632,0,0.01577407494187355
FR007305,0,0.004440010525286198
FR010792,0,0.22485114634037018
FR005358,0,0.007956554181873798
FR004849,0,0.014677846804261208
FR019730,0,0.007230216637253761
FR004451,0,0.004214579239487648
FR015881,0,0.009256890043616295
FR009106,0,0.011369843035936356
FR013083,0,0.014569106511771679
FR003332,0,0.0066605499014258385
FR003668,0,0.015537615865468979
FR000193,0,0.04514374956488609
FR017569,0,0.005787172354757786
FR009911,0,0.01013964880257845
FR003845,0,0.0055034770630300045
FR006201,0,0.003590974025428295
FR008663,0,0.0064302654936909676
FR001905,0,0.005076013971120119
FR005471,1,0.004195853602141142
FR000349,0,0.002608715323731303
FR015592,0,0.026154106482863426
FR019313,0,0.008938761427998543
FR012783,0,0.008195235393941402
FR009347,0,0.03793686628341675
FR009315,0,0.004391671624034643
FR004379,0,0.016334127634763718
FR010563,0,0.009351100772619247
FR007191,0,0.025978149846196175
FR013890,0,0.0050858124159276485
FR000280,0,0.005535408854484558
FR010418,0,0.015782902017235756
FR016557,0,0.0036018143873661757
FR001475,0,0.006256595253944397
FR002984,0,0.01868450455367565
FR003469,0,0.0048937927931547165
FR006223,0,0.004660554695874453
FR016882,1,0.009982948191463947
FR013590,0,0.007301533129066229
FR007732,0,0.0042596603743731976
FR004031,0,0.008345326408743858
FR004365,0,0.0056405579671263695
FR000702,0,0.008585034869611263
FR015287,0,0.003867252031341195
FR004406,0,0.007314013782888651
FR002409,0,0.005715648643672466
FR011383,0,0.00350249488838017
FR003503,1,0.037475958466529846
FR007769,0,0.012291190214455128
FR006965,0,0.012725355103611946
FR007592,0,0.012987990863621235
FR002098,0,0.005926966201514006
FR012382,0,0.0031360206194221973
FR010884,0,0.013432064093649387
FR004009,0,0.025773080065846443
FR006051,0,0.009028906002640724
FR013259,0,0.00551363592967391
FR004745,0,0.00855956133455038
FR018961,0,0.004665731452405453
FR008960,0,0.0061172558926045895
FR005613,0,0.027680180966854095
FR011215,0,0.007713477127254009
FR002818,0,0.017938282340765
FR014204,0,0.006455906666815281
FR009907,0,0.003886118996888399
FR018862,0,0.03728203848004341
FR002655,0,0.06641263514757156
FR018267,0,0.013678235001862049
FR008830,0,0.01349366083741188
FR001857,0,0.006265735719352961
FR002020,0,0.009122899733483791
FR001602,0,0.013358560390770435
FR008835,0,0.003953260835260153
FR006360,0,0.00898117944598198
FR006655,0,0.003536077681928873
FR000617,0,0.00524120032787323
FR001469,0,0.016328705474734306
FR006241,0,0.006767234764993191
FR000210,0,0.005242963321506977
FR011856,0,0.009170700795948505
FR013687,0,0.014414478093385696
FR007775,0,0.009931574575603008
FR004617,0,0.004143492318689823
FR006898,0,0.009676726534962654
FR017781,0,0.013784280978143215
FR015344,0,0.006296399515122175
FR013233,0,0.004965087864547968
FR000803,0,0.006110336631536484
FR007398,0,0.008668475784361362
FR016108,0,0.0047448123805224895
FR012811,0,0.006928135175257921
FR013323,0,0.00662343529984355
FR005876,0,0.006353646982461214
FR012580,0,0.005983525421470404
FR015193,0,0.007506344933062792
FR018980,0,0.00608245562762022
FR018798,0,0.024530185386538506
FR002352,0,0.0411343015730381
FR000704,0,0.009881624020636082
FR018889,0,0.011931678280234337
FR002446,0,0.004738651216030121
FR015476,0,0.023856356739997864
FR018700,0,0.006400059908628464
FR005175,0,0.009752222336828709
FR017129,0,0.02136804535984993
FR004937,0,0.01269859354943037
FR019405,1,0.046736057847738266
FR009649,0,0.005130539182573557
FR004193,0,0.011372854933142662
FR004019,0,0.01432009320706129
FR001830,0,0.007348952814936638
FR018163,0,0.002646589884534478
FR011796,0,0.006098934914916754
FR002208,0,0.011293450370430946
FR015260,1,0.06250675767660141
FR003235,0,0.006677404977381229
FR018373,0,0.03593960404396057
FR001340,0,0.048985328525304794
FR010915,0,0.03326280042529106
FR018262,0,0.021227087825536728
FR012819,0,0.007314425893127918
FR004431,0,0.00399355823174119
FR012134,0,0.022550521418452263
FR013357,0,0.10734141618013382
FR010963,0,0.008604517206549644
FR014194,0,0.006312438286840916
FR004500,0,0.006524897646158934
FR008294,0,0.006452429573982954
FR014281,0,0.0025367806665599346
FR009498,0,0.023982038721442223
FR005612,0,0.059378333389759064
FR000307,0,0.011326919309794903
FR003431,0,0.013171881437301636
FR015388,0,0.01159768458455801
FR011076,0,0.017008844763040543
FR012296,0,0.004623834975063801
FR010034,0,0.0053953551687300205
FR002134,0,0.007520144805312157
FR009594,0,0.011661075055599213
FR006135,0,0.012591196224093437
FR007685,0,0.004641982726752758
FR012518,0,0.0037154529709368944
FR016838,0,0.004600634798407555
FR002746,0,0.011866135522723198
FR015379,0,0.014192754402756691
FR016076,0,0.02288355864584446
FR001998,0,0.03948058560490608
FR002788,0,0.007236575707793236
FR002995,0,0.0075075929053127766
FR006474,0,0.006134431343525648
FR010297,0,0.032755542546510696
FR008766,0,0.01712183840572834
FR002767,0,0.004704501945525408
FR019546,0,0.008275318890810013
FR011890,0,0.007847909815609455
FR008939,0,0.0064118909649550915
FR005945,0,0.031018855050206184
FR003855,0,0.006256488151848316
FR011080,0,0.022738806903362274
FR012964,0,0.009632505476474762
FR001654,0,0.003948730416595936
FR014643,1,0.008123325183987617
FR002219,0,0.006198539398610592
FR014571,0,0.007313595153391361
FR010953,0,0.006002454552799463
FR005216,0,0.009907301515340805
FR004654,0,0.009912570007145405
FR019961,0,0.008009698241949081
FR014667,0,0.00462744664400816
FR005552,0,0.04432106390595436
FR019557,0,0.006909695919603109
FR007713,0,0.012976492755115032
FR017115,0,0.004415337927639484
FR015742,0,0.009486344642937183
FR019360,0,0.00820403452962637
FR002306,0,0.016582699492573738
FR017801,0,0.04002192243933678
FR005848,0,0.005731520708650351
FR003954,0,0.00523334788158536
FR008292,0,0.016486667096614838
FR006354,0,0.03529389202594757
FR018600,0,0.01755012571811676
FR015665,0,0.004045458044856787
FR012424,0,0.010630035772919655
FR014795,0,0.00848808791488409
FR005695,0,0.009279557503759861
FR002552,0,0.006306528113782406
FR017338,0,0.0032644954044371843
FR016727,0,0.0063706571236252785
FR013887,0,0.024627791717648506
FR000842,0,0.006992178037762642
FR008625,0,0.006269979756325483
FR008540,0,0.038308724761009216
FR012831,0,0.005838161334395409
FR005386,0,0.007147149182856083
FR008642,0,0.008212139829993248
FR019759,0,0.009366605430841446
FR013523,1,0.02792925387620926
FR010345,0,0.027425616979599
FR004685,0,0.008919734507799149
FR007943,0,0.005350963212549686
FR005063,0,0.007588925305753946
FR006621,0,0.005992749705910683
FR011491,0,0.002717546885833144
FR001272,0,0.01551292184740305
FR004934,0,0.027570635080337524
FR008497,0,0.02918131649494171
FR018284,0,0.005097368266433477
FR017195,0,0.23494087159633636
FR003918,0,0.01075670588761568
FR015471,0,0.012447156012058258
FR006668,0,0.0034148667473345995
FR013377,0,0.008249546401202679
FR019443,0,0.026780879124999046
FR003076,0,0.006198941729962826
FR011407,0,0.00464059691876173
FR017164,0,0.017218448221683502
FR015044,0,0.011965804733335972
FR006503,0,0.014421382918953896
FR019670,0,0.009420097805559635
FR008499,0,0.003466464579105377
FR000822,0,0.024004561826586723
FR012295,0,0.03409420698881149
FR005301,0,0.022668389603495598
FR018077,0,0.00782731268554926
FR019389,0,0.012029023841023445
FR014232,0,0.016129586845636368
FR018380,0,0.00416985061019659
FR011100,0,0.006478416733443737
FR008132,1,0.6046745181083679
FR018210,0,0.007159286178648472
FR018179,0,0.024545002728700638
FR017748,0,0.00590267451480031
FR007515,0,0.031746696680784225
FR016956,0,0.008828574791550636
FR018810,0,0.02095845155417919
FR013817,0,0.00397108867764473
FR010859,0,0.00497311120852828
FR015895,0,0.008946296758949757
FR012665,1,0.07858456671237946
FR014506,0,0.006978719029575586
FR011934,0,0.010134276002645493
FR019676,0,0.017445959150791168
FR004190,0,0.010419625788927078
FR005960,0,0.004501301795244217
FR003196,0,0.004636103753000498
FR010439,0,0.005897148512303829
FR003578,0,0.006239304319024086
FR015404,0,0.012174402363598347
FR012195,0,0.010562666691839695
FR000939,0,0.017545735463500023
FR003751,0,0.021898269653320312
FR018370,0,0.021000871434807777
FR010526,0,0.011018953286111355
FR012484,0,0.005499657709151506
FR005324,0,0.006075995974242687
FR001321,0,0.003439868800342083
FR016156,0,0.006341063417494297
FR006739,0,0.01632288470864296
FR000783,0,0.005167040042579174
FR001229,0,0.002444735262542963
FR012081,0,0.006037126760929823
FR003572,0,0.004929251503199339
FR014847,0,0.007963113486766815
FR012356,0,0.007923640310764313
FR001616,0,0.005434762686491013
FR000095,0,0.023292385041713715
FR004437,0,0.00511440634727478
FR005251,0,0.0064845760352909565
FR011096,0,0.06550712883472443
FR016430,0,0.021230580285191536
FR017653,0,0.012301916256546974
FR001399,0,0.007821260020136833
FR003629,0,0.007545430213212967
FR003483,0,0.00671657919883728
FR006930,0,0.01343581173568964
FR015178,0,0.005980899557471275
FR016731,0,0.04023287072777748
FR004410,0,0.006208560895174742
FR006334,0,0.00957861915230751
FR007224,0,0.01605379581451416
FR011779,0,0.005042030476033688
FR004587,0,0.00878935120999813
FR019953,0,0.034975580871105194
FR016627,0,0.003516056342050433
FR015149,0,0.016634585335850716
FR015541,0,0.01647281087934971
FR007176,0,0.00700817396864295
FR018972,0,0.008774989284574986
FR014594,0,0.009969888255000114
FR002059,0,0.008540930226445198
FR003609,0,0.015531728975474834
FR001363,0,0.003197593381628394
FR001513,0,0.02613241784274578
FR002353,0,0.022644491866230965
FR006780,0,0.06109749525785446
FR007474,0,0.0041170883923769
FR019827,0,0.00710248900577426
FR006936,0,0.013342656195163727
FR005698,0,0.053438134491443634
FR009036,0,0.005425265524536371
FR011185,0,0.002721803029999137
FR017105,1,0.011999010108411312
FR010658,0,0.016755210235714912
FR015273,0,0.016045965254306793
FR013830,0,0.00756490882486105
FR014269,0,0.010144226253032684
FR001768,0,0.016574140638113022
FR009685,0,0.008469684049487114
FR004632,0,0.006187733728438616
FR001404,0,0.009306583553552628
FR000035,0,0.0519377700984478
FR010004,0,0.009692659601569176
FR012331,0,0.024266498163342476
FR017053,0,0.036652229726314545
FR015865,0,0.00820247083902359
FR012799,0,0.011009053327143192
FR014431,0,0.030313311144709587
FR018206,0,0.0038545136339962482
FR001704,0,0.010582583956420422
FR007502,0,0.01015426591038704
FR004871,0,0.0074515072628855705
FR013976,0,0.006894147954881191
FR011613,0,0.016033291816711426
FR005074,0,0.005474134813994169
FR000450,0,0.006515723653137684
FR014306,0,0.0068420241586863995
FR004093,0,0.006914717145264149
FR019701,0,0.010667969472706318
FR002512,0,0.003846523119136691
FR013661,0,0.005285498686134815
FR009022,0,0.006210429593920708
FR011062,0,0.008605733513832092
FR013601,0,0.004270967096090317
FR001164,0,0.031027622520923615
FR002692,0,0.02786422334611416
FR009450,0,0.008229848928749561
FR016249,0,0.006998139899224043
FR019241,0,0.004039951600134373
FR017247,0,0.006721683777868748
FR002856,0,0.0052130017429590225
FR007674,0,0.024598250165581703
FR015171,0,0.004030386917293072
FR018758,0,0.007703665643930435
FR012267,0,0.013365444727241993
FR010292,0,0.016093606129288673
FR003113,0,0.006307086441665888
FR004792,0,0.05687953904271126
FR016760,0,0.018471669405698776
FR014400,0,0.029302876442670822
FR017443,0,0.005590680055320263
FR005448,0,0.004279470071196556
FR012141,0,0.023610802367329597
FR012714,0,0.005965172778815031
FR007668,0,0.007836231030523777
FR000654,0,0.01790478080511093
FR007926,0,0.00842615868896246
FR006471,0,0.0053657107055187225
FR016552,0,0.006575051229447126
FR003552,0,0.008100052364170551
FR018948,0,0.015012110583484173
FR000196,0,0.004177507944405079
FR007658,0,0.004237840883433819
FR016132,0,0.0046276068314909935
FR004818,0,0.019487611949443817
FR005857,0,0.0033766478300094604
FR014234,0,0.016186773777008057
FR002168,0,0.004216927103698254
FR010697,0,0.024442041292786598
FR000200,0,0.006549532525241375
FR002976,1,0.01675659418106079
FR003727,0,0.009257253259420395
FR007084,0,0.005798781290650368
FR008444,0,0.033032361418008804
FR003304,0,0.00833132117986679
FR018372,0,0.008018158376216888
FR006018,0,0.0032412658911198378
FR012335,0,0.002564204391092062
FR006283,0,0.08479699492454529
FR002326,0,0.008732661604881287
FR004558,0,0.005974958185106516
FR016450,0,0.042377591133117676
FR008816,0,0.007274049334228039
FR016716,0,0.005087856203317642
FR007950,0,0.0080861272290349
FR011498,0,0.0046190074644982815
FR009770,0,0.003202812047675252
FR006168,0,0.012426207773387432
FR016467,0,0.028782088309526443
FR014637,0,0.005666862707585096
FR010980,0,0.007276597432792187
FR014917,0,0.01693241484463215
FR015360,0,0.028821760788559914
FR004616,0,0.019749175757169724
FR006100,0,0.004989567678421736
FR012391,0,0.05044609680771828
FR000192,0,0.015572838485240936
FR011937,0,0.0064582740887999535
FR007014,0,0.013421365059912205
FR008380,0,0.024192696437239647
FR007518,0,0.008116505108773708
FR006996,0,0.006336579564958811
FR007739,0,0.02817423641681671
FR002775,0,0.004214875400066376
FR008655,0,0.005248584318906069
FR013696,0,0.011233575642108917
FR009552,0,0.007004863116890192
FR009537,0,0.006386731751263142
FR009239,0,0.016081010922789574
FR008963,0,0.08549589663743973
FR013986,0,0.03831459954380989
FR014151,0,0.01643386483192444
FR009247,0,0.006538431625813246
FR011981,0,0.02914276160299778
FR005243,0,0.010050622746348381
FR019663,0,0.01467411033809185
FR008445,0,0.00937830563634634
FR013758,0,0.005093514919281006
FR015352,0,0.004745571408420801
FR016736,0,0.007907826453447342
FR019254,0,0.009125348180532455
FR009377,0,0.012627226300537586
FR017590,0,0.007759611122310162
FR015611,0,0.007016690913587809
FR016789,0,0.005454156082123518
FR002966,0,0.0049616191536188126
FR009970,0,0.32878831028938293
FR017167,0,0.003053551772609353
FR003988,0,0.010929304175078869
FR006458,0,0.0037435812409967184
FR015061,0,0.007023208774626255
FR011330,0,0.005120159592479467
FR008252,0,0.007900696247816086
FR012839,0,0.004384827800095081
FR013100,0,0.03235238417983055
FR002082,0,0.004805903881788254
FR005826,0,0.0081688417121768
FR018096,0,0.005273641552776098
FR018647,0,0.006159754935652018
FR013794,0,0.011954039335250854
FR000454,0,0.006191461347043514
FR015069,0,0.007566703017801046
FR007172,0,0.00848442129790783
FR014122,0,0.003869334002956748
FR018478,0,0.003947776276618242
FR018899,0,0.008743640035390854
FR011151,0,0.007325513754040003
FR007558,0,0.002647960791364312
FR003774,0,0.011925659142434597
FR012981,0,0.0031797271221876144
FR015930,0,0.010815785266458988
FR005861,0,0.007106558419764042
FR018167,0,0.06168516352772713
FR019115,0,0.00691735977306962
FR008558,0,0.010329843498766422
FR000583,0,0.008332495577633381
FR007366,0,0.0070669762790203094
FR000961,0,0.006972876377403736
FR009786,0,0.007133775856345892
FR007308,0,0.005304654128849506
FR015330,0,0.005981432739645243
FR009249,0,0.009467607364058495
FR018461,0,0.01928580552339554
FR018326,0,0.006761717610061169
FR004158,0,0.006290125660598278
FR014268,0,0.019008999690413475
FR003624,0,0.009816697798669338
FR018622,0,0.009170579724013805
FR008935,0,0.0035653586965054274
FR009662,0,0.009626053273677826
FR007447,0,0.019154321402311325
FR011055,0,0.02185741253197193
FR019530,0,0.004559321794658899
FR009321,0,0.006966704502701759
FR013462,0,0.008804972283542156
FR019470,0,0.0049191368743777275
FR000114,0,0.006504771765321493
FR009437,0,0.008409891277551651
FR006831,0,0.013082433491945267
FR008875,0,0.010276266373693943
FR004679,0,0.003577027702704072
FR012608,0,0.009324079379439354
FR002387,0,0.007947285659611225
FR012159,0,0.03426266089081764
FR015660,0,0.02912168763577938
FR015459,0,0.012709747068583965
FR007167,0,0.0060164653696119785
FR013750,0,0.010299445129930973
FR019406,0,0.010121067985892296
FR015774,0,0.009747728705406189
FR006373,0,0.006945242173969746
FR010788,0,0.00597836310043931
FR004376,0,0.008371264673769474
FR005163,0,0.004587999545037746
FR006291,0,0.005377235822379589
FR002652,0,0.003675085259601474
FR000888,0,0.0041404771618545055
FR009264,0,0.0030993742402642965
FR006320,0,0.005002723541110754
FR006234,0,0.006702891550958157
FR019613,0,0.005638990551233292
FR014100,0,0.030445439741015434
FR016239,0,0.07328488677740097
FR007689,0,0.011019020341336727
FR004320,0,0.014166884124279022
FR011004,0,0.004998915363103151
FR011886,0,0.013178844004869461
FR005628,0,0.004711332265287638
FR004414,0,0.00876734871417284
FR008581,0,0.0036930073983967304
FR001381,0,0.025676654651761055
FR001534,0,0.007888748310506344
FR012722,0,0.0047526233829557896
FR011328,0,0.009577040560543537
FR016098,0,0.002820985158905387
FR008760,1,0.013313780538737774
FR010302,0,0.012789562344551086
FR011771,0,0.0071220253594219685
FR005447,0,0.004540888126939535
FR012570,1,0.006842559203505516
FR013732,0,0.008248223923146725
FR011480,0,0.041879408061504364
FR012004,0,0.013923974707722664
FR017048,0,0.007609091233462095
FR009183,0,0.023200171068310738
FR001023,0,0.005068354308605194
FR007151,0,0.00530110253021121
FR013637,0,0.0073708132840693
FR014189,0,0.003152519464492798
FR006192,0,0.049908995628356934
FR000427,0,0.00837151799350977
FR001060,0,0.0070359837263822556
FR012929,0,0.004335055127739906
FR009752,0,0.008070896379649639
FR003556,0,0.006664443761110306
FR011790,0,0.010297030210494995
FR012206,0,0.027622131630778313
FR001950,0,0.013843394815921783
FR000907,0,0.0072386180981993675
FR006819,0,0.006492494605481625
FR016863,0,0.012052456848323345
FR013146,0,0.005040502175688744
FR012950,0,0.007017883472144604
FR005038,0,0.008627999573946
FR002021,0,0.004377689212560654
FR013940,0,0.003778965910896659
FR012357,0,0.004858865402638912
FR008907,0,0.020507242530584335
FR001007,0,0.046968623995780945
FR014387,0,0.012294646352529526
FR018613,0,0.005855037830770016
FR004001,0,0.020781878381967545
FR006928,0,0.004881767556071281
FR003908,0,0.004620791878551245
FR005813,0,0.024477940052747726
FR008281,0,0.011418398469686508
FR009083,0,0.004770112689584494
FR019004,0,0.011770663782954216
FR003111,0,0.007831539027392864
FR002503,0,0.030292367562651634
FR012541,0,0.014304889366030693
FR015576,0,0.027566958218812943
FR016755,0,0.06421016901731491
FR018565,0,0.006137025076895952
FR019813,0,0.02365906350314617
FR012829,0,0.029203446581959724
FR015550,0,0.012366347946226597
FR005325,0,0.009490611031651497
FR000781,0,0.008492282591760159
FR005522,0,0.00567008787766099
FR018111,0,0.0073447139002382755
FR017709,0,0.024638652801513672
FR006949,0,0.006868566852062941
FR014071,0,0.012351221404969692
FR016664,0,0.24336718022823334
FR007431,0,0.00575628224760294
FR017246,0,0.006376962643116713
FR009802,0,0.05139452591538429
FR019168,0,0.003196579637005925
FR008585,0,0.006363993044942617
FR019353,0,0.020508812740445137
FR001904,0,0.015696974471211433
FR007621,0,0.008375425823032856
FR007277,0,0.010085705667734146
FR012726,0,0.008037927560508251
FR014176,0,0.0046062348410487175
FR001619,0,0.015247398056089878
FR009045,0,0.013545974157750607
FR009812,0,0.007782693486660719
FR004284,0,0.01219285186380148
FR015144,0,0.004182392731308937
FR000212,0,0.004167532082647085
FR018578,0,0.01345315482467413
FR002127,0,0.005362499970942736
FR000272,0,0.009852530434727669
FR017371,0,0.004372407216578722
FR015953,0,0.007351304870098829
FR012644,0,0.014229092746973038
FR009995,0,0.016819000244140625
FR011755,0,0.006206816527992487
FR008386,0,0.003952023573219776
FR018136,0,0.00871715135872364
FR006441,0,0.004264711868017912
FR003007,0,0.02073410339653492
FR004672,0,0.017033586278557777
FR014919,0,0.029629776254296303
FR009570,0,0.006828260608017445
FR008635,0,0.011930509470403194
FR001110,1,0.014541933313012123
FR013448,0,0.00925541203469038
FR011884,0,0.0043649822473526
FR000728,0,0.015229559503495693
FR004068,0,0.011940608732402325
FR006698,0,0.008384658955037594
FR018133,0,0.006462136749178171
FR010113,0,0.004776752088218927
FR019990,0,0.009754616767168045
FR017091,0,0.003679940477013588
FR019944,0,0.023674141615629196
FR001172,0,0.015971310436725616
FR015441,0,0.005945638753473759
FR019270,0,0.011960303410887718
FR014887,0,0.0109183918684721
FR019735,0,0.025522733107209206
FR001190,0,0.007610074710100889
FR008046,0,0.004793976899236441
FR017123,0,0.0039870524778962135
FR012881,0,0.03303670510649681
FR014507,0,0.004045573063194752
FR003613,1,0.09946227073669434
FR006167,0,0.009484629146754742
FR018062,0,0.0030169812962412834
FR013292,0,0.011720119044184685
FR008092,0,0.01039365865290165
FR001839,0,0.030764998868107796
FR003204,0,0.008908689022064209
FR009551,0,0.005387269891798496
FR016674,0,0.019793039187788963
FR000116,0,0.012570476159453392
FR014272,0,0.00684475339949131
FR008156,0,0.004771342035382986
FR012297,0,0.0024212419521063566
FR014293,0,0.009402795694768429
FR019023,0,0.03626563400030136
FR018296,0,0.04284828528761864
FR013084,0,0.005344766657799482
FR003103,0,0.010656943544745445
FR003669,0,0.011611713096499443
FR006788,0,0.011859661899507046
FR017378,0,0.006393813528120518
FR011647,0,0.006704069674015045
FR010698,0,0.01778864488005638
FR000009,0,0.004213602747768164
FR018263,0,0.0073886653408408165
FR008148,0,0.004837621469050646
FR015502,0,0.006295236758887768
FR013946,0,0.008438074961304665
FR019176,0,0.00799691304564476
FR009355,0,0.017657799646258354
FR017323,0,0.0032921298407018185
FR008990,0,0.0071437121368944645
FR009722,0,0.006139459554105997
FR008677,0,0.03756875544786453
FR012423,0,0.021131711080670357
FR015582,0,0.005115578416734934
FR012853,0,0.006346831563860178
FR009787,0,0.0130598284304142
FR007204,0,0.006087413057684898
FR008454,0,0.009862606413662434
FR006422,0,0.008255369029939175
FR013578,0,0.08991182595491409
FR006221,0,0.030940119177103043
FR004337,0,0.008868467062711716
FR006710,0,0.002869809977710247
FR014024,0,0.006391772534698248
FR008742,0,0.04904630780220032
FR008265,0,0.018535656854510307
FR017095,0,0.007774671074002981
FR001163,0,0.007832924835383892
FR006262,0,0.005622861906886101
FR017178,0,0.00676710344851017
FR001711,0,0.008061828091740608
FR003639,0,0.00311431847512722
FR003426,0,0.004449579399079084
FR008453,0,0.013196784071624279
FR006336,0,0.013959412463009357
FR014453,0,0.003234779229387641
FR007536,0,0.012072878889739513
FR013481,0,0.007319330703467131
FR019131,0,0.035819120705127716
FR002315,0,0.004621476400643587
FR010684,0,0.00468670018017292
FR002691,0,0.004429084714502096
FR018641,0,0.03388189524412155
FR016917,0,0.012008323334157467
FR013511,0,0.02019526995718479
FR005030,0,0.018500372767448425
FR019016,0,0.006680961232632399
FR006607,0,0.006466999650001526
FR004887,0,0.00682934420183301
FR006926,0,0.0036794194020330906
FR013926,0,0.030908431857824326
FR003429,0,0.029989618808031082
FR014333,0,0.022208258509635925
FR006620,0,0.0032068185973912477
FR010780,0,0.007296668831259012
FR007924,0,0.004871146287769079
FR010832,0,0.01874246634542942
FR003224,0,0.007824253290891647
FR009721,0,0.018029985949397087
FR017094,0,0.00816232617944479
FR010403,0,0.005659366492182016
FR005143,0,0.007377954199910164
FR007700,0,0.009988675825297832
FR009075,0,0.0036869491450488567
FR019301,0,0.012210323475301266
FR018404,0,0.008065576665103436
FR011860,0,0.037900399416685104
FR019029,0,0.00566899124532938
FR017784,0,0.00561089301481843
FR009583,0,0.009093768894672394
FR000398,1,0.03223827853798866
FR002505,0,0.010512144304811954
FR010233,0,0.0023628787603229284
FR009542,0,0.005110134836286306
FR002951,0,0.00673497561365366
FR014390,0,0.00833034422248602
FR009240,0,0.004261974710971117
FR013539,0,0.003500544698908925
FR014602,0,0.004412044305354357
FR008167,0,0.009882901795208454
FR012846,0,0.007819457910954952
FR019584,0,0.008327115327119827
FR015433,0,0.024651896208524704
FR008739,0,0.00590479327365756
FR005474,0,0.09360155463218689
FR012094,0,0.0055852169170975685
FR001015,0,0.005176932085305452
FR011224,0,0.022965628653764725
FR015623,0,0.006785508245229721
FR006027,0,0.024038542062044144
FR014620,0,0.012407496571540833
FR019715,0,0.010865593329071999
FR015475,0,0.022211644798517227
FR019536,0,0.01129862666130066
FR017803,0,0.005786892957985401
FR009088,0,0.00602826289832592
FR012248,0,0.006519755814224482
FR001516,0,0.008414974436163902
FR011087,0,0.008523077704012394
FR016564,0,0.0071273245848715305
FR019722,0,0.008986473083496094
FR013153,0,0.0067301481030881405
FR019842,0,0.005055674351751804
FR000915,0,0.010408112779259682
FR006850,0,0.005673767067492008
FR007015,0,0.006272175814956427
FR002630,0,0.00560446921736002
FR008099,0,0.006241826806217432
FR006748,0,0.0355055145919323
FR017356,0,0.017986897379159927
FR000023,0,0.022556282579898834
FR001818,0,0.00887612346559763
FR011166,0,0.007067050319164991
FR016733,0,0.022112350910902023
FR014420,0,0.004335637670010328
FR002203,0,0.012495352886617184
FR017567,0,0.007060153875499964
FR015657,0,0.00320467003621161
FR013219,0,0.0036831519100815058
FR018811,0,0.009534420445561409
FR012986,0,0.008570303209125996
FR018480,0,0.012474975548684597
FR007324,0,0.008142250590026379
FR005700,0,0.00554009061306715
FR019508,0,0.011692045256495476
FR007919,0,0.004668035078793764
FR000451,0,0.00524835055693984
FR009282,0,0.005876971874386072
FR004294,0,0.005158702842891216
FR000201,0,0.004672649782150984
FR013874,0,0.005703959614038467
FR016889,0,0.016572430729866028
FR005759,0,0.009022236801683903
FR002603,0,0.004151083994656801
FR014065,0,0.003704638220369816
FR010365,0,0.0037273955531418324
FR002921,0,0.00538457790389657
FR007404,0,0.01711953617632389
FR001997,0,0.0270510483533144
FR003057,0,0.010865418240427971
FR002990,0,0.008165406994521618
FR006958,0,0.006272369064390659
FR006151,0,0.004479742608964443
FR018237,0,0.005503787659108639
FR002786,0,0.009309133514761925
FR009858,0,0.0033439029939472675
FR009438,0,0.005767252296209335
FR001257,0,0.0063081891275942326
FR016596,0,0.029663747176527977
FR016661,0,0.01161816157400608
FR006586,0,0.003218533704057336
FR005023,0,0.0053432052955031395
FR015800,0,0.009704630821943283
FR015635,0,0.00795599352568388
FR011673,0,0.027847792953252792
FR006720,0,0.004330321680754423
FR010155,0,0.008542271330952644
FR004405,1,0.010557051748037338
FR002239,0,0.027362562716007233
FR018324,0,0.005102829076349735
FR006288,0,0.03321849927306175
FR013562,0,0.006050219759345055
FR019956,0,0.19222024083137512
FR005834,0,0.006396468263119459
FR015323,0,0.007078764494508505
FR002706,0,0.016010161489248276
FR004921,0,0.0036684286314994097
FR013114,0,0.005016935523599386
FR003875,0,0.012316959910094738
FR005010,0,0.017858145758509636
FR005347,0,0.018831588327884674
FR003342,0,0.02079847827553749
FR018609,0,0.00496302917599678
FR014438,0,0.010071043856441975
FR004011,0,0.008455679751932621
FR007945,0,0.005426168441772461
FR008322,0,0.006465082056820393
FR009978,0,0.0063534812070429325
FR016272,0,0.0070619527250528336
FR018315,0,0.01221547182649374
FR010688,0,0.00661469716578722
FR004046,0,0.005981716327369213
FR018204,0,0.08580797910690308
FR001392,0,0.009646167047321796
FR004470,0,0.012310453690588474
FR007461,0,0.006585212890058756
FR009362,1,0.011662130244076252
FR007440,0,0.005297712050378323
FR018469,0,0.006105959881097078
FR009275,0,0.006620652507990599
FR006440,0,0.014862769283354282
FR002942,0,0.004079524893313646
FR016593,0,0.007451814133673906
FR014826,0,0.003973581362515688
FR011377,0,0.0029279023874551058
FR005589,0,0.004425992723554373
FR012579,0,0.007088503334671259
FR011749,0,0.013973654247820377
FR007250,0,0.005250805523246527
FR008395,0,0.01798214204609394
FR004966,0,0.029373101890087128
FR012373,0,0.002612221287563443
FR005203,0,0.004288647789508104
FR002642,0,0.01241625752300024
FR004331,0,0.011923158541321754
FR012138,0,0.005832382943481207
FR003837,0,0.008214936591684818
FR008387,0,0.008069979958236217
FR018945,0,0.01539246179163456
FR016307,0,0.02979137934744358
FR019365,0,0.004656130913645029
FR009642,0,0.009225278161466122
FR012377,0,0.011848384514451027
FR019024,0,0.012639056891202927
FR003948,0,0.009172980673611164
FR011141,0,0.008795714005827904
FR019381,0,0.014499389566481113
FR001880,0,0.027370724827051163
FR000778,0,0.004591620527207851
FR001747,0,0.0501415953040123
FR003873,0,0.007001176010817289
FR019899,0,0.010486111976206303
FR002405,0,0.039333079010248184
FR010319,0,0.0031676108483225107
FR018903,0,0.0111556900665164
FR012207,0,0.005687338765710592
FR006153,0,0.009906104765832424
FR017479,0,0.009819233790040016
FR008894,0,0.02853003516793251
FR010285,0,0.01128863263875246
FR012943,0,0.011551189236342907
FR019425,0,0.006487836129963398
FR003836,0,0.0064615486189723015
FR004016,0,0.003476441139355302
FR001424,0,0.005201347637921572
FR001450,0,0.017436176538467407
FR014110,0,0.003868385683745146
FR004880,0,0.012164645828306675
FR018034,0,0.007438075728714466
FR005283,0,0.09993819147348404
FR011861,0,0.003019078867509961
FR009963,0,0.034516457468271255
FR019234,0,0.007303289137780666
FR016642,0,0.005310391075909138
FR000302,0,0.013012336567044258
FR013092,0,0.004379570484161377
FR018650,0,0.007601914461702108
FR004053,0,0.003951242659240961
FR010917,0,0.004781421739608049
FR001211,0,0.0056584058329463005
FR014348,0,0.005881389137357473
FR006629,0,0.006729596294462681
FR011313,0,0.0046300762332975864
FR011259,0,0.00755351223051548
FR008003,0,0.00847409013658762
FR009107,0,0.0029075408820062876
FR015654,0,0.007129909936338663
FR002689,0,0.003932669758796692
FR004373,0,0.004492214880883694
FR011006,0,0.0658760592341423
FR018048,0,0.005153515376150608
FR017480,0,0.005881999619305134
FR006699,0,0.017425723373889923
FR013431,0,0.04730811342597008
FR014647,0,0.026414308696985245
FR004120,0,0.019017742946743965
FR005631,0,0.009521792642772198
FR001488,0,0.021537626162171364
FR004263,0,0.008713780902326107
FR011198,0,0.010931943543255329
FR002094,0,0.008988121524453163
FR011789,0,0.0347965732216835
FR012988,0,0.011596547439694405
FR003559,0,0.004261693451553583
FR001386,0,0.007225248962640762
FR014428,0,0.006089063361287117
FR012595,1,0.007688324432820082
FR012737,0,0.0049797906540334225
FR013503,0,0.005820502992719412
FR009559,0,0.004971975926309824
FR018424,0,0.007051247637718916
FR010231,0,0.006463333498686552
FR004036,0,0.009940707124769688
FR004918,0,0.007518312428146601
FR005058,0,0.003405305789783597
FR003216,0,0.00998135469853878
FR019061,0,0.007960537448525429
FR015604,0,0.0077419825829565525
FR010911,0,0.00728418305516243
FR013866,0,0.009748543612658978
FR018947,0,0.007102558854967356
FR014946,0,0.011389169842004776
FR010131,0,0.0036170685198158026
FR018540,0,0.006338618230074644
FR014714,0,0.015324217267334461
FR001879,0,0.008771169930696487
FR015252,0,0.012047125957906246
FR001012,0,0.020242709666490555
FR013266,0,0.0036601489409804344
FR015399,0,0.01173010841012001
FR015240,0,0.0536750964820385
FR014183,0,0.005851089488714933
FR008876,0,0.003662669565528631
FR013463,0,0.012305074371397495
FR017672,0,0.012777135707437992
FR010084,0,0.007056170143187046
FR001780,0,0.0906849279999733
FR011803,0,0.002641752129420638
FR006140,0,0.00368704367429018
FR000849,0,0.013722538948059082
FR012625,0,0.016521139070391655
FR013682,0,0.0026233778335154057
FR011966,0,0.03619133681058884
FR010943,0,0.006025577895343304
FR013567,0,0.0045926012098789215
FR010650,0,0.009667646139860153
FR001571,0,0.0035737573634833097
FR014389,0,0.01168580912053585
FR006889,1,0.054314326494932175
FR017595,0,0.0066601550206542015
FR008277,0,0.004044576082378626
FR010739,0,0.0033151707611978054
FR016723,0,0.009265723638236523
FR007830,0,0.006781961303204298
FR007788,0,0.01579922065138817
FR008927,0,0.006293569225817919
FR016887,0,0.03318571299314499
FR006632,0,0.012807630002498627
FR000582,0,0.011423244141042233
FR008054,0,0.004306192975491285
FR012140,0,0.008743135258555412
FR013854,0,0.004516573157161474
FR010550,1,0.012373116798698902
FR009908,0,0.004105323925614357
FR011620,0,0.005072693806141615
FR000745,0,0.006282520946115255
FR009319,0,0.0056551736779510975
FR009173,0,0.011712394654750824
FR004684,0,0.14788369834423065
FR012042,0,0.00831977091729641
FR015642,0,0.005649714730679989
FR017999,0,0.08772304654121399
FR000969,0,0.01367946993559599
FR006641,0,0.009632410481572151
FR000236,0,0.043947119265794754
FR017186,0,0.008331258781254292
FR004297,0,0.023329177871346474
FR012439,0,0.011838222853839397
FR008544,0,0.03620203211903572
FR005551,0,0.007444052491337061
FR001156,1,0.010971848852932453
FR007408,0,0.0034402331802994013
FR012903,0,0.0056930771097540855
FR013477,0,0.008746884763240814
FR009524,0,0.05558566004037857
FR008911,0,0.0370195172727108
FR002485,0,0.00570383807644248
FR019985,0,0.0049790628254413605
FR000543,0,0.006903485395014286
FR007029,0,0.004243857692927122
FR004647,0,0.004577382933348417
FR019038,0,0.03591519594192505
FR001058,0,0.017168547958135605
FR016790,0,0.09308040887117386
FR002810,0,0.01935892179608345
FR000622,0,0.33982881903648376
FR017305,0,0.03443608805537224
FR015230,0,0.007445042487233877
FR008400,0,0.021342936903238297
FR010720,0,0.006453759502619505
FR001134,0,0.007190505508333445
FR012280,0,0.003120957873761654
FR016514,0,0.01999044418334961
FR019767,0,0.00903815682977438
FR000618,0,0.006225135177373886
FR007188,0,0.00815589725971222
FR013369,0,0.011015186086297035
FR002292,0,0.006503536365926266
FR013838,0,0.02849881909787655
FR000216,0,0.050843287259340286
FR008151,0,0.004365900065749884
FR008833,0,0.013858876191079617
FR003541,0,0.006707156542688608
FR011346,0,0.002967432839795947
FR003573,0,0.003470758209004998
FR016385,0,0.008346580900251865
FR018334,0,0.003162143751978874
FR012240,0,0.033533379435539246
FR012681,0,0.0036965690087527037
FR015310,0,0.01530794333666563
FR005950,0,0.003973715007305145
FR009058,0,0.012672828510403633
FR018637,0,0.01932334154844284
FR000924,0,0.02261587232351303
FR000048,0,0.014224378392100334
FR003666,0,0.005925844889134169
FR006410,0,0.00625907676294446
FR009753,0,0.056876007467508316
FR019746,0,0.003447294468060136
FR013829,0,0.004824568051844835
FR008664,0,0.005594668909907341
FR000639,0,0.004130208399146795
FR012919,0,0.0049478779546916485
FR005184,0,0.007753328420221806
FR012203,0,0.0028243300039321184
FR010985,0,0.0074219973757863045
FR011612,0,0.008746067062020302
FR000258,0,0.003168333787471056
FR005981,0,0.00560278445482254
FR011960,0,0.00405521783977747
FR007089,0,0.00403381884098053
FR004592,0,0.006818224210292101
FR012841,0,0.003598805284127593
FR004657,0,0.012736785225570202
FR019227,0,0.006812430918216705
FR014727,0,0.005589702166616917
FR006517,0,0.0067693921737372875
FR005220,0,0.005624162964522839
FR015683,0,0.021724317222833633
FR006915,0,0.00979182031005621
FR017976,0,0.005571113433688879
FR012095,0,0.054305512458086014
FR007480,0,0.017249759286642075
FR001182,0,0.0290512815117836
FR015203,0,0.00811961479485035
FR011321,0,0.005181371700018644
FR009877,0,0.0049093738198280334
FR003148,0,0.005180779378861189
FR011783,0,0.006505089811980724
FR001581,0,0.007167378440499306
FR008966,0,0.00982260424643755
FR014150,0,0.011181884445250034
FR011678,0,0.007909521460533142
FR001894,1,0.021454477682709694
FR019274,0,0.01721409149467945
FR011085,0,0.004737526644021273
FR009174,0,0.017175573855638504
FR009803,0,0.016081538051366806
FR000991,0,0.021393802016973495
FR000511,1,0.010923728346824646
FR011562,0,0.008325961418449879
FR010200,0,0.007064447272568941
FR013530,0,0.009403510950505733
FR005492,0,0.021244332194328308
FR011456,0,0.006294442806392908
FR009618,0,0.006468180101364851
FR009900,0,0.11136044561862946
FR004931,0,0.04039790481328964
FR015553,0,0.004648246336728334
FR014048,0,0.011248643510043621
FR010026,0,0.03757607191801071
FR019876,0,0.006470015272498131
FR000354,0,0.014573125168681145
FR003577,0,0.004957185592502356
FR013230,0,0.005224532913416624
FR002979,0,0.004416551440954208
FR017665,0,0.007286221720278263
FR012031,0,0.004178889095783234
FR019552,0,0.023110337555408478
FR013884,0,0.005364667624235153
FR015097,0,0.006271560210734606
FR018603,0,0.0037391965743154287
FR015505,0,0.004520680755376816
FR003274,0,0.004620594438165426
FR001928,0,0.004263855051249266
FR000578,0,0.5943616628646851
FR005917,0,0.004627362824976444
FR008406,0,0.017626149579882622
FR006520,0,0.005433592479676008
FR002960,0,0.006479576695710421
FR003046,0,0.008395175449550152
FR004324,0,0.005318997427821159
FR006477,0,0.0034341702703386545
FR018448,0,0.024336840957403183
FR019442,0,0.005689205136150122
FR004215,0,0.01876227743923664
FR003175,0,0.022092202678322792
FR016184,0,0.005219120532274246
FR018257,0,0.016107015311717987
FR018281,0,0.00693812919780612
FR013975,0,0.0043954551219940186
FR005601,0,0.024395257234573364
FR018381,0,0.011153854429721832
FR006847,0,0.014985572546720505
FR005356,0,0.013818087987601757
FR008306,0,0.0233109463006258
FR019422,0,0.02579180710017681
FR012915,0,0.013270084746181965
FR009541,0,0.007116113789379597
FR012961,0,0.005527626257389784
FR000660,0,0.0038402790669351816
FR017979,0,0.004146497696638107
FR007442,0,0.019464081153273582
FR001364,0,0.011199628934264183
FR019336,0,0.005025086924433708
FR013315,0,0.012923453003168106
FR004064,0,0.0075918203219771385
FR018885,0,0.003308467334136367
FR002695,0,0.021163662895560265
FR005281,0,0.003298715688288212
FR003647,0,0.005076399073004723
FR018436,0,0.004776287358254194
FR013251,0,0.011210893280804157
FR008301,0,0.00553828664124012
FR014450,0,0.015583793632686138
FR016321,0,0.015081572346389294
FR018931,0,0.005744368769228458
FR011395,0,0.006828027777373791
FR015221,0,0.005848443601280451
FR004797,0,0.02538728155195713
FR012769,0,0.00954415649175644
FR009330,0,0.008256715722382069
FR006349,0,0.012020583264529705
FR013734,0,0.010115069337189198
FR007380,0,0.04571724683046341
FR013968,1,0.07003454864025116
FR001126,0,0.0050576250068843365
FR007925,0,0.010801469907164574
FR016190,0,0.007376864552497864
FR006156,0,0.020148685202002525
FR001672,0,0.007825582288205624
FR012880,0,0.0084166144952178
FR011075,0,0.010134280659258366
FR006577,0,0.006421755999326706
FR012409,0,0.02710968628525734
FR004255,0,0.005557604134082794
FR008269,0,0.01635485701262951
FR010497,0,0.00902573298662901
FR003284,0,0.01676332764327526
FR017942,0,0.008120398037135601
FR014962,0,0.01038634404540062
FR013714,0,0.007417270913720131
FR010597,0,0.007365093566477299
FR004048,0,0.028688577935099602
FR000013,0,0.016021424904465675
FR011994,0,0.006033539772033691
FR008492,0,0.038345422595739365
FR011952,0,0.007707982789725065
FR014762,0,0.0936264619231224
FR003737,0,0.00322790932841599
FR012801,0,0.025608353316783905
FR000974,0,0.008958878926932812
FR019238,0,0.003548283129930496
FR005679,0,0.005775419995188713
FR013566,0,0.004481076262891293
FR013804,0,0.007372941821813583
FR009529,0,0.003777017118409276
FR005500,0,0.0037386477924883366
FR012294,0,0.2467368245124817
FR011194,0,0.01228233054280281
FR004700,0,0.0059390589594841
FR009661,0,0.004248220473527908
FR010311,0,0.004185887984931469
FR019439,0,0.0050364527851343155
FR006542,0,0.024973798543214798
FR016065,0,0.05512244626879692
FR003233,0,0.013947248458862305
FR017202,0,0.0034410881344228983
FR013651,0,0.012304436415433884
FR015561,0,0.013586597517132759
FR010510,1,0.5304275751113892
FR002541,0,0.020488353446125984
FR009079,0,0.01925792172551155
FR006821,0,0.00638650543987751
FR016472,0,0.0044158934615552425
FR000832,0,0.006271819118410349
FR013171,0,0.01284710131585598
FR011121,0,0.007347506005316973
FR001043,0,0.011167668737471104
FR004925,0,0.008632495068013668
FR014824,0,0.00391203910112381
FR008490,0,0.005404059775173664
FR002836,0,0.0038795259315520525
FR013824,0,0.007754410617053509
FR001779,0,0.005147084593772888
FR009531,0,0.009660343639552593
FR018049,0,0.025915995240211487
FR006054,0,0.00505949929356575
FR005076,0,0.003925220109522343
FR002594,0,0.007648240774869919
FR011599,0,0.003990069963037968
FR007851,0,0.03858577087521553
FR017049,0,0.0031648369040340185
FR005947,0,0.0041761239990592
FR007042,0,0.005333419423550367
FR016871,0,0.00823968555778265
FR002343,0,0.004511617124080658
FR006459,0,0.010418863967061043
FR000409,0,0.008049843832850456
FR008501,0,0.007903099060058594
FR002879,0,0.011835518293082714
FR001967,0,0.01159375999122858
FR002705,0,0.006876892875880003
FR004219,0,0.011589963920414448
FR010573,0,0.0028175455518066883
FR004126,0,0.0062962924130260944
FR017819,0,0.010667799040675163
FR011580,0,0.003217109711840749
FR013420,0,0.048986781388521194
FR013445,0,0.0345405749976635
FR010851,0,0.004409908317029476
FR012761,0,0.05757700279355049
FR003702,0,0.03317538648843765
FR013360,0,0.0091232405975461
FR017775,0,0.0050776926800608635
FR002497,0,0.005628415383398533
FR005436,0,0.0036182303447276354
FR004018,0,0.015253599733114243
FR018897,0,0.006973945535719395
FR015779,0,0.018987227231264114
FR007500,0,0.010776995681226254
FR005147,0,0.01238097995519638
FR001348,0,0.004222479183226824
FR009029,0,0.014636864885687828
FR006068,0,0.016736892983317375
FR019699,0,0.013673371635377407
FR012019,0,0.016024237498641014
FR010149,0,0.06269113719463348
FR016422,0,0.034316759556531906
FR012065,0,0.009150943718850613
FR015748,0,0.014224831946194172
FR012874,0,0.011023578234016895
FR017693,0,0.006128348875790834
FR015974,0,0.05482104793190956
FR012502,0,0.011615976691246033
FR006173,0,0.00462148105725646
FR018339,0,0.0170772485435009
FR003623,0,0.02343866042792797
FR013021,0,0.030652083456516266
FR006219,0,0.025597959756851196
FR000754,0,0.07924201339483261
FR011420,0,0.006449299864470959
FR002035,0,0.0059616705402731895
FR005653,0,0.006513192784041166
FR017632,0,0.007379553746432066
FR000525,0,0.005736952647566795
FR002672,0,0.01935633271932602
FR017373,0,0.005613918881863356
FR017087,0,0.010479998774826527
FR003263,0,0.004161374643445015
FR000046,0,0.005170205142349005
FR019008,0,0.016976816579699516
FR003135,0,0.011106662452220917
FR005389,0,0.0053737047128379345
FR011993,0,0.004438151605427265
FR010916,0,0.011024280451238155
FR014590,0,0.027420759201049805
FR017512,0,0.005410501733422279
FR013214,0,0.012148612178862095
FR015629,0,0.008055404759943485
FR010725,0,0.02829199656844139
FR008247,0,0.004817633423954248
FR016671,0,0.007661486975848675
FR003271,0,0.0038748423103243113
FR016724,0,0.02016904205083847
FR007207,0,0.008011250756680965
FR010171,0,0.00640178844332695
FR002891,0,0.006994048599153757
FR006020,0,0.005180572625249624
FR019646,0,0.015142563730478287
FR009589,0,0.010542726144194603
FR019014,0,0.004655152093619108
FR000370,0,0.021911514922976494
FR002478,0,0.053208645433187485
FR001599,0,0.030659012496471405
FR012960,0,0.007088661193847656
FR003505,0,0.0061761001124978065
FR002549,0,0.0052246470004320145
FR008829,0,0.003960452973842621
FR003710,0,0.02011915110051632
FR015419,0,0.0077963960357010365
FR000098,0,0.015115998685359955
FR001613,0,0.015646491199731827
FR010630,0,0.028164882212877274
FR001831,0,0.0071007367223501205
FR004248,0,0.013776523992419243
FR015366,0,0.007755298167467117
FR013137,0,0.017015455290675163
FR008350,0,0.050234582275152206
FR006030,0,0.005948713980615139
FR011289,0,0.004848199430853128
FR013209,0,0.006333472672849894
FR003094,0,0.008206591941416264
FR016301,0,0.004929353948682547
FR018027,0,0.0062866308726370335
FR007649,0,0.01007596030831337
FR001726,0,0.006063186563551426
FR006884,0,0.00821597408503294
FR016854,0,0.018944496288895607
FR006977,1,0.023458335548639297
FR014533,0,0.014377152547240257
FR002572,0,0.008923212997615337
FR015768,0,0.030043307691812515
FR006319,0,0.004671381786465645
FR000810,0,0.00670688645914197
FR009182,0,0.008859426714479923
FR012222,0,0.010458031669259071
FR004222,0,0.048105623573064804
FR015515,0,0.010359055362641811
FR002713,0,0.004658040590584278
FR014276,0,0.007800827734172344
FR015739,0,0.004567507654428482
FR014595,0,0.014934838749468327
FR003658,0,0.007014212664216757
FR002731,0,0.004743270110338926
FR015705,0,0.006559691857546568
FR017646,0,0.008031724952161312
FR003661,0,0.004615156911313534
FR001507,0,0.01827831380069256
FR018818,0,0.04616480693221092
FR016657,0,0.005273076239973307
FR012158,0,0.008002642542123795
FR008826,0,0.0069584231823682785
FR007181,0,0.010682277381420135
FR002397,0,0.004225467797368765
FR019486,0,0.01068242359906435
FR010676,0,0.009700195863842964
FR018017,0,0.011597881093621254
FR008937,0,0.01535989623516798
FR006074,0,0.0038404709193855524
FR008384,0,0.0111373420804739
FR010741,0,0.027011185884475708
FR014561,0,0.0043312860652804375
FR014439,0,0.011616945266723633
FR010626,0,0.004214323125779629
FR008424,0,0.006549712736159563
FR002496,0,0.008513061329722404
FR002728,0,0.016406578943133354
FR003260,0,0.011215677484869957
FR014023,0,0.006759294308722019
FR018351,0,0.007008034735918045
FR010521,0,0.03708900511264801
FR005004,0,0.007083202712237835
FR005706,0,0.007147467229515314
FR004305,0,0.0808461457490921
FR006736,0,0.021681057289242744
FR000981,0,0.004011482000350952
FR000304,1,0.008532773703336716
FR006124,0,0.004409925080835819
FR005432,0,0.030804021283984184
FR018809,0,0.007385382428765297
FR007041,0,0.005327309016138315
FR016240,0,0.0055212341248989105
FR010179,0,0.004408486653119326
FR012794,0,0.003173875855281949
FR012634,0,0.01677989587187767
FR016930,0,0.014153137803077698
FR014067,1,0.03849652037024498
FR017891,0,0.004085078835487366
FR010810,0,0.023086069151759148
FR000132,0,0.007636119145900011
FR015402,0,0.0075867027044296265
FR002580,0,0.009848865680396557
FR006448,0,0.008879072964191437
FR008595,0,0.015585329383611679
FR014350,0,0.01384530309587717
FR000386,1,0.03661279380321503
FR015775,0,0.008397180587053299
FR012779,0,0.007497855927795172
FR015347,0,0.00680966954678297
FR006935,0,0.005196179263293743
FR003678,0,0.005869170650839806
FR017685,0,0.008119200356304646
FR009834,0,0.0036247875541448593
FR010838,0,0.01473232265561819
FR019751,0,0.003267825348302722
FR013058,0,0.010949316434562206
FR011270,0,0.0035238838754594326
FR004487,0,0.05927792564034462
FR002624,0,0.005298126954585314
FR001076,0,0.023356864228844643
FR015673,0,0.004741643089801073
FR012038,0,0.008432156406342983
FR004261,0,0.011426879093050957
FR005568,0,0.012410616502165794
FR006566,0,0.00497467303648591
FR011774,0,0.20936556160449982
FR017500,0,0.07673750072717667
FR002131,0,0.0032158102840185165
FR010191,0,0.03653859347105026
FR003033,0,0.007268965244293213
FR015487,0,0.006234930362552404
FR002231,0,0.011173061095178127
FR005387,0,0.004200442228466272
FR013475,0,0.007623027544468641
FR013507,0,0.008816679008305073
FR000415,0,0.009087416343390942
FR010372,0,0.007957687601447105
FR000432,0,0.005551712121814489
FR005832,0,0.004829249810427427
FR002464,0,0.014124883338809013
FR003753,0,0.005966459400951862
FR011070,0,0.007944184355437756
FR017002,0,0.005841478239744902
FR016205,0,0.01487513817846775
FR004237,0,0.0063837612979114056
FR000030,0,0.04615425691008568
FR005507,0,0.00584973581135273
FR002644,0,0.0038688178174197674
FR002502,0,0.010766569525003433
FR004177,0,0.00752227334305644
FR010842,0,0.015190810896456242
FR003898,0,0.016822777688503265
FR015025,0,0.006873832084238529
FR015268,0,0.0035344166681170464
FR013304,0,0.01942567713558674
FR000318,0,0.0039222571067512035
FR006182,0,0.014307794161140919
FR005461,0,0.0226894598454237
FR011667,0,0.008254772052168846
FR000438,0,0.019030138850212097
FR017857,0,0.01181907206773758
FR006333,0,0.003383750794455409
FR009479,0,0.004087753128260374
FR007876,0,0.04080193117260933
FR003547,0,0.004521931987255812
FR006454,0,0.004790988750755787
FR011250,0,0.01211604755371809
FR012701,0,0.01790623925626278
FR006684,0,0.01743418350815773
FR014004,0,0.013799005188047886
FR010750,0,0.0177441518753767
FR007868,0,0.004061477724462748
FR019649,0,0.007557101547718048
FR016643,0,0.0025810417719185352
FR008865,0,0.004434064030647278
FR014806,0,0.00428416021168232
FR004970,0,0.01568535901606083
FR005319,0,0.021405300125479698
FR016580,0,0.00467922817915678
FR018502,0,0.024667097255587578
FR010799,0,0.026595767587423325
FR011738,0,0.003483872627839446
FR007778,0,0.018292952328920364
FR017615,0,0.015229865908622742
FR014677,0,0.014223862439393997
FR013754,0,0.007417165674269199
FR019102,0,0.010507012717425823
FR005609,0,0.004666714929044247
FR005786,0,0.007823620922863483
FR013930,0,0.017331082373857498
FR000251,0,0.006248171906918287
FR017493,0,0.006871700752526522
FR011729,0,0.004164313897490501
FR016717,0,0.009984050877392292
FR004247,0,0.020130109041929245
FR011396,0,0.01058205496519804
FR015411,0,0.004696051590144634
FR014576,0,0.006574721075594425
FR000795,0,0.007362200878560543
FR015817,0,0.006691646762192249
FR009484,0,0.006633605342358351
FR007872,0,0.0034876244608312845
FR013342,0,0.013011001981794834
FR003408,0,0.04898753762245178
FR006016,0,0.015003723092377186
FR001391,0,0.05631282553076744
FR006959,0,0.005526981316506863
FR011964,0,0.00834709033370018
FR002757,0,0.005095931701362133
FR004473,0,0.08054959028959274
FR005409,0,0.009258521720767021
FR001774,0,0.007512703072279692
FR002197,0,0.134434774518013
FR002676,0,0.00960079301148653
FR019140,0,0.017903119325637817
FR004110,0,0.004972369875758886
FR016227,0,0.004875868558883667
FR000711,0,0.030563514679670334
FR001041,0,0.00743722403421998
FR010882,0,0.004424354061484337
FR005728,0,0.0076463730074465275
FR018521,0,0.003607371589168906
FR014447,0,0.01118377223610878
FR003163,0,0.0431608110666275
FR005794,0,0.013731873594224453
FR010401,0,0.003940287046134472
FR016144,1,0.0065009333193302155
FR003335,0,0.011443491093814373
FR018317,0,0.025123659521341324
FR001294,0,0.008019126020371914
FR002341,0,0.005465948022902012
FR017078,0,0.0084557319059968
FR018481,0,0.005619482137262821
FR008408,0,0.005426433868706226
FR004028,0,0.0053449287079274654
FR003527,0,0.010585805401206017
FR001072,0,0.004354039207100868
FR010079,0,0.014021288603544235
FR015294,0,0.014703910797834396
FR004741,0,0.003240779275074601
FR005789,0,0.004552069120109081
FR005427,0,0.008940168656408787
FR018699,0,0.0035206133034080267
FR004562,0,0.0061492896638810635
FR005540,0,0.005793873220682144
FR011556,0,0.0033774131443351507
FR019841,0,0.0034208146389573812
FR012576,0,0.008113449439406395
FR016839,0,0.007249797228723764
FR011345,0,0.010073264129459858
FR010479,0,0.00478538079187274
FR001566,0,0.0029844033997505903
FR000773,0,0.010771851986646652
FR006707,0,0.005320190917700529
FR010517,0,0.003633911022916436
FR018051,0,0.010407179594039917
FR001859,0,0.004678519442677498
FR017165,0,0.004805369768291712
FR019760,0,0.031073544174432755
FR014913,0,0.006063381675630808
FR018038,0,0.008263086900115013
FR015285,0,0.04346335679292679
FR001380,0,0.01293292734771967
FR007434,0,0.006808037403970957
FR010523,0,0.020041268318891525
FR009936,0,0.019000794738531113
FR011248,0,0.013498681597411633
FR008883,0,0.017626265063881874
FR015474,0,0.006151475943624973
FR008971,0,0.002963586710393429
FR003957,0,0.006261960603296757
FR011333,0,0.019546447321772575
FR010344,0,0.008921104483306408
FR014408,0,0.010656582191586494
FR001274,0,0.0037753775250166655
FR001044,0,0.759843647480011
FR015808,0,0.008142977952957153
FR012039,0,0.010978628881275654
FR012227,0,0.006503194570541382
FR015534,0,0.004224765580147505
FR003910,0,0.008037175051867962
FR009166,0,0.00815117359161377
FR019727,0,0.004512597806751728
FR011998,0,0.009611263871192932
FR006675,0,0.014832825399935246
FR012055,0,0.00592655036598444
FR007802,0,0.005176770035177469
FR012072,0,0.005520592909306288
FR012144,0,0.006683262065052986
FR004243,0,0.010720820166170597
FR002534,0,0.006607203744351864
FR003277,0,0.006531348451972008
FR001137,0,0.046829789876937866
FR018253,0,0.010176918469369411
FR009828,0,0.009051191620528698
FR015544,0,0.007292867172509432
FR008910,0,0.005201014690101147
FR005686,0,0.004457706585526466
FR014499,0,0.007677469402551651
FR017187,0,0.01314715575426817
FR003297,0,0.0254962295293808
FR001252,0,0.005195836536586285
FR008542,0,0.02699383534491062
FR005373,0,0.008299239911139011
FR005226,0,0.030281873419880867
FR010845,0,0.0072096483781933784
FR012912,0,0.009839826263487339
FR009409,0,0.007140422239899635
FR007903,0,0.00500086322426796
FR009056,0,0.007009736727923155
FR013229,0,0.038790758699178696
FR003585,0,0.007838166318833828
FR016386,0,0.0073465220630168915
FR012952,0,0.008723655715584755
FR001543,0,0.008365432731807232
FR009229,0,0.019583074375987053
FR008988,0,0.007812521420419216
FR006386,0,0.011019212193787098
FR016252,0,0.0056642224080860615
FR019702,0,0.00902963150292635
FR002693,0,0.003980976529419422
FR002298,0,0.014269894920289516
FR017152,0,0.005940173752605915
FR019184,0,0.00897335633635521
FR006833,0,0.01957346498966217
FR017473,0,0.007058700080960989
FR016310,0,0.004243615549057722
FR004622,0,0.005151965655386448
FR012683,0,0.005766517017036676
FR004900,0,0.004468356724828482
FR010362,0,0.00265501718968153
FR008304,0,0.0038080180529505014
FR004468,0,0.015996292233467102
FR019564,0,0.008034746162593365
FR007017,0,0.010750050656497478
FR000088,0,0.003346065292134881
FR011312,0,0.004133697133511305
FR000682,0,0.005387743003666401
FR014186,0,0.0040450566448271275
FR000086,0,0.009735524654388428
FR013366,0,0.01108560711145401
FR007143,0,0.003958568442612886
FR001970,0,0.004306530114263296
FR010890,0,0.008638360537588596
FR004194,0,0.006606809329241514
FR011999,0,0.09019896388053894
FR010287,0,0.0071367924101650715
FR003030,0,0.007098780479282141
FR016783,0,0.008025196380913258
FR013915,0,0.008287047035992146
FR000276,0,0.02107078768312931
FR016363,0,0.005963442847132683
FR004224,0,0.017519788816571236
FR013683,0,0.008005671203136444
FR009506,0,0.0047166431322693825
FR011607,0,0.0057043274864554405
FR011279,0,0.021476127207279205
FR005984,0,0.022467084228992462
FR009448,0,0.029792865738272667
FR012143,0,0.01325709093362093
FR005571,0,0.0236533023416996
FR005996,0,0.00715026305988431
FR006653,0,0.011602993123233318
FR016911,0,0.0023461428936570883
FR010329,0,0.0061963689513504505
FR009710,0,0.007235506549477577
FR011354,0,0.07399272918701172
FR000552,0,0.005090543534606695
FR018878,0,0.005101630464196205
FR014783,0,0.03171433508396149
FR010625,0,0.007221648003906012
FR009146,0,0.014902408234775066
FR012552,0,0.009642268531024456
FR008859,0,0.010057731531560421
FR015976,0,0.006763863377273083
FR014051,0,0.004010091535747051
FR006531,0,0.007439896464347839
FR001604,0,0.009382516145706177
FR013626,0,0.03623587265610695
FR005585,0,0.008103306405246258
FR015919,0,0.006350161973387003
FR005456,0,0.007993229664862156
FR000616,0,0.0657849833369255
FR017018,0,0.007863426581025124
FR005994,0,0.006726703140884638
FR009739,0,0.011850227601826191
FR006738,1,0.033368829637765884
FR000863,0,0.04000120982527733
FR006107,0,0.011834999546408653
FR017390,0,0.007802462205290794
FR012445,0,0.015298709273338318
FR011161,0,0.015566582791507244
FR012332,0,0.010155857540667057
FR000452,0,0.011461490765213966
FR017112,0,0.009477414190769196
FR002902,0,0.004118242301046848
FR005286,0,0.0049448758363723755
FR008827,0,0.01026998832821846
FR000643,0,0.007362835109233856
FR004252,0,0.010683667846024036
FR000646,0,0.007028551772236824
FR011300,0,0.005846780259162188
FR013250,0,0.003608746686950326
FR016403,0,0.027235573157668114
FR016803,0,0.004835241474211216
FR010273,0,0.0063128480687737465
FR004541,0,0.007308850530534983
FR014412,0,0.004155085422098637
FR018802,0,0.03571828454732895
FR014090,0,0.006755399517714977
FR001314,0,0.015868987888097763
FR003672,0,0.006485863588750362
FR006817,0,0.004199325572699308
FR002915,0,0.027404258027672768
FR017818,0,0.01297227293252945
FR005403,0,0.021922115236520767
FR007604,0,0.010708775371313095
FR015051,0,0.010496284812688828
FR000080,0,0.009259208105504513
FR002793,0,0.008044971153140068
FR015523,0,0.003704119473695755
FR004822,0,0.010901293717324734
FR014425,0,0.0035315523855388165
FR012861,0,0.03881901130080223
FR010910,0,0.0040316772647202015
FR000158,1,0.4232804775238037
FR005470,0,0.0066459402441978455
FR006367,0,0.02102339267730713
FR018493,0,0.011735460720956326
FR016994,0,0.05244293808937073
FR018273,1,0.026556847617030144
FR016414,0,0.07258368283510208
FR004338,0,0.014176617376506329
FR011082,0,0.004360046703368425
FR002300,0,0.0147348428145051
FR019027,0,0.008659932762384415
FR016618,0,0.005130430217832327
FR014964,0,0.020276740193367004
FR007982,0,0.02564908191561699
FR018627,0,0.03502501919865608
FR001999,0,0.0032879547215998173
FR011398,0,0.025758560746908188
FR010402,0,0.00757249491289258
FR005314,0,0.005223325919359922
FR016371,0,0.005561387166380882
FR013392,0,0.01413723360747099
FR001698,0,0.004472346045076847
FR000587,0,0.00993423257023096
FR013733,0,0.011711081489920616
FR006293,0,0.00612773047760129
FR015720,0,0.022767895832657814
FR003427,0,0.004163506906479597
FR009643,0,0.008906298317015171
FR016895,0,0.005872457753866911
FR015102,0,0.040333300828933716
FR014544,0,0.005125435534864664
FR009761,0,0.011753857135772705
FR008981,0,0.0034386594779789448
FR013667,0,0.0046005165204405785
FR000771,0,0.019657382741570473
FR004174,0,0.003849107539281249
FR006511,0,0.009495449252426624
FR009532,0,0.03988940268754959
FR000973,0,0.006665577180683613
FR007623,0,0.070514015853405
FR015265,0,0.0033161507453769445
FR011167,0,0.005298360250890255
FR004696,0,0.006188422441482544
FR013017,0,0.004729989916086197
FR013834,0,0.005193613935261965
FR011561,0,0.007120693568140268
FR009550,0,0.04391889274120331
FR006784,0,0.008430992253124714
FR012268,0,0.004246899392455816
FR009384,0,0.0046629467979073524
FR009003,0,0.004240475594997406
FR002670,0,0.008175701834261417
FR017990,0,0.01618022844195366
FR011852,0,0.010737117379903793
FR012650,0,0.01259692944586277
FR012646,0,0.024944312870502472
FR005730,0,0.006650437135249376
FR019728,0,0.020405994728207588
FR011418,0,0.006243495736271143
FR003526,0,0.004731945227831602
FR007236,0,0.005992993712425232
FR015532,0,0.026652364060282707
FR007414,0,0.004245661199092865
FR005707,0,0.1335257887840271
FR005517,0,0.009885006584227085
FR015288,0,0.006388556677848101
FR007278,0,0.6185830235481262
FR011199,0,0.013319017365574837
FR019155,0,0.004409338813275099
FR000089,0,0.0036059445701539516
FR000687,0,0.005472229328006506
FR003302,0,0.005156021565198898
FR004667,0,0.03801841661334038
FR005247,0,0.005881547927856445
FR004493,0,0.008324441500008106
FR019984,0,0.08287058770656586
FR004180,0,0.00300229131244123
FR012998,0,0.006420687772333622
FR004359,0,0.05344275385141373
FR006724,0,0.00966657791286707
FR000856,0,0.016071347519755363
FR008234,0,0.005121379159390926
FR003711,0,0.006429851055145264
FR005380,0,0.005709923338145018
FR012574,0,0.0050682127475738525
FR001529,0,0.008863179013133049
FR011238,1,0.4576007127761841
FR000949,0,0.008610083721578121
FR010228,0,0.005411946214735508
FR011287,0,0.006517536006867886
FR005174,0,0.028048451989889145
FR015338,0,0.004096834920346737
FR000861,0,0.005031291861087084
FR019973,0,0.015657518059015274
FR010069,0,0.00798245333135128
FR005852,0,0.01256703119724989
FR008455,1,0.008322300389409065
FR006861,0,0.0064414553344249725
FR014865,0,0.00895553920418024
FR010986,0,0.004625808447599411
FR007085,0,0.04939891770482063
FR019809,0,0.01902318000793457
FR011387,0,0.00983064528554678
FR001021,0,0.06199212744832039
FR003338,0,0.019582467153668404
FR018904,0,0.010405205190181732
FR012501,0,0.016778558492660522
FR007570,0,0.006325243506580591
FR010763,0,0.007568776607513428
FR004803,0,0.12988236546516418
FR008507,0,0.009400379844009876
FR010870,0,0.015442217700183392
FR019294,0,0.004843490198254585
FR003870,0,0.01230564247816801
FR006763,0,0.014299317263066769
FR017159,0,0.007276005577296019
FR006311,0,0.008459934964776039
FR014200,0,0.0023325178772211075
FR013240,0,0.016080934554338455
FR001049,0,0.018035922199487686
FR010681,0,0.0329635888338089
FR014903,0,0.010620106011629105
FR005177,0,0.013394203968346119
FR016337,0,0.0069848718121647835
FR003529,0,0.004433066584169865
FR013128,1,0.008058663457632065
FR003012,0,0.008323028683662415
FR008528,0,0.006968855392187834
FR015864,0,0.014722421765327454
FR010117,0,0.004806254990398884
FR006009,0,0.007829952985048294
FR017770,0,0.0037390084471553564
FR018156,0,0.004024931695312262
FR008710,0,0.004634803626686335
FR007454,0,0.008576277643442154
FR008814,0,0.014575069770216942
FR001776,0,0.009667536243796349
FR001754,0,0.009087665006518364
FR002875,0,0.007364221848547459
FR014179,0,0.01884445920586586
FR005701,0,0.015353665687143803
FR007503,0,0.007408664096146822
FR006423,0,0.006132292095571756
FR002155,0,0.031311772763729095
FR017721,0,0.011526057496666908
FR015926,0,0.008111796341836452
FR009001,0,0.02314193919301033
FR013746,0,0.004558101296424866
FR009433,0,0.009780961088836193
FR014148,0,0.02355079911649227
FR012917,0,0.011695749126374722
FR013933,0,0.01136177871376276
FR017946,0,0.0107813635841012
FR013005,0,0.008864929899573326
FR001927,0,0.01063920184969902
FR001673,0,0.04059099778532982
FR009101,0,0.014444777742028236
FR010473,0,0.007359890732914209
FR017248,0,0.022311482578516006
FR017899,0,0.004771330393850803
FR012154,0,0.019184699282050133
FR011138,0,0.010530720464885235
FR003955,0,0.00857672281563282
FR019382,0,0.004325053654611111
FR001963,0,0.12753354012966156
FR002255,0,0.011085759848356247
FR007412,0,0.00657021626830101
FR010714,0,0.03558890148997307
FR019421,0,0.005714887753129005
FR009882,0,0.005539234261959791
FR014729,0,0.0059530241414904594
FR008177,0,0.013168268837034702
FR013891,0,0.0029408365953713655
FR004429,0,0.009995940141379833
FR007597,0,0.014133605174720287
FR010443,0,0.008628007024526596
FR011881,0,0.005133234430104494
FR007031,0,0.0043869162909686565
FR014912,0,0.020081352442502975
FR000335,0,0.008924794383347034
FR003359,0,0.0067260595969855785
FR005538,0,0.005140549968928099
FR016136,0,0.007710270117968321
FR005729,1,0.13406454026699066
FR013279,0,0.0038249469362199306
FR003255,0,0.0043310862965881824
FR007624,0,0.00828777626156807
FR018266,0,0.017872409895062447
FR000361,0,0.00777494627982378
FR016192,1,0.18378867208957672
FR006274,0,0.010829394683241844
FR000433,0,0.004320971202105284
FR005352,0,0.010244090110063553
FR011581,0,0.009299159981310368
FR007583,0,0.006381045561283827
FR004356,0,0.007678824011236429
FR008813,0,0.011282009072601795
FR009423,0,0.009885253384709358
FR016172,0,0.008005867712199688
FR000429,0,0.004588023759424686
FR001714,0,0.005468548741191626
FR008206,0,0.024403279647231102
FR014855,0,0.04025987163186073
FR010483,0,0.00918477214872837
FR019608,0,0.007583852857351303
FR002064,0,0.0064694760367274284
FR013012,0,0.0040703946724534035
FR018286,0,0.01085831318050623
FR008929,0,0.04341159388422966
FR004884,0,0.008284876123070717
FR019477,0,0.02502499148249626
FR003193,0,0.009192999452352524
FR005591,0,0.00622586952522397
FR011661,0,0.004978619050234556
FR001891,0,0.005738712381571531
FR017292,0,0.007611176930367947
FR004665,0,0.006370122544467449
FR014235,0,0.0034504069481045008
FR000475,0,0.005610153544694185
FR017289,0,0.004144908860325813
FR009196,0,0.009700942784547806
FR012655,0,0.002367305103689432
FR017402,0,0.0045911106280982494
FR012546,0,0.010563837364315987
FR012635,0,0.008281867951154709
FR007662,0,0.02686154656112194
FR008273,0,0.0055955867283046246
FR000256,0,0.015754645690321922
FR015452,0,0.005175773054361343
FR014221,0,0.007810081355273724
FR001045,0,0.03221685439348221
FR003981,0,0.03663155436515808
FR015033,0,0.006762371398508549
FR016614,0,0.0041997903026640415
FR013051,0,0.01371206808835268
FR004872,0,0.004260477609932423
FR017062,0,0.008303659968078136
FR016484,0,0.219991996884346
FR016972,0,0.003605819074437022
FR019788,0,0.012559063732624054
FR018518,0,0.023219889029860497
FR019874,0,0.011915701441466808
FR001310,0,0.03154880553483963
FR017079,0,0.00995699129998684
FR009939,0,0.0039780354127287865
FR018655,0,0.0051314448937773705
FR002158,0,0.004274653270840645
FR006229,0,0.004682847298681736
FR016170,0,0.007252069190144539
FR014628,0,0.005659887101501226
FR007010,0,0.05103551596403122
FR000998,0,0.011242768727242947
FR019201,0,0.01340351440012455
FR004662,0,0.005838070530444384
FR016231,0,0.009360252879559994
FR011232,0,0.01176699809730053
FR004233,0,0.003876886097714305
FR005051,0,0.0035985249560326338
FR012450,0,0.010620411485433578
FR003409,0,0.007039512041956186
FR011434,0,0.018273143097758293
FR005131,0,0.0070927198976278305
FR001787,0,0.003868507221341133
FR001219,0,0.005243207328021526
FR013845,0,0.010703382082283497
FR001065,0,0.010640737600624561
FR019930,0,0.01255334634333849
FR017831,0,0.003736181417480111
FR007314,0,0.005643968936055899
FR015984,0,0.007142018061131239
FR017508,0,0.009924585931003094
FR015327,0,0.00841921754181385
FR011523,0,0.004720483906567097
FR001138,0,0.004216700792312622
FR018713,0,0.008669189177453518
FR019048,0,0.007121125236153603
FR006615,0,0.005148532334715128
FR010114,0,0.004894459620118141
FR002178,0,0.007079775910824537
FR000928,0,0.004366428591310978
FR001820,0,0.021264152601361275
FR011970,0,0.00890077743679285
FR003650,0,0.006368272937834263
FR003557,1,0.01030190009623766
FR002491,0,0.009137170389294624
FR016640,0,0.008041970431804657
FR005317,0,0.010684354230761528
FR000477,0,0.01339460164308548
FR003014,0,0.010902096517384052
FR016909,0,0.01720513217151165
FR005867,0,0.005890359170734882
FR018615,0,0.007147345691919327
FR012561,0,0.01200156006962061
FR012239,0,0.00480559840798378
FR017410,0,0.005605845712125301
FR009867,0,0.012019428424537182
FR004270,0,0.002544896909967065
FR015863,0,0.010670371353626251
FR001056,0,0.02964487485587597
FR013419,0,0.016812054440379143
FR013737,0,0.019923485815525055
FR014481,0,0.017384637147188187
FR002382,0,0.017633557319641113
FR014585,0,0.008690043352544308
FR003516,0,0.011446102522313595
FR007288,0,0.007895722053945065
FR019305,0,0.015313126146793365
FR004952,0,0.014857695437967777
FR004687,0,0.007540593389421701
FR001993,0,0.0036117620766162872
FR008712,0,0.005625496618449688
FR007997,0,0.012545187026262283
FR003536,0,0.004715812858194113
FR001161,0,0.015492092818021774
FR001047,0,0.07324174791574478
FR005913,0,0.0038775380235165358
FR018893,0,0.005628418177366257
FR011381,0,0.044278521090745926
FR004420,0,0.006130768917500973
FR008353,0,0.007835526019334793
FR009870,0,0.009907985106110573
FR005788,0,0.017992498353123665
FR004141,0,0.028926221653819084
FR004328,0,0.00556914834305644
FR002009,0,0.02150268293917179
FR013167,0,0.01819148100912571
FR000050,0,0.036776069551706314
FR002165,0,0.0719328448176384
FR008667,0,0.01035524345934391
FR008599,0,0.007024762220680714
FR012170,0,0.006832372397184372
FR010549,0,0.03050449676811695
FR011007,0,0.006388911046087742
FR001836,0,0.012076986022293568
FR010449,0,0.034511543810367584
FR001234,0,0.004740986041724682
FR013600,0,0.02144966833293438
FR005109,0,0.0064452956430613995
FR019284,0,0.009474317543208599
FR000814,0,0.0034163910895586014
FR003655,0,0.02978374995291233
FR014584,0,0.004638009704649448
FR001630,0,0.008148733526468277
FR015845,1,0.00732855498790741
FR001815,0,0.0051702638156712055
FR015602,0,0.09919878840446472
FR008434,0,0.003007611259818077
FR011233,0,0.0028680749237537384
FR013928,0,0.009422870352864265
FR019402,0,0.004343951120972633
FR018636,0,0.0035177157260477543
FR009827,0,0.020459813997149467
FR000697,0,0.006618044339120388
FR011132,0,0.007574380375444889
FR011817,0,0.00834241509437561
FR015229,0,0.005299825686961412
FR004041,0,0.006721279118210077
FR017208,0,0.005444857757538557
FR012156,0,0.006148491054773331
FR007139,0,0.009944513440132141
FR003714,0,0.013211490586400032
FR014548,0,0.00607570493593812
FR012082,0,0.0062944223172962666
FR013761,0,0.011973964981734753
FR015085,0,0.006108616944402456
FR012056,0,0.0052637276239693165
FR008504,0,0.011252627708017826
FR019209,1,0.500392735004425
FR010011,0,0.01828697882592678
FR003096,0,0.005714825354516506
FR013372,0,0.004791107028722763
FR013451,0,0.03710414469242096
FR002406,0,0.004260689951479435
FR013325,0,0.009348641149699688
FR007051,0,0.01928645558655262
FR016712,0,0.007578973658382893
FR007525,0,0.004673497285693884
FR010777,0,0.008340572938323021
FR007264,0,0.009962435811758041
FR018673,0,0.004452666267752647
FR019886,0,0.005924210883677006
FR004469,0,0.09906423091888428
FR001959,0,0.005654291715472937
FR003190,0,0.0073974900878965855
FR003430,0,0.011341597884893417
FR008567,0,0.0708637535572052
FR009370,0,0.0036851242184638977
FR014832,0,0.04496561363339424
FR001953,0,0.009877202101051807
FR001731,0,0.003585029859095812
FR011081,0,0.030383579432964325
FR014905,0,0.004484536126255989
FR016538,0,0.021191980689764023
FR003643,0,0.01015636045485735
FR007862,0,0.007350699510425329
FR019782,0,0.004305763635784388
FR019451,0,0.007269715890288353
FR017042,0,0.0087041687220335
FR003171,0,0.03393447771668434
FR007482,0,0.013897561468183994
FR013897,0,0.00867757759988308
FR008059,0,0.022762825712561607
FR013402,0,0.0042274887673556805
FR004153,0,0.047963473945856094
FR011811,0,0.008605697192251682
FR002487,0,0.007172164041548967
FR010608,0,0.29348334670066833
FR013081,0,0.015665045008063316
FR013116,0,0.0060706245712935925
FR016408,0,0.006243584211915731
FR007883,0,0.004476723726838827
FR002547,0,0.0033051136415451765
FR016092,0,0.033271756023168564
FR007331,0,0.004708097781985998
FR010211,0,0.004985156934708357
FR003402,0,0.002875490579754114
FR000044,0,0.013333538547158241
FR014227,0,0.0061605810187757015
FR008670,0,0.004390264395624399
FR010044,0,0.008411036804318428
FR014084,0,0.009486542083323002
FR014911,0,0.008181340992450714
FR006239,0,0.01969803124666214
FR016193,0,0.004405373707413673
FR011283,0,0.018057219684123993
FR011544,0,0.009775065816938877
FR019925,0,0.05406695976853371
FR012457,0,0.006936749443411827
FR007984,0,0.007103214971721172
FR000206,0,0.005930301733314991
FR005169,0,0.08888520300388336
FR004199,0,0.012173088267445564
FR001052,0,0.008930101990699768
FR002216,0,0.028047731146216393
FR018066,0,0.027777254581451416
FR019308,0,0.005086367018520832
FR003899,0,0.005211609415709972
FR006438,0,0.03743297606706619
FR013358,0,0.005885391496121883
FR018793,0,0.00439225509762764
FR018464,0,0.03726105019450188
FR002031,0,0.018090123310685158
FR019154,0,0.009646044112741947
FR002855,0,0.0035989985335618258
FR009863,0,0.005895859561860561
FR007832,0,0.008714806288480759
FR016027,0,0.010216413997113705
FR019606,0,0.005299800541251898
FR010002,0,0.006394983269274235
FR006436,0,0.004024310503154993
FR009206,0,0.008697029203176498
FR015543,0,0.0050394549034535885
FR018632,0,0.012607681564986706
FR005584,0,0.005673497915267944
FR013373,0,0.0047386265359818935
FR007564,0,0.0070694927126169205
FR004298,0,0.011004199273884296
FR002671,0,0.009021447971463203
FR008969,0,0.02286200039088726
FR012586,0,0.004511621315032244
FR011451,0,0.018385624513030052
FR009654,0,0.010533662512898445
FR011714,0,0.003916902933269739
FR019698,0,0.012984611093997955
FR012015,1,0.012655549682676792
FR017691,0,0.004842651076614857
FR008473,0,0.008661639876663685
FR003355,0,0.01588386483490467
FR004790,0,0.0047250245697796345
FR010634,0,0.018855540081858635
FR015606,0,0.00870224367827177
FR000994,1,0.027621913701295853
FR017759,0,0.020014436915516853
FR003109,0,0.037965305149555206
FR018998,0,0.02396111562848091
FR012642,0,0.005402153357863426
FR004446,0,0.012385761365294456
FR010514,0,0.0038370301481336355
FR006164,0,0.004343386273831129
FR006184,0,0.009025122970342636
FR003447,0,0.031059060245752335
FR008509,0,0.015185796655714512
FR010134,0,0.013071252964437008
FR004139,0,0.009686139412224293
FR012870,0,0.005301075056195259
FR014015,0,0.0032816415186971426
FR010019,0,0.03953016921877861
FR009822,0,0.006455934140831232
FR005264,0,0.006100163795053959
FR012334,0,0.005160700064152479
FR005972,0,0.012405645102262497
FR011099,0,0.0062767695635557175
FR013282,0,0.01080478634685278
FR012863,0,0.02089523710310459
FR004853,0,0.018766220659017563
FR006158,0,0.010986444540321827
FR003170,0,0.010189024731516838
FR002568,0,0.00821422878652811
FR014927,0,0.014950941316783428
FR000917,0,0.01378957275301218
FR003805,0,0.01991460844874382
FR005117,0,0.0037815971300005913
FR004329,0,0.01239188201725483
FR003940,0,0.006380664650350809
FR008620,0,0.00449791643768549
FR014668,0,0.005770504474639893
FR011623,0,0.00608996395021677
FR014102,0,0.012942432425916195
FR006480,0,0.04238088056445122
FR002474,0,0.008941512554883957
FR016965,0,0.004691095557063818
FR018594,0,0.021301666274666786
FR005335,1,0.4998416304588318
FR012256,0,0.007360437884926796
FR001520,0,0.004462020937353373
FR017736,0,0.03576509654521942
FR006538,0,0.003891769563779235
FR007173,0,0.003544335253536701
FR016493,0,0.008966303430497646
FR018527,0,0.003137095831334591
FR000447,0,0.0966620072722435
FR004079,0,0.007584742736071348
FR002039,0,0.007902044802904129
FR013990,0,0.0035283840261399746
FR018399,0,0.007003237958997488
FR008072,0,0.00788162648677826
FR013000,0,0.0064936536364257336
FR019690,0,0.003063608892261982
FR005455,0,0.011202771216630936
FR004707,0,0.016837185248732567
FR006080,0,0.00396669702604413
FR013141,0,0.00493123522028327
FR011744,0,0.011997964233160019
FR011843,0,0.012355892919003963
FR001833,0,0.01752088963985443
FR007157,0,0.012276842258870602
FR001480,0,0.007273461204022169
FR013839,0,0.0036135450936853886
FR003369,0,0.06573337316513062
FR006630,0,0.006122293416410685
FR014959,0,0.004896566271781921
FR017275,0,0.11300496757030487
FR015464,0,0.003949987702071667
FR007969,0,0.0032608930487185717
FR016918,0,0.006511292885988951
FR000796,0,0.03173157200217247
FR019072,0,0.006979898549616337
FR011350,0,0.013753894716501236
FR000245,0,0.005530533846467733
FR009820,0,0.041599467396736145
FR011275,0,0.01055471133440733
FR004302,0,0.003139029024168849
FR013158,0,0.009194684214890003
FR018987,0,0.045755982398986816
FR015136,0,0.0086841881275177
FR008440,0,0.008139670826494694
FR001761,0,0.006501694209873676
FR014085,0,0.004269252065569162
FR003612,0,0.007667721249163151
FR010923,0,0.008086953312158585
FR008399,0,0.007004312705248594
FR001636,0,0.00717583205550909
FR015859,0,0.019960403442382812
FR019081,0,0.005141120404005051
FR019748,0,0.003908395301550627
FR003767,0,0.02554786391556263
FR010654,0,0.05064145848155022
FR018579,0,0.004913242068141699
FR001319,0,0.006589172407984734
FR006078,0,0.09383538365364075
FR018278,0,0.004746183753013611
FR014577,0,0.014566854573786259
FR007021,0,0.015950938686728477
FR002226,0,0.008318071253597736
FR009809,0,0.005825314670801163
FR005029,0,0.01223485916852951
FR013483,0,0.10743514448404312
FR003649,0,0.0113247474655509
FR006927,0,0.015220407396554947
FR009148,0,0.006821056362241507
FR010039,0,0.006536304485052824
FR013708,0,0.008717122487723827
FR014784,0,0.005098664667457342
FR000692,0,0.004818262532353401
FR003630,0,0.013623244129121304
FR007493,0,0.07238006591796875
FR006697,0,0.0025996258482337
FR012122,0,0.008399645797908306
FR012190,0,0.032601166516542435
FR008858,0,0.0047532483004033566
FR006557,0,0.00491297384724021
FR001647,0,0.004755039699375629
FR016651,0,0.003333774860948324
FR013122,0,0.009906020015478134
FR010753,0,0.007738474290817976
FR015548,0,0.01017126627266407
FR013656,0,0.0334799662232399
FR002248,0,0.02175685204565525
FR007954,0,0.01787681318819523
FR007917,0,0.028624050319194794
FR000004,0,0.0032843779772520065
FR015893,0,0.007210623938590288
FR002711,0,0.008760054595768452
FR008533,0,0.011346528306603432
FR004690,0,0.012724104337394238
FR006019,0,0.007504970766603947
FR015090,0,0.005878125317394733
FR000081,0,0.013993582688272
FR019686,0,0.03610615059733391
FR016979,0,0.016746854409575462
FR019401,0,0.006479119416326284
FR007094,0,0.006375249940901995
FR018639,0,0.007419823668897152
FR017400,0,0.00596467824652791
FR002558,0,0.005132051184773445
FR015083,0,0.002627973211929202
FR006827,1,0.5899127721786499
FR003813,0,0.008685961365699768
FR008878,0,0.02893323265016079
FR019908,0,0.004268418997526169
FR005246,0,0.006293026730418205
FR018473,0,0.00718981446698308
FR014767,0,0.003068456659093499
FR007401,0,0.0068533290177583694
FR019596,0,0.004256156738847494
FR019028,0,0.017222194001078606
FR014340,0,0.00546156894415617
FR014726,0,0.01538336556404829
FR019743,0,0.011261703446507454
FR008278,0,0.05045967549085617
FR013186,0,0.012713002972304821
FR000786,0,0.007177439518272877
FR010475,0,0.005725344642996788
FR018588,0,0.007063738070428371
FR006523,0,0.0353277362883091
FR002704,0,0.016331324353814125
FR004929,0,0.010535283014178276
FR010557,0,0.007566646207123995
FR006966,0,0.009208116680383682
FR012601,0,0.11281568557024002
FR014895,0,0.009068092331290245
FR019263,0,0.006830404978245497
FR013751,0,0.028446897864341736
FR008256,0,0.008451267145574093
FR019244,0,0.004455888643860817
FR011274,0,0.009835259988904
FR016843,0,0.005780594423413277
FR000932,0,0.0060548726469278336
FR013932,0,0.010298633947968483
FR009587,0,0.03096611239016056
FR000979,0,0.010103827342391014
FR004627,0,0.004385639913380146
FR003299,0,0.007486339658498764
FR006857,0,0.007806819397956133
FR014935,0,0.005437490530312061
FR011974,0,0.0070409951731562614
FR006165,0,0.0039055042434483767
FR006253,0,0.003843876300379634
FR011762,0,0.010450627654790878
FR001938,0,0.0033446073066443205
FR001497,0,0.00838102400302887
FR018769,0,0.006960244849324226
FR019812,0,0.007608958054333925
FR010242,0,0.004955671261996031
FR010338,0,0.02554323524236679
FR006499,0,0.010841630399227142
FR017272,0,0.016422169283032417
FR016018,0,0.005767517723143101
FR000154,0,0.0038289898075163364
FR006601,0,0.006233270280063152
FR019017,0,0.018521614372730255
FR011206,0,0.00381001946516335
FR017032,0,0.008213219232857227
FR002968,0,0.004082201514393091
FR013316,0,0.013867364265024662
FR016304,0,0.007333559449762106
FR011985,0,0.009526980109512806
FR008952,0,0.0026124424766749144
FR002734,0,0.011136774905025959
FR015317,0,0.013885021209716797
FR003891,0,0.005574144423007965
FR016019,0,0.029260339215397835
FR008309,0,0.0044001629576087
FR014849,0,0.024768829345703125
FR003165,0,0.011554853990674019
FR017828,0,0.004074303433299065
FR015238,0,0.004169976804405451
FR005821,0,0.003395059844478965
FR012279,0,0.005410419311374426
FR013326,0,0.008238096721470356
FR009617,0,0.014879710040986538
FR002857,0,0.005104901269078255
FR005298,0,0.007041329052299261
FR018797,0,0.014841490425169468
FR006478,0,0.006204258184880018
FR004029,0,0.0019520294154062867
FR013904,0,0.007997874170541763
FR012048,0,0.020118102431297302
FR005008,0,0.004027750343084335
FR010507,0,0.009174536913633347
FR003061,0,0.0382765494287014
FR012875,0,0.04997335001826286
FR012953,0,0.02052614465355873
FR018782,0,0.009845648892223835
FR016297,0,0.016713321208953857
FR015223,0,0.014205160550773144
FR016589,0,0.011027867905795574
FR012196,0,0.004240215755999088
FR002628,0,0.014261294156312943
FR003675,0,0.029074357822537422
FR005255,0,0.006272829603403807
FR017681,0,0.013657175935804844
FR012630,0,0.004490933381021023
FR014538,0,0.029600488021969795
FR017173,0,0.012911603786051273
FR014149,0,0.011879835277795792
FR007043,0,0.012427846901118755
FR018443,0,0.004356514662504196
FR011370,0,0.010353430174291134
FR016705,0,0.006415917072445154
FR003436,0,0.007680801209062338
FR018348,0,0.012126680463552475
FR018140,0,0.007034005131572485
FR010422,0,0.005546778440475464
FR018289,0,0.005810126196593046
FR012111,0,0.014151642099022865
FR019468,0,0.022560589015483856
FR005838,0,0.03097584657371044
FR018410,0,0.003484256798401475
FR017156,0,0.003022934775799513
FR000886,0,0.0028846857603639364
FR007121,0,0.050326280295848846
FR003610,0,0.020964019000530243
FR006651,0,0.03731507435441017
FR005866,0,0.01531209796667099
FR014198,0,0.0034080480691045523
FR017837,0,0.006126577965915203
FR018760,0,0.0044724904000759125
FR017433,0,0.007695191539824009
FR002370,0,0.004369925241917372
FR013124,0,0.01582469418644905
FR002883,0,0.0076015666127204895
FR004163,0,0.012201309204101562
FR005809,0,0.0048017981462180614
FR009197,0,0.017454763874411583
FR018860,0,0.005485233385115862
FR015117,0,0.0057135275565087795
FR008345,1,0.040725067257881165
FR000015,0,0.00577428936958313
FR001670,0,0.027255956083536148
FR013196,0,0.005187989678233862
FR013347,0,0.004866588395088911
FR006974,0,0.05179861932992935
FR013547,0,0.005297684110701084
FR002259,0,0.005562980193644762
FR005000,0,0.003942979034036398
FR007226,0,0.006741045508533716
FR019805,0,0.004943614359945059
FR010467,0,0.01281050592660904
FR001651,0,0.049166131764650345
FR003570,0,0.0069609833881258965
FR010759,0,0.002227226970717311
FR013241,0,0.006618564482778311
FR009305,0,0.006590657867491245
FR007400,0,0.012535189278423786
FR000501,0,0.023078886792063713
FR015420,0,0.009925007820129395
FR002620,0,0.007984103634953499
FR010280,0,0.009386735036969185
FR019124,0,0.005066916812211275
FR010771,0,0.07799755781888962
FR013690,0,0.009564700536429882
FR003101,0,0.00394489336758852
FR015820,0,0.007246033288538456
FR016029,0,0.0042221625335514545
FR005726,0,0.00789485964924097
FR015578,0,0.013066559098660946
FR006075,0,0.019595108926296234
FR010146,0,0.010600178502500057
FR001092,0,0.01442658994346857
FR004182,0,0.006549222394824028
FR013561,0,0.018022723495960236
FR014953,0,0.01250943448394537
FR013900,0,0.05991614982485771
FR010547,0,0.003642119001597166
FR000923,0,0.004812492057681084
FR004281,0,0.00583646772429347
FR004754,0,0.006031812634319067
FR011594,0,0.03690900653600693
FR003202,0,0.005221244879066944
FR015832,0,0.006901994813233614
FR009517,0,0.003684068564325571
FR007390,0,0.013510682620108128
FR016667,0,0.03588816151022911
FR004749,0,0.01986365206539631
FR015301,0,0.005031850188970566
FR009810,0,0.010466310195624828
FR015638,0,0.005411676596850157
FR010078,0,0.007046625018119812
FR001505,0,0.006725584622472525
FR018260,0,0.003495624754577875
FR004393,0,0.022288741543889046
FR008692,0,0.013184389099478722
FR010941,0,0.028267566114664078
FR007214,0,0.026644233614206314
FR009577,0,0.003347598249092698
FR001282,0,0.008633127436041832
FR017180,0,0.009308447130024433
FR019202,0,0.008939399383962154
FR014983,0,0.006462546531111002
FR007578,0,0.004569812677800655
FR014476,0,0.003078279085457325
FR015670,0,0.005718674045056105
FR004060,0,0.003715767292305827
FR013386,0,0.024541961029171944
FR012441,0,0.0038726292550563812
FR014785,0,0.014578091911971569
FR012131,0,0.009463995695114136
FR012104,0,0.006804137025028467
FR004130,0,0.005186277441680431
FR000233,0,0.02386334352195263
FR013271,0,0.005101485643535852
FR007879,0,0.005876127630472183
FR006443,0,0.006581670138984919
FR018902,0,0.008867322467267513
FR007859,0,0.0036202094051986933
FR008629,0,0.005843026097863913
FR012705,0,0.01074110995978117
FR004352,0,0.014969898387789726
FR004671,0,0.020530428737401962
FR001227,0,0.0035119487438350916
FR002721,0,0.009372973814606667
FR017524,0,0.016374515369534492
FR001895,0,0.0661151260137558
FR007850,0,0.008507288061082363
FR014284,0,0.007992424070835114
FR002459,0,0.007065631449222565
FR018726,0,0.012256269343197346
FR010905,0,0.004887793678790331
FR009369,0,0.006628507282584906
FR017917,0,0.006903001107275486
FR001121,0,0.0188890527933836
FR008906,0,0.004083296749740839
FR003686,0,0.007872343994677067
FR016963,0,0.005650523584336042
FR016148,0,0.017002452164888382
FR007234,0,0.0038441703654825687
FR018189,0,0.006315561477094889
FR012293,0,0.0041807726956903934
FR003480,0,0.006372335832566023
FR008546,0,0.04672269895672798
FR005179,0,0.004524364601820707
FR017980,0,0.006568115670233965
FR019127,0,0.02157890424132347
FR014622,0,0.027491074055433273
FR001503,0,0.006139194592833519
FR013606,0,0.02284659631550312
FR009620,0,0.004930846393108368
FR014472,0,0.0045034755021333694
FR003016,0,0.005280940793454647
FR011621,0,0.005167969036847353
FR009489,0,0.017873615026474
FR000352,0,0.003778223181143403
FR003131,0,0.017565976828336716
FR006744,0,0.007805608678609133
FR011447,0,0.006010548677295446
FR013584,0,0.002919777063652873
FR016004,0,0.007651824038475752
FR016102,0,0.00849720649421215
FR005130,0,0.008027027361094952
FR010237,0,0.00864712055772543
FR017695,0,0.009644399397075176
FR007487,0,0.011293509043753147
FR011894,0,0.00470422487705946
FR016058,0,0.011841475032269955
FR002154,0,0.004156166687607765
FR005414,0,0.00985624361783266
FR000806,0,0.013310341164469719
FR012526,0,0.029164409264922142
FR016328,0,0.004212928470224142
FR009789,0,0.008989475667476654
FR006088,0,0.005092502571642399
FR002138,0,0.02399074099957943
FR001279,0,0.004361512139439583
FR015057,0,0.005699961446225643
FR014397,0,0.011723455972969532
FR001301,0,0.010795922949910164
FR001329,0,0.006396492011845112
FR010031,0,0.006321279797703028
FR018800,0,0.0944790467619896
FR016367,0,0.04105620086193085
FR011378,0,0.03965694084763527
FR007145,0,0.003537133103236556
FR001772,0,0.01753360778093338
FR003219,0,0.025456001982092857
FR018498,0,0.007143303286284208
FR012392,0,0.02375224232673645
FR016211,0,0.031079191714525223
FR009605,0,0.010616123676300049
FR017879,0,0.012176507152616978
FR000117,0,0.008589464239776134
FR004736,0,0.00571487657725811
FR011088,0,0.004422484897077084
FR009705,0,0.010004319250583649
FR001981,0,0.005702734924852848
FR007988,0,0.007389197126030922
FR006119,0,0.007905361242592335
FR004575,0,0.006074302829802036
FR018301,0,0.007680601440370083
FR016648,0,0.009918861091136932
FR017720,0,0.006584872957319021
FR008514,0,0.00521067762747407
FR011949,0,0.008791562169790268
FR013721,0,0.016221284866333008
FR011351,0,0.01980387046933174
FR017241,0,0.004353896714746952
FR012748,0,0.009177766740322113
FR004601,0,0.008540982380509377
FR009462,0,0.01675393059849739
FR005240,0,0.005479191429913044
FR005218,0,0.0071340762078762054
FR013528,0,0.013770824298262596
FR013036,0,0.05493021383881569
FR009178,0,0.005443961825221777
FR017838,0,0.025153663009405136
FR019543,0,0.013305075466632843
FR005032,0,0.0025591151788830757
FR014411,0,0.024939198046922684
FR002286,0,0.003412524238228798
FR019635,0,0.006624345201998949
FR014008,0,0.00408761715516448
FR004149,0,0.017716141417622566
FR004096,0,0.016256293281912804
FR007168,0,0.00668588699772954
FR003102,0,0.005319610703736544
FR013556,0,0.013945523649454117
FR002569,0,0.17327243089675903
FR012053,0,0.004723932594060898
FR005777,0,0.0061606247909367085
FR011510,0,0.006567297503352165
FR018352,0,0.009525157511234283
FR015307,0,0.006854614242911339
FR018942,0,0.013877077028155327
FR019487,0,0.0037714180070906878
FR007132,0,0.003067475277930498
FR007244,0,0.0032138589303940535
FR012007,0,0.004839261062443256
FR016215,0,0.009051196277141571
FR017814,0,0.01565367542207241
FR010846,0,0.004336102865636349
FR003239,0,0.005434298887848854
FR007533,0,0.032735057175159454
FR019337,0,0.009583203122019768
FR009511,0,0.1987273246049881
FR011910,0,0.007153246086090803
FR013568,0,0.016039296984672546
FR007154,0,0.01773352362215519
FR010325,0,0.009341489523649216
FR012673,0,0.005669268313795328
FR007393,0,0.03730306029319763
FR005260,0,0.008692266419529915
FR018174,0,0.048814985901117325
FR010176,0,0.010041076689958572
FR008681,0,0.004941163584589958
FR003801,0,0.007208433002233505
FR008419,1,0.007461643312126398
FR012412,0,0.005251226481050253
FR015068,0,0.006409591995179653
FR013330,0,0.004810779821127653
FR017154,0,0.03703968599438667
FR007510,0,0.005843036808073521
FR015438,0,0.0056955874897539616
FR009359,0,0.013761547394096851
FR009199,0,0.014408322051167488
FR004488,0,0.016286015510559082
FR008143,0,0.00629195012152195
FR016615,0,0.005208629183471203
FR008806,0,0.0057571642100811005
FR019503,0,0.0547654964029789
FR012782,0,0.006554389838129282
FR013421,0,0.013021544553339481
FR013129,0,0.00503528444096446
FR002025,0,0.055133797228336334
FR018033,0,0.009934697300195694
FR002999,0,0.004598693456500769
FR001512,0,0.013248398900032043
FR015717,0,0.016691017895936966
FR016434,0,0.018523551523685455
FR017483,0,0.027648193761706352
FR008798,0,0.0044054072350263596
FR017360,0,0.03360036015510559
FR000604,0,0.007646525744348764
FR006469,0,0.010831744410097599
FR007403,0,0.0048257652670145035
FR001369,0,0.004906693007797003
FR004306,0,0.008577290922403336
FR007317,0,0.04851074889302254
FR010864,0,0.007000340614467859
FR012475,0,0.015104353427886963
FR007671,0,0.004819652531296015
FR010118,0,0.005642234813421965
FR006330,0,0.005984875839203596
FR005649,0,0.004171098116785288
FR016084,0,0.004703300539404154
FR006343,0,0.004553063306957483
FR015319,0,0.006682980339974165
FR006945,0,0.01522102952003479
FR000671,0,0.051510609686374664
FR018002,0,0.004302032291889191
FR017497,0,0.005732202902436256
FR009512,0,0.004480552859604359
FR002975,0,0.0036694153677672148
FR000168,0,0.14988115429878235
FR017069,0,0.00854628998786211
FR007465,0,0.03853382170200348
FR003626,0,0.010413088835775852
FR016219,0,0.01168313343077898
FR006588,0,0.021573230624198914
FR015281,0,0.008355312049388885
FR002863,0,0.00790775939822197
FR011630,0,0.005582690704613924
FR006429,0,0.032956864684820175
FR005094,0,0.003418279578909278
FR017652,0,0.005576158873736858
FR002660,1,0.07539960741996765
FR009331,0,0.01041373796761036
FR012223,0,0.007756545674055815
FR009760,0,0.012573357671499252
FR017265,0,0.005457602441310883
FR012844,0,0.028200939297676086
FR008236,0,0.004159321542829275
FR006463,0,0.013340779580175877
FR001896,0,0.012264792807400227
FR006822,0,0.033260684460401535
FR012778,0,0.010472425259649754
FR016857,0,0.004581264685839415
FR010450,0,0.028355862945318222
FR005543,0,0.015401056036353111
FR004784,0,0.008733635768294334
FR013553,0,0.013265365734696388
FR017880,0,0.011318998411297798
FR014550,0,0.022620979696512222
FR006495,0,0.002480106195434928
FR004629,0,0.007813530042767525
FR013484,0,0.6430091261863708
FR010703,0,0.012043868191540241
FR004903,0,0.003225188935175538
FR013886,0,0.005009390879422426
FR015414,0,0.003585302270948887
FR017616,1,0.005617673043161631
FR010976,0,0.10486030578613281
FR011195,0,0.012656772509217262
FR010906,0,0.0042663016356527805
FR006564,0,0.005878167226910591
FR016513,0,0.01111646555364132
FR002889,0,0.006931006442755461
FR005490,0,0.0068042827770113945
FR008066,0,0.009377937763929367
FR013595,0,0.031086135655641556
FR005770,0,0.0042943465523421764
FR017992,0,0.06152752786874771
FR013034,0,0.005578446201980114
FR009639,0,0.02726292982697487
FR000410,0,0.0270524974912405
FR019914,0,0.013341564685106277
FR006391,0,0.01314624585211277
FR011515,0,0.008199364878237247
FR000982,0,0.004855156876146793
FR009469,0,0.006241282913833857
FR003882,0,0.12046339362859726
FR003583,0,0.018533922731876373
FR003985,0,0.0057923272252082825
FR012537,0,0.004093719180673361
FR012832,0,0.003960362169891596
FR006794,0,0.005991167854517698
FR004229,0,0.00658691581338644
FR011336,0,0.0025574699975550175
FR000834,0,0.028636617586016655
FR007201,0,0.007406641263514757
FR011679,0,0.003443747991696
FR002472,0,0.013239625841379166
FR007842,0,0.004926669877022505
FR019194,0,0.003933930769562721
FR000680,0,0.004955417010933161
FR010455,0,0.024576108902692795
FR002214,0,0.00922761857509613
FR006766,0,0.03327193856239319
FR016281,0,0.005466344766318798
FR018454,0,0.01332895364612341
FR013003,0,0.02736862562596798
FR018379,0,0.0030670142732560635
FR003290,0,0.0035563241690397263
FR012565,0,0.014272350817918777
FR018081,0,0.004679418634623289
FR014133,0,0.006143187638372183
FR017856,0,0.01139561552554369
FR007906,0,0.018038595095276833
FR006692,0,0.008509974926710129
FR016566,0,0.005392172839492559
FR015816,0,0.019214803352952003
FR006212,0,0.00840009842067957
FR001792,0,0.006865331437438726
FR000640,0,0.003298013238236308
FR011829,0,0.004463175777345896
FR006854,0,0.003943037241697311
FR010293,0,0.007269884459674358
FR005672,0,0.01477851253002882
FR006569,0,0.0037593082524836063
FR009269,0,0.007177119608968496
FR008114,0,0.0026396773755550385
FR015148,0,0.005971068050712347
FR005417,0,0.02586778625845909
FR018462,0,0.014127242378890514
FR005494,0,0.0031706506852060556
FR003388,0,0.007451786193996668
FR010173,1,0.005182243883609772
FR010064,0,0.003983682952821255
FR007794,0,0.015941010788083076
FR009687,0,0.029157349839806557
FR005887,0,0.004836581647396088
FR008098,0,0.011534878052771091
FR010493,0,0.007155285216867924
FR010050,0,0.01951649598777294
FR003375,0,0.006944689434021711
FR007048,0,0.01920216716825962
FR006185,1,0.006440622266381979
FR005390,0,0.0030113025568425655
FR013779,0,0.02204539254307747
FR004283,0,0.09445545077323914
FR018695,0,0.012518002651631832
FR006830,0,0.014562324620783329
FR001452,1,0.011146262288093567
FR013026,0,0.003896082751452923
FR016767,0,0.006099374033510685
FR017236,0,0.0078020161017775536
FR018582,0,0.004209351260215044
FR005530,0,0.010250266641378403
FR004098,0,0.017944954335689545
FR009340,0,0.004213653039187193
FR004882,0,0.006542413029819727
FR012402,0,0.004412942565977573
FR018671,0,0.007148648612201214
FR000414,0,0.012925826013088226
FR011504,0,0.004201403819024563
FR010466,0,0.008246200159192085
FR007605,0,0.006005972623825073
FR002074,0,0.0031542940996587276
FR002899,0,0.009245981462299824
FR000631,0,0.007793847471475601
FR008757,0,0.015701549127697945
FR019634,0,0.014416178688406944
FR000929,0,0.0030078685376793146
FR009164,0,0.02242824248969555
FR006427,0,0.009007892571389675
FR003452,0,0.005188499577343464
FR013893,0,0.01511834841221571
FR010157,0,0.01050743367522955
FR018153,0,0.006332254968583584
FR011453,0,0.007422696799039841
FR010054,0,0.007872902788221836
FR012112,1,0.018802253529429436
FR008185,0,0.007877813652157784
FR017614,0,0.005457995925098658
FR003022,0,0.014334704726934433
FR015918,0,0.010440951213240623
FR007092,0,0.009236027486622334
FR010616,0,0.004941259510815144
FR018310,0,0.0040789940394461155
FR006890,0,0.012875129468739033
FR008093,0,0.006108417175710201
FR019317,0,0.005455459468066692
FR007632,0,0.0033074170351028442
FR018676,0,0.035652972757816315
FR012353,0,0.0036279282066971064
FR002336,0,0.013274974189698696
FR007777,0,0.006710146553814411
FR007837,0,0.012591344304382801
FR006718,0,0.01685911789536476
FR018914,0,0.008556793443858624
FR007095,0,0.0042831613682210445
FR002576,0,0.005171924829483032
FR000976,0,0.007475753780454397
FR013554,0,0.013237140141427517
FR009706,0,0.0061942641623318195
FR012489,0,0.005746842827647924
FR003713,0,0.04089835658669472
FR016848,0,0.010651013813912868
FR009256,0,0.03522640839219093
FR009596,0,0.0198584645986557
FR005071,0,0.0077412244863808155
FR006012,0,0.016520194709300995
FR016572,0,0.005506330635398626
FR001708,0,0.0442231185734272
FR005001,0,0.01971159502863884
FR005398,0,0.011411208659410477
FR000792,0,0.00704676890745759
FR017931,0,0.03541024029254913
FR009510,0,0.021324433386325836
FR017207,0,0.014897697605192661
FR006434,0,0.006643421947956085
FR006217,0,0.02463846281170845
FR011936,0,0.004095651675015688
FR002920,0,0.00560645991936326
FR014989,0,0.019623486325144768
FR007360,0,0.008062735199928284
FR013518,0,0.0049225646071136
FR015617,0,0.006212654523551464
FR010481,0,0.045618265867233276
FR009344,0,0.01336611621081829
FR007124,0,0.0077959648333489895
FR004266,0,0.02067372016608715
FR009193,0,0.005931429099291563
FR014464,0,0.007093579508364201
FR018484,0,0.04948485270142555
FR008754,0,0.010045741684734821
FR012983,0,0.005223383195698261
FR005128,0,0.016529332846403122
FR018806,0,0.009027673862874508
FR002044,0,0.007053358014672995
FR001119,0,0.008899279870092869
FR013280,0,0.013213188387453556
FR016605,0,0.00416525499895215
FR016668,0,0.021366335451602936
FR019272,0,0.005866887513548136
FR013613,0,0.00792725756764412
FR001074,0,0.006241780240088701
FR001359,0,0.03136439621448517
FR011595,0,0.017401622608304024
FR016955,0,0.03386148810386658
FR004769,0,0.003623523749411106
FR009063,0,0.009800664149224758
FR000401,0,0.005983874201774597
FR013902,0,0.07967404276132584
FR018003,0,0.010429970920085907
FR010914,0,0.017083244398236275
FR006483,0,0.007200953550636768
FR002377,0,0.008588984608650208
FR000865,0,0.0046089510433375835
FR006000,0,0.006459562107920647
FR011864,0,0.015089371241629124
FR003540,0,0.005338437855243683
FR004234,0,0.011231319978833199
FR005778,0,0.00504471268504858
FR018702,0,0.006680319085717201
FR012387,0,0.004228833597153425
FR015454,0,0.005216605961322784
FR005903,0,0.004749298095703125
FR009401,0,0.011105441488325596
FR012201,0,0.02654670551419258
FR008242,0,0.00824995618313551
FR008987,0,0.009395590052008629
FR009013,0,0.0044518145732581615
FR014415,0,0.0083318455144763
FR011263,0,0.01042081043124199
FR010729,0,0.019016647711396217
FR016229,0,0.006957733538001776
FR018879,0,0.00695100286975503
FR001884,0,0.07914814352989197
FR013215,0,0.0657832995057106
FR006594,0,0.016206778585910797
FR002199,0,0.0037525338120758533
FR017100,0,0.005506218411028385
FR011286,0,0.011710915714502335
FR013700,0,0.004208350088447332
FR001596,0,0.014861617237329483
FR004997,0,0.005108142737299204
FR011712,0,0.039710693061351776
FR000755,0,0.004432241432368755
FR016675,1,0.018390320241451263
FR014424,0,0.009713341481983662
FR009163,0,0.003898202208802104
FR007495,0,0.005825109779834747
FR001781,0,0.009257449768483639
FR002590,0,0.010018369182944298
FR007258,0,0.007107884157449007
FR009846,0,0.005814626347273588
FR012958,0,0.004932571202516556
FR013220,0,0.025470227003097534
FR008931,0,0.007542917039245367
FR011624,0,0.008653835393488407
FR017864,0,0.008008326403796673
FR004054,0,0.0076959822326898575
FR006654,0,0.048805899918079376
FR013767,0,0.007268714252859354
FR003073,0,0.05310378223657608
FR010041,0,0.04041079059243202
FR004067,0,0.02119278721511364
FR006562,0,0.008978896774351597
FR000008,0,0.04791095852851868
FR008880,0,0.00867610052227974
FR007833,0,0.016043646261096
FR017314,0,0.02163865603506565
FR006991,0,0.01775507628917694
FR005022,0,0.008386134169995785
FR011189,0,0.005607884842902422
FR018440,0,0.03851500526070595
FR003072,0,0.04332391917705536
FR002316,0,0.011254611425101757
FR010537,0,0.005136359483003616
FR018463,0,0.005401658359915018
FR018482,0,0.0074881152249872684
FR006278,0,0.008322521112859249
FR013066,0,0.004830134101212025
FR019780,0,0.030340787023305893
FR007016,0,0.004703461192548275
FR000908,0,0.04563823342323303
FR003010,0,0.18973642587661743
FR016333,0,0.011331838555634022
FR000698,0,0.0043661342933773994
FR016373,0,0.017780248075723648
FR001371,0,0.016315888613462448
FR004385,0,0.008888713084161282
FR010185,0,0.0049118902534246445
FR016549,0,0.04271881282329559
FR014429,1,0.6109983921051025
FR005005,0,0.006916472222656012
FR003515,0,0.0038152243942022324
FR006076,0,0.004758468829095364
FR010704,0,0.009987209923565388
FR000145,0,0.015552142634987831
FR017240,0,0.010760019533336163
FR003166,0,0.0070663741789758205
FR017357,0,0.027031533420085907
FR008656,0,0.006853017024695873
FR007468,0,0.00456398818641901
FR007790,0,0.0037275231443345547
FR002540,0,0.02611798793077469
FR011183,0,0.005688713863492012
FR013198,0,0.004236460663378239
FR014630,0,0.008060279302299023
FR010490,0,0.005233528558164835
FR007318,0,0.008364479057490826
FR016362,0,0.03336517885327339
FR017203,0,0.005722427740693092
FR006922,0,0.006609359756112099
FR007531,0,0.007523117586970329
FR001422,0,0.014342193491756916
FR002791,0,0.005727419164031744
FR001940,1,0.11904840916395187
FR004842,0,0.005149626638740301
FR019598,0,0.014811686240136623
FR004277,0,0.006060195621103048
FR016040,0,0.0230147372931242
FR018766,0,0.0034009860828518867
FR014370,0,0.007095366716384888
FR011622,0,0.012336251325905323
FR000287,0,0.0076676346361637115
FR014546,0,0.009344199672341347
FR008808,0,0.010045874863862991
FR008548,0,0.01758999563753605
FR019792,0,0.028310833498835564
FR017262,1,0.02409820631146431
FR002107,0,0.010485656559467316
FR005712,0,0.00260405195876956
FR010310,0,0.005805710330605507
FR001068,0,0.01048190239816904
FR001822,0,0.00900797825306654
FR009095,0,0.007312331814318895
FR003832,0,0.005226644221693277
FR004916,0,0.007572706788778305
FR009338,0,0.024409376084804535
FR006799,0,0.003388702403753996
FR014535,0,0.05706452205777168
FR015624,0,0.004313922021538019
FR019824,0,0.011671450920403004
FR013789,0,0.00443064933642745
FR004860,0,0.021785175427794456
FR000761,0,0.010430625639855862
FR011920,0,0.053606364876031876
FR004712,0,0.030504867434501648
FR002871,0,0.007583971135318279
FR006324,0,0.006293303798884153
FR017215,0,0.005565573927015066
FR000075,0,0.006380220875144005
FR005831,0,0.009282789193093777
FR005563,0,0.00713084451854229
FR011162,0,0.007310646586120129
FR006943,0,0.003766814712435007
FR018913,0,0.010088581591844559
FR011602,0,0.01827545277774334
FR003115,0,0.0062947324477136135
FR001118,0,0.0027977044228464365
FR001535,0,0.003876880742609501
FR002246,0,0.0104157580062747
FR007582,0,0.005062863230705261
FR018006,0,0.012254653498530388
FR007692,0,0.00778468931093812
FR000376,0,0.010408948175609112
FR013176,0,0.00945234950631857
FR002877,0,0.030890069901943207
FR018794,0,0.005082807037979364
FR001245,0,0.008134832605719566
FR012530,0,0.010487711057066917
FR003053,0,0.009031936526298523
FR009233,0,0.08604126423597336
FR018529,0,0.006083228159695864
FR006848,1,0.013202051632106304
FR014341,0,0.0036882751155644655
FR000492,0,0.008580137975513935
FR015082,0,0.007651132997125387
FR009509,0,0.03765404224395752
FR010350,0,0.016705753281712532
FR013424,0,0.022506456822156906
FR017150,0,0.0052741519175469875
FR015283,0,0.005166086368262768
FR009929,0,0.006730877794325352
FR019213,0,0.0028951959684491158
FR007090,0,0.01947651617228985
FR017496,0,0.04258358106017113
FR017821,0,0.0062067401595413685
FR003528,0,0.45407530665397644
FR012265,0,0.004524847958236933
FR018127,1,0.18730653822422028
FR002413,0,0.007193665951490402
FR015142,0,0.012267785146832466
FR007855,0,0.003601951291784644
FR004343,0,0.004354314412921667
FR000699,0,0.015709634870290756
FR010928,0,0.005837060045450926
FR010868,0,0.007170428987592459
FR018166,0,0.006188848055899143
FR018746,0,0.005251393187791109
FR004321,0,0.04968419671058655
FR016074,0,0.023737460374832153
FR018711,0,0.006737815216183662
FR016942,0,0.004539474379271269
FR018732,0,0.019740551710128784
FR009116,0,0.0077521619386971
FR004551,0,0.0069145336747169495
FR002717,0,0.005623965989798307
FR000436,0,0.019668497145175934
FR013959,0,0.006734535563737154
FR001508,0,0.005269438493996859
FR010669,0,0.04179014638066292
FR000365,0,0.008256375789642334
FR004105,0,0.00704172533005476
FR010554,0,0.006324913818389177
FR006671,0,0.005321008153259754
FR003381,0,0.007747823838144541
FR016699,0,0.0031734504736959934
FR018476,0,0.005675784777849913
FR007618,0,0.07648679614067078
FR014381,0,0.005964318756014109
FR019212,0,0.005174631718546152
FR012147,0,0.004183213226497173
FR011793,0,0.004206645768135786
FR000171,0,0.008390464819967747
FR006280,0,0.04113078489899635
FR016090,0,0.021030286327004433
FR007633,0,0.016808578744530678
FR003068,0,0.006239375565201044
FR001419,0,0.011867114342749119
FR015836,0,0.01970493420958519
FR018777,0,0.008573589846491814
FR011481,0,0.036576978862285614
FR004908,0,0.01866130530834198
FR017568,0,0.03879496455192566
FR003256,0,0.0072795026935637
FR011193,0,0.0029932898469269276
FR001934,0,0.04821363463997841
FR019720,0,0.003970975987613201
FR018169,0,0.018037788569927216
FR000247,0,0.013388842344284058
FR019433,0,0.007231517694890499
FR001931,0,0.00936115998774767
FR010817,0,0.009767831303179264
FR014897,0,0.009264222346246243
FR018563,1,0.02448013238608837
FR001237,0,0.014545144513249397
FR007103,0,0.004878530278801918
FR004368,0,0.0035346464719623327
FR018446,0,0.0032995371147990227
FR002647,0,0.014785879291594028
FR009038,0,0.005545036867260933
FR003771,0,0.00965677760541439
FR016602,0,0.005106805358082056
FR014969,0,0.008787141181528568
FR013901,0,0.015470640733838081
FR014861,0,0.005569362081587315
FR013170,0,0.007857788354158401
FR018697,0,0.016132788732647896
FR016081,0,0.004650198854506016
FR005491,0,0.005018454045057297
FR008021,0,0.01656402461230755
FR005654,0,0.009668760001659393
FR018541,0,0.003906567115336657
FR002375,0,0.009364892728626728
FR012433,0,0.004111669026315212
FR013405,0,0.18958526849746704
FR005816,0,0.03708815947175026
FR003567,0,0.02313709817826748
FR001093,0,0.004038192797452211
FR000300,0,0.004076027777045965
FR014403,0,0.00507629057392478
FR014184,0,0.010628079995512962
FR000246,0,0.011392150074243546
FR007335,0,0.003844515886157751
FR007611,0,0.003860756754875183
FR002461,0,0.008402109146118164
FR017190,0,0.018998511135578156
FR013685,0,0.004529990255832672
FR009131,0,0.0698104202747345
FR004312,0,0.006001777946949005
FR014434,0,0.010957106947898865
FR009227,0,0.007509052753448486
FR002232,0,0.0054349275305867195
FR016856,0,0.004073514137417078
FR014104,0,0.007370135746896267
FR014835,0,0.008355067111551762
FR011917,0,0.009838083758950233
FR005468,0,0.00574892433360219
FR016127,0,0.00868406891822815
FR009767,0,0.004102414473891258
FR000382,0,0.013369739055633545
FR004894,0,0.0041165100410580635
FR002279,0,0.025544673204421997
FR014725,0,0.004571529105305672
FR005454,0,0.013062458485364914
FR002826,0,0.011316613294184208
FR015278,0,0.005290327128022909
FR016798,0,0.0028868631925433874
FR010006,0,0.017277022823691368
FR018453,0,0.006614279933273792
FR009263,0,0.007144412025809288
FR008874,0,0.006095563061535358
FR011828,0,0.0024339258670806885
FR014758,0,0.00629259692505002
FR013049,0,0.04053880646824837
FR013480,0,0.15107816457748413
FR012277,0,0.003060600021854043
FR010692,0,0.006412075832486153
FR019611,0,0.00489504961296916
FR014534,0,0.015437077730894089
FR004315,0,0.006646673195064068
FR013660,0,0.008632115088403225
FR018528,0,0.040090836584568024
FR018172,0,0.02625775709748268
FR004529,0,0.004133393056690693
FR019790,0,0.006192517466843128
FR015956,0,0.4158017933368683
FR004239,0,0.009468917734920979
FR011052,0,0.008391131646931171
FR010742,0,0.004766347352415323
FR001626,0,0.007394914049655199
FR014882,0,0.008389032445847988
FR000614,0,0.005676457658410072
FR001527,0,0.00588497007265687
FR015249,0,0.015499340370297432
FR012624,0,0.02659950777888298
FR011342,0,0.00297652930021286
FR010899,0,0.004784018266946077
FR000733,0,0.002883361419662833
FR010059,0,0.0042333840392529964
FR017440,0,0.00306763150729239
FR009204,0,0.010003478266298771
FR012326,0,0.014405498281121254
FR001075,0,0.007506344933062792
FR016763,0,0.002646888140588999
FR018596,0,0.005314422771334648
FR008582,0,0.003960695583373308
FR016294,0,0.01807069405913353
FR004042,1,0.5684592723846436
FR008130,0,0.006554812658578157
FR002211,0,0.005090905819088221
FR009994,0,0.009005152620375156
FR011126,0,0.045470401644706726
FR015335,0,0.008620159700512886
FR009840,0,0.008729236200451851
FR017847,0,0.006209920160472393
FR002452,0,0.006948334164917469
FR001694,0,0.004321089945733547
FR006313,0,0.018607499077916145
FR013538,0,0.05510469898581505
FR002282,0,0.012462569400668144
FR003929,0,0.015280861407518387
FR015815,0,0.007430085446685553
FR006284,0,0.035069987177848816
FR000942,0,0.0031366124749183655
FR019982,0,0.017123140394687653
FR011662,0,0.006240493152290583
FR014851,0,0.045831989496946335
FR015688,0,0.012872204184532166
FR016424,0,0.020547835156321526
FR016608,0,0.005523038096725941
FR017849,0,0.025516793131828308
FR009152,0,0.009614323265850544
FR011415,0,0.007542485371232033
FR002985,0,0.004531297832727432
FR000358,0,0.0031412141397595406
FR018036,0,0.027926813811063766
FR017431,0,0.06324659287929535
FR008949,0,0.04421002045273781
FR016606,0,0.005710134282708168
FR015821,0,0.040808361023664474
FR012946,0,0.004864085465669632
FR003422,0,0.008862069807946682
FR004590,0,0.0043326145969331264
FR003228,0,0.0889597088098526
FR018083,0,0.06286167353391647
FR009225,0,0.00687824422493577
FR018853,0,0.017313256859779358
FR018490,0,0.007169689051806927
FR010922,0,0.007236722856760025
FR002778,0,0.020486880093812943
FR015204,0,0.006984954234212637
FR018009,0,0.00640413723886013
FR006593,0,0.07271125912666321
FR002136,0,0.007235346361994743
FR014828,0,0.009537816047668457
FR003748,0,0.013426548801362514
FR002564,0,0.023822002112865448
FR009912,0,0.007017491385340691
FR016786,0,0.009258977137506008
FR000537,0,0.014473744668066502
FR014379,0,0.003875148016959429
FR013820,0,0.005763885099440813
FR017580,0,0.006438795011490583
FR002587,0,0.006762003060430288
FR018501,0,0.006413327530026436
FR006210,0,0.009844583459198475
FR002959,0,0.006966596003621817
FR015183,0,0.010470261797308922
FR015053,0,0.0062417942099273205
FR019772,0,0.011173446662724018
FR014349,0,0.007425068411976099
FR016835,0,0.007105542812496424
FR011111,0,0.0103657441213727
FR005096,0,0.005316112190485001
FR000107,0,0.04038716480135918
FR017974,0,0.004544347058981657
FR002448,0,0.003485195804387331
FR016293,0,0.008048640564084053
FR004858,0,0.0030634691938757896
FR002846,0,0.014899971894919872
FR001445,0,0.016493480652570724
FR016454,0,0.02100270241498947
FR016173,0,0.021671386435627937
FR008253,0,0.012523001991212368
FR011548,0,0.0038039719220250845
FR009386,0,0.018862789496779442
FR010119,0,0.0036148056387901306
FR000586,0,0.09481460601091385
FR015001,0,0.005752692464739084
FR008573,0,0.018511822447180748
FR003731,0,0.009750652126967907
FR014646,0,0.006291052792221308
FR007675,0,0.011923658661544323
FR019143,0,0.00430525466799736
FR008703,0,0.003644042182713747
FR013242,0,0.006269020494073629
FR001832,0,0.0056098634377121925
FR001315,0,0.005729752127081156
FR015159,0,0.005477416794747114
FR002735,0,0.016711488366127014
FR010515,0,0.0096434336155653
FR002063,0,0.00533845042809844
FR017420,0,0.011262993328273296
FR000843,0,0.005262861493974924
FR003660,0,0.05547125265002251
FR009759,0,0.07934441417455673
FR009597,0,0.004615448415279388
FR015408,0,0.01491628959774971
FR008125,0,0.008326256647706032
FR003973,0,0.0027837243396788836
FR008725,0,0.09939143806695938
FR011563,0,0.0033317997585982084
FR015848,0,0.010555656626820564
FR015920,0,0.003208596259355545
FR014629,0,0.03485330194234848
FR001972,0,0.0032957945950329304
FR010214,0,0.0037639953661710024
FR012059,0,0.00922753568738699
FR001793,0,0.0039406125433743
FR005114,0,0.01572159305214882
FR001697,0,0.006662534549832344
FR004273,0,0.008346830494701862
FR017812,0,0.007652874104678631
FR007309,0,0.00785734225064516
FR013396,0,0.008002635091543198
FR006786,0,0.034757088869810104
FR002271,0,0.006894056685268879
FR009631,0,0.014983679167926311
FR000676,0,0.029880991205573082
FR018177,0,0.03569378703832626
FR018075,0,0.044552646577358246
FR016861,0,0.020664334297180176
FR012971,0,0.008759789168834686
FR018705,0,0.0035340634640306234
FR007441,0,0.0031294163782149553
FR003441,1,0.012263874523341656
FR019895,0,0.004739570897072554
FR016057,0,0.007742901798337698
FR005982,0,0.027275515720248222
FR014659,0,0.0024615733418613672
FR012895,0,0.01051439717411995
FR003378,0,0.006268197670578957
FR011402,0,0.008897433988749981
FR002355,0,0.005877707619220018
FR006840,0,0.012050122953951359
FR012684,0,0.00755076389759779
FR002349,0,0.006945837754756212
FR016052,0,0.0073312376625835896
FR019685,0,0.003519864287227392
FR017762,0,0.004429248161613941
FR018157,0,0.017097502946853638
FR018907,0,0.008084956556558609
FR001707,0,0.015495054423809052
FR016276,0,0.004894220270216465
FR005440,0,0.007161286659538746
FR012150,0,0.007597908843308687
FR002356,0,0.013414017856121063
FR002758,0,0.004887858871370554
FR019463,0,0.003718889784067869
FR009641,0,0.007744159083813429
FR016012,1,0.014695622026920319
FR002816,0,0.004647798370569944
FR003625,0,0.005741093773394823
FR000825,0,0.007250157650560141
FR005667,0,0.005193938966840506
FR014978,0,0.0053290147334337234
FR014159,0,0.006131998263299465
FR009487,0,0.023652877658605576
FR006645,0,0.010527943260967731
FR006058,0,0.005981345195323229
FR007683,0,0.01522759161889553
FR010566,0,0.00432704808190465
FR019833,0,0.015692759305238724
FR005463,0,0.012975265271961689
FR013319,0,0.04753163829445839
FR010103,0,0.004291364923119545
FR001948,0,0.021370144560933113
FR000020,0,0.006849960889667273
FR010781,0,0.031007319688796997
FR016641,0,0.005941683426499367
FR013551,0,0.007534932345151901
FR016952,0,0.005695358384400606
FR009496,0,0.005249831825494766
FR012672,0,0.009664190001785755
FR019854,0,0.004482463467866182
FR004382,0,0.0060337078757584095
FR008368,0,0.00605915579944849
FR002149,0,0.007017548196017742
FR014304,0,0.03392854332923889
FR006461,0,0.004343394190073013
FR012842,0,0.003992136102169752
FR013095,0,0.00493589136749506
FR018188,0,0.006254751235246658
FR005295,0,0.0027889367192983627
FR003152,0,0.0024914308451116085
FR004510,0,0.004082486033439636
FR016764,0,0.2628247141838074
FR006350,0,0.0071492441929876804
FR015385,0,0.03246765956282616
FR017271,0,0.003541293554008007
FR019107,0,0.014350197277963161
FR011743,0,0.009665700607001781
FR006868,0,0.0034235662315040827
FR001783,0,0.006090015638619661
FR010814,0,0.006424997467547655
FR001699,0,0.014476016163825989
FR010996,0,0.015072685666382313
FR010102,0,0.03488168120384216
FR006778,0,0.01029732171446085
FR003178,0,0.0032763085328042507
FR000759,0,0.01718512363731861
FR010962,0,0.02948859892785549
FR004771,0,0.007954198867082596
FR015664,0,0.009089541621506214
FR012066,0,0.014302946627140045
FR012155,0,0.007647455204278231
FR000407,0,0.006146164145320654
FR019316,0,0.008360473439097404
FR000892,0,0.004434959031641483
FR014940,0,0.025097645819187164
FR017185,0,0.003863769117742777
FR015355,0,0.004360707011073828
FR011116,0,0.06006162241101265
FR005985,0,0.0040672896429896355
FR010010,0,0.020864086225628853
FR009679,0,0.009413608349859715
FR009588,0,0.006936233025044203
FR005909,0,0.0038334960117936134
FR015377,0,0.03122563660144806
FR013006,0,0.006846331991255283
FR003700,0,0.02371491678059101
FR011464,0,0.008785401470959187
FR013892,0,0.014227540232241154
FR014457,0,0.011609124951064587
FR002046,0,0.006092818919569254
FR000857,0,0.0055779702961444855
FR018894,0,0.03723864257335663
FR001467,0,0.00573590537533164
FR000073,0,0.004833855666220188
FR015135,0,0.01495094783604145
FR010082,0,0.012085466645658016
FR018314,0,0.0030914389062672853
FR014765,0,0.01082246471196413
FR017556,0,0.004261254332959652
FR002371,0,0.0439128540456295
FR018212,0,0.004413843620568514
FR000142,0,0.006759684532880783
FR008169,0,0.00505112623795867
FR003120,0,0.005123077426105738
FR008555,0,0.005995894782245159
FR017163,0,0.010231518186628819
FR016280,0,0.0071408990770578384
FR010181,0,0.006833659950643778
FR006396,0,0.0035268657375127077
FR019465,0,0.0051623135805130005
FR002024,0,0.005185408983379602
FR008974,0,0.019627155736088753
FR008791,0,0.025950437411665916
FR017039,0,0.004871264565736055
FR012793,0,0.007514111697673798
FR001962,0,0.06092260405421257
FR002083,0,0.007362197618931532
FR015556,0,0.014927356503903866
FR013747,0,0.004308522213250399
FR016700,0,0.007462865207344294
FR012075,0,0.004767220467329025
FR015322,0,0.020992876961827278
FR008891,0,0.008434955962002277
FR004102,0,0.005038837902247906
FR017982,0,0.008386149071156979
FR000667,0,0.010078600607812405
FR007311,0,0.019700011238455772
FR014275,0,0.038924816995859146
FR000423,0,0.009329700842499733
FR010359,0,0.0090266028419137
FR010460,0,0.005502843298017979
FR007910,0,0.015117708593606949
FR015632,0,0.011695275083184242
FR013935,0,0.01456440333276987
FR012640,0,0.004466183017939329
FR015655,0,0.01073042955249548
FR001866,0,0.006263339892029762
FR015132,0,0.016667548567056656
FR004817,0,0.05942725017666817
FR007471,0,0.009716356173157692
FR009769,0,0.007069399580359459
FR010643,0,0.0029611755162477493
FR011349,0,0.010578191839158535
FR004162,0,0.006483061704784632
FR003641,0,0.006698629353195429
FR017766,0,0.036781687289476395
FR001004,0,0.12941128015518188
FR003512,0,0.011771018616855145
FR015542,0,0.015967413783073425
FR016128,0,0.009871868416666985
FR012470,0,0.038333918899297714
FR007115,0,0.00849117897450924
FR018707,0,0.015881473198533058
FR012991,0,0.017204970121383667
FR002956,0,0.0065990835428237915
FR018308,0,0.00299468613229692
FR018661,0,0.004546448588371277
FR017786,0,0.00817838218063116
FR006860,0,0.006630155723541975
FR000057,0,0.00512149790301919
FR009513,0,0.00332398503087461
FR010873,0,0.009133704006671906
FR016970,0,0.007102498784661293
FR006941,0,0.01618216559290886
FR002344,0,0.02578672766685486
FR015847,0,0.005570244509726763
FR017509,0,0.01619543880224228
FR009254,0,0.007719078101217747
FR013807,0,0.0028242669068276882
FR003315,0,0.05466243252158165
FR008704,0,0.00730589684098959
FR008764,0,0.003569650463759899
FR002202,0,0.004139904864132404
FR013880,0,0.004454734269529581
FR000029,0,0.010164134204387665
FR009557,0,0.009633911773562431
FR000502,0,0.015157283283770084
FR016621,0,0.028881428763270378
FR019110,0,0.006975778844207525
FR018479,1,0.7450001835823059
FR007330,0,0.00436712522059679
FR001116,0,0.22137565910816193
FR013187,0,0.010863942094147205
FR004360,0,0.07246867567300797
FR014239,0,0.008232129737734795
FR007650,0,0.05604620650410652
FR003566,0,0.007812735624611378
FR008680,0,0.01024204958230257
FR003339,0,0.016057902947068214
FR016653,0,0.0065221162512898445
FR012597,0,0.0034278801176697016
FR019291,0,0.009386341087520123
FR015250,0,0.00876417476683855
FR011068,0,0.017923135310411453
FR014261,0,0.007373300846666098
FR009149,0,0.006968548521399498
FR011857,0,0.010467495769262314
FR015504,0,0.003604029305279255
FR019224,0,0.010372272692620754
FR010272,0,0.004988770000636578
FR008147,0,0.009864721447229385
FR007129,0,0.019316639751195908
FR013030,0,0.00807536393404007
FR015126,0,0.013682597316801548
FR009853,0,0.006717676762491465
FR014118,0,0.010868893936276436
FR001715,0,0.05181566998362541
FR001100,0,0.007729088421911001
FR012428,1,0.009818241000175476
FR015869,0,0.008549397811293602
FR013609,0,0.010130994953215122
FR013080,0,0.005906008183956146
FR019037,0,0.01246170699596405
FR010532,0,0.0059723020531237125
FR017453,0,0.005013546906411648
FR011546,0,0.012159059755504131
FR017959,0,0.005939427763223648
FR011217,0,0.01783495955169201
FR002736,0,0.006418729666620493
FR018858,0,0.02335585281252861
FR010581,0,0.004399335943162441
FR019220,0,0.011992821469902992
FR004868,0,0.006856305990368128
FR007591,0,0.018091600388288498
FR017586,0,0.009619718417525291
FR011820,0,0.004486701916903257
FR013321,0,0.005050038453191519
FR007070,0,0.006791057530790567
FR007378,0,0.032218512147665024
FR006711,0,0.005317105446010828
FR016137,0,0.0047050416469573975
FR016941,0,0.06258104741573334
FR019322,0,0.008045892231166363
FR011043,0,0.011704334057867527
FR011008,0,0.00774508249014616
FR012934,0,0.011296922340989113
FR015217,0,0.030599555000662804
FR004499,0,0.004858837462961674
FR009061,0,0.00550225330516696
FR019058,0,0.03378385677933693
FR000461,0,0.405898779630661
FR002591,0,0.006688274908810854
FR006035,0,0.006630661431699991
FR005136,0,0.004321197047829628
FR017193,0,0.0073118750005960464
FR004750,0,0.0070358202792704105
FR001057,0,0.0027574924752116203
FR017988,0,0.008528296835720539
FR008013,0,0.04784565046429634
FR008189,0,0.009213604032993317
FR010085,0,0.004691654350608587
FR015915,0,0.02521689049899578
FR019987,0,0.004962202627211809
FR000611,0,0.006363473832607269
FR004651,0,0.014585175551474094
FR001323,0,0.007845704443752766
FR005268,0,0.006846808362752199
FR011527,0,0.0038676303811371326
FR003959,0,0.01338933315128088
FR011319,0,0.030497591942548752
FR007506,0,0.007470706012099981
FR018872,0,0.00819780956953764
FR017145,0,0.017040347680449486
FR014908,0,0.01287135574966669
FR006712,0,0.006134538445621729
FR018571,0,0.005563576705753803
FR009925,0,0.023341983556747437
FR011487,0,0.00921369157731533
FR011386,0,0.006889915559440851
FR015994,0,0.0045802840031683445
FR019386,0,0.023883560672402382
FR007528,0,0.007855439558625221
FR013951,0,0.007913574576377869
FR013716,0,0.013493318110704422
FR007575,0,0.019559346139431
FR007714,0,0.024485023692250252
FR019542,0,0.0037297531962394714
FR005108,0,0.0781693086028099
FR005025,0,0.032427720725536346
FR013300,0,0.011362598277628422
FR005561,0,0.004378011450171471
FR004638,0,0.024148765951395035
FR010396,0,0.006488997954875231
FR011317,0,0.02490932308137417
FR017772,0,0.009988529607653618
FR014510,0,0.009467022493481636
FR009410,0,0.004260162357240915
FR013978,0,0.13809412717819214
FR002115,0,0.008920510299503803
FR009697,0,0.016973968595266342
FR009624,0,0.008601028472185135
FR009303,0,0.01651245728135109
FR007353,0,0.006130934692919254
FR006430,0,0.0031371808145195246
FR003174,0,0.00836220197379589
FR003911,0,0.08167967200279236
FR015790,0,0.004244574811309576
FR018801,0,0.005195802077651024
FR018010,0,0.0048719183541834354
FR007590,0,0.02943202294409275
FR015745,0,0.005502420477569103
FR011427,0,0.004225664306432009
FR003130,0,0.010659066028892994
FR012229,0,0.004250548779964447
FR009394,0,0.015192772261798382
FR001593,0,0.008611105382442474
FR012177,0,0.010288494639098644
FR007144,0,0.05067918077111244
FR002381,0,0.009295804426074028
FR016306,0,0.030906762927770615
FR000120,0,0.027894573286175728
FR017855,0,0.013526307418942451
FR004723,0,0.0059992121532559395
FR012615,0,0.011556084267795086
FR009956,0,0.012931703589856625
FR011566,0,0.003846923355013132
FR013067,0,0.005486448295414448
FR013183,0,0.009176955558359623
FR006120,0,0.01076996698975563
FR006061,0,0.014731451869010925
FR019651,0,0.004044455010443926
FR010651,0,0.09961848706007004
FR005828,0,0.004553063306957483
FR008464,0,0.005450026597827673
FR004427,0,0.035160887986421585
FR007779,0,0.036035262048244476
FR018209,0,0.006969152484089136
FR014799,0,0.09540772438049316
FR004644,0,0.011825867928564548
FR019283,0,0.00772033492103219
FR003015,0,0.022504914551973343
FR019042,0,0.012116886675357819
FR014034,0,0.05569501593708992
FR015644,0,0.038938794285058975
FR008329,0,0.013548734597861767
FR001922,0,0.007384155876934528
FR011173,0,0.0034357307013124228
FR017558,0,0.011466472409665585
FR000028,0,0.00929251592606306
FR006005,0,0.005793615244328976
FR000317,0,0.017018646001815796
FR015324,0,0.010504727251827717
FR011975,0,0.00754914153367281
FR003640,0,0.0031112483702600002
FR018691,0,0.005281777121126652
FR004766,0,0.005544487852603197
FR007338,0,0.00702281016856432
FR004198,0,0.004021935630589724
FR014626,0,0.009294197894632816
FR006011,0,0.0037634377367794514
FR015946,0,0.006248740013688803
FR009934,0,0.006985767744481564
FR010419,0,0.021237216889858246
FR000045,0,0.009975009597837925
FR016340,0,0.010122635401785374
FR006975,0,0.037626001983881
FR010731,0,0.007779704872518778
FR012148,0,0.009913716465234756
FR013444,0,0.014520171098411083
FR000215,0,0.0147175258025527
FR010503,0,0.0034551762510091066
FR018623,0,0.009402364492416382
FR010080,0,0.006342133041471243
FR010886,0,0.004505541175603867
FR009745,0,0.027535676956176758
FR007509,0,0.0058244504034519196
FR010127,0,0.012560677714645863
FR000670,0,0.0075919609516859055
FR000876,0,0.007938027381896973
FR015241,0,0.01018916442990303
FR005847,0,0.003888146486133337
FR015189,0,0.020709022879600525
FR004236,0,0.002300830325111747
FR009548,0,0.019069917500019073
FR016389,0,0.014489246532320976
FR013180,0,0.05019945651292801
FR014473,0,0.0024774428457021713
FR015021,0,0.012647723779082298
FR002604,0,0.05059676244854927
FR019732,0,0.009007650427520275
FR006725,0,0.058313846588134766
FR002002,0,0.0040768813341856
FR003752,0,0.0037050009705126286
FR000395,0,0.0043122367933392525
FR016926,0,0.006814701948314905
FR004498,0,0.028732554987072945
FR012342,0,0.008031398057937622
FR003857,0,0.004477690905332565
FR013136,0,0.0048889536410570145
FR019681,0,0.006887213792651892
FR002128,0,0.011064013466238976
FR013583,0,0.020433221012353897
FR010724,0,0.0029012274462729692
FR004788,0,0.004947272129356861
FR004581,0,0.00566189456731081
FR002376,0,0.00531487911939621
FR013506,0,0.019565390422940254
FR018776,0,0.006244435906410217
FR015272,0,0.008452849462628365
FR003694,0,0.007896028459072113
FR002774,0,0.013635309413075447
FR007896,0,0.007753871381282806
FR006028,0,0.0063405828550457954
FR001104,0,0.01644239015877247
FR005966,0,0.005469904746860266
FR018098,0,0.006399247795343399
FR002859,0,0.004172542132437229
FR012272,0,0.13105545938014984
FR000165,0,0.006062154658138752
FR019972,0,0.010415968485176563
FR011707,0,0.01837790757417679
FR002207,0,0.03438747301697731
FR007512,0,0.006881518755108118
FR017680,0,0.013996570371091366
FR015762,0,0.0033058361150324345
FR004911,0,0.005253633018583059
FR009234,0,0.01343708299100399
FR002291,0,0.017195595428347588
FR000174,0,0.028081966564059258
FR007598,0,0.006826052442193031
FR003127,0,0.018276948481798172
FR007606,0,0.007014289498329163
FR019247,0,0.006589965429157019
FR016881,0,0.0059862625785171986
FR012928,0,0.02389168180525303
FR002802,0,0.007534957490861416
FR000866,0,0.004866470582783222
FR005280,0,0.0030276926700025797
FR019607,0,0.004380454309284687
FR014263,0,0.00880711991339922
FR016933,0,0.003409081604331732
FR008483,0,0.007160008419305086
FR001899,0,0.016061315312981606
FR005081,0,0.005144321359694004
FR013931,0,0.0075416103936731815
FR014037,0,0.004768336191773415
FR005529,0,0.021573452278971672
FR016452,0,0.0035629745107144117
FR006174,0,0.03850637003779411
FR018055,0,0.015244505368173122
FR002720,0,0.004464627243578434
FR007363,0,0.07607196271419525
FR015833,0,0.0052668247371912
FR013934,0,0.006598870735615492
FR014819,0,0.026384776458144188
FR010199,0,0.006566926836967468
FR012233,0,0.007653848268091679
FR016630,0,0.004765067249536514
FR006571,0,0.004506540019065142
FR011320,0,0.005924893077462912
FR007456,0,0.006355010438710451
FR005598,0,0.02001498080790043
FR003132,0,0.008162925019860268
FR016387,0,0.023730022832751274
FR009847,0,0.003382641589269042
FR004775,0,0.00416247732937336
FR009558,0,0.004633006639778614
FR018916,0,0.011584147810935974
FR002096,0,0.009115561842918396
FR019639,0,0.007333993446081877
FR009993,0,0.01010995265096426
FR006242,0,0.0042360625229775906
FR004478,0,0.002549328375607729
FR010334,0,0.008084333501756191
FR008056,0,0.007730789016932249
FR003423,0,0.04924878478050232
FR011169,0,0.008264864794909954
FR006737,0,0.006141761317849159
FR009910,0,0.0034565345849841833
FR000329,0,0.003596689086407423
FR007644,0,0.004949695430696011
FR002108,0,0.007138908375054598
FR015139,0,0.00859835371375084
FR018547,0,0.007532450836151838
FR006216,0,0.009283998981118202
FR001767,0,0.00935806892812252
FR008889,0,0.030012022703886032
FR014022,0,0.011273512616753578
FR017608,0,0.00835633184760809
FR018531,0,0.003670790698379278
FR014395,0,0.00987638533115387
FR009277,0,0.0042792996391654015
FR001646,0,0.010302789509296417
FR005100,0,0.004337958060204983
FR011249,0,0.011936452239751816
FR018542,0,0.0029917052015662193
FR001143,0,0.008893981575965881
FR011288,0,0.008407779969274998
FR015525,1,0.10559618473052979
FR000397,0,0.00722282100468874
FR006189,0,0.04065907746553421
FR012321,0,0.019807180389761925
FR007655,0,0.006768856197595596
FR017442,0,0.009403950534760952
FR018927,0,0.004395035561174154
FR019040,0,0.0034920619800686836
FR010341,0,0.005609996151179075
FR004251,0,0.004193642642349005
FR006646,0,0.0044022672809660435
FR013291,0,0.009749997407197952
FR019223,0,0.044832002371549606
FR009535,0,0.01271074078977108
FR000366,0,0.013958847150206566
FR002111,0,0.02229643240571022
FR008457,0,0.016352126374840736
FR019059,0,0.006903239991515875
FR019315,0,0.003163261106237769
FR016654,0,0.028053639456629753
FR015980,0,0.003937854897230864
FR011730,0,0.009701038710772991
FR001929,0,0.003176681697368622
FR004056,0,0.0032580411061644554
FR011656,0,0.0049666003324091434
FR017426,0,0.04380736127495766
FR011689,0,0.012202112935483456
FR009313,0,0.009799100458621979
FR015795,1,0.013023486360907555
FR019687,0,0.008740602992475033
FR016471,0,0.002795648528262973
FR012522,0,0.06770768016576767
FR016673,0,0.005280264187604189
FR018744,0,0.01642609015107155
FR018073,0,0.003885011887177825
FR009016,0,0.018348047509789467
FR004235,0,0.00828714482486248
FR011148,0,0.007917255163192749
FR007407,0,0.03382769227027893
FR008518,0,0.007142765447497368
FR001766,0,0.008951358497142792
FR007653,0,0.0031395929399877787
FR002780,0,0.018177740275859833
FR016103,0,0.003749424358829856
FR019533,0,0.040614791214466095
FR018895,0,0.004547087475657463
FR004059,0,0.007673619315028191
FR001199,0,0.0073674819432199
FR009800,0,0.01341397874057293
FR016388,0,0.034295547753572464
FR007096,0,0.012586715631186962
FR007005,0,0.012068496085703373
FR018610,0,0.003962112125009298
FR008925,0,0.006795359309762716
FR002394,0,0.01351115945726633
FR002807,0,0.012612680904567242
FR003721,0,0.013867110945284367
FR008263,0,0.005878314841538668
FR015512,0,0.027182677760720253
FR015269,0,0.002718465868383646
FR003716,1,0.015820618718862534
FR002586,0,0.0026206045877188444
FR002542,0,0.015182089060544968
FR006525,0,0.020604535937309265
FR002176,0,0.010600203648209572
FR002453,0,0.006156533025205135
FR015000,0,0.021643375977873802
FR009942,0,0.008367493748664856
FR004118,0,0.041703686118125916
FR005322,0,0.007135600317269564
FR016366,0,0.03573762625455856
FR000989,0,0.00837842095643282
FR011130,0,0.014767518267035484
FR007964,0,0.0083084711804986
FR019500,0,0.007227838970720768
FR003083,0,0.0038545469287782907
FR016691,0,0.0039946469478309155
FR012617,0,0.0213028397411108
FR002266,0,0.00839302409440279
FR019820,0,0.013022089377045631
FR018076,0,0.03540725260972977
FR009571,0,0.014271070249378681
FR010993,0,0.009705043397843838
FR005187,0,0.00408967537805438
FR005189,0,0.015769189223647118
FR013031,0,0.0252744872123003
FR016522,0,0.007259052246809006
FR015699,0,0.0035828365944325924
FR012251,0,0.006666739005595446
FR003279,0,0.03881513327360153
FR013275,0,0.017309291288256645
FR012516,0,0.029426978901028633
FR013286,0,0.005829245783388615
FR010393,0,0.02156277559697628
FR002469,0,0.02222384326159954
FR006757,0,0.007599616423249245
FR003269,0,0.005123242735862732
FR012198,0,0.005432428326457739
FR004129,0,0.003957549575716257
FR019804,0,0.02745874598622322
FR008355,0,0.003419423010200262
FR015271,0,0.007942242547869682
FR008105,0,0.0052582453936338425
FR002270,0,0.008213440887629986
FR014027,0,0.0054222275502979755
FR004125,0,0.02802271954715252
FR001797,0,0.008513307198882103
FR016465,0,0.00831388309597969
FR016762,0,0.013844482600688934
FR014511,0,0.01928769424557686
FR013408,0,0.032767154276371
FR000416,0,0.014251388609409332
FR000489,0,0.008338317275047302
FR014853,0,0.12841257452964783
FR005026,0,0.005268336273729801
FR003543,0,0.04215841367840767
FR016849,0,0.05221831426024437
FR003443,0,0.05124339833855629
FR016426,0,0.0063504925929009914
FR004151,0,0.0042352378368377686
FR019523,0,0.012050701305270195
FR001425,0,0.009289535693824291
FR019250,0,0.012576259672641754
FR002436,0,0.014559559524059296
FR019185,0,0.0035239860881119967
FR008312,0,0.008073236793279648
FR006390,0,0.005913815461099148
FR019183,0,0.006509383674710989
FR011507,0,0.01139802671968937
FR006149,0,0.017023559659719467
FR019195,0,0.023487284779548645
FR002773,0,0.0029366868548095226
FR017435,0,0.005769990384578705
FR015362,0,0.01143551617860794
FR006866,0,0.003716026898473501
FR002825,0,0.004930153954774141
FR019248,1,0.2961471676826477
FR016105,0,0.007535774260759354
FR009755,0,0.0038523816037923098
FR012814,0,0.016590936109423637
FR006053,0,0.005561940837651491
FR014032,0,0.002672516740858555
FR003963,0,0.014561345800757408
FR015934,0,0.027131641283631325
FR003996,0,0.03282574564218521
FR009429,0,0.0027199762407690287
FR002310,0,0.00469166086986661
FR018654,0,0.007765031885355711
FR009880,0,0.005483553279191256
FR014405,0,0.025007551535964012
FR017071,0,0.03166979178786278
FR006813,0,0.004252084530889988
FR002417,0,0.04722723364830017
FR016860,0,0.004752968903630972
FR008027,0,0.00452808802947402
FR019249,0,0.004967250861227512
FR001686,0,0.006243788171559572
FR000808,0,0.029846593737602234
FR012531,0,0.009723111987113953
FR016715,0,0.004723026882857084
FR019660,0,0.006521544419229031
FR017081,0,0.06097410246729851
FR018470,0,0.007733448874205351
FR015105,0,0.003813937772065401
FR012876,0,0.013500829227268696
FR007806,0,0.012315196916460991
FR002585,0,0.037526097148656845
FR009020,0,0.007415772415697575
FR012210,0,0.012170199304819107
FR005171,0,0.010342609137296677
FR018435,0,0.05262163653969765
FR018331,0,0.00444277236238122
FR006919,0,0.00759649183601141
FR002730,0,0.01128107775002718
FR009850,0,0.011895675212144852
FR008325,0,0.009905089624226093
FR011311,0,0.012209455482661724
FR006776,0,0.010252680629491806
FR012648,0,0.01948067918419838
FR010565,0,0.031207745894789696
FR014474,0,0.0042703463695943356
FR016359,0,0.02916547656059265
FR016253,0,0.00799878966063261
FR009603,0,0.003648260375484824
FR005085,0,0.019185641780495644
FR008750,0,0.0033969415817409754
FR014831,0,0.0042772721499204636
FR018015,0,0.010674101300537586
FR007566,0,0.020148171111941338
FR015463,0,0.010035418905317783
FR007726,0,0.005723732523620129
FR010110,0,0.015212161466479301
FR002311,0,0.009656107053160667
FR001311,0,0.009310048073530197
FR000555,0,0.009821329265832901
FR001888,0,0.01764906756579876
FR012830,0,0.00803027767688036
FR008601,0,0.005997782573103905
FR016256,0,0.020053232088685036
FR014603,0,0.012216928415000439
FR014877,0,0.008650378324091434
FR010108,0,0.015643708407878876
FR005755,0,0.007829004898667336
FR015018,0,0.0034764313604682684
FR010151,0,0.0035294690169394016
FR010746,0,0.00306613533757627
FR013494,0,0.003419178072363138
FR018819,0,0.005163224879652262
FR018734,0,0.009528464637696743
FR018597,0,0.00892192218452692
FR004455,0,0.00592921394854784
FR003792,0,0.0049279555678367615
FR008674,0,0.01539861224591732
FR018456,0,0.0226336307823658
FR003495,0,0.043284617364406586
FR001600,0,0.006356323137879372
FR012728,0,0.006488432642072439
FR003887,0,0.004230693448334932
FR007678,0,0.273599237203598
FR014094,0,0.02487819269299507
FR015636,0,0.007553722709417343
FR007164,0,0.07426593452692032
FR008895,0,0.005532057955861092
FR004171,0,0.04871746897697449
FR005657,0,0.009411962702870369
FR011340,0,0.02553599514067173
FR010009,0,0.005338460672646761
FR002067,0,0.011967665515840054
FR001082,0,0.007470851764082909
FR017144,0,0.004516843240708113
FR002101,0,0.004045467358082533
FR008331,0,0.0261539239436388
FR008413,0,0.006783737801015377
FR004086,0,0.0064976513385772705
FR014126,0,0.014682337641716003
FR009856,0,0.006040899083018303
FR005812,0,0.005880686454474926
FR019280,0,0.0037798802368342876
FR018743,0,0.03343646228313446
FR011643,0,0.039639294147491455
FR010891,0,0.010608618147671223
FR013815,0,0.023048192262649536
FR007628,0,0.009911910630762577
FR015190,0,0.01565457135438919
FR018099,0,0.010972739197313786
FR002661,0,0.0067107887007296085
FR009640,0,0.009934842586517334
FR017407,0,0.0031890689861029387
FR007813,0,0.007289205677807331
FR016532,0,0.009013057686388493
FR014759,0,0.13129377365112305
FR010446,0,0.0203426331281662
FR006081,0,0.015176678076386452
FR000092,0,0.011771328747272491
FR009564,0,0.01046847365796566
FR013252,0,0.003407107200473547
FR000772,0,0.013117450289428234
FR018467,0,0.023061348125338554
FR018755,0,0.007545391097664833
FR003292,0,0.007628371939063072
FR019394,0,0.022661710157990456
FR000938,0,0.032555125653743744
FR009189,0,0.04187867045402527
FR003679,0,0.0057985251769423485
FR017401,0,0.02789441868662834
FR007557,0,0.006821350194513798
FR011277,0,0.008836841210722923
FR016775,0,0.05665627494454384
FR017111,0,0.005440776702016592
FR005156,0,0.004756657872349024
FR006947,0,0.006788636092096567
FR011819,0,0.006570850964635611
FR002987,0,0.009843672625720501
FR005943,0,0.006119082681834698
FR007088,0,0.02128354273736477
FR009357,0,0.13836683332920074
FR000032,0,0.009325796738266945
FR007708,0,0.004662647843360901
FR004430,0,0.03545822203159332
FR009284,0,0.03555427864193916
FR002513,0,0.012962831184267998
FR016818,0,0.010906647890806198
FR008934,0,0.01642380841076374
FR004895,0,0.020517369732260704
FR009855,0,0.006008691620081663
FR005992,0,0.00439055822789669
FR019279,0,0.00842304341495037
FR011094,0,0.008922470733523369
FR003477,0,0.03758007287979126
FR006417,0,0.008854453451931477
FR018533,0,0.009083458222448826
FR012987,0,0.026068074628710747
FR004078,0,0.004412018693983555
FR013517,0,0.00424588518217206
FR017867,0,0.003605029545724392
FR016433,0,0.00662175053730607
FR014427,0,0.007517550606280565
FR000439,0,0.013449522666633129
FR001037,0,0.006064585875719786
FR007588,1,0.01305331476032734
FR016461,0,0.004821070469915867
FR005418,0,0.005861269310116768
FR002442,0,0.006267853081226349
FR019407,0,0.005492182914167643
FR005764,0,0.007771654520183802
FR003687,0,0.003913458902388811
FR005150,0,0.0785999447107315
FR001803,0,0.42740920186042786
FR010142,0,0.0050981976091861725
FR018960,0,0.003153676399961114
FR019682,0,0.004553666338324547
FR012923,0,0.005546543747186661
FR009453,0,0.0064707729034125805
FR000713,0,0.00510984193533659
FR005230,0,0.014979458414018154
FR001769,0,0.013397802598774433
FR017364,0,0.007326557766646147
FR001139,0,0.010601073503494263
FR009979,0,0.008533943444490433
FR018979,0,0.031589873135089874
FR007430,0,0.004911447409540415
FR003475,0,0.004134476650506258
FR016351,0,0.008496391586959362
FR013821,0,0.007552989758551121
FR014900,0,0.012327638454735279
FR005221,0,0.012398811057209969
FR007736,0,0.03775216266512871
FR019866,0,0.08474629372358322
FR002150,0,0.016331929713487625
FR018666,0,0.003763664746657014
FR014399,0,0.011197162792086601
FR003259,0,0.7466285228729248
FR019897,0,0.0040557472966611385
FR015297,0,0.013446992263197899
FR008174,0,0.018726004287600517
FR009612,0,0.012234220281243324
FR001573,0,0.011810259893536568
FR005607,0,0.006518770940601826
FR017886,0,0.005781583953648806
FR000250,0,0.01402305532246828
FR010161,0,0.005088353529572487
FR013032,0,0.006718023680150509
FR008319,0,0.014626496471464634
FR008718,0,0.003737551858648658
FR013162,0,0.006998421624302864
FR016968,0,0.004586569033563137
FR011441,0,0.04688800498843193
FR019532,0,0.0471152625977993
FR007782,0,0.005901303607970476
FR019328,0,0.0897158682346344
FR009747,0,0.009065495803952217
FR007995,0,0.019213203340768814
FR014219,0,0.03526123985648155
FR001545,0,0.007232476491481066
FR000127,0,0.004973096773028374
FR000464,0,0.014803067781031132
FR009848,0,0.009698734618723392
FR012658,1,0.5136846303939819
FR010661,0,0.01223543006926775
FR009119,0,0.006627392489463091
FR002132,0,0.015120015479624271
FR003604,0,0.005131897516548634
FR019976,0,0.031858284026384354
FR007006,0,0.007684396579861641
FR006773,0,0.005986856296658516
FR004282,0,0.005388545338064432
FR001337,0,0.005238429177552462
FR014416,0,0.0073672933503985405
FR016047,0,0.022950366139411926
FR019064,0,0.009414737112820148
FR005339,0,0.0070303091779351234
FR013099,0,0.012164960615336895
FR013222,0,0.00382823683321476
FR011913,0,0.016595255583524704
FR000821,0,0.02715720236301422
FR000163,0,0.07905987650156021
FR007709,0,0.005582206416875124
FR017554,1,0.01476367563009262
FR006700,0,0.008881654590368271
FR007012,0,0.007608054205775261
FR015439,0,0.003097717184573412
FR017205,0,0.005600162781774998
FR019975,0,0.005599515046924353
FR003833,0,0.01389257051050663
FR003363,0,0.009367073886096478
FR004726,0,0.006272939965128899
FR016693,0,0.031191663816571236
FR012408,0,0.010045381262898445
FR009473,0,0.017982084304094315
FR002501,0,0.017920231446623802
FR017393,0,0.00879767257720232
FR005705,0,0.009570371359586716
FR017285,0,0.008656863123178482
FR004677,0,0.03543185442686081
FR004621,0,0.08384916931390762
FR019161,0,0.01175959687680006
FR012587,0,0.0034521385096013546
FR002340,0,0.003135574981570244
FR008998,0,0.027897626161575317
FR001055,0,0.022428937256336212
FR012731,0,0.06624135375022888
FR010227,0,0.01063521672040224
FR004715,0,0.039297133684158325
FR019826,0,0.007372965570539236
FR006729,0,0.005113416351377964
FR016677,0,0.028022335842251778
FR013826,0,0.00572060514241457
FR012882,0,0.010381507687270641
FR006259,0,0.006093477364629507
FR010955,0,0.005009190645068884
FR001691,0,0.008001267910003662
FR007866,0,0.0048069735057652
FR012631,0,0.00801114086061716
FR004800,0,0.022716768085956573
FR009034,0,0.008320273831486702
FR017892,0,0.02831050008535385
FR017585,0,0.004495909903198481
FR017881,0,0.0028732572682201862
FR000175,0,0.005883360281586647
FR007354,0,0.007444154471158981
FR015672,0,0.025501716881990433
FR018195,0,0.007272231858223677
FR014730,0,0.02470727078616619
FR017745,0,0.02091856859624386
FR017097,0,0.008840667083859444
FR010459,0,0.00850003957748413
FR019563,0,0.019764496013522148
FR014317,0,0.006725753657519817
FR008327,0,0.010845020413398743
FR014154,0,0.014906524680554867
FR005154,0,0.01285301148891449
FR006345,0,0.0049620638601481915
FR009869,0,0.004412687383592129
FR009285,0,0.00756170554086566
FR012547,0,0.007636473514139652
FR019684,0,0.00859194528311491
FR010501,0,0.006951757241040468
FR002771,0,0.003896425012499094
FR019524,0,0.004667448345571756
FR006828,0,0.02067292109131813
FR006740,0,0.0240822434425354
FR006143,1,0.02288115955889225
FR017423,0,0.016161922365427017
FR002269,0,0.0060835713520646095
FR007101,0,0.0057568419724702835
FR006774,0,0.004335653968155384
FR004794,0,0.006624049972742796
FR006680,0,0.004098015837371349
FR017824,0,0.02276928722858429
FR018546,0,0.007417685352265835
FR019411,0,0.003947882913053036
FR019034,0,0.03149665519595146
FR003035,0,0.006602829322218895
FR019001,0,0.005377001129090786
FR001541,0,0.007430928759276867
FR006335,0,0.0073506576009094715
FR013858,0,0.008066801354289055
FR002582,0,0.048478204756975174
FR004443,0,0.010547732003033161
FR008104,0,0.006047582253813744
FR005849,0,0.008046220056712627
FR008297,0,0.006694283802062273
FR017659,0,0.009672924876213074
FR006136,0,0.02228541113436222
FR006498,0,0.0030091272201389074
FR015387,0,0.00698886439204216
FR011201,0,0.006814979482442141
FR017916,0,0.009070449508726597
FR001357,0,0.0036544688045978546
FR013534,0,0.006856195628643036
FR018759,0,0.008038919419050217
FR015426,0,0.004196949303150177
FR001925,0,0.01583937555551529
FR006842,0,0.009887774474918842
FR013907,0,0.004002512898296118
FR011826,0,0.0112388264387846
FR016147,0,0.005388938821852207
FR008484,0,0.013905216008424759
FR012458,0,0.004779736045747995
FR017155,0,0.0213878583163023
FR012820,0,0.00940845999866724
FR011542,0,0.005972540006041527
FR009500,0,0.005017920397222042
FR011866,0,0.006982854101806879
FR009464,0,0.010932201519608498
FR010206,0,0.008707938715815544
FR003099,0,0.017555108293890953
FR003126,0,0.08562832325696945
FR007391,0,0.004633433185517788
FR003949,0,0.00540849519893527
FR013091,0,0.00886024720966816
FR004806,0,0.012931290082633495
FR015633,0,0.005215317010879517
FR012125,0,0.013012201525270939
FR015652,0,0.030076541006565094
FR019599,0,0.019090984016656876
FR009990,0,0.02534514293074608
FR008576,0,0.004474501591175795
FR005196,0,0.016704140231013298
FR019359,0,0.006546155083924532
FR013078,0,0.00426217308267951
FR007326,0,0.021801011636853218
FR008759,0,0.013259286992251873
FR008418,0,0.007613370660692453
FR004490,0,0.026060691103339195
FR017597,0,0.04855521395802498
FR018451,0,0.0449649877846241
FR016718,0,0.033814601600170135
FR007071,0,0.01376084890216589
FR010076,0,0.00630226219072938
FR000600,0,0.5607395172119141
FR017258,0,0.01986834593117237
FR008594,0,0.004791741259396076
FR012627,0,0.004623545333743095
FR003608,0,0.010438789613544941
FR001869,0,0.012172005139291286
FR006353,0,0.06773819774389267
FR007261,0,0.00869245920330286
FR002627,0,0.005758452694863081
FR010426,0,0.02347971685230732
FR017863,0,0.007510129828006029
FR006089,0,0.008736224845051765
FR015384,0,0.003174547106027603
FR004310,0,0.004930973052978516
FR005270,0,0.00413551926612854
FR007940,0,0.002811893355101347
FR018814,0,0.014896529726684093
FR005815,0,0.017734447494149208
FR002233,0,0.009634976275265217
FR003169,0,0.010725671425461769
FR004402,0,0.0033426859881728888
FR014193,0,0.018541336059570312
FR017148,0,0.027247892692685127
FR005858,0,0.00647278968244791
FR019554,1,0.08146832138299942
FR002484,0,0.01423655916005373
FR013947,0,0.0070908865891397
FR011701,0,0.008242776617407799
FR012452,0,0.014327761717140675
FR010827,0,0.004127310588955879
FR018164,0,0.003957014065235853
FR005072,1,0.6921609044075012
FR003932,0,0.02965717762708664
FR010434,0,0.05312778800725937
FR010226,0,0.0058129034005105495
FR003222,0,0.006904629059135914
FR014856,0,0.03908919543027878
FR003997,0,0.007448479067534208
FR018265,0,0.008104708977043629
FR000788,0,0.011758893728256226
FR010627,0,0.0037240006495267153
FR005252,0,0.011678553186357021
FR004594,0,0.00359408394433558
FR007888,0,0.005758646409958601
FR017635,0,0.009546085260808468
FR006624,0,0.0066589065827429295
FR015647,0,0.005487356334924698
FR011806,0,0.008225545287132263
FR000900,0,0.008582073263823986
FR009286,0,0.006153207737952471
FR013076,0,0.008264685049653053
FR002801,0,0.008770420216023922
FR003466,0,0.015634773299098015
FR012583,0,0.006120576523244381
FR006316,0,0.02396986074745655
FR001666,0,0.011413226835429668
FR002702,0,0.003410800825804472
FR014384,0,0.025766968727111816
FR017778,0,0.0076084439642727375
FR009636,0,0.006322100292891264
FR004770,0,0.03249447047710419
FR011537,0,0.005307218991219997
FR015224,0,0.022218026220798492
FR009298,0,0.0053400942124426365
FR019785,0,0.006534251384437084
FR009311,0,0.006533818319439888
FR011005,0,0.01087607815861702
FR001735,0,0.07306890934705734
FR011547,0,0.0048888446763157845
FR010308,0,0.015920579433441162
FR006663,0,0.03778677061200142
FR005810,0,0.0071183377876877785
FR018417,0,0.01089643593877554
FR011728,0,0.05318257957696915
FR008251,1,0.01065844763070345
FR005641,0,0.08277434855699539
FR011835,0,0.018905319273471832
FR009724,0,0.0052874344401061535
FR017294,0,0.0040056221187114716
FR004069,0,0.004617946222424507
FR012871,0,0.010193666443228722
FR005973,0,0.004549920093268156
FR001547,0,0.0064833383075892925
FR005600,0,0.028429321944713593
FR005035,0,0.007680121809244156
FR014692,0,0.006345554254949093
FR002974,0,0.0061057922430336475
FR012124,0,0.005351117812097073
FR003029,0,0.006282321643084288
FR002744,0,0.022221654653549194
FR016533,0,0.002889155177399516
FR013841,0,0.09777843952178955
FR001181,1,0.04615280032157898
FR018134,0,0.009820698760449886
FR012888,0,0.005674227140843868
FR011513,0,0.03656229376792908
FR003575,0,0.010101228021085262
FR015483,0,0.003537346376106143
FR004678,0,0.0037348575424402952
FR018080,0,0.005816158838570118
FR008967,0,0.00573307229205966
FR015960,0,0.012028094381093979
FR002707,0,0.006263429298996925
FR005155,0,0.0027553585823625326
FR013619,0,0.013893713243305683
FR008983,0,0.006078867707401514
FR006660,0,0.004841415211558342
FR001872,0,0.06983863562345505
FR006880,0,0.007164121605455875
FR017517,0,0.016185572370886803
FR007681,0,0.060645993798971176
FR004351,0,0.10014112293720245
FR012629,0,0.02219177968800068
FR010090,0,0.004244337324053049
FR000021,0,0.0033373828046023846
FR016515,0,0.01011442020535469
FR014056,0,0.008564632385969162
FR011554,0,0.00657324492931366
FR011114,0,0.01014698389917612
FR016445,0,0.014880052767693996
FR016086,0,0.006871580146253109
FR000234,0,0.0039468370378017426
FR016634,0,0.003542826510965824
FR004484,0,0.004571511410176754
FR013079,0,0.01976645179092884
FR007038,0,0.004531317390501499
FR015302,0,0.0032147967722266912
FR007329,0,0.02382422424852848
FR016498,0,0.014227427542209625
FR013801,0,0.006156547460705042
FR013981,0,0.005461672320961952
FR003262,0,0.07142861187458038
FR003395,0,0.003549694549292326
FR005388,0,0.02355087175965309
FR002095,0,0.0037388219498097897
FR010269,0,0.00784621387720108
FR019300,0,0.005395805463194847
FR011219,0,0.004075936507433653
FR016613,0,0.015226433053612709
FR013811,0,0.00595435593277216
FR002965,0,0.025052782148122787
FR007641,0,0.004457331728190184
FR008300,0,0.004976946394890547
FR010505,0,0.009762251749634743
FR015682,0,0.011065833270549774
FR000677,0,0.02729174494743347
FR001312,0,0.0037195414770394564
FR007920,0,0.0053201098926365376
FR001532,0,0.005745347123593092
FR015574,0,0.012763146311044693
FR013972,0,0.004164337646216154
FR004456,0,0.006624386180192232
FR010282,0,0.0056688301265239716
FR010469,0,0.0039305840618908405
FR011045,0,0.03600122407078743
FR010900,0,0.00582408020272851
FR001528,0,0.003559303004294634
FR000510,0,0.006370119750499725
FR011586,0,0.00596045283600688
FR018492,0,0.005689747165888548
FR019005,0,0.005050937179476023
FR010182,0,0.00641096755862236
FR017611,0,0.007385819219052792
FR013864,0,0.004299784079194069
FR017065,0,0.013989346101880074
FR001720,0,0.008893419057130814
FR007283,0,0.006389961577951908
FR009807,0,0.021973708644509315
FR016044,0,0.004618033766746521
FR003093,0,0.006500301882624626
FR006487,0,0.012304906733334064
FR018152,0,0.003537642303854227
FR015181,0,0.053204428404569626
FR007672,0,0.028008369728922844
FR015007,0,0.003918884787708521
FR015786,0,0.004801235161721706
FR010579,0,0.008520720526576042
FR013257,0,0.00659676780924201
FR009732,0,0.01499499287456274
FR018029,0,0.0033832606859505177
FR008957,0,0.006038815248757601
FR012183,0,0.011554756201803684
FR019991,0,0.01093791052699089
FR010495,0,0.039802175015211105
FR011726,0,0.008091291412711143
FR000846,0,0.008229872211813927
FR002795,0,0.004704649094492197
FR009309,0,0.029647551476955414
FR015072,0,0.4141019880771637
FR001214,0,0.004131726920604706
FR008796,0,0.00910962000489235
FR013225,0,0.01871192827820778
FR001299,0,0.009855648502707481
FR006411,0,0.004924615379422903
FR015590,0,0.019594760611653328
FR010844,0,0.010213526897132397
FR005588,0,0.018917815759778023
FR007235,0,0.025640442967414856
FR014857,0,0.018443411216139793
FR010903,0,0.05885917693376541
FR010070,0,0.006646673195064068
FR001400,0,0.014944754540920258
FR009692,0,0.0029798115137964487
FR005999,0,0.010652570985257626
FR003437,0,0.006181986071169376
FR003923,0,0.015240674838423729
FR014670,0,0.007454367820173502
FR008447,0,0.039268966764211655
FR019139,0,0.04549092799425125
FR015111,0,0.009772305376827717
FR007444,0,0.18724901974201202
FR001304,0,0.021751808002591133
FR001020,0,0.015520266257226467
FR017698,0,0.0069107785820961
FR009904,0,0.0524926520884037
FR013944,0,0.0051104966551065445
FR000993,0,0.008816082961857319
FR011061,0,0.008688400499522686
FR001355,0,0.0034899585880339146
FR003333,0,0.009167426265776157
FR001556,0,0.0065378462895751
FR017697,0,0.0042520263232290745
FR009395,0,0.003932589665055275
FR012966,0,0.005095839966088533
FR013873,0,0.027364911511540413
FR007241,0,0.003826017025858164
FR002750,0,0.009389972314238548
FR013579,0,0.006185892038047314
FR012252,0,0.007763882167637348
FR004935,0,0.004090910777449608
FR006052,0,0.008312806487083435
FR010633,0,0.018574442714452744
FR012504,0,0.01035743672400713
FR010978,0,0.010123413987457752
FR013043,0,0.01616240106523037
FR004192,0,0.004978007171303034
FR012247,0,0.016446972265839577
FR004722,0,0.01015802938491106
FR014958,0,0.006598082836717367
FR008685,0,0.014330893754959106
FR003042,0,0.01420503482222557
FR017332,0,0.00493151368573308
FR010892,0,0.017883067950606346
FR018587,0,0.01045694574713707
FR000588,0,0.008143571205437183
FR012176,0,0.02768808789551258
FR017237,0,0.0070358035154640675
FR008094,0,0.00877449568361044
FR014500,0,0.009965172968804836
FR009554,0,0.009636308997869492
FR006310,0,0.010632282122969627
FR017288,0,0.005525270476937294
FR009482,0,0.005907128099352121
FR013594,0,0.00437549501657486
FR005370,0,0.0048704808577895164
FR006456,0,0.004151695407927036
FR005413,0,0.15374284982681274
FR016507,0,0.008403797633945942
FR002599,0,0.014611487276852131
FR000204,0,0.024116327986121178
FR009527,0,0.0061678956262767315
FR017307,0,0.0026221179869025946
FR002200,0,0.011208910495042801
FR011639,0,0.005214881617575884
FR007504,0,0.030524086207151413
FR000426,0,0.028840046375989914
FR007637,0,0.004946624394506216
FR018022,0,0.003915031906217337
FR012062,0,0.005153371021151543
FR017284,0,0.008549490943551064
FR006617,0,0.008379953913390636
FR017414,0,0.00729423388838768
FR015290,0,0.005506173707544804
FR004978,0,0.007959822192788124
FR006905,0,0.024686699733138084
FR012114,0,0.007315696682780981
FR017934,0,0.022381383925676346
FR000823,0,0.014789965003728867
FR008172,0,0.00641987007111311
FR001481,0,0.008776719681918621
FR004332,0,0.014012939296662807
FR007013,0,0.0043392968364059925
FR000837,0,0.014292060397565365
FR006582,0,0.005559016950428486
FR005365,0,0.014103611931204796
FR010379,0,0.0029123015701770782
FR016224,0,0.01520279236137867
FR003268,0,0.007879081182181835
FR004165,0,0.005696565378457308
FR011440,0,0.012989304959774017
FR009467,0,0.007936953566968441
FR009306,0,0.00886035617440939
FR005003,0,0.006451659370213747
FR008864,0,0.005111454054713249
FR012429,0,0.05328140780329704
FR006500,0,0.012103458866477013
FR012598,0,0.01922716200351715
FR000126,0,0.004496769979596138
FR013071,0,0.005499542690813541
FR006772,0,0.014059145003557205
FR019498,0,0.005145758856087923
FR017699,0,0.03121975064277649
FR011628,0,0.004639181308448315
FR011182,0,0.005706959404051304
FR012840,0,0.19083593785762787
FR014960,0,0.007292870432138443
FR002142,0,0.02244541607797146
FR014517,0,0.02430739253759384
FR011986,1,0.21772541105747223
FR001498,0,0.013499495573341846
FR016182,0,0.005605447106063366
FR007560,0,0.004481482785195112
FR012899,0,0.006886643823236227
FR012180,0,0.010162772610783577
FR005795,0,0.04188217222690582
FR008736,0,0.02869199775159359
FR005019,0,0.05739801004528999
FR003881,0,0.009017202071845531
FR014458,0,0.0047833421267569065
FR011889,0,0.016086548566818237
FR017142,0,0.014042492024600506
FR001327,0,0.004628228489309549
FR009913,0,0.007231706287711859
FR004066,0,0.021941155195236206
FR012446,0,0.010114343836903572
FR002109,0,0.011687434278428555
FR009611,0,0.0044371383264660835
FR001663,0,0.006852790247648954
FR000672,0,0.007933927699923515
FR015703,0,0.006715856958180666
FR007573,0,0.0061910743825137615
FR013339,0,0.004279253073036671
FR013268,0,0.00621890788897872
FR015237,0,0.005766517017036676
FR015432,0,0.00891569722443819
FR004392,0,0.05570970103144646
FR002362,0,0.008341515436768532
FR002386,0,0.008342146873474121
FR010342,0,0.05467689409852028
FR004801,0,0.023447727784514427
FR001723,0,0.02374478057026863
FR006932,0,0.008353875018656254
FR013309,0,0.00370356859639287
FR012527,0,0.004940005484968424
FR018912,0,0.011737474240362644
FR017021,0,0.008195646107196808
FR015304,0,0.007835849188268185
FR015492,0,0.013826779089868069
FR017956,0,0.010774870403110981
FR002799,0,0.013767385855317116
FR013117,0,0.04162032529711723
FR000542,0,0.009887793101370335
FR003024,0,0.008988188579678535
FR011807,0,0.002434131922200322
FR008088,0,0.00917150266468525
FR007233,0,0.007953728549182415
FR019281,0,0.005715226288884878
FR001862,0,0.03832589089870453
FR014551,0,0.029703756794333458
FR013192,0,0.014280926436185837
FR001656,0,0.017990190535783768
FR009266,0,0.002489179139956832
FR006102,0,0.00353330303914845
FR014945,0,0.027634475380182266
FR017343,0,0.016705917194485664
FR008145,0,0.018259640783071518
FR015039,0,0.018005991354584694
FR016088,0,0.007693953812122345
FR018460,0,0.012856950052082539
FR003885,0,0.010332110337913036
FR005655,0,0.006836589891463518
FR005793,0,0.007187411654740572
FR006733,0,0.007767533417791128
FR008844,0,0.0052840025164186954
FR009673,1,0.05129583925008774
FR017861,0,0.005583736579865217
FR008476,0,0.007315696682780981
FR017161,0,0.004417304415255785
FR001444,0,0.029543103650212288
FR008651,0,0.004319789819419384
FR012866,0,0.016395878046751022
FR000941,0,0.007432888261973858
FR001955,0,0.02465594932436943
FR009871,0,0.012799782678484917
FR001991,0,0.014106574468314648
FR010528,0,0.004232774954289198
FR008230,0,0.0050538950599730015
FR006902,0,0.007957317866384983
FR008881,0,0.008745082654058933
FR004220,0,0.04128332808613777
FR006887,0,0.005710477940738201
FR005723,0,0.00871388427913189
FR015661,0,0.01608726568520069
FR013469,0,0.018516456708312035
FR000945,0,0.004809759557247162
FR009165,0,0.2605920732021332
FR015418,0,0.005562212783843279
FR008414,0,0.00450710067525506
FR007160,0,0.004096500109881163
FR006644,0,0.004872647114098072
FR019849,0,0.0065541137009859085
FR009534,0,0.0031547709368169308
FR014943,0,0.006379017140716314
FR005516,0,0.07600861042737961
FR016989,0,0.002632903167977929
FR001273,0,0.010948088020086288
FR014487,0,0.021016009151935577
FR007174,0,0.013573464937508106
FR012994,0,0.037805117666721344
FR002419,0,0.028366878628730774
FR006496,0,0.011563652195036411
FR000478,0,0.012603419832885265
FR002090,0,0.01960093155503273
FR015773,0,0.00877643283456564
FR003043,0,0.007555531337857246
FR016203,0,0.009416387416422367
FR004583,0,0.009023434482514858
FR015923,0,0.02451707050204277
FR010499,0,0.005832463037222624
FR019691,0,0.009133155457675457
FR014657,0,0.016880037263035774
FR010837,0,0.01303208339959383
FR006111,0,0.0040040831081569195
FR007387,0,0.018840046599507332
FR012534,0,0.007086372468620539
FR004260,0,0.015492581762373447
FR019947,0,0.012072515673935413
FR000621,0,0.012714607641100883
FR017481,0,0.011871268972754478
FR004463,0,0.005753873381763697
FR002434,0,0.00604431563988328
FR004580,0,0.0046486807987093925
FR000149,0,0.004250796977430582
FR007981,0,0.005190921947360039
FR014810,0,0.023572565987706184
FR014547,0,0.00584569713100791
FR009811,0,0.006033805664628744
FR017598,0,0.007553929928690195
FR001064,0,0.010920483618974686
FR007453,0,0.003600719152018428
FR004799,0,0.003444393165409565
FR012035,0,0.02863239124417305
FR006154,0,0.025830617174506187
FR011787,0,0.007141625974327326
FR000470,0,0.00636048661544919
FR002929,0,0.004672452807426453
FR016629,0,0.0046196626499295235
FR019569,0,0.011531921103596687
FR012327,0,0.009046693332493305
FR006584,0,0.014473267830908298
FR005619,0,0.009168040938675404
FR017244,0,0.007922977209091187
FR004444,0,0.005991505924612284
FR015827,0,0.009012307971715927
FR009486,0,0.0030272749718278646
FR011021,0,0.007043859455734491
FR012113,0,0.0027499618008732796
FR014171,0,0.0028140253853052855
FR006604,0,0.007556840777397156
FR015709,0,0.0072334278374910355
FR009153,0,0.00788111612200737
FR005062,0,0.02643272653222084
FR015011,0,0.004283539950847626
FR015394,0,0.009287863969802856
FR012448,0,0.007392275147140026
FR015445,0,0.00506064435467124
FR000229,0,0.003742302767932415
FR008014,0,0.01822678931057453
FR013069,0,0.019086720421910286
FR000986,0,0.004475391935557127
FR000254,0,0.005121694877743721
FR002366,0,0.0026782930362969637
FR015427,0,0.017284812405705452
FR008204,0,0.05773546174168587
FR009965,0,0.009333218447864056
FR009114,0,0.004065186716616154
FR002332,1,0.012221923097968102
FR005739,0,0.017871396616101265
FR016768,0,0.006617968901991844
FR018355,0,0.005788983311504126
FR016937,0,0.009902863763272762
FR005188,0,0.002615898847579956
FR005949,0,0.011201145127415657
FR012017,0,0.004181483294814825
FR015692,0,0.005291270557790995
FR019370,0,0.01227116584777832
FR014794,0,0.02924964763224125
FR018770,0,0.015937883406877518
FR004533,0,0.19156034290790558
FR004026,0,0.012933098711073399
FR006755,0,0.007087299134582281
FR000037,0,0.004462234675884247
FR019045,0,0.005677943583577871
FR010743,0,0.007057166192680597
FR012698,0,0.005218182224780321
FR006583,0,0.019090162590146065
FR007470,0,0.011556225828826427
FR015560,0,0.008930827490985394
FR008192,0,0.01543499156832695
FR006172,0,0.010252859443426132
FR009458,0,0.004339369013905525
FR000815,0,0.03443478047847748
FR010471,0,0.008066515438258648
FR000123,0,0.03476901724934578
FR007823,0,0.004367210436612368
FR015909,0,0.02269335836172104
FR011129,0,0.006235559470951557
FR011825,0,0.006047106347978115
FR004530,0,0.0039044746663421392
FR005242,0,0.00565614178776741
FR015824,0,0.009333263151347637
FR002057,0,0.008390424773097038
FR002607,1,0.5647531747817993
FR011836,0,0.024376222863793373
FR019863,0,0.029189566150307655
FR004521,0,0.006998093798756599
FR014801,0,0.007221681997179985
FR017063,0,0.008983793668448925
FR000717,0,0.004830970894545317
FR015075,0,0.00547006307169795
FR007704,0,0.022983424365520477
FR004367,0,0.01191574614495039
FR007831,0,0.01847594790160656
FR015648,0,0.014485849998891354
FR011912,0,0.005003523547202349
FR018486,0,0.007681571878492832
FR011032,0,0.004168355837464333
FR009194,0,0.00432183314114809
FR013247,0,0.008268594741821289
FR000063,0,0.006306252907961607
FR014417,0,0.010623658075928688
FR004472,0,0.004194915294647217
FR014625,0,0.012057896703481674
FR016041,0,0.013018124736845493
FR015415,0,0.006237716879695654
FR004878,0,0.03056246042251587
FR010569,0,0.006650291848927736
FR009002,0,0.0066745588555932045
FR007933,0,0.010994141921401024
FR014045,0,0.0034384941682219505
FR015430,0,0.002581207547336817
FR017204,0,0.021554602310061455
FR017679,0,0.022660093382000923
FR016022,0,0.003925664350390434
FR009525,0,0.018292607739567757
FR000816,0,0.07275306433439255
FR011747,0,0.005971639882773161
FR012703,0,0.003662622533738613
FR015913,1,0.16344207525253296
FR012549,0,0.0077853635884821415
FR018536,0,0.02988114207983017
FR015564,0,0.017916379496455193
FR016037,0,0.0030067535117268562
FR004537,0,0.004823082126677036
FR006466,0,0.01476143579930067
FR014364,0,0.2972046434879303
FR014298,0,0.00812468957155943
FR003438,0,0.01027553528547287
FR008600,0,0.024170877411961555
FR017840,0,0.008431287482380867
FR004504,0,0.0054341210052371025
FR004951,0,0.02532331272959709
FR000872,0,0.007593229413032532
FR013729,0,0.007933680899441242
FR009696,0,0.009110460057854652
FR001448,0,0.03491797298192978
FR004160,0,0.05915448069572449
FR018070,0,0.005350480787456036
FR009914,0,0.007866759784519672
FR016480,0,0.005193372257053852
FR008101,0,0.01383118238300085
FR008272,0,0.0029496257193386555
FR004646,0,0.007231247611343861
FR017833,0,0.06852312386035919
FR006877,0,0.005497201811522245
FR015916,1,0.009963084943592548
FR017633,0,0.003900600364431739
FR001374,0,0.004651044495403767
FR010674,0,0.00646023266017437
FR019261,0,0.009446118026971817
FR018408,0,0.01042298972606659
FR012970,0,0.014024999924004078
FR013635,0,0.005620457231998444
FR013675,0,0.03608076646924019
FR017221,0,0.0066286795772612095
FR009508,0,0.022239554673433304
FR012405,0,0.013026434928178787
FR005603,0,0.004204163793474436
FR018956,0,0.009561710990965366
FR002104,0,0.006784059107303619
FR003137,0,0.009301927872002125
FR003989,0,0.008909143507480621
FR015840,0,0.0046377722173929214
FR000563,0,0.007015229668468237
FR019567,0,0.0110382791608572
FR010560,0,0.003894867142662406
FR001923,0,0.004372571129351854
FR007694,0,0.003917743917554617
FR009033,0,0.004727709572762251
FR008562,0,0.005277637857943773
FR014948,0,0.0051580495201051235
FR017450,0,0.012127718888223171
FR009301,0,0.038756370544433594
FR008244,0,0.005183505825698376
FR000860,0,0.021797657012939453
FR002639,0,0.00440072501078248
FR018471,0,0.006929165683686733
FR000946,0,0.07632116228342056
FR013588,0,0.03939761221408844
FR018215,0,0.0068292925134301186
FR017315,0,0.02485405094921589
FR009793,0,0.006369438022375107
FR011301,0,0.004301415290683508
FR013201,0,0.017762502655386925
FR012169,0,0.010762435384094715
FR012780,0,0.0696641057729721
FR012163,0,0.016680456697940826
FR004330,0,0.0044844127260148525
FR001428,0,0.005061218049377203
FR013911,0,0.057359758764505386
FR007166,0,0.005640910938382149
FR006581,0,0.012879075482487679
FR010783,0,0.017473435029387474
FR009630,0,0.006567393429577351
FR017713,0,0.005778117571026087
FR009881,0,0.0037962966598570347
FR009456,0,0.006929024122655392
FR012145,0,0.004572064615786076
FR005640,0,0.010690816678106785
FR005541,0,0.054389629513025284
FR012074,0,0.009986752644181252
FR010425,0,0.005758813116699457
FR016421,0,0.017241330817341805
FR006287,0,0.010193093679845333
FR008801,0,0.018182722851634026
FR015298,0,0.01024888176470995
FR018803,0,0.005850922781974077
FR008753,0,0.00675219064578414
FR005693,0,0.021580956876277924
FR005049,0,0.006431093905121088
FR008950,0,0.03406914696097374
FR019318,0,0.03239290788769722
FR000115,0,0.007671158295124769
FR010944,0,0.0034726534504443407
FR001858,0,0.00882956013083458
FR000835,0,0.006210049614310265
FR017492,0,0.04460492357611656
FR010008,0,0.019240381196141243
FR009602,0,0.009481068700551987
FR000135,0,0.007227150723338127
FR016692,0,0.005823724437505007
FR008637,0,0.004191786982119083
FR003901,0,0.004710717126727104
FR016303,0,0.006639216095209122
FR009762,0,0.2225770354270935
FR016581,0,0.16150128841400146
FR016927,0,0.004013699945062399
FR018820,0,0.003553758142516017
FR018953,0,0.004959236830472946
FR012215,0,0.01201658509671688
FR012939,0,0.0791654884815216
FR017835,0,0.00922470260411501
FR002374,0,0.004351328127086163
FR008062,0,0.0052696955390274525
FR004276,0,0.009860614314675331
FR013569,0,0.006059977225959301
FR011296,0,0.005930979270488024
FR019344,0,0.005224128719419241
FR014471,0,0.00911074411123991
FR004604,0,0.003529502544552088
FR002854,0,0.003536561504006386
FR010015,0,0.006970446556806564
FR009804,0,0.007397924549877644
FR001201,0,0.007323377765715122
FR011522,0,0.005068236496299505
FR011911,0,0.009555242024362087
FR007932,0,0.004603174980729818
FR013023,0,0.013193481601774693
FR014012,0,0.010387030430138111
FR019620,0,0.006918657571077347
FR010535,0,0.004329608287662268
FR017230,0,0.015642577782273293
FR012556,0,0.006145843770354986
FR000077,0,0.025970526039600372
FR008999,1,0.019123347476124763
FR003634,0,0.012225027196109295
FR015017,0,0.005167635623365641
FR007355,0,0.005139755085110664
FR009676,0,0.004609528463333845
FR000919,0,0.006478281691670418
FR011514,0,0.00532152596861124
FR012456,0,0.006464837118983269
FR015551,0,0.008026286028325558
FR014041,0,0.007287939544767141
FR002763,0,0.004213598556816578
FR001875,0,0.007983412593603134
FR015351,0,0.006276459898799658
FR011214,1,0.5120770931243896
FR018079,0,0.08622437715530396
FR016336,0,0.011316068470478058
FR000148,1,0.03468361124396324
FR014519,0,0.005162384826689959
FR010893,0,0.009577343240380287
FR018202,0,0.006269046571105719
FR019206,0,0.003808611771091819
FR018406,0,0.005323989782482386
FR008586,0,0.01062298659235239
FR014407,0,0.03273317590355873
FR001856,0,0.007990160025656223
FR007548,0,0.007456502877175808
FR000207,0,0.0060871015302836895
FR007935,0,0.005324348341673613
FR012009,0,0.008325728587806225
FR015073,0,0.004469792824238539
FR006859,0,0.01547727920114994
FR019164,0,0.0043626450933516026
FR008462,0,0.005016746930778027
FR010935,0,0.00650410633534193
FR015797,0,0.02960938587784767
FR005151,0,0.02880658395588398
FR010728,0,0.006387007888406515
FR007867,0,0.012012171559035778
FR003038,0,0.00615356070920825
FR006191,0,0.025373807176947594
FR016713,0,0.008988257497549057
FR010839,0,0.00478795450180769
FR002813,0,0.007880131714046001
FR014834,0,0.006119978614151478
FR008748,0,0.004343223292380571
FR019566,0,0.02670620195567608
FR017444,0,0.004405509680509567
FR011625,0,0.004591051489114761
FR003242,0,0.009049840271472931
FR010304,0,0.0048232171684503555
FR018401,0,0.00956830196082592
FR001014,0,0.014522526413202286
FR010230,0,0.009763229638338089
FR018338,0,0.11253872513771057
FR009069,0,0.015602171421051025
FR004820,0,0.011703280732035637
FR018438,0,0.007129454519599676
FR011660,0,0.003354473505169153
FR007220,0,0.009061581455171108
FR011153,1,0.6714526414871216
FR007989,0,0.0053056105971336365
FR003474,0,0.007948361337184906
FR018680,0,0.01731637306511402
FR007232,0,0.0032956753857433796
FR014081,0,0.005463786423206329
FR007466,0,0.011028341017663479
FR011569,0,0.00680572260171175
FR003116,0,0.00503356009721756
FR005557,0,0.00417657196521759
FR002592,0,0.006890858057886362
FR004250,0,0.004722708836197853
FR015371,0,0.05241349712014198
FR012363,0,0.0057237409055233
FR011113,0,0.0069776419550180435
FR003689,0,0.00458655646070838
FR003082,0,0.00705353170633316
FR019239,0,0.008555754087865353
FR012100,0,0.006590571254491806
FR019018,0,0.014696920290589333
FR007589,0,0.006618571002036333
FR009436,0,0.00797517690807581
FR015975,0,0.15580162405967712
FR004022,0,0.008768148720264435
FR003900,0,0.02279835008084774
FR004995,0,0.00828420277684927
FR005965,0,0.004966963082551956
FR008841,0,0.015596885234117508
FR005420,0,0.011845571920275688
FR007665,0,0.00807847362011671
FR018457,0,0.06982620060443878
FR009518,0,0.007166597992181778
FR012443,0,0.00997642707079649
FR015367,0,0.035346873104572296
FR017588,0,0.0027980091981589794
FR010438,0,0.004904067609459162
FR002992,0,0.01885521598160267
FR006681,0,0.011897552758455276
FR011471,0,0.00429219426587224
FR008116,0,0.01421836856752634
FR012022,0,0.0508122444152832
FR016083,0,0.026210622861981392
FR017501,0,0.003942838404327631
FR018701,0,0.006055421195924282
FR014627,0,0.009354166686534882
FR013878,0,0.01030009239912033
FR012460,0,0.0034638792276382446
FR015369,0,0.017642976716160774
FR004032,0,0.014370025135576725
FR006322,0,0.005778876133263111
FR014175,0,0.008051980286836624
FR018993,0,0.00728212483227253
FR003462,0,0.004041807260364294
FR012636,0,0.010406222194433212
FR000691,0,0.03951135277748108
FR019126,0,0.007374218665063381
FR012753,0,0.00861597154289484
FR017757,0,0.12941962480545044
FR003597,0,0.009748552925884724
FR002528,0,0.0071792746894061565
FR017648,0,0.004363032523542643
FR005465,0,0.011834073811769485
FR000112,0,0.003354738000780344
FR001643,0,0.004267991054803133
FR014635,0,0.007121266797184944
FR004025,0,0.006192998960614204
FR018827,0,0.004513028543442488
FR010202,0,0.007097151130437851
FR017628,0,0.007882521487772465
FR006529,0,0.008376095443964005
FR017174,0,0.009468600153923035
FR014456,0,0.007880221121013165
FR000059,0,0.008576937951147556
FR017281,0,0.052372124046087265
FR019545,0,0.05633488669991493
FR013329,0,0.004373196046799421
FR006643,0,0.024665825068950653
FR009635,0,0.01238093338906765
FR000893,0,0.08582299202680588
FR007609,0,0.004394956398755312
FR005590,0,0.009970001876354218
FR013499,0,0.004864932503551245
FR019243,0,0.10452622920274734
FR009780,0,0.0043874201364815235
FR008083,0,0.004531896207481623
FR000187,0,0.0060586160980165005
FR011991,0,0.006598795764148235
FR011446,0,0.013325448147952557
FR009451,0,0.004917540587484837
FR007370,0,0.010778947733342648
FR016512,0,0.003981021698564291
FR003349,0,0.006977050565183163
FR000062,0,0.004956350661814213
FR010035,0,0.006191214546561241
FR019276,0,0.002956919837743044
FR002465,0,0.009144538082182407
FR006282,0,0.07888045161962509
FR013488,0,0.005485516507178545
FR013104,0,0.01678497903048992
FR001710,0,0.029791206121444702
FR017085,0,0.05304457247257233
FR018785,0,0.006299294531345367
FR000659,0,0.008471101522445679
FR010049,0,0.017103785648941994
FR016054,0,0.006945544853806496
FR000003,0,0.021204881370067596
FR004720,0,0.010480874218046665
FR011050,0,0.09913250058889389
FR009774,0,0.019093532115221024
FR001148,0,0.03953239694237709
FR006626,0,0.01894555799663067
FR012869,0,0.007364131510257721
FR014769,0,0.012013766914606094
FR014699,0,0.023159371688961983
FR013365,0,0.004982874728739262
FR007119,0,0.009896321222186089
FR016530,0,0.17955347895622253
FR012395,0,0.0108605045825243
FR015906,0,0.00880101602524519
FR007929,0,0.048875607550144196
FR000948,0,0.0033407723531126976
FR018121,0,0.00557840708643198
FR005254,0,0.058343324810266495
FR011285,0,0.019754789769649506
FR003399,0,0.011398160830140114
FR009102,0,0.0027909637428820133
FR017117,0,0.006379642989486456
FR005954,0,0.012983852997422218
FR019397,0,0.005717812106013298
FR011027,0,0.005141186527907848
FR004134,0,0.0051221419125795364
FR007295,0,0.0072083789855241776
FR005170,0,0.0038940829690545797
FR003810,0,0.003834923729300499
FR000881,0,0.006111770402640104
FR017634,0,0.00868679117411375
FR015437,0,0.01733316108584404
FR010525,0,0.03107081539928913
FR014435,0,0.007126666605472565
FR001816,0,0.08335966616868973
FR003489,0,0.01189226284623146
FR000912,0,0.0038651993963867426
FR014772,0,0.011035916395485401
FR006195,0,0.010979468002915382
FR009915,0,0.008268351666629314
FR006924,0,0.0038592589553445578
FR019669,0,0.008319479413330555
FR016595,0,0.019410420209169388
FR008993,0,0.007499456871300936
FR011093,0,0.0063604144379496574
FR014771,0,0.005337015260010958
FR019618,0,0.004257878754287958
FR016577,0,0.010039896704256535
FR004576,0,0.006034119985997677
FR019450,0,0.01712948828935623
FR016898,0,0.08876767009496689
FR008807,0,0.012364845722913742
FR008613,0,0.006391717586666346
FR018184,0,0.003707793541252613
FR012717,0,0.008154081180691719
FR003350,0,0.005760623142123222
FR007719,0,0.04700421541929245
FR012969,0,0.00902712345123291
FR017381,0,0.011803355067968369
FR010707,0,0.009534874930977821
FR018390,0,0.00795881636440754
FR003432,0,0.009412785060703754
FR015711,0,0.011297694407403469
FR014789,0,0.017694147303700447
FR011545,0,0.005262027960270643
FR010498,0,0.004739435855299234
FR011704,0,0.012145699933171272
FR001255,0,0.005909223109483719
FR017868,0,0.006579291541129351
FR015320,0,0.006272365804761648
FR018965,0,0.022144991904497147
FR015964,0,0.008266838267445564
FR018337,0,0.04126955568790436
FR013768,0,0.07876517623662949
FR007451,0,0.008563483133912086
FR011067,0,0.042252685874700546
FR015036,0,0.008675649762153625
FR005656,0,0.01557877566665411
FR006597,0,0.02143886685371399
FR016543,0,0.010020243003964424
FR014248,0,0.015764815732836723
FR009748,0,0.007148411590605974
FR000554,0,0.0047717927955091
FR019457,0,0.004049794748425484
FR016902,0,0.06347107887268066
FR002130,0,0.021165356040000916
FR006179,0,0.02167508564889431
FR001343,0,0.009396553039550781
FR014461,0,0.24690228700637817
FR011535,0,0.014842932112514973
FR014278,0,0.06607409566640854
FR004232,0,0.00848244410008192
FR007483,0,0.004869373980909586
FR000034,0,0.004302795976400375
FR014299,0,0.0036731755826622248
FR002045,0,0.006477986928075552
FR000309,0,0.008578754961490631
FR014564,0,0.05356482043862343
FR005629,0,0.009220398031175137
FR015122,0,0.030557209625840187
FR005564,0,0.019290519878268242
FR001220,0,0.0032438659109175205
FR018288,0,0.010865818709135056
FR019233,0,0.010992255061864853
FR006903,0,0.006187674589455128
FR002683,0,0.014909809455275536
FR016060,0,0.009244020096957684
FR015081,0,0.0057318443432450294
FR019943,0,0.012417123652994633
FR009332,0,0.005652632564306259
FR009935,0,0.0066984230652451515
FR011859,0,0.011484614573419094
FR019858,0,0.010416848585009575
FR009890,0,0.0052256775088608265
FR019927,0,0.0553397499024868
FR011565,0,0.004896352533251047
FR004090,0,0.0048544565215706825
FR010677,0,0.006055263336747885
FR013937,0,0.018943188712000847
FR017189,0,0.008081561885774136
FR018065,0,0.010232256725430489
FR019963,0,0.013207456097006798
FR018124,0,0.007056290749460459
FR002110,0,0.010507418774068356
FR017310,0,0.005910374224185944
FR012085,0,0.0064019737765192986
FR010327,0,0.006435162853449583
FR004567,0,0.0051801083609461784
FR002466,0,0.00783322099596262
FR004572,0,0.0118886549025774
FR005329,0,0.02455524168908596
FR014938,0,0.007051418069750071
FR008709,0,0.023578839376568794
FR005002,0,0.004712875001132488
FR004370,0,0.014848100952804089
FR006811,0,0.004166010767221451
FR006893,0,0.02405676059424877
FR014973,0,0.011379033327102661
FR002172,0,0.06596735864877701
FR008214,0,0.007610059808939695
FR010855,0,0.006449367385357618
FR008237,0,0.006047820206731558
FR000042,0,0.003942861221730709
FR014920,0,0.005320081952959299
FR000906,0,0.015231617726385593
FR003563,0,0.008491704240441322
FR016331,0,0.08219581097364426
FR017184,0,0.00475569861009717
FR010150,0,0.008882682770490646
FR008721,0,0.0071595036424696445
FR000951,0,0.03609636798501015
FR013344,0,0.03402959927916527
FR001631,0,0.0038489610888063908
FR015259,0,0.005924828350543976
FR012093,0,0.012503680773079395
FR016322,0,0.005752823315560818
FR016152,0,0.00690161157399416
FR015959,0,0.007231470197439194
FR005065,0,0.008813050575554371
FR007349,0,0.011569136753678322
FR014036,0,0.015410415828227997
FR009051,0,0.007749081123620272
FR001518,0,0.006022537127137184
FR000880,0,0.008745343424379826
FR013394,0,0.03752877190709114
FR007478,0,0.012821746058762074
FR018383,0,0.02215568721294403
FR009205,0,0.004638613201677799
FR019152,0,0.009067904204130173
FR004669,0,0.005816073622554541
FR006913,0,0.007739906199276447
FR006661,0,0.004535664338618517
FR000720,0,0.0034097686875611544
FR005769,0,0.007635476067662239
FR000775,0,0.00757639529183507
FR010218,0,0.004624947905540466
FR014738,0,0.0036686533130705357
FR017467,0,0.013198914006352425
FR006879,0,0.012279040180146694
FR001902,0,0.00500607630237937
FR007122,0,0.005635796580463648
FR014273,0,0.007744184695184231
FR013110,0,0.003706921823322773
FR005489,0,0.008340761996805668
FR003021,0,0.0031530139967799187
FR013616,0,0.004834447521716356
FR016119,0,0.018245026469230652
FR018321,0,0.004921440966427326
FR011411,0,0.012280110269784927
FR005895,0,0.010152004659175873
FR006539,0,0.0040984987281262875
FR000400,0,0.04997784271836281
FR017031,0,0.0064005604945123196
FR007399,0,0.016382189467549324
FR007328,0,0.003335473593324423
FR006792,0,0.005343172233551741
FR009744,0,0.0021924139000475407
FR011152,0,0.004381791688501835
FR003141,0,0.005117937456816435
FR017960,0,0.004447828512638807
FR000556,0,0.025724122300744057
FR014463,0,0.0031121931970119476
FR019505,0,0.013264317065477371
FR009071,0,0.07255343347787857
FR005089,0,0.015041040256619453
FR011557,0,0.018506931141018867
FR019086,0,0.005118194967508316
FR006683,0,0.04078521206974983
FR012137,0,0.0035247327759861946
FR011772,0,0.008303503505885601
FR000172,0,0.009617438539862633
FR008217,0,0.022426115348935127
FR010133,0,0.04498617351055145
FR017967,0,0.008259039372205734
FR009328,0,0.012185458093881607
FR001794,0,0.004038579761981964
FR003413,0,0.01007906161248684
FR000965,0,0.007675500120967627
FR000363,0,0.022742314264178276
FR004047,0,0.01774946227669716
FR010033,0,0.006204772740602493
FR016419,0,0.0065474072471261024
FR006587,0,0.016564421355724335
FR000070,0,0.006227861158549786
FR012324,0,0.004826236981898546
FR015192,0,0.005357065238058567
FR007280,0,0.006930602714419365
FR011074,0,0.014236491173505783
FR003366,0,0.005269353277981281
FR016153,1,0.03986930102109909
FR002912,0,0.0032179506961256266
FR011244,0,0.006900425534695387
FR005202,0,0.0074526784010231495
FR009505,0,0.07653368264436722
FR006964,0,0.008799119852483273
FR017563,0,0.008926140144467354
FR002295,0,0.010483539663255215
FR002520,0,0.0076097832061350346
FR019852,0,0.00739049119874835
FR011834,0,0.0367378368973732
FR013945,0,0.0037637613713741302
FR005666,0,0.030789725482463837
FR002613,0,0.004115423187613487
FR017639,0,0.022205490618944168
FR014837,0,0.004215105902403593
FR000734,0,0.015177405439317226
FR015354,0,0.0068769739009439945
FR003829,0,0.010563737712800503
FR013646,0,0.038571327924728394
FR011494,0,0.004237144719809294
FR016936,0,0.01818970963358879
FR012202,0,0.07507959008216858
FR003843,0,0.03504113852977753
FR002486,1,0.12447436153888702
FR016744,0,0.04057258740067482
FR019867,0,0.010297335684299469
FR011308,0,0.008191008120775223
FR003149,0,0.0069161513820290565
FR012264,0,0.005317441187798977
FR016503,0,0.01393761858344078
FR018576,0,0.009636787697672844
FR005562,0,0.00345765333622694
FR017661,0,0.011151251383125782
FR017047,0,0.00892658717930317
FR004152,0,0.005561701022088528
FR014260,0,0.005278469063341618
FR012569,0,0.042745236307382584
FR000051,0,0.00826391950249672
FR006592,0,0.008734441362321377
FR005860,0,0.022013040259480476
FR018994,0,0.015180954709649086
FR007874,0,0.007469592150300741
FR010979,0,0.04067559912800789
FR019177,0,0.004794843960553408
FR005195,0,0.006745255086570978
FR013573,0,0.007442251779139042
FR002191,0,0.0035585127770900726
FR005889,0,0.23415932059288025
FR009261,0,0.06778912991285324
FR012351,0,0.008254115469753742
FR005884,0,0.01821139082312584
FR003690,0,0.004197421949356794
FR011767,0,0.0037642691750079393
FR012693,0,0.02182728983461857
FR008521,0,0.0028864943888038397
FR000748,0,0.011851808056235313
FR012716,0,0.010071157477796078
FR007065,0,0.0068959081545472145
FR015022,0,0.006025060545653105
FR018363,0,0.006276697851717472
FR003889,0,0.005961396731436253
FR007804,0,0.04039430990815163
FR011362,1,0.012448334135115147
FR008611,0,0.0073354728519916534
FR009875,0,0.010537450201809406
FR017604,0,0.015250633470714092
FR009223,0,0.011739647947251797
FR003254,0,0.008840090595185757
FR005036,0,0.0074968342669308186
FR013027,1,0.3945891857147217
FR014610,0,0.015016418881714344
FR005307,0,0.023495730012655258
FR018554,0,0.007288035936653614
FR001682,0,0.005360557232052088
FR015668,0,0.011434497311711311
FR004095,0,0.04474229738116264
FR006524,0,0.04642507806420326
FR003246,0,0.005367197096347809
FR018131,0,0.0067450059577822685
FR013847,0,0.007762581575661898
FR015112,0,0.006285269279032946
FR007364,0,0.021924054250121117
FR001251,0,0.012250665575265884
FR013524,0,0.007724087219685316
FR000244,0,0.027258144691586494
FR015004,0,0.007982011884450912
FR003051,0,0.00708543648943305
FR004680,0,0.3820127248764038
FR018004,0,0.00884350948035717
FR011035,0,0.008608675561845303
FR002126,0,0.005784983281046152
FR019379,0,0.00604912219569087
FR003336,0,0.0036052470095455647
FR003410,0,0.0035529867745935917
FR006106,0,0.005175046157091856
FR007722,0,0.006670153699815273
FR019090,0,0.0048554884269833565
FR008896,0,0.006960275117307901
FR008212,0,0.0050851465202867985
FR015985,0,0.011073037981987
FR000373,0,0.13891072571277618
FR015671,0,0.0060438429936766624
FR001460,0,0.0036458380054682493
FR014127,0,0.005850173998624086
FR001533,0,0.007169550284743309
FR011292,0,0.004168767482042313
FR012686,0,0.03096487745642662
FR018207,0,0.013045920990407467
FR003308,0,0.004603546112775803
FR013987,0,0.014559087343513966
FR008588,0,0.005366418045014143
FR006664,0,0.003990767057985067
FR009888,0,0.005490136332809925
FR007729,0,0.011399563401937485
FR018487,0,0.0053390152752399445
FR002830,0,0.006998879369348288
FR013850,0,0.0034795894753187895
FR008689,0,0.010147146880626678
FR014574,0,0.004128700587898493
FR013806,0,0.004962011706084013
FR002674,0,0.0035472481977194548
FR003453,0,0.024649281054735184
FR019931,0,0.006262746639549732
FR018132,0,0.01168876700103283
FR005624,0,0.0033396913204342127
FR017669,0,0.03036683425307274
FR007840,0,0.02072085253894329
FR012271,0,0.031098706647753716
FR000444,0,0.0033416582737118006
FR012184,0,0.005290542729198933
FR002537,0,0.018790703266859055
FR014642,0,0.018574707210063934
FR016506,0,0.0069794198498129845
FR014890,1,0.014005588367581367
FR008477,0,0.014206977561116219
FR007228,0,0.014484052546322346
FR000176,0,0.004313948564231396
FR015140,0,0.007509344257414341
FR009742,0,0.01789085939526558
FR010447,0,0.007183554582297802
FR003848,0,0.011432190425693989
FR019036,0,0.005314703099429607
FR000177,0,0.004607314709573984
FR000054,0,0.01407348271459341
FR017754,0,0.008977614343166351
FR002224,0,0.009342812933027744
FR004902,0,0.04517713189125061
FR013766,0,0.008660283870995045
FR009683,0,0.008447332307696342
FR016447,0,0.006940540857613087
FR017382,0,0.009404967539012432
FR014654,0,0.021393602713942528
FR016774,0,0.005335352383553982
FR010012,0,0.013975047506392002
FR010384,0,0.014035859145224094
FR007077,0,0.027576932683587074
FR007312,0,0.004074717406183481
FR004891,0,0.01021864265203476
FR010215,0,0.11041256785392761
FR012437,0,0.006794091314077377
FR007341,0,0.009774631820619106
FR009143,0,0.005590333137661219
FR008486,0,0.010320303030312061
FR001208,0,0.03197300061583519
FR014705,0,0.016789156943559647
FR005402,0,0.003400389803573489
FR010541,1,0.05024478957056999
FR007268,0,0.013343730010092258
FR008370,0,0.011573750525712967
FR010122,0,0.054106712341308594
FR012014,0,0.006294854450970888
FR009707,0,0.004103191662579775
FR013680,0,0.00875515304505825
FR003168,0,0.006654000375419855
FR012319,0,0.008656350895762444
FR012080,0,0.009686116129159927
FR010353,0,0.004262104164808989
FR009367,0,0.0035563698038458824
FR009578,0,0.016717052087187767
FR019724,0,0.007551257032901049
FR005621,0,0.0517963245511055
FR000457,0,0.03460995480418205
FR010682,1,0.012187689542770386
FR008163,0,0.013766267336905003
FR018107,0,0.08351240307092667
FR008468,0,0.030658775940537453
FR006321,0,0.006338504143059254
FR001349,0,0.009228059090673923
FR003252,0,0.012695598416030407
FR017625,0,0.1404307633638382
FR015312,0,0.014147531241178513
FR006808,0,0.007262079976499081
FR017199,0,0.004839178174734116
FR004080,0,0.02016843482851982
FR001124,0,0.013049536384642124
FR017543,0,0.004263721406459808
FR012415,0,0.022476788610219955
FR011688,0,0.003188862930983305
FR016939,0,0.00748169282451272
FR012900,0,0.005570115055888891
FR003154,0,0.009646248072385788
FR008561,0,0.003723360598087311
FR003390,0,0.008663589134812355
FR019182,0,0.3366563022136688
FR018896,0,0.0057884263806045055
FR012232,0,0.00596199557185173
FR000305,0,0.006708955392241478
FR007117,0,0.006596576888114214
FR017909,0,0.005838075652718544
FR008478,0,0.04628531262278557
FR005331,0,0.0042405035346746445
FR010147,0,0.003417337778955698
FR019807,0,0.0066085332073271275
FR006006,0,0.006311783101409674
FR014883,0,0.004091003909707069
FR000901,0,0.003917491063475609
FR016800,0,0.0038798130117356777
FR011629,0,0.007850397378206253
FR018599,0,0.004946218337863684
FR010258,0,0.015425652265548706
FR018295,0,0.008141769096255302
FR001183,0,0.010431216098368168
FR015702,0,0.005488235969096422
FR012308,0,0.03412653133273125
FR017717,0,0.005718056112527847
FR015527,0,0.005035117268562317
FR009217,0,0.010253178887069225
FR012510,0,0.006881088018417358
FR011012,0,0.02931152656674385
FR006161,0,0.013800036162137985
FR005425,0,0.006433788221329451
FR012855,0,0.01432840060442686
FR017020,0,0.00866285152733326
FR010709,0,0.053081437945365906
FR018535,0,0.005204894579946995
FR003830,0,0.029031239449977875
FR018342,0,0.02033013477921486
FR015449,0,0.009705066680908203
FR015621,0,0.006832372397184372
FR016441,1,0.08580713719129562
FR018391,0,0.03153494372963905
FR011941,0,0.011968561448156834
FR014343,0,0.007204643450677395
FR011979,0,0.024088086560368538
FR017777,0,0.015908168628811836
FR009792,0,0.006149366032332182
FR018985,0,0.0041818767786026
FR011486,0,0.05637052655220032
FR015468,0,0.006609027739614248
FR004919,0,0.003913840278983116
FR001395,1,0.5737770199775696
FR005376,0,0.026053206995129585
FR007072,0,0.00575089268386364
FR015197,0,0.0034489480312913656
FR011739,0,0.005910645704716444
FR009211,0,0.0064482372254133224
FR011042,0,0.006012680009007454
FR012261,0,0.009406878612935543
FR015390,0,0.011367307044565678
FR012889,0,0.005238245241343975
FR006862,0,0.005146913696080446
FR000321,0,0.006079195998609066
FR018652,0,0.008448019623756409
FR009224,0,0.018907012417912483
FR008978,0,0.007645158097147942
FR008166,0,0.0051345545798540115
FR005902,0,0.04269486665725708
FR008299,0,0.005542910657823086
FR010748,0,0.009263942018151283
FR010735,0,0.04955365136265755
FR012824,0,0.014943842776119709
FR010160,0,0.0036892828065901995
FR018645,0,0.004071156494319439
FR016527,0,0.007141588255763054
FR010836,0,0.009407962672412395
FR016840,0,0.007694391068071127
FR011190,0,0.09472066909074783
FR003569,0,0.007898191921412945
FR016646,0,0.007373960688710213
FR010740,0,0.01480637863278389
FR009788,0,0.030566180124878883
FR003867,0,0.003500020829960704
FR013676,0,0.08119363337755203
FR008852,0,0.004056943580508232
FR017303,0,0.004244683776050806
FR007996,0,0.007230596616864204
FR014916,0,0.028375647962093353
FR008388,0,0.00486235274001956
FR015226,0,0.02213289402425289
FR005920,0,0.004285041242837906
FR013195,0,0.004828642588108778
FR007543,0,0.0061728814616799355
FR015263,0,0.005638972390443087
FR005753,0,0.053315669298172
FR006751,0,0.011657685041427612
FR012883,0,0.0111857233569026
FR006374,0,0.0026968789752572775
FR009278,0,0.007467298768460751
FR014914,0,0.0065293689258396626
FR012193,0,0.04155029356479645
FR013950,0,0.0403456948697567
FR012468,0,0.008594606071710587
FR008758,0,0.00532335601747036
FR008720,0,0.04526247829198837
FR013819,0,0.02243323065340519
FR012454,0,0.01637483760714531
FR013190,0,0.0038500858936458826
FR013909,0,0.011503078043460846
FR012343,0,0.01121461484581232
FR006806,0,0.0038365526124835014
FR018917,0,0.0114357965067029
FR003156,0,0.0057263546623289585
FR019429,0,0.007641547825187445
FR005856,0,0.007768827956169844
FR013885,1,0.02962356247007847
FR019225,0,0.010195884853601456
FR008706,0,0.014221027493476868
FR013415,0,0.03092939406633377
FR014536,0,0.008592010475695133
FR010545,0,0.007227872498333454
FR013270,0,0.015383965335786343
FR011632,0,0.008465932682156563
FR013574,0,0.012029687874019146
FR017255,0,0.010549926199018955
FR001638,1,0.05889911577105522
FR013168,0,0.012504322454333305
FR011904,0,0.006167498417198658
FR007882,0,0.005270068068057299
FR008539,0,0.006124870851635933
FR009156,0,0.010103750973939896
FR002010,0,0.027186194434762
FR009412,0,0.007479671388864517
FR002383,0,0.00930782686918974
FR019757,0,0.013031445443630219
FR010871,0,0.016099927946925163
FR012810,0,0.005511947441846132
FR016399,0,0.005884141661226749
FR016358,0,0.008813020773231983
FR008280,0,0.0035579432733356953
FR015875,0,0.020857760682702065
FR010840,0,0.004021101165562868
FR006931,0,0.00824558362364769
FR002978,0,0.004744769539684057
FR006206,0,0.014461471699178219
FR008330,0,0.0038043821696192026
FR001028,0,0.0029484396800398827
FR015674,0,0.005303285550326109
FR008023,0,0.033005643635988235
FR002410,0,0.0041334968991577625
FR006492,0,0.020276233553886414
FR004212,0,0.0053740208968520164
FR019794,0,0.014513949863612652
FR005059,0,0.005829914007335901
FR004518,0,0.006662430241703987
FR004714,0,0.016014089807868004
FR000328,0,0.04688195139169693
FR003065,0,0.013304068706929684
FR004353,0,0.005603522527962923
FR015922,0,0.007949579507112503
FR018159,0,0.01530879084020853
FR009582,0,0.02079422026872635
FR007086,1,0.07032860070466995
FR017859,0,0.005915758199989796
FR011014,0,0.005973026622086763
FR004982,0,0.019308971241116524
FR010623,0,0.007541942875832319
FR019904,0,0.016238611191511154
FR018923,0,0.036993373185396194
FR019180,0,0.029650980606675148
FR002930,0,0.010235719382762909
FR002623,0,0.013515030965209007
FR001954,0,0.0033897687681019306
FR005748,0,0.006188610102981329
FR012488,0,0.007784020155668259
FR017686,0,0.1275385320186615
FR011690,0,0.013466932810842991
FR009878,0,0.037712037563323975
FR009931,0,0.006364267319440842
FR008608,0,0.004998156800866127
FR013731,0,0.030967213213443756
FR005364,0,0.005640528164803982
FR014520,0,0.005914892069995403
FR015900,0,0.005488285329192877
FR015391,0,0.010653109289705753
FR006364,0,0.007981913164258003
FR011600,0,0.012074990198016167
FR017638,0,0.008065580390393734
FR009468,0,0.01684027910232544
FR003895,0,0.0029694652184844017
FR012364,0,0.06075920909643173
FR000811,0,0.013657612726092339
FR004936,0,0.008201551623642445
FR018168,0,0.0036219072062522173
FR017029,0,0.0048413509503006935
FR004087,0,0.006351864896714687
FR015423,0,0.005786634981632233
FR008505,0,0.005910222418606281
FR003417,0,0.004345234017819166
FR012010,0,0.007483587600290775
FR008308,0,0.009706096723675728
FR012314,0,0.00467583816498518
FR015796,0,0.009403830394148827
FR006723,0,0.005878089461475611
FR004650,0,0.02686590887606144
FR016290,0,0.007579759228974581
FR008782,0,0.006421266123652458
FR007064,0,0.01077223289757967
FR004748,0,0.008116040378808975
FR012482,0,0.005776410922408104
FR014441,0,0.004929352086037397
FR018151,0,0.01206585206091404
FR015677,0,0.006716610863804817
FR017376,0,0.012871052138507366
FR000853,0,0.010212071239948273
FR011977,0,0.003263145685195923
FR001578,0,0.01171486172825098
FR009245,0,0.027041412889957428
FR006717,0,0.010807009413838387
FR016258,0,0.017141446471214294
FR017503,0,0.0069676609709858894
FR003507,0,0.006525815464556217
FR016217,0,0.0062490422278642654
FR002139,0,0.009472102858126163
FR000956,0,0.013503719121217728
FR001727,0,0.006240206304937601
FR016719,0,0.004467673599720001
FR019839,0,0.0033008246682584286
FR017516,0,0.02208305522799492
FR001269,0,0.03022664599120617
FR003798,0,0.045122288167476654
FR004738,0,0.004995254799723625
FR010562,0,0.0057240747846663
FR015434,0,0.009984343312680721
FR016792,0,0.0036338295321911573
FR011225,0,0.00824021641165018
FR006344,0,0.026376640424132347
FR000785,0,0.008364692330360413
FR004401,0,0.016433965414762497
FR009543,0,0.005473625846207142
FR002792,0,0.006362883374094963
FR014308,0,0.006823635194450617
FR004279,0,0.006220048759132624
FR012121,0,0.010998010635375977
FR002256,0,0.0059280055575072765
FR019460,0,0.009040018543601036
FR000267,0,0.012675526551902294
FR017313,0,0.0037893527187407017
FR000594,0,0.015872227028012276
FR015807,0,0.006467247847467661
FR017700,0,0.003502719337120652
FR019948,0,0.008470140397548676
FR000571,0,0.004179559648036957
FR014909,0,0.0057322001084685326
FR000430,0,0.013526350259780884
FR005937,0,0.00724812550470233
FR003683,0,0.009149507619440556
FR002880,0,0.02382199652493
FR015138,0,0.11863487958908081
FR007212,0,0.021475695073604584
FR000650,0,0.005306523758918047
FR016200,0,0.0067421505227684975
FR014025,0,0.008884659968316555
FR011989,0,0.012414801865816116
FR000725,0,0.01485745795071125
FR010247,0,0.011622647754848003
FR005052,0,0.008123740553855896
FR004285,0,0.008490086533129215
FR018044,0,0.008968888781964779
FR011335,0,0.00448310561478138
FR004755,0,0.01386701874434948
FR006431,0,0.009483275935053825
FR010386,0,0.15630652010440826
FR014163,0,0.20180858671665192
FR005306,0,0.013792801648378372
FR010309,0,0.13225305080413818
FR017055,0,0.01153091061860323
FR001609,0,0.009136496111750603
FR017005,0,0.00575106730684638
FR001620,0,0.0050729974173009396
FR006486,0,0.005400828551501036
FR002488,0,0.023336850106716156
FR014843,1,0.017249219119548798
FR004040,0,0.013623751699924469
FR018688,0,0.004666916560381651
FR018483,0,0.013984414748847485
FR000139,0,0.008792484179139137
FR010198,0,0.004611000884324312
FR010760,0,0.006994694471359253
FR013991,0,0.006094961892813444
FR004325,0,0.04397417604923248
FR001961,0,0.012015650980174541
FR011209,0,0.004578901454806328
FR013328,0,0.026736797764897346
FR007392,0,0.061790842562913895
FR002612,0,0.028219955042004585
FR006579,0,0.008082158863544464
FR019779,0,0.020075516775250435
FR013433,0,0.0035915919579565525
FR001933,0,0.007906184531748295
FR008463,0,0.009365782141685486
FR001640,0,0.019114183261990547
FR006218,0,0.0057581826113164425
FR006816,0,0.015053514391183853
FR009830,0,0.00660453736782074
FR005622,0,0.016125282272696495
FR018125,0,0.01414793636649847
FR019084,0,0.02689717337489128
FR003476,0,0.005621805787086487
FR018690,0,0.02660776861011982
FR004099,0,0.03230803459882736
FR003628,0,0.0051703546196222305
FR019631,0,0.00418073870241642
FR004366,0,0.009247776120901108
FR008672,0,0.009209200739860535
FR005124,0,0.004873329307883978
FR019105,0,0.006742249708622694
FR015999,0,0.0053922394290566444
FR017790,0,0.00674057612195611
FR016892,0,0.007930498570203781
FR004303,0,0.003928564488887787
FR017839,0,0.007939466275274754
FR010249,0,0.006370509043335915
FR001412,0,0.005636817310005426
FR014469,0,0.026921359822154045
FR010927,0,0.004682109225541353
FR018028,0,0.00438855541869998
FR003139,0,0.02552885375916958
FR010005,0,0.003111830912530422
FR012393,0,0.011655899696052074
FR012873,0,0.009206264279782772
FR001786,0,0.005337701179087162
FR015942,0,0.008409032598137856
FR010666,0,0.025152742862701416
FR002014,0,0.0041944850236177444
FR016635,0,0.02049136720597744
FR012461,0,0.02922605723142624
FR012562,0,0.011140766553580761
FR004357,0,0.0053135911002755165
FR000103,0,0.010825094766914845
FR013175,1,0.006580323446542025
FR000453,0,0.0025353741366416216
FR001345,0,0.005007786676287651
FR010601,0,0.021583957597613335
FR012380,0,0.010601389221847057
FR006652,0,0.006042803172022104
FR001580,0,0.0048474655486643314
FR004289,0,0.005360801238566637
FR004758,0,0.005336557049304247
FR007620,0,0.012747684493660927
FR019144,0,0.004189870785921812
FR016124,0,0.007498356979340315
FR017502,0,0.012792650610208511
FR012968,0,0.0061984979547560215
FR008065,0,0.006171135231852531
FR012310,0,0.021507514640688896
FR014361,0,0.009708330035209656
FR003232,0,0.012862428091466427
FR017353,0,0.007563169579952955
FR014246,0,0.003671263810247183
FR019230,0,0.011438040062785149
FR006568,0,0.004517199005931616
FR011106,0,0.010527287609875202
FR011262,0,0.013998966664075851
FR013985,0,0.0039269509725272655
FR009868,0,0.027768941596150398
FR002657,0,0.0056803240440785885
FR000568,0,0.019462989643216133
FR019578,0,0.007145785726606846
FR018069,0,0.00623923959210515
FR005480,0,0.008532337844371796
FR008402,0,0.004374049603939056
FR017000,0,0.013950166292488575
FR000964,0,0.041270505636930466
FR009555,0,0.005046098493039608
FR016326,0,0.004241134040057659
FR008162,0,0.03361792117357254
FR013552,0,0.009530606679618359
FR010137,0,0.009351706132292747
FR014218,0,0.009090975858271122
FR008836,0,0.01196871418505907
FR009613,0,0.004391819704324007
FR017404,0,0.011844752356410027
FR005191,0,0.01046614721417427
FR012338,0,0.006779870949685574
FR017160,0,0.004999980330467224
FR001011,0,0.003977602813392878
FR005734,0,0.017766030505299568
FR010397,0,0.028444966301321983
FR010138,0,0.003189555834978819
FR003514,0,0.024518359452486038
FR008824,0,0.004456148948520422
FR005021,0,0.027309207245707512
FR008199,0,0.005480695981532335
FR016561,0,0.007101644761860371
FR019952,0,0.011506239883601665
FR002694,0,0.015465259552001953
FR001890,0,0.002921805949881673
FR015031,0,0.015068672597408295
FR019995,0,0.004374032840132713
FR016024,0,0.036631450057029724
FR010326,0,0.02049548365175724
FR011914,0,0.007329682819545269
FR011705,0,0.004066291265189648
FR013755,0,0.008336164988577366
FR006318,0,0.009527474641799927
FR012674,0,0.008949040435254574
FR018617,0,0.007315253838896751
FR015158,0,0.005382165312767029
FR009585,0,0.005728347692638636
FR004375,0,0.007504583802074194
FR005835,0,0.006954532116651535
FR001157,0,0.00469124224036932
FR011971,0,0.007006445433944464
FR002380,0,0.008123928681015968
FR016383,0,0.0038924538530409336
FR018119,0,0.008976100943982601
FR003006,0,0.00937411654740572
FR015569,0,0.006644098553806543
FR016516,0,0.007819853723049164
FR009865,0,0.003177057486027479
FR006314,0,0.0054971519857645035
FR012108,0,0.0049270885065197945
FR008749,0,0.005188541021198034
FR006346,0,0.003932425286620855
FR019480,0,0.006860511843115091
FR012550,0,0.0070408121682703495
FR004051,0,0.004050494637340307
FR007734,0,0.08315007388591766
FR003482,0,0.007650219835340977
FR008975,0,0.008789575658738613
FR012891,0,0.027014847844839096
FR011902,0,0.00822160579264164
FR016409,0,0.007188827730715275
FR009667,0,0.008215985260903835
FR013022,0,0.012906384654343128
FR013472,0,0.041422996670007706
FR015074,0,0.004534863401204348
FR012071,0,0.004318307153880596
FR011573,0,0.009923222474753857
FR001755,0,0.01102492492645979
FR000205,0,0.009603690356016159
FR006781,0,0.005968979559838772
FR007909,0,0.00788034126162529
FR007697,0,0.009476618841290474
FR002054,0,0.012964099645614624
FR009192,0,0.02779301255941391
FR000129,0,0.007313702721148729
FR004403,0,0.005976385902613401
FR017739,0,0.0024693815503269434
FR011946,0,0.005911161191761494
FR016796,0,0.0051592313684523106
FR002407,0,0.004540000576525927
FR009208,0,0.0056151458993554115
FR005253,0,0.007362985052168369
FR012942,0,0.005188287701457739
FR014825,0,0.005385277327150106
FR003966,0,0.009794558398425579
FR019695,0,0.002076451200991869
FR005792,0,0.02420344203710556
FR015086,0,0.12462161481380463
FR019475,0,0.006304618436843157
FR003309,0,0.018304087221622467
FR002957,0,0.027826223522424698
FR005688,0,0.00398891419172287
FR019020,0,0.011182601563632488
FR015498,0,0.009310699068009853
FR019147,0,0.012321102432906628
FR014362,0,0.00734949205070734
FR011906,0,0.006323424633592367
FR009356,0,0.004345262888818979
FR003912,0,0.06777429580688477
FR019357,0,0.0050804466009140015
FR001865,0,0.022672267630696297
FR002611,0,0.009786074981093407
FR004780,0,0.003956517670303583
FR010685,0,0.006701348815113306
FR017505,0,0.005963125731796026
FR004195,0,0.005840653087943792
FR019647,0,0.010363034904003143
FR019321,0,0.0819958820939064
FR000747,0,0.006643705070018768
FR003936,0,0.005521221086382866
FR017457,0,0.013757535256445408
FR001908,0,0.04681290313601494
FR014291,0,0.005180769599974155
FR004735,0,0.009868797846138477
FR014157,0,0.0927404835820198
FR000918,0,0.005753044504672289
FR010603,0,0.003203302389010787
FR007445,0,0.005639832932502031
FR008039,0,0.01159096322953701
FR017283,0,0.008030110038816929
FR012647,0,0.0056613413617014885
FR014166,0,0.005238058976829052
FR001377,0,0.012843853794038296
FR001128,0,0.007412796374410391
FR013492,0,0.0070623308420181274
FR001449,0,0.0051680696196854115
FR016055,0,0.013989109545946121
FR008699,0,0.006428126711398363
FR004081,0,0.05245760828256607
FR002289,0,0.004961357451975346
FR007742,0,0.004762989468872547
FR004253,0,0.0539313443005085
FR000402,0,0.005115284118801355
FR009814,0,0.01620103232562542
FR002737,1,0.02030918002128601
FR013962,0,0.009417307563126087
FR011091,0,0.01603742316365242
FR011226,0,0.010973971337080002
FR015032,0,0.007590793073177338
FR003322,0,0.022960912436246872
FR014522,0,0.015116941183805466
FR005027,0,0.006820326671004295
FR004475,0,0.0378195159137249
FR000027,0,0.004303552210330963
FR004876,0,0.006090535316616297
FR013898,0,0.006423131562769413
FR016262,0,0.006979932077229023
FR011310,0,0.011978782713413239
FR004481,0,0.010597677901387215
FR019423,0,0.01823636144399643
FR006948,0,0.006095297168940306
FR008870,0,0.00453976122662425
FR011511,0,0.01432130392640829
FR001203,0,0.007654134184122086
FR012682,0,0.007881690748035908
FR015219,0,0.014212843030691147
FR009043,0,0.003995779901742935
FR007110,0,0.0047672949731349945
FR008095,0,0.01811208575963974
FR009259,0,0.010288636200129986
FR012088,0,0.010417797602713108
FR017380,0,0.013299963437020779
FR008825,0,0.012208023108541965
FR002309,0,0.007433697581291199
FR005919,0,0.0032347470987588167
FR004421,0,0.0070273736491799355
FR019080,0,0.004843855742365122
FR014502,0,0.006703479215502739
FR001318,0,0.0043776268139481544
FR008144,0,0.005708781071007252
FR010368,0,0.012621982954442501
FR012588,0,0.007648728787899017
FR014745,0,0.009333241730928421
FR013423,0,0.01236209087073803
FR006897,0,0.004081850405782461
FR008326,0,0.00978170894086361
FR000959,0,0.005698491353541613
FR005664,0,0.005995715968310833
FR001969,0,0.0025628008879721165
FR008198,0,0.0035900939255952835
FR018343,0,0.011897099204361439
FR009046,0,0.012815825641155243
FR002493,0,0.00524404039606452
FR018323,0,0.0034684252459555864
FR001773,0,0.007726601790636778
FR019656,0,0.0040953075513243675
FR011470,0,0.011866264045238495
FR018911,0,0.020041750743985176
FR003599,0,0.005871403031051159
FR012653,0,0.0034099549520760775
FR016556,0,0.0072719631716609
FR010578,0,0.0064631011337041855
FR019551,0,0.006529053207486868
FR015758,0,0.006997802294790745
FR007091,0,0.003177199512720108
FR002157,0,0.003487057751044631
FR017689,0,0.006472998298704624
FR004256,0,0.004949241876602173
FR007555,0,0.007826241664588451
FR015868,0,0.005352638196200132
FR008262,0,0.0090134022757411
FR013246,0,0.007656007539480925
FR013449,0,0.006459703203290701
FR008914,0,0.03753195330500603
FR008115,0,0.007670751307159662
FR002312,0,0.013528845272958279
FR003494,1,0.0040841479785740376
FR008360,0,0.015095659531652927
FR008207,0,0.00716435257345438
FR000274,0,0.010219414718449116
FR007975,0,0.014282431453466415
FR000538,0,0.007419058587402105
FR010544,0,0.026279473677277565
FR006946,0,0.004802365321666002
FR000066,0,0.006670432165265083
FR014641,0,0.008764171041548252
FR018648,0,0.009663546457886696
FR007155,0,0.011871760711073875
FR006370,0,0.013000229373574257
FR018787,0,0.006217178422957659
FR006552,0,0.012127188965678215
FR009012,0,0.009888166561722755
FR011746,0,0.005984262563288212
FR006409,0,0.00654824823141098
FR004673,0,0.005712441168725491
FR013638,0,0.004859586711972952
FR013697,0,0.0056912037543952465
FR000686,0,0.04253639653325081
FR009201,0,0.019802745431661606
FR014990,0,0.005047276616096497
FR007993,0,0.009009463712573051
FR012167,1,0.024139776825904846
FR018977,0,0.004076629411429167
FR005878,0,0.002754423301666975
FR016520,0,0.008119468577206135
FR006760,0,0.004557990934699774
FR014608,0,0.007152548059821129
FR012049,0,0.003903742181137204
FR019204,0,0.00603837426751852
FR019547,0,0.028001569211483
FR015276,0,0.018111255019903183
FR017330,0,0.006245652679353952
FR002317,0,0.0059037404134869576
FR003621,0,0.0036872257478535175
FR012407,0,0.010185148566961288
FR016317,0,0.005402468144893646
FR011815,0,0.019674059003591537
FR011461,0,0.004472959786653519
FR001289,0,0.005114343017339706
FR019077,0,0.03024945966899395
FR013200,0,0.007147538475692272
FR010073,0,0.006606408394873142
FR014731,0,0.007104170508682728
FR003902,0,0.06333103030920029
FR019650,0,0.023193003609776497
FR013519,0,0.03720792755484581
FR003741,1,0.37958648800849915
FR005636,0,0.008552057668566704
FR014351,0,0.004848117008805275
FR003121,0,0.008654600009322166
FR002543,0,0.006077093072235584
FR005266,0,0.004876903258264065
FR017539,0,0.005014329217374325
FR013639,0,0.007708592340350151
FR005060,0,0.008878405205905437
FR004930,0,0.06265401095151901
FR010933,0,0.00904468446969986
FR011582,0,0.0063943988643586636
FR001805,0,0.006081173196434975
FR015927,0,0.014847549609839916
FR004945,0,0.004385060630738735
FR018774,0,0.013022334314882755
FR007634,0,0.004998228047043085
FR017922,0,0.015610670670866966
FR018302,0,0.01994306966662407
FR008029,1,0.3846758306026459
FR014952,0,0.032597631216049194
FR004844,0,0.032674308866262436
FR006437,0,0.0077770478092134
FR013776,0,0.008628977462649345
FR016100,0,0.00433952733874321
FR004889,0,0.008993962779641151
FR010421,0,0.005287535022944212
FR000494,0,0.016902271658182144
FR004231,0,0.027859898284077644
FR011478,0,0.008906831964850426
FR012847,0,0.008756104856729507
FR000369,0,0.12300955504179001
FR018880,0,0.04015341028571129
FR016015,0,0.007930532097816467
FR003926,0,0.13176627457141876
FR003637,0,0.003404265269637108
FR008732,0,0.004620840307325125
FR016246,0,0.02200375124812126
FR019172,0,0.010936286300420761
FR018640,0,0.012094379402697086
FR004603,0,0.007426460273563862
FR000060,0,0.00793534703552723
FR018382,0,0.006001194939017296
FR019535,0,0.007196338847279549
FR018043,0,0.005637167487293482
FR018428,0,0.01532844826579094
FR015983,0,0.005947256460785866
FR005412,0,0.037506863474845886
FR005906,0,0.002646320266649127
FR012851,0,0.007230210117995739
FR003172,0,0.008478065021336079
FR016628,0,0.042924121022224426
FR009048,0,0.008081630803644657
FR003250,0,0.0057062674313783646
FR018718,0,0.005166257731616497
FR002823,0,0.006346940062940121
FR007626,0,0.007318838965147734
FR017871,0,0.005599379539489746
FR017929,0,0.00551996473222971
FR004591,0,0.015959354117512703
FR005859,0,0.008162302896380424
FR010168,0,0.046355508267879486
FR008363,0,0.003680045483633876
FR015536,0,0.029159894213080406
FR003592,0,0.0459647998213768
FR018628,0,0.07861387729644775
FR001070,0,0.04014899209141731
FR019604,0,0.026426395401358604
FR004145,0,0.00522281788289547
FR002598,0,0.008836619555950165
FR009921,0,0.007304333616048098
FR004969,0,0.0046180072240531445
FR018384,0,0.011306561529636383
FR010454,0,0.018509849905967712
FR003511,0,0.010690408758819103
FR011237,0,0.011612797155976295
FR014442,0,0.008183345198631287
FR013980,0,0.006983813364058733
FR005285,0,0.006695051211863756
FR018432,0,0.016968343406915665
FR002184,0,0.006218969821929932
FR017257,0,0.003151502227410674
FR014488,0,0.007028565276414156
FR001854,0,0.008011319674551487
FR012558,0,0.010790063068270683
FR017259,0,0.008078821934759617
FR000777,0,0.006815845146775246
FR002106,0,0.013501952402293682
FR006073,0,0.014980949461460114
FR000637,0,0.017047841101884842
FR009168,0,0.009320252574980259
FR011848,0,0.003756557358428836
FR017537,0,0.02524278312921524
FR001405,0,0.008010239340364933
FR002052,0,0.004519961774349213
FR007136,0,0.018480747938156128
FR019043,0,0.006859056185930967
FR006694,0,0.006270282901823521
FR017351,0,0.004522447008639574
FR000341,0,0.009352337568998337
FR012592,0,0.005340375006198883
FR016418,0,0.01028463151305914
FR010337,0,0.012414545752108097
FR016458,0,0.006145700812339783
FR011355,0,0.007871514186263084
FR001221,0,0.0046572512947022915
FR012430,0,0.007228899281471968
FR019395,0,0.00988095160573721
FR005064,0,0.0031684059649705887
FR008893,0,0.005848432891070843
FR014704,0,0.01694183051586151
FR010431,0,0.005279876291751862
FR019383,0,0.008137411437928677
FR012466,0,0.00910535641014576
FR017970,0,0.005056276451796293
FR013706,0,0.00472661480307579
FR014956,0,0.013978760689496994
FR018581,0,0.005907024256885052
FR004568,0,0.010165117681026459
FR005499,0,0.009516150690615177
FR015406,0,0.0032751658000051975
FR008291,0,0.0038043279200792313
FR017807,0,0.01256781816482544
FR005157,0,0.004189870785921812
FR012687,0,0.0030826530419290066
FR007889,0,0.016295015811920166
FR015870,0,0.017991356551647186
FR018287,0,0.005408280063420534
FR016607,0,0.011378630064427853
FR003524,0,0.013299230486154556
FR013105,0,0.014949150383472443
FR009426,0,0.004718422889709473
FR014876,0,0.00703775929287076
FR019307,0,0.005784298293292522
FR011408,0,0.00718506146222353
FR009421,0,0.004483748693019152
FR015873,0,0.003906088415533304
FR006146,0,0.008420908823609352
FR008923,0,0.003278444055467844
FR004963,1,0.32160717248916626
FR016704,0,0.004083601292222738
FR004974,0,0.006220770534127951
FR004757,0,0.006302772555500269
FR006980,0,0.005046936683356762
FR011492,0,0.010938091203570366
FR018282,0,0.01688789576292038
FR002062,0,0.004196568857878447
FR011703,0,0.006724759936332703
FR006013,0,0.01707521453499794
FR004517,0,0.007237264420837164
FR009008,0,0.03531965985894203
FR008961,0,0.009693506173789501
FR018021,0,0.0053159683011472225
FR013508,0,0.010814652778208256
FR012157,0,0.025250550359487534
FR007230,0,0.006495822686702013
FR003008,0,0.00382591737434268
FR005651,0,0.011530682444572449
FR015210,0,0.017790552228689194
FR014093,0,0.005900752730667591
FR015300,0,0.003963457886129618
FR014129,0,0.00600443547591567
FR013398,0,0.004470242653042078
FR017947,0,0.006618176121264696
FR003044,0,0.011602107435464859
FR017532,0,0.02173597924411297
FR004538,0,0.06977618485689163
FR013730,0,0.006927888840436935
FR009821,0,0.008012558333575726
FR019408,0,0.0037766476161777973
FR009054,0,0.012115118093788624
FR002444,0,0.006203325930982828
FR010776,0,0.021995553746819496
FR000921,0,0.03984132036566734
FR001606,0,0.02500777319073677
FR015818,0,0.0032521497923880816
FR008096,0,0.006395277101546526
FR003037,0,0.0063760047778487206
FR003293,0,0.008206230588257313
FR012076,0,0.005408841650933027
FR006382,0,0.0035852340515702963
FR000339,0,0.006408762652426958
FR005024,0,0.005136498715728521
FR007047,0,0.004925566725432873
FR004492,0,0.0295584537088871
FR001834,0,0.004488260950893164
FR005520,0,0.004910387098789215
FR006086,0,0.06175348907709122
FR015397,0,0.01422211155295372
FR004909,0,0.008133286610245705
FR015901,0,0.03825962170958519
FR013150,0,0.03888722136616707
FR017592,0,0.003992458339780569
FR006982,0,0.029339250177145004
FR000377,0,0.007043465971946716
FR018537,0,0.005467117298394442
FR004960,0,0.01640620268881321
FR000448,0,0.007198025472462177
FR012191,0,0.004488629754632711
FR012836,0,0.010379220359027386
FR004628,0,0.004612192045897245
FR014274,0,0.017152898013591766
FR003824,0,0.040226783603429794
FR001099,1,0.09766492247581482
FR011502,0,0.0041036829352378845
FR008030,0,0.011722167953848839
FR005933,0,0.008122337982058525
FR015634,0,0.021865148097276688
FR008068,0,0.004600051324814558
FR011916,0,0.028073858469724655
FR004796,0,0.01327827200293541
FR009085,0,0.004434169270098209
FR013649,0,0.00618654303252697
FR000850,0,0.0039036606904119253
FR000770,0,0.007695810869336128
FR010765,0,0.007527483161538839
FR013564,0,0.009287714958190918
FR015744,0,0.006138278637081385
FR005555,0,0.010144665837287903
FR010491,0,0.006605156697332859
FR008140,0,0.036877721548080444
FR012116,0,0.007635288406163454
FR000975,0,0.005129928234964609
FR009280,0,0.00600819569081068
FR014092,0,0.0051966155879199505
FR008508,0,0.01305866613984108
FR001814,0,0.02772771194577217
FR000709,0,0.020146774128079414
FR010736,0,0.012910108081996441
FR015100,0,0.015287378802895546
FR009351,0,0.014508037827908993
FR002426,0,0.03537715971469879
FR016698,0,0.0053526489064097404
FR015789,0,0.06422238051891327
FR018420,0,0.04244557395577431
FR009623,0,0.03578101471066475
FR004188,0,0.03237171471118927
FR001435,0,0.007461349945515394
FR012965,0,0.005865613464266062
FR004333,0,0.006943259388208389
FR017171,0,0.011568907648324966
FR005118,0,0.015804247930645943
FR015106,1,0.033749308437108994
FR008940,0,0.0027552172541618347
FR002900,0,0.004444445017725229
FR010027,0,0.053507860749959946
FR014995,1,0.07826099544763565
FR009135,0,0.005525503307580948
FR018941,0,0.0027601346373558044
FR010270,0,0.044271133840084076
FR008892,0,0.0036169893573969603
FR017607,0,0.00441083125770092
FR012318,0,0.007614422123879194
FR001795,0,0.010267148725688457
FR016314,0,0.004828848876059055
FR017166,0,0.013361469842493534
FR019800,0,0.00586033845320344
FR005798,0,0.006214624736458063
FR014000,0,0.017949853092432022
FR014589,0,0.0043541365303099155
FR017468,0,0.008675940334796906
FR007275,0,0.013593941926956177
FR009916,0,0.012738505378365517
FR001035,0,0.013030169531702995
FR018686,0,0.018822776153683662
FR009892,0,0.009475507773458958
FR014560,0,0.020395098254084587
FR003831,0,0.005991602316498756
FR006976,0,0.021134354174137115
FR015823,0,0.01303944457322359
FR017601,0,0.006449859123677015
FR014968,0,0.006558623164892197
FR010051,0,0.006691335700452328
FR001824,0,0.015383351594209671
FR011229,0,0.0038643546868115664
FR017528,0,0.010754488408565521
FR004206,0,0.00279111391864717
FR014800,0,0.012749172747135162
FR015837,0,0.004907510243356228
FR012237,0,0.03901832178235054
FR000434,0,0.006792108993977308
FR012739,0,0.0132532874122262
FR018101,0,0.008446065708994865
FR017466,0,0.0038828717079013586
FR013810,0,0.021449077874422073
FR013410,0,0.007075014524161816
FR012593,0,0.01436601486057043
FR006462,0,0.033180467784404755
FR000455,0,0.005845244973897934
FR001051,0,0.008119641803205013
FR014555,1,0.11124532669782639
FR000431,0,0.012161890044808388
FR001733,0,0.01896827295422554
FR006510,0,0.005460330750793219
FR002050,0,0.012137521058321
FR012976,0,0.016152463853359222
FR008867,0,0.046131521463394165
FR014020,0,0.0042893546633422375
FR014752,0,0.06587546318769455
FR006096,0,0.025617627426981926
FR013809,0,0.007220519706606865
FR006270,0,0.02595978043973446
FR011316,0,0.011812180280685425
FR013515,0,0.018879426643252373
FR015345,0,0.009411579929292202
FR008382,0,0.014539767056703568
FR017594,0,0.007325940299779177
FR008110,0,0.012841472402215004
FR013285,0,0.005779610946774483
FR017583,0,0.014986607246100903
FR001843,0,0.004569543991237879
FR014934,0,0.012547271326184273
FR007947,0,0.012176873162388802
FR019490,0,0.009923184290528297
FR008431,0,0.004581471439450979
FR007798,0,0.03510315343737602
FR011499,0,0.007555753458291292
FR007610,0,0.5088785290718079
FR005610,0,0.002860404783859849
FR008904,0,0.008835867047309875
FR014965,0,0.01951381005346775
FR008369,0,0.024689851328730583
FR011533,0,0.0047139800153672695
FR015416,0,0.004280742257833481
FR006572,0,0.006154706701636314
FR018887,0,0.005216687452048063
FR018118,0,0.012593152932822704
FR001073,0,0.022829124704003334
FR001132,0,0.0035777143202722073
FR009276,0,0.004332337062805891
FR013961,0,0.005841522477567196
FR008243,0,0.004722984507679939
FR007893,0,0.014214024879038334
FR011371,0,0.010692784562706947
FR011997,0,0.007582600694149733
FR008465,0,0.006997059565037489
FR016254,0,0.006496309768408537
FR016263,0,0.0401955284178257
FR013741,0,0.004198063630610704
FR010701,0,0.007379767019301653
FR019768,0,0.0069694858975708485
FR007301,0,0.0033642773050814867
FR012292,0,0.011481340043246746
FR015707,0,0.005156435072422028
FR014844,0,0.01056151557713747
FR012719,0,0.01251926925033331
FR016688,0,0.008403046987950802
FR002961,0,0.0068029193207621574
FR004241,0,0.005109194666147232
FR012367,0,0.045689649879932404
FR017817,0,0.04358107969164848
FR006341,0,0.027583222836256027
FR009964,0,0.0038305961061269045
FR009768,0,0.014332900755107403
FR001482,0,0.02090749330818653
FR016829,0,0.006281121633946896
FR010286,0,0.014895401895046234
FR008795,0,0.013151288032531738
FR018748,0,0.003354666056111455
FR001153,0,0.007954458706080914
FR008947,0,0.006088440306484699
FR004148,0,0.00842533353716135
FR011694,0,0.009024649858474731
FR018011,0,0.009868713095784187
FR004947,0,0.006544102448970079
FR019117,1,0.024110812693834305
FR001162,0,0.021875115111470222
FR003372,0,0.023322315886616707
FR011400,0,0.006153761874884367
FR014949,0,0.00623422721400857
FR011800,0,0.009076996706426144
FR013384,0,0.00485339667648077
FR002001,0,0.004808951634913683
FR018123,0,0.013175719417631626
FR014215,0,0.056159887462854385
FR007741,0,0.009847089648246765
FR019343,0,0.00655765738338232
FR015829,0,0.008614957332611084
FR001623,0,0.03247281536459923
FR014501,0,0.015586208552122116
FR000930,0,0.0021036083344370127
FR011633,0,0.005626337137073278
FR017756,0,0.005351551808416843
FR009580,0,0.013309515081346035
FR017459,0,0.0070317271165549755
FR008612,1,0.48322248458862305
FR013235,0,0.013730945065617561
FR009380,0,0.004840730689466
FR012790,0,0.026659799739718437
FR010793,0,0.0065553029999136925
FR009849,0,0.009378567337989807
FR003715,0,0.03929373621940613
FR010717,0,0.010328001342713833
FR001248,0,0.039387959986925125
FR001473,0,0.0033889715559780598
FR012973,0,0.005447843112051487
FR013763,0,0.008306409232318401
FR014002,0,0.007323870435357094
FR016757,0,0.013619355857372284
FR019345,0,0.032506510615348816
FR007381,0,0.008896240033209324
FR018014,0,0.008057352155447006
FR011838,0,0.042602717876434326
FR006141,0,0.2049415409564972
FR008248,0,0.007573022041469812
FR004570,0,0.005655334331095219
FR009097,0,0.03330149129033089
FR010965,0,0.021017013117671013
FR001757,0,0.010521333664655685
FR017810,0,0.0037739109247922897
FR003337,0,0.002942669903859496
FR008849,0,0.005309308413416147
FR003874,0,0.07549974322319031
FR017663,0,0.005378582514822483
FR012758,0,0.006387307308614254
FR015109,0,0.02736642211675644
FR012652,0,0.0189607422798872
FR001615,0,0.002968042390421033
FR019186,0,0.033015985041856766
FR013920,0,0.01390165276825428
FR019658,0,0.004747028462588787
FR013094,0,0.01227552443742752
FR013089,0,0.005473140627145767
FR019750,1,0.008843316696584225
FR012772,0,0.0069774603471159935
FR018508,0,0.01848428323864937
FR017110,0,0.004568405449390411
FR010030,0,0.007108786143362522
FR010143,0,0.02939978800714016
FR000166,0,0.0029770175460726023
FR012063,0,0.0033493058290332556
FR003513,0,0.005248449742794037
FR018957,0,0.02466101199388504
FR015826,0,0.007133309729397297
FR013232,0,0.010178685188293457
FR014711,0,0.005703069735318422
FR000623,0,0.0034112578723579645
FR012581,0,0.0041583264246582985
FR000480,0,0.004226687829941511
FR001653,0,0.01671442575752735
FR013808,0,0.03103644587099552
FR017374,0,0.015143808908760548
FR015059,0,0.0234173983335495
FR015216,0,0.018604781478643417
FR011780,0,0.006914831697940826
FR012808,0,0.009595688432455063
FR013465,0,0.010233424603939056
FR003747,0,0.006301873363554478
FR014203,0,0.008641015738248825
FR000760,0,0.0043574245646595955
FR000383,0,0.006897789426147938
FR016197,0,0.0038664238527417183
FR000601,0,0.02649661898612976
FR005618,0,0.012538761831820011
FR015332,0,0.007233886979520321
FR019709,0,0.012376525439321995
FR013016,0,0.005983947776257992
FR004448,0,0.008062360808253288
FR008118,0,0.009722731076180935
FR010007,0,0.015119633637368679
FR011626,0,0.06436124444007874
FR014305,0,0.00716793816536665
FR010351,0,0.007879174314439297
FR017900,0,0.008597195148468018
FR004154,0,0.013500708155333996
FR013290,0,0.010409236885607243
FR003461,0,0.007808511145412922
FR015890,0,0.008993151597678661
FR004778,0,0.007054670713841915
FR010649,0,0.004291316028684378
FR004747,0,0.0032902793027460575
FR000756,0,0.00564942229539156
FR015313,0,0.005793263670057058
FR004781,0,0.0053547280840575695
FR002265,0,0.0226200632750988
FR005041,0,0.0038593413773924112
FR007027,0,0.008841440081596375
FR015612,0,0.01385353971272707
FR000585,0,0.005176639650017023
FR010212,0,0.01912105269730091
FR009372,0,0.00538666732609272
FR005566,0,0.010921652428805828
FR017846,0,0.07159823924303055
FR019712,0,0.0061590541154146194
FR011053,0,0.021128954365849495
FR000368,0,0.005102829076349735
FR017432,0,0.011248521506786346
FR013439,0,0.0037924516946077347
FR013760,0,0.010017797350883484
FR004942,0,0.003133197082206607
FR002113,0,0.03628988936543465
FR017218,0,0.011809074319899082
FR000750,0,0.020639901980757713
FR002881,0,0.006950953509658575
FR010789,0,0.01180633157491684
FR017488,0,0.005838642828166485
FR009664,0,0.015588351525366306
FR010861,0,0.008399364538490772
FR012611,0,0.015994520857930183
FR001362,0,0.005101795308291912
FR000871,0,0.010288791730999947
FR018183,0,0.0031794067472219467
FR015957,0,0.010261112824082375
FR011832,0,0.003927754703909159
FR006236,0,0.0081046586856246
FR014087,0,0.0028470302931964397
FR017016,0,0.04296916723251343
FR005572,0,0.0050136493518948555
FR002665,0,0.022236710414290428
FR011700,0,0.004859051667153835
FR000230,0,0.007721803151071072
FR009374,0,0.004383406136184931
FR002152,0,0.022026855498552322
FR013756,0,0.00642937608063221
FR016043,0,0.016473233699798584
FR000047,0,0.009132655337452888
FR007803,0,0.0061834887601435184
FR013691,0,0.011541730724275112
FR004400,0,0.0036646800581365824
FR001603,0,0.005141591187566519
FR002047,0,0.005690459161996841
FR003013,0,0.014184502884745598
FR008592,0,0.0036144519690424204
FR019078,0,0.01411067508161068
FR003632,0,0.00836543645709753
FR012043,0,0.0029425763059407473
FR010680,0,0.005665087141096592
FR019099,0,0.004987156018614769
FR011709,0,0.011628838256001472
FR005871,0,0.011579147540032864
FR012723,0,0.0040658703073859215
FR015591,0,0.049279194325208664
FR004002,0,0.0065382737666368484
FR006677,0,0.0048180241137743
FR011685,0,0.010652057826519012
FR005138,0,0.013872165232896805
FR015519,0,0.013271183706820011
FR007828,0,0.003454175079241395
FR019770,0,0.006063967943191528
FR000541,0,0.006821182556450367
FR014158,0,0.006031315308064222
FR016160,0,0.029987601563334465
FR001679,0,0.010542935691773891
FR003922,0,0.006117099896073341
FR000895,0,0.01042545959353447
FR015147,0,0.019866205751895905
FR008809,0,0.023472197353839874
FR007369,0,0.004337482154369354
FR012410,0,0.021275393664836884
FR018530,0,0.009589595720171928
FR001946,0,0.041036173701286316
FR015852,0,0.008876773528754711
FR004508,0,0.006763783749192953
FR004656,0,0.01664719358086586
FR019894,0,0.010087053291499615
FR011875,0,0.008621997199952602
FR010770,0,0.01825961470603943
FR001300,0,0.007863336242735386
FR018328,0,0.01964643783867359
FR006211,1,0.020983582362532616
FR008996,0,0.0068169874139130116
FR001160,0,0.007567572873085737
FR004640,0,0.012705123052001
FR001941,0,0.024038679897785187
FR004579,0,0.14157995581626892
FR003670,0,0.00812440924346447
FR018346,0,0.205411896109581
FR006923,0,0.030692018568515778
FR007553,0,0.0028033587150275707
FR002909,0,0.003643323900178075
FR009949,0,0.014703737571835518
FR001001,0,0.007911201566457748
FR006213,0,0.017887422814965248
FR006362,0,0.009506160393357277
FR007420,0,0.02356945537030697
FR008624,0,0.0034551715943962336
FR006375,0,0.005817278753966093
FR018037,0,0.01420140266418457
FR018040,0,0.004518801346421242
FR012926,0,0.005534445866942406
FR010538,0,0.008873607032001019
FR015755,0,0.14984570443630219
FR012421,0,0.005533044226467609
FR012680,0,0.009905609302222729
FR018407,0,0.0530739352107048
FR017133,0,0.006674034055322409
FR011054,0,0.013610581867396832
FR013211,0,0.013141891919076443
FR013786,0,0.016515400260686874
FR009190,0,0.007586745545268059
FR005936,0,0.0049569434486329556
FR010994,0,0.007424042094498873
FR000072,0,0.008965951390564442
FR019011,0,0.006040128879249096
FR017354,0,0.016007712110877037
FR007651,0,0.00263632507994771
FR012152,0,0.004926719237118959
FR010733,0,0.0059009091928601265
FR019900,0,0.039919156581163406
FR013194,0,0.009601459838449955
FR009218,0,0.007852667942643166
FR006490,0,0.007650831714272499
FR012995,0,0.005659076385200024
FR004578,0,0.0044051664881408215
FR010867,0,0.007553233299404383
FR003642,0,0.007692075800150633
FR012931,0,0.00504494970664382
FR013059,0,0.010365749709308147
FR014419,0,0.008603358641266823
FR003458,0,0.008213394321501255
FR008783,0,0.010473864153027534
FR007757,0,0.006822455208748579
FR001204,0,0.005291905254125595
FR018269,0,0.0113737927749753
FR009090,0,0.008616374805569649
FR019138,0,0.02651236392557621
FR013223,0,0.04453670606017113
FR013532,0,0.005230139009654522
FR008149,0,0.009145289659500122
FR003745,0,0.018166640773415565
FR009988,0,0.0067354668863117695
FR018773,0,0.0115436352789402
FR007433,0,0.0033856055233627558
FR017728,0,0.002419969765469432
FR006522,0,0.00821093562990427
FR014432,0,0.009375298395752907
FR007746,0,0.20105761289596558
FR015348,0,0.01933329738676548
FR010516,0,0.00964436773210764
FR012255,0,0.07632022351026535
FR017206,0,0.01771133579313755
FR015715,0,0.010588876903057098
FR006871,0,0.016483714804053307
FR019196,0,0.0164481308311224
FR001298,0,0.005298777483403683
FR004318,0,0.01569194905459881
FR016097,0,0.0070343175902962685
FR000742,0,0.003466480877250433
FR010761,0,0.0037677506916224957
FR011759,0,0.006006018258631229
FR010695,0,0.003196714911609888
FR013343,0,0.009868061169981956
FR008373,0,0.003850240958854556
FR004710,0,0.027506135404109955
FR000482,0,0.006609187927097082
FR013831,0,0.03123852238059044
FR001385,0,0.03642169013619423
FR011222,0,0.012546279467642307
FR016751,0,0.005956430919468403
FR017124,0,0.021812155842781067
FR005382,0,0.009452741593122482
FR003446,0,0.014431383460760117
FR003128,0,0.016260389238595963
FR005844,0,0.0728582888841629
FR014505,0,0.005014567170292139
FR002529,0,0.005101291928440332
FR004128,0,0.0071184588596224785
FR001243,0,0.008257415145635605
FR006573,0,0.004940541926771402
FR016496,0,0.014271507039666176
FR015160,0,0.010150810703635216
FR000180,0,0.014721404761075974
FR012691,0,0.003519685473293066
FR011089,0,0.0037701749242842197
FR009308,0,0.005829366855323315
FR013796,0,0.029261836782097816
FR002273,0,0.011494303122162819
FR000661,0,0.016149114817380905
FR009946,0,0.006560780107975006
FR006127,0,0.013215575367212296
FR018685,0,0.005007477477192879
FR013401,0,0.0050551751628518105
FR016750,0,0.026546169072389603
FR014650,0,0.0193527452647686
FR009507,0,0.009405607357621193
FR008765,0,0.00440987478941679
FR000022,0,0.01544917095452547
FR017445,0,0.005367810372263193
FR003087,0,0.003917503636330366
FR005806,0,0.008231861516833305
FR017280,0,0.010085058398544788
FR011432,0,0.00929273571819067
FR004705,0,0.04853752627968788
FR009057,0,0.0080559765920043
FR016858,0,0.009005509316921234
FR004975,0,0.004417520482093096
FR002351,0,0.004332466516643763
FR006439,0,0.007386830169707537
FR001684,0,0.006830081809312105
FR014401,0,0.0739273726940155
FR007069,0,0.004813792183995247
FR000290,0,0.004252549260854721
FR016565,0,0.010664180852472782
FR012204,0,0.010534020140767097
FR014621,0,0.00840561743825674
FR014294,0,0.003772480646148324
FR001305,0,0.00779948802664876
FR014181,0,0.0221110712736845
FR011846,0,0.005306551698595285
FR008516,0,0.0034048932138830423
FR000106,0,0.01000535860657692
FR018415,0,0.008336097933351994
FR019954,0,0.005438052583485842
FR016489,0,0.009121352806687355
FR008489,0,0.010344996117055416
FR019890,0,0.005680967587977648
FR013510,0,0.009299046359956264
FR007276,0,0.006447827909141779
FR015700,0,0.051811348646879196
FR007511,0,0.009831132367253304
FR014868,0,0.011752528138458729
FR003726,0,0.004538330249488354
FR004275,0,0.023864367976784706
FR003003,0,0.0036047862377017736
FR016235,0,0.012689837254583836
FR019051,0,0.053695883601903915
FR017286,0,0.009212803095579147
FR000980,0,0.006313159130513668
FR015854,0,0.008412627503275871
FR017009,0,0.004419370554387569
FR017541,0,0.007024548947811127
FR009725,0,0.005880993325263262
FR009142,0,0.006181326694786549
FR016059,0,0.004492910113185644
FR011847,0,0.03438402712345123
FR014827,0,0.004857758525758982
FR003207,0,0.005412149243056774
FR013197,0,0.004337338265031576
FR018736,0,0.013342323713004589
FR017350,0,0.017870033159852028
FR008467,0,0.004424294922500849
FR004258,0,0.0038696664851158857
FR012944,0,0.0075355707667768
FR006402,0,0.02443244867026806
FR003179,0,0.032913319766521454
FR006476,0,0.005892844870686531
FR018625,0,0.03214305639266968
FR001396,0,0.00683871703222394
FR018683,0,0.005359504371881485
FR002023,0,0.006333439610898495
FR014344,0,0.015585147775709629
FR003331,0,0.009987798519432545
FR008201,0,0.012131576426327229
FR004827,0,0.004447410348802805
FR008031,0,0.005903122015297413
FR019257,0,0.1596120148897171
FR006244,0,0.005051147658377886
FR004888,0,0.003594048088416457
FR005395,0,0.026069914922118187
FR019666,0,0.006766484584659338
FR013331,1,0.01679251901805401
FR013072,0,0.018747154623270035
FR010062,0,0.010091787204146385
FR015849,0,0.013629134744405746
FR012542,0,0.0041925935074687
FR014266,0,0.005376768764108419
FR012205,0,0.02626681886613369
FR009808,0,0.007994239218533039
FR007785,0,0.0043549141846597195
FR001206,0,0.007311106659471989
FR008141,0,0.02427304908633232
FR012369,0,0.01205617655068636
FR008572,0,0.004855794832110405
FR000170,0,0.006767750717699528
FR004732,0,0.028355184942483902
FR001678,0,0.03265334293246269
FR010766,0,0.005332943983376026
FR011517,0,0.02156071923673153
FR004482,0,0.0071437424048781395
FR014355,0,0.006849536206573248
FR010087,0,0.012877541594207287
FR001171,0,0.005067477002739906
FR013312,0,0.04315073788166046
FR001142,0,0.010715794749557972
FR008641,0,0.10184626281261444
FR003136,0,0.004154564347118139
FR007712,0,0.0128103606402874
FR008810,0,0.005159863270819187
FR015168,0,0.024135082960128784
FR006337,0,0.0034878612495958805
FR014095,0,0.005445417948067188
FR006103,0,0.00504229636862874
FR014115,0,0.010611511766910553
FR007941,0,0.03731784224510193
FR019515,0,0.03148096799850464
FR014454,0,0.014649027958512306
FR001115,0,0.03340347856283188
FR000565,0,0.009583370760083199
FR011958,0,0.01879950985312462
FR005642,0,0.008019940927624702
FR003017,0,0.007014661096036434
FR014661,0,0.003980343230068684
FR006515,0,0.020067596808075905
FR009404,0,0.003522331826388836
FR000804,0,0.005095283966511488
FR007256,0,0.00802940409630537
FR002688,0,0.005427159368991852
FR011596,0,0.0035796682350337505
FR013156,0,0.008062674663960934
FR015264,0,0.0051213642582297325
FR005009,0,0.009761818684637547
FR017865,0,0.030781680718064308
FR014539,0,0.004880724940448999
FR015769,0,0.02330591157078743
FR014449,0,0.0066358838230371475
FR016544,0,0.004313635174185038
FR004846,0,0.00885790679603815
FR003638,0,0.0314641036093235
FR000727,0,0.0038678364362567663
FR006155,0,0.014193153940141201
FR013345,0,0.007611284498125315
FR001307,0,0.011510276235640049
FR019035,0,0.13187550008296967
FR005381,0,0.015937000513076782
FR011900,0,0.006475691683590412
FR001176,0,0.008928431198000908
FR003542,0,0.0036464461591094732
FR007585,0,0.05069839954376221
FR010530,0,0.004870388191193342
FR014119,0,0.09098858386278152
FR017753,0,0.030542584136128426
FR012529,0,0.027285106480121613
FR009886,0,0.008168613538146019
FR016056,0,0.012722420506179333
FR000767,0,0.010677224025130272
FR017348,0,0.05579431727528572
FR013047,0,0.0071986461989581585
FR014214,0,0.005405900068581104
FR001778,0,0.017253277823328972
FR006803,0,0.009310641326010227
FR015392,0,0.011383196339011192
FR014933,0,0.02537490986287594
FR015645,0,0.004544644616544247
FR004103,0,0.00652678357437253
FR019597,0,0.008162152953445911
FR015246,0,0.008345749229192734
FR009693,0,0.050278667360544205
FR003140,0,0.006927311886101961
FR001271,0,0.011544456705451012
FR012165,1,0.47483327984809875
FR004850,0,0.004073682241141796
FR016545,0,0.008532951585948467
FR016238,0,0.006334802135825157
FR000658,0,0.01660148985683918
FR016201,0,0.007415052503347397
FR004249,0,0.0033865387085825205
FR013090,0,0.004051760770380497
FR007227,0,0.003339319722726941
FR018511,0,0.04604073986411095
FR010970,0,0.006028191186487675
FR017227,0,0.007745254784822464
FR019338,0,0.0035411370918154716
FR013040,0,0.004895077086985111
FR017327,0,0.0041338540613651276
FR005900,0,0.026948777958750725
FR008474,0,0.014062385074794292
FR009300,0,0.011636859737336636
FR003119,0,0.005375206004828215
FR002462,0,0.011840037070214748
FR009476,0,0.005802543368190527
FR018403,0,0.009768287651240826
FR003428,0,0.05145174637436867
FR009289,0,0.16564059257507324
FR002548,0,0.009949886240065098
FR002560,0,0.007314021233469248
FR004711,0,0.004441933240741491
FR015284,0,0.009327828884124756
FR014404,0,0.012441190890967846
FR006445,0,0.010028021410107613
FR008038,0,0.01842249371111393
FR007216,0,0.00768806179985404
FR006365,0,0.010329551994800568
FR016163,0,0.004161050543189049
FR003593,0,0.14173032343387604
FR004663,0,0.013697045855224133
FR007748,0,0.023646200075745583
FR003879,0,0.013587555848062038
FR006856,0,0.01330918911844492
FR005975,0,0.021624092012643814
FR017768,0,0.014619117602705956
FR011722,0,0.009038015268743038
FR001536,0,0.005693112500011921
FR015247,0,0.029182255268096924
FR010156,0,0.004032432101666927
FR004004,0,0.00410127080976963
FR008208,0,0.0045509133487939835
FR016773,0,0.006417312193661928
FR012879,0,0.010123522952198982
FR008019,0,0.004650306887924671
FR019054,0,0.0050551872700452805
FR003257,0,0.013275936245918274
FR009452,0,0.013198565691709518
FR004519,0,0.0034005253110080957
FR006741,0,0.004795467481017113
FR017120,0,0.02318025380373001
FR018728,0,0.006011551711708307
FR003023,0,0.0114443339407444
FR019819,0,0.002791488077491522
FR001782,0,0.0038059314247220755
FR017935,0,0.012767840176820755
FR018270,0,0.008272376842796803
FR001937,0,0.03669357672333717
FR006642,0,0.0058751837350428104
FR014185,0,0.006787160411477089
FR009825,0,0.006137961056083441
FR017920,0,0.013106404803693295
FR002210,0,0.020445402711629868
FR014992,0,0.03567564859986305
FR019942,0,0.010679027065634727
FR016537,0,0.008130948059260845
FR002385,0,0.07439219206571579
FR011897,0,0.006185777485370636
FR004291,0,0.008278238587081432
FR005017,0,0.009670727886259556
FR008871,0,0.0075125363655388355
FR012628,0,0.01191762089729309
FR005192,0,0.00629614619538188
FR000218,0,0.00664869137108326
FR001382,0,0.01821095682680607
FR003693,0,0.002664558356627822
FR003181,0,0.0055832997895777225
FR002928,0,0.012935503385961056
FR010959,0,0.004886694718152285
FR004210,0,0.024415472522377968
FR002378,0,0.007043976336717606
FR001197,0,0.011210528202354908
FR013529,0,0.0030015918891876936
FR015232,0,0.020496167242527008
FR014682,0,0.26950785517692566
FR009503,0,0.005167272873222828
FR018138,0,0.006876745726913214
FR006358,0,0.017715949565172195
FR013989,0,0.021896641701459885
FR017577,0,0.009288636036217213
FR010631,0,0.005997884552925825
FR017918,0,0.009675159119069576
FR017128,0,0.008267808705568314
FR019889,0,0.010006704367697239
FR004000,0,0.008671197108924389
FR008628,0,0.010883636772632599
FR001618,1,0.5375718474388123
FR015563,0,0.008711722679436207
FR018694,0,0.006204128731042147
FR013576,0,0.007208501920104027
FR019510,0,0.009857472032308578
FR010902,0,0.05014824867248535
FR012269,0,0.02124061994254589
FR004227,0,0.005259599536657333
FR019256,0,0.0037082077469676733
FR005421,0,0.01628706231713295
FR003449,0,0.0029857344925403595
FR014526,0,0.03842824697494507
FR014144,0,0.010206703096628189
FR015509,0,0.02681632526218891
FR012068,0,0.007411484606564045
FR003904,0,0.02302311360836029
FR017841,0,0.004344019573181868
FR014244,0,0.009929229505360126
FR011741,0,0.026870621368288994
FR013101,0,0.01589575968682766
FR011329,0,0.031083086505532265
FR007861,0,0.0046116686426103115
FR013802,0,0.012883465737104416
FR016619,0,0.003992636688053608
FR011792,0,0.0037096841260790825
FR008393,0,0.04498527571558952
FR012788,0,0.006025503855198622
FR019667,0,0.0075485981069505215
FR009698,0,0.007851998321712017
FR003970,0,0.009500105865299702
FR008774,0,0.005978771019726992
FR016905,0,0.007771497126668692
FR015436,0,0.008267030119895935
FR007599,0,0.007415772415697575
FR007200,0,0.003132802667096257
FR018799,0,0.00663134315982461
FR014750,0,0.02339213900268078
FR019430,0,0.015450281091034412
FR011423,0,0.014425544999539852
FR003301,0,0.014455853030085564
FR018147,0,0.0034905970096588135
FR016285,0,0.009632224217057228
FR018388,0,0.004515788517892361
FR011831,0,0.03662678971886635
FR001088,0,0.009986690245568752
FR012833,0,0.014667754992842674
FR016444,0,0.0056420499458909035
FR002443,0,0.006539902649819851
FR005399,0,0.008485447615385056
FR010831,0,0.01403748244047165
FR011908,0,0.006437215022742748
FR019097,0,0.004491528496146202
FR018852,0,0.02732306532561779
FR018854,0,0.003916471265256405
FR015010,0,0.004826555028557777
FR002584,0,0.04976293072104454
FR014018,0,0.009293371811509132
FR002483,0,0.006094846408814192
FR012234,0,0.01033756323158741
FR014072,0,0.007449098397046328
FR002837,0,0.008280000649392605
FR010456,0,0.004979617893695831
FR019673,0,0.01455143466591835
FR008298,0,0.007722924929112196
FR004146,0,0.008799252100288868
FR011223,0,0.004678213503211737
FR010301,0,0.008447152562439442
FR004965,0,0.02448517084121704
FR016089,0,0.006671477574855089
FR014541,0,0.10265053808689117
FR010936,0,0.009844997897744179
FR015853,0,0.0038589914329349995
FR008828,0,0.004335619043558836
FR003883,0,0.01199365220963955
FR006752,0,0.0060964059084653854
FR017656,0,0.02119971252977848
FR017869,0,0.004892413504421711
FR013213,0,0.04619833081960678
FR012997,0,0.010801978409290314
FR017613,0,0.008756788447499275
FR016305,0,0.024422146379947662
FR017092,0,0.006428568623960018
FR006750,0,0.021702494472265244
FR014437,0,0.037413135170936584
FR004293,0,0.0029392875730991364
FR015830,0,0.007029959000647068
FR016928,0,0.044302549213171005
FR000615,1,0.023459697142243385
FR018371,0,0.00704478332772851
FR003971,0,0.0077758850529789925
FR010217,0,0.007851865142583847
FR008778,0,0.025459522381424904
FR007093,0,0.034252677112817764
FR019612,0,0.004882951267063618
FR016788,0,0.007231568917632103
FR003125,0,0.008193723857402802
FR005097,0,0.012093815952539444
FR001368,0,0.076265349984169
FR019146,0,0.016432862728834152
FR011519,0,0.014090768061578274
FR000221,1,0.024781053885817528
FR010277,0,0.005399202462285757
FR019137,0,0.005452102981507778
FR019264,0,0.015370853245258331
FR008724,0,0.004111934453248978
FR018996,0,0.009947622194886208
FR016176,0,0.008258258923888206
FR013296,0,0.022552045062184334
FR012835,0,0.007078750524669886
FR016509,0,0.006849130615592003
FR019893,0,0.0040937247686088085
FR015866,0,0.009647287428379059
FR008744,0,0.01877286285161972
FR001027,0,0.006024966482073069
FR012305,0,0.013411972671747208
FR003760,0,0.003627731930464506
FR001775,0,0.0036630399990826845
FR017889,0,0.042495179921388626
FR009794,0,0.02544008567929268
FR013671,0,0.1326608806848526
FR014775,0,0.017780756577849388
FR018534,0,0.01388859935104847
FR011133,0,0.004254607018083334
FR008196,0,0.03362796828150749
FR006783,0,0.013278734870254993
FR013693,0,0.009273930452764034
FR002193,0,0.026936965063214302
FR005908,0,0.022982429713010788
FR004440,0,0.014360317029058933
FR001084,0,0.007648935075849295
FR000794,0,0.012272853404283524
FR010584,0,0.007775163743644953
FR018840,0,0.004156419541686773
FR005320,0,0.05999653413891792
FR012774,0,0.00956699624657631
FR006769,0,0.004762130789458752
FR014797,0,0.006857825443148613
FR016558,0,0.00789964571595192
FR004496,0,0.02909163199365139
FR013428,0,0.02532072924077511
FR004689,0,0.021169817075133324
FR004007,0,0.029847150668501854
FR014929,0,0.025883778929710388
FR013736,0,0.013036788441240788
FR014937,0,0.008933144621551037
FR013739,0,0.009455286897718906
FR014455,0,0.032263096421957016
FR006435,0,0.006330982316285372
FR009431,0,0.005475547164678574
FR008042,0,0.006064016837626696
FR013157,0,0.015107623301446438
FR001406,0,0.009340704418718815
FR008708,0,0.013757988810539246
FR017853,0,0.01395370252430439
FR009307,0,0.020344097167253494
FR008843,1,0.04090745747089386
FR009896,0,0.004782513249665499
FR005881,0,0.02056439034640789
FR011060,0,0.012296094559133053
FR000779,0,0.034126587212085724
FR005153,0,0.003490377916023135
FR005825,0,0.008659547194838524
FR011627,0,0.008940295316278934
FR009951,0,0.014541215263307095
FR016678,0,0.005185435991734266
FR010261,0,0.12588396668434143
FR000099,0,0.005816244520246983
FR016633,0,0.0045426408760249615
FR010121,0,0.0062797293066978455
FR014138,0,0.005964089650660753
FR000394,0,0.006503406912088394
FR003107,0,0.005160859320312738
FR005921,0,0.005289594177156687
FR010843,0,0.010191189125180244
FR018836,0,0.006159103941172361
FR001944,0,0.007526646368205547
FR005014,0,0.009945166297256947
FR006281,0,0.007304336875677109
FR009064,0,0.0033409753814339638
FR010784,0,0.005882278550416231
FR002235,0,0.04696423560380936
FR014346,0,0.02285926230251789
FR013015,0,0.024692829698324203
FR011590,0,0.008024418726563454
FR018477,0,0.0039026946760714054
FR012266,0,0.0029245452024042606
FR009633,0,0.006546061486005783
FR004245,0,0.012782363221049309
FR006901,0,0.010562118142843246
FR009094,1,0.02311963587999344
FR002896,0,0.11201461404561996
FR000471,0,0.0066864886321127415
FR007473,0,0.010095850564539433
FR012089,0,0.014016497880220413
FR001083,0,0.003913923632353544
FR015266,0,0.003859766758978367
FR014338,0,0.010690459050238132
FR018361,0,0.007889912463724613
FR019282,0,0.004428230691701174
FR007603,0,0.01357832457870245
FR016225,0,0.013434737920761108
FR000031,0,0.01674472726881504
FR012290,0,0.003921076189726591
FR005434,0,0.01707012578845024
FR019252,0,0.0038933241739869118
FR011775,0,0.007722154259681702
FR015110,0,0.01853973977267742
FR006735,0,0.008666402660310268
FR010856,0,0.005243701860308647
FR014967,0,0.004666630644351244
FR018232,0,0.018917793408036232
FR018631,0,0.004771038889884949
FR005135,0,0.00794104766100645
FR005998,0,0.014968830160796642
FR015375,0,0.018573898822069168
FR007106,0,0.014515661634504795
FR000085,0,0.003611454740166664
FR017560,0,0.012529418803751469
FR019860,0,0.0038776779547333717
FR013988,0,0.006902141496539116
FR002080,0,0.009815766476094723
FR000526,0,0.0235903263092041
FR007848,0,0.01843174919486046
FR011463,0,0.01841103844344616
FR009563,1,0.016716832295060158
FR002601,0,0.011292129755020142
FR005349,0,0.04253629967570305
FR015784,0,0.01057904027402401
FR006298,0,0.03277306258678436
FR011614,0,0.009647847153246403
FR019159,0,0.005271158181130886
FR019683,0,0.009911788627505302
FR011988,0,0.008476181887090206
FR010224,0,0.020168524235486984
FR013791,0,0.003760338993743062
FR006666,0,0.016824472695589066
FR005227,0,0.0165895763784647
FR001661,0,0.005687106866389513
FR011448,0,0.006763889454305172
FR013379,0,0.033989597111940384
FR016209,0,0.007568626198917627
FR011216,0,0.007020824588835239
FR007384,0,0.005995687562972307
FR019269,0,0.00726980110630393
FR018861,0,0.008676420897245407
FR003662,0,0.006591548211872578
FR004288,0,0.008492736145853996
FR002440,0,0.00768172787502408
FR010857,0,0.005885639227926731
FR011909,0,0.00626624608412385
FR007189,0,0.011067247949540615
FR016875,0,0.006668570917099714
FR006951,0,0.015635529533028603
FR008840,0,0.010114505887031555
FR017574,0,0.0036059392150491476
FR004582,0,0.004774837289005518
FR006378,0,0.014119001105427742
FR011174,0,0.055241480469703674
FR019150,0,0.011229255236685276
FR004286,1,0.7245408296585083
FR013008,0,0.04912322387099266
FR007118,0,0.009350796230137348
FR018100,0,0.016576969996094704
FR011868,0,0.018803050741553307
FR008317,0,0.013725959695875645
FR011135,0,0.005881849210709333
FR015177,0,0.011171644553542137
FR013131,0,0.01740715093910694
FR006015,0,0.0065446882508695126
FR019050,0,0.006162794306874275
FR009702,0,0.017967335879802704
FR010552,0,0.004347021225839853
FR012333,0,0.005206435918807983
FR009262,0,0.007370187900960445
FR012130,0,0.004684718791395426
FR003953,0,0.014543190598487854
FR000090,0,0.03959881514310837
FR002967,0,0.01689910888671875
FR005046,0,0.00886042695492506
FR011077,0,0.007816365920007229
FR014556,0,0.00836386252194643
FR017825,0,0.007542906329035759
FR019726,0,0.008323914371430874
FR011891,0,0.0048292335122823715
FR006115,0,0.004804572090506554
FR014559,0,0.004422243684530258
FR019518,0,0.0038385598454624414
FR007904,0,0.007839178666472435
FR019026,0,0.035614777356386185
FR002687,0,0.012628575786948204
FR004092,0,0.007978169247508049
FR001173,0,0.005531461909413338
FR019153,0,0.027024757117033005
FR002840,0,0.010282189585268497
FR016765,0,0.012684174813330173
FR013668,0,0.0063932775519788265
FR002814,0,0.005720103159546852
FR009170,0,0.017995692789554596
FR002151,0,0.0026805943343788385
FR003719,0,0.01264226995408535
FR014302,0,0.009364812634885311
FR015954,0,0.701396107673645
FR004383,0,0.021397074684500694
FR014300,0,0.0061604175716638565
FR011493,0,0.0461747832596302
FR014942,0,0.005121828522533178
FR001744,0,0.00578478304669261
FR008900,0,0.005437815096229315
FR016186,0,0.005580097436904907
FR003817,0,0.007018644828349352
FR003177,0,0.0035584471188485622
FR006504,0,0.010595143772661686
FR013097,0,0.011917879804968834
FR012221,0,0.013621187768876553
FR015684,0,0.00895367655903101
FR008866,0,0.0067305718548595905
FR006911,0,0.0054033370688557625
FR004981,0,0.04192346706986427
FR004384,0,0.01416547317057848
FR005142,0,0.009750932455062866
FR017385,0,0.020280979573726654
FR018018,0,0.009464254602789879
FR009402,0,0.07092919200658798
FR006512,0,0.013749179430305958
FR004586,0,0.007999996654689312
FR005987,0,0.012317418120801449
FR004953,0,0.004341759253293276
FR018193,0,0.014240212738513947
FR002931,0,0.00379188428632915
FR010611,0,0.0044952803291380405
FR007659,0,0.00560371670871973
FR016005,0,0.014631734229624271
FR005647,0,0.004998108837753534
FR004804,0,0.010297773405909538
FR007246,0,0.12360688298940659
FR007058,0,0.004461345262825489
FR011923,0,0.06308078020811081
FR018614,0,0.007719261106103659
FR000644,0,0.01043020747601986
FR000412,0,0.006909231189638376
FR006685,0,0.005913178902119398
FR014188,0,0.004450593143701553
FR017017,0,0.08314740657806396
FR007600,0,0.004374388139694929
FR007871,0,0.00509325135499239
FR015009,0,0.012118280865252018
FR002742,0,0.007772879675030708
FR007530,0,0.008362327702343464
FR019638,0,0.0064603365026414394
FR013888,0,0.022297486662864685
FR009601,0,0.004394228104501963
FR014099,0,0.005089594516903162
FR013905,0,0.0034217035863548517
FR018364,0,0.0052297296933829784
FR001878,0,0.005566233769059181
FR002949,0,0.02068949304521084
FR011341,0,0.015454697422683239
FR013352,0,0.003289452288299799
FR008746,0,0.010123437270522118
FR014013,0,0.005094317253679037
FR017250,0,0.020196503028273582
FR016000,0,0.003907006699591875
FR000723,0,0.11688096076250076
FR006159,0,0.0028081254567950964
FR010749,0,0.0865647941827774
FR016870,0,0.0154022928327322
FR018494,0,0.006008022464811802
FR014863,0,0.007398621644824743
FR002827,0,0.006367926020175219
FR011435,0,0.008787116967141628
FR002227,0,0.0041516972705721855
FR015950,0,0.007416235748678446
FR003433,0,0.0035822440404444933
FR019268,0,0.005490714218467474
FR003167,0,0.00311328680254519
FR009700,0,0.017996979877352715
FR005508,0,0.006072584539651871
FR001413,0,0.011086192913353443
FR000916,0,0.01104698609560728
FR004816,0,0.004730440676212311
FR005515,0,0.017287712544202805
FR008933,0,0.020822880789637566
FR016960,0,0.007404135074466467
FR015876,0,0.01196369156241417
FR019617,0,0.007913481444120407
FR008333,0,0.013909067027270794
FR017329,0,0.006664374377578497
FR005717,0,0.006452585570514202
FR015467,0,0.009721096605062485
FR000515,0,0.004332363605499268
FR007111,0,0.00598553940653801
FR009363,0,0.005540810525417328
FR015518,0,0.012235932052135468
FR002274,0,0.004846913740038872
FR006602,0,0.011059824377298355
FR014689,0,0.035965677350759506
FR018187,0,0.007699679583311081
FR001530,0,0.004266461357474327
FR007152,0,0.0036561554297804832
FR018877,0,0.014134103432297707
FR013799,0,0.025355935096740723
FR000829,1,0.0551007054746151
FR003937,0,0.012647419236600399
FR001434,0,0.030874257907271385
FR012784,0,0.0036563463509082794
FR010732,0,0.006062743719667196
FR009403,0,0.017210083082318306
FR002789,0,0.013736769556999207
FR007221,0,0.01935798116028309
FR007253,0,0.004204776603728533
FR014315,0,0.004430621396750212
FR004653,0,0.004715403076261282
FR004045,0,0.044116877019405365
FR007886,0,0.013769906014204025
FR012955,0,0.005027197301387787
FR008282,0,0.0040223924443125725
FR002490,0,0.0084784384816885
FR003286,0,0.004741085227578878
FR011369,0,0.03152959421277046
FR019205,0,0.049608342349529266
FR015350,0,0.005611113738268614
FR001184,0,0.010469085536897182
FR001819,0,0.005841253791004419
FR012848,0,0.008405077271163464
FR014495,0,0.005627043545246124
FR005646,0,0.00548212556168437
FR001284,0,0.004038635641336441
FR001982,0,0.007518087979406118
FR000292,0,0.006506999954581261
FR017022,0,0.004984456580132246
FR003026,0,0.013218292966485023
FR013762,0,0.019443178549408913
FR008800,0,0.02607700601220131
FR005922,0,0.009361863136291504
FR003605,0,0.0121914679184556
FR016826,0,0.0059328265488147736
FR014684,0,0.022967662662267685
FR015043,0,0.011216830462217331
FR008820,0,0.0029878048226237297
FR004109,0,0.0036707997787743807
FR019655,0,0.022505082190036774
FR006399,0,0.020838219672441483
FR010722,0,0.005082240328192711
FR009898,0,0.0032453325111418962
FR008707,0,0.004806439392268658
FR002238,0,0.018901897594332695
FR015714,1,0.015165145508944988
FR010690,0,0.004750298801809549
FR011648,0,0.01112642977386713
FR001499,0,0.013463860377669334
FR011520,0,0.006536409258842468
FR006507,0,0.008949861861765385
FR006446,0,0.007340251933783293
FR013816,0,0.00438966229557991
FR000364,0,0.11251624673604965
FR003812,0,0.010336285457015038
FR014979,0,0.022274255752563477
FR006863,0,0.008720600977540016
FR013466,0,0.005851524882018566
FR004553,0,0.004845404997467995
FR005678,0,0.0037647378630936146
FR002305,0,0.013139238581061363
FR010417,0,0.010818836279213428
FR011179,0,0.014765202067792416
FR017179,0,0.006058457773178816
FR019231,0,0.005989768076688051
FR001688,0,0.006178400944918394
FR017547,0,0.009300490841269493
FR015318,0,0.006150257308036089
FR001446,0,0.015088069252669811
FR000277,0,0.003957950044423342
FR007873,0,0.006937195546925068
FR000408,0,0.03149568662047386
FR009093,0,0.004489115439355373
FR013491,0,0.006768968887627125
FR017870,0,0.00656003737822175
FR018225,0,0.02517504245042801
FR013856,0,0.006086400710046291
FR016464,0,0.010327441617846489
FR006093,0,0.012068120762705803
FR017927,0,0.040276896208524704
FR019175,0,0.004596590064466
FR006332,0,0.003852972760796547
FR019654,0,0.006322462577372789
FR000890,0,0.00801205076277256
FR003921,0,0.005481709726154804
FR018276,0,0.007322810124605894
FR001024,0,0.007998146116733551
FR003502,1,0.019635360687971115
FR002042,0,0.0052342661656439304
FR003705,0,0.005067106336355209
FR017080,0,0.005938265006989241
FR003938,0,0.008407561108469963
FR013857,0,0.004608467221260071
FR004319,0,0.00898742489516735
FR013461,0,0.01748923398554325
FR001250,0,0.00489379558712244
FR008580,0,0.023615121841430664
FR017808,0,0.005006708204746246
FR007358,0,0.006601518951356411
FR006608,0,0.04030171409249306
FR005245,0,0.004585596267133951
FR011003,0,0.01061235275119543
FR011363,0,0.015947481617331505
FR004733,0,0.024998443201184273
FR011742,0,0.006560873240232468
FR001403,0,0.006243208423256874
FR013400,0,0.006315034814178944
FR005942,0,0.007555471267551184
FR008364,0,0.04769951105117798
FR003088,0,0.024532996118068695
FR001873,0,0.004437340423464775
FR004184,0,0.006075722631067038
FR017893,0,0.009351709857583046
FR011692,0,0.009693066589534283
FR012916,0,0.003020548727363348
FR014583,0,0.014884086325764656
FR014155,0,0.005852390546351671
FR011399,0,0.02847825363278389
FR010675,0,0.011466601863503456
FR014575,0,0.009708691388368607
FR001433,0,0.007274376694113016
FR017972,0,0.005569600034505129
FR004280,0,0.010448029264807701
FR002715,0,0.025250012055039406
FR001583,0,0.005623888690024614
FR014021,0,0.003509111702442169
FR002511,0,0.005013665650039911
FR007607,0,0.004663949366658926
FR011568,1,0.7612845301628113
FR005924,0,0.0029170881025493145
FR016221,0,0.007745214272290468
FR013782,0,0.006515881046652794
FR007754,0,0.0031929262913763523
FR011816,0,0.010008481331169605
FR005837,0,0.003868984989821911
FR015340,0,0.01535665150731802
FR014265,0,0.005409882869571447
FR010468,0,0.03522373363375664
FR014557,0,0.018570248037576675
FR001577,0,0.012522305361926556
FR005326,0,0.008344636298716068
FR017551,0,0.02170618623495102
FR013298,0,0.0037782408762723207
FR019296,0,0.007801724597811699
FR006190,0,0.008850867860019207
FR002570,0,0.015192174352705479
FR019677,0,0.0050848135724663734
FR008397,0,0.017001375555992126
FR015453,0,0.04072142392396927
FR016954,0,0.019398093223571777
FR001483,0,0.007571427617222071
FR016456,0,0.04360565170645714
FR009032,0,0.007653489708900452
FR009346,0,0.005080145318061113
FR001544,0,0.009333730675280094
FR014681,0,0.008550016209483147
FR008226,0,0.003784795990213752
FR002129,0,0.004118521697819233
FR015145,0,0.038435641676187515
FR002553,0,0.03237481415271759
FR013436,0,0.0031077079474925995
FR009622,0,0.00466924486681819
FR016745,0,0.03808329254388809
FR000228,0,0.011311269365251064
FR018545,0,0.005098857916891575
FR012030,0,0.004948460031300783
FR017903,0,0.004330317489802837
FR013443,0,0.005776285193860531
FR009975,0,0.005375382024794817
FR006521,0,0.026945946738123894
FR019141,0,0.007533745374530554
FR014098,0,0.0048054796643555164
FR017519,0,0.01004498265683651
FR011610,0,0.005356978625059128
FR012188,0,0.020107300952076912
FR011603,0,0.0033005960285663605
FR013417,0,0.003373518353328109
FR011339,0,0.01563500054180622
FR010032,0,0.005774207413196564
FR007426,0,0.007080556824803352
FR007581,0,0.004653771407902241
FR013262,0,0.007107756100594997
FR001676,0,0.010324351489543915
FR001198,0,0.057681623846292496
FR015383,0,0.00933920405805111
FR015971,0,0.005039985757321119
FR019603,0,0.011339678429067135
FR002581,0,0.015621497295796871
FR002060,0,0.007906528189778328
FR014904,0,0.09746358543634415
FR019577,0,0.007248342037200928
FR005991,0,0.006383936852216721
FR002761,0,0.0536881685256958
FR002561,0,0.013053905218839645
FR002209,0,0.006061195395886898
FR016077,0,0.005997896194458008
FR007162,0,0.0038112630136311054
FR002578,0,0.0051314448937773705
FR000222,0,0.005913537926971912
FR011257,0,0.004417237360030413
FR015949,0,0.005332356784492731
FR018843,0,0.017549017444252968
FR000864,0,0.007528933230787516
FR003574,0,0.01810092106461525
FR006610,0,0.0032934206537902355
FR003240,0,0.008585412986576557
FR000874,0,0.0069762906059622765
FR002264,0,0.0073509253561496735
FR012972,0,0.005368131212890148
FR004830,0,0.008468330837786198
FR009098,0,0.01807505637407303
FR010637,0,0.004970693029463291
FR019342,0,0.0062391008250415325
FR003134,0,0.007944207638502121
FR011353,0,0.011401885189116001
FR017622,0,0.003291122382506728
FR016035,0,0.024678785353899002
FR005273,0,0.005756820552051067
FR018866,0,0.006861012428998947
FR013182,0,0.004328817129135132
FR008043,0,0.0033893142826855183
FR005482,0,0.009555003605782986
FR007418,0,0.008523145690560341
FR008461,0,0.014620011672377586
FR017147,0,0.007589952554553747
FR013663,0,0.004919701721519232
FR018817,0,0.008519935421645641
FR012893,0,0.010539916343986988
FR017487,0,0.005579877179116011
FR011841,0,0.0042947870679199696
FR014842,0,0.009447782300412655
FR011528,0,0.003104991279542446
FR013724,0,0.058023493736982346
FR001947,0,0.00648276973515749
FR013144,0,0.006211939733475447
FR014736,0,0.00499354163184762
FR003376,0,0.011365319602191448
FR017116,0,0.0038470583967864513
FR002061,0,0.009323406033217907
FR016935,0,0.010612517595291138
FR001811,0,0.006231226958334446
FR015600,0,0.05057957395911217
FR010659,0,0.0049443598836660385
FR016562,0,0.010662305168807507
FR011871,0,0.00901698973029852
FR019955,0,0.04885958135128021
FR018606,0,0.005668322090059519
FR004168,0,0.006630721036344767
FR000040,0,0.014184175990521908
FR009573,0,0.04573827236890793
FR012809,0,0.012633243575692177
FR007766,0,0.02562365122139454
FR019642,0,0.010929015465080738
FR007161,0,0.004873176105320454
FR004588,0,0.017346298322081566
FR016639,0,0.006022904999554157
FR013007,0,0.08429592102766037
FR011393,0,0.01300363801419735
FR014178,0,0.005266137886792421
FR014153,0,0.011853199452161789
FR006113,0,0.012676612474024296
FR002100,0,0.004582280293107033
FR019773,0,0.005035043228417635
FR005086,0,0.023709436878561974
FR010219,0,0.01763283833861351
FR001292,0,0.006798403803259134
FR000752,0,0.011425021104514599
FR009361,0,0.006859628017991781
FR017504,0,0.008445271290838718
FR001855,0,0.005236317403614521
FR008905,0,0.005988275166600943
FR016500,0,0.06490592658519745
FR008882,0,0.007894553244113922
FR005371,0,0.00503404950723052
FR004340,0,0.008219141513109207
FR017188,0,0.007583748083561659
FR014046,0,0.0217208880931139
FR006045,0,0.057371076196432114
FR004767,0,0.028480328619480133
FR015607,0,0.004485826473683119
FR011748,0,0.012133805081248283
FR017132,0,0.010751237161457539
FR019392,0,0.005595648195594549
FR018633,0,0.004559358581900597
FR006357,0,0.005426960997283459
FR016354,0,0.013372167013585567
FR010427,0,0.00377883343026042
FR005597,0,0.0041815428994596004
FR005702,0,0.026367776095867157
FR013340,0,0.0047104754485189915
FR015885,0,0.005196721293032169
FR005367,0,0.007015857379883528
FR017564,0,0.0068270484916865826
FR016828,1,0.028631189838051796
FR005415,0,0.008061175234615803
FR017059,0,0.004803475458174944
FR004762,0,0.03731551021337509
FR011950,0,0.006090921815484762
FR005392,0,0.005067133344709873
FR019877,0,0.021751586347818375
FR009037,0,0.0045646377839148045
FR015058,0,0.004622248467057943
FR013404,0,0.0034883273765444756
FR002515,0,0.021997502073645592
FR009345,0,0.0072178407572209835
FR018419,0,0.02588711492717266
FR017785,0,0.005779111757874489
FR011160,0,0.0051841940730810165
FR001760,0,0.005243732128292322
FR002447,0,0.014645284041762352
FR010716,0,0.08301790803670883
FR006688,0,0.006042302120476961
FR018937,0,0.008911160752177238
FR011776,0,0.00955295842140913
FR014886,0,0.008690355345606804
FR011877,0,0.022171514108777046
FR014220,0,0.008363193832337856
FR011157,0,0.017949802801012993
FR009459,0,0.0481497198343277
FR008851,0,0.042675573378801346
FR009177,0,0.016703981906175613
FR001789,0,0.009644581936299801
FR003707,0,0.006619693711400032
FR004254,0,0.014244651421904564
FR018072,0,0.0063462089747190475
FR001915,0,0.0062898993492126465
FR006104,0,0.016659164801239967
FR015689,0,0.01722593791782856
FR005968,0,0.0038174414075911045
FR007158,0,0.006881870795041323
FR018110,0,0.004871102515608072
FR016243,0,0.008468490093946457
FR018667,0,0.0025462820194661617
FR000891,0,0.006094880867749453
FR015747,0,0.009690860286355019
FR012455,0,0.04491730034351349
FR008845,0,0.007103752810508013
FR005626,0,0.005363753996789455
FR010708,0,0.0041177356615662575
FR013771,0,0.037595298141241074
FR003143,0,0.006003934424370527
FR006037,1,0.0504608079791069
FR012885,0,0.006974655669182539
FR005633,0,0.006974675692617893
FR007562,0,0.0046380977146327496
FR013684,0,0.04565690830349922
FR010109,0,0.020940788090229034
FR001657,0,0.004983158782124519
FR011697,0,0.028633691370487213
FR007467,0,0.0073523069731891155
FR012935,0,0.01661331206560135
FR006412,0,0.00817476212978363
FR005955,0,0.020183848217129707
FR012245,0,0.07022806257009506
FR000782,0,0.00861815083771944
FR015393,0,0.008553380146622658
FR018510,0,0.004032548516988754
FR014484,0,0.0026747225783765316
FR013828,0,0.016420088708400726
FR016309,0,0.003417668864130974
FR016247,0,0.005788813345134258
FR011295,0,0.01745414175093174
FR009546,0,0.005842981860041618
FR007377,0,0.05210193991661072
FR006034,0,0.01131951529532671
FR014513,0,0.015865890309214592
FR006269,0,0.005695214960724115
FR011450,0,0.007637936621904373
FR008356,0,0.004170313477516174
FR011758,0,0.0029678489081561565
FR016985,0,0.007392114028334618
FR003728,0,0.010630345903337002
FR000561,0,0.022669564932584763
FR019795,0,0.005322795826941729
FR008984,0,0.0091627798974514
FR010435,0,0.005320688243955374
FR019445,0,0.045079171657562256
FR007267,0,0.007237973622977734
FR000178,0,0.015041803009808064
FR017854,0,0.00642111711204052
FR017866,0,0.00342811131849885
FR003952,0,0.007046541664749384
FR003606,0,0.003822888946160674
FR003330,0,0.0037692005280405283
FR008717,0,0.01931990124285221
FR006825,0,0.011223972775042057
FR015685,0,0.009164927527308464
FR004395,1,0.747868001461029
FR009829,0,0.017652878537774086
FR001261,0,0.004140891600400209
FR017176,0,0.0035237029660493135
FR007242,0,0.013396862894296646
FR011944,0,0.009795903228223324
FR012178,0,0.04206713289022446
FR019999,0,0.006372408010065556
FR004140,0,0.008122975938022137
FR002610,0,0.010784679092466831
FR008416,0,0.008028998039662838
FR007123,0,0.011370855383574963
FR010061,0,0.007731425575911999
FR009157,0,0.003953712992370129
FR013113,0,0.013334008865058422
FR018925,0,0.0026659665163606405
FR016592,0,0.01138422079384327
FR017650,0,0.011052331887185574
FR018039,0,0.05165252089500427
FR004274,0,0.005879474338144064
FR018813,0,0.004421468824148178
FR000940,0,0.007343573961406946
FR009005,0,0.0030789419542998075
FR004262,0,0.007728901691734791
FR002616,0,0.006403102073818445
FR016571,0,0.007773029617965221
FR012164,0,0.01230873167514801
FR011754,0,0.005042362958192825
FR014778,0,0.038741495460271835
FR010913,0,0.005186941474676132
FR003281,0,0.012956012040376663
FR006618,0,0.006769145373255014
FR013164,0,0.011758405715227127
FR001131,0,0.007773092482239008
FR005836,0,0.021361056715250015
FR017752,0,0.010643158107995987
FR018681,0,0.01201100554317236
FR017925,0,0.012545322999358177
FR000270,0,0.008126684464514256
FR015152,1,0.023694628849625587
FR008232,0,0.01223151758313179
FR001565,0,0.04785551130771637
FR001828,0,0.005219402723014355
FR008091,0,0.0049876621924340725
FR017003,0,0.011278742924332619
FR002948,0,0.007120104040950537
FR006779,0,0.003996651154011488
FR016855,0,0.007368601392954588
FR004949,0,0.007774122525006533
FR005970,0,0.0049341656267642975
FR001472,0,0.010891509242355824
FR004100,0,0.008627746254205704
FR006247,0,0.006315965671092272
FR014288,0,0.028155555948615074
FR016702,0,0.05910113453865051
FR012724,0,0.017805365845561028
FR019203,0,0.006914516910910606
FR002398,0,0.0053437575697898865
FR012276,0,0.01837422139942646
FR014820,0,0.01585116982460022
FR006039,0,0.005960398819297552
FR000136,0,0.007615524809807539
FR019803,0,0.019556159153580666
FR000298,0,0.007948259823024273
FR013673,0,0.006859910674393177
FR012418,0,0.01046003494411707
FR007983,0,0.02262847311794758
FR011518,0,0.0067328643053770065
FR018108,0,0.02041899599134922
FR007720,0,0.6889142990112305
FR006296,0,0.014200320467352867
FR017658,0,0.008627509698271751
FR019926,0,0.015094269998371601
FR009325,0,0.004981887061148882
FR014850,0,0.0028381000738590956
FR014373,0,0.14645357429981232
FR019396,0,0.005291832610964775
FR014145,0,0.0028939656913280487
FR000719,0,0.027837755158543587
FR009926,0,0.00733799347653985
FR014773,0,0.004095862153917551
FR004595,0,0.006972133181989193
FR012975,0,0.003983743488788605
FR007673,0,0.0037462390027940273
FR005957,0,0.009499800391495228
FR016393,1,0.021274300292134285
FR006972,0,0.006031378172338009
FR016888,0,0.011677094735205173
FR007443,0,0.008643879555165768
FR013314,0,0.005295583978295326
FR010404,0,0.004784302320331335
FR019114,0,0.013797206804156303
FR014309,1,0.02594449743628502
FR013004,0,0.014307606965303421
FR006084,0,0.007203920278698206
FR007565,0,0.0051069967448711395
FR019810,0,0.00521139707416296
FR019197,0,0.0356312096118927
FR014701,0,0.03482932224869728
FR015929,0,0.0062710377387702465
FR013496,0,0.005251609720289707
FR014997,0,0.04472537338733673
FR002260,0,0.01333132479339838
FR017552,0,0.006194446235895157
FR002456,0,0.007394602056592703
FR000854,0,0.0051863291300833225
FR015988,0,0.009439842775464058
FR003750,0,0.007341950666159391
FR010937,0,0.006729127839207649
FR013502,0,0.003359331050887704
FR016126,0,0.007854558527469635
FR011140,0,0.004473074804991484
FR001152,0,0.010149344801902771
FR007382,0,0.072350412607193
FR012651,0,0.006249910220503807
FR003723,0,0.017248475924134254
FR010889,0,0.03295844420790672
FR011428,0,0.019169563427567482
FR019053,0,0.006350447423756123
FR000957,0,0.010916055180132389
FR016659,0,0.47079190611839294
FR016026,0,0.004398803226649761
FR019473,0,0.003764387220144272
FR007764,0,0.004442091099917889
FR006276,0,0.0032283375039696693
FR001881,0,0.020832400768995285
FR014109,0,0.015369498170912266
FR018604,0,0.008092401549220085
FR011942,0,0.02002914622426033
FR013955,0,0.017535392194986343
FR009711,0,0.0032206622418016195
FR011938,0,0.23149536550045013
FR018093,0,0.01541053969413042
FR000845,0,0.008047129958868027
FR000345,0,0.0071238125674426556
FR015303,0,0.007318252697587013
FR010768,0,0.042682308703660965
FR007807,0,0.004639888182282448
FR005473,0,0.008407950401306152
FR007942,0,0.0374549999833107
FR012979,0,0.0034603457897901535
FR009121,0,0.007752920966595411
FR014445,0,0.03112582117319107
FR008924,1,0.02933347225189209
FR011840,0,0.008339854888617992
FR019808,0,0.007076655980199575
FR013165,0,0.03990459069609642
FR009677,0,0.009717268869280815
FR013571,0,0.029505299404263496
FR015851,0,0.005549943074584007
FR017223,0,0.018315384164452553
FR013254,0,0.008131363429129124
FR000852,0,0.019466735422611237
FR000610,0,0.009343276731669903
FR017511,0,0.025378350168466568
FR005464,0,0.03878004103899002
FR018405,0,0.02736755646765232
FR010187,0,0.006489994004368782
FR005053,0,0.011199475266039371
FR017581,0,0.011633629910647869
FR017114,0,0.019867975264787674
FR014763,0,0.007398712914437056
FR004107,1,0.13162708282470703
FR011015,0,0.009854070842266083
FR008722,0,0.005048165563493967
FR007209,0,0.010793152265250683
FR006891,0,0.006895368918776512
FR008383,0,0.0069862413220107555
FR003075,0,0.005073430482298136
FR015196,0,0.008187739178538322
FR018031,0,0.004705863539129496
FR018653,0,0.00391455227509141
FR000534,0,0.0045382119715213776
FR016066,0,0.02324889600276947
FR006867,0,0.027316680178046227
FR004426,0,0.043383121490478516
FR015466,0,0.005380325019359589
FR007792,0,0.025343893095850945
FR008862,0,0.010066214948892593
FR019376,0,0.02207874320447445
FR000531,0,0.01817934773862362
FR017887,0,0.003874408081173897
FR004034,0,0.010273274965584278
FR011827,0,0.005393026862293482
FR001610,0,0.0070152790285646915
FR017387,0,0.011797421611845493
FR015306,0,0.006101190112531185
FR010045,0,0.006079509854316711
FR018971,0,0.005808047018945217
FR005733,0,0.003285572398453951
FR003523,0,0.004802021197974682
FR011291,0,0.009410739876329899
FR002254,0,0.009938131086528301
FR005547,0,0.003331525716930628
FR016341,0,0.00465151434764266
FR019636,0,0.009703819639980793
FR006545,0,0.006164661142975092
FR011109,0,0.013860727660357952
FR002636,0,0.007636841852217913
FR019934,1,0.00567267183214426
FR016216,0,0.009798849932849407
FR012645,0,0.009589160792529583
FR018901,0,0.006901569664478302
FR016232,0,0.012372330762445927
FR007971,0,0.18043310940265656
FR015603,0,0.01616309955716133
FR006895,0,0.006316055078059435
FR007413,0,0.0062047080136835575
FR004205,0,0.006680261809378862
FR019588,0,0.01244986429810524
FR004371,0,0.0037098568864166737
FR004514,0,0.004365189000964165
FR008995,0,0.10568200051784515
FR007539,0,0.0063190520741045475
FR015114,0,0.007834303192794323
FR013781,0,0.006802703253924847
FR000153,0,0.00417527137324214
FR000633,0,0.015238743275403976
FR006636,0,0.01334000751376152
FR012688,0,0.012923422269523144
FR001639,0,0.011590700596570969
FR016573,0,0.009152555838227272
FR016032,0,0.003838561475276947
FR010657,0,0.005986152216792107
FR002927,0,0.006462681572884321
FR009274,0,0.005465473514050245
FR011281,0,0.01524780597537756
FR013361,0,0.0059148105792701244
FR014880,0,0.007619699463248253
FR019561,0,0.0072381687350571156
FR017883,0,0.01125055830925703
FR007728,0,0.005840962752699852
FR014430,0,0.05715298652648926
FR007383,0,0.01347667258232832
FR000753,0,0.0315886028110981
FR012828,0,0.007219604216516018
FR005660,0,0.016725480556488037
FR000668,0,0.006549023557454348
FR011735,0,0.005741499364376068
FR001397,0,0.006227162200957537
FR005829,0,0.0053062173537909985
FR011041,0,0.008151328191161156
FR014325,0,0.01778329722583294
FR004702,0,0.003938810899853706
FR014311,0,0.013551691547036171
FR017902,0,0.010763482190668583
FR005070,0,0.06428006291389465
FR011343,0,0.0021117718424648046
FR013301,0,0.009233955293893814
FR016118,0,0.006932785268872976
FR015771,0,0.02069149725139141
FR012709,0,0.0042989919893443584
FR007028,0,0.031305715441703796
FR014991,0,0.005780383478850126
FR005173,0,0.003000195138156414
FR006401,0,0.04671895131468773
FR016650,0,0.008764849975705147
FR016812,0,0.026997875422239304
FR005497,0,0.0028824484907090664
FR016011,0,0.033178508281707764
FR018509,0,0.003907840233296156
FR005363,0,0.004546171985566616
FR010125,0,0.008962033316493034
FR003517,0,0.006961437873542309
FR018973,0,0.00514576630666852
FR010385,0,0.01467915065586567
FR000197,0,0.008875326253473759
FR012086,0,0.010472564958035946
FR016135,0,0.006904060486704111
FR000827,0,0.005274161696434021
FR002911,0,0.07900767773389816
FR002870,0,0.01094144955277443
FR005659,0,0.03239954262971878
FR000873,0,0.01255856640636921
FR006530,0,0.014959720894694328
FR009091,0,0.0047266436740756035
FR004658,0,0.0106338020414114
FR007784,0,0.005665393080562353
FR009954,0,0.006821295712143183
FR000764,0,0.006277503911405802
FR013277,0,0.005480074789375067
FR005744,0,0.061862729489803314
FR019071,0,0.007020775228738785
FR015911,0,0.011050784029066563
FR005718,0,0.004618268460035324
FR018929,0,0.016033826395869255
FR009715,0,0.01173985842615366
FR007654,0,0.010812444612383842
FR015904,1,0.41846558451652527
FR007594,0,0.010325117036700249
FR005956,0,0.0024889151100069284
FR009903,0,0.005096258129924536
FR010099,0,0.004134831950068474
FR004612,0,0.007055047899484634
FR019135,0,0.005139810964465141
FR017668,0,0.005174447316676378
FR004607,0,0.033270612359046936
FR018570,0,0.00974566675722599
FR007177,0,0.003845089115202427
FR007602,0,0.004514541011303663
FR006995,0,0.02197663113474846
FR008289,0,0.01962983049452305
FR017363,0,0.04206925630569458
FR001986,0,0.015581768937408924
FR015641,0,0.007377759087830782
FR009389,0,0.012815909460186958
FR013577,0,0.03402189910411835
FR001441,0,0.006253713741898537
FR005971,0,0.004628077149391174
FR002293,0,0.006212987471371889
FR008953,0,0.031648922711610794
FR016622,0,0.009024853818118572
FR013910,0,0.016352539882063866
FR016096,0,0.005244786385446787
FR015803,0,0.011478753760457039
FR014112,0,0.01165101770311594
FR016242,0,0.04607350751757622
FR013074,0,0.004113334696739912
FR009092,0,0.003042523516342044
FR005369,0,0.016314180567860603
FR016610,0,0.012101298198103905
FR007956,0,0.00701498705893755
FR010950,0,0.004213388543576002
FR004216,0,0.009767573326826096
FR015262,0,0.04350851848721504
FR012904,0,0.003643891541287303
FR005673,0,0.003725554095581174
FR004744,0,0.01552519854158163
FR005067,0,0.08486206084489822
FR016638,0,0.01366038154810667
FR010775,0,0.006704272702336311
FR006509,0,0.0056915306486189365
FR015666,0,0.02038412168622017
FR005941,0,0.022675417363643646
FR009376,0,0.030397281050682068
FR000679,0,0.010362115688621998
FR005766,0,0.0042823301628232
FR017135,0,0.00678414897993207
FR006761,0,0.008563713170588017
FR014026,0,0.005532131064683199
FR013939,0,0.017014585435390472
FR008730,0,0.00938266608864069
FR007193,0,0.00978631991893053
FR004441,0,0.005887690465897322
FR007901,0,0.005410126876085997
FR004852,0,0.013310466893017292
FR010183,0,0.003661067457869649
FR017973,0,0.003326995763927698
FR012246,0,0.003359131747856736
FR001016,0,0.005108734127134085
FR004535,0,0.004246772266924381
FR013545,0,0.13131177425384521
FR000385,1,0.10227637737989426
FR001146,0,0.008664440363645554
FR009110,0,0.021480245515704155
FR018704,0,0.007077326532453299
FR019714,0,0.018238931894302368
FR018520,0,0.03242682293057442
FR005006,0,0.05705332010984421
FR012498,0,0.011383196339011192
FR015874,0,0.0770580917596817
FR000425,0,0.008071774616837502
FR011120,0,0.007519518956542015
FR004819,0,0.005678600165992975
FR005068,0,0.0038737456779927015
FR008945,0,0.005542960483580828
FR009838,0,0.003699949011206627
FR005210,0,0.027125639840960503
FR018089,0,0.012695454992353916
FR006708,0,0.0048108757473528385
FR008015,0,0.004690135829150677
FR008007,0,0.045295003801584244
FR010850,0,0.00828432384878397
FR001302,0,0.004280862398445606
FR004693,0,0.05139181762933731
FR019454,0,0.0076685380190610886
FR011357,0,0.02758370153605938
FR011653,0,0.004794832319021225
FR013149,0,0.07387498021125793
FR015398,0,0.007057316601276398
FR013147,0,0.0077850427478551865
FR005405,0,0.004259826149791479
FR012299,0,0.003159639425575733
FR014743,0,0.02156011387705803
FR012654,0,0.006320497952401638
FR011591,0,0.00495782308280468
FR015914,0,0.0029579252004623413
FR012618,0,0.0030268116388469934
FR011961,0,0.0027280128560960293
FR001724,0,0.011003156192600727
FR009246,0,0.0056050908751785755
FR018103,0,0.010682237334549427
FR015254,0,0.05230926722288132
FR003821,0,0.013427029363811016
FR002619,0,0.07232876867055893
FR004635,0,0.003799599828198552
FR010548,0,0.005308628547936678
FR009350,0,0.005166887771338224
FR007018,0,0.012628178112208843
FR008142,0,0.041802771389484406
FR009055,0,0.05957534536719322
FR007171,0,0.006282068323343992
FR007024,0,0.024641575291752815
FR015167,0,0.05104904621839523
FR014761,0,0.012980151921510696
FR006489,0,0.02273407019674778
FR006716,0,0.01120956614613533
FR017952,0,0.004805796779692173
FR018367,0,0.013873137533664703
FR013743,0,0.0073385280556976795
FR011659,0,0.004399816505610943
FR010924,0,0.032342541962862015
FR011842,0,0.008735505864024162
FR019340,0,0.009822627529501915
FR008028,0,0.004442241042852402
FR008310,0,0.00836394913494587
FR007884,0,0.014796379953622818
FR011359,0,0.0046712555922567844
FR016020,0,0.004979913588613272
FR007962,0,0.007121270522475243
FR008550,0,0.0038184444420039654
FR017413,0,0.0055772666819393635
FR003939,0,0.013336224481463432
FR016435,0,0.015738291665911674
FR009864,0,0.03350299596786499
FR019754,0,0.024605516344308853
FR018431,0,0.004467696882784367
FR005106,1,0.016659509390592575
FR019981,0,0.026366624981164932
FR007676,0,0.0048934053629636765
FR014833,0,0.006616329308599234
FR014936,0,0.003958637826144695
FR019855,0,0.008944748900830746
FR006518,0,0.01231441367417574
FR019293,0,0.5519223213195801
FR007723,0,0.010557874105870724
FR015756,0,0.002843013731762767
FR016925,0,0.06830400973558426
FR019848,0,0.005701772402971983
FR011727,0,0.004622079432010651
FR003209,0,0.00452899094671011
FR009324,0,0.008774184621870518
FR019917,0,0.006296838168054819
FR007265,0,0.0034756020177155733
FR018312,0,0.004464542493224144
FR002777,0,0.004201854579150677
FR014739,0,0.009070166386663914
FR008107,0,0.008990389294922352
FR016332,0,0.015605675056576729
FR005167,0,0.008742834441363811
FR015969,0,0.056206464767456055
FR000674,0,0.003722249763086438
FR017422,0,0.011170507408678532
FR007702,0,0.005806659813970327
FR013995,0,0.007407904136925936
FR019672,0,0.005083370953798294
FR013236,0,0.004947103559970856
FR003199,0,0.034781794995069504
FR018261,0,0.00864107720553875
FR004006,0,0.0047360630705952644
FR017612,0,0.005311162211000919
FR000820,0,0.004450726322829723
FR009957,0,0.030388085171580315
FR017896,0,0.04288887977600098
FR003164,0,0.008376499637961388
FR010869,0,0.004698113538324833
FR015116,0,0.009265311993658543
FR005176,0,0.011931486427783966
FR010982,0,0.011872404254972935
FR003278,0,0.021591365337371826
FR010100,0,0.018939679488539696
FR011674,0,0.004879199434071779
FR002221,0,0.004305663518607616
FR005839,0,0.04934341460466385
FR005599,0,0.008043377660214901
FR000161,0,0.005923685152083635
FR019372,0,0.03321055322885513
FR001484,0,0.003051428822800517
FR005199,0,0.006516377907246351
FR004905,0,0.0074375406838953495
FR009025,0,0.004666510969400406
FR012375,0,0.012009053491055965
FR000984,0,0.03325946629047394
FR013715,1,0.012001847848296165
FR016548,0,0.010303898714482784
FR001705,0,0.05431979149580002
FR002905,0,0.007997529581189156
FR018725,0,0.018358709290623665
FR003248,0,0.012821696698665619
FR006114,0,0.008323658257722855
FR013707,0,0.010211131535470486
FR012924,0,0.012041169218719006
FR017738,0,0.005547188688069582
FR001907,0,0.010739766992628574
FR005278,0,0.00556124746799469
FR004114,0,0.0035399224143475294
FR017789,0,0.00494915759190917
FR003869,0,0.004836776293814182
FR018995,0,0.005855318158864975
FR005586,0,0.0068594589829444885
FR014566,0,0.008621822111308575
FR015585,0,0.004964034538716078
FR012219,0,0.2205606997013092
FR015040,0,0.010989201255142689
FR010067,0,0.006142884958535433
FR009483,0,0.06068503484129906
FR005916,0,0.00288988184183836
FR006640,0,0.01143945287913084
FR000657,0,0.005779917351901531
FR001924,0,0.005253279581665993
FR017328,0,0.006913403980433941
FR011870,0,0.008454504422843456
FR002422,0,0.007244184613227844
FR015334,0,0.004750891588628292
FR017678,0,0.022884011268615723
FR003906,0,0.0034729570616036654
FR005986,0,0.004427398554980755
FR002963,0,0.004127924330532551
FR002903,0,0.012200413271784782
FR015908,0,0.005450647324323654
FR019062,0,0.006388620473444462
FR015037,0,0.008460082113742828
FR016769,0,0.0031082755886018276
FR014123,0,0.0071724457666277885
FR002065,0,0.0049766795709729195
FR006385,0,0.0159278716892004
FR002526,0,0.012404914014041424
FR010848,0,0.013497024774551392
FR015155,0,0.005935596767812967
FR012199,0,0.005186242982745171
FR004655,0,0.01239059865474701
FR012224,0,0.006006103474646807
FR002973,0,0.0062637291848659515
FR006098,0,0.009605559520423412
FR008762,0,0.013907864689826965
FR003925,0,0.005648383405059576
FR014165,0,0.0042599961161613464
FR013387,0,0.008236951194703579
FR014932,1,0.011805313639342785
FR002384,0,0.0030016705859452486
FR005083,0,0.00940792728215456
FR000038,0,0.006383815314620733
FR018560,0,0.01676695980131626
FR007930,0,0.004095294047147036
FR000695,0,0.005116378888487816
FR004609,0,0.004083647858351469
FR015716,0,0.004352454096078873
FR019025,0,0.004041478969156742
FR001247,0,0.005249714478850365
FR008644,0,0.005120531190186739
FR016145,0,0.016992684453725815
FR000334,0,0.021899307146668434
FR010120,1,0.00404747761785984
FR010126,0,0.0057087973691523075
FR008279,0,0.004061601124703884
FR007841,0,0.025422457605600357
FR014963,0,0.004451220855116844
FR005531,0,0.006357657723128796
FR001342,0,0.004364677704870701
FR011049,0,0.009375693276524544
FR000348,0,0.010050196200609207
FR012432,0,0.007942331954836845
FR011795,0,0.008355422876775265
FR015757,0,0.004005789756774902
FR000111,0,0.007937978953123093
FR014044,0,0.0047184075228869915
FR005441,0,0.014272451400756836
FR010605,0,0.006506580859422684
FR008964,0,0.004824846982955933
FR013582,0,0.026164205744862556
FR002821,0,0.0047261277213692665
FR013490,0,0.0729568675160408
FR012849,0,0.009149987250566483
FR002754,0,0.008839080110192299
FR017536,0,0.0057587092742323875
FR019838,0,0.01120147667825222
FR005537,0,0.02115490287542343
FR015228,0,0.008777723647654057
FR013913,0,0.011619743891060352
FR009646,0,0.00584757886826992
FR018722,0,0.011741290800273418
FR011646,0,0.005283977370709181
FR017572,0,0.013897711411118507
FR019986,0,0.029464028775691986
FR003492,0,0.020577307790517807
FR008320,0,0.010766634717583656
FR009609,0,0.01174247544258833
FR006657,0,0.005106030032038689
FR006049,0,0.03458646312355995
FR003225,0,0.009600520133972168
FR013876,0,0.005370953120291233
FR011953,0,0.005587587598711252
FR019870,0,0.004658556077629328
FR004038,0,0.009838102385401726
FR013695,0,0.03462710231542587
FR000936,0,0.008894410915672779
FR005979,0,0.05631978064775467
FR014334,0,0.019531764090061188
FR013050,0,0.04563743248581886
FR018297,0,0.00793470535427332
FR000249,0,0.003752726363018155
FR000503,0,0.00903933122754097
FR015161,0,0.004005589988082647
FR006197,0,0.00795518048107624
FR006203,0,0.011134280823171139
FR018915,0,0.00473529240116477
FR013925,0,0.0301317498087883
FR009271,0,0.011256017722189426
FR000897,0,0.005380921997129917
FR019221,0,0.010899047367274761
FR018962,0,0.002684458391740918
FR014672,0,0.042704932391643524
FR003738,0,0.013607368804514408
FR008951,0,0.0038846852257847786
FR019703,0,0.037974510341882706
FR017800,0,0.00891205295920372
FR014926,0,0.011312954127788544
FR009746,0,0.010702605359256268
FR005346,0,0.026602577418088913
FR003636,0,0.007243499159812927
FR003945,0,0.006102795246988535
FR018550,0,0.005159640219062567
FR001254,0,0.011424040421843529
FR005550,0,0.00538213225081563
FR001883,0,0.006470331456512213
FR000167,0,0.004266380798071623
FR003935,0,0.1433507800102234
FR005178,0,0.005760721862316132
FR019471,0,0.02117779105901718
FR016361,0,0.012145854532718658
FR009010,0,0.008543970994651318
FR002396,0,0.012436703778803349
FR005379,0,0.006626579910516739
FR004865,0,0.00634707510471344
FR002874,0,0.010532042011618614
FR014105,0,0.0030290414579212666
FR014125,0,0.010273910127580166
FR010818,0,0.004236649721860886
FR008804,0,0.032049767673015594
FR010101,0,0.012811120599508286
FR012362,0,0.004168872255831957
FR017151,0,0.04335995391011238
FR013356,0,0.005528412759304047
FR014893,0,0.009419186040759087
FR010043,0,0.026357635855674744
FR012411,0,0.004606838338077068
FR018672,0,0.013096393086016178
FR002402,0,0.0220405925065279
FR015675,0,0.0033289585262537003
FR000459,0,0.004883674439042807
FR003258,0,0.020879389718174934
FR002435,0,0.00906574446707964
FR018245,0,0.004803021904081106
FR015361,0,0.026053622364997864
FR014486,0,0.003543122671544552
FR001048,0,0.003705298528075218
FR000557,0,0.006468645296990871
FR017782,0,0.0069005368277430534
FR000084,0,0.010236971080303192
FR011047,0,0.011264549568295479
FR010613,0,0.011075000278651714
FR017475,0,0.004017247352749109
FR018552,0,0.050057098269462585
FR005333,0,0.009367432445287704
FR004743,0,0.01286594569683075
FR018271,0,0.007118391804397106
FR015573,0,0.00725588807836175
FR005534,0,0.011305489577353
FR005719,0,0.009671476669609547
FR002838,1,0.09137268364429474
FR014326,0,0.015543589368462563
FR010018,0,0.0032549207098782063
FR003827,0,0.02984379045665264
FR006055,0,0.012467259541153908
FR009497,0,0.006697464734315872
FR016720,0,0.0049716997891664505
FR008652,0,0.011738519184291363
FR019629,0,0.004369114059954882
FR011710,0,0.007375810295343399
FR005079,0,0.013844618573784828
FR011665,0,0.030994173139333725
FR012763,0,0.04363403841853142
FR015998,0,0.009957178495824337
FR016794,0,0.008319058455526829
FR016563,0,0.014522763900458813
FR018949,0,0.003739670617505908
FR002099,0,0.005419682711362839
FR002609,0,0.006373111624270678
FR017860,0,0.006991506088525057
FR005080,0,0.004036158323287964
FR016988,0,0.009235743433237076
FR010648,0,0.0055344379507005215
FR012186,0,0.026880068704485893
FR017282,0,0.013871538452804089
FR011251,0,0.005788885056972504
FR012585,0,0.005172089207917452
FR017530,0,0.028830645605921745
FR007192,0,0.005346226971596479
FR015659,0,0.0217677541077137
FR009283,0,0.0051356409676373005
FR012236,0,0.0062782978639006615
FR000263,0,0.010610625147819519
FR018150,0,0.006233598105609417
FR007293,0,0.003183641005307436
FR005296,0,0.004873430822044611
FR001785,0,0.060311224311590195
FR010437,0,0.023212855681777
FR011925,0,0.006440817844122648
FR001378,1,0.11019911617040634
FR018113,0,0.01796039752662182
FR012925,0,0.01119325216859579
FR003586,0,0.010773167945444584
FR003307,0,0.01755143329501152
FR007405,0,0.018232569098472595
FR017427,0,0.006172606255859137
FR018580,0,0.005185470450669527
FR008404,0,0.005666158627718687
FR002833,0,0.004934912081807852
FR009425,0,0.0027879357803612947
FR014103,0,0.00812610425055027
FR016416,0,0.00357390521094203
FR016112,0,0.01857532002031803
FR015015,0,0.004146357998251915
FR015495,0,0.008568629622459412
FR017194,0,0.01004580408334732
FR006304,0,0.007223412394523621
FR002145,0,0.009221970103681087
FR008694,0,0.005714478436857462
FR004364,0,0.0039061070419847965
FR011264,0,0.0036150014493614435
FR014891,0,0.01104811578989029
FR001817,0,0.006641392596065998
FR012605,0,0.00741640804335475
FR006331,0,0.005638581700623035
FR007801,0,0.020679166540503502
FR012949,0,0.006845972500741482
FR011844,0,0.020067930221557617
FR009203,0,0.011704603210091591
FR016900,0,0.0060450551100075245
FR005321,0,0.007911358959972858
FR002538,0,0.01454774197191
FR006555,0,0.003996814135462046
FR011191,0,0.007758535444736481
FR005872,0,0.018349317833781242
FR011640,0,0.008084123022854328
FR009729,0,0.019195495173335075
FR019580,0,0.009530170820653439
FR001504,0,0.01431828923523426
FR008366,0,0.006289606913924217
FR011261,0,0.004006149247288704
FR009379,0,0.007978901267051697
FR006709,0,0.005146471783518791
FR013295,0,0.030569637194275856
FR016349,0,0.004973818548023701
FR012005,0,0.01820235513150692
FR011785,0,0.006146624218672514
FR019864,0,0.003121407236903906
FR001537,0,0.01974095217883587
FR008735,0,0.032562702894210815
FR013844,0,0.010571880266070366
FR016734,0,0.0040007056668400764
FR016372,0,0.008667987771332264
FR018499,0,0.016005324199795723
FR004155,0,0.01753426529467106
FR004021,0,0.008492885157465935
FR010036,0,0.009875308722257614
FR008008,0,0.02720458060503006
FR007334,0,0.004758507013320923
FR016174,0,0.013935081660747528
FR015316,0,0.034112755209207535
FR001909,0,0.019071536138653755
FR017575,0,0.005957670509815216
FR015507,0,0.005431387573480606
FR007759,0,0.005463786423206329
FR001026,0,0.019968856126070023
FR008799,0,0.018211228772997856
FR001515,0,0.02801845222711563
FR010700,0,0.014157810248434544
FR006578,0,0.008073722012341022
FR018155,0,0.04879431053996086
FR007107,0,0.007439198438078165
FR006010,0,0.020218517631292343
FR002015,0,0.10565127432346344
FR019783,0,0.009808149188756943
FR011474,0,0.08910202980041504
FR016318,0,0.004289527889341116
FR000997,0,0.007975810207426548
FR003055,0,0.005593337584286928
FR015412,0,0.005907488986849785
FR001334,0,0.006071200128644705
FR002086,0,0.009618591517210007
FR008170,0,0.005600646138191223
FR009574,0,0.003255414543673396
FR017037,1,0.5788152813911438
FR005078,0,0.03512250632047653
FR003327,0,0.0070407455787062645
FR011995,0,0.022817935794591904
FR009945,0,0.008892729878425598
FR013140,0,0.00529302516952157
FR015370,0,0.0059891375713050365
FR011928,0,0.0047536566853523254
FR010809,0,0.03502127155661583
FR018500,0,0.0046187941916286945
FR005353,0,0.008514643646776676
FR000566,0,0.015156359411776066
FR009290,0,0.003909648396074772
FR001351,0,0.004668903537094593
FR005823,0,0.01008550077676773
FR011921,0,0.02150227688252926
FR002747,0,0.003804978681728244
FR006325,0,0.00680511724203825
FR015733,0,0.009794220328330994
FR012906,0,0.04007922112941742
FR005926,0,0.004670184571295977
FR003627,0,0.029330478981137276
FR016494,0,0.02097715437412262
FR008954,0,0.01282836776226759
FR007307,0,0.013779006898403168
FR007552,0,0.016169173642992973
FR013112,0,0.027354514226317406
FR009647,0,0.005745970644056797
FR006921,0,0.004619274754077196
FR002787,0,0.0055488827638328075
FR009442,0,0.00398650299757719
FR018086,0,0.005044406279921532
FR015084,0,0.015318987891077995
FR001975,0,0.010797159746289253
FR014497,0,0.006884376984089613
FR011143,0,0.002875374397262931
FR001964,0,0.007354287896305323
FR015382,1,0.027030624449253082
FR009897,0,0.03127014636993408
FR007485,0,0.04497712105512619
FR018679,0,0.01379142701625824
FR013701,0,0.008835353888571262
FR018772,0,0.00648476043716073
FR003859,0,0.008578324690461159
FR014836,0,0.012355438433587551
FR012487,0,0.00554835656657815
FR013179,0,0.007205550093203783
FR016891,0,0.02625039964914322
FR015030,0,0.005261558573693037
FR017944,0,0.004530764650553465
FR006268,0,0.00525242742151022
FR012330,0,0.01347462460398674
FR003914,0,0.018652532249689102
FR000213,0,0.007698167581111193
FR008752,0,0.003311394713819027
FR000189,0,0.008692479692399502
FR013046,0,0.0059808543883264065
FR007608,0,0.012074323371052742
FR001009,0,0.007396835368126631
FR010175,0,0.006871456280350685
FR010415,0,0.006437123287469149
FR015539,0,0.031611859798431396
FR019388,0,0.00984306912869215
FR006855,0,0.0241228174418211
FR005527,0,0.007951821200549603
FR002299,0,0.004475699737668037
FR004598,0,0.006592503748834133
FR001492,0,0.006154260598123074
FR015227,0,0.05463819205760956
FR008340,0,0.010645191185176373
FR011583,0,0.004247338976711035
FR000237,0,0.005675114691257477
FR004394,0,0.031447265297174454
FR011874,0,0.011265096254646778
FR003001,0,0.00421415688470006
FR007966,0,0.010587393306195736
FR007026,0,0.01990952342748642
FR019799,0,0.004142931196838617
FR011431,0,0.015829842537641525
FR011119,0,0.010517115704715252
FR018238,0,0.005287991836667061
FR000160,0,0.029121384024620056
FR002489,0,0.012921378947794437
FR011898,0,0.008947383612394333
FR003691,0,0.007907687686383724
FR002122,0,0.0075955940410494804
FR004336,0,0.007910246960818768
FR003296,0,0.018850192427635193
FR014941,0,0.00354958837851882
FR011247,0,0.01575137861073017
FR001910,0,0.00371801876462996
FR007035,0,0.015535499900579453
FR006497,0,0.007839107885956764
FR018583,1,0.03277457505464554
FR007067,0,0.0141738997772336
FR011723,0,0.010574953630566597
FR005799,0,0.0044801062904298306
FR000690,0,0.003442380577325821
FR015783,0,0.021376771852374077
FR008045,0,0.006532001309096813
FR008341,0,0.005438981112092733
FR002768,0,0.02713625691831112
FR002864,0,0.026936538517475128
FR017780,0,0.018662864342331886
FR000889,0,0.005802917294204235
FR004835,0,0.010372785851359367
FR018764,0,0.00622894149273634
FR007411,1,0.05075677111744881
FR002058,0,0.006274869199842215
FR006277,0,0.005171095486730337
FR005095,0,0.006385077256709337
FR019169,0,0.006775473244488239
FR018574,0,0.006778914015740156
FR017384,0,0.015156571753323078
FR014879,0,0.0029456024058163166
FR007849,0,0.01919696480035782
FR018102,0,0.04986904561519623
FR002996,0,0.006946021690964699
FR011144,0,0.02607024647295475
FR009728,0,0.023897016420960426
FR015162,0,0.008283384144306183
FR014741,0,0.004103341605514288
FR012045,0,0.007067250553518534
FR018595,0,0.006965678185224533
FR019426,0,0.010327363386750221
FR015567,0,0.0031705887522548437
FR015333,0,0.010547766461968422
FR007140,0,0.006467542145401239
FR016943,0,0.002374594332650304
FR014131,0,0.0038988131564110518
FR014270,0,0.007071565371006727
FR002475,0,0.014386776834726334
FR002247,0,0.009887461550533772
FR007865,0,0.0050818040035665035
FR011227,0,0.022641820833086967
FR016151,0,0.01664682663977146
FR013860,0,0.003946375567466021
FR000243,0,0.011918351985514164
FR003877,0,0.006436116993427277
FR004753,0,0.004941834136843681
FR016378,0,0.016130639240145683
FR001281,0,0.007473769132047892
FR014009,0,0.07227584719657898
FR010599,0,0.014333749189972878
FR008899,0,0.0051871114410459995
FR011127,0,0.003848572028800845
FR012744,0,0.0072280028834939
FR005611,0,0.006022063083946705
FR010145,0,0.009997558780014515
FR002147,0,0.004102790262550116
FR000151,0,0.007859081961214542
FR010436,0,0.01197041105479002
FR003800,0,0.006206084042787552
FR016799,0,0.00928487628698349
FR001379,0,0.010823404416441917
FR014516,0,0.20292794704437256
FR013206,0,0.00860531534999609
FR007163,0,0.01960676535964012
FR011124,0,0.009346582926809788
FR001717,0,0.047791652381420135
FR000283,0,0.00797511637210846
FR011192,0,0.0066514695063233376
FR013299,0,0.18829742074012756
FR006669,0,0.007930472493171692
FR003580,0,0.013248261995613575
FR000518,0,0.0039643896743655205
FR007262,0,0.008332901634275913
FR005539,0,0.005680245812982321
FR016922,1,0.7778376936912537
FR017191,0,0.004029967822134495
FR009515,0,0.006803331896662712
FR010918,0,0.006883646827191114
FR015486,0,0.008377394638955593
FR008502,0,0.0327872596681118
FR001189,0,0.008032811805605888
FR002646,0,0.009459597989916801
FR013224,1,0.004391856957226992
FR004483,0,0.047235824167728424
FR019856,0,0.003827736945822835
FR007394,0,0.007038918789476156
FR014409,0,0.03836404159665108
FR019116,0,0.00947501976042986
FR013208,0,0.013637220486998558
FR008619,0,0.007062026299536228
FR019539,0,0.012302993796765804
FR016113,0,0.006429403088986874
FR015309,0,0.0049542090855538845
FR003396,0,0.00487365759909153
FR007313,0,0.005733793135732412
FR003717,0,0.05719767138361931
FR004434,0,0.02514120563864708
FR002036,0,0.006591205019503832
FR013284,0,0.004768286366015673
FR017578,0,0.009719948284327984
FR016150,0,0.019823679700493813
FR009141,0,0.00603983411565423
FR012512,0,0.004868260584771633
FR013202,0,0.007902000099420547
FR016167,0,0.0046229613944888115
FR016996,0,0.030577965080738068
FR004984,0,0.004641220439225435
FR013364,0,0.006288191769272089
FR006672,0,0.003725603688508272
FR003095,0,0.014429735951125622
FR008379,0,0.007456584367901087
FR005643,0,0.005853661336004734
FR005983,0,0.0031504326034337282
FR014779,0,0.00885985791683197
FR019816,0,0.01621384359896183
FR016802,0,0.00429776543751359
FR009124,0,0.00406880397349596
FR012471,0,0.01744118519127369
FR014088,0,0.006094783078879118
FR018012,0,0.017784278839826584
FR013143,0,0.005732086021453142
FR001454,0,0.007882473058998585
FR012394,0,0.03022873029112816
FR017641,0,0.01783394068479538
FR002043,0,0.0063730389811098576
FR005952,0,0.007892122492194176
FR002430,0,0.01781453937292099
FR001860,0,0.00605395995080471
FR000769,0,0.027687273919582367
FR012399,0,0.006335095968097448
FR009365,0,0.0446530357003212
FR006145,0,0.015149355866014957
FR016008,0,0.0034323495347052813
FR016490,0,0.005501606035977602
FR013014,0,0.004602128639817238
FR000068,0,0.01370251551270485
FR019217,0,0.004504208918660879
FR002314,0,0.011395524255931377
FR017025,0,0.010175212286412716
FR013859,0,0.004226191900670528
FR017706,0,0.008580263704061508
FR006377,0,0.025511866435408592
FR008150,0,0.005516253877431154
FR015903,0,0.012385493144392967
FR019245,0,0.0069416845217347145
FR000058,0,0.009316673502326012
FR014601,0,0.011551009491086006
FR004189,0,0.039049722254276276
FR015704,0,0.008127506822347641
FR002033,0,0.0824572965502739
FR012385,0,0.008623778820037842
FR004752,0,0.021690720692276955
FR009980,0,0.020041311159729958
FR019738,0,0.016006644815206528
FR008228,0,0.0085449805483222
FR003485,0,0.25378555059432983
FR009899,0,0.006642581894993782
FR015554,0,0.06530095636844635
FR006912,0,0.04179916903376579
FR003173,0,0.009393269196152687
FR019544,0,0.009545878507196903
FR011559,0,0.009285262785851955
FR012509,0,0.022532591596245766
FR017644,0,0.007983465678989887
FR016791,0,0.004030069336295128
FR015562,0,0.014081146568059921
FR010801,0,0.019100558012723923
FR011756,0,0.005477310623973608
FR003823,0,0.031122256070375443
FR010653,0,0.004478774964809418
FR002114,0,0.029040537774562836
FR019938,0,0.005582539830356836
FR018737,0,0.004774739500135183
FR001256,0,0.006059066858142614
FR004864,0,0.005632948596030474
FR006464,0,0.014949704520404339
FR011957,0,0.00881420448422432
FR013827,0,0.006940152496099472
FR012378,0,0.021770140156149864
FR013943,0,0.012716042809188366
FR016735,0,0.007585952524095774
FR018214,0,0.006306581199169159
FR010571,0,0.005333330947905779
FR017704,0,0.0068317861296236515
FR010881,0,0.03234225884079933
FR017627,0,0.0038764348719269037
FR010860,0,0.004687040578573942
FR018665,0,0.028229206800460815
FR017550,0,0.0072058094665408134
FR008618,0,0.01653994619846344
FR007516,0,0.004885222762823105
FR009427,0,0.01640859618782997
FR004363,0,0.013179203495383263
FR017352,0,0.010157357901334763
FR014669,0,0.16824379563331604
FR019167,0,0.012309404090046883
FR004143,0,0.018562346696853638
FR013391,0,0.003655548905953765
FR006526,0,0.005447569768875837
FR019083,0,0.015364352613687515
FR007507,0,0.005592345260083675
FR019002,0,0.006420687772333622
FR003385,0,0.020833982154726982
FR015146,0,0.011287871748209
FR002276,0,0.010320278815925121
FR017732,0,0.023989511653780937
FR001249,0,0.007134911138564348
FR015202,0,0.0054580215364694595
FR011802,0,0.005512728821486235
FR002267,0,0.008053145371377468
FR010038,0,0.011427897028625011
FR003789,0,0.0042264810763299465
FR016234,0,0.03593467175960541
FR005211,0,0.010505213402211666
FR015793,0,0.007300566416233778
FR012678,0,0.01689496636390686
FR014492,0,0.010413575917482376
FR003004,0,0.010625387541949749
FR015516,0,0.008978060446679592
FR006570,0,0.006042832043021917
FR018870,0,0.22135081887245178
FR001222,0,0.00809937808662653
FR016093,0,0.033031828701496124
FR012908,0,0.0135295195505023
FR009922,0,0.0035701969172805548
FR015405,0,0.0032717445865273476
FR001977,0,0.006730023305863142
FR011159,0,0.012793241068720818
FR007761,0,0.0038296389393508434
FR010875,0,0.011714117601513863
FR017212,0,0.004881834611296654
FR015222,0,0.0027192907873541117
FR014444,0,0.0038069908041507006
FR000784,0,0.009889421984553337
FR008403,0,0.06478003412485123
FR004485,0,0.004419748205691576
FR009579,0,0.00862311851233244
FR008668,0,0.0077265361323952675
FR013159,0,0.013145788572728634
FR006812,0,0.007404713425785303
FR010819,0,0.006309241987764835
FR000146,0,0.009250380098819733
FR019609,0,0.005863553378731012
FR000240,0,0.01881464384496212
FR000716,0,0.0116504468023777
FR006309,0,0.022315790876746178
FR005073,0,0.006581807043403387
FR018557,0,0.003840644145384431
FR014713,0,0.007338576950132847
FR001807,0,0.00706841517239809
FR018607,0,0.005295639391988516
FR000306,0,0.05517975240945816
FR008756,0,0.00699460506439209
FR001801,0,0.016838306561112404
FR012622,0,0.003896350972354412
FR017471,0,0.007660913746803999
FR019484,0,0.013099560514092445
FR016810,0,0.013829289004206657
FR006294,0,0.004077864810824394
FR014226,0,0.00840243510901928
FR018926,0,0.006046874448657036
FR015256,0,0.008448554202914238
FR011107,0,0.005785296205431223
FR005276,0,0.010945960879325867
FR019444,0,0.018214721232652664
FR016809,0,0.024158481508493423
FR009832,1,0.5142731070518494
FR012070,0,0.006000750698149204
FR012637,0,0.009632856585085392
FR018703,0,0.007133276667445898
FR014433,0,0.005623301956802607
FR016400,0,0.005105499643832445
FR008977,0,0.00780869647860527
FR013514,0,0.012579611502587795
FR005814,0,0.003887740196660161
FR018959,0,0.02957734651863575
FR006541,0,0.012179880402982235
FR018094,0,0.009484324604272842
FR012172,0,0.003563998732715845
FR006407,0,0.024930497631430626
FR002893,0,0.0048233866691589355
FR016038,0,0.011960523203015327
FR015293,0,0.027441691607236862
FR018135,0,0.004788163583725691
FR005885,0,0.010963097214698792
FR001325,0,0.006488340441137552
FR006302,0,0.02376667782664299
FR001178,0,0.008017153479158878
FR002554,0,0.006117772310972214
FR017448,0,0.003573054913431406
FR015524,0,0.012563812546432018
FR008158,0,0.012210732325911522
FR015118,1,0.029044920578598976
FR007368,0,0.004710093606263399
FR014314,0,0.021588202565908432
FR012242,0,0.01031283475458622
FR019456,0,0.004751996602863073
FR019415,1,0.006446129642426968
FR013485,0,0.00877886451780796
FR014196,0,0.005256501957774162
FR019537,0,0.00436036940664053
FR017637,0,0.025499749928712845
FR005122,0,0.0058420985005795956
FR010453,0,0.0073416102677583694
FR008946,0,0.004461557138711214
FR012129,0,0.01790817640721798
FR002669,0,0.04277794435620308
FR004355,0,0.01099599339067936
FR008466,0,0.004899824969470501
FR004142,0,0.006200149189680815
FR012557,0,0.005732537247240543
FR004554,0,0.006536344066262245
FR019555,0,0.02284337766468525
FR011212,0,0.016734328120946884
FR005658,0,0.0040748645551502705
FR000992,0,0.008489055559039116
FR016214,0,0.0044021918438375
FR014076,0,0.0045149181969463825
FR006064,0,0.012282747775316238
FR017629,0,0.005580499302595854
FR010216,0,0.017599772661924362
FR009686,0,0.004159211181104183
FR010275,0,0.0037127360701560974
FR009202,0,0.012080423533916473
FR010813,0,0.0027335109189152718
FR018466,0,0.002435789443552494
FR008438,0,0.013492455706000328
FR004459,0,0.025762155652046204
FR000789,0,0.00507912365719676
FR004532,0,0.026593953371047974
FR002588,0,0.005624962970614433
FR015198,0,0.014753586612641811
FR001692,0,0.006292901001870632
FR000735,0,0.005728682037442923
FR004257,0,0.0043103452771902084
FR002829,0,0.018305260688066483
FR008239,0,0.0034194085747003555
FR010373,0,0.023942142724990845
FR015339,0,0.0047383494675159454
FR009454,0,0.009480781853199005
FR013777,0,0.003895496018230915
FR017804,0,0.10370656102895737
FR002943,0,0.003454216057434678
FR017060,0,0.4577379524707794
FR017458,0,0.0033481281716376543
FR004089,0,0.007485340815037489
FR010773,0,0.005295332986861467
FR018235,0,0.00530491815879941
FR009651,0,0.0061498964205384254
FR008649,0,0.006068657152354717
FR005158,0,0.007033222354948521
FR009343,0,0.007417499087750912
FR000374,0,0.014524798840284348
FR016555,0,0.005286897998303175
FR005222,0,0.2698708176612854
FR015839,0,0.00908209290355444
FR004962,0,0.008707758039236069
FR018807,0,0.006597351748496294
FR017052,0,0.010841639712452888
FR005938,0,0.05010901391506195
FR003854,0,0.02749195322394371
FR000504,0,0.022595606744289398
FR015282,0,0.004306579474359751
FR009019,0,0.00987226888537407
FR009415,0,0.009314015507698059
FR006099,0,0.008341586217284203
FR012545,0,0.028713295236229897
FR007858,0,0.006233051419258118
FR004958,0,0.00733807310461998
FR016920,0,0.008941604755818844
FR001979,0,0.0052642920054495335
FR017998,0,0.008222978562116623
FR014375,0,0.007671913132071495
FR011584,0,0.005343459080904722
FR006605,0,0.026563208550214767
FR008714,0,0.004896786995232105
FR019920,0,0.038995955139398575
FR014638,0,0.005039450246840715
FR017885,0,0.003925358410924673
FR006648,0,0.005615372210741043
FR010086,0,0.16214632987976074
FR016535,0,0.01845438964664936
FR005200,0,0.054901622235774994
FR000118,0,0.004632309544831514
FR015491,0,0.0053535345941782
FR011405,0,0.012217394076287746
FR009966,0,0.03014519438147545
FR016521,0,0.0048327939584851265
FR017962,0,0.041779711842536926
FR019094,0,0.005400559864938259
FR014504,0,0.011542867869138718
FR015484,0,0.007207092363387346
FR019428,0,0.011614372953772545
FR019273,1,0.009947194717824459
FR011142,0,0.031712695956230164
FR015540,0,0.0036953079979866743
FR003501,0,0.006936217192560434
FR012747,0,0.005285388324409723
FR009835,0,0.0059890467673540115
FR016584,0,0.004630568902939558
FR007342,0,0.003943587653338909
FR002557,0,0.007044930476695299
FR010263,0,0.00430735619738698
FR007670,0,0.02317316085100174
FR012974,0,0.005616040900349617
FR012850,0,0.005004613194614649
FR019884,0,0.0033802969846874475
FR002904,0,0.00374744925647974
FR000076,0,0.00733921630308032
FR009428,0,0.01350890938192606
FR000506,0,0.008355537429451942
FR002679,0,0.006962453480809927
FR001416,0,0.010889274999499321
FR007887,0,0.021641328930854797
FR004682,0,0.00627274950966239
FR008740,0,0.008082864806056023
FR002681,0,0.03259195387363434
FR001087,0,0.02287873439490795
FR015669,0,0.03706960380077362
FR006381,0,0.005563283804804087
FR004432,0,0.009746693074703217
FR017106,0,0.0045760576613247395
FR012902,0,0.007809656672179699
FR013537,0,0.007360809948295355
FR008004,0,0.006322621833533049
FR013927,0,0.006257964298129082
FR016825,0,0.005176370032131672
FR014687,0,0.005145321600139141
FR018845,0,0.005034118890762329
FR019825,0,0.010284961201250553
FR007890,0,0.004603194538503885
FR003506,0,0.004884093534201384
FR018191,0,0.010508336126804352
FR016523,0,0.005199762061238289
FR010489,0,0.007542406674474478
FR010600,0,0.007114927750080824
FR008032,0,0.008909556083381176
FR017765,0,0.003182997927069664
FR015650,0,0.006592534948140383
FR001332,0,0.0033871408086270094
FR002640,0,0.012349970638751984
FR005652,0,0.06163531541824341
FR016300,0,0.008794691413640976
FR001322,0,0.011637862771749496
FR013173,0,0.02976069226861
FR016771,0,0.014140576124191284
FR017722,0,0.006443760357797146
FR005332,0,0.05517235025763512
FR006546,0,0.03404129669070244
FR003965,0,0.004699119366705418
FR010192,0,0.005880017299205065
FR003539,0,0.005785943474620581
FR017347,0,0.011349765583872795
FR006122,0,0.006210246589034796
FR002038,0,0.14023229479789734
FR017324,0,0.004532455466687679
FR010014,0,0.010254422202706337
FR014216,0,0.004892625380307436
FR015835,0,0.005068518221378326
FR014719,0,0.0076326834969222546
FR006614,0,0.02210116572678089
FR011177,0,0.008873586542904377
FR011512,1,0.005837367381900549
FR004424,0,0.012842686846852303
FR014459,0,0.005134649574756622
FR003045,0,0.013990603387355804
FR008616,0,0.015435975976288319
FR014162,0,0.016404109075665474
FR005362,0,0.008398689329624176
FR016407,0,0.004313774406909943
FR008609,0,0.6978180408477783
FR013057,0,0.005376853048801422
FR015978,0,0.011634095571935177
FR007194,0,0.005035554524511099
FR004520,0,0.0038189049810171127
FR017036,0,0.008102301508188248
FR008342,0,0.00801954697817564
FR014224,0,0.00380555703304708
FR009139,0,0.022688254714012146
FR015710,0,0.004744986072182655
FR016830,0,0.008474130183458328
FR006017,0,0.016397718340158463
FR013862,0,0.004998754244297743
FR002125,0,0.00981062836945057
FR005756,0,0.12956027686595917
FR011139,0,0.029773540794849396
FR010609,0,0.005253769923001528
FR010821,0,0.0050761220045387745
FR012249,0,0.005395204294472933
FR009435,0,0.006647734437137842
FR002076,0,0.010080322623252869
FR014061,0,0.0325898639857769
FR001336,0,0.004047462251037359
FR017901,0,0.008633788675069809
FR018838,0,0.019301671534776688
FR015630,0,0.003655710257589817
FR009335,0,0.003010204527527094
FR005782,0,0.005840254481881857
FR013306,0,0.006520784925669432
FR000765,0,0.010382899083197117
FR007542,0,0.03453867509961128
FR004980,0,0.019481375813484192
FR006198,0,0.0048372382298111916
FR010046,0,0.5414745807647705
FR005077,0,0.0025138608179986477
FR015825,0,0.009481108747422695
FR016423,0,0.00899554044008255
FR017832,0,0.005089094862341881
FR012197,0,0.006151318550109863
FR001003,0,0.016908729448914528
FR011601,0,0.004460470750927925
FR012016,0,0.003700302680954337
FR013337,0,0.17560899257659912
FR006600,0,0.02260514162480831
FR000656,0,0.00529505917802453
FR019100,0,0.007919457741081715
FR012323,0,0.008112482726573944
FR012390,0,0.008958036080002785
FR016013,0,0.004320097621530294
FR012696,0,0.009929956868290901
FR013055,0,0.025676313787698746
FR018128,0,0.005157425533980131
FR008396,0,0.009165854193270206
FR009252,0,0.004802491050213575
FR010757,0,0.012038145214319229
FR013245,0,0.0057532270438969135
FR015060,0,0.00402676360681653
FR000340,0,0.006785736884921789
FR003581,0,0.004315591417253017
FR013775,0,0.003326802747324109
FR013541,0,0.022656207904219627
FR002229,0,0.0065571945160627365
FR006225,0,0.011452940292656422
FR004637,0,0.008404596708714962
FR011422,0,0.0077689276076853275
FR002041,0,0.02449645660817623
FR009999,0,0.0033970854710787535
FR012084,0,0.00802648812532425
FR013998,0,0.004051187075674534
FR003464,0,0.019400816410779953
FR013025,0,0.008995544165372849
FR001983,1,0.01146119274199009
FR007973,0,0.006283658556640148
FR010942,0,0.00339002488180995
FR004187,0,0.00838695839047432
FR008033,0,0.006961418781429529
FR001751,0,0.03310352563858032
FR007114,0,0.004040189553052187
FR018869,0,0.007008966989815235
FR012962,0,0.008928114548325539
FR002313,0,0.007591144647449255
FR018624,0,0.005527028348296881
FR012720,0,0.019456656649708748
FR010822,0,0.0076965284533798695
FR007272,0,0.01318677794188261
FR005162,0,0.1279674619436264
FR006810,0,0.01845262013375759
FR011896,0,0.003458006540313363
FR011560,0,0.0032128889579325914
FR008938,0,0.012131250463426113
FR000935,0,0.007233890239149332
FR016756,0,0.016493216156959534
FR003036,0,0.004866412840783596
FR002198,0,0.007044099736958742
FR000485,0,0.006897776387631893
FR015212,0,0.003874691668897867
FR016325,0,0.05561904236674309
FR014202,0,0.0037036475259810686
FR012282,0,0.013636207208037376
FR003619,0,0.004857161547988653
FR005765,0,0.0036928197368979454
FR011444,0,0.0061507560312747955
FR016129,0,0.0055475542321801186
FR016695,0,0.006802204065024853
FR010932,0,0.00542978523299098
FR012435,0,0.008771328255534172
FR000462,0,0.014633542858064175
FR018876,0,0.0109641682356596
FR009089,0,0.004160534590482712
FR008410,0,0.003221424762159586
FR003564,0,0.00426626717671752
FR002492,0,0.051439378410577774
FR001974,0,0.006671544164419174
FR010683,0,0.004873680416494608
FR018938,0,0.004122813232243061
FR014277,0,0.007374532986432314
FR013868,0,0.0035568075254559517
FR009474,0,0.017935680225491524
FR009645,0,0.024069737643003464
FR001266,0,0.03341764584183693
FR007998,0,0.006740394048392773
FR018919,0,0.02166564390063286
FR009670,0,0.008462106809020042
FR012789,0,0.004359918180853128
FR003237,0,0.0071311285719275475
FR000838,0,0.008096483536064625
FR005229,0,0.004080736078321934
FR000005,0,0.021117078140378
FR008898,0,0.00857057049870491
FR012933,0,0.004679918754845858
FR007985,0,0.010299834422767162
FR010847,0,0.0029480387456715107
FR014892,0,0.005459354724735022
FR004461,0,0.008891304954886436
FR019354,0,0.011079655028879642
FR012838,0,0.05971641093492508
FR010802,0,0.012979649938642979
FR004683,0,0.002477052854374051
FR006339,0,0.00775103596970439
FR008920,0,0.006754180416464806
FR020000,0,0.014584497548639774
FR003323,0,0.09918612986803055
FR000625,0,0.006416637450456619
FR002500,0,0.012001022696495056
FR018867,0,0.012474453076720238
FR018761,0,0.00977339968085289
FR006342,0,0.0044343480840325356
FR014780,0,0.025596605613827705
FR017740,0,0.04574830085039139
FR017428,0,0.02389678731560707
FR008082,0,0.005576425697654486
FR018663,0,0.0126969488337636
FR009493,0,0.039194442331790924
FR006939,0,0.005783179309219122
FR001062,0,0.006887899246066809
FR002097,0,0.003947961609810591
FR003049,0,0.04438511282205582
FR018593,0,0.004710169043391943
FR018928,0,0.005041774362325668
FR008626,0,0.003990456461906433
FR012661,0,0.00709643866866827
FR006837,1,0.008022574707865715
FR011324,0,0.008948850445449352
FR016451,0,0.008934474550187588
FR004885,0,0.006849075201898813
FR002551,0,0.0040938532911241055
FR008897,0,0.008877751417458057
FR009138,0,0.002615727251395583
FR001995,0,0.008222472853958607
FR014321,0,0.008765206672251225
FR012398,0,0.006035469938069582
FR001973,0,0.006187120918184519
FR011862,0,0.007501153275370598
FR004557,0,0.004491334781050682
FR002468,0,0.005542237311601639
FR011469,0,0.004344456363469362
FR006802,0,0.02136100083589554
FR019851,0,0.00431616697460413
FR019286,0,0.012193340808153152
FR002517,0,0.004136265721172094
FR008011,0,0.0806928351521492
FR010193,0,0.00502440519630909
FR019120,0,0.00603467458859086
FR008134,0,0.004148000385612249
FR007980,0,0.01824505440890789
FR012312,0,0.020688671618700027
FR014443,0,0.008682599291205406
FR016194,0,0.008102819323539734
FR010152,0,0.04440556839108467
FR007824,0,0.02607446163892746
FR015409,0,0.01807401515543461
FR012474,0,0.009112318977713585
FR008136,0,0.007576513569802046
FR018735,0,0.0574931725859642
FR002429,0,0.03949444741010666
FR019568,0,0.04489767551422119
FR003620,0,0.009367188438773155
FR006328,0,0.003672125283628702
FR016187,0,0.006063401699066162
FR003031,0,0.0970783531665802
FR017425,0,0.00359179824590683
FR015583,0,0.002971298061311245
FR004893,0,0.016469858586788177
FR010621,0,0.00457825418561697
FR016689,0,0.003953247331082821
FR004467,0,0.005405397154390812
FR015735,0,0.014697224833071232
FR004269,0,0.004346391651779413
FR007711,0,0.010605815798044205
FR015880,0,0.005711699370294809
FR018495,0,0.08352839201688766
FR019644,0,0.009435184299945831
FR001607,0,0.0050585269927978516
FR007839,0,0.005318583454936743
FR007052,0,0.0058770556934177876
FR019745,0,0.006010870449244976
FR014070,0,0.0051251561380922794
FR005505,0,0.004637122619897127
FR010885,0,0.00999604444950819
FR014746,0,0.0029188888147473335
FR004855,0,0.0077652824111282825
FR001722,0,0.008592612110078335
FR017438,0,0.00449505215510726
FR005663,0,0.014497235417366028
FR003380,0,0.006605260539799929
FR002701,0,0.0027788470033556223
FR001690,0,0.02766493335366249
FR000078,0,0.01146189495921135
FR007666,0,0.009439508430659771
FR006826,0,0.031449124217033386
FR016975,0,0.014087595045566559
FR017196,0,0.008738810196518898
FR017162,0,0.011190160177648067
FR017068,0,0.014513731934130192
FR010975,0,0.00977665837854147
FR004477,0,0.004726926330476999
FR003941,0,0.017326250672340393
FR011768,0,0.004190284758806229
FR014376,0,0.01509595662355423
FR014169,1,0.06296488642692566
FR008210,0,0.0029748317319899797
FR010689,0,0.005802026018500328
FR004761,0,0.010379978455603123
FR013500,0,0.01220229733735323
FR016778,0,0.005254535470157862
FR019403,0,0.012606969103217125
FR000877,0,0.00524046178907156
FR019208,0,0.004644801374524832
FR011031,0,0.0067835901863873005
FR012355,0,0.012311764061450958
FR001719,0,0.0435178168118
FR002600,0,0.006651734467595816
FR006801,0,0.005744764115661383
FR017449,0,0.04353833198547363
FR019828,0,0.007177660241723061
FR009569,0,0.007823236286640167
FR012449,0,0.009267054498195648
FR016159,0,0.005768608767539263
FR001871,0,0.006237528286874294
FR004372,0,0.0046539148315787315
FR009241,0,0.003917509224265814
FR008407,0,0.004849474411457777
FR003969,0,0.04884256795048714
FR013780,0,0.003374720923602581
FR019187,0,0.03337673842906952
FR001217,0,0.002256298903375864
FR013255,0,0.005536327604204416
FR007113,0,0.009697283618152142
FR019076,1,0.02509516105055809
FR006424,0,0.02515511028468609
FR016050,0,0.01530822366476059
FR000726,0,0.05277804657816887
FR014111,0,0.006972793024033308
FR013244,0,0.03029470331966877
FR015089,0,0.012152028270065784
FR011702,0,0.028540337458252907
FR010260,0,0.023197809234261513
FR005779,0,0.021928634494543076
FR018001,0,0.02087656781077385
FR011030,0,0.01583804562687874
FR005105,0,0.010192304849624634
FR010128,0,0.0044239237904548645
FR003392,0,0.007686770521104336
FR016966,0,0.004368983209133148
FR019845,0,0.006240096874535084
FR012404,0,0.007267141714692116
FR013982,0,0.013530117459595203
FR016679,0,0.007046314887702465
FR007303,0,0.02680387534201145
FR013607,0,0.008056601509451866
FR000925,0,0.007391908206045628
FR010972,0,0.0031033060513436794
FR014287,0,0.004615501035004854
FR009222,0,0.010340334847569466
FR017862,0,0.0046596284955739975
FR004290,0,0.0036613820120692253
FR009018,0,0.0037439228035509586
FR001375,0,0.010256958194077015
FR012494,0,0.0037808208726346493
FR002602,0,0.006072426214814186
FR015767,0,0.013354098424315453
FR001958,0,0.011037497781217098
FR019753,0,0.0318840816617012
FR006968,0,0.015007337555289268
FR012034,0,0.011739244684576988
FR018882,0,0.02724560536444187
FR007213,0,0.020130541175603867
FR005790,0,0.05714593455195427
FR012777,0,0.0038538328371942043
FR008638,0,0.18284763395786285
FR018696,0,0.004974170587956905
FR009155,0,0.005283801816403866
FR019157,0,0.006506060250103474
FR011589,0,0.030793447047472
FR002808,0,0.005168503150343895
FR001971,0,0.009291480295360088
FR011804,0,0.011176439933478832
FR018091,0,0.0033071229699999094
FR013231,0,0.0028202596586197615
FR012746,0,0.004876681137830019
FR018000,0,0.0024645598605275154
FR015894,0,0.010469648987054825
FR018932,0,0.005233767442405224
FR001901,0,0.008274348452687263
FR019875,0,0.006111309863626957
FR009981,0,0.0049346028827130795
FR018336,0,0.04245723411440849
FR009785,0,0.12627272307872772
FR006687,0,0.004297700244933367
FR002766,0,0.009172859601676464
FR015070,0,0.008443486876785755
FR008435,0,0.021797804161906242
FR003105,0,0.017281264066696167
FR015413,0,0.007412554230540991
FR006756,0,0.017827194184064865
FR009027,0,0.003940751310437918
FR000797,0,0.0048562330193817616
FR009704,0,0.014855551533401012
FR000710,0,0.3783513009548187
FR005337,0,0.008197790011763573
FR013504,0,0.01649112068116665
FR008219,0,0.003460355568677187
FR009536,0,0.026914333924651146
FR006142,0,0.006361768115311861
FR009598,0,0.00431109219789505
FR016338,0,0.00754915177822113
FR017662,0,0.004289374686777592
FR016847,0,0.007770209573209286
FR005549,0,0.017096780240535736
FR004027,0,0.005110214930027723
FR000147,0,0.008918996900320053
FR012092,0,0.005383559036999941
FR004939,0,0.013206008821725845
FR003203,0,0.004604875110089779
FR007357,0,0.009993373416364193
FR012400,0,0.012163281440734863
FR019905,0,0.01223271619528532
FR008767,0,0.00451361108571291
FR000255,0,0.009009923785924911
FR014947,0,0.0037660328671336174
FR008944,0,0.008154821582138538
FR000169,0,0.009139052592217922
FR002524,0,0.013092262670397758
FR007376,0,0.01682230457663536
FR006082,0,0.004729574546217918
FR011239,0,0.006195895839482546
FR018356,0,0.004722997546195984
FR018964,0,0.011804718524217606
FR019240,0,0.016098471358418465
FR014888,0,0.03231815621256828
FR010896,0,0.027390040457248688
FR009122,0,0.020064737647771835
FR005627,0,0.010125105269253254
FR013875,0,0.005725336726754904
FR006598,0,0.010367060080170631
FR005865,0,0.013523723930120468
FR010635,0,0.04599515721201897
FR003525,0,0.006517594214528799
FR010075,0,0.006080365739762783
FR019764,0,0.007468214258551598
FR006881,0,0.015578160993754864
FR018418,0,0.17073892056941986
FR018385,0,0.019394779577851295
FR013641,0,0.005688999779522419
FR016269,0,0.008768749423325062
FR015113,0,0.01015494205057621
FR014467,0,0.0029317608568817377
FR009775,0,0.006105488166213036
FR012033,0,0.006617364473640919
FR019055,0,0.004770929925143719
FR007156,0,0.02989908866584301
FR012416,0,0.012129828333854675
FR016519,1,0.04882045462727547
FR010321,0,0.008642474189400673
FR000729,0,0.0037761684507131577
FR005805,0,0.009634730406105518
FR018078,0,0.015528551302850246
FR008303,0,0.009518631733953953
FR008448,0,0.012719683349132538
FR002320,0,0.007820597849786282
FR018130,0,0.0023803068324923515
FR017168,0,0.0043364157900214195
FR004561,0,0.008625923655927181
FR018955,0,0.0031973577570170164
FR006207,0,0.030917195603251457
FR000260,0,0.0071935392916202545
FR013643,0,0.042652398347854614
FR000793,0,0.008443801663815975
FR000297,0,0.04785832390189171
FR014600,0,0.005770212039351463
FR019122,0,0.01306990534067154
FR007538,0,0.007851364091038704
FR017518,0,0.004704137798398733
FR016320,0,0.007102310191839933
FR008916,1,0.007699667941778898
FR000282,0,0.015474947169423103
FR006289,0,0.005075755994766951
FR015723,0,0.0037644533440470695
FR001576,0,0.003286094171926379
FR018585,0,0.007145555689930916
FR010089,0,0.0043561626225709915
FR005016,0,0.004694518633186817
FR007965,0,0.01023474894464016
FR007148,0,0.004864791873842478
FR009336,0,0.007578765042126179
FR006092,0,0.027273433282971382
FR001090,0,0.01864633895456791
FR019289,0,0.041466183960437775
FR000597,0,0.02139916829764843
FR016665,0,0.02813073992729187
FR008716,0,0.02554243989288807
FR005426,0,0.006538877729326487
FR006032,0,0.015034153126180172
FR014910,0,0.0036498485133051872
FR005186,0,0.007326297461986542
FR006132,0,0.02591993659734726
FR007863,0,0.012112351134419441
FR011429,0,0.011300262063741684
FR009735,0,0.006045361515134573
FR008359,0,0.005644841119647026
FR001729,1,0.019493967294692993
FR012735,0,0.039668381214141846
FR004196,0,0.005103998351842165
FR017694,0,0.006202109158039093
FR002917,0,0.007029273547232151
FR010267,0,0.008306751027703285
FR019694,0,0.011110061779618263
FR007463,0,0.0060424599796533585
FR002206,0,0.01487854216247797
FR005581,0,0.007272803224623203
FR013924,0,0.02608368918299675
FR009998,0,0.008169962093234062
FR011202,0,0.014668237417936325
FR016529,0,0.004001729656010866
FR009930,0,0.0052191452123224735
FR009621,0,0.004782388918101788
FR017950,0,0.008900672197341919
FR016478,0,0.00611377228051424
FR006613,0,0.005064527969807386
FR002650,0,0.0040613082237541676
FR008627,0,0.010068343952298164
FR017796,0,0.0030884365551173687
FR005344,0,0.006085820496082306
FR016392,0,0.006505283527076244
FR005357,0,0.004034140612930059
FR014718,0,0.023286473006010056
FR018277,0,0.0061455173417925835
FR005892,0,0.008880983106791973
FR012128,0,0.004934930708259344
FR008729,0,0.028262300416827202
FR013088,0,0.00836979690939188
FR004991,0,0.005385469179600477
FR009992,0,0.005359011702239513
FR013018,0,0.004746817052364349
FR013664,0,0.008512824773788452
FR019106,0,0.006096536759287119
FR009737,0,0.004386510234326124
FR004404,0,0.06765381991863251
FR008375,0,0.005509726237505674
FR011220,0,0.04857829585671425
FR009251,0,0.005019539967179298
FR016244,0,0.018236158415675163
FR003617,0,0.0038575343787670135
FR012760,0,0.0070992582477629185
FR013068,0,0.005672451574355364
FR013338,0,0.0055122217163443565
FR014380,0,0.01803189516067505
FR007894,0,0.01076741237193346
FR006963,0,0.011353378184139729
FR003645,0,0.028413012623786926
FR006387,0,0.008152531459927559
FR019298,0,0.027447432279586792
FR000996,0,0.004536973312497139
FR013411,0,0.03170426934957504
FR018768,0,0.006853494327515364
FR018618,0,0.024966636672616005
FR017417,0,0.00493219681084156
FR003958,0,0.007166397757828236
FR005854,0,0.005173902492970228
FR014130,0,0.01790149323642254
FR005408,0,0.005563558079302311
FR016944,0,0.005792252719402313
FR009312,0,0.005442090332508087
FR000685,0,0.004718597512692213
FR015681,0,0.015444914810359478
FR010135,0,0.011027811095118523
FR011009,0,0.004379347898066044
FR007900,0,0.006748763378709555
FR018619,0,0.0061480337753891945
FR007469,0,0.004115337040275335
FR003123,0,0.5079668164253235
FR015814,0,0.04402029514312744
FR009000,0,0.014341592788696289
FR003778,0,0.00448280805721879
FR004218,0,0.00630194554105401
FR000186,0,0.006992621812969446
FR014691,0,0.011973834596574306
FR018272,0,0.007786911446601152
FR019378,0,0.012301702052354813
FR005103,0,0.0036572860553860664
FR011210,0,0.010653269477188587
FR001665,0,0.043117597699165344
FR007820,0,0.008021614514291286
FR004729,0,0.009731094352900982
FR018835,0,0.010334676131606102
FR006227,0,0.0037787759210914373
FR014922,0,0.008947146125137806
FR010762,0,0.013268842361867428
FR012540,0,0.004523374605923891
FR005248,0,0.0035662585869431496
FR013509,0,0.016078995540738106
FR015678,1,0.0048245335929095745
FR012766,0,0.01979782246053219
FR007724,0,0.006990118883550167
FR009480,0,0.013194728642702103
FR001008,0,0.006616571452468634
FR014696,1,0.01803208887577057
FR014742,0,0.004278320353478193
FR016010,0,0.0034690499305725098
FR013039,0,0.00640126084908843
FR010197,0,0.00656184321269393
FR012073,0,0.0058769830502569675
FR014514,0,0.07743655890226364
FR016915,0,0.004747465718537569
FR011466,0,0.016684141010046005
FR004968,0,0.01765611208975315
FR008472,0,0.011582951992750168
FR007750,0,0.006312632467597723
FR000312,0,0.03223313018679619
FR005893,0,0.009985527023673058
FR007818,0,0.067059226334095
FR012060,0,0.03066941536962986
FR011477,0,0.011856215074658394
FR013742,0,0.011754832230508327
FR003176,0,0.004909788258373737
FR017624,0,0.00974770076572895
FR005082,0,0.015577731654047966
FR007690,0,0.010703811421990395
FR003884,0,0.007472566328942776
FR008986,0,0.015605445951223373
FR009080,0,0.0046813469380140305
FR008122,0,0.03923206031322479
FR015886,0,0.014023234136402607
FR012524,0,0.00875102449208498
FR015206,0,0.03377651795744896
FR004012,0,0.02130587212741375
FR000131,0,0.013027875684201717
FR004805,0,0.003716177074238658
FR007517,0,0.010309458710253239
FR000774,0,0.004849370568990707
FR019069,0,0.042697273194789886
FR010912,0,0.005559074692428112
FR004208,0,0.017718954011797905
FR008772,0,0.013679662719368935
FR007630,0,0.011728627607226372
FR016666,0,0.007707191631197929
FR004896,0,0.004146778956055641
FR016637,1,0.005367354955524206
FR014089,0,0.023970160633325577
FR003746,0,0.031149355694651604
FR003214,0,0.003225604072213173
FR019290,0,0.009470939636230469
FR019965,0,0.010359911248087883
FR000248,0,0.0058120246976614
FR011505,0,0.0066404868848621845
FR012329,0,0.021523354575037956
FR012802,0,0.009342319332063198
FR017211,0,0.004148860927671194
FR000669,0,0.005825982894748449
FR016198,0,0.003023480996489525
FR011571,0,0.0057887365110218525
FR017231,0,0.004914820659905672
FR017727,0,0.014422453939914703
FR003856,0,0.015442232601344585
FR004631,0,0.005452524404972792
FR003496,1,0.00650324672460556
FR002328,0,0.007273026742041111
FR015897,0,0.004268832039088011
FR004901,0,0.003418417414650321
FR006762,0,0.014101224951446056
FR007074,0,0.0035194845404475927
FR001659,0,0.0032562129199504852
FR001331,0,0.004972655326128006
FR013489,0,0.0021975834388285875
FR009843,1,0.7197956442832947
FR009322,0,0.009985941462218761
FR009065,0,0.0074078962206840515
FR007767,0,0.017679434269666672
FR012067,0,0.004491528496146202
FR018246,0,0.003442747052758932
FR006961,0,0.004428048152476549
FR007877,0,0.01371757686138153
FR016466,0,0.010651757009327412
FR007343,1,0.04492800310254097
FR009358,0,0.04848992079496384
FR013597,0,0.013526618480682373
FR012877,0,0.006080778315663338
FR018778,0,0.011602511629462242
FR006393,0,0.004476964008063078
FR006942,1,0.003963743802160025
FR003362,0,0.0031706325244158506
FR016559,0,0.0051465206779539585
FR015754,1,0.004354916047304869
FR003849,0,0.006799750495702028
FR005574,0,0.004115999676287174
FR003448,0,0.004979199729859829
FR017264,0,0.007352899294346571
FR012905,0,0.004332736134529114
FR011155,0,0.003842783160507679
FR014259,1,0.014973822981119156
FR006745,0,0.006898478604853153
FR007003,0,0.00747597636654973
FR007733,0,0.007835660129785538
FR006567,0,0.0026056934148073196
FR003092,0,0.010229132138192654
FR016901,0,0.004424437880516052
FR018222,0,0.005202287808060646
FR003357,0,0.003014638554304838
FR005969,0,0.014257365837693214
FR015862,0,0.008395861834287643
FR003730,0,0.007543374318629503
FR001061,0,0.007481090724468231
FR010919,0,0.013210620731115341
FR010673,0,0.018862595781683922
FR018698,0,0.008345109410583973
FR018936,0,0.021339425817131996
FR017850,0,0.009068302810192108
FR008648,0,0.3170909285545349
FR019512,0,0.007634944748133421
FR002868,0,0.021869217976927757
FR012361,0,0.013900241814553738
FR001194,0,0.01655883714556694
FR009884,0,0.004002870060503483
FR001835,0,0.011746526695787907
FR018474,0,0.01029469259083271
FR011110,0,0.002760045463219285
FR008802,0,0.005320498254150152
FR010664,0,0.004888717085123062
FR016782,0,0.020787842571735382
FR005115,0,0.01791107840836048
FR019163,0,0.0044716582633554935
FR015173,0,0.0037870926316827536
FR011002,0,0.005762188229709864
FR012666,0,0.0076590292155742645
FR008818,0,0.005359011702239513
FR006714,0,0.005394855979830027
FR016139,0,0.027465689927339554
FR011176,0,0.0035450258292257786
FR009619,0,0.012388426810503006
FR000724,0,0.028652364388108253
FR014285,0,0.022439362481236458
FR005506,0,0.007365153171122074
FR016899,0,0.012065142393112183
FR002635,0,0.009062082506716251
FR002261,0,0.015597355552017689
FR019385,0,0.0054124933667480946
FR014776,0,0.008473441004753113
FR015353,0,0.014270841144025326
FR016686,0,0.0043705725111067295
FR003802,0,0.0050863237120211124
FR017269,0,0.017339350655674934
FR002093,0,0.0036291349679231644
FR012345,0,0.06347319483757019
FR004309,0,0.006884863134473562
FR003826,0,0.022665871307253838
FR011196,0,0.09277927130460739
FR011915,0,0.009708884172141552
FR004423,0,0.24909503757953644
FR010209,0,0.005590948276221752
FR005855,0,0.004181683994829655
FR016345,0,0.018128776922822
FR001555,0,0.10548491030931473
FR007912,0,0.024166710674762726
FR018421,0,0.004391819704324007
FR015244,0,0.005497415084391832
FR018165,0,0.01953286863863468
FR008480,0,0.010060719214379787
FR011347,0,0.008461046032607555
FR001370,0,0.01408341620117426
FR019232,0,0.006888723932206631
FR005087,0,0.003622958902269602
FR019009,0,0.0037437202408909798
FR016808,0,0.004995574709028006
FR014565,0,0.01576930843293667
FR002073,0,0.0034367365296930075
FR007141,0,0.027684764936566353
FR005050,0,0.016812078654766083
FR007030,0,0.008501365780830383
FR012480,0,0.00742843234911561
FR016185,0,0.04989480599761009
FR009257,0,0.0038314934354275465
FR019630,0,0.016534263268113136
FR004615,0,0.044035036116838455
FR009567,0,0.005880627781152725
FR011733,0,0.006603474263101816
FR005134,0,0.025432076305150986
FR007524,0,0.030222279950976372
FR014867,0,0.005024862941354513
FR007796,0,0.01911553181707859
FR018274,0,0.012216306291520596
FR011373,0,0.02201957441866398
FR013184,0,0.005336514208465815
FR007773,0,0.00612933374941349
FR018517,0,0.011061331257224083
FR009714,0,0.004010289441794157
FR003048,0,0.06486620008945465
FR014951,0,0.009156379848718643
FR000315,0,0.007781463675200939
FR008439,0,0.007921994663774967
FR014296,0,0.01955271326005459
FR005602,0,0.07908926159143448
FR010163,0,0.004765865858644247
FR018392,0,0.005721570458263159
FR006514,0,0.024991605430841446
FR015846,0,0.006009079050272703
FR007501,0,0.0076433527283370495
FR003227,0,0.00900899525731802
FR013042,0,0.008401949889957905
FR009186,0,0.003666863776743412
FR018525,0,0.009581994265317917
FR010300,0,0.00752482982352376
FR015581,0,0.012185272760689259
FR011044,0,0.0119858393445611
FR019881,0,0.15270861983299255
FR003241,0,0.01915634796023369
FR016612,0,0.21200251579284668
FR018821,0,0.01461031474173069
FR011267,0,0.005357906222343445
FR010897,0,0.0061176735907793045
FR002621,0,0.003404404502362013
FR016453,0,0.004708633758127689
FR015979,0,0.0069078803062438965
FR004486,0,0.004690168891102076
FR005927,0,0.019719470292329788
FR000232,0,0.007823724299669266
FR008517,0,0.022392772138118744
FR014607,0,0.002656036289408803
FR013013,0,0.004262452479451895
FR000878,0,0.009387574158608913
FR004063,0,0.011124074459075928
FR007327,0,0.009233841672539711
FR013728,0,0.0037463263142853975
FR007153,0,0.005558133590966463
FR002817,0,0.009582329541444778
FR006264,0,0.0049475328996777534
FR007948,0,0.015487992204725742
FR018386,0,0.008228268474340439
FR006731,0,0.026046914979815483
FR019179,0,0.0034599676728248596
FR013533,0,0.007116814609616995
FR008678,0,0.007078063208609819
FR009549,0,0.0061340355314314365
FR006843,0,0.006403620820492506
FR000226,0,0.03467212989926338
FR018871,0,0.008152411319315434
FR019756,0,0.008582831360399723
FR011117,1,0.02597307600080967
FR004428,0,0.019080860540270805
FR018057,0,0.03485402464866638
FR014950,0,0.004274074919521809
FR005731,0,0.010835408233106136
FR019420,0,0.011594787240028381
FR019052,0,0.008190055377781391
FR010502,0,0.016517452895641327
FR019697,0,0.006749009247869253
FR001989,0,0.013621034100651741
FR013710,0,0.00542738102376461
FR004874,0,0.02204876020550728
FR008665,0,0.008518943563103676
FR019679,0,0.014397782273590565
FR013452,0,0.040928687900304794
FR002369,0,0.010391976684331894
FR010141,0,0.008500432595610619
FR010445,0,0.005681414622813463
FR016754,0,0.014428093098104
FR005650,0,0.005325022619217634
FR007448,0,0.027955377474427223
FR015917,0,0.02557464689016342
FR007895,0,0.024281948804855347
FR013550,0,0.005111097823828459
FR016289,0,0.004752720706164837
FR016048,0,0.0168713741004467
FR004479,0,0.00905560702085495
FR017621,0,0.0164767038077116
FR013243,0,0.008417919278144836
FR009447,0,0.003639054484665394
FR015741,0,0.012426844798028469
FR008747,0,0.014965674839913845
FR016991,0,0.008038513362407684
FR007050,0,0.004720071330666542
FR012304,0,0.00368502433411777
FR002673,0,0.03288697451353073
FR002359,0,0.004859363194555044
FR011530,0,0.007431952748447657
FR000214,0,0.004698434844613075
FR007835,0,0.005110304802656174
FR009490,0,0.003933768253773451
FR003784,0,0.003289497457444668
FR001655,0,0.00509989308193326
FR004170,0,0.010412067174911499
FR002806,0,0.00850193202495575
FR003421,0,0.01301412470638752
FR004563,0,0.014675109647214413
FR007586,1,0.00601233821362257
FR001123,0,0.0073706903494894505
FR006044,0,0.02026250958442688
FR017576,0,0.012153597548604012
FR004512,0,0.023267123848199844
FR002658,0,0.006873695645481348
FR006329,0,0.04104931280016899
FR000522,0,0.02992999739944935
FR013520,0,0.007037002593278885
FR006885,0,0.010630316101014614
FR006300,0,0.008728597313165665
FR002215,0,0.005048802588135004
FR006916,0,0.015413656830787659
FR006228,0,0.01068182848393917
FR013560,0,0.004590495955199003
FR006556,0,0.002433945657685399
FR001568,0,0.005221960600465536
FR001628,0,0.16864749789237976
FR019449,0,0.011822743341326714
FR015616,0,0.005855770315974951
FR002087,0,0.009140451438724995
FR010559,0,0.06868278235197067
FR011284,0,0.0033530101645737886
FR017937,0,0.022621871903538704
FR005645,0,0.0027920615393668413
FR011278,0,0.011572065763175488
FR018780,0,0.0045978534035384655
FR018114,0,0.007913260720670223
FR004246,0,0.013798108324408531
FR003490,0,0.005783743690699339
FR005880,0,0.012071571312844753
FR004169,1,0.006578347180038691
FR003478,0,0.017952805384993553
FR012773,0,0.004614285193383694
FR006046,0,0.006599933374673128
FR016949,0,0.0582292340695858
FR004313,0,0.004757567774504423
FR009763,0,0.014820129610598087
FR003724,0,0.011734476312994957
FR016974,0,0.008424007333815098
FR007809,0,0.008092666044831276
FR006008,0,0.003878258168697357
FR005477,0,0.0087656918913126
FR018886,0,0.009000561200082302
FR016753,0,0.008558257482945919
FR011543,0,0.009485878981649876
FR000700,0,0.009220920503139496
FR013865,0,0.00684870220720768
FR019922,0,0.015063782222568989
FR005873,0,0.009441755712032318
FR002969,0,0.006749425083398819
FR010153,0,0.00419895863160491
FR004349,0,0.008074100129306316
FR009465,0,0.006570838391780853
FR005961,0,0.014282510615885258
FR008524,0,0.005946261342614889
FR001579,0,0.003294754773378372
FR013790,0,0.008973505347967148
FR009940,0,0.004396617412567139
FR011265,0,0.041580185294151306
FR013355,0,0.006911770906299353
FR018990,0,0.02831113710999489
FR018050,0,0.006722473073750734
FR011616,0,0.00435700872913003
FR001800,0,0.004425423219799995
FR016091,0,0.005958926863968372
FR011467,0,0.006427021697163582
FR000524,0,0.009002701379358768
FR016226,0,0.01229923963546753
FR015776,0,0.011123082600533962
FR006796,0,0.009422910399734974
FR006508,0,0.0036398409865796566
FR000468,0,0.005806673783808947
FR015119,0,0.004488746635615826
FR010380,0,0.009951741434633732
FR013917,0,0.004305289126932621
FR002828,0,0.007826404646039009
FR003720,0,0.011097418144345284
FR015209,0,0.003972968086600304
FR003400,0,0.009587385691702366
FR017873,0,0.06881015747785568
FR017070,0,0.008123878389596939
FR004386,0,0.020693233236670494
FR018783,0,0.00981660932302475
FR010531,0,0.006442542187869549
FR002297,0,0.026507075875997543
FR015407,0,0.021974360570311546
FR007783,0,0.08288158476352692
FR014388,0,0.004102408420294523
FR002213,0,0.0038732599932700396
FR012283,0,0.009050221182405949
FR016271,0,0.042263902723789215
FR015982,0,0.027442947030067444
FR005205,0,0.006565231829881668
FR000119,0,0.006579356733709574
FR007365,0,0.003932847175747156
FR000768,0,0.004782041534781456
FR015013,0,0.00393654964864254
FR009099,0,0.019445234909653664
FR017983,0,0.004631920251995325
FR014848,0,0.012835785746574402
FR008238,0,0.010733162984251976
FR018883,0,0.010406938381493092
FR008657,0,0.005770184565335512
FR000223,0,0.006859878543764353
FR001129,0,0.005465582478791475
FR007415,0,0.006537992041558027
FR001394,0,0.010297977365553379
FR003104,0,0.01575501635670662
FR004381,0,0.014076273888349533
FR001149,0,0.0030826956499367952
FR006953,0,0.012202251702547073
FR016355,0,0.01843610219657421
FR003783,0,0.010760582983493805
FR019814,0,0.004469850100576878
FR001546,0,0.005332759115844965
FR005430,0,0.005951754283159971
FR013348,0,0.017862845212221146
FR013082,0,0.010278051719069481
FR012306,0,0.020389705896377563
FR019869,0,0.004578612744808197
FR015485,0,0.006206225138157606
FR004574,0,0.016618873924016953
FR004776,0,0.005432976875454187
FR013784,0,0.009304424747824669
FR011761,0,0.028771840035915375
FR018875,0,0.010511217638850212
FR019935,0,0.0049955775029957294
FR014240,0,0.005418970715254545
FR007836,0,0.01385129988193512
FR004167,0,0.01792190968990326
FR006899,0,0.030983081087470055
FR017446,0,0.042388904839754105
FR010017,0,0.003970472142100334
FR018160,0,0.005728217773139477
FR012153,0,0.010384075343608856
FR005914,0,0.044364795088768005
FR013769,0,0.0059826266951859
FR017462,0,0.0037850115913897753
FR011978,0,0.015340407378971577
FR009839,0,0.011741290800273418
FR009872,0,0.02687891386449337
FR005668,0,0.026889953762292862
FR019089,0,0.034600794315338135
FR003762,0,0.005838058888912201
FR004316,0,0.006357407663017511
FR015095,0,0.004033391363918781
FR011156,0,0.013984966091811657
FR000002,0,0.0060594342648983
FR005608,0,0.004266457632184029
FR012990,0,0.006683331448584795
FR018763,0,0.0023322084452956915
FR019142,0,0.008804203011095524
FR002470,0,0.01593400351703167
FR003770,0,0.0060218689031898975
FR013380,0,0.011028258129954338
FR018360,0,0.01195881050080061
FR008853,0,0.00814935751259327
FR006662,0,0.004862899426370859
FR011854,0,0.005009775515645742
FR002809,0,0.004421666730195284
FR006183,0,0.005652611143887043
FR013020,0,0.006414221134036779
FR003182,0,0.0032171125058084726
FR018868,0,0.005989447236061096
FR000202,0,0.007303579710423946
FR018881,0,0.021687528118491173
FR010262,0,0.004353343043476343
FR013336,0,0.011764779686927795
FR004202,0,0.004027763847261667
FR016411,0,0.007690780330449343
FR001642,0,0.00412174453958869
FR009627,0,0.011010262183845043
FR005224,0,0.005651330109685659
FR011818,0,0.017495643347501755
FR008334,0,0.008487213402986526
FR015658,0,0.006884474772959948
FR001356,0,0.017703929916024208
FR007768,0,0.03458823263645172
FR011344,0,0.007819117978215218
FR006252,0,0.0065713985823094845
FR015722,0,0.017578909173607826
FR011272,0,0.011122919619083405
FR000308,0,0.006816580891609192
FR005891,0,0.004795332904905081
FR017823,0,0.020201697945594788
FR013482,0,0.0034175601322203875
FR009120,0,0.016897890716791153
FR002741,0,0.004173834342509508
FR001478,0,0.007981056347489357
FR010159,0,0.008818591944873333
FR000519,0,0.00998892541974783
FR003145,0,0.0027330233715474606
FR001097,0,0.009546441957354546
FR018967,0,0.01088129635900259
FR011282,0,0.007776722777634859
FR011851,1,0.006260289810597897
FR003211,0,0.00681057246401906
FR011948,0,0.007415891624987125
FR013738,0,0.004148447420448065
FR013658,0,0.06237192079424858
FR007635,0,0.005151950754225254
FR001978,0,0.007196751423180103
FR015239,0,0.00560607947409153
FR003158,0,0.004734328482300043
FR010336,0,0.004613409284502268
FR019499,0,0.00769514124840498
FR017027,0,0.004928423557430506
FR011001,0,0.010063635185360909
FR001841,0,0.006312524899840355
FR013610,0,0.00940827839076519
FR009985,0,0.005827557295560837
FR014079,0,0.008006530813872814
FR016334,0,0.026557767763733864
FR006894,0,0.006813333835452795
FR019919,0,0.051725178956985474
FR001081,0,0.004299002233892679
FR014509,0,0.006329659838229418
FR004314,0,0.0437542200088501
FR019412,0,0.03381406515836716
FR003289,1,0.6210409998893738
FR003184,0,0.0060073332861065865
FR007190,0,0.006693336181342602
FR015286,0,0.006419718265533447
FR016502,0,0.012757223099470139
FR007033,0,0.009883036836981773
FR013413,0,0.0065446351654827595
FR007294,0,0.005791852250695229
FR016116,0,0.030460700392723083
FR009637,0,0.006257160566747189
FR018318,0,0.01601617969572544
FR016339,0,0.007962929084897041
FR011290,0,0.002553089987486601
FR009893,0,0.008682159706950188
FR007860,0,0.005783297121524811
FR014101,0,0.0038500053342431784
FR015989,0,0.03186776861548424
FR014038,0,0.006143050733953714
FR019847,0,0.007474150974303484
FR019534,0,0.007287904620170593
FR008035,0,0.006600762251764536
FR009982,0,0.017644546926021576
FR018997,0,0.0031365917529910803
FR005681,0,0.00828981027007103
FR018569,1,0.024747081100940704
FR006097,0,0.009555874392390251
FR015555,0,0.011379972100257874
FR005811,0,0.012603621929883957
FR006308,0,0.006988533306866884
FR000867,0,0.0035548813175410032
FR016805,0,0.002709760097786784
FR015932,0,0.1824602484703064
FR015521,0,0.004432767629623413
FR017355,0,0.017513306811451912
FR006896,0,0.007872206158936024
FR017379,0,0.005243224557489157
FR001844,0,0.005684122443199158
FR016179,0,0.004367137793451548
FR011849,0,0.004604577552527189
FR011619,0,0.0042726402170956135
FR008605,0,0.00921199843287468
FR012102,0,0.004546347074210644
FR001179,0,0.011938516050577164
FR018825,0,0.005614323075860739
FR015965,0,0.005781287793070078
FR001111,0,0.010205937549471855
FR003659,0,0.005658612586557865
FR019950,0,0.007284868974238634
FR004645,0,0.022320909425616264
FR019347,0,0.010401847772300243
FR014359,0,0.00516206631436944
FR017104,0,0.0054901414550840855
FR010542,0,0.003109818324446678
FR007266,0,0.0036145427729934454
FR006787,0,0.010058244690299034
FR009113,0,0.011720014736056328
FR012447,0,0.007004458922892809
FR017108,0,0.009883900173008442
FR000479,0,0.019221359863877296
FR014496,0,0.014521945267915726
FR009408,0,0.0038210845086723566
FR007087,0,0.004213038366287947
FR002812,0,0.0042613111436367035
FR008846,0,0.005268021486699581
FR010042,0,0.005124168936163187
FR003677,0,0.005943579133599997
FR011631,1,0.24891231954097748
FR003270,0,0.006743935402482748
FR004466,0,0.01104437094181776
FR012453,0,0.004363322630524635
FR014631,0,0.011758544482290745
FR003393,0,0.0035972960758954287
FR008918,0,0.002930218121036887
FR009296,0,0.01218132022768259
FR001236,0,0.007690755184739828
FR009778,0,0.005862291436642408
FR002337,0,0.004627483896911144
FR014925,0,0.0040648761205375195
FR018402,0,0.0033115381374955177
FR005437,0,0.01671658828854561
FR001521,0,0.2705088257789612
FR008771,0,0.0201562587171793
FR017232,0,0.004246387165039778
FR009561,0,0.005407087039202452
FR002556,0,0.01376303005963564
FR007436,0,0.016538240015506744
FR015048,0,0.004776357673108578
FR013648,0,0.01584029011428356
FR015690,0,0.007117121014744043
FR013994,0,0.014492318034172058
FR013954,0,0.003896075300872326
FR018171,0,0.004778727423399687
FR010555,0,0.018471479415893555
FR011236,0,0.010747474618256092
FR004812,0,0.05368252471089363
FR006864,0,0.02729509398341179
FR015967,0,0.023471742868423462
FR010602,0,0.002528039738535881
FR004791,0,0.020437443628907204
FR001456,0,0.024515850469470024
FR017729,0,0.07745954394340515
FR004407,0,0.010068120434880257
FR011040,0,0.012015379965305328
FR007679,0,0.017629634588956833
FR017341,0,0.007949158549308777
FR012589,0,0.1904466450214386
FR001664,0,0.011881072074174881
FR012479,0,0.01121532917022705
FR004851,0,0.008034726604819298
FR006544,0,0.01228814572095871
FR011084,0,0.006030440796166658
FR001477,0,0.007857777178287506
FR004944,0,0.2365490347146988
FR003039,0,0.0029049029108136892
FR000909,0,0.004158612806349993
FR014764,0,0.011079947464168072
FR011676,0,0.008926203474402428
FR005423,0,0.07126373797655106
FR007643,0,0.00760012399405241
FR011526,0,0.028833115473389626
FR006087,0,0.007245621178299189
FR012776,0,0.005326323676854372
FR004668,0,0.01673043519258499
FR013390,0,0.010582659393548965
FR012486,0,0.006453744601458311
FR002334,0,0.011749332770705223
FR013425,0,0.005001375451683998
FR000405,0,0.016207341104745865
FR011939,0,0.007870445027947426
FR004783,0,0.027848070487380028
FR005559,0,0.013185729272663593
FR001195,0,0.005543959327042103
FR019705,0,0.009582646191120148
FR010863,0,0.04554888233542442
FR007063,0,0.008869120851159096
FR000156,0,0.009452161379158497
FR012175,0,0.0038925865665078163
FR004552,0,0.011396613903343678
FR012590,0,0.016789354383945465
FR009947,0,0.008248812519013882
FR009815,0,0.0031961267814040184
FR018041,0,0.004194032866507769
FR011821,0,0.010276650078594685
FR016497,0,0.09540790319442749
FR006451,0,0.005391602870076895
FR012289,0,0.007742850575596094
FR012533,0,0.00563449552282691
FR019125,0,0.002373547526076436
FR005808,0,0.007489288691431284
FR005288,0,0.006911188364028931
FR019255,0,0.013719054870307446
FR008180,0,0.0115754259750247
FR001135,0,0.008099673315882683
FR005830,0,0.009559647180140018
FR018433,0,0.007503415457904339
FR006116,0,0.029236644506454468
FR009207,0,0.020139234140515327
FR016486,0,0.013573432341217995
FR006397,0,0.07121453434228897
FR018822,0,0.04470565542578697
FR003451,0,0.017007991671562195
FR004746,0,0.010268233716487885
FR010139,0,0.00461610546335578
FR001286,0,0.02039785124361515
FR007255,0,0.009357812814414501
FR012669,0,0.008738000877201557
FR006580,0,0.010605850256979465
FR009424,0,0.0777953639626503
FR004295,0,0.005659851711243391
FR003028,0,0.02777937240898609
FR012702,0,0.004266737028956413
FR001218,0,0.01793479733169079
FR017461,0,0.004525895696133375
FR001798,0,0.007261928636580706
FR019648,0,0.006188923958688974
FR010244,0,0.006177124567329884
FR004425,0,0.011157562956213951
FR018306,0,0.004916273523122072
FR011181,0,0.006245016120374203
FR000875,0,0.007807022891938686
FR001738,0,0.027916545048356056
FR001200,0,0.0053468504920601845
FR013009,0,0.003248491557314992
FR013371,0,0.004830824211239815
FR015289,0,0.02926245890557766
FR009041,0,0.02609524317085743
FR005267,0,0.0133891012519598
FR014017,0,0.015410829335451126
FR003283,0,0.022257646545767784
FR009443,0,0.0044869789853692055
FR003545,0,0.00509575055912137
FR013596,0,0.011060480959713459
FR006883,0,0.007108964491635561
FR004870,0,0.003447933355346322
FR019216,0,0.005312396679073572
FR014563,0,0.004667806904762983
FR015570,0,0.004098054487258196
FR016620,0,0.0035085713025182486
FR012694,0,0.003913598600775003
FR002697,0,0.005506596527993679
FR001185,0,0.01119260210543871
FR003197,0,0.005643162876367569
FR001526,0,0.005684297531843185
FR009009,0,0.028789812698960304
FR016487,0,0.014339631423354149
FR007429,0,0.01154657918959856
FR011104,0,0.010109656490385532
FR018142,0,0.011803933419287205
FR014606,0,0.014296132139861584
FR009398,0,0.008726554922759533
FR009539,0,0.006428598891943693
FR019887,0,0.050960659980773926
FR013800,0,0.005033106077462435
FR002403,0,0.012841532938182354
FR000239,0,0.005231086630374193
FR017603,0,0.010218328796327114
FR009591,0,0.020731154829263687
FR001376,0,0.009577103890478611
FR012336,0,0.007694974076002836
FR008250,0,0.006705968175083399
FR018561,0,0.007728930562734604
FR004138,0,0.0053361644968390465
FR000079,0,0.009050477296113968
FR002188,0,0.005768343806266785
FR018558,0,0.011799785308539867
FR019587,0,0.004415379837155342
FR017618,0,0.007905952632427216
FR010853,0,0.010494165122509003
FR003114,0,0.0036725597456097603
FR017966,0,0.010942972265183926
FR000313,0,0.006916685029864311
FR004526,0,0.00862173642963171
FR005750,0,0.005545781459659338
FR010289,0,0.005493209231644869
FR016878,0,0.010053289122879505
FR014884,0,0.002926219953224063
FR016094,0,0.004657099023461342
FR003405,0,0.011879902333021164
FR019879,0,0.03969133272767067
FR007044,0,0.03360037878155708
FR001046,0,0.008567839860916138
FR007008,0,0.004162182565778494
FR004073,0,0.044270530343055725
FR010794,0,0.012502838857471943
FR015186,0,0.006291261408478022
FR019312,0,0.004307902418076992
FR011716,0,0.004649452865123749
FR010369,0,0.007994035258889198
FR010665,0,0.014897550456225872
FR006209,0,0.013713564723730087
FR005905,0,0.0029800336342304945
FR007731,0,0.0063214413821697235
FR003084,0,0.01690000481903553
FR019295,0,0.014003257267177105
FR002140,0,0.0026439265348017216
FR000927,0,0.005162911489605904
FR014136,0,0.012804074212908745
FR014392,0,0.03579258918762207
FR013977,0,0.008236857131123543
FR014805,0,0.01975887455046177
FR008556,0,0.003443697467446327
FR008888,0,0.018418623134493828
FR013843,0,0.00895675364881754
FR005894,0,0.006476391106843948
FR013711,0,0.004132309462875128
FR019333,0,0.007479330990463495
FR011410,0,0.008502230048179626
FR003504,0,0.01974496804177761
FR001303,0,0.058118779212236404
FR015461,0,0.015200507827103138
FR002037,0,0.010682322084903717
FR000958,0,0.021077092736959457
FR007791,0,0.009543493390083313
FR019829,0,0.02358567900955677
FR008012,0,0.010850224643945694
FR011592,0,0.05358358472585678
FR001870,0,0.007952411659061909
FR004620,0,0.01606454886496067
FR014986,0,0.011374345980584621
FR011488,0,0.02072697877883911
FR010093,0,0.004936263430863619
FR009108,0,0.015895841643214226
FR006865,0,0.004777770023792982
FR012135,0,0.009814843535423279
FR015781,0,0.0046498216688632965
FR016833,0,0.005251388531178236
FR019945,0,0.00803136732429266
FR013698,0,0.03151939809322357
FR015799,0,0.007391666527837515
FR004648,0,0.0028999806381762028
FR005476,0,0.00372508866712451
FR012659,0,0.004814399406313896
FR003780,0,0.024146143347024918
FR012553,0,0.003817015327513218
FR013037,0,0.014959109015762806
FR016683,0,0.018943006172776222
FR001864,0,0.01534072495996952
FR004003,0,0.04220247268676758
FR011930,0,0.005945170763880014
FR016990,0,0.004282773472368717
FR012822,0,0.01885872893035412
FR001436,0,0.030800234526395798
FR013647,0,0.005509707611054182
FR002662,0,0.019381403923034668
FR013310,0,0.008987297303974628
FR003806,0,0.0024810126051306725
FR008513,0,0.00908465962857008
FR017102,0,0.0071050855331122875
FR008603,0,0.008549696765840054
FR009117,0,0.0115754259750247
FR007102,0,0.016623247414827347
FR013540,0,0.0046043177135288715
FR017399,0,0.0074114385060966015
FR005212,0,0.0109255937859416
FR000664,0,0.08625690639019012
FR018864,0,0.01116986945271492
FR018395,0,0.00532592972740531
FR004491,0,0.0063464888371527195
FR017263,0,0.002985964296385646
FR006534,0,0.007120643276721239
FR015205,0,0.015530133619904518
FR000064,1,0.02242009900510311
FR015395,0,0.0033299997448921204
FR011604,0,0.012781497091054916
FR002950,0,0.013151771388947964
FR012539,0,0.005769678391516209
FR013152,0,0.010125793516635895
FR013409,0,0.01494170818477869
FR003584,0,0.00787943135946989
FR004898,0,0.004716956522315741
FR012817,0,0.014128250069916248
FR000647,0,0.04592202231287956
FR003079,0,0.005595918279141188
FR009857,0,0.032814595848321915
FR007749,0,0.007504928391426802
FR009466,0,0.00804384145885706
FR001098,0,0.04956955462694168
FR014039,0,0.008555511012673378
FR016973,0,0.00736981863155961
FR000265,0,0.0055325510911643505
FR009766,0,0.01143683772534132
FR006133,0,0.015870850533246994
FR005720,0,0.007890871725976467
FR009504,0,0.008295174688100815
FR010291,0,0.005267046857625246
FR017192,0,0.01003129780292511
FR002878,0,0.0068579064682126045
FR019675,0,0.01839558035135269
FR009457,0,0.005509704817086458
FR000025,0,0.010528162121772766
FR017963,0,0.007601839955896139
FR010201,0,0.015336684882640839
FR003967,0,0.013786200433969498
FR015626,0,0.003962695598602295
FR013324,0,0.010479182004928589
FR018120,0,0.047011855989694595
FR012890,0,0.007637131027877331
FR004821,0,0.005468195769935846
FR001344,0,0.13128942251205444
FR010828,0,0.010997076518833637
FR009943,0,0.017517417669296265
FR002908,0,0.00363545143045485
FR012434,0,0.004182607401162386
FR006882,0,0.011392983607947826
FR010833,0,0.0027767177671194077
FR005291,0,0.007647082209587097
FR015753,0,0.03343131020665169
FR016251,0,0.05704359710216522
FR005632,0,0.007265999913215637
FR004862,0,0.005772025790065527
FR000558,0,0.009098174050450325
FR017542,0,0.014185982756316662
FR017951,0,0.02206752821803093
FR013199,0,0.004855711944401264
FR019278,0,0.005773189011961222
FR002204,0,0.009027604945003986
FR012126,0,0.006132184062153101
FR017535,0,0.006581567227840424
FR006987,0,0.00415479950606823
FR017724,0,0.004904528148472309
FR018538,0,0.023078806698322296
FR018298,0,0.012496665120124817
FR010210,0,0.0034736981615424156
FR006844,0,0.0705566257238388
FR002637,0,0.008550368249416351
FR018023,0,0.009715553373098373
FR006591,0,0.012981372885406017
FR017066,0,0.024659091606736183
FR003118,0,0.01359126903116703
FR014640,0,0.007920379750430584
FR000411,0,0.009893536567687988
FR018522,0,0.05355963855981827
FR003157,0,0.009975260123610497
FR015342,0,0.009103716351091862
FR016986,0,0.0044587962329387665
FR004534,0,0.0694083422422409
FR007206,0,0.0123493243008852
FR005487,0,0.007772056385874748
FR003183,0,0.00782280694693327
FR012050,0,0.005827789660543203
FR014480,0,0.018430225551128387
FR013592,0,0.01029681134968996
FR016924,0,0.005682866554707289
FR001624,0,0.007522009778767824
FR018605,0,0.008577987551689148
FR015045,0,0.004376242868602276
FR002622,0,0.0077179125510156155
FR013412,0,0.03382772207260132
FR003025,0,0.008341338485479355
FR013467,0,0.013942907564342022
FR013614,0,0.006981098558753729
FR016428,0,0.005298895761370659
FR012954,0,0.0069031682796776295
FR012573,0,0.002829630160704255
FR011294,0,0.0043121627531945705
FR000294,0,0.008898206986486912
FR002347,0,0.006448958069086075
FR013849,0,0.004686557687819004
FR019521,0,0.008302713744342327
FR001791,0,0.00664885900914669
FR016598,0,0.010182020254433155
FR005625,0,0.004843267146497965
FR019453,0,0.0045111714862287045
FR007800,0,0.012902411632239819
FR010706,0,0.016407664865255356
FR009184,0,0.24534972012043
FR016352,1,0.18881000578403473
FR009133,0,0.00868541095405817
FR015813,0,0.004733299370855093
FR005449,0,0.006190824322402477
FR006112,0,0.021733993664383888
FR017134,0,0.03190070390701294
FR015760,0,0.003889365354552865
FR005348,0,0.008503339253365993
FR006079,0,0.008946491405367851
FR005284,0,0.006789147388190031
FR002030,0,0.004406425636261702
FR015961,0,0.012163098901510239
FR003862,0,0.02730082906782627
FR019447,0,0.01243696827441454
FR016134,0,0.015243845991790295
FR010702,0,0.002832464873790741
FR019413,0,0.006820307578891516
FR016739,0,0.015036829747259617
FR007492,0,0.006219432223588228
FR016177,0,0.005975875537842512
FR014289,0,0.006903962232172489
FR014639,0,0.09385286271572113
FR004824,0,0.004084095824509859
FR012262,0,0.0100060710683465
FR012897,0,0.023842154070734978
FR018935,0,0.0034257175866514444
FR016268,0,0.0074065993539988995
FR004642,0,0.0032944711856544018
FR015991,0,0.018275175243616104
FR006455,0,0.014811275526881218
FR010281,0,0.029301214963197708
FR001575,0,0.01487115677446127
FR016959,0,0.004519258160144091
FR018724,0,0.006648839917033911
FR003772,0,0.056074343621730804
FR016730,0,0.04367263242602348
FR018205,0,0.005281123332679272
FR016876,0,0.00550316646695137
FR018771,0,0.0048434236086905
FR017086,0,0.002793325809761882
FR002290,0,0.009925720281898975
FR007707,0,0.0063752103596925735
FR014485,0,0.003432550234720111
FR008631,0,0.010701927356421947
FR007891,0,0.012131297029554844
FR008979,0,0.00778913963586092
FR000026,0,0.09924056380987167
FR007423,0,0.011174985207617283
FR001758,0,0.004074837546795607
FR006807,0,0.014773840084671974
FR008819,0,0.020264552906155586
FR003964,0,0.003863490419462323
FR007045,0,0.00621434161439538
FR012544,0,0.0667777732014656
FR016117,0,0.005898470524698496
FR009028,0,0.014091946184635162
FR015639,0,0.006191663909703493
FR007523,0,0.01110829133540392
FR001246,0,0.00401657959446311
FR016070,0,0.006745999213308096
FR016390,0,0.009733571670949459
FR001050,0,0.01036826428025961
FR009411,0,0.003870343090966344
FR001108,0,0.013850141316652298
FR015188,0,0.003994559869170189
FR016448,0,0.004322112072259188
FR007147,0,0.00576435774564743
FR009948,0,0.007968747057020664
FR011531,0,0.006523463409394026
FR003486,0,0.05218406766653061
FR007302,0,0.012458878569304943
FR004513,0,0.00859732087701559
FR013889,0,0.006783333141356707
FR018322,0,0.008493133820593357
FR017631,0,0.007722355425357819
FR001457,0,0.011403368785977364
FR001462,0,0.011409063823521137
FR005901,0,0.02443515881896019
FR000182,0,0.008106092922389507
FR014372,0,0.0050422148779034615
FR015501,0,0.021920708939433098
FR006238,0,0.006077142432332039
FR019801,0,0.007908638566732407
FR017758,0,0.00861748680472374
FR003795,0,0.008762568235397339
FR013877,0,0.007953844964504242
FR007688,0,0.004495822358876467
FR006527,0,0.00439057033509016
FR008018,0,0.0037963937502354383
FR014586,0,0.017623811960220337
FR019334,0,0.0061826156452298164
FR019174,0,0.020493842661380768
FR005735,0,0.00539950979873538
FR002124,0,0.004543965216726065
FR000532,0,0.010689440183341503
FR015462,0,0.008600710891187191
FR001151,0,0.008496278896927834
FR004979,0,0.008145470172166824
FR005758,0,0.017064454033970833
FR019111,0,0.007947702892124653
FR016587,0,0.054780974984169006
FR004989,0,0.07019650936126709
FR017394,0,0.007276932243257761
FR013427,0,0.005600078031420708
FR017398,0,0.010033168829977512
FR012383,0,0.007150852121412754
FR018311,0,0.006007567048072815
FR003793,0,0.009431316517293453
FR014393,0,0.03300062194466591
FR013135,0,0.008376967161893845
FR017464,0,0.022008413448929787
FR005112,0,0.007340765558183193
FR002803,0,0.005924055818468332
FR018170,0,0.010932345874607563
FR008606,0,0.003495558397844434
FR009727,0,0.0081479512155056
FR007211,0,0.06974703073501587
FR004897,0,0.007160588167607784
FR002573,0,0.0057762605138123035
FR007762,0,0.01053136121481657
FR002779,0,0.02321126125752926
FR014545,0,0.01728595606982708
FR005785,0,0.007000532932579517
FR005431,0,0.006925767287611961
FR009781,0,0.005506045650690794
FR010088,0,0.012247359380126
FR002618,0,0.018948420882225037
FR008084,0,0.04242771863937378
FR010834,0,0.005546102300286293
FR007219,0,0.004700725432485342
FR007345,0,0.011816861107945442
FR006157,0,0.009657483547925949
FR013527,0,0.005168167408555746
FR006696,0,0.012950312346220016
FR009294,0,0.011012370698153973
FR000055,0,0.021690258756279945
FR000688,0,0.005450223572552204
FR017623,0,0.003966314252465963
FR002055,0,0.008223219774663448
FR010660,0,0.06671418249607086
FR013575,0,0.007603598292917013
FR018061,0,0.016114626079797745
FR005850,0,0.00467607332393527
FR018082,0,0.0036011398769915104
FR018692,0,0.0035426465328782797
FR001287,0,0.02820001356303692
FR007698,0,0.02280207723379135
FR006196,0,0.013209470547735691
FR008805,0,0.007133164443075657
FR004433,0,0.0038912114687263966
FR017527,0,0.01308184303343296
FR010354,0,0.009832543320953846
FR017408,0,0.019027963280677795
FR015785,0,0.003765873610973358
FR000787,0,0.010586054995656013
FR000651,0,0.013726301491260529
FR019664,0,0.005327445454895496
FR004077,0,0.0071045770309865475
FR013389,0,0.004953362513333559
FR000744,0,0.018603093922138214
FR004619,0,0.006830000784248114
FR009842,0,0.0121730025857687
FR003230,0,0.004792407620698214
FR009491,0,0.03377918526530266
FR017793,0,0.01085351500660181
FR019030,0,0.003525498090311885
FR017582,0,0.011188888922333717
FR016885,0,0.00984991155564785
FR014698,0,0.006819664500653744
FR005219,0,0.006063622888177633
FR003951,0,0.09119561314582825
FR006730,0,0.006896104197949171
FR018447,0,0.024406496435403824
FR002531,0,0.014658695086836815
FR013422,0,0.004025365691632032
FR007853,0,0.013547542504966259
FR008081,0,0.007446191273629665
FR019073,0,0.01395924761891365
FR011102,0,0.048394471406936646
FR017660,0,0.0071689966134727
FR009699,0,0.008636817336082458
FR006732,0,0.03165481984615326
FR012956,0,0.004418646916747093
FR003267,0,0.00457601435482502
FR019297,0,0.003782759653404355
FR005752,0,0.012589720077812672
FR014396,0,0.019571630284190178
FR008412,0,0.007341043557971716
FR013608,0,0.007955914363265038
FR012715,0,0.003015912603586912
FR008607,0,0.007036996074020863
FR013636,0,0.02514338493347168
FR003054,0,0.010069860145449638
FR006767,0,0.0037108049727976322
FR016343,0,0.005234877113252878
FR001213,0,0.00400887243449688
FR002991,0,0.058796949684619904
FR004774,0,0.0061527821235358715
FR004691,0,0.005262232385575771
FR012442,0,0.018856294453144073
FR017476,0,0.2191668599843979
FR014140,1,0.008687657304108143
FR016969,0,0.0037041299510747194
FR004292,0,0.00420253723859787
FR009841,0,0.010703149251639843
FR005781,0,0.012796493247151375
FR007765,0,0.009674450382590294
FR006952,0,0.005958060268312693
FR018350,1,0.05403909459710121
FR010876,0,0.009157136082649231
FR015199,0,0.009954119101166725
FR000268,0,0.011089910753071308
FR000490,0,0.007279140409082174
FR016228,0,0.007673583459109068
FR001032,0,0.035163938999176025
FR012485,0,0.008725887164473534
FR010591,0,0.006126769352704287
FR018608,0,0.008401560597121716
FR004339,0,0.006958936341106892
FR014440,0,0.00878679659217596
FR001627,0,0.04026295617222786
FR018196,0,0.005931721534579992
FR001010,0,0.004320751875638962
FR018247,0,0.006033957004547119
FR006181,0,0.009483101777732372
FR013914,0,0.005118114873766899
FR010457,0,0.00863704178482294
FR003403,0,0.012387675233185291
FR013061,0,0.025833958759903908
FR004550,0,0.004720501601696014
FR009399,0,0.009409869089722633
FR003646,0,0.007108628284186125
FR003549,1,0.02860129624605179
FR004350,1,0.016505489125847816
FR013572,0,0.008097133599221706
FR000666,0,0.007654033601284027
FR008921,0,0.005671583116054535
FR019519,0,0.004590434953570366
FR011893,0,0.029430169612169266
FR001367,0,0.003906405996531248
FR001468,0,0.01173258014023304
FR014256,0,0.00497191958129406
FR012568,0,0.007252889685332775
FR013108,0,0.018895694985985756
FR003811,0,0.004276738036423922
FR006937,0,0.02139514870941639
FR018071,0,0.003737780964002013
FR003234,0,0.007273240480571985
FR004398,0,0.012233101762831211
FR002144,0,0.013002431951463223
FR013335,0,0.0039191232062876225
FR008111,0,0.019378937780857086
FR009267,0,0.008308306336402893
FR013218,0,0.019428275525569916
FR003468,0,0.00864451751112938
FR012040,0,0.05856006219983101
FR016346,0,0.007222256623208523
FR016273,0,0.004941780120134354
FR011883,0,0.017315343022346497
FR007081,0,0.007531916256994009
FR010081,0,0.014989740215241909
FR018285,0,0.00727241113781929
FR008040,0,0.009980511851608753
FR012513,0,0.01356242410838604
FR011186,0,0.007616693153977394
FR006701,0,0.003832831047475338
FR013471,0,0.0042671868577599525
FR009690,0,0.006869185715913773
FR009105,0,0.007360061164945364
FR010785,0,0.005828479770570993
FR017813,0,0.0026609369087964296
FR015428,0,0.006592250429093838
FR010485,0,0.003660413436591625
FR015448,0,0.0057889558374881744
FR008860,0,0.028300302103161812
FR015996,0,0.006253376137465239
FR008295,1,0.008192882873117924
FR010312,0,0.009968575090169907
FR005877,0,0.005800934042781591
FR004454,0,0.005078395828604698
FR016746,0,0.023747175931930542
FR006775,0,0.008064367808401585
FR012091,0,0.004889719653874636
FR008426,0,0.010624916292726994
FR007958,0,0.020813554525375366
FR015137,0,0.004815839231014252
FR008994,0,0.0037441751919686794
FR000675,0,0.006546318996697664
FR004296,0,0.01237497478723526
FR013803,0,0.01129519660025835
FR013276,0,0.004249571822583675
FR010551,0,0.01601979322731495
FR015663,0,0.01058710366487503
FR003243,0,0.00908435508608818
FR018218,0,0.004443401005119085
FR007520,0,0.021675152704119682
FR015071,0,0.004942767322063446
FR013921,0,0.0059546977281570435
FR007881,0,0.007241551764309406
FR006957,0,0.008283160626888275
FR008351,0,0.04253949597477913
FR016601,0,0.008702507242560387
FR008536,0,0.005883059464395046
FR000544,0,0.008523931726813316
FR002577,0,0.005453212186694145
FR011473,0,0.010910876095294952
FR016353,0,0.007667111698538065
FR014955,0,0.03316304087638855
FR011416,0,0.003624653210863471
FR002952,0,0.005061438772827387
FR013970,0,0.00910572987049818
FR011385,0,0.015503480099141598
FR018230,0,0.030397014692425728
FR014673,0,0.005489936098456383
FR004447,0,0.00437257532030344
FR013288,0,0.03356613218784332
FR002820,0,0.0024746740236878395
FR002784,1,0.5314160585403442
FR010862,0,0.01040524523705244
FR005580,1,0.0243681613355875
FR007663,0,0.02383248880505562
FR015618,0,0.007175893522799015
FR018659,0,0.005060252733528614
FR009779,0,0.010424519889056683
FR006770,0,0.002601398155093193
FR012711,0,0.0067827133461833
FR016597,0,0.011472630314528942
FR005093,0,0.004312558099627495
FR006060,0,0.022785190492868423
FR002941,0,0.0052813817746937275
FR011664,0,0.0032414987217634916
