id,p_test,weight
FR016993,0.6756249070167542,3.450496181575656
FR002433,0.7277149558067322,4.4275238807397805
FR009253,0.29847076535224915,0.7048219562562612
FR004881,0.36865106225013733,0.967318368777662
FR014830,0.2675156593322754,0.6050263142326452
FR002399,0.24851112067699432,0.5478310819844496
FR015431,0.26417115330696106,0.5947466192649284
FR006764,0.2677055299282074,0.6056127183535311
FR011935,0.2752710282802582,0.6292283498156866
FR017076,0.3663533329963684,0.9578034377625224
FR001696,0.28220829367637634,0.6513204828476241
FR019211,0.2667439877986908,0.602646177527565
FR004666,0.2509270906448364,0.554941060389398
FR007907,0.4509056806564331,1.3603860044113039
FR013872,0.1974898874759674,0.40767844326419733
FR003379,0.3340822756290436,0.8311056985473476
FR010022,0.3175434172153473,0.770817358416349
FR001242,0.4021064341068268,1.1141419884944712
FR011221,0.25020501017570496,0.5528112429801201
FR014562,0.41924911737442017,1.1959297726139875
FR005582,0.2640932500362396,0.5945082888357579
FR008785,0.21366684138774872,0.4501465640718574
FR014724,0.2952994108200073,0.6941947823851097
FR003159,0.3204866051673889,0.7813313674782538
FR012341,0.36536136269569397,0.9537169669116361
FR007282,0.3030065894126892,0.7201895246080644
FR012149,0.4448244571685791,1.327338620405398
FR003112,0.317386269569397,0.7702585264609638
FR017004,0.2861720323562622,0.6641360083295105
FR008458,0.29938042163848877,0.7078879600024781
FR019978,0.3208070993423462,0.7824817767677439
FR017279,0.325227290391922,0.7984594594814189
FR003764,0.26457929611206055,0.5959960807765106
FR007458,0.3367677927017212,0.841178844686571
FR006026,0.5995376110076904,2.4801508602702103
FR006065,0.26606836915016174,0.6005664148035847
FR002163,0.28368276357650757,0.6560711595134318
FR015780,0.40633830428123474,1.1338931584972067
FR005762,0.2742615342140198,0.6260487577502921
FR010057,0.23775950074195862,0.5167366430361118
FR005378,0.42505303025245667,1.224725404700624
FR017235,0.42502689361572266,1.224594426873885
FR003360,0.22481700778007507,0.48045014297254823
FR002756,0.3111996352672577,0.7484608874265346
FR002480,0.6296045780181885,2.815954714331425
FR017073,0.2783372104167938,0.6389404110660266
FR010129,0.27230504155158997,0.6199115317763102
FR010047,0.22693972289562225,0.4863182431338352
FR018067,0.30113714933395386,0.7138316154136017
FR005951,0.2601882517337799,0.5826259963450314
FR000105,0.27430400252342224,0.6261823414606296
FR002481,0.2775246500968933,0.6363586166156091
FR014604,0.23697179555892944,0.5144929962325169
FR013837,0.25055617094039917,0.5538464989970361
FR018248,0.31881478428840637,0.7753479416977943
FR015646,0.2496158480644226,0.5510765124502255
FR014568,0.278659462928772,0.6399659332491846
FR000934,0.2764988839626312,0.6331076724052147
FR016737,0.29566192626953125,0.6954047231785102
FR004502,0.3142786920070648,0.7592602986332347
FR011246,0.2877880930900574,0.6694019772049219
FR014482,0.27608630061149597,0.6318026766542646
FR015850,0.3147604763507843,0.7609588787373401
FR012360,0.24012045562267303,0.5234892941723787
FR009488,0.27145513892173767,0.6172557835070758
FR018710,0.3857390284538269,1.0403130807580667
FR010543,0.27512428164482117,0.6287655934764395
FR008336,0.20809704065322876,0.43532873769365865
FR016369,0.20007362961769104,0.4143460816837339
FR012179,0.30044859647750854,0.711498430841993
FR009180,0.2923036217689514,0.6842434090190265
FR000812,0.35645318031311035,0.9175838153994805
FR001687,0.41188475489616394,1.1602102011385351
FR003991,0.3176543414592743,0.7712119705333504
FR002539,0.2389385849237442,0.5201037467063214
FR009111,0.2889029085636139,0.6730485782748287
FR011023,0.259965717792511,0.5819526374579032
FR018642,0.2688762843608856,0.6092352533021671
FR004362,0.28151822090148926,0.6491037972567211
FR011593,0.2612393796443939,0.5858120567572995
FR007949,0.3200634717941284,0.7798141973472975
FR003977,0.24036242067813873,0.5241837183837467
FR000125,0.27292072772979736,0.6218392860446356
FR010904,0.2422773241996765,0.529695012289997
FR001652,0.25361835956573486,0.5629154133876179
FR017815,0.6663615107536316,3.3086982172744324
FR007185,0.25644251704216003,0.5713455926976143
FR009299,0.3003327548503876,0.7111063488706154
FR007816,0.3064863681793213,0.732115429970953
FR001461,0.27428603172302246,0.6261258125508425
FR011711,0.3099238872528076,0.7440145958670159
FR008913,0.5330021381378174,1.8907645814614338
FR016903,0.23513592779636383,0.5092817698215721
FR016265,0.3341914713382721,0.831513697496317
FR011145,0.22971899807453156,0.49405025306976325
FR003467,0.24814872443675995,0.5467685241358459
FR010500,0.340833455324173,0.8565849893454589
FR000217,0.37009215354919434,0.9733213698791813
FR002477,0.30370843410491943,0.7225852917940948
FR005576,0.32354840636253357,0.7923661973315757
FR002137,0.3228839337825775,0.7899629380928002
FR018989,0.3205637037754059,0.781608012698229
FR018332,0.2919035255908966,0.682920748479312
FR006022,0.25896358489990234,0.5789253244478161
FR006208,0.37222838401794434,0.9822707470242319
FR017372,0.24003788828849792,0.5232524324038111
FR009210,0.32257744669914246,0.7888560268319872
FR017690,0.26195526123046875,0.5879871514311665
FR019962,0.3699057996273041,0.9725435492880464
FR004144,0.34872132539749146,0.8870233411813054
FR000920,0.2612570822238922,0.5858657924541187
FR009572,0.4742475748062134,1.494332470216492
FR002027,0.5329890251159668,1.890664975758365
FR017958,0.2691376209259033,0.6100454623691817
FR009901,0.27645033597946167,0.6329540385104628
FR000325,0.269388347864151,0.6108233237228731
FR008506,0.22175967693328857,0.47205461771275786
FR014798,0.2610696256160736,0.5852969037587923
FR009314,0.25784915685653687,0.5755683835422339
FR010040,0.6522982716560364,3.1078695231181825
FR008972,0.24182122945785522,0.5283797978733705
FR004933,0.5310190916061401,1.8757647545169474
FR019325,0.3478533923625946,0.8836380383807564
FR003648,0.30320465564727783,0.7208651406175185
FR005424,0.24183036386966705,0.5284061227278646
FR003999,0.24429239332675934,0.5355247534237222
FR014279,0.24942678213119507,0.550520403397275
FR003521,0.28684133291244507,0.6663140433630289
FR013717,0.23045875132083893,0.4961176753327544
FR004135,0.3314218521118164,0.8212064683096786
FR014613,0.6271510720252991,2.7865232403134543
FR014599,0.3082507252693176,0.7382080791503413
FR014508,0.36145928502082825,0.9377653685367594
FR003195,0.23260435461997986,0.5021366372216444
FR019019,0.25585973262786865,0.5696007271266257
FR005995,0.22393041849136353,0.4780087314921284
FR008698,0.2802881598472595,0.6451630765009793
FR006468,0.31362053751945496,0.7569437612075058
FR013070,0.27893340587615967,0.6408384380166375
FR006994,0.280426949262619,0.645607038919216
FR012959,0.2487744241952896,0.5486037396864449
FR000990,0.3062208890914917,0.7312013640982987
FR016313,0.27086377143859863,0.6154115501906493
FR013941,0.1519828885793686,0.2969022426989944
FR004185,0.3891183137893677,1.0552320299589475
FR011983,0.33182838559150696,0.8227140453579697
FR008738,0.2516867220401764,0.5571860728859986
FR009281,0.2566111385822296,0.5718509585027638
FR008436,0.2517319917678833,0.5573200068283813
FR010546,0.2843399941921234,0.6581950349199326
FR011413,0.24062339961528778,0.524933207284413
FR010582,0.28137829899787903,0.648654852382319
FR005033,0.2925010323524475,0.6848965712262192
FR017769,0.31258624792099,0.7533122861969894
FR010225,0.6141018271446228,2.6362771570078407
FR008734,0.3266869783401489,0.8037818764890501
FR006444,0.206177219748497,0.4302694591327796
FR000547,0.2646805942058563,0.5963064029386793
FR018005,0.23712296783924103,0.5149232259765311
FR014734,0.3709454834461212,0.9768889608647323
FR016143,0.20278722047805786,0.42139534123144434
FR001383,0.2628740072250366,0.5907848082755934
FR014337,0.5878197550773621,2.3625467104756743
FR017561,0.3192373812198639,0.7768576353351431
FR019755,0.33442968130111694,0.8324042099973905
FR004869,0.2733234465122223,0.6231019924189978
FR018186,0.27850785851478577,0.6394833599359236
FR018958,0.30692121386528015,0.733614151538071
FR011123,0.28851309418678284,0.6717721822655931
FR007499,0.6557034254074097,3.154991182330318
FR011048,0.2859804630279541,0.6635133558510035
FR008743,0.26452481746673584,0.5958292232412056
FR008790,0.22628232836723328,0.4844974793346756
FR007022,0.34460556507110596,0.871049702062823
FR005614,0.6303600072860718,2.82509527094545
FR009118,0.38588443398475647,1.040951640151474
FR013694,0.287239670753479,0.6676122543493826
FR012244,0.26778510212898254,0.605858562829081
FR014282,0.2457769811153412,0.5398397028175391
FR003180,0.22983373701572418,0.4943706590106557
FR017696,0.34367990493774414,0.8674847269029757
FR014901,0.31922411918640137,0.7768102292974316
FR019362,0.26539739966392517,0.5985047497811634
FR016681,0.2699600160121918,0.6125988788190998
FR016578,0.2665296494960785,0.6019859631298438
FR004106,0.31601881980895996,0.7654065843913246
FR014007,0.2486068606376648,0.5481119658934255
FR000449,0.22225573658943176,0.4734123269148623
FR001265,0.26260262727737427,0.5899577086160769
FR015364,0.30577805638313293,0.7296782110857194
FR004354,0.2499576210975647,0.5520824979854683
FR011598,0.26690754294395447,0.6031502270723113
FR011555,0.25739192962646484,0.5741940136386381
FR005194,0.2690318822860718,0.6097175762159498
FR009749,0.8167493343353271,7.383573927497966
FR016707,0.2890297472476959,0.673464196702113
FR002680,0.36124056577682495,0.9368770177861299
FR002079,0.2800857722759247,0.6445159818139122
FR015743,0.30741387605667114,0.7353144150753689
FR010778,0.42758679389953613,1.237479570724675
FR010315,0.2833401560783386,0.6549655499398176
FR002571,0.26557037234306335,0.5990358766371366
FR019625,0.641638457775116,2.9661450748607434
FR015012,0.25219374895095825,0.5586870769467749
FR016923,0.4917704164981842,1.602971708205359
FR010852,0.2677803337574005,0.6058438290708121
FR008653,0.2875189483165741,0.668523305176945
FR011766,0.3420077860355377,0.8610703555489391
FR013522,0.23548392951488495,0.5102676721847542
FR015887,0.2704780101776123,0.6142101299422488
FR010111,0.3111645579338074,0.7483384142117542
FR018575,0.5287712216377258,1.8589144553613632
FR012600,0.5120802521705627,1.738653469219696
FR008909,0.27226802706718445,0.6197957409158219
FR009320,0.35750970244407654,0.9218168837000781
FR009615,0.29872605204582214,0.7056815991916053
FR006383,0.2565842270851135,0.5717702882463703
FR014807,0.2770478427410126,0.6348463312339805
FR009544,0.27394551038742065,0.6250551982755439
FR016824,0.3243959844112396,0.795438571841188
FR017596,0.27261343598365784,0.6208767272730221
FR012577,0.450836181640625,1.3600041892346697
FR011809,0.31138020753860474,0.7490915565811963
FR018369,0.27721044421195984,0.635361828590945
FR002530,0.31616273522377014,0.765916306883091
FR013189,0.2594171464443207,0.5802944599180874
FR001410,0.34335747361183167,0.8662453142621768
FR000960,0.27125245332717896,0.6166233529032048
FR000311,0.3082655668258667,0.7382594615926678
FR012538,0.2877522110939026,0.6692847955425072
FR016270,0.27892449498176575,0.6408100465009947
FR013160,0.27330368757247925,0.6230400065160472
FR010572,0.27125391364097595,0.6166279081954726
FR012862,0.3425823450088501,0.8632707264527059
FR005575,0.7650901079177856,5.395537071450917
FR012064,0.23882386088371277,0.5197756718392353
FR019941,0.5275513529777527,1.8498372939500582
FR000157,0.25890234112739563,0.5787405804478353
FR014347,0.29469364881515503,0.6921757513264931
FR006347,0.22563619911670685,0.4827109290584959
FR001906,0.4978314936161041,1.6423143750681048
FR009006,0.3098178505897522,0.7436457722400148
FR009011,0.6807080507278442,3.5318017554769114
FR018442,0.39401161670684814,1.0771300120520628
FR007955,0.20247983932495117,0.42059442939440467
FR013723,0.6651896238327026,3.291318846375724
FR012490,0.2725989818572998,0.6208314712833092
FR018616,0.3042403757572174,0.7244043099760953
FR010929,0.384544312953949,1.035077821589832
FR015941,0.2358807623386383,0.5113930108319571
FR003839,0.6528227925300598,3.1150677929174933
FR015940,0.6508380174636841,3.0879436178690227
FR005305,0.28158634901046753,0.6493224522497342
FR014518,0.3825477361679077,1.0263740148316984
FR005725,0.2652747631072998,0.5981283356420185
FR004566,0.24405336380004883,0.5348315989695965
FR016728,0.21774955093860626,0.4611421777601182
FR017238,0.3498554229736328,0.8914604187312325
FR001589,0.34107285737991333,0.8574980901388707
FR004523,0.44601115584373474,1.3337305577849672
FR014721,0.30825361609458923,0.7382180872041556
FR005704,0.36493825912475586,0.9519778545915536
FR012006,0.2657032907009125,0.599444183421373
FR007619,0.42044273018836975,1.2018046747346414
FR007556,0.3224175274372101,0.7882788586767011
FR002545,0.2739255726337433,0.6249925442082493
FR000715,0.7891981601715088,6.202047191172616
FR002085,0.3710706830024719,0.9774132079987002
FR014645,0.2979549765586853,0.7030870158478926
FR002895,0.2929166853427887,0.6862730132040191
FR002077,0.41940054297447205,1.196673743942341
FR002423,0.2621297240257263,0.5885178690692016
FR009606,0.26810505986213684,0.6068476366451696
FR012606,0.2553291618824005,0.5680145651065439
FR007967,0.2540421783924103,0.5641764521143359
FR015493,0.6182544827461243,2.6829756263439255
FR017830,0.4971579611301422,1.6378956101654132
FR008569,0.3952045440673828,1.0825221945252939
FR000467,0.7269290089607239,4.4100126278167275
FR007344,0.2605943977832794,0.5838559866044771
FR002367,0.658802330493927,3.198692337407492
FR008246,0.2805105745792389,0.6458746239836612
FR015378,0.23286451399326324,0.5028687390202896
FR006169,0.25347328186035156,0.5624840753347791
FR002141,0.22890838980674744,0.4917893639501954
FR006869,0.19368880987167358,0.3979470071711099
FR008857,0.18399442732334137,0.3735381334304331
FR007310,0.29395633935928345,0.6897229416525077
FR019581,0.2528447210788727,0.5606172037114368
FR015096,0.4860091805458069,1.566435476045146
FR004070,0.2812395989894867,0.6482100005165461
FR005840,0.24021589756011963,0.5237631535962836
FR006160,0.2889411151409149,0.673173756002378
FR001721,0.4269040524959564,1.2340317660220854
FR001402,0.28859129548072815,0.6720281299777741
FR005775,0.2378009706735611,0.5168548917176482
FR017243,0.7084092497825623,4.02470338716272
FR015763,0.21335265040397644,0.4493051099465109
FR016827,0.3065277338027954,0.7322579181625436
FR003300,0.29345476627349854,0.688057282656753
FR009889,0.3325251638889313,0.8253022290436398
FR014402,0.32144808769226074,0.7847858555200672
FR000152,0.264644980430603,0.5961972919919342
FR001680,0.23852115869522095,0.5189105127915402
FR014146,0.2568244934082031,0.5724907204910322
FR006690,0.2148585468530655,0.4533442649285533
FR013253,0.2584367096424103,0.5773369846029912
FR004809,0.3286924362182617,0.8111320635132847
FR009084,0.8540638089179993,9.695064689792256
FR012599,0.2555479109287262,0.5686682500288446
FR008358,0.29429903626441956,0.6908623550276466
FR018620,0.27478402853012085,0.6276933470769571
FR009123,0.28770551085472107,0.6691323018747478
FR013434,0.2814297080039978,0.6488197798614893
FR002983,0.340239942073822,0.8543241346998146
FR006575,0.34098780155181885,0.8571736036445091
FR005300,0.474229097366333,1.4942217345905366
FR003201,0.2302473783493042,0.49552653611609
FR015653,0.2256423383951187,0.4827278901612626
FR018863,0.26598837971687317,0.6003204361168122
FR017994,0.2846679091453552,0.6592561687596061
FR002071,0.26441386342048645,0.5954894689227112
FR003871,0.6123064160346985,2.616396717953937
FR001036,0.3576529324054718,0.9223918216216928
FR013177,0.2594960629940033,0.5805328512520609
FR005478,0.7158374786376953,4.173217639709559
FR013818,0.2239387184381485,0.4780315612880474
FR012967,0.7217452526092529,4.296994051924062
FR012607,0.14853666722774506,0.2889955292028767
FR012690,0.2887289822101593,0.6724789064035323
FR016998,0.279099702835083,0.6413684151432923
FR013368,0.300220787525177,0.7107275033797029
FR006795,0.3080804944038391,0.7376188863650832
FR016140,0.25806206464767456,0.5762089367217363
FR010462,0.23931041359901428,0.521167740521321
FR015594,0.2931753098964691,0.6871302698345837
FR015005,0.25130292773246765,0.5560512388772981
FR010112,0.3871000409126282,1.0463019245492569
FR007652,0.24280084669589996,0.5312066173736374
FR010826,0.2933204770088196,0.6876117267383807
FR008437,0.24832583963871002,0.5472877038033181
FR019218,0.5677942633628845,2.176325610285976
FR008442,0.2977571189403534,0.7024221655526506
FR009327,0.2574566602706909,0.5743884832995473
FR005593,0.3472113013267517,0.8811394072909118
FR010222,0.26263466477394104,0.590055319370451
FR005208,0.2552739083766937,0.5678495125251793
FR015108,0.5883260369300842,2.3674895349314147
FR000714,0.25954562425613403,0.5806825920286379
FR016579,0.37241098284721375,0.9830385404295399
FR014241,0.2584814131259918,0.5774716619344279
FR003404,0.23441189527511597,0.5072334298748884
FR012427,0.4993939697742462,1.6526109136069704
FR010553,0.3252091109752655,0.7983933175880485
FR015410,0.2584962248802185,0.5775162886051555
FR009383,0.25262653827667236,0.5599699189650451
FR013861,0.24114792048931122,0.5264411048371872
FR017375,0.2654474377632141,0.598658370171594
FR001748,0.32528045773506165,0.7986529178668701
FR015708,0.4208243489265442,1.2036880915220256
FR017411,0.6299541592597961,2.820179944600828
FR011718,0.2871636748313904,0.6673644663063717
FR004005,0.2685169279575348,0.6081221034431826
FR008000,0.32807108759880066,0.8088500728257598
FR006001,0.2917979955673218,0.6825721304441931
FR012401,0.3174173831939697,0.770369149035773
FR019781,0.3361225724220276,0.8387512403869996
FR017490,0.29885250329971313,0.7061076382795773
FR008915,0.20127516984939575,0.4174614867133957
FR019789,0.24401457607746124,0.5347191609676982
FR016398,0.2454959899187088,0.5390217000409304
FR015572,0.22472527623176575,0.48019728173292353
FR006187,0.2216801643371582,0.4718371536461952
FR012730,0.2889660894870758,0.6732555877159326
FR006563,0.3478187918663025,0.8835032686977062
FR010764,0.27302250266075134,0.622158264597795
FR017875,0.2021142542362213,0.41964266490741536
FR003459,0.2913591265678406,0.6811234421397179
FR016123,0.46281179785728455,1.4272542818755793
FR015130,0.24706296622753143,0.5435911678125516
FR009514,0.5623195171356201,2.128381011968783
FR001734,0.4561098515987396,1.3892540119215149
FR002519,0.27283963561058044,0.6215851945739108
FR013238,0.32527923583984375,0.7986484714518158
FR009096,0.3240080773830414,0.794031496608103
FR010652,0.2465675324201584,0.5421443759818025
FR011765,0.2688247263431549,0.6090754788846073
FR012604,0.28587815165519714,0.6631809528809082
FR012528,0.285663902759552,0.6624851806777606
FR014016,0.2399376481771469,0.5229649417187756
FR013713,0.26548588275909424,0.5987764131592062
FR008446,0.253813773393631,0.5634966734911289
FR002776,0.2773109972476959,0.6356807291432918
FR007780,0.32924166321754456,0.8131526975212847
FR013293,0.28946956992149353,0.6749065342228318
FR000609,0.21464863419532776,0.4527803025729687
FR015792,0.2568725347518921,0.572634827082047
FR004175,0.2811422646045685,0.6478979229180125
FR002606,0.28329193592071533,0.6548100262099095
FR004611,0.2359049916267395,0.5114617581178305
FR005164,0.28192925453186035,0.6504236265514513
FR000632,0.27733829617500305,0.6357673220852068
FR000392,0.40579700469970703,1.1313510901343216
FR012759,0.2849821150302887,0.6602738531203642
FR017829,0.25401297211647034,0.5640895052276391
FR019391,0.28616219758987427,0.664104034522811
FR007846,0.253633975982666,0.5629618533634803
FR007814,0.32416269183158875,0.7945921439998789
FR018714,0.3472212851047516,0.8811782205134767
FR007128,0.7492725849151611,4.950640821186767
FR018709,0.2576560080051422,0.5749875948583495
FR015712,0.24992696940898895,0.5519922394150101
FR010382,0.7575410604476929,5.1759655309280745
FR007756,0.30801114439964294,0.7373789394244601
FR019079,0.27445584535598755,0.6266600897280208
FR002006,0.3078870177268982,0.7369495884848991
FR001401,0.28366386890411377,0.6560101580144394
FR008302,0.4691421091556549,1.4640285233398929
FR015003,0.27795615792274475,0.6377289475864413
FR008503,0.3796997666358948,1.0140556402448913
FR002392,0.29069235920906067,0.6789259016083711
FR005241,0.23878143727779388,0.5196543786422556
FR009859,0.24279314279556274,0.5311843581815527
FR013142,0.32665443420410156,0.8036629602602584
FR015732,0.2658006250858307,0.5997432749385282
FR003522,0.2685346305370331,0.6081769137083103
FR003851,0.2903667688369751,0.6778543172383014
FR019657,0.2187333106994629,0.4638088357848203
FR018393,0.6278887987136841,2.795331969375821
FR016890,0.5501478910446167,2.0259703767237056
FR004369,0.41997915506362915,1.199520109499981
FR019880,0.3490569591522217,0.8883348740662302
FR007771,0.31650885939598083,0.767143095327036
FR000122,0.31782111525535583,0.7718055085048963
FR014342,0.2590899169445038,0.5793065059954969
FR002499,0.25278109312057495,0.5604283990704249
FR011253,0.1831933856010437,0.37154715678538774
FR015728,0.2522366940975189,0.5588143054000912
FR003596,0.5076535940170288,1.7081267440705692
FR011717,0.2982398569583893,0.7040449426080376
FR016553,0.30747920274734497,0.7355400505864418
FR010001,0.25077733397483826,0.5544990071520475
FR017725,0.33377596735954285,0.8299619218302976
FR002926,0.39384108781814575,1.0763609337347526
FR007291,0.6008400321006775,2.4936487571991357
FR008515,0.2554984986782074,0.568520558460239
FR003218,0.3262515068054199,0.8021916157002086
FR015314,0.47575968503952026,1.5034210317362937
FR016793,0.28140226006507874,0.6487317199929442
FR011567,0.23322606086730957,0.5038869753629825
FR009250,0.2900126576423645,0.676689980757756
FR013770,0.2409723550081253,0.5259361554982472
FR008793,0.3578697741031647,0.9232627317455994
FR010370,0.2864215672016144,0.6649475658823915
FR014231,0.2673887014389038,0.6046343818479322
FR014615,0.29960137605667114,0.7086338907958712
FR008131,0.3472730219364166,0.8813793731274259
FR012506,0.21951162815093994,0.46592336856816025
FR000014,0.817485511302948,7.420037794017913
FR008307,0.4552995264530182,1.3847228063045849
FR002866,0.2735436260700226,0.6237929473302576
FR012211,0.2629453241825104,0.5910022659679086
FR002924,0.29516124725341797,0.6937339717152942
FR018670,0.2891397774219513,0.6738248580129144
FR006704,0.2363053411245346,0.5125983265030495
FR002559,0.621164858341217,2.716314293630812
FR018634,0.24683667719364166,0.5429301105421598
FR011449,0.28169798851013184,0.6496808453351615
FR010071,0.7534364461898804,5.062221486566775
FR009191,0.8324134349822998,8.228549402443138
FR008584,0.3457769453525543,0.8755754745131917
FR013320,0.42242932319641113,1.2116364243075286
FR018087,0.2275039553642273,0.4878834503832319
FR011361,0.2274400144815445,0.48770596052116705
FR010812,0.26153796911239624,0.5867187616863495
FR002357,0.1928984671831131,0.3959350998076262
FR015480,0.28408095240592957,0.6573574621293488
FR016518,0.3679221272468567,0.9642923462040663
FR017605,0.664332389831543,3.2786827059847257
FR017044,0.20596325397491455,0.4297071132122739
FR001622,0.3338213264942169,0.8301312296978594
FR017993,0.28790080547332764,0.6697701445855201
FR006554,0.2705654799938202,0.6144824357561158
FR005450,0.38397568464279175,1.0325932172798211
FR014303,0.26615554094314575,0.6008345413124239
FR018056,0.28422343730926514,0.6578180906878471
FR014238,0.27166351675987244,0.617906342318248
FR006743,0.38454291224479675,1.0350716955925603
FR017610,0.24052700400352478,0.5246563148331483
FR005907,0.2574465572834015,0.5743581287576556
FR015530,0.3147086799144745,0.7607761505086907
FR008146,0.35601866245269775,0.9158469042559971
FR008470,0.25634315609931946,0.5710479111084664
FR018730,0.2858366370201111,0.6630461017053086
FR008316,0.2414429485797882,0.5272901707177721
FR003142,0.5592291951179504,2.1018436875405766
FR006793,0.3925471305847168,1.0705393085691528
FR016656,0.4710702896118164,1.4754046609362566
FR016264,0.25967004895210266,0.5810586080621541
FR004756,0.2734405994415283,0.6234695829177915
FR010158,0.3260246217250824,0.801363887980627
FR014410,0.24527132511138916,0.5383681090702692
FR007409,0.3052353262901306,0.7278141023704849
FR011715,0.2462581992149353,0.5412420093886772
FR011101,0.22549931704998016,0.4823328321684239
FR008392,0.36129891872406006,0.9371139647871042
FR019951,0.2865796387195587,0.6654619526731358
FR007452,0.2783496081829071,0.6389798482297854
FR012821,0.35565733909606934,0.9144043595962107
FR012796,0.3092495799064636,0.7416711056850949
FR014802,0.19028843939304352,0.3893188785742528
FR019330,0.24087025225162506,0.5256426019986773
FR004050,0.29557499289512634,0.6951144586232861
FR013103,0.22586528956890106,0.48334402394427783
FR008662,0.24870090186595917,0.5483879357191392
FR019526,0.27612653374671936,0.6319298680763673
FR001493,0.3113698661327362,0.7490554291187544
FR006040,0.283756822347641,0.6563102894788179
FR013895,0.3443143367767334,0.8699270154893521
FR006368,0.19691577553749084,0.4062027082942305
FR011258,0.27022138237953186,0.6134115882878802
FR007007,0.2557428181171417,0.5692510123559746
FR011611,0.5588986277580261,2.099027042374431
FR008575,0.6797952651977539,3.5170114743678007
FR000673,0.27221354842185974,0.6196253390771916
FR014869,0.31933581829071045,0.7772095630613808
FR013125,0.2631552517414093,0.591642615588915
FR013495,0.255513072013855,0.56856411563599
FR014479,0.2704063951969147,0.6139872310692385
FR003931,0.27912408113479614,0.6414461276805928
FR003317,0.43248897790908813,1.2624789406370167
FR012878,0.2558400332927704,0.5695417947631922
FR015977,0.282341867685318,0.6517500482675833
FR007061,0.4881457984447479,1.5798893894178032
FR003913,0.2088676542043686,0.43736643154000543
FR010172,0.25403618812561035,0.5641586185754306
FR009495,0.26112231612205505,0.5854567784429501
FR001586,0.26454827189445496,0.5959010565786387
FR001259,0.3245087265968323,0.7958478305068696
FR003000,0.3063833713531494,0.7317607205338109
FR019022,0.26600033044815063,0.6003571828791505
FR000053,0.2743765711784363,0.626410641743064
FR014083,0.3929092586040497,1.0721660530093278
FR005620,0.309871643781662,0.7438328650591554
FR007245,0.2576756477355957,0.5750466367163973
FR007905,0.3069216310977936,0.7336155904578843
FR017904,0.6117737889289856,2.610534348344993
FR005617,0.34649381041526794,0.8783531740382454
FR003943,0.30169185996055603,0.7157146176036043
FR011954,0.37959349155426025,1.0135981555632314
FR019834,0.402843713760376,1.1175629151256943
FR010166,0.31728437542915344,0.7698963187041488
FR007367,0.34861764311790466,0.886618462334532
FR007843,0.30508190393447876,0.7272876722903884
FR014062,0.6068374514579773,2.556958229814959
FR015884,0.2530348300933838,0.5611815099986
FR011987,0.21221286058425903,0.44625820291887097
FR012671,0.1965359002351761,0.40522741129790885
FR019070,0.4767714738845825,1.509531738688495
FR017437,0.38554880023002625,1.0394781354409839
FR008902,0.2796104848384857,0.6429977726980897
FR016880,0.32018351554870605,0.7802444295409311
FR014394,0.27548208832740784,0.6298942431697898
FR008231,0.28401342034339905,0.6571392069222313
FR014716,0.3017562925815582,0.7159335323726901
FR011863,0.5196245908737183,1.7919765721890124
FR007946,0.21957048773765564,0.46608344982541117
FR013063,0.3238983452320099,0.793633752471306
FR000859,0.6739727854728699,3.424616195365618
FR003493,0.4398539662361145,1.3008602597020615
FR003972,0.24994371831417084,0.5520415582058421
FR017894,0.4550202786922455,1.3831644204292264
FR000133,0.8811143040657043,12.277955261327033
FR013973,0.28929802775382996,0.6743437730967177
FR004474,0.3263947069644928,0.802714329061828
FR000173,0.33947834372520447,0.8514289497528181
FR009703,0.34137487411499023,0.8586509558318545
FR016078,0.2952282726764679,0.6939574960009157
FR009039,0.24249973893165588,0.530336951462711
FR014460,0.3018975853919983,0.7164137269952717
FR008500,0.2195322960615158,0.4659795766286114
FR014841,0.5079017281532288,1.709823374697097
FR005206,0.34336361289024353,0.8662689020263521
FR005918,0.38754189014434814,1.0482519106752444
FR001935,0.7200994491577148,4.261987040828064
FR009923,0.26013436913490295,0.5824629174137259
FR012755,0.654129147529602,3.1330904757977844
FR013772,0.2623462378978729,0.589176855616434
FR000259,0.800042450428009,6.6282460962822825
FR008965,0.25705987215042114,0.5731969493055851
FR000351,0.2352401167154312,0.5095768469660382
FR005141,0.29322561621665955,0.687297091878507
FR006245,0.3085651695728302,0.739297177663883
FR004721,0.2569751441478729,0.5729426804261761
FR017322,0.24703596532344818,0.5435122693003064
FR003303,0.21539101004600525,0.4547761620105353
FR017319,0.8149271011352539,7.2945638937217705
FR012123,0.49046021699905396,1.594590188135024
FR016850,0.21356326341629028,0.44986909127069385
FR018030,0.2292887270450592,0.49284958045022464
FR000712,0.6417869925498962,2.968061927788361
FR006547,0.5539791584014893,2.0576034177775493
FR002121,0.32041165232658386,0.7810624818741081
FR016223,0.5043398141860962,1.6856314206116934
FR008456,0.2865348756313324,0.6653162642000944
FR007776,0.26856958866119385,0.6082851579336466
FR018309,0.2669672667980194,0.6033343420440621
FR016446,0.2540808320045471,0.5642915341258566
FR018252,0.3385164439678192,0.847781854544523
FR006703,0.5585348606109619,2.0959323887299184
FR018239,0.22649794816970825,0.48509433326335083
FR001540,0.1747841089963913,0.35087931117353355
FR008160,0.6042922139167786,2.529856002575118
FR005904,0.30373308062553406,0.7226695111897917
FR007834,0.6705461144447327,3.371765911471609
FR011187,0.27207237482070923,0.6191838858210235
FR018859,0.2769905626773834,0.6346647908009888
FR014465,0.1975606232881546,0.40786041334927503
FR015520,0.32310914993286133,0.7907769695121728
FR005888,0.246201291680336,0.5410760831071572
FR007822,0.6972305178642273,3.8149398009490287
FR008565,0.26869863271713257,0.6086848191494598
FR015896,0.2863384783267975,0.6646772744498431
FR003990,0.2603376507759094,0.583078285814311
FR016405,0.5214917063713074,1.8054328314540469
FR006138,0.3093337416648865,0.7419633518379335
FR010583,0.5430614948272705,1.9688591731120122
FR001196,0.26190105080604553,0.587822293847122
FR019446,0.258340984582901,0.5770486501486244
FR011731,0.2792183458805084,0.6417466719541349
FR009996,0.31458625197410583,0.7603443572076427
FR006918,0.2844991087913513,0.6587098087993515
FR019258,0.23282377421855927,0.5027540624188667
FR011421,0.45803406834602356,1.4000682072517476
FR000662,0.30821189284324646,0.7380736491748835
FR017127,0.3452739119529724,0.873629958855736
FR004072,0.241964191198349,0.5287918782033897
FR002105,0.25961315631866455,0.5808866607373182
FR011725,0.23704084753990173,0.5146894940191734
FR014406,0.5292032957077026,1.8621408418016643
FR005883,0.2592518925666809,0.5797954250918681
FR013642,0.31570300459861755,0.764288775250552
FR007913,0.41442301869392395,1.172420146516617
FR019467,0.27757158875465393,0.636507599443839
FR001390,0.293262779712677,0.6874203459279071
FR004659,0.27537187933921814,0.6295464859908241
FR017415,0.24643419682979584,0.5417553272766269
FR009626,0.27071723341941833,0.6149550204368687
FR009719,0.3712042272090912,0.9779726267232494
FR014720,0.29726076126098633,0.7007559292373078
FR005040,0.40231770277023315,1.115121397767356
FR013217,0.22477968037128448,0.48034724143619006
FR011404,0.2877621352672577,0.669317204239707
FR009214,0.23717428743839264,0.5150693180966132
FR017565,0.4211818277835846,1.2054546227005551
FR019349,0.3441368341445923,0.8692432309642255
FR010020,0.2674396336078644,0.6047915984985851
FR018307,0.6569146513938904,3.171978065712327
FR013119,0.2724969983100891,0.6205122110558443
FR008213,0.40108293294906616,1.1094069755725
FR017253,0.27709484100341797,0.6349953065512333
FR018024,0.19800101220607758,0.40899404961013186
FR011892,0.29118308424949646,0.6805428378944498
FR008959,0.27175790071487427,0.6182011329817452
FR008912,0.8518022298812866,9.52183174296112
FR006404,0.23379798233509064,0.5054996589384029
FR003319,0.26941168308258057,0.610895746629778
FR000403,0.6002514958381653,2.4875384534510894
FR001415,0.2572493851184845,0.5737658880323052
FR011384,0.6784230470657349,3.4949347880095187
FR014954,0.3339199125766754,0.8304992924190019
FR001030,0.32723745703697205,0.8057950680390485
FR010305,0.2555701732635498,0.5687347978117324
FR005287,0.24000222980976105,0.5231501544686428
FR018292,0.23542410135269165,0.5100981127973366
FR003663,0.33070650696754456,0.8185581495783577
FR014251,0.3951755464076996,1.0823908691995474
FR002078,0.2783116102218628,0.6388589814025182
FR018162,0.24459227919578552,0.5363950037365512
FR014591,0.36162570118904114,0.9384416927395535
FR005104,0.21932561695575714,0.4654176299509806
FR017895,0.2874540090560913,0.6683113985599588
FR013546,0.24897147715091705,0.5491823411877992
FR011654,0.274424284696579,0.6265607728906288
FR013191,0.6922828555107117,3.7269647227108567
FR003712,0.2559965252876282,0.5700100409608426
FR005510,0.26422521471977234,0.5949120396701288
FR018213,0.3101746439933777,0.7448872454133334
FR009526,0.3037011921405792,0.7225605464786151
FR016075,0.261858195066452,0.5876919837692685
FR004438,0.2971988022327423,0.7005481025571529
FR011394,0.27785372734069824,0.6374035125575185
FR019236,0.4526636004447937,1.3700759462968566
FR010239,0.2694087624549866,0.6108866819513649
FR016896,0.2809090316295624,0.647150465310012
FR008398,0.28494665026664734,0.6601589411904606
FR017460,0.27645811438560486,0.632978652498857
FR010055,0.524705708026886,1.8288436946577977
FR003531,0.2803763449192047,0.6454451448747183
FR005558,0.15078815817832947,0.29415388878766013
FR003846,0.2762272357940674,0.6322482854862097
FR010755,0.7035337090492249,3.931271068814685
FR012685,0.3581582009792328,0.9244220642589858
FR001574,0.32046133279800415,0.7812406988252557
FR010276,0.30091696977615356,0.7130850296933248
FR004779,0.22831785678863525,0.49014528315699657
FR008779,0.3382881283760071,0.8469177406442744
FR000253,0.28656792640686035,0.6654238313533272
FR004636,0.27082303166389465,0.61528460963293
FR006599,0.31087759137153625,0.7473369329274052
FR013512,0.7604146599769592,5.257915954248229
FR016241,0.31166794896125793,0.750097209902947
FR006989,0.258024662733078,0.5760963829154139
FR001595,0.2893735468387604,0.674591487481881
FR001388,0.35500720143318176,0.9118128252258418
FR003739,0.2780316174030304,0.6379687510556985
FR010246,0.2559821307659149,0.5699669622886736
FR002329,0.4186752736568451,1.193113930134892
FR011641,0.19636952877044678,0.4048005572861587
FR009130,0.2832458019256592,0.6546612505354599
FR012226,0.27190035581588745,0.6186462096248732
FR018090,0.269788920879364,0.6120671796401578
FR001876,0.3424322307109833,0.8626954672466416
FR017573,0.23994970321655273,0.5229995118063377
FR003346,0.28711795806884766,0.6672154302431988
FR010620,0.299224317073822,0.7073612425493231
FR017412,0.23161448538303375,0.49935562608969103
FR015680,0.24874739348888397,0.5485243937961127
FR015759,0.35125091671943665,0.8969414791852163
FR003983,0.4460736811161041,1.3340680983490616
FR001167,0.3780484199523926,1.0069647112295261
FR001634,0.36182498931884766,0.9392520744722027
FR002811,0.37067723274230957,0.9757664190154546
FR011801,0.28355473279953003,0.6556578747820421
FR003872,0.3122602701187134,0.7521700153396232
FR018503,0.2419005036354065,0.5286082826747472
FR014803,0.2039898782968521,0.4245349290573065
FR005536,0.23864702880382538,0.5192701810556863
FR015879,0.237213134765625,0.5151799183224312
FR003960,0.38885265588760376,1.0540532218811887
FR008696,0.24425700306892395,0.5354220986379972
FR019267,0.2909245491027832,0.6796906870709652
FR018649,0.28922024369239807,0.6740886842653311
FR017954,0.2151731699705124,0.45419011283833655
FR002379,0.296309232711792,0.6975682899876904
FR009540,0.3484225869178772,0.8858571179545391
FR007068,0.3269461989402771,0.8047294788107187
FR013623,0.3831450045108795,1.028971819077846
FR005228,0.262448251247406,0.5894874798597034
FR002467,0.2876427173614502,0.6689272892573086
FR003138,0.34848180413246155,0.8860882067050362
FR017064,0.28854453563690186,0.671875081308727
FR019481,0.2251073718070984,0.4812509362992258
FR011018,0.32287925481796265,0.7899460319737894
FR003828,0.2865951359272003,0.6655123950201083
FR011172,0.3019264340400696,0.7165117952693226
FR002476,0.27854204177856445,0.639592151267422
FR000327,0.25428417325019836,0.5648971311760437
FR015656,0.4471060037612915,1.3396520928127162
FR019371,0.3929646611213684,1.0724151023024338
FR012090,0.3551503121852875,0.9123828350013837
FR017664,0.18505555391311646,0.37618157349236575
FR007023,0.5870921015739441,2.355463866736974
FR018784,0.2956256568431854,0.6952836133491411
FR014567,0.38749510049819946,1.0480452836119172
FR003090,0.2743419408798218,0.6263016894647753
FR017570,0.3173113763332367,0.7699922895223396
FR008788,0.37625426054000854,0.9993030973798731
FR010756,0.332049697637558,0.8235355240066384
FR013778,0.2688829302787781,0.6092558501412317
FR002494,0.2673115134239197,0.6043961607113104
FR006742,0.2620643079280853,0.5883188432134534
FR009385,0.8033580183982849,6.767936729764464
FR015588,0.39005014300346375,1.059374968416723
FR003122,0.3336740732192993,0.8295816750008168
FR012843,0.41195595264434814,1.1605512505952698
FR000652,0.30161526799201965,0.7154544430667342
FR011058,0.31174325942993164,0.750360558060309
FR008266,0.38872969150543213,1.053507936943463
FR014478,0.33425551652908325,0.831753058277078
FR005121,0.4144836962223053,1.1727133224336572
FR000110,0.2910149395465851,0.6799885499509198
FR007740,0.24039915204048157,0.5242891737182476
FR019572,0.2979918122291565,0.7032108341475751
FR012263,0.27914148569107056,0.6415016127079357
FR017213,0.30513328313827515,0.727463941167529
FR016053,0.3018288314342499,0.7161800370366439
FR015400,0.47906914353370667,1.52349669207641
FR007978,0.21746227145195007,0.4603647198101394
FR014994,0.2660803198814392,0.6006031695763063
FR003740,0.21691149473190308,0.45887576046377204
FR009087,0.29433131217956543,0.6909697243980791
FR016380,0.29964250326156616,0.7087727860888434
FR004542,0.32553204894065857,0.7995687887418201
FR013487,0.31522679328918457,0.7626052031814247
FR000473,0.26510655879974365,0.597612262587777
FR008531,0.3099592924118042,0.7441377696392731
FR018790,0.31642505526542664,0.7668459493886327
FR019112,0.27104464173316956,0.6159752930254379
FR006789,0.3328445851802826,0.8264905269933351
FR004136,0.38420820236206055,1.0336086419233164
FR006805,0.7492666840553284,4.950485323178569
FR007150,0.27384138107299805,0.6247280115339927
FR002508,0.29538261890411377,0.6944723897189526
FR018349,0.2629176378250122,0.590917840495967
FR009070,0.24818696081638336,0.5468805861359326
FR008646,0.4181062579154968,1.190327262344994
FR002242,0.536205530166626,1.9152661017019998
FR009270,0.296474814414978,0.6981223722435972
FR012497,0.46607843041419983,1.446122016246259
FR014708,0.20009563863277435,0.4144030634528448
FR011468,0.25259163975715637,0.5598664202926973
FR000353,0.26203465461730957,0.5882286358262614
FR016427,0.29229891300201416,0.6842278338144772
FR015609,0.6144116520881653,2.6397265537968266
FR007477,0.5077115297317505,1.7085227296147127
FR011751,0.23842088878154755,0.5186240810283853
FR000463,0.2759150266647339,0.6312613762210275
FR002516,0.2660100758075714,0.6003871493292069
FR005310,0.28130707144737244,0.6484263831570611
FR009100,0.4035293161869049,1.1207516516304907
FR012713,0.2521974742412567,0.5586981128403029
FR001913,0.2894955277442932,0.6749917151110747
FR009941,0.3014698326587677,0.7149605721787765
FR011924,0.33060067892074585,0.8181668383500986
FR019661,0.47204330563545227,1.4811769374629111
FR002388,0.3969295024871826,1.090356949657553
FR007918,0.22663544118404388,0.4854750993819073
FR001810,0.3213200271129608,0.7843251846524127
FR003213,0.2361311912536621,0.5121037789856211
FR016028,0.35365375876426697,0.9064345481773353
FR016916,0.3218918740749359,0.7863836294984855
FR012639,0.6168445944786072,2.6670073076007452
FR007097,0.30019229650497437,0.7106311223318084
FR006095,0.20560501515865326,0.42876626633929676
FR005684,0.2529628574848175,0.5609678377621125
FR001264,0.2664874494075775,0.6018560219968696
FR005502,0.2397887408733368,0.5225380124978595
FR001235,0.38532373309135437,1.0384909433952205
FR008443,0.2410254180431366,0.5260887471099686
FR014873,0.165465846657753,0.32846390385722596
FR014871,0.2850112020969391,0.6603681087247907
FR006355,0.27848145365715027,0.6393993311428827
FR015253,0.3253750205039978,0.798997075869754
FR018988,0.25028711557388306,0.5530532107947796
FR015052,0.6769373416900635,3.4712437321933467
FR017465,0.437816858291626,1.2901436266975468
FR013064,0.27804291248321533,0.6380046501221205
FR008571,0.34383854269981384,0.8680949709559751
FR008328,0.27246740460395813,0.6204195845010435
FR013822,0.30261197686195374,0.7188446210690378
FR012854,0.26488590240478516,0.5969356177156664
FR016984,0.3897962272167206,1.0582447976223623
FR014596,0.24825826287269592,0.5470895864492913
FR000219,0.2625316083431244,0.5897413607812565
FR015834,0.30901214480400085,0.7408470116837778
FR014793,0.3369731307029724,0.8419524082282234
FR002212,0.2484705150127411,0.54771197384619
FR015804,0.30719929933547974,0.7345735759680802
FR009608,0.23314112424850464,0.5036476792879169
FR002739,0.2077903002500534,0.4345187428357235
FR013181,0.5508185625076294,2.0314688442611586
FR006505,0.28779861330986023,0.669436335860988
FR017084,0.2732880115509033,0.6229908315610988
FR001033,0.32834720611572266,0.8098636358927278
FR001166,0.3351338803768158,0.8350404849360817
FR014271,0.26731184124946594,0.6043971723551772
FR004179,0.27441880106925964,0.6265435175883696
FR015809,0.4392766058444977,1.297815027279205
FR015878,0.3461124897003174,0.8768748792339427
FR007323,0.3571481704711914,0.9203668013965053
FR013938,0.2224491387605667,0.4739421356583844
FR015761,0.3351597189903259,0.8351373218806833
FR002455,0.4041508436203003,1.1236487168340292
FR018074,0.24561801552772522,0.5393768579761146
FR010752,0.3257523477077484,0.8003713065992744
FR005084,0.2507801651954651,0.5545073627385401
FR015622,0.53422611951828,1.9000865619099951
FR011489,0.31849756836891174,0.7742159434613597
FR006166,0.8178113102912903,7.436269133909614
FR016550,0.22452645003795624,0.47964941568959374
FR012582,0.19781023263931274,0.4085027976237142
FR018268,0.6809573769569397,3.535856417808816
FR001094,0.22493109107017517,0.480764701081474
FR014838,0.2681546211242676,0.6070009209460048
FR019623,0.5185781121253967,1.784480267788354
FR009339,0.4203537404537201,1.2013658370494968
FR000185,0.29259374737739563,0.6852034584540694
FR012317,0.2599738836288452,0.581977339063592
FR008711,0.352774977684021,0.9029545135062922
FR005940,0.2957843840122223,0.6958137227305703
FR013633,0.689128577709198,3.6723397988002304
FR006178,0.2712517976760864,0.6166213076758803
FR005011,0.2450942099094391,0.5378531228236191
FR019529,0.22844265401363373,0.49049251669582217
FR004489,0.2757717967033386,0.6308089035992946
FR009074,0.31708016991615295,0.7691707453987481
FR004304,0.20838753879070282,0.43609642111809827
FR018865,0.2861473262310028,0.6640556879247809
FR000696,0.17247262597084045,0.34527187735577386
FR018427,0.34095945954322815,0.8570654979825741
FR002251,0.7426228523254395,4.779932074631881
FR000944,0.43554526567459106,1.2782846583583425
FR000805,0.5367690324783325,1.9196111634301538
FR005101,0.2923398017883301,0.6843630887079446
FR015469,0.37222927808761597,0.9822745053293
FR013174,0.27037885785102844,0.6139015337867612
FR012721,0.43871578574180603,1.294863033296459
FR005583,0.2680337727069855,0.6066271943647805
FR004961,0.6470186114311218,3.036605437550409
FR015945,0.4466010630130768,1.3369181865244995
FR009674,0.2979663014411926,0.7031250815793832
FR017822,0.2718333899974823,0.6184369646674476
FR008705,0.24815453588962555,0.5467855554278171
FR018950,0.28785231709480286,0.66961174629125
FR017673,0.2572982907295227,0.5739127551748628
FR001968,0.27856767177581787,0.639673727816771
FR017406,0.24479961395263672,0.5369970805306067
FR007410,0.2701195180416107,0.613094775515859
FR012036,0.22444191575050354,0.479416566367965
FR018137,0.2356196492910385,0.5106524148955439
FR006841,0.35778456926345825,0.9229204499405935
FR015605,0.26523905992507935,0.5980187738045953
FR001228,0.3092857897281647,0.7417968331726286
FR019492,0.6661223769187927,3.3051418961565195
FR011374,0.34022003412246704,0.854248370362952
FR004075,0.20053544640541077,0.4155423921120575
FR015182,0.2402934581041336,0.5239857551429176
FR002217,0.25450581312179565,0.5655576020453492
FR012660,0.6039206981658936,2.5259291564214332
FR007435,0.2817038893699646,0.649699791796173
FR019226,0.46812504529953003,1.45806114185478
FR003725,0.2513255774974823,0.556118179225773
FR019507,0.2463904172182083,0.5416276164519511
FR019916,0.2623951733112335,0.5893258501547581
FR003591,0.32688039541244507,0.8044888594570285
FR005336,0.32834288477897644,0.8098477669108392
FR012027,0.3215413987636566,0.785121631901005
FR013308,0.34352606534957886,0.8668932220403129
FR014229,0.32335150241851807,0.791653544576579
FR005801,0.44435182213783264,1.324800459874495
FR019219,0.41806232929229736,1.1901123552106323
FR018762,0.24665725231170654,0.5424062396192634
FR005293,0.3025161921977997,0.718518400932095
FR018621,0.7195924520492554,4.251285768187675
FR013272,0.2216590791940689,0.47177949399784974
FR005616,0.37129324674606323,0.9783456629344957
FR007569,0.23275460302829742,0.5025593833678124
FR007730,0.2791135609149933,0.6414125909409586
FR002445,0.306447833776474,0.7319827095049235
FR019479,0.2428487241268158,0.5313449617338959
FR007770,0.5093847513198853,1.7199994064261719
FR016455,0.4179093837738037,1.1893643698710208
FR007844,0.2553938329219818,0.5682077807411942
FR016080,0.27177613973617554,0.6182581079699171
FR007279,0.7025846242904663,3.913439495577226
FR004445,0.2812665104866028,0.6482963002062807
FR009137,0.26278579235076904,0.5905158841305085
FR019775,0.23192042112350464,0.5002143790108654
FR006565,0.3628266751766205,0.9433329895879548
FR016068,0.27130624651908875,0.6167911670470332
FR002051,0.33126676082611084,0.8206318152709459
FR015928,0.2810748517513275,0.6476818305233454
FR009132,0.2598017156124115,0.5814566472444291
FR013703,0.20599867403507233,0.42980018345898
FR004873,0.22549420595169067,0.4823187168345213
FR010162,0.4650932550430298,1.440407474558525
FR001346,0.5662939548492432,2.163066390470929
FR001853,0.3291984498500824,0.8129935934205667
FR007870,0.8007814288139343,6.65897786162864
FR000570,0.3937470018863678,1.0759367952354704
FR011417,0.2683466970920563,0.6075951744579472
FR012012,0.22814682126045227,0.4896695793964553
FR008052,0.21219795942306519,0.44621842724702965
FR003790,0.33556002378463745,0.8366385307182422
FR008812,0.26341354846954346,0.5924310082726784
FR013388,0.2669719159603119,0.6033486756058857
FR016397,0.27989888191223145,0.6439187594439509
FR010440,0.23627813160419464,0.5125210425539816
FR017455,0.20596817135810852,0.42972003370094386
FR008225,0.264620304107666,0.5961216966303742
FR005209,0.6649290919303894,3.287471611700501
FR015458,0.24676568806171417,0.5427228121150238
FR015054,0.23982715606689453,0.5226481359397149
FR017795,0.2600004971027374,0.5820578484453857
FR011696,0.2577018141746521,0.5751253043192223
FR006574,0.2819109559059143,0.6503648375147041
FR019109,0.2955697178840637,0.6950968480298133
FR006263,0.28451812267303467,0.6587713385803798
FR011516,0.24927185475826263,0.5500649165988726
FR013678,0.4966575801372528,1.6346204760227478
FR017779,0.1794215589761734,0.362224584219355
FR009181,0.1981460452079773,0.40936766188791507
FR015062,0.24919655919075012,0.5498436153535193
FR019939,0.2970772087574005,0.700140352948492
FR008666,0.23685289919376373,0.5141547420876714
FR002088,0.2484525889158249,0.5476593955229277
FR015952,0.24925285577774048,0.5500090724971102
FR011011,0.22205571830272675,0.47286467098695056
FR017074,0.2499087154865265,0.5519384914617241
FR018850,0.28383490443229675,0.6565624639682459
FR015595,0.2565798759460449,0.571757245763374
FR011276,0.2568188011646271,0.5724736470612469
FR003129,0.23125213384628296,0.49833939982674835
FR006804,0.3045424520969391,0.7254385236180588
FR009604,0.41333919763565063,1.167193659018988
FR014512,0.21774466335773468,0.4611289458360509
FR001224,0.29498887062072754,0.6931593049978945
FR012706,0.2894256114959717,0.6747622983471031
FR011092,0.3323988616466522,0.8248326783416718
FR006131,0.23685111105442047,0.5141496557261733
FR005592,0.3128553628921509,0.7542561185941663
FR004829,0.23101654648780823,0.49767920143258926
FR016381,0.41245830059051514,1.162959932650594
FR004272,0.2723939120769501,0.6201895898159285
FR010636,0.2657587230205536,0.5996145075101991
FR007184,0.7444573044776917,4.8261378574844995
FR019119,0.3607405722141266,0.934848525582011
FR004471,0.7661044597625732,5.426120683515731
FR014697,0.32839450240135193,0.8100373325122525
FR014113,0.568742573261261,2.1847540380468167
FR006467,0.30884477496147156,0.7402664416753025
FR019087,0.33371928334236145,0.8297503750201125
FR008534,0.22848616540431976,0.4906136084121464
FR001077,0.3283170461654663,0.8097528856038282
FR006702,0.2955358922481537,0.6949839276107489
FR017743,0.6673316955566406,3.323178941945906
FR014663,0.31115657091140747,0.7483105291059087
FR003850,0.25871285796165466,0.5781691911223239
FR014655,0.21616624295711517,0.4568643921414605
FR002998,0.23206397891044617,0.5006175775001359
FR005818,0.19436490535736084,0.39967121801420546
FR002325,0.5836412310600281,2.322210841899284
FR005802,0.3769066631793976,1.0020839527965753
FR014578,0.21010206639766693,0.4406388096838712
FR014939,0.7355732321739197,4.608333484194349
FR013221,0.18653862178325653,0.37988769354213936
FR013603,0.28342053294181824,0.6552248347194326
FR000684,0.22218813002109528,0.4732271866382247
FR007992,0.28766006231307983,0.6689839146634278
FR019491,0.5323948860168457,1.8861577927359
FR005294,0.3583582043647766,0.9252265902972937
FR017226,0.2397778183221817,0.5225067032487545
FR001838,0.29495349526405334,0.6930414058978915
FR015951,0.2993614673614502,0.7078239932451107
FR009049,0.4444977641105652,1.32558374144061
FR017396,0.27586132287979126,0.6310917015502389
FR012757,0.3153403103351593,0.7630063126944796
FR018922,0.25283095240592957,0.5605763448988205
FR015243,0.26358598470687866,0.5929576389636714
FR007460,0.2814658284187317,0.6489356734585557
FR011252,0.21834470331668854,0.4627546434271757
FR013210,0.32920148968696594,0.8130047849008118
FR012340,0.5327813029289246,1.889087876653998
FR001863,0.5949087142944336,2.4328807892345403
FR007808,0.27362722158432007,0.624055391708625
FR008176,0.2741115987300873,0.6255772619532747
FR007686,0.27189528942108154,0.6186303775523916
FR017107,0.3116602897644043,0.7500704301963728
FR013535,0.3279849886894226,0.8085341952862416
FR015329,0.2249923199415207,0.4809335636267303
FR019355,0.4803292155265808,1.5312076862220205
FR000516,0.24462802708148956,0.5364987879919504
FR011984,0.27244889736175537,0.6203616617542049
FR016475,0.3001548945903778,0.710504608915013
FR005964,0.28119736909866333,0.6480745908846075
FR013274,0.27836695313453674,0.6390350246127452
FR002593,0.29016149044036865,0.6771792094086713
FR019516,0.22800491750240326,0.48927506026771544
FR010721,0.2538298964500427,0.5635446452564041
FR016977,0.30269989371299744,0.7191441241592365
FR000818,0.2376059591770172,0.5162989417234096
FR008494,0.2723793387413025,0.6201439881173102
FR004585,0.2893114984035492,0.6743879550724649
FR004694,0.3696210980415344,0.9713561244370118
FR013992,0.7744877338409424,5.689417103473551
FR005761,0.33521491289138794,0.8353442006372036
FR009265,0.3873298168182373,1.0473156294552683
FR016432,0.2777102589607239,0.6369478503884343
FR010241,0.2682286202907562,0.6072298260479569
FR015535,0.30184730887413025,0.7162428360572131
FR000162,0.2701960504055023,0.6133327939356429
FR002910,0.301725834608078,0.7158300440379676
FR005774,0.2898176908493042,0.6760494151882032
FR011364,0.24370169639587402,0.5338126058540141
FR006118,0.3292669355869293,0.8132457554892516
FR015860,0.632072925567627,2.8459603168061713
FR009950,0.2804200053215027,0.6455848224285784
FR006175,0.24053122103214264,0.5246684266051216
FR013832,0.29459479451179504,0.6918465947592782
FR006150,0.2556658089160919,0.5690207223908392
FR014423,0.4852273762226105,1.561540498967682
FR017447,0.26551711559295654,0.5988723207459224
FR005486,0.2551310658454895,0.5674229285811675
FR003950,0.3231634497642517,0.7909733143255863
FR002439,0.25367653369903564,0.5630884210251745
FR017915,0.5987074971199036,2.471593529900338
FR002170,0.2725672721862793,0.6207321943405376
FR003709,0.819227933883667,7.507525740329562
FR002296,0.2651668190956116,0.5977971219835607
FR010655,0.2206883281469345,0.46912824680075516
FR012313,0.24849356710910797,0.5477795907217734
FR012260,0.19640995562076569,0.40490426292296006
FR005565,0.7398991584777832,4.712530514649823
FR009392,0.26399198174476624,0.594198552932288
FR012425,0.26119256019592285,0.5856699500111963
FR001393,0.232016459107399,0.5004840959997913
FR018340,0.26691141724586487,0.6031621697483941
FR010998,0.3535095155239105,0.905862685827105
FR019414,0.2602662146091461,0.5828619977395914
FR017122,0.2537700831890106,0.5633666901807047
FR013237,0.26144397258758545,0.5864332502035389
FR008076,0.2896730601787567,0.6755744566893442
FR013996,0.3261045515537262,0.8016554263544228
FR013965,0.3663664758205414,0.9578576661631149
FR005159,0.3290935754776001,0.8126075494566397
FR014011,0.26408806443214417,0.594492426244893
FR016277,0.36258554458618164,0.9423494401041934
FR016009,0.233582004904747,0.5048903707142149
FR015460,0.3969464898109436,1.0904343288923313
FR003602,0.2596594989299774,0.5810267206010797
FR005460,0.2947622239589691,0.692404141158213
FR019091,0.25627976655960083,0.5708580400280996
FR019506,0.19254033267498016,0.3950247243143862
FR001017,0.30988970398902893,0.7438956850332256
FR002236,0.2833408713340759,0.6549678570006258
FR010981,0.3260289430618286,0.8013796479813192
FR003729,0.30300065875053406,0.7201693006784933
FR007922,0.22932346165180206,0.4929464577301162
FR015766,0.2519700229167938,0.5580245068521237
FR017383,0.4992634057998657,1.6517480515876986
FR003187,0.624440610408783,2.7544564761648638
FR016524,0.3286033868789673,0.8108047579296125
FR009660,0.26163098216056824,0.5870013574458499
FR017985,0.3184422254562378,0.7740185579252661
FR002262,0.39370226860046387,1.075735184173439
FR018007,0.32263997197151184,0.7890817622863409
FR012984,0.2691252529621124,0.6100071055097818
FR019088,0.25186166167259216,0.5577037348394707
FR003562,0.27361762523651123,0.624025261334695
FR016779,0.2835392951965332,0.655608052011581
FR018532,0.27907076478004456,0.6412761739536172
FR015328,0.2347250133752823,0.5081187877958532
FR014862,0.26774048805236816,0.6057207176044971
FR004782,0.3367941081523895,0.8412779553144842
FR009773,0.7282562851905823,4.439643855220607
FR001702,0.43410784006118774,1.2708296869625717
FR005152,0.22028546035289764,0.4680299008929749
FR010920,0.667765200138092,3.3296766552566632
FR015295,0.24356934428215027,0.5334293471439939
FR019614,0.2718164920806885,0.6183841706189107
FR004772,0.3453402817249298,0.8738864772185333
FR010719,0.2837642729282379,0.6563343495571832
FR004992,0.29452529549598694,0.6916152381305201
FR016869,0.8178054094314575,7.435974636277601
FR011303,0.31198930740356445,0.7512213486900051
FR018656,0.2781739830970764,0.6384213130075881
FR013650,0.28085485100746155,0.6469768983738885
FR010077,0.26906877756118774,0.6098319744193039
FR011931,0.26439836621284485,0.595442022810614
FR015597,0.2828085422515869,0.6532520997322151
FR012677,0.3216215670108795,0.785410188096055
FR012610,0.2518332600593567,0.5576196754754151
FR003667,0.24445444345474243,0.5359949271191246
FR011412,0.6071962714195251,2.560807268282585
FR012729,0.2647358775138855,0.5964757969370286
FR014250,0.25138673186302185,0.5562989383996252
FR001771,0.2645304203033447,0.5958463825037813
FR009730,0.2949901819229126,0.69316367553736
FR001333,0.25507697463035583,0.5672614336569944
FR018543,0.7096505761146545,4.048992667955907
FR007693,0.5583450198173523,2.0943193923482903
FR015134,0.6701136231422424,3.365173538617718
FR000134,0.2682686150074005,0.6073535628594675
FR019719,0.29162293672561646,0.6819940532881213
FR001165,0.2791157066822052,0.641419431216321
FR019266,0.2871122360229492,0.6671967777924794
FR002008,0.4752797782421112,1.5005308704236573
FR015133,0.2221888303756714,0.4732291043910356
FR002228,0.29433345794677734,0.6909768628761599
FR000128,0.3107787072658539,0.746992031627669
FR002656,0.30845367908477783,0.7389109097022861
FR015175,0.25620853900909424,0.5706447303189612
FR000227,0.40520721673965454,1.1285865762547511
FR013621,0.3615851402282715,0.9382768183305009
FR006606,0.32998421788215637,0.8158898608832822
FR005263,0.2951660454273224,0.6937499718188007
FR006170,0.25957849621772766,0.5807819200290881
FR004549,0.2693321406841278,0.6106488987766093
FR000493,0.5008841753005981,1.6624912595877848
FR017418,0.31251633167266846,0.7530671988370549
FR007199,0.2962321639060974,0.6973104853292359
FR005685,0.38118088245391846,1.0204477872280928
FR019733,0.24933874607086182,0.5502615541329683
FR003681,0.25144481658935547,0.5564706517273363
FR003674,0.8393654227256775,8.656362585186722
FR017746,0.6625031232833862,3.2519328654661184
FR002726,0.271916002035141,0.6186951041808079
FR016806,0.25698530673980713,0.5729731753211846
FR003657,0.4782956838607788,1.5187819649542271
FR019583,0.26664969325065613,0.6023556797113644
FR016374,0.30066806077957153,0.7122415942059163
FR016747,0.781677782535553,5.931345656547275
FR012740,0.5876693725585938,2.36108086569154
FR011973,0.2876526713371277,0.6689597852872273
FR014367,0.3007120192050934,0.7123905049730246
FR017391,0.6849520802497864,3.601695323413812
FR001240,0.18966460227966309,0.38774381003419783
FR005428,0.4876464903354645,1.576735285261155
FR019589,0.3258640468120575,0.8007784113377187
FR019160,0.2725662589073181,0.6207290220997348
FR005948,0.6854543089866638,3.610091172076154
FR005648,0.4470269978046417,1.339224000496184
FR003401,0.27662673592567444,0.6335123686190489
FR014069,0.35511013865470886,0.9122227983864232
FR008168,0.5472676157951355,2.00254179116264
FR001025,0.8367605209350586,8.491792642205118
FR009952,0.6560712456703186,3.160137041081841
FR014212,0.43326839804649353,1.2664935499749328
FR007165,0.3345277011394501,0.8327708277179208
FR006090,0.2967006266117096,0.6988784229352955
FR008761,0.36821597814559937,0.9655113672322324
FR010430,0.21814993023872375,0.4622266681676715
FR004037,0.3726322054862976,0.9839693383679595
FR002013,0.2592868506908417,0.5799009733121645
FR008186,0.3065890371799469,0.7324691152859659
FR003761,0.2812701463699341,0.648307960239095
FR011379,0.23407433927059174,0.5062797833289322
FR011929,0.3366478681564331,0.8407272781586189
FR007348,0.27098730206489563,0.6157965444662468
FR001985,0.27597013115882874,0.6314355025328288
FR011476,0.19160008430480957,0.3926384581102145
FR016983,0.38738125562667847,1.0475426667865435
FR013749,0.22410468757152557,0.478488177767089
FR001660,0.2642030715942383,0.5948442818461555
FR000017,0.25568434596061707,0.5690761516112721
FR002659,0.24400360882282257,0.5346873711394154
FR003766,0.2794802188873291,0.6425820143076691
FR008547,0.24244879186153412,0.5301898734236861
FR015381,0.30706703662872314,0.734117159542163
FR011203,0.2833966314792633,0.6551477257904468
FR005146,0.24348202347755432,0.5331765612971586
FR016567,0.42037010192871094,1.2014465107606047
FR010476,0.28690657019615173,0.6665265569343026
FR009103,0.24641983211040497,0.5417134218850232
FR009144,0.24400338530540466,0.5346867232584839
FR004082,0.5225534439086914,1.8131316899378558
FR007439,0.5111970901489258,1.7325189348254755
FR006993,0.28811877965927124,0.6704824732696455
FR018638,0.22736288607120514,0.48749190324066355
FR009575,0.23288026452064514,0.5029130777524693
FR016323,0.23663835227489471,0.5135446335731523
FR007817,0.27378517389297485,0.6245514408543826
FR003769,0.2846204936504364,0.6591026719037293
FR014649,0.17063874006271362,0.34084528429889466
FR012216,0.3246978521347046,0.796534670699942
FR006194,0.5282464623451233,1.8550039168582744
FR016742,0.47081902623176575,1.473917525872674
FR003442,0.5146600008010864,1.756700522848765
FR014770,0.31649771332740784,0.7671035702933788
FR018689,0.6973809599876404,3.817659898670636
FR009562,0.3353573679924011,0.8358783121522307
FR006129,0.4282926321029663,1.2410526703557996
FR016122,0.1964625120162964,0.4050390996744956
FR013853,0.44734808802604675,1.3409645840423072
FR002103,0.3187362253665924,0.7750675027018246
FR007826,0.28043070435523987,0.6456190531657476
FR014804,0.2661269009113312,0.6007464421240366
FR009329,0.28334853053092957,0.6549925620654687
FR017030,0.27662914991378784,0.6335200111123995
FR019680,0.5367891192436218,1.919766243885355
FR012173,0.37029048800468445,0.9741497016055166
FR010052,0.28016456961631775,0.6447678776467831
FR015811,0.2475776970386505,0.5450963298133908
FR005935,0.3033549189567566,0.721377954216958
FR017566,0.2785111665725708,0.6394938876787537
FR000628,0.24825865030288696,0.5470907221914771
FR014666,0.2558717131614685,0.5696365695149648
FR017975,0.4271613359451294,1.2353300676089225
FR008527,0.22601565718650818,0.4837597708276711
FR014898,0.2519931495189667,0.5580929784797036
FR019918,0.3314870297908783,0.8214480479193594
FR006749,0.29596900939941406,0.6964306264524176
FR015891,0.29532328248023987,0.6942744187570903
FR007273,0.14883385598659515,0.2896748509007461
FR009797,0.7910192608833313,6.270529233792327
FR017600,0.21889564394950867,0.46424951494733196
FR005190,0.3210923373699188,0.7835065481191286
FR019482,0.22767013311386108,0.4883448711946237
FR000536,0.2592984437942505,0.5799359782892348
FR007125,0.3200085461139679,0.7796173964768452
FR017827,0.25643065571784973,0.5713100524413729
FR002781,0.25582605600357056,0.5694999823158842
FR006398,0.27107369899749756,0.6160658858019219
FR017712,0.3765617907047272,1.0006132144707482
FR009968,0.30415552854537964,0.7241139815423121
FR019700,0.2085658311843872,0.43656786368927325
FR010195,0.3748082220554352,0.9931600707128936
FR016287,0.2836054265499115,0.655821497090548
FR000191,0.7267895340919495,4.406915590328096
FR002243,0.2914254367351532,0.6813422141547777
FR014052,0.8693188428878784,11.020201139667352
FR018982,0.27121028304100037,0.6164918150936011
FR017802,0.318087100982666,0.7727527365635247
FR013563,0.26647982001304626,0.6018325314105077
FR002617,0.261785089969635,0.5874697303552405
FR003198,0.29822930693626404,0.7040094536830847
FR019932,0.3221800625324249,0.7874223212768912
FR010274,0.3406278192996979,0.855801204573637
FR017366,0.3339540660381317,0.8306268268630722
FR018060,0.3013474643230438,0.714545191734562
FR011777,0.23289625346660614,0.5029580895103669
FR010878,0.6660197377204895,3.30361704119915
FR008165,0.3724793493747711,0.9833261236641708
FR000627,0.4632076025009155,1.4295281824009447
FR006609,0.32747477293014526,0.8066639881323365
FR016588,0.3020654320716858,0.7169844196786794
FR001330,0.20643438398838043,0.43094574074106407
FR002420,0.5926525592803955,2.410230464024248
FR002081,0.24244822561740875,0.530188238856434
FR004802,0.6200393438339233,2.703360838977442
FR008632,0.2350616604089737,0.5090714835816815
FR010699,0.40930166840553284,1.1478923722781094
FR013744,0.5149310827255249,1.7586080662497154
FR002546,0.26328209042549133,0.592029693070547
FR017723,0.2560802102088928,0.5702605189311055
FR014588,0.2977439761161804,0.7023780156979454
FR003933,0.23442484438419342,0.5072700298070288
FR002034,0.3612528145313263,0.9369267512836906
FR011684,0.2944699823856354,0.6914311378131386
FR018738,0.21073861420154572,0.4423302730258892
FR015299,0.18449582159519196,0.374786331343549
FR006734,0.22645561397075653,0.48497712235352236
FR018847,0.31270208954811096,0.7537184720642556
FR003896,0.486051082611084,1.5666982507220721
FR000619,0.31389161944389343,0.7578973627721838
FR005091,0.21429423987865448,0.4518288520536143
FR008451,0.29491695761680603,0.6929196455320903
FR015788,0.28033754229545593,0.6453210224606908
FR019436,0.29255685210227966,0.6850813252603679
FR013121,0.29217055439949036,0.6838033414414771
FR019590,0.24786411225795746,0.5459347496003181
FR002278,0.4031749367713928,1.1191025184457708
FR007797,0.2464568018913269,0.5418212749923018
FR009419,0.7139886021614075,4.135531543022374
FR019193,0.2613621950149536,0.5861849125141623
FR011737,0.28110742568969727,0.6477862414610992
FR006389,0.27904704213142395,0.641200562600518
FR014693,0.3831881582736969,1.0291597102088237
FR009684,0.34858620166778564,0.886495709077972
FR005680,0.25435757637023926,0.565115823706447
FR014664,0.4229739010334015,1.2143433901086662
FR019559,0.26488152146339417,0.5969221876309774
FR017170,0.23174244165420532,0.49971471249562527
FR016844,0.5732488036155701,2.2253166070993555
FR014529,0.2299235463142395,0.49462151609407357
FR017858,0.410876601934433,1.1553898228635464
FR014498,0.26792672276496887,0.6062962429528592
FR012257,0.8570219278335571,9.929923352573688
FR016886,0.28820890188217163,0.6707771156442693
FR015422,0.2783660590648651,0.6390321804044565
FR000592,0.29195427894592285,0.6830884490038697
FR003212,0.2299402952194214,0.4946683059362635
FR011635,0.5871760845184326,2.356280066486835
FR003742,0.22373712062835693,0.4774771853483141
FR008051,0.3591340184211731,0.9283521023556734
FR012996,0.2805284261703491,0.6459317537272707
FR001746,0.258308082818985,0.5769495635878426
FR008089,0.2760513424873352,0.6316921729192457
FR004763,0.28664106130599976,0.6656618918463387
FR003565,0.25851520895957947,0.5775734887760302
FR016662,0.5365170836448669,1.917667126837429
FR019493,0.7677016854286194,5.474819867009076
FR015770,0.172537162899971,0.3454280125576109
FR017103,0.6567214727401733,3.169260789892893
FR010283,0.2949737310409546,0.6931088463105712
FR007137,0.2342052459716797,0.5066495146742492
FR007793,0.3032371997833252,0.7209761873924057
FR010782,0.35839954018592834,0.925392928749771
FR019361,0.26800355315208435,0.6065337589653707
FR003968,0.34310415387153625,0.8652724171548902
FR014075,0.3709872364997864,0.977063769909702
FR003324,0.29046568274497986,0.6781797590958051
FR015643,0.2711772322654724,0.6163887335563609
FR011687,0.22385603189468384,0.4778041458551138
FR007126,0.3569485545158386,0.9195668528605996
FR003144,0.2073347270488739,0.43331688920213207
FR015185,0.28131404519081116,0.6484487501106098
FR004692,0.28557685017585754,0.6622025970806024
FR012718,0.2485208362340927,0.5478595824271592
FR018020,0.3520018458366394,0.8999006621467858
FR013353,0.24318651854991913,0.532321533931984
FR015718,0.30085381865501404,0.7128709833985482
FR011180,0.38859522342681885,1.052911889993153
FR002161,0.4266149699687958,1.2325743902200323
FR009765,0.23828282952308655,0.5182298233441954
FR002853,0.3263046145439148,0.8023854451789638
FR016951,0.27342674136161804,0.6234260942679541
FR008676,0.35543063282966614,0.9135000849057074
FR010148,0.25429680943489075,0.5649347755433726
FR019853,0.2811504006385803,0.6479240057755505
FR004071,0.702484667301178,3.9115681077647553
FR009407,0.3173138499259949,0.7700010819305274
FR019891,0.27038484811782837,0.6139201751775433
FR014180,0.2631475329399109,0.5916190641884418
FR019996,0.41167664527893066,1.1592137935567668
FR009017,0.2997014820575714,0.7089719984637296
FR016230,0.34739458560943604,0.8818521377575554
FR010747,0.6013283729553223,2.498732506791847
FR016801,0.5302697420120239,1.870129621451363
FR000548,0.8328194618225098,8.25255724997237
FR003097,0.2548770308494568,0.5666646843133492
FR012536,0.3287743926048279,0.8114333753164542
FR005385,0.27775269746780396,0.6370826181832212
FR015038,0.3800421357154846,1.015530510498697
FR006938,0.30035653710365295,0.7111868325969068
FR007109,0.2727295458316803,0.6212403334368819
FR019039,0.340625137090683,0.855790984523875
FR003247,0.25945886969566345,0.5804204913022443
FR013953,0.2951517701148987,0.6937023696664306
FR001338,0.2198176383972168,0.4667558926465128
FR012826,0.3521400988101959,0.9004462227626869
FR008037,0.3308428227901459,0.8190623752170537
FR015125,0.39572736620903015,1.0848921267441307
FR011736,0.27578625082969666,0.63085455699094
FR007498,0.34414201974868774,0.869263201959444
FR008980,0.4496522545814514,1.353514719097435
FR019593,0.48538240790367126,1.5625099899740038
FR006071,0.36992180347442627,0.9726103295102517
FR008566,0.2358155995607376,0.5112081420041084
FR019971,0.24174872040748596,0.5281708534209052
FR007210,0.26264458894729614,0.5900855577248482
FR014107,0.4274965822696686,1.2370235356986194
FR018674,0.3103504776954651,0.7454995364838719
FR002733,0.3416878581047058,0.8598468021253374
FR010441,0.2910548746585846,0.6801201719860187
FR019483,0.28406888246536255,0.6573184505642186
FR017548,0.2680377960205078,0.6066396345709164
FR013640,0.3193364441394806,0.7772118008930042
FR010387,0.8102466464042664,7.0737740150703665
FR019259,0.37518155574798584,0.9947433352565558
FR010259,0.2784513235092163,0.6393034547845395
FR010130,0.2470938265323639,0.5436813506912157
FR002888,0.21362440288066864,0.45003286762849276
FR008171,0.25449123978614807,0.565514162491669
FR005479,0.27861714363098145,0.6398312059213566
FR003223,0.3027273118495941,0.7192375439626852
FR002740,0.26805004477500916,0.6066775089293454
FR001806,0.27490198612213135,0.6280649552199016
FR013725,0.308297336101532,0.7383694563205396
FR000634,0.31706494092941284,0.7691166518746294
FR009150,0.320389986038208,0.7809847673440322
FR010347,0.24559110403060913,0.5392985216592167
FR016347,0.37287700176239014,0.9850000881643937
FR007915,0.38985005021095276,1.0584842834321437
FR012619,0.2530794143676758,0.5613138924200112
FR018805,0.3717878758907318,0.9804203311934473
FR006590,0.2536192238330841,0.5629179834881549
FR001911,0.32289260625839233,0.7899942742561128
FR003067,0.27469244599342346,0.6274049130407486
FR016971,0.23689042031764984,0.514261476404248
FR013474,0.7495219111442566,4.957217699457425
FR001903,0.21342617273330688,0.44950195435460766
FR017938,0.8458476066589355,9.090028653612494
FR018727,0.3984694480895996,1.097389340600832
FR012770,0.4948682188987732,1.622961693579658
FR018693,0.20841000974178314,0.43615582734061686
FR012985,0.34357506036758423,0.8670815751353339
FR017905,0.21246789395809174,0.44693919687997463
FR019399,0.40638402104377747,1.1341080673254709
FR002284,0.35108572244644165,0.8962914179040957
FR000220,0.2848745584487915,0.6599253864418997
FR002348,0.29583555459976196,0.6959846707441297
FR003995,0.28693917393684387,0.6666327797518178
FR000581,0.38529643416404724,1.0383712536881973
FR019861,0.27228492498397827,0.6198486004995648
FR011073,0.3002300262451172,0.7107587583334649
FR012182,0.44036364555358887,1.3035537364188174
FR014985,0.3077796995639801,0.7365785018594324
FR012787,0.44218114018440247,1.3131986296269742
FR012765,0.31234583258628845,0.7524697331196437
FR019762,0.41870051622390747,1.1932376781338268
FR007963,0.27616921067237854,0.6320648006535343
FR012315,0.3057689070701599,0.7296467618942019
FR014058,0.2542177140712738,0.564699164110028
FR019862,0.24099652469158173,0.5260056568103431
FR012884,0.26339587569236755,0.5923770484730239
FR004661,0.665363609790802,3.2938914064356304
FR002308,0.6582397222518921,3.190699483972948
FR001502,0.24679020047187805,0.5427943874447697
FR015029,0.2853805124759674,0.6615655130423053
FR007281,0.25864383578300476,0.5779611262843334
FR009718,0.3439835011959076,0.8686528519877762
FR009902,0.21217595040798187,0.4461596813321411
FR015514,0.3967430591583252,1.0895079650092694
FR019021,0.4872284233570099,1.5740991019548234
FR004924,0.7616618871688843,5.294099842480579
FR007034,0.8326522707939148,8.242657349548768
FR007631,0.4063481092453003,1.133939247628458
FR012812,0.36830687522888184,0.965888677443427
FR004907,0.27156901359558105,0.6176112558645648
FR015565,0.26707887649536133,0.6036784896262765
FR004697,0.7555304765701294,5.119772472809287
FR015104,0.4015546441078186,1.111587235933783
FR000296,0.1025024950504303,0.1892015048078509
FR003589,0.3112744092941284,0.7487220040856026
FR019085,0.3698737621307373,0.97240987467792
FR012083,0.25724107027053833,0.5737409198567532
FR006307,0.29975447058677673,0.7091510061636211
FR004010,0.25260934233665466,0.5599189196922583
FR015341,0.30160635709762573,0.715424177439267
FR011837,0.20064450800418854,0.4158251118197577
FR015943,0.3184644281864166,0.774097742133055
FR005853,0.34200435876846313,0.8610572417785067
FR011472,0.17603246867656708,0.353920794580882
FR005694,0.24347732961177826,0.5331629746321792
FR001384,0.19386817514896393,0.39840415116552036
FR010371,0.31097227334976196,0.7476672702555472
FR003815,0.4264531135559082,1.231759051562748
FR018611,0.26410579681396484,0.5945466699373287
FR015049,0.2656819522380829,0.5993786246590758
FR004556,0.2737255394458771,0.6243641335504184
FR016291,0.26221129298210144,0.5887660887917991
FR006765,0.3074296712875366,0.7353689672050319
FR001522,0.36586418747901917,0.9557867807451554
FR011645,0.26308804750442505,0.5914375803726253
FR012742,0.2255207747220993,0.48239209391219273
FR008190,0.3925010561943054,1.0703324731636001
FR005929,0.34055837988853455,0.8555366456257028
FR008305,0.2837793529033661,0.6563830486877026
FR001851,0.3561391830444336,0.9163284298509826
FR014710,0.4062516689300537,1.1334859872434113
FR015738,0.2632776200771332,0.5920160485061245
FR003852,0.38819530606269836,1.0511407535119215
FR004435,0.4295205771923065,1.2472898545935156
FR003325,0.30866992473602295,0.7396602240629315
FR001106,0.38675227761268616,1.0447691382449071
FR011234,0.7407521605491638,4.733486909956377
FR000143,0.28302571177482605,0.65395175416102
FR013686,0.26939648389816284,0.6108485740961395
FR002907,0.5651378035545349,2.1529111330056105
FR002536,0.2740477919578552,0.6253766705634475
FR010646,0.7738498449325562,5.66869654813308
FR002302,0.2789851129055023,0.6410031986220506
FR005231,0.23825562000274658,0.5181521376088479
FR018106,0.2560059428215027,0.5700382258388855
FR015948,0.29660648107528687,0.6985631515603954
FR015094,0.34545791149139404,0.874341242641757
FR001426,0.3233114182949066,0.7915085192601159
FR018251,0.25831055641174316,0.576957012724748
FR016104,0.35262331366539,0.9023548693522153
FR009565,0.20249757170677185,0.42064061607903164
FR017923,0.3525601625442505,0.9021052673925467
FR004840,0.29643964767456055,0.6980046727734202
FR016064,0.25393953919410706,0.5638709259876719
FR016542,0.275334894657135,0.6294298069752863
FR002804,0.28573763370513916,0.6627245744444317
FR009887,0.7676447033882141,5.473070975939841
FR019633,0.3266027271747589,0.8034740464841079
FR003194,0.255536824464798,0.5686351112520301
FR000689,0.2533573806285858,0.5621396038169055
FR016932,0.4302690029144287,1.251104571127976
FR003886,0.22005422413349152,0.46739998985802805
FR013602,0.31407955288887024,0.7585589102237088
FR010865,0.5742166638374329,2.2341407520325687
FR016576,0.2632349133491516,0.591885705780744
FR014961,0.2715027630329132,0.6174044339044776
FR003765,0.33742815256118774,0.8436683065579763
FR005545,0.24703386425971985,0.5435061300838275
FR011532,0.6657143235206604,3.2990852065590537
FR017001,0.40231943130493164,1.1151294138460495
FR009708,0.31661397218704224,0.76751589882838
FR012270,0.6479170322418213,3.048581288412175
FR003361,0.6364417672157288,2.900067381247729
FR001361,0.5990853905677795,2.4754846965655704
FR008777,0.31849560141563416,0.774208927593992
FR012514,0.2653036415576935,0.5982169623136939
FR001551,0.29804733395576477,0.7033974877418377
FR000731,0.3886879086494446,1.0533227010116912
FR019068,0.26128533482551575,0.5859515577902027
FR000830,0.2664596736431122,0.601770503929677
FR014057,0.29761460423469543,0.7019435131301925
FR016220,0.2853715419769287,0.6615364135882308
FR017674,0.2833893597126007,0.6551242672365556
FR003162,0.31805142760276794,0.772625653660254
FR004525,0.3121955692768097,0.7519434235088943
FR009375,0.2966776490211487,0.698801468574327
FR010567,0.44964319467544556,1.3534651665987567
FR014339,0.3099267780780792,0.7440246525109209
FR012054,0.21366052329540253,0.4501296365766386
FR012515,0.30354043841362,0.7220113940696341
FR011797,0.36817118525505066,0.9653254736391043
FR008831,0.30767908692359924,0.7362307061952699
FR010288,0.287937194108963,0.6698890304926262
FR008069,0.28103306889533997,0.6475479156144411
FR015726,0.2487965077161789,0.5486685678549299
FR005481,0.41477441787719727,1.1741188471481439
FR018943,0.2774299085140228,0.6360579667457101
FR000033,0.3356003165245056,0.8367897353268705
FR017798,0.3227938115596771,0.7896373479428099
FR018969,0.24733543395996094,0.5443876541805047
FR014931,0.5204921960830688,1.798216349682333
FR019363,0.2559122145175934,0.5697577467322422
FR017051,0.8042224645614624,6.805134957696803
FR019162,0.3062170147895813,0.7311880297438308
FR005139,0.24155566096305847,0.5276147218049192
FR009316,0.278219997882843,0.6385676261800758
FR016007,0.2836773991584778,0.6560538401487325
FR015649,0.6345651745796204,2.876667724284072
FR016884,0.32769569754600525,0.8074734437426139
FR015694,0.35395893454551697,0.9076452804309869
FR014521,0.30086907744407654,0.7129226984507433
FR003085,0.2633516788482666,0.5922421148103464
FR000487,0.2606154680252075,0.5839198335057099
FR016476,0.24895226955413818,0.5491259290627186
FR016473,0.4839004576206207,1.5532664370748757
FR000826,0.24802464246749878,0.5464049470310716
FR010268,0.23843351006507874,0.5186601309290673
FR010767,0.3023778200149536,0.7180472958583677
FR001921,0.24191880226135254,0.5286610299396947
FR017261,0.23801380395889282,0.5174619738529835
FR010687,0.28840920329093933,0.6714322411806326
FR017335,0.2661358118057251,0.6007738520607286
FR017149,0.2873617112636566,0.6680102833732503
FR016283,0.25279849767684937,0.5604800407984462
FR015805,0.27145710587501526,0.6172619226255902
FR010945,0.26537853479385376,0.5984468387707589
FR019374,0.2618030905723572,0.5875244515298528
FR002743,0.3810356557369232,1.019819670203254
FR002123,0.2436441332101822,0.5336459007434134
FR015374,0.27617818117141724,0.6320931649019561
FR011534,0.2206876575946808,0.469126417718272
FR012278,0.2530527114868164,0.5612346026545459
FR009584,0.36562150716781616,0.9547874086672472
FR018906,0.7927374839782715,6.336245960691057
FR010632,0.5188037157058716,1.7860935906589483
FR016813,0.27655112743377686,0.633273023994779
FR011980,0.24968324601650238,0.5512748211662138
FR013787,0.3100440502166748,0.7444326915397352
FR001559,0.3004143536090851,0.711382517610426
FR000887,0.2842058837413788,0.6577613331948198
FR000440,0.2767694592475891,0.6339643069050822
FR009145,0.30006566643714905,0.7102028458537328
FR015558,0.6761865615844727,3.4593544803991434
FR002666,0.1925731897354126,0.3951082130918084
FR000905,0.4346032738685608,1.2733948919248472
FR000102,0.2265123575925827,0.4851342316317867
FR014187,0.4057309031486511,1.1310409792095244
FR003440,0.3809846341609955,1.0195990678167517
FR008908,0.3215199410915375,0.7850444090976214
FR004191,0.2826944887638092,0.6528848236102469
FR002323,0.2752622067928314,0.6292005265126095
FR017907,0.2106839418411255,0.44218488808315076
FR017703,0.6398957371711731,2.943773245108702
FR012499,0.25739696621894836,0.5742091438093632
FR017291,0.24425841867923737,0.5354262046448307
FR010414,0.3070639371871948,0.7341064659784504
FR010132,0.3748161494731903,0.993193670315082
FR009366,0.2721993923187256,0.6195810648757286
FR019787,0.33238232135772705,0.8247712000779037
FR007446,0.26214584708213806,0.588566928243115
FR004147,0.280063658952713,0.6444453008343332
FR010364,0.4458960294723511,1.3331092512317295
FR002918,0.2598293125629425,0.5815400930551143
FR005360,0.27207159996032715,0.6191814632864122
FR012052,0.5215965509414673,1.8061915585102692
FR003568,0.19414567947387695,0.39911182078215507
FR010196,0.26481491327285767,0.5967180152437292
FR008087,0.2725394666194916,0.6206451475269027
FR003894,0.2399621456861496,0.5230351940727445
FR014796,0.2611648142337799,0.5855857437550669
FR019075,0.26686206459999084,0.6030100478655259
FR018264,0.30738118290901184,0.7352015103645294
FR006494,0.3124585449695587,0.7528646685201645
FR014386,0.21175217628479004,0.4450291936914446
FR014644,0.3681740164756775,0.9653372226201389
FR005315,0.3198890686035156,0.7791894136390031
FR017007,0.7661427855491638,5.427281441722468
FR017643,0.318876177072525,0.7755671461870276
FR014999,0.22218914330005646,0.4732299612604292
FR012566,0.2756997346878052,0.6305813227433003
FR005676,0.24604542553424835,0.5406217497466478
FR000937,0.4563908576965332,1.3908285066068362
FR017968,0.2806333899497986,0.6462677225238562
FR016483,0.2372354418039322,0.5152434326348383
FR009434,0.33795350790023804,0.8456523678389846
FR008932,0.24604566395282745,0.5406224445681838
FR005671,0.2707969546318054,0.6152033639779212
FR009387,0.32342851161956787,0.7919322139255977
FR003530,0.4612034261226654,1.4180485453682738
FR015236,0.35308369994163513,0.9041759979703945
FR015819,0.4610614776611328,1.417238722500001
FR000466,0.27326545119285583,0.6229200644844484
FR018968,0.2898190915584564,0.6760540159793914
FR019095,0.23546911776065826,0.5102256916231026
FR012151,0.524937093257904,1.8305413335415452
FR018441,0.3060152530670166,0.7304938233545922
FR002822,0.5757395625114441,2.24810678979131
FR017521,0.2332945615053177,0.5040800041706788
FR012676,0.36300569772720337,0.9440636877351113
FR006549,0.28732648491859436,0.6678953804144111
FR017198,0.4658045470714569,1.4445312316900685
FR012142,0.6306336522102356,2.8284155494812553
FR008602,0.3414313495159149,0.8588666524689172
FR011791,0.200545534491539,0.4155685401577451
FR008024,0.26455825567245483,0.5959316350566076
FR014255,0.3020184636116028,0.7168246953478107
FR013657,0.42205867171287537,1.2097969223504026
FR003519,0.27762866020202637,0.6366887697264265
FR010480,0.5174786448478699,1.7766394143299036
FR012791,0.16215665638446808,0.320623504221076
FR007462,0.27226531505584717,0.6197872575075293
FR009917,0.29595062136650085,0.6963691705251965
FR011657,0.31949394941329956,0.7777751193877652
FR013305,0.32120680809020996,0.7839180479173389
FR002507,0.21464011073112488,0.45275740935618825
FR014312,0.26757821440696716,0.6052194783028441
FR000010,0.20589154958724976,0.4295187271743763
FR002608,0.255702406167984,0.5691301576550246
FR011414,0.7040395140647888,3.940820939241026
FR017848,0.26891425251960754,0.6093529281774874
FR001427,0.3014235198497772,0.714803345805806
FR001677,0.29515060782432556,0.6936984940019595
FR014329,0.27463939785957336,0.6272378742466082
FR010194,0.2751946449279785,0.6289874563068834
FR017969,0.260674387216568,0.5840983893478051
FR004634,0.5638430714607239,2.1416025319895886
FR016636,0.2812967300415039,0.6483932158669168
FR000491,0.24828824400901794,0.5471774788815673
FR016257,0.2668592929840088,0.6030015053961597
FR018223,0.2743034362792969,0.6261805602416491
FR011171,0.2684435248374939,0.6078948629198986
FR001042,0.23296377062797546,0.5031481831530359
FR015696,0.2657249867916107,0.5995108448405548
FR017452,0.26425862312316895,0.5950142768918071
FR007725,0.33927175402641296,0.8506447582587313
FR012792,0.29621386528015137,0.6972492824635262
FR005127,0.8090744018554688,7.020171150267356
FR012459,0.3040381669998169,0.7237125129130922
FR007911,0.1747809648513794,0.35087166244675594
FR010203,0.26019054651260376,0.5826329421587656
FR014858,0.24905912578105927,0.5494397991676152
FR014096,0.23336626589298248,0.5042820978176794
FR003777,0.25706833600997925,0.5732223525486123
FR007951,0.32098525762557983,0.7831217430265685
FR001238,0.2861543893814087,0.664078649885505
FR000372,0.2627739906311035,0.5904799113217819
FR009927,0.2889409363269806,0.673173170115847
FR010909,0.29198014736175537,0.6831739333304874
FR007696,0.40150976181030273,1.1113796409250942
FR002196,0.4880327880382538,1.579174969727778
FR012643,0.23943713307380676,0.5215305880543014
FR017957,0.28020551800727844,0.644898801418613
FR007617,0.39147743582725525,1.0657453531377359
FR002544,0.27734655141830444,0.6357935092304263
FR004311,0.26936575770378113,0.6107532175762471
FR006233,0.6032583713531494,2.518946738865897
FR010580,0.28902047872543335,0.6734338210664578
FR008863,0.10590213537216187,0.19621990395078207
FR019671,0.3450179696083069,0.872641231586466
FR018684,0.8318170309066772,8.193494982325147
FR019844,0.35636481642723083,0.9172304058497699
FR013120,0.2568945586681366,0.5727008970645803
FR014679,0.24641652405261993,0.5417037716995822
FR004335,0.3882889747619629,1.0515553816542402
FR016218,0.19467267394065857,0.4004570629749763
FR015363,0.8008321523666382,6.661095657085988
FR019704,0.3336474299430847,0.8294822672523469
FR003479,0.27831822633743286,0.6388800255349597
FR003611,0.28455087542533875,0.6588773356369844
FR003944,0.5106045603752136,1.7284155724080672
FR007239,0.2529161870479584,0.5608293046012809
FR003600,0.24960829317569733,0.551054285504322
FR015093,0.207849383354187,0.4346747120137923
FR001275,0.4451885521411896,1.329296844284042
FR000319,0.2570376396179199,0.5731302238255773
FR000885,0.3252773582935333,0.7986416391868979
FR018601,0.3508351147174835,0.8953058750562131
FR001614,0.3820342719554901,1.0241447287665075
FR015577,0.26817768812179565,0.6070722702083272
FR002994,0.4634610414505005,1.4309859528454811
FR004121,0.3077196478843689,0.7363709043108834
FR012037,0.28925997018814087,0.6742189582901108
FR019246,0.3787951171398163,1.0101663805801708
FR016722,0.3018859326839447,0.7163741170050116
FR015336,0.2980804145336151,0.7035087124559327
FR000437,0.259367436170578,0.5801443210635298
FR017099,0.7550333738327026,5.106021358025961
FR005318,0.28212636709213257,0.6510570913150421
FR007417,0.27614298462867737,0.6319818793082197
FR019822,0.38220688700675964,1.0248937508258267
FR014164,0.2810487151145935,0.6475980602444743
FR011020,0.335527241230011,0.8365155227464106
FR011433,0.3607373535633087,0.9348354776767979
FR001079,0.23653148114681244,0.5132408513735575
FR018946,0.2658230662345886,0.5998122439081324
FR000332,0.29829496145248413,0.7042303244211262
FR019573,0.29845526814460754,0.7047697916769095
FR001608,0.22944247722625732,0.4932784668349798
FR008726,0.2237495481967926,0.4775113517213161
FR006892,0.24039581418037415,0.5242795903375612
FR001685,0.2303531914949417,0.49582241936252586
FR001840,0.38009801506996155,1.0157713843071483
FR012656,0.4949108362197876,1.623238411191096
FR001494,0.3532176911830902,0.9047065079817235
FR001868,0.2763676345348358,0.6326923707810345
FR019693,0.31133612990379333,0.7489375799258592
FR017617,0.33026567101478577,0.8169289239139856
FR016120,0.24878543615341187,0.5486360658068442
FR006428,0.3212079703807831,0.7839222268358521
FR015479,0.35235297679901123,0.9012867168907418
FR014477,0.744380533695221,4.8241908753291876
FR003976,0.2917465269565582,0.682402141772294
FR005099,0.2177201211452484,0.46106250632667534
FR008991,0.2623467743396759,0.5891784888233308
FR003755,0.27633365988731384,0.6325848921804202
FR014114,0.35503655672073364,0.9119297266422173
FR000527,0.3769213557243347,1.0021466465762965
FR018335,0.29449737071990967,0.6915222916358592
FR016981,0.29557502269744873,0.6951145581189138
FR007593,0.28697505593299866,0.6667496943370879
FR015856,0.32614970207214355,0.8018201402325835
FR001912,0.339561402797699,0.8517443710176413
FR003343,0.24075569212436676,0.5253133265640039
FR018377,0.2864071726799011,0.6649007354198908
FR005401,0.4066329300403595,1.135278738621569
FR002589,0.25898775458335876,0.5789982415543735
FR014345,0.2906635105609894,0.6788309150995759
FR006275,0.5130237936973572,1.745231990444989
FR011459,0.2943436801433563,0.6910108703886084
FR003047,0.2860775887966156,0.6638289992836215
FR000580,0.3087715208530426,0.7400124273746034
FR012679,0.3155972957611084,0.763914855550916
FR011437,0.2604190707206726,0.5833248528342376
FR004573,0.16190360486507416,0.32002650254247866
FR018290,0.26689252257347107,0.6031039274291357
FR011392,0.4768942594528198,1.5102749115195113
FR004515,0.21666871011257172,0.45822008603616726
FR013630,0.323377788066864,0.7917486560085656
FR019057,0.27288904786109924,0.6217400146045386
FR003311,0.29880446195602417,0.7059457594657258
FR006992,0.36185452342033386,0.9393722144846831
FR010136,0.23946599662303925,0.5216132526181555
FR011855,0.8011449575424194,6.674179685892026
FR017734,0.2096344530582428,0.4393979824619814
FR015482,0.2744969427585602,0.626789430270889
FR004020,0.36213159561157227,0.9404998417097579
FR000271,0.2633098065853119,0.5921142930660371
FR000645,0.3083874583244324,0.7386815413858004
FR010317,0.25527605414390564,0.5678559218770682
FR003424,0.27773818373680115,0.6370365265725575
FR016158,0.31885167956352234,0.7754796724733573
FR003946,0.23243245482444763,0.5016531746858159
FR012168,0.2724626362323761,0.6204046604841272
FR004124,0.29536953568458557,0.6944287357977391
FR019570,0.4451272785663605,1.3289671147644986
FR019390,0.22024007141590118,0.4679062273322175
FR005350,0.2834438383579254,0.6553000256857547
FR000703,0.46358615159988403,1.431706089138268
FR002882,0.29672905802726746,0.6989736496887983
FR014902,0.22501225769519806,0.4809885555344152
FR015802,0.4382352828979492,1.2923384943521021
FR009644,0.311221718788147,0.7485379988824412
FR011638,0.2754085958003998,0.6296623306067732
FR016591,0.2616984248161316,0.5872063088043601
FR012325,0.6037182211875916,2.5237921156954846
FR008654,0.35554102063179016,0.9139403148142196
FR005075,0.23528540134429932,0.5097051242431515
FR004389,0.41827628016471863,1.19115934926899
FR003835,0.26416218280792236,0.5947191731365828
FR009823,0.2789684236049652,0.6409500168237606
FR001823,0.2972552180290222,0.7007373343042809
FR003456,0.2665286362171173,0.6019828428991897
FR016967,0.47934457659721375,1.5251790135654697
FR001741,0.2490510195493698,0.5494159855028374
FR012491,0.2338593602180481,0.5056728731465111
FR002850,0.22638839483261108,0.48479103874279106
FR010316,0.2395453006029129,0.5218404097613015
FR004675,0.25160059332847595,0.5569312992620662
FR006048,0.31638583540916443,0.7667069118060569
FR001407,0.29874882102012634,0.7057583009917181
FR013670,0.27692559361457825,0.6344589160696286
FR018602,0.44197148084640503,1.3120828253523822
FR010804,0.3873063623905182,1.0472121204525002
FR003312,0.336847186088562,0.8414778841491475
FR008702,0.2979365289211273,0.7030250114042975
FR002755,0.8106892108917236,7.0941836452522855
FR010154,0.28220370411872864,0.65130572596647
FR014982,0.24790437519550323,0.5460526620014189
FR011228,0.3720925748348236,0.9816999847734725
FR012029,0.1897582858800888,0.3879801883115983
FR000390,0.7781373858451843,5.810259842518968
FR002869,0.23606562614440918,0.5119176468501919
FR014316,0.2936415374279022,0.6886772489508806
FR012028,0.2712743878364563,0.6166917771747568
FR014059,0.3138623833656311,0.7577944809704389
FR009127,0.28672245144844055,0.6659268812733883
FR005028,0.3544793725013733,0.9097126690082
FR009195,0.2743719816207886,0.6263962016867073
FR005172,0.24949830770492554,0.5507307521832271
FR016929,0.33085161447525024,0.8190949022873869
FR002633,0.2890603542327881,0.6735645102954919
FR008811,0.2769661545753479,0.6345874417808992
FR009971,0.5406274795532227,1.9496493250600098
FR018357,0.22719337046146393,0.48702159055768723
FR008690,0.2915751338005066,0.6818362487151982
FR017169,0.24978314340114594,0.5515688203031968
FR019262,0.20391440391540527,0.42433762109767426
FR019840,0.2914541959762573,0.6814371100293706
FR012041,0.31503406167030334,0.7619244955276796
FR007535,0.2330774962902069,0.5034684518662652
FR003080,0.8785178661346436,11.980131511004974
FR019873,0.2818200886249542,0.6500729474060047
FR017141,0.31703343987464905,0.7690047674463906
FR002745,0.2971310019493103,0.7003207247741327
FR013764,0.2745378911495209,0.626918316423442
FR014060,0.48624902963638306,1.5679401883007564
FR009784,0.2689724862575531,0.6095334359998029
FR009682,0.25673070549964905,0.5722094444952209
FR009209,0.21978868544101715,0.4666770959626023
FR012358,0.16942255198955536,0.3379204567869676
FR005797,0.2640915513038635,0.5945030924451635
FR005511,0.29938676953315735,0.7079093836052672
FR012806,0.7419859170913696,4.764042755844866
FR012951,0.2784454822540283,0.6392848684052954
FR019418,0.18846465647220612,0.38472098658377857
FR013109,0.27544867992401123,0.6297888139866593
FR004988,0.29582011699676514,0.6959330949931284
FR001567,0.26174136996269226,0.5873368342429096
FR001669,0.27469995617866516,0.6274285632040677
FR005043,0.2186024785041809,0.4634538044454885
FR005990,0.20033302903175354,0.4150178711929766
FR018757,0.2348158359527588,0.5083757289852028
FR008519,0.24948102235794067,0.5506799142194797
FR017787,0.2648310661315918,0.5967675247914208
FR010588,0.31093505024909973,0.7475373912100662
FR003993,0.2406090646982193,0.5248920263719942
FR007579,0.2644517421722412,0.5956054465852298
FR014889,0.2923229932785034,0.6843074864079157
FR010355,0.27631261944770813,0.6325183359316439
FR008691,0.23924054205417633,0.5209677225981869
FR003781,0.3763011395931244,0.999502724567138
FR018376,0.28631117939949036,0.6645884836831998
FR018677,0.283802330493927,0.6564572562466311
FR019967,0.5348350405693054,1.9047424471249943
FR004954,0.29453983902931213,0.6916636486106846
FR011334,0.7018671035766602,3.900033948993157
FR007197,0.379745215177536,1.0142513314391268
FR013836,0.26878416538238525,0.6089497993542888
FR008523,0.200119286775589,0.4144642924503556
FR003439,0.3192731440067291,0.776985481047904
FR002710,0.29458367824554443,0.6918095865411433
FR019560,0.29423680901527405,0.6906553769793338
FR017965,0.2950713038444519,0.6934340846190773
FR014815,0.22687338292598724,0.4861343630537298
FR018008,0.30264386534690857,0.7189532456652459
FR019260,0.4232160747051239,1.2155488193450399
FR016255,0.27427801489830017,0.6261005957478476
FR007584,0.34698745608329773,0.8802694916915748
FR001420,0.319753497838974,0.7787039649060227
FR014264,0.2876489758491516,0.6689477207868922
FR016701,0.30553770065307617,0.7288523046156427
FR017651,0.2427637130022049,0.5310993296543896
FR001387,0.18335087597370148,0.37193828816822017
FR006706,0.3692074120044708,0.9696326453779781
FR017495,0.2948896586894989,0.6928286810968759
FR007648,0.22827205061912537,0.49001786107549206
FR000800,0.24877499043941498,0.5486054018995634
FR011426,0.27652332186698914,0.6331850158691864
FR011168,0.27904656529426575,0.6411990428253396
FR018808,0.23788243532180786,0.5170872200759332
FR012554,0.20892004668712616,0.43750511442192647
FR002390,0.35327136516571045,0.904919080441416
FR000093,0.2903829514980316,0.677907554456192
FR006109,0.298410564661026,0.7046193298404385
FR000456,0.2737509608268738,0.6244439764307208
FR012697,0.2338939607143402,0.5057705312624593
FR012591,0.26519691944122314,0.5978894716124963
FR004327,0.327678918838501,0.8074119488166656
FR018231,0.2715431749820709,0.6175305880341222
FR010820,0.29325440526008606,0.6873925706282267
FR013923,0.33221516013145447,0.8241500528320405
FR014286,0.2676302194595337,0.6053800900362885
FR014624,0.29682865738868713,0.6993073035206256
FR015194,0.3439525067806244,0.8685335474933686
FR000069,0.517730176448822,1.7784300586407682
FR010398,0.2557429373264313,0.5692513688789321
FR001430,0.29697540402412415,0.6997990710725512
FR005661,0.237336203455925,0.5155303752433634
FR010295,0.3001595735549927,0.710520434953026
FR001085,0.2962573170661926,0.697394619544303
FR013942,0.3561716675758362,0.9164582487509946
FR011895,0.25609973073005676,0.5703189540564291
FR000529,0.27185508608818054,0.6185047532114746
FR008041,0.24951742589473724,0.5507869834516338
FR002285,0.30377569794654846,0.7228151525092942
FR003280,0.31410738825798035,0.7586569247645802
FR013752,0.22756773233413696,0.48806051452098476
FR012657,0.318473756313324,0.7741310116682252
FR009876,0.2743879556655884,0.6264464613726938
FR001186,0.32201075553894043,0.7868119962856372
FR003347,0.15134838223457336,0.2954416628335521
FR017209,0.2171231359243393,0.4594476594031995
FR006719,0.32714399695396423,0.8054530369156747
FR001501,0.3816767632961273,1.022594734802197
FR015490,0.6607802510261536,3.2270026753439067
FR019747,0.2627614140510559,0.590441577929591
FR010461,0.25894930958747864,0.5788822597350582
FR007159,0.5571900606155396,2.0845359982097067
FR013437,0.30993545055389404,0.7440548229481887
FR019994,0.2592058479785919,0.5796564189800836
FR013367,0.24809156358242035,0.5466010201244448
FR011668,0.3054545819759369,0.7285668265815063
FR013273,0.2287055104970932,0.49122425140136666
FR013916,0.7139427661895752,4.134603445596897
FR009771,0.291939377784729,0.6830392097155649
FR004240,0.4985674023628235,1.6471559351779794
FR016872,0.5908164381980896,2.391981360031997
FR000751,0.29027748107910156,0.677560624785221
FR006908,0.23905380070209503,0.5204333273525144
FR006659,0.5753970146179199,2.2449566551129596
FR016395,0.32735538482666016,0.806226778015212
FR008152,0.3177635371685028,0.7716005587373579
FR013589,0.1634400635957718,0.3236568923918232
FR003803,0.25128671526908875,0.5560033261675503
FR015947,0.2483135610818863,0.5472517036469355
FR002437,0.22671575844287872,0.48569758853946454
FR015990,0.3330502212047577,0.8272561279198719
FR016811,0.2369091510772705,0.5143147627132335
FR001417,0.3136482536792755,0.7570412254772017
FR004718,0.23588789999485016,0.5114132625006885
FR013133,0.2989186942577362,0.7063307098843409
FR018795,0.2976723313331604,0.7021373729824171
FR015724,0.27827343344688416,0.638737558607121
FR008391,0.25316208600997925,0.5615594080685405
FR007304,0.29165127873420715,0.6820876245356683
FR004035,0.6539335250854492,3.1303829750416847
FR018258,0.3473990261554718,0.8818694105035273
FR011587,0.5230956077575684,1.8170762435919046
FR015115,0.31292372941970825,0.7544960095143086
FR001437,0.16925238072872162,0.33751189252458647
FR015187,0.4290691912174225,1.244993980873111
FR012804,0.3727809190750122,0.9845954223183657
FR001276,0.269876629114151,0.612339712643108
FR009109,0.24431006610393524,0.5355760195815374
FR015686,0.2700488269329071,0.6128749679527972
FR009625,0.3256080448627472,0.7998455721095421
FR007332,0.2743569612503052,0.6263489445975685
FR012275,0.29469582438468933,0.6921829963886911
FR016442,0.34052833914756775,0.8554222099209838
FR006380,0.2977350950241089,0.702348182944901
FR010898,0.42768359184265137,1.2379690605696465
FR006820,0.40642666816711426,1.1343085760055225
FR006449,0.2747809886932373,0.6276837721131944
FR019181,0.2362619936466217,0.5124752080707594
FR006351,0.36788567900657654,0.9641412220969764
FR016958,0.2141904979944229,0.4515504962260676
FR002865,0.38665640354156494,1.0443468735332684
FR018884,0.26713553071022034,0.6038532225400729
FR014974,0.2741997539997101,0.6258544565173455
FR010568,0.26523488759994507,0.5980059709458186
FR004676,0.2161707878112793,0.45687664670768957
FR010960,0.2994639575481415,0.708169917632619
FR010444,0.37384381890296936,0.989078887508539
FR013966,0.24627704918384552,0.5412969760928066
FR003510,0.2603965401649475,0.5832566172891611
FR010895,0.2701062858104706,0.6130536278595088
FR016492,0.33286526799201965,0.8265675095644179
FR015500,0.27636656165122986,0.6326889765656432
FR017995,0.31871187686920166,0.7749805967641459
FR017056,0.4523096978664398,1.3681201764596231
FR013542,0.25985950231552124,0.5816313859341399
FR018577,0.44191768765449524,1.3117966738301288
FR002583,0.24605906009674072,0.540661485559256
FR013712,0.3672117292881012,0.961349984249091
FR014811,0.33809059858322144,0.8461706237939242
FR006589,0.3177013695240021,0.771379311230652
FR000840,0.30517804622650146,0.7276175330977194
FR016157,0.45307621359825134,1.3723593637958842
FR015042,0.20641487836837769,0.43089443017576357
FR004652,0.2433464527130127,0.532784211782412
FR017225,0.21640141308307648,0.4574986822572667
FR000150,0.581809401512146,2.304782082343086
FR004132,0.14041374623775482,0.2706098272257911
FR004546,0.3124130666255951,0.7527053003678709
FR002404,0.250095933675766,0.552489872227079
FR018459,0.36733895540237427,0.9618764500295284
FR015627,0.25777342915534973,0.5753406382071639
FR012896,0.3285446763038635,0.810589011575051
FR004323,0.29890722036361694,0.7062920384432906
FR005384,0.2677324712276459,0.6056959496016223
FR006678,0.28382182121276855,0.6565202064689398
FR018325,0.25737419724464417,0.5741407463276001
FR016370,0.32896825671195984,0.8121464076548343
FR017312,0.25008425116539,0.5524554577328034
FR012834,0.4858410954475403,1.5653818175134775
FR008195,0.2678880989551544,0.6061768588532396
FR004879,0.7083654403686523,4.023849937106785
FR003062,0.3442254066467285,0.8695843881199233
FR011390,0.24192650616168976,0.528683237815405
FR012667,0.23316261172294617,0.5037082119877613
FR016199,0.2503824532032013,0.5533342410186478
FR004422,0.3121528923511505,0.7517939859925086
FR001447,0.2120843529701233,0.4459152269843906
FR013019,0.26454171538352966,0.5958809756417476
FR012024,0.640978991985321,2.957653770428454
FR010974,0.28946375846862793,0.674887464727385
FR019910,0.75266432762146,5.041246979775477
FR014160,0.25184592604637146,0.5576571618115421
FR006886,0.39240390062332153,1.0698964288739552
FR013303,0.3959182798862457,1.085758553433249
FR001594,0.2756820321083069,0.6305254227121786
FR014573,0.29165029525756836,0.6820843774584538
FR001296,0.17319725453853607,0.34702638220146065
FR006501,0.34597182273864746,0.8763299802414154
FR013952,0.2880820631980896,0.6703624551704934
FR001175,0.31153419613838196,0.7496296406009921
FR013759,0.25293686985969543,0.5608906958331991
FR000802,0.614352822303772,2.6390711535552107
FR015024,0.1789562702178955,0.3610804958577919
FR002029,0.22534435987472534,0.48190496930043447
FR002914,0.18563999235630035,0.3776404473177425
FR008274,0.5992732644081116,2.477421963702316
FR011671,0.29288196563720703,0.6861579763674867
FR018241,0.2798849642276764,0.6438742968266371
FR011000,0.31948715448379517,0.7777508119022158
FR009933,0.26548314094543457,0.5987679941803397
FR012352,0.30957597494125366,0.7428048885516609
FR013967,0.24036112427711487,0.5241799966170864
FR015933,0.3093113303184509,0.7418855229586141
FR019188,0.35432329773902893,0.9090923275011437
FR002565,0.2793383002281189,0.6421292360659281
FR013840,0.21754300594329834,0.46058315205567985
FR001821,0.5941647291183472,2.4253838327117725
FR002962,0.29865550994873047,0.7054439957806795
FR009977,0.3071567714214325,0.7344268002594634
FR000262,0.3111993074417114,0.7484597427593058
FR001451,0.25594839453697205,0.569866005968981
FR012803,0.46186667680740356,1.421838084489688
FR004113,0.3311019539833069,0.8200214556403554
FR012109,0.2863375246524811,0.6646741724744928
FR004159,0.30783259868621826,0.7367614029908071
FR002280,0.2464553862810135,0.5418171449928556
FR008161,0.26987800002098083,0.6123439729379311
FR018745,0.24432164430618286,0.5356096075634253
FR014413,0.2483982890844345,0.5475001461476888
FR012911,0.2715853750705719,0.6176623391455591
FR010496,0.29372724890708923,0.6889618685390069
FR015812,0.2807324230670929,0.6465847983184514
FR005400,0.2655363976955414,0.5989315349409912
FR011799,0.27149850130081177,0.617391130855602
FR002626,0.2458374798297882,0.5400159023766268
FR016495,0.5828111171722412,2.3142938420573334
FR017118,0.35844677686691284,0.9255830389488098
FR006036,0.36218738555908203,0.9407270138957253
FR018921,0.1829843819141388,0.37102832360527277
FR005923,0.2662985026836395,0.6012744067122723
FR004681,0.276211678981781,0.6321990894397289
FR015861,0.47231099009513855,1.4827686704186291
FR015153,0.2525038421154022,0.5596060812317123
FR013593,0.23968437314033508,0.5222388814892616
FR003221,0.2844759225845337,0.6586347816107007
FR007238,0.25691965222358704,0.572776180491855
FR016938,0.26742035150527954,0.6047320762238015
FR011918,0.8659966588020325,10.705919873262404
FR009969,0.5629634261131287,2.133957655899754
FR001621,0.2442229837179184,0.5353234294369854
FR004217,0.16673468053340912,0.331486643505733
FR014977,0.2704453468322754,0.6141084611082565
FR006108,0.2354855090379715,0.5102721490810743
FR015571,0.3137374222278595,0.7573548413510406
FR018804,0.3258622884750366,0.8007720017601568
FR002765,0.2473774254322052,0.5445104562793092
FR008982,0.26528656482696533,0.5981645537496074
FR017514,0.3051903247833252,0.7276596669661037
FR005637,0.2505643367767334,0.5538705842175362
FR005225,0.26148125529289246,0.586546486549799
FR011956,0.2651565968990326,0.5977657614047545
FR001288,0.2412140965461731,0.5266314964893476
FR006258,0.32445693016052246,0.7956597903980036
FR001459,0.27934378385543823,0.6421467277551257
FR008525,0.5229726433753967,1.8161808208438865
FR003100,0.2228001207113266,0.47490429422624575
FR019836,0.33027803897857666,0.8169746037465923
FR014597,0.2697906792163849,0.6120726426216493
FR017365,0.27014657855033875,0.6131789289721649
FR003032,0.30172231793403625,0.7158180958683574
FR016312,0.26103639602661133,0.5851960895357597
FR004998,0.3116675913333893,0.7500959594753682
FR016142,0.2144496887922287,0.4522460836104613
FR019448,0.2478872835636139,0.546002606601439
FR003768,0.24814902245998383,0.5467693975290293
FR015842,0.3145701289176941,0.7602875040049796
FR009862,0.28678032755851746,0.6661153506809768
FR000869,0.29669350385665894,0.6988545675437396
FR016342,0.20685264468193054,0.43204660489322505
FR011932,0.5717817544937134,2.2120173267830134
FR014033,0.7880298495292664,6.158732758847294
FR005042,0.3815016448497772,1.0218361551693076
FR007716,0.2681807577610016,0.6070817653459044
FR018664,0.2365964949131012,0.5134256434908394
FR017439,0.29134100675582886,0.6810636679653913
FR002301,0.25631463527679443,0.5709624785069255
FR002022,0.3051658868789673,0.7275758097635152
FR019462,0.3254733085632324,0.7993548942137845
FR009378,0.32652026414871216,0.8031728244196136
FR001309,0.21465815603733063,0.4528058779255165
FR009044,0.36764493584632874,0.9631434744185561
FR000922,0.24891114234924316,0.5490051494210743
FR010016,0.627962589263916,2.7962149776874345
FR016183,0.24388857185840607,0.5343539790523394
FR012438,0.25940707325935364,0.580264034469134
FR012025,0.24596084654331207,0.5403752895327335
FR016023,0.22564545273780823,0.4827364943186409
FR014108,0.30588722229003906,0.7300535140977953
FR018430,0.23087254166603088,0.4972758485898887
FR003265,0.3543127477169037,0.9090504057475208
FR008102,0.24292470514774323,0.531564548817679
FR016624,0.3412449061870575,0.8581547094956578
FR003734,0.25008997321128845,0.552472313677656
FR010617,0.36507299542427063,0.9525314191365041
FR010795,0.6531220078468323,3.1191838299000922
FR018359,0.3305966258049011,0.8181518539537692
FR008775,0.3708818256855011,0.9766224872337679
FR012957,0.4821265637874603,1.5422714704770382
FR002936,0.25986191630363464,0.5816386860811736
FR014712,0.2795378863811493,0.6427660480344041
FR017451,0.31187161803245544,0.750809539548653
FR014700,0.25709086656570435,0.5732899780872086
FR010504,0.26541557908058167,0.5985605594143133
FR008659,0.29978814721107483,0.7092647877929197
FR001740,0.2676123380661011,0.6053248627984472
FR013814,0.36439311504364014,0.949740524015122
FR017546,0.3220120072364807,0.7868165073392772
FR019632,0.31869015097618103,0.7749030568080271
FR009333,0.1930084079504013,0.3962147305920184
FR007899,0.2551742494106293,0.567551874424968
FR005528,0.6434454917907715,2.989573462343201
FR009067,0.2971513271331787,0.7003888835316903
FR006872,0.421240895986557,1.2057467264722612
FR016415,0.32285577058792114,0.789861181861035
FR019576,0.2853023409843445,0.6613119566384855
FR015200,0.19721437990665436,0.4069699971277383
FR006658,0.25590765476226807,0.5697441036051052
FR006491,0.2835164964199066,0.6555344759780657
FR004494,0.25561022758483887,0.5688545403923178
FR008070,0.24579235911369324,0.5398844878092791
FR000121,0.2735893428325653,0.6239364655774374
FR006950,0.2740724980831146,0.6254543358157928
FR004728,0.31646817922592163,0.7669988457553955
FR019626,0.2352658212184906,0.5096496579688179
FR015925,0.3158808648586273,0.7649181741092065
FR001739,0.31044650077819824,0.7458340415020592
FR016504,0.31397056579589844,0.7581752189084372
FR009371,0.3089105188846588,0.7404944596781535
FR000567,0.29512858390808105,0.6936250575447449
FR009837,0.29590854048728943,0.6962285411625653
FR018173,0.2741236388683319,0.6256151168758609
FR002796,0.35719624161720276,0.9205595177562076
FR015619,0.42979398369789124,1.2486822432104328
FR013450,0.3769109845161438,1.0021023918366323
FR009422,0.24971868097782135,0.551379097699646
FR000603,0.23668289184570312,0.5136712628404989
FR006260,0.32682710886001587,0.8042940445596254
FR006433,0.20879784226417542,0.43718166790279245
FR000807,0.49226343631744385,1.6061368224957493
FR008377,0.25135108828544617,0.5561935800474328
FR018592,0.24221453070640564,0.5295138442917662
FR006400,0.2855921685695648,0.6622523175134984
FR015877,0.28145331144332886,0.6488955109918096
FR018063,0.2686319351196289,0.6084782329949817
FR006352,0.2983783483505249,0.704510908897936
FR001350,0.266122043132782,0.600731499863643
FR018198,0.3079458773136139,0.7371531630669927
FR004709,0.2982122600078583,0.7039521122514085
FR006870,0.3086421489715576,0.7395639518243537
FR014494,0.222966730594635,0.4753613317111384
FR018025,0.26349306106567383,0.5926738139088815
FR012603,0.31893035769462585,0.7757606322971276
FR017266,0.29276472330093384,0.6857696006803882
FR014360,0.39714810252189636,1.0913530312411763
FR005822,0.5511401891708374,2.034111514182365
FR006452,0.4452483355998993,1.329618625292814
FR013216,0.2353838086128235,0.5099839338314966
FR011164,0.22948868572711945,0.493407398975613
FR015123,0.2748023271560669,0.6277509862998675
FR004511,0.231833353638649,0.4999699134235062
FR001464,0.2912556231021881,0.6807820429653358
FR013974,0.290092796087265,0.6769533785439289
FR015828,0.24082203209400177,0.5255039926832132
FR012505,0.26328331232070923,0.5920334226136386
FR005742,0.591311514377594,2.3968857483539465
FR013665,0.4718659222126007,1.4801230507282774
FR010189,0.2276022583246231,0.48815638130150013
FR000962,0.26256898045539856,0.589855203754916
FR008374,0.20420052111148834,0.42508579739111213
FR017507,0.23695267736911774,0.5144385988373208
FR011720,0.6749980449676514,3.4406455992685174
FR018549,0.28427839279174805,0.6579958010787247
FR002181,0.25358885526657104,0.5628276790424457
FR009522,0.4509944021701813,1.3608735650293875
FR012492,0.1892365962266922,0.38666457915630215
FR018358,0.25297021865844727,0.5609896897197387
FR006152,0.5048453211784363,1.6890435512002566
FR012710,0.24140173196792603,0.5271715131092447
FR016590,0.35031720995903015,0.8932715660670046
FR011713,0.23586976528167725,0.5113618096277308
FR005509,0.1955340951681137,0.4026597809247537
FR012370,0.2619149088859558,0.5878644349056802
FR016511,0.26366961002349854,0.5932131245501535
FR014542,0.3050377070903778,0.7271360651011041
FR002186,0.8254402875900269,7.8336658662316605
FR005846,0.2587301433086395,0.5782213032366452
FR001511,0.26605337858200073,0.6005203126289098
FR018197,0.3845624327659607,1.035157071046825
FR006450,0.25893449783325195,0.5788375784779405
FR018514,0.27263888716697693,0.6209564195113705
FR009818,0.25118288397789,0.5556965226374843
FR019723,0.5087223052978516,1.7154463209125919
FR004999,0.25484636425971985,0.5665731855748394
FR015613,0.2717944383621216,0.6183152720189179
FR003192,0.4671913683414459,1.4526030700092873
FR011879,0.2140590101480484,0.4511977992014199
FR016859,0.24241381883621216,0.5300889219734591
FR004391,0.29971563816070557,0.7090198184538355
FR019320,0.5522572994232178,2.0433198298841133
FR013374,0.7361987233161926,4.623188128384116
FR004906,0.34668418765068054,0.8790918696859582
FR013722,0.2739681303501129,0.6251262853077844
FR003498,0.2761150002479553,0.6318934050897855
FR006619,0.28063032031059265,0.6462578958096041
FR004049,0.20201095938682556,0.41937390503100314
FR013155,0.42663219571113586,1.2326611906133558
FR019459,0.25998857617378235,0.5820217852963304
FR009958,0.2480461746454239,0.5464680306467499
FR003594,0.27695807814598083,0.6345618488105808
FR018192,0.30778858065605164,0.7366092066882672
FR003009,0.5447405576705933,1.9822304730774023
FR003407,0.2571541368961334,0.5734799061309714
FR013382,0.21724680066108704,0.45978197063399107
FR002772,0.7384788990020752,4.677941148667283
FR002947,0.28551173210144043,0.6619912606693628
FR003373,0.2474844753742218,0.5448235808379522
FR016377,0.483089417219162,1.5482300744710384
FR001550,0.3268357217311859,0.8043255310075965
FR016299,0.3181818425655365,0.7730903086805277
FR004413,0.33683454990386963,0.8414302844886159
FR010738,0.3852628767490387,1.038224138766369
FR012725,0.37576889991760254,0.9972380265888142
FR004411,0.2772272825241089,0.6354152245432187
FR004633,0.26662927865982056,0.602292797322236
FR012859,0.2597680389881134,0.5813548265524248
FR007104,0.28843897581100464,0.671529649605756
FR015806,0.2761983573436737,0.6321569634715523
FR003759,0.33023306727409363,0.8168085133564678
FR016631,0.3151242733001709,0.7622430657501164
FR002182,0.29500871896743774,0.6932254608119887
FR018842,0.31227076053619385,0.7522067583358575
FR006003,0.2873518466949463,0.6679781055112428
FR004643,0.2793568968772888,0.6421885567869513
FR019653,0.2814459502696991,0.6488718922897742
FR016368,0.2827408015727997,0.6530339464715007
FR012596,0.21673451364040375,0.4583977576764527
FR011763,0.2559341788291931,0.5698234679292021
FR007908,0.27227452397346497,0.6198160640631905
FR012098,0.3503721356391907,0.8934871581634256
FR008997,0.36601313948631287,0.9564005529566546
FR002939,0.283843070268631,0.6565888395909261
FR005746,0.21417053043842316,0.4514969285601989
FR009026,0.3765571117401123,1.000593271811483
FR017139,0.3602728843688965,0.93295396899453
FR012548,0.24659164249897003,0.5422147394543694
FR019327,0.2507089376449585,0.5542971729612644
FR014632,0.30050837993621826,0.7117008270111345
FR004131,0.2026212066411972,0.4209626991561992
FR017888,0.2441069334745407,0.5349869059250482
FR019815,0.24414104223251343,0.5350858040775336
FR005874,0.3417837619781494,0.8602134583734815
FR002651,0.4134010374546051,1.1674913483336942
FR013370,0.27309542894363403,0.6223868819071465
FR007758,0.32578468322753906,0.8004891445519355
FR017316,0.2938464283943176,0.6893577391859632
FR005090,0.33302736282348633,0.8271710008428128
FR018249,0.26146650314331055,0.5865016794343828
FR010063,0.2491426169872284,0.5496851010806466
FR015752,0.628456175327301,2.8021304527439224
FR001231,0.5543767809867859,2.0609175625791196
FR011254,0.40586623549461365,1.131675955674847
FR002972,0.18193413317203522,0.3684251871255087
FR019366,0.2347695529460907,0.5082447846399251
FR017906,0.32747626304626465,0.8066694460542099
FR016531,0.25899508595466614,0.5790203603839216
FR007587,0.2733297049999237,0.6231216266658708
FR004439,0.4090670943260193,1.1467791048521732
FR016546,0.30014002323150635,0.7104543097279846
FR018394,0.24008844792842865,0.523397467258504
FR005768,0.23894964158535004,0.5201353705255084
FR017928,0.49795952439308167,1.6431556725242036
FR019865,0.6893189549446106,3.6756052474418923
FR015248,0.30596330761909485,0.7303151587435552
FR001354,0.4258086681365967,1.2285172682535352
FR016449,0.6051151752471924,2.5385808489395227
FR014209,0.2894164025783539,0.6747320844143143
FR011597,0.3590850830078125,0.928154733300647
FR013997,0.2830199897289276,0.6539333140255444
FR004197,0.31186386942863464,0.7507824312024235
FR019323,0.3205433189868927,0.7815348618961487
FR013812,0.26262280344963074,0.590019179702328
FR002632,0.28425073623657227,0.6579063642388877
FR004856,0.2201603502035141,0.46768904171154424
FR003191,0.25390470027923584,0.5637672400903084
FR012564,0.3013865351676941,0.7146778022636948
FR008183,0.30794814229011536,0.7371609975149693
FR005886,0.5172272324562073,1.7748514832425868
FR018275,0.2950289845466614,0.6932930111323389
FR007852,0.3309633731842041,0.81950845649787
FR000584,0.29459747672080994,0.6918555245308203
FR009235,0.32412877678871155,0.7944691427140149
FR017484,0.3193538188934326,0.7772739290044276
FR004346,0.30524542927742004,0.7278487763800968
FR008589,0.2036803960800171,0.42372610678663436
FR008352,0.7283903360366821,4.442652619971925
FR001681,0.27370449900627136,0.6242980544560343
FR010983,0.23849523067474365,0.5188364393893511
FR009607,0.3654761016368866,0.9541889861987829
FR011367,0.3814660906791687,1.0216821937560974
FR018330,0.16254031658172607,0.3215293273649244
FR010940,0.22111286222934723,0.4702868914180224
FR001223,0.31127288937568665,0.7487166958488451
FR014063,0.2843707799911499,0.6582946165008224
FR009430,0.30379122495651245,0.7228682192677246
FR019977,0.2577727437019348,0.5753385769700786
FR014846,0.27319568395614624,0.6227012472036725
FR013825,0.25831297039985657,0.5769642824122844
FR001145,0.3117087781429291,0.750239975593988
FR013102,0.30611908435821533,0.7308510277431365
FR016867,0.25441858172416687,0.5652976118962817
FR018505,0.3894156515598297,1.0565526281769517
FR017943,0.2872311472892761,0.6675844605890758
FR007131,0.30200302600860596,0.7167722018160367
FR000545,0.5523885488510132,2.044404733396255
FR014106,0.20409159362316132,0.42480089627748124
FR006101,0.2737196683883667,0.6243456946644635
FR015128,0.2638354003429413,0.5937198058931878
FR010363,0.2618599534034729,0.5876973299907792
FR014426,0.3938868045806885,1.0765670720078715
FR002714,0.3589532971382141,0.9276233569823209
FR015456,0.3098798990249634,0.7438615793918102
FR019998,0.5108060240745544,1.7298096250864146
FR014881,0.2815644443035126,0.6492521452681632
FR005682,0.2753964066505432,0.6296238711492104
FR008347,0.3447868824005127,0.8717491854108926
FR000947,0.19026030600070953,0.3892477949221236
FR008520,0.2608138620853424,0.5845211843013642
FR005560,0.2770138382911682,0.6347385558424226
FR007350,0.6581071019172668,3.1888192068800585
FR001187,0.2974696755409241,0.7014569522044167
FR012932,0.7908669114112854,6.264754455163107
FR014717,0.259561151266098,0.5807295083259918
FR008701,0.2898366451263428,0.6761116742418662
FR008687,0.3140028417110443,0.7582888342289764
FR017750,0.3395332992076874,0.8516376372530131
FR008184,0.24982666969299316,0.5516969431649809
FR009962,0.28309521079063416,0.654175748473235
FR015691,0.2721903622150421,0.6195528234953663
FR010388,0.8145990967750549,7.278727789800607
FR015389,0.7644814848899841,5.3773129995724585
FR001943,0.3283904492855072,0.8100224463992964
FR017478,0.385651558637619,1.0399290960491556
FR010894,0.2849312424659729,0.6601090208197405
FR000284,0.2619265913963318,0.5878999615005085
FR008737,0.34682950377464294,0.8796560104412047
FR012139,0.32889795303344727,0.811887783061932
FR004973,0.23385144770145416,0.505650541715808
FR010167,0.6071562767028809,2.5603778993638446
FR018409,0.3164442479610443,0.7669139948709613
FR005523,0.3467807471752167,0.879466701436969
FR001038,0.5248449444770813,1.8298650535838374
FR015522,0.3133089244365692,0.7558485108621997
FR008271,0.3829127252101898,1.027960928305376
FR017125,0.3713914453983307,0.9787572867692821
FR018429,0.3304966688156128,0.8177823697070513
FR008640,0.24296684563159943,0.5316863548909667
FR002237,0.3238675594329834,0.7935221869352178
FR001188,0.33585676550865173,0.8377525289664227
FR006232,0.2349451631307602,0.5087417067174362
FR006047,0.4861562252044678,1.5673578057405027
FR019907,0.2646687626838684,0.5962701531923799
FR018149,0.7761067748069763,5.742538577250412
FR008590,0.22948500514030457,0.49339712874134584
FR017434,0.800666093826294,6.654166439354421
FR001882,0.18103496730327606,0.36620182818572433
FR004641,0.31070277094841003,0.7467272378883028
FR003245,0.34812480211257935,0.8846956814971779
FR019346,0.25569459795951843,0.5691068081857864
FR019538,0.5353097319602966,1.908380459611705
FR011380,0.21565231680870056,0.4554795778619102
FR006376,0.3301377296447754,0.8164564842861738
FR008441,0.5633624792098999,2.1374219539498402
FR003220,0.27111881971359253,0.6162065744399359
FR002981,0.23304490745067596,0.5033766670425409
FR001942,0.24542446434497833,0.5388135768497403
FR003150,0.2453148514032364,0.5384947046129017
FR002116,0.6557304859161377,3.1553693880458615
FR004957,0.22664259374141693,0.4854949110131016
FR005503,0.28920456767082214,0.6740372823178727
FR017921,0.2546413242816925,0.5659616090451335
FR008311,0.3416893184185028,0.8598523843436939
FR008164,0.3488750755786896,0.8876239723392537
FR009817,0.7134116888046265,4.123871714070954
FR012805,0.47145769000053406,1.4777003112289753
FR002579,0.31637805700302124,0.7666793386189472
FR016655,0.5326051712036133,1.8877517215606738
FR017157,0.2705610692501068,0.6144687029283684
FR006388,0.35115182399749756,0.8965514965118797
FR010806,0.21183717250823975,0.445255837730046
FR014383,0.2943207919597626,0.6909347266545507
FR008890,0.3496815860271454,0.8907792895476891
FR013441,0.25833860039711,0.5770414696676132
FR004548,0.3142063617706299,0.7590054970119274
FR014357,0.2908570468425751,0.679468296959442
FR012507,0.6920366883277893,3.7226614102588704
FR013581,0.3230564594268799,0.7905864740317585
FR004341,0.26900678873062134,0.60963977725074
FR016288,0.2516472339630127,0.5570692576296417
FR001071,0.3052053153514862,0.7277111091204435
FR009242,0.3169509172439575,0.7687117151620926
FR016087,0.3190309703350067,0.7761200149103081
FR007721,0.37440797686576843,0.9914647765758889
FR004892,0.6764307022094727,3.4632146045841634
FR008270,0.3063385784626007,0.7316064917441452
FR005696,0.2784804403781891,0.6393961066841958
FR004380,0.366616815328598,0.9588910177664034
FR003188,0.40863463282585144,1.1447289966228393
FR007203,0.2799168527126312,0.6439761730318496
FR013138,0.8204683065414429,7.570840233445846
FR017346,0.41410043835639954,1.1708625530326562
FR018729,0.2165471762418747,0.4578920191441391
FR005745,0.27437394857406616,0.6264023902599216
FR009918,0.2948090732097626,0.6925601983423333
FR014019,0.24480213224887848,0.5370043954114877
FR013653,0.6012212634086609,2.4976164038347455
FR012785,0.26798829436302185,0.6064865834699404
FR006561,0.2695339322090149,0.6112752331852336
FR017072,0.2983092963695526,0.7042785545326666
FR001671,0.4368816316127777,1.285249640112892
FR013139,0.29685190320014954,0.699385189653607
FR009444,0.3540174663066864,0.9078776258375192
FR002523,0.25383201241493225,0.5635509411502845
FR015631,0.43511590361595154,1.2760538688361696
FR000896,0.22908993065357208,0.4922952911865734
FR002389,0.34526726603507996,0.8736042753283142
FR009200,0.4114794135093689,1.1582701183988555
FR014706,0.5000202655792236,1.6567561988826933
FR019734,0.30171072483062744,0.7157787082632119
FR019742,0.2883244454860687,0.6711549789398553
FR000324,0.22743314504623413,0.4876868937938621
FR007098,0.331277072429657,0.8206700141380423
FR016672,0.3230324387550354,0.7904996403446738
FR018983,0.26762154698371887,0.6053533044891386
FR010409,0.31336578726768494,0.7560482968548268
FR017469,0.4451141953468323,1.3288967198900512
FR008079,0.33557194471359253,0.8366832638993146
FR001590,0.26740726828575134,0.6046916911786445
FR010512,0.33252766728401184,0.8253115376491953
FR008684,0.22817067801952362,0.48973591991676724
FR007577,0.3833700716495514,1.0299520486564964
FR005988,0.334199994802475,0.831545550206687
FR017140,0.3322922885417938,0.8244366123462535
FR014722,0.38125744462013245,1.0207790433424027
FR004716,0.712373673915863,4.1030104858187535
FR014975,0.2514180541038513,0.5563915316553628
FR010705,0.3474183976650238,0.8819447641582541
FR016822,0.36379575729370117,0.9472933055105738
FR017349,0.24783317744731903,0.545844163747617
FR011066,0.5827187299728394,2.313414670593924
FR011409,0.2460547238588333,0.5406488481121787
FR015944,0.27534282207489014,0.6294548153343744
FR015245,0.5281198024749756,1.8540613427202017
FR000574,0.30347901582717896,0.7218016346902735
FR005977,0.29021331667900085,0.6773496157240572
FR010805,0.2762652039527893,0.6323683628779787
FR008658,0.4058711528778076,1.1316990333777737
FR000642,0.24599100649356842,0.5404631682273324
FR011090,0.22531768679618835,0.48183133770427133
FR015443,0.2819749414920807,0.650570420728234
FR008430,0.24372556805610657,0.5338817465074175
FR011644,0.28449952602386475,0.6587111589475416
FR013869,0.28897762298583984,0.6732933806744075
FR010383,0.4152790606021881,1.1765619146527682
FR019046,0.34369170665740967,0.8675301153266236
FR001598,0.3666534125804901,0.9590421523696679
FR014352,0.29810160398483276,0.7035799619029253
FR008061,0.2565663456916809,0.571716689976669
FR007638,0.2516753375530243,0.5571523935623938
FR004203,0.33692997694015503,0.8417897966193519
FR013148,0.2885073721408844,0.6717534565932409
FR007986,0.20203161239624023,0.4194276359326921
FR005526,0.2759740352630615,0.6314478402320828
FR008792,0.30344972014427185,0.7217016023683888
FR013048,0.23549295961856842,0.510293266765979
FR001552,0.23304055631160736,0.5033644128689374
FR001411,0.30388548970222473,0.7231904392876504
FR001120,0.31983888149261475,0.7790096822056749
FR005148,0.3022059500217438,0.7174624035405861
FR016714,0.29548847675323486,0.6948256582983636
FR001147,0.3294287919998169,0.8138419098049678
FR003984,0.25130629539489746,0.5560611915938314
FR001788,0.24595332145690918,0.540353364373221
FR014598,0.7087340354919434,4.0310385360977365
FR012584,0.4292919337749481,1.2461264571448951
FR017716,0.27479544281959534,0.6277293008437485
FR004039,0.28530001640319824,0.6613044174955249
FR015220,0.31832751631736755,0.7736095393995881
FR008529,0.47747382521629333,1.5137875106182828
FR010164,0.3096067011356354,0.7429116758773038
FR011358,0.25727343559265137,0.5738381109559771
FR006543,0.6191909909248352,2.693647822858371
FR008512,0.31980058550834656,0.7788725534359131
FR019427,0.25625017285346985,0.5707694088991027
FR018161,0.3278651535511017,0.8080946818111092
FR007505,0.2775232493877411,0.6363541710762916
FR007362,0.25826558470726013,0.5768215897904688
FR011982,0.5058721899986267,1.6959963263103013
FR018515,0.4735229015350342,1.4899953159124695
FR011323,0.5242834687232971,1.8257500444055377
FR008103,0.3501904010772705,0.8927739600912544
FR009545,0.2853805720806122,0.6615657063966028
FR017245,0.302470862865448,0.7183640510726774
FR015931,0.46459081768989563,1.4375011679525338
FR009129,0.32863926887512207,0.8109366336707525
FR000406,0.30971604585647583,0.7432917750058514
FR013719,0.3269844055175781,0.8048692078342906
FR018721,0.2408667951822281,0.5256326640328612
FR006973,0.2735203206539154,0.6237197917850795
FR006999,0.6390547156333923,2.933054081927643
FR001900,0.5095201730728149,1.720931693447392
FR008223,0.3496776521205902,0.8907638799000184
FR006326,0.324447900056839,0.7956270107530852
FR011078,0.26871222257614136,0.6087269163920601
FR003124,0.24573184549808502,0.5397082659408743
FR004464,0.48996925354003906,1.5914605212556423
FR007099,0.37290331721305847,0.9851109410442174
FR010451,0.28157365322113037,0.6492817023748176
FR016364,0.2655603587627411,0.5990051222917882
FR002040,0.2847782373428345,0.6596134099212584
FR002457,0.24700585007667542,0.5434242771378657
FR014436,0.35595715045928955,0.9156012099136429
FR009576,0.27993470430374146,0.6440332086040716
FR010484,0.32081106305122375,0.7824960112412255
FR013894,0.3668572008609772,0.9598840504076298
FR019170,0.2775827944278717,0.6365431690006844
FR017761,0.29608747363090515,0.6968266309973231
FR005958,0.2578555643558502,0.5755876557445799
FR014030,0.265201210975647,0.5979026389085249
FR007563,0.1426478773355484,0.27563190418715067
FR008926,0.3019058406352997,0.7164417890929594
FR003210,0.2403966635465622,0.5242820289576934
FR008421,0.3202371299266815,0.7804366304957421
FR006540,0.27610263228416443,0.6318543052453353
FR002696,0.6667169332504272,3.3139933752074295
FR012187,0.3273848295211792,0.8063345927512846
FR000342,0.24025587737560272,0.5238778914266691
FR017684,0.33078432083129883,0.8188459541373939
FR012768,0.30986538529396057,0.7438110965283081
FR005692,0.30629196763038635,0.731446024648708
FR009297,0.3489615321159363,0.8879618428326406
FR004660,0.3840245008468628,1.0328063382145396
FR019729,0.28698205947875977,0.6667725154168715
FR013521,0.28822043538093567,0.6708148282382365
FR004465,0.3316913843154907,0.8222057888717598
FR003020,0.3236147463321686,0.7926063944609284
FR004727,0.7968697547912598,6.498844566106468
FR008941,0.22794610261917114,0.48911158634471635
FR016459,0.2035098820924759,0.4232807422720117
FR006038,0.25507280230522156,0.567248977722544
FR015002,0.2840561270713806,0.6572772249570349
FR006904,0.3936313986778259,1.0754158372695528
FR018984,0.23413485288619995,0.5064506815631559
FR009668,0.24353930354118347,0.5333423753255736
FR012420,0.21764662861824036,0.4608635757865882
FR007567,0.33906620740890503,0.8498650127118101
FR005312,0.6251543760299683,2.76285587020513
FR008073,0.2885448932647705,0.6718762517766963
FR001763,0.2738717794418335,0.6248235171405876
FR013709,0.2758747637271881,0.6311341649362905
FR018572,0.2605134844779968,0.5836108374804263
FR007082,0.6963596343994141,3.799246588994248
FR003982,0.29337871074676514,0.6878049186065026
FR005410,0.16403698921203613,0.32507092522049547
FR000083,0.24127182364463806,0.5267976072098162
FR013956,0.2514173686504364,0.5563895052690253
FR010586,0.2711785137653351,0.6163927302316438
FR019602,0.31842541694641113,0.773958615191041
FR001531,0.22313517332077026,0.47582359625953385
FR004524,0.36355528235435486,0.9463094394580036
FR014236,0.3563389778137207,0.9171270831802752
FR000481,0.269437700510025,0.6109764994635761
FR015871,0.22322607040405273,0.4760731322813179
FR008917,0.27123913168907166,0.6165817983248016
FR018095,0.24069705605506897,0.5251448297783758
FR006121,0.2656940817832947,0.5994158901362143
FR014363,0.3177659809589386,0.7716092567305162
FR001439,0.28584620356559753,0.6630771751373888
FR013797,0.27014023065567017,0.6131591875681165
FR008510,0.8272347450256348,7.93223844934493
FR009455,0.4827614724636078,1.5461981020972535
FR010416,0.25285351276397705,0.5606432940007812
FR003059,0.273579865694046,0.6239067125921504
FR002938,0.28839248418807983,0.6713775439270933
FR015587,0.34479987621307373,0.8717993276175644
FR017961,0.3276502192020416,0.807306770116807
FR015899,0.275608092546463,0.6302919708065776
FR008693,0.20618847012519836,0.43029903581828316
FR013948,0.2288709431886673,0.49168503545224435
FR013598,0.27140286564826965,0.6170926439274934
FR016759,0.29696375131607056,0.6997600137896255
FR015993,0.26735180616378784,0.6045205077218924
FR015365,0.6462153196334839,3.025949150726811
FR003282,0.34337788820266724,0.8663237510084644
FR014318,0.3517433702945709,0.8988813149843028
FR019242,0.3495210111141205,0.890150447214493
FR000591,0.26518014073371887,0.5978379926187584
FR009973,0.3789738416671753,1.0109338530437744
FR004917,0.26953554153442383,0.611280229710999
FR000316,0.3598799407482147,0.9313643338865676
FR010642,0.44824445247650146,1.3458343673674626
FR003907,0.22924038767814636,0.4927147730614017
FR013166,0.27500098943710327,0.6283769440218491
FR000362,0.28707051277160645,0.6670607793905823
FR008080,0.33336082100868225,0.8284134136809659
FR003098,0.8413898348808289,8.78799179785267
FR000813,0.31228312849998474,0.7522500789331944
FR019558,0.309091180562973,0.7411212675190183
FR011314,0.27506300806999207,0.6285724265345002
FR003819,0.2690944969654083,0.6099117273329159
FR001592,0.2844529151916504,0.65856033784408
FR007385,0.41479113698005676,1.1741997198908085
FR018496,0.2659171223640442,0.600101354945555
FR002120,0.2762508988380432,0.6323231203092965
FR003942,0.29719287157058716,0.7005282114968825
FR018975,0.2847810387611389,0.6596224823093758
FR000486,0.4123750627040863,1.1625605349773744
FR012231,0.2136506289243698,0.45010312802690067
FR001150,0.6354977488517761,2.8882660868787946
FR019303,0.21357090771198273,0.4498895669120426
FR019878,0.32382479310035706,0.7933672216597999
FR006066,0.37569984793663025,0.9969444910437518
FR015729,0.2975507974624634,0.701729273515697
FR019966,0.2899691164493561,0.6765468951744816
FR010349,0.26588162779808044,0.5999922425522359
FR008837,0.29192841053009033,0.6830029709233552
FR001278,0.24754245579242706,0.5449932126408888
FR003974,0.8600695729255676,10.182275028490839
FR009860,0.25266164541244507,0.5600740460844387
FR016067,0.7126679420471191,4.1089091532772315
FR017339,0.26330167055130005,0.5920894582137641
FR007009,0.32478398084640503,0.7968475886541525
FR009255,0.28601929545402527,0.6636395448087344
FR019923,0.2835931181907654,0.6557817677347779
FR010028,0.23817668855190277,0.5179268123034015
FR019495,0.2807466685771942,0.646630415561928
FR019758,0.2957400977611542,0.695665793600361
FR001510,0.24945509433746338,0.5506036616644276
FR004014,0.2873697280883789,0.668036434618185
FR019121,0.3043452203273773,0.7247631627824306
FR015315,0.2836361229419708,0.6559205859356488
FR006485,0.26686835289001465,0.6030294294065021
FR002724,0.16037781536579132,0.31643447098660576
FR014549,0.21978163719177246,0.4666579147419532
FR005542,0.1326403170824051,0.2533376394329373
FR007269,0.2520447075366974,0.558245643097925
FR002638,0.2737042307853699,0.6242972121126896
FR010858,0.32438981533050537,0.795416181771614
FR004739,0.404884397983551,1.1270757478812667
FR004836,0.776533305644989,5.756661353486459
FR000955,0.5307440757751465,1.8736945361092827
FR018242,0.29789504408836365,0.702885588435074
FR008411,0.8526045083999634,9.582676434582899
FR012002,0.23170559108257294,0.4996112856894152
FR009991,0.2386455237865448,0.5192658798329435
FR019319,0.3351191282272339,0.8349852007824428
FR019901,0.31068673729896545,0.7466713352099178
FR014870,0.28739094734191895,0.668105655623017
FR000399,0.23055365681648254,0.49638319978233036
FR008287,0.2602265775203705,0.5827420061049629
FR005772,0.7020761370658875,3.9039326872476607
FR014570,0.2856830656528473,0.6625473950807294
FR002171,0.3901281952857971,1.0597225656544549
FR001202,0.269253134727478,0.6104037688865519
FR009231,0.3229614198207855,0.7902429460156724
FR001408,0.3465975821018219,0.8787557722411243
FR019784,0.1960962563753128,0.40409981437035625
FR008564,0.23537735641002655,0.5099656511133968
FR015497,0.32393312454223633,0.7937598024298207
FR006705,0.27621275186538696,0.6322024822026256
FR000101,0.23921112716197968,0.5208835289849563
FR002675,0.2927933633327484,0.685864461451955
FR016319,0.4056958854198456,1.1308767238721564
FR011867,0.32254117727279663,0.788725102148876
FR002634,0.26430994272232056,0.5951713444844526
FR018678,0.21812772750854492,0.4621664994869431
FR019915,0.2682284116744995,0.6072291806604055
FR000870,0.20676255226135254,0.4318093831101734
FR001297,0.21980485320091248,0.4667210964778009
FR014132,0.3159869611263275,0.7652937756690521
FR003722,0.2690609395503998,0.6098076707654027
FR010947,0.3053106665611267,0.7280726986180921
FR014490,0.2699853181838989,0.612677529585056
FR017362,0.3095601499080658,0.7427498931619595
FR018900,0.28773725032806396,0.6692359408951066
FR011356,0.2982533574104309,0.7040903579582686
FR019831,0.2520490288734436,0.5582584396432709
FR006348,0.2663465738296509,0.6014223507678043
FR004811,0.2538505792617798,0.5636061869335581
FR009909,0.23329176008701324,0.5040721093424243
FR000065,0.450714111328125,1.3593337906362888
FR017463,0.719880223274231,4.257355049863148
FR016851,0.22282366454601288,0.47496886683113243
FR012368,0.28662508726119995,0.6656098907670638
FR005445,0.2717816233634949,0.6182752382629462
FR002682,0.2642492651939392,0.5949856385894127
FR003978,0.5645592212677002,2.1478493003893786
FR009648,0.2541307806968689,0.5644402622394653
FR014192,0.2255723476409912,0.48253454129908313
FR014818,0.39273712038993835,1.071392535145235
FR007296,0.3110634386539459,0.7479854240104785
FR011465,0.7311925292015076,4.506234727010176
FR009086,0.2087382823228836,0.43702406288409507
FR019652,0.3158569931983948,0.7648336798128307
FR005271,0.5418295860290527,1.9591111363547982
FR019377,0.2922801673412323,0.6841658307829126
FR013883,0.2848379611968994,0.659806840909416
FR012751,0.3301442265510559,0.8164804705816552
FR016155,0.30181822180747986,0.7161439797464393
FR015888,0.3018244206905365,0.7161650467941405
FR006768,0.3781774342060089,1.0075173457879805
FR007497,0.5683250427246094,2.181038530043722
FR019192,0.2637244760990143,0.5933807786613632
FR011036,0.24525216221809387,0.5383123787226011
FR010754,0.229124516248703,0.4923917030995779
FR018750,0.3710067570209503,0.9771455051548851
FR011615,0.3936789035797119,1.075629890822375
FR004708,0.23719654977321625,0.5151326986661448
FR002668,0.25195538997650146,0.5579811848519889
FR011576,0.2968091666698456,0.6992420029626341
FR018539,0.23431609570980072,0.5069626962219901
FR010513,0.2722581624984741,0.6197648839867395
FR015349,0.3922835886478424,1.0693566494626048
FR013558,0.2295949012041092,0.49370382275097
FR004062,0.22746184468269348,0.48776655443266
FR009932,0.4394933581352234,1.2989575310869959
FR003558,0.2393125593662262,0.5211738836878355
FR014728,0.2843078076839447,0.658090931682352
FR015151,0.3052104711532593,0.727728802461902
FR010570,0.47888481616973877,1.5223718296734758
FR011097,0.34526732563972473,0.8736045056715346
FR018180,0.2913350760936737,0.6810441043847998
FR016660,0.4183671474456787,1.191604252162803
FR000375,0.35956835746765137,0.9301052248912467
FR000606,0.76943039894104,5.5282884062079525
FR006177,0.3366980254650116,0.840916121729659
FR017767,0.47258707880973816,1.4844120702547845
FR001487,0.37935277819633484,1.0125625307923214
FR018873,0.26290082931518555,0.590866588513356
FR009021,0.2680283486843109,0.6066104233403772
FR005391,0.24628940224647522,0.5413329992423543
FR005784,0.38761934638023376,1.0485940334104722
FR016740,0.34347018599510193,0.866678437588429
FR003744,0.27850088477134705,0.6394611666321762
FR019571,0.2651066780090332,0.5976126282539836
FR001650,0.2937184274196625,0.6889325720961154
FR004923,0.272975891828537,0.62201216787433
FR009126,0.33890461921691895,0.8492523648233905
FR018472,0.35863471031188965,0.9263396790076576
FR005932,0.2774549424648285,0.6361374010100437
FR004230,0.23052270710468292,0.49629660218149774
FR019517,0.24861696362495422,0.5481416104251544
FR009669,0.2811894118785858,0.6480490779365189
FR009050,0.7421755790710449,4.768765954546517
FR005433,0.2315722405910492,0.49923709988972026
FR004024,0.2897094488143921,0.675693936588734
FR009405,0.2517647445201874,0.5574169184487365
FR018933,0.3159944415092468,0.7653202620863863
FR010663,0.2465178221464157,0.541999314456954
FR008197,0.2269207388162613,0.48626562013919755
FR002685,0.40898722410202026,1.146400249646916
FR009449,0.2661227881908417,0.600733791608529
FR009352,0.2472011297941208,0.5439949799026941
FR003924,0.4366360306739807,1.2839671185950947
FR009059,0.7460552453994751,4.866930458713814
FR009528,0.25210076570510864,0.5584116566626687
FR010644,0.2124147117137909,0.4467971524537727
FR010574,0.7695744633674622,5.5327804863733565
FR005928,0.3082062900066376,0.738054254537844
FR017710,0.31658780574798584,0.7674230836070376
FR006255,0.3455969989299774,0.8748791759651314
FR001215,0.43950000405311584,1.2989925757585232
FR019777,0.2852252721786499,0.661062031190156
FR019798,0.31108635663986206,0.7480654177185497
FR004940,0.40137165784835815,1.1107410611033883
FR010989,0.4161190092563629,1.1806376235268206
FR010662,0.2770802676677704,0.6349491098501487
FR002698,0.2632145881652832,0.5918236777738632
FR009866,0.31258004903793335,0.7532905543572352
FR014324,0.2520672082901001,0.5583122750052909
FR018327,0.2725902199745178,0.6208040386310929
FR002913,0.28647127747535706,0.6651093054875523
FR015526,0.3777054250240326,1.0054966015320441
FR008385,0.2068009227514267,0.43191040961696675
FR008850,0.35921069979667664,0.9286614386107768
FR000011,0.2062825709581375,0.4305464551031741
FR004950,0.61357581615448,2.6304335473685505
FR003550,0.2649442255496979,0.5971144266801922
FR014307,0.2659766972064972,0.6002845152513517
FR014066,0.28694531321525574,0.6666527825757085
FR012079,0.24344146251678467,0.5330591608248398
FR005144,0.4799532890319824,1.528903297831727
FR007639,0.7421526908874512,4.7681955958428714
FR016146,0.31534236669540405,0.7630135800161737
FR013248,0.2309054434299469,0.4973679920522809
FR018924,0.790800154209137,6.262226685981959
FR001829,0.24706995487213135,0.5436115900380976
FR000579,0.23907685279846191,0.5204992810393877
FR015529,0.2742411196231842,0.6259845493901488
FR018753,0.8345690965652466,8.357358975402914
FR017320,0.30001169443130493,0.7100203538346437
FR001554,0.2881670594215393,0.6706403081206262
FR008188,0.2937203645706177,0.6889390053739073
FR006220,0.36099734902381897,0.9358898819961982
FR014821,0.26848652958869934,0.6080279909949017
FR015727,0.27953535318374634,0.6427579632468802
FR001753,0.272379994392395,0.6201460396882303
FR019837,0.27904465794563293,0.641192963744729
FR001845,0.35468804836273193,0.9105425499303846
FR003685,0.13809797167778015,0.265431704808975
FR012044,0.27343931794166565,0.6234655613171197
FR000108,0.33683907985687256,0.8414473483092787
FR004596,0.2564575970172882,0.5713907786806857
FR004211,0.2853944003582001,0.661610565465425
FR015787,0.312627911567688,0.7534583594058794
FR002463,0.36403176188468933,0.948259605251846
FR007002,0.2348891645669937,0.5085832234668961
FR015275,0.3559718132019043,0.9156597723278938
FR007198,0.6209846138954163,2.714234701375905
FR016817,0.23711545765399933,0.5149018482905507
FR003367,0.2996487319469452,0.7087938231026859
FR018032,0.34229403734207153,0.8621661228668825
FR006110,0.5689567923545837,2.186663118289319
FR011184,0.25285765528678894,0.5606555876041716
FR012920,0.2608422040939331,0.5846071179098692
FR001523,0.2741631865501404,0.6257394660158244
FR004516,0.27964726090431213,0.6431151748540193
FR019387,0.3041980266571045,0.7242593918508771
FR017219,0.29527103900909424,0.6941001404302527
FR014161,0.168170765042305,0.33491894879971223
FR016206,0.4623204171657562,1.4244359542672822
FR011539,0.26298537850379944,0.5911244169510891
FR006954,0.3120741844177246,0.7515184309352275
FR015750,0.7182139158248901,4.222383472462452
FR016033,0.28996917605400085,0.676547091035975
FR014744,0.30710849165916443,0.734260195153736
FR005290,0.21957458555698395,0.46609459562213373
FR019585,0.3001883029937744,0.7106176134814799
FR017392,0.28022968769073486,0.6449760858327699
FR011243,0.26353418827056885,0.5927994236036964
FR000598,0.2795118987560272,0.6426831103259255
FR007254,0.2129962146282196,0.4483513308887799
FR012069,0.26507750153541565,0.5975231349883802
FR008815,0.36175426840782166,0.9389644382788573
FR007636,0.27515774965286255,0.6288711162534311
FR009024,0.2864132523536682,0.6649205145151951
FR009776,0.261362761259079,0.5861866318644976
FR007346,0.29798421263694763,0.7031852880461734
FR006839,0.23802094161510468,0.5174823390626621
FR004015,0.25514209270477295,0.5674558532895809
FR017940,0.3692438006401062,0.9697841552957147
FR007529,0.3789319097995758,1.010753751060471
FR011208,0.25032326579093933,0.5531597637013492
FR015981,0.3139920234680176,0.7582507514483879
FR000694,0.30127784609794617,0.7143089369604988
FR003414,0.28498363494873047,0.6602787781720985
FR002005,0.257509708404541,0.5745478805859187
FR004418,0.30680081248283386,0.7331989927631885
FR006910,0.4665094017982483,1.4486285156036802
FR001326,0.3101591467857361,0.7448332957439777
FR013879,0.41990599036216736,1.1991598768923932
FR007875,0.25920626521110535,0.5796576785048088
FR007062,0.33212506771087646,0.8238154112102751
FR009944,0.31960663199424744,0.7781782893075897
FR003069,0.2923688590526581,0.684459215935507
FR011873,0.585626482963562,2.3412733180410865
FR014788,0.2447303980588913,0.5367960486101518
FR003208,0.20664279162883759,0.4314941255575239
FR018434,0.3450518548488617,0.8727720888007424
FR003074,0.39776939153671265,1.0941879695790109
FR008719,0.751655638217926,5.014042539454498
FR006628,0.30398136377334595,0.7235182499035788
FR019974,0.24196290969848633,0.5287881836513719
FR010306,0.27049025893211365,0.6142482581022027
FR001168,0.47500333189964294,1.4988684154213923
FR002783,0.375107079744339,0.9944273401783356
FR009758,0.21715380251407623,0.4595305526169098
FR014808,0.6950053572654724,3.775020727584427
FR010772,0.7920699119567871,6.310584378916192
FR014249,0.26885831356048584,0.6091795605856111
FR001693,0.2939690053462982,0.6897650343843709
FR010835,0.25565025210380554,0.5689742067513156
FR009581,0.28559890389442444,0.6622741797016648
FR005334,0.2948978841304779,0.6928560888534043
FR008372,0.4979073107242584,1.6428125217529574
FR014091,0.2964196801185608,0.6979378486501492
FR019082,0.2644069790840149,0.5954683916530518
FR013416,0.36145028471946716,0.9377288008792383
FR001429,0.32513538002967834,0.7981250999509852
FR010413,0.32448476552963257,0.7957608394382585
FR015938,0.28646770119667053,0.665097668792404
FR001034,0.22276026010513306,0.4747949792722994
FR012865,0.3490377366542816,0.8882597231255763
FR013531,0.26101770997047424,0.5851394024710785
FR006956,0.423435777425766,1.2166432745632505
FR018660,0.11243201047182083,0.20985133920642401
FR019797,0.24520190060138702,0.5381662191791494
FR011940,0.2530932128429413,0.561354866920111
FR003011,0.5317476391792297,1.8812607475806917
FR017175,0.26362717151641846,0.5930834624603972
FR015274,0.39372000098228455,1.0758150997227456
FR010540,0.2695474922657013,0.6113173342300123
FR005959,0.30219539999961853,0.7174265100512484
FR008847,0.3732159733772278,0.986428706052507
FR001919,0.2956047058105469,0.6952136599441998
FR013457,0.31047841906547546,0.7459452523490497
FR001916,0.2870047688484192,0.6668465170657271
FR016992,0.3116990029811859,0.7502057936528509
FR016999,0.2718718349933624,0.618557087240684
FR007957,0.27439096570014954,0.6264559321956299
FR001230,0.24050365388393402,0.5245892531447981
FR019958,0.1879163235425949,0.3833426365936341
FR003418,0.26425620913505554,0.5950068892345228
FR013692,0.358950674533844,0.9276127845464018
FR014723,0.2448643296957016,0.5371850754673535
FR005394,0.2731325030326843,0.6225031234161166
FR002068,0.2662162184715271,0.6010212133007778
FR003454,0.21949101984500885,0.46586732557129745
FR014142,0.24544945359230042,0.5388862854051413
FR002118,0.2927625775337219,0.6857624938351786
FR014528,0.23228971660137177,0.5012518926445588
FR001784,0.5488552451133728,2.0154188012563505
FR016658,0.27619901299476624,0.6321590367491406
FR016868,0.24445362389087677,0.5359925487217385
FR013132,0.3451801836490631,0.8732677886684095
FR019605,0.31632739305496216,0.7664997584997034
FR003631,0.2600056231021881,0.5820733559567111
FR017584,0.3862031102180481,1.0423521890795215
FR011740,0.25850817561149597,0.5775522965344357
FR013727,0.3430258333683014,0.8649717721031416
FR015902,0.32162949442863464,0.7854387256111816
FR018891,0.3456747531890869,0.8751799972949725
FR017300,0.2543075978755951,0.5649669163194332
FR003383,0.2718164920806885,0.6183841706189107
FR005047,0.28224503993988037,0.6514386405251216
FR000848,0.35827940702438354,0.9249095632346408
FR013134,0.34766796231269836,0.8829159513137107
FR010432,0.26422014832496643,0.5948965361742793
FR008495,0.6332778930664062,2.860754803241182
FR010378,0.5068427324295044,1.7025943396842396
FR018387,0.22190502285957336,0.47245224842606914
FR015046,0.2792031466960907,0.6416982070812888
FR015552,0.3642635941505432,0.9492095203062221
FR016708,0.2939153015613556,0.6895865715741715
FR016874,0.3200586140155792,0.7797967904541847
FR003352,0.25491923093795776,0.5667906074275652
FR018374,0.2743692696094513,0.6263876690119926
FR006679,0.2798382341861725,0.6437250216387009
FR001588,0.5160861611366272,1.766760051356515
FR010395,0.2810880243778229,0.6477240522882538
FR015157,0.2814536392688751,0.648896562848095
FR011943,0.2749286890029907,0.6281490955245486
FR005780,0.24670960009098053,0.5425590548414996
FR014452,0.30574676394462585,0.7295706521349975
FR002350,0.2631419599056244,0.5916020602021685
FR008240,0.30772075057029724,0.7363747159511981
FR000791,0.2473456859588623,0.5444176344080137
FR017308,0.282993882894516,0.6538491846422206
FR008596,0.28485238552093506,0.6598535626185333
FR018629,0.24405395984649658,0.5348333268813871
FR014313,0.2647983133792877,0.5966671377722622
FR004223,0.2575501799583435,0.5746695034963631
FR017820,0.25840431451797485,0.5772393985765469
FR006818,0.3706585764884949,0.9756883842590327
FR004544,0.31385743618011475,0.7577770726847574
FR019707,0.2748635411262512,0.6279438266022342
FR011436,0.2667969763278961,0.6028094546675201
FR010252,0.2713313102722168,0.6168693648134115
FR019992,0.2047700434923172,0.4265766606520935
FR010614,0.24711807072162628,0.5437522045216276
FR007645,0.24806155264377594,0.5465130863471213
FR007612,0.2570342719554901,0.5731201169630605
FR011572,0.27303972840309143,0.6222122616063863
FR008245,0.4582007825374603,1.4010087653107428
FR001539,0.4681318402290344,1.4581009337681239
FR017506,0.2660351097583771,0.6004641310136932
FR000836,0.2776843309402466,0.6368655211159281
FR006656,0.2696869969367981,0.6117505568566751
FR006299,0.2733392119407654,0.6231514526689177
FR012463,0.3447088897228241,0.871448258954929
FR004116,0.432150274515152,1.2607377944870939
FR004833,0.29811233282089233,0.7036160392128268
FR003796,0.2479756623506546,0.5462614616315121
FR008741,0.21409554779529572,0.4512957942853696
FR006266,0.1553477644920349,0.30468457733226945
FR002596,0.4593196511268616,1.4073361395547324
FR017109,0.2582317888736725,0.5767198314736448
FR009413,0.7217302918434143,4.296673964427664
FR004674,0.5752578377723694,2.24367821034154
FR001352,0.26779377460479736,0.6058853603438359
FR007541,0.32215723395347595,0.7873400100694218
FR013407,0.4442843794822693,1.3244386290492667
FR001644,0.2918294072151184,0.6826758878437252
FR002712,0.2593938708305359,0.5802241585807086
FR009406,0.32518088817596436,0.79829064207003
FR011885,0.24208694696426392,0.529145839837353
FR006873,0.34275656938552856,0.8639387083637571
FR018199,0.18841707706451416,0.38460131195426467
FR003775,0.3254425525665283,0.7992429155904764
FR004539,0.27354294061660767,0.6237907956295796
FR000910,0.31636783480644226,0.7666431035455678
FR018839,0.2647794783115387,0.5966094124361151
FR003533,0.26125746965408325,0.5858669685166857
FR017692,0.26514139771461487,0.5977191335857884
FR013634,0.2533402442932129,0.562088681772404
FR008568,0.2774292528629303,0.6360558863984667
FR019929,0.38026314973831177,1.0164834684427801
FR014540,0.27800652384757996,0.6378890004211897
FR003618,0.49079015851020813,1.5966968045891896
FR004972,0.3817070424556732,1.0227259419056731
FR000279,0.2698659896850586,0.6123066495945569
FR018824,0.2909836173057556,0.6798853254315089
FR005578,0.2921885848045349,0.6838629601679385
FR014385,0.2799254357814789,0.644003595458173
FR017806,0.27647313475608826,0.6330261844569185
FR014290,0.7922266721725464,6.316595453527844
FR002089,0.32136547565460205,0.7844886562728728
FR011497,0.2658282518386841,0.5998281815605779
FR019351,0.3468616008758545,0.8797806504394412
FR006021,0.25624868273735046,0.5707649462895957
FR014768,0.3147163987159729,0.7608033792584946
FR005123,0.26716354489326477,0.6039396338580637
FR016748,0.19989168643951416,0.413875147322972
FR010800,0.27616021037101746,0.6320363428782689
FR006611,0.25188979506492615,0.5577870066509456
FR001216,0.2330407053232193,0.5033648325301175
FR012775,0.3807746469974518,1.0186915273742823
FR017737,0.2748679220676422,0.6279576289823433
FR018316,0.27599549293518066,0.6315156528629086
FR003560,0.3052116930484772,0.727732995720045
FR008227,0.22796374559402466,0.4891606217647416
FR015242,0.21580398082733154,0.45588805965809137
FR000530,0.26177069544792175,0.5874259734553781
FR003866,0.395134299993515,1.0822040931014945
FR010278,0.3123776614665985,0.7525812459153625
FR000094,0.6386409997940063,2.9277994137116172
FR010335,0.2891833782196045,0.6739678053422131
FR005383,0.35799720883369446,0.923774827499475
FR002885,0.2963976562023163,0.6978641470383816
FR009221,0.4243316948413849,1.2211149612792744
FR007320,0.6674797534942627,3.3253962476610983
FR019940,0.27564606070518494,0.6304118430185797
FR018719,0.27595657110214233,0.6313926512522374
FR007755,0.29665717482566833,0.6987329025822682
FR000898,0.30267974734306335,0.7190754855945394
FR005630,0.3005295693874359,0.7117725719438386
FR004814,0.4935077428817749,1.6141524871854622
FR005976,0.2035253494977951,0.4233211336356684
FR007020,0.22883178293704987,0.49157594350779904
FR002785,0.34006258845329285,0.8536493352974851
FR007371,0.28761324286460876,0.6688310713087579
FR005699,0.39852175116539,1.0976288226754107
FR004828,0.32461851835250854,0.7962465103125685
FR007786,0.3594517111778259,0.929634172001681
FR005406,0.70582115650177,3.9747208675608268
FR007864,0.2641848921775818,0.5947886559947122
FR012663,0.25749945640563965,0.5745170739415654
FR003027,0.21803376078605652,0.46191189053847215
FR018516,0.2706106901168823,0.6146232068166295
FR017948,0.34948986768722534,0.8900285194925506
FR002146,0.343546986579895,0.8669736467471469
FR016950,0.24599775671958923,0.5404828376924508
FR001283,0.2676301598548889,0.605379905941016
FR002563,0.2594127655029297,0.5802812274465706
FR010188,0.3427307903766632,0.8638398484850103
FR017953,0.284355491399765,0.6582451620407601
FR016676,0.27423563599586487,0.6259673027964512
FR013459,0.269782155752182,0.6120461612956912
FR013207,0.26053088903427124,0.5836635648442009
FR018085,0.40707114338874817,1.1373421364731924
FR013362,0.32626357674598694,0.8022356651712209
FR000198,0.2559995651245117,0.5700191385333636
FR013505,0.5193975567817688,1.7903474722238553
FR017419,0.3495045006275177,0.8900858065662135
FR000636,0.2413867861032486,0.5271284889695445
FR003106,0.2568590044975281,0.5725942393459452
FR003664,0.2327052652835846,0.5024205460601697
FR006426,0.3743067681789398,0.9910364366771941
FR017811,0.2541819214820862,0.5645925605900429
FR005634,0.24173292517662048,0.5281253426673199
FR006134,0.25904715061187744,0.5791774526310591
FR005912,0.23566310107707977,0.5107756222666947
FR001069,0.24837157130241394,0.5474217972584909
FR017311,0.30784323811531067,0.7367981926797709
FR018485,0.2305842787027359,0.4964688869805002
FR019332,0.35566025972366333,0.9144160134020846
FR016623,0.260501503944397,0.5835745437167852
FR018706,0.3181428015232086,0.7729511908453783
FR013041,0.6684108972549438,3.3393863790585328
FR011103,0.33131974935531616,0.8208281213991993
FR009986,0.286576509475708,0.6654517674651558
FR005092,0.5226395726203918,1.8137577271831085
FR014201,0.29740095138549805,0.7012262986358867
FR003708,0.22291156649589539,0.47520998608733817
FR015731,0.35432130098342896,0.909084393052838
FR017040,0.2670605778694153,0.603622058780593
FR018976,0.26881173253059387,0.6090352155920726
FR009077,0.20752280950546265,0.4338129045159208
FR015598,0.25524476170539856,0.5677624558200444
FR017260,0.31988123059272766,0.7791613421958337
FR017515,0.3107997477054596,0.7470654110172963
FR019969,0.26793891191482544,0.6063339215685556
FR019130,0.5008168816566467,1.6620438181354482
FR005396,0.24742066860198975,0.5446369332318314
FR007751,0.645803689956665,3.0205072950235916
FR010667,0.25208964943885803,0.558378734397595
FR004985,0.5329380631446838,1.890277924881757
FR013493,0.23761796951293945,0.5163331732612002
FR014553,0.3084374666213989,0.7388547506622315
FR017708,0.2634456753730774,0.5925291070870278
FR014258,0.28285345435142517,0.6533967581601072
FR014612,0.27074339985847473,0.6150365268354931
FR009519,0.3069274127483368,0.7336355299536332
FR010951,0.25713640451431274,0.5734266729169151
FR002164,0.28307589888572693,0.6541135021288147
FR012354,0.2507096827030182,0.5542993713922856
FR010340,0.2618139982223511,0.5875576116858574
FR017773,0.2508714199066162,0.5547767103083703
FR001141,0.21082617342472076,0.4425631527995185
FR005644,0.24567469954490662,0.5395418770089768
FR015064,0.3401731848716736,0.8540700926869187
FR002400,0.28337305784225464,0.6550716795034733
FR002727,0.26229897141456604,0.589032961267015
FR014878,0.2594688832759857,0.5804507409476705
FR014864,0.33091530203819275,0.8193305561147689
FR016003,0.3032015860080719,0.720854666960724
FR014173,0.40846824645996094,1.143941031153326
FR005452,0.3079281747341156,0.7370919324376337
FR010921,0.2719336450099945,0.6187502411343027
FR006506,0.19412320852279663,0.3990544990023887
FR006230,0.2687264680862427,0.6087710463216872
FR004271,0.2691313326358795,0.6100259602856711
FR009845,0.2601049542427063,0.5823739014931386
FR005727,0.6901403665542603,3.6897405294037195
FR017498,0.2960509955883026,0.6967046772828093
FR011200,0.2843361496925354,0.6581825998741168
FR014120,0.22218765318393707,0.4732258809361593
FR013957,0.41515061259269714,1.1759396744147823
FR017606,0.31226399540901184,0.7521830631502768
FR001465,0.27376922965049744,0.6245013581776004
FR019132,0.2684587240219116,0.6079419126340911
FR002690,0.3183079957962036,0.7735399487574384
FR006834,0.18928572535514832,0.3867884019225156
FR001285,0.2894534766674042,0.6748537271534308
FR017486,0.36404597759246826,0.9483178331001293
FR008639,0.2378222793340683,0.5169156569144008
FR008264,0.27523794770240784,0.6291240159215069
FR006224,0.35343819856643677,0.9055800390575272
FR004649,0.2358049750328064,0.5111780028771583
FR005710,0.5972609519958496,2.456765938842803
FR003406,0.33544644713401794,0.836212415820418
FR011693,0.3470565378665924,0.8805378962193647
FR019615,0.359770268201828,0.9309210070202769
FR014028,0.7802941203117371,5.883558205051976
FR017035,0.7116677165031433,4.088908508992917
FR007287,0.2706834077835083,0.6148496649097875
FR001000,0.27719828486442566,0.6353232716448813
FR007561,0.5402668714523315,1.946820617406819
FR001112,0.4204650819301605,1.201914919710086
FR015311,0.2529163658618927,0.560829835346644
FR015372,0.2693295478820801,0.6106408533104724
FR011260,0.44458842277526855,1.32607052060179
FR005129,0.28801411390304565,0.6701403764048044
FR016036,0.3423406779766083,0.8623447531514309
FR009836,0.38234955072402954,1.0255131221735834
FR000705,0.23216396570205688,0.5008984909306594
FR014074,0.24497461318969727,0.537505515949297
FR018855,0.32717669010162354,0.8055726715632886
FR018523,0.27949273586273193,0.6426219571095282
FR011315,0.37185803055763245,0.9807148519046891
FR014845,0.28632479906082153,0.664632781284286
FR011680,0.30381643772125244,0.7229543941329836
FR009287,0.1800488531589508,0.36376907947709425
FR004883,0.26351988315582275,0.592755731683894
FR001335,0.24392947554588318,0.5344725116361192
FR018013,0.22143608331680298,0.4711698783623029
FR006676,0.6243132948875427,2.752961616923006
FR011207,0.2891600430011749,0.6738912975159469
FR009342,0.274253785610199,0.6260243862685548
FR018756,0.19503146409988403,0.401373943147459
FR014976,0.48988187313079834,1.5909041427295674
FR007829,0.29205960035324097,0.6834365313949864
FR010381,0.38562482595443726,1.0398117637632684
FR011163,0.22958068549633026,0.49366414513440054
FR009750,0.29334187507629395,0.687682711656877
FR009439,0.37140703201293945,0.9788226337296901
FR006248,0.4088594913482666,1.1457945768275843
FR016517,0.3232501745223999,0.7912869710054227
FR006838,0.27257850766181946,0.6207673694852588
FR017655,0.28432705998420715,0.6581531997157496
FR006406,0.27811819314956665,0.6382439427796852
FR004176,0.5723173022270203,2.216861668117665
FR004713,0.24498483538627625,0.5375352223748835
FR019850,0.21819981932640076,0.4623618784487584
FR016356,0.3313961327075958,0.8211111528731252
FR000320,0.34788480401039124,0.8837603998149128
FR017911,0.20090270042419434,0.4164947300384508
FR012745,0.3125477433204651,0.7531773043820682
FR014996,0.3729301691055298,0.9852240632561204
FR016946,0.25145187973976135,0.556491534026228
FR012273,0.3003310263156891,0.7111004993895104
FR019006,0.29897743463516235,0.7065287074028622
FR008348,0.3106846511363983,0.7466640618184267
FR017368,0.21033227443695068,0.4412502140266035
FR003733,0.29280540347099304,0.6859043427799694
FR013919,0.4484386742115021,1.3468916247185319
FR000087,0.2919556796550751,0.6830930776035357
FR015822,0.30734527111053467,0.7350775024326394
FR009720,0.2696771025657654,0.6117198250819419
FR016894,0.2857675850391388,0.6628218362314586
FR000238,0.2708495855331421,0.6153673468944112
FR007202,0.20672236382961273,0.43170358058355285
FR013435,0.2431352585554123,0.5321732838914531
FR017682,0.2758401036262512,0.6310246672180939
FR002160,0.2662043869495392,0.6009848116738041
FR005573,0.6006962060928345,2.492153863161684
FR011745,0.40279558300971985,1.1173393340636721
FR001561,0.2909906506538391,0.6799085035019508
FR014003,0.29285281896591187,0.6860614133931632
FR006482,0.2424638420343399,0.5302333193962582
FR014253,0.8017074465751648,6.697811357617774
FR000535,0.27944329380989075,0.64246419112735
FR005767,0.23722587525844574,0.5152161935769602
FR019717,0.28857359290122986,0.6719701856676729
FR015056,0.20983760058879852,0.43993686062704357
FR010751,0.2597019374370575,0.5811549965912423
FR001263,0.4158950448036194,1.1795497278127323
FR006200,0.27717894315719604,0.6352619423128832
FR005910,0.22045622766017914,0.46849532833974195
FR019419,0.2656676471233368,0.5993346767841102
FR008751,0.2570737600326538,0.5732386323960005
FR015973,0.24891267716884613,0.5490096565396678
FR010585,0.27135977149009705,0.6169581690377925
FR008958,0.35625481605529785,0.9167905971825728
FR005579,0.55499666929245,2.06609608391155
FR019350,0.34979864954948425,0.8912379286389496
FR014928,0.25773999094963074,0.5752400901219543
FR015494,0.22635196149349213,0.48469019337119146
FR005165,0.268617182970047,0.6084325454353915
FR001572,0.2426510751247406,0.5307739574671063
FR016980,0.33571696281433105,0.837227571611156
FR004845,0.4438854157924652,1.322299978232508
FR018635,0.5306363105773926,1.8728839807598654
FR004886,0.2607746124267578,0.5844021893337574
FR004698,0.28219643235206604,0.6512823453203511
FR014374,0.2869386374950409,0.6666310319486177
FR001745,0.21744276583194733,0.4603119528880171
FR008781,0.24559485912322998,0.5393094519725707
FR004915,0.26619821786880493,0.6009658319459904
FR010098,0.532658040523529,1.8881526883887145
FR006139,0.2710705101490021,0.6160559434726027
FR002003,0.30913037061691284,0.7412572811462246
FR006041,0.3539077639579773,0.9074421901427779
FR010298,0.732647716999054,4.539778909489421
FR019859,0.2750129997730255,0.6284147979471415
FR013792,0.26860514283180237,0.6083952583688589
FR017774,0.33217450976371765,0.8239990488739949
FR016706,0.2628289461135864,0.5906474308734366
FR019721,0.3817700147628784,1.0229988576808382
FR007243,0.3478776812553406,0.883732652687781
FR011038,0.34222862124443054,0.8619156265868483
FR013936,0.3032795190811157,0.7211206043923424
FR017006,0.8191641569137573,7.504293739645547
FR018716,0.27925750613212585,0.6418715496913339
FR007667,0.3233371376991272,0.7916015707033739
FR017714,0.25807616114616394,0.5762513603438424
FR011553,0.2429521232843399,0.5316437987527268
FR016330,0.25898146629333496,0.5789792700614651
FR011496,0.30118876695632935,0.7140067087275459
FR016481,0.25720810890197754,0.5736419475713299
FR005475,0.5921317934989929,2.4050379103575543
FR013501,0.316235214471817,0.7661730965739225
FR018185,0.2844447195529938,0.6585338208193363
FR002075,0.34353089332580566,0.8669117811330588
FR008205,0.3870440125465393,1.0460548588400271
FR001762,0.26251497864723206,0.5896907070908457
FR015331,0.33202943205833435,0.8234602784355712
FR007257,0.3309765160083771,0.8195570995526115
FR017791,0.2614688575267792,0.5865088303489195
FR005504,0.27967265248298645,0.6431962407127084
FR011037,0.33990082144737244,0.8530341564340723
FR009691,0.22976864874362946,0.4941888897422722
FR016237,0.2615646421909332,0.5867997935615484
FR007178,0.26065143942832947,0.5840288422119456
FR009162,0.306610643863678,0.7325435616754266
FR003736,0.3017168343067169,0.7157994650643583
FR005233,0.750655472278595,4.987285299462712
FR011706,0.2753073573112488,0.629342940084461
FR003334,0.5592423677444458,2.1019560142702978
FR012146,0.29557284712791443,0.6951072949602204
FR005722,0.4242718517780304,1.2208158399143243
FR005899,0.2454923689365387,0.5390111628561305
FR004912,0.307285875082016,0.7348724287362437
FR008487,0.34495842456817627,0.8724113147681329
FR002986,0.46384397149086,1.4331911650193678
FR013414,0.7328641414642334,4.54479902449536
FR007252,0.23282493650913239,0.5027573339307404
FR014790,0.2704591751098633,0.614151502277088
FR000071,0.14919836819171906,0.2905087102815567
FR012365,0.4269891679286957,1.23446114575496
FR019441,0.2704986333847046,0.614274326997179
FR018300,0.2724999189376831,0.620521352856518
FR012372,0.26283296942710876,0.5906596960300804
FR006560,0.28170403838157654,0.6497002702461879
FR005183,0.4298391342163086,1.2489123115933596
FR013470,0.5000273585319519,1.6568032047232222
FR003754,0.29461532831192017,0.6919149588515043
FR009440,0.2630949914455414,0.5914587640971258
FR011521,0.3022499084472656,0.717611971429536
FR005875,0.2871173918247223,0.6672135844144135
FR003635,0.32356151938438416,0.7924136719141172
FR001353,0.20436540246009827,0.4255171948872118
FR014137,0.2687373757362366,0.6088048373463876
FR005687,0.23550592362880707,0.5103300125189235
FR010726,0.2624751329421997,0.5895693472374998
FR001308,0.3852873742580414,1.0383315336895
FR008660,0.2781619727611542,0.6383831268232225
FR015970,0.32005301117897034,0.7797767141010582
FR002066,0.2385002225637436,0.5188507002557297
FR014335,0.2629436254501343,0.5909970857509288
FR016121,0.2909717857837677,0.6798463362402417
FR012346,0.2399173378944397,0.5229067006520798
FR018064,0.2833051085472107,0.6548525096011643
FR013795,0.24467122554779053,0.5366242160883026
FR000596,0.2230006903409958,0.4754545127590806
FR008535,0.47053220868110657,1.4722216839986428
FR005740,0.27820777893066406,0.6385287717697757
FR001538,0.25509440898895264,0.5673134831785057
FR011575,0.2703321874141693,0.6137563083582789
FR007999,0.31148970127105713,0.7494741369819217
FR000039,0.3377991020679474,0.8450689108507154
FR000179,0.27816304564476013,0.6383865379443326
FR019047,0.20067621767520905,0.41590732708036526
FR011454,0.29225578904151917,0.6840852021828115
FR003110,0.4980584979057312,1.643806327184819
FR008821,0.2304222285747528,0.4960155102703545
FR002091,0.6162702441215515,2.6605358835234623
FR001804,0.1897125244140625,0.38786471819513224
FR007127,0.532176673412323,1.8845052903041022
FR014195,0.3221838176250458,0.78743586124934
FR016604,0.2839774191379547,0.657022872338206
FR015098,0.31143859028816223,0.7492955357245017
FR016002,0.4443094730377197,1.3245732460782662
FR018452,0.31761041283607483,0.7710556794622906
FR002258,0.2798023521900177,0.6436104127673926
FR004506,0.34021633863449097,0.8542343068275069
FR013283,0.47047358751296997,1.4718753056845304
FR017082,0.3053710162639618,0.7282798820411566
FR009754,0.2780064642429352,0.6378888109963533
FR011634,0.2101750671863556,0.44083265224291385
FR012077,0.3513859212398529,0.897472985686795
FR017287,0.20450550317764282,0.4258838965839842
FR001476,0.5370597839355469,1.9218572309342552
FR016401,0.35955992341041565,0.9300711598702489
FR014206,0.33029046654701233,0.8170205054223855
FR007706,0.3005003333091736,0.7116735832387012
FR018598,0.2886289954185486,0.6721515395079837
FR018715,0.27392807602882385,0.6250004108977554
FR004161,0.1407783180475235,0.2714275607336769
FR013263,0.3315255641937256,0.8215908969808786
FR005683,0.21217423677444458,0.446155107481914
FR007274,0.6950463652610779,3.7757511362491747
FR010411,0.336510568857193,0.8402104887772806
FR000184,0.29600074887275696,0.6965367127130774
FR010092,0.4258471429347992,1.2287106055261208
FR017702,0.2741895318031311,0.6258223104915376
FR008293,0.22439473867416382,0.47928663938706645
FR002677,0.33206310868263245,0.8235853213804457
FR011307,0.3904561400413513,1.061184004250697
FR002358,0.26079127192497253,0.5844526951455279
FR007389,0.2554512917995453,0.5683794769848883
FR009318,0.28943389654159546,0.674789481777874
FR012825,0.37204721570014954,0.981509409939105
FR006442,0.33181360363960266,0.8226591962545532
FR019178,0.25483787059783936,0.566547844690435
FR002185,0.2696737051010132,0.6117092727971294
FR006623,0.5979821085929871,2.4641447069094333
FR001765,0.27863749861717224,0.6398960058953603
FR006460,0.29263943433761597,0.6853547121249175
FR018333,0.27485743165016174,0.6279245786635334
FR017010,0.2806015908718109,0.6461659294619088
FR002567,0.271075576543808,0.6160717397374423
FR011719,0.30230215191841125,0.7177897535730472
FR003992,0.19241389632225037,0.39470351681023064
FR011083,0.3159768879413605,0.7652581096159845
FR002330,0.4148183763027191,1.1743314903710929
FR003328,0.6204023957252502,2.707530780945208
FR013322,0.28752824664115906,0.66855365017625
FR006797,0.5798136591911316,2.285966759668338
FR002070,0.2542155981063843,0.5646928617022864
FR006715,0.253720223903656,0.5632183717506225
FR002418,0.26118603348731995,0.5856501415259807
FR001466,0.2634739577770233,0.5926154738870858
FR003598,0.2139372080564499,0.45087118808183363
FR002424,0.27627602219581604,0.6324025787582735
FR015450,0.22196698188781738,0.47262179825552664
FR003537,0.24033337831497192,0.5241003452999904
FR014558,0.242752343416214,0.5310664824286875
FR005037,0.25102734565734863,0.5552370929232479
FR013453,0.2848712205886841,0.6599145739686644
FR002835,0.26615110039711,0.6008208813624344
FR015417,0.3165799379348755,0.7673951770031919
FR009743,0.49569401144981384,1.6283319564096548
FR009323,0.39336931705474854,1.0742355196469433
FR004955,0.2401818335056305,0.5236654028992371
FR012101,0.26419511437416077,0.5948199337991575
FR000599,0.297416627407074,0.701278906882447
FR007898,0.17600110173225403,0.35384425979304107
FR001716,0.2737177014350891,0.624339517236344
FR007568,0.2820296883583069,0.6507463493808574
FR001002,0.27403929829597473,0.6253499714263494
FR019000,0.31285515427589417,0.7542553866548211
FR019624,0.2735234797000885,0.6237297077348806
FR004613,0.3479923605918884,0.8841794667395336
FR019983,0.32147127389907837,0.7848692815904117
FR002664,0.18706755340099335,0.3812127413002661
FR000360,0.2825813591480255,0.6525206379119007
FR001431,0.29048410058021545,0.6782403666063213
FR008577,0.3503175675868988,0.8932729696957954
FR006453,0.3744382858276367,0.9915930784786461
FR011651,0.2319343239068985,0.5002534199790921
FR006405,0.12852460145950317,0.24431747621951544
FR018890,0.2783937454223633,0.6391202593245949
FR003273,0.2651345431804657,0.5976981059847747
FR000043,0.23939336836338043,0.5214052588642749
FR016853,0.3059064447879791,0.7301196116187422
FR007614,0.5635483860969543,2.139038029731163
FR003276,0.2670062482357025,0.6034545290761522
FR011063,0.7545040249824524,5.091439459340819
FR017671,0.6215674877166748,2.720966834078452
FR018054,0.2866826355457306,0.6657972413948784
FR004033,0.2554008960723877,0.5682288851269055
FR006728,0.30939024686813354,0.7421596023929862
FR006470,0.2644692063331604,0.5956589226071897
FR007251,0.24619777500629425,0.5410658303018377
FR016834,0.7754985094070435,5.722491256863786
FR019339,0.24959982931613922,0.5510293848420537
FR009726,0.7224544286727905,4.312206551648435
FR016787,0.2941145896911621,0.6902489616623798
FR008543,0.2692517340183258,0.6103994234180015
FR007937,0.27701127529144287,0.6347304329547092
FR000024,0.3584599792957306,0.925636178855674
FR005061,0.485846608877182,1.5654163680797668
FR000097,0.23401258885860443,0.5061054200582995
FR000514,0.5643864870071411,2.1463407096301887
FR002179,0.3413621485233307,0.8586023580550145
FR003034,0.3953113555908203,1.0830060338643739
FR006888,0.3019501268863678,0.7165923429409768
FR001700,0.28692346811294556,0.6665816090467118
FR011967,0.21403861045837402,0.4511430905752665
FR008235,0.4029296934604645,1.1179624050619907
FR000589,0.34539902210235596,0.8741135514552082
FR004074,0.2659522294998169,0.6002092867355983
FR019066,0.3389500379562378,0.8494245358493473
FR015041,0.31415486335754395,0.7588241135317453
FR009125,0.24599464237689972,0.5404737627740557
FR009228,0.5344277620315552,1.9016269966170736
FR018844,0.20915371179580688,0.43812384959791395
FR016772,0.33121490478515625,0.8204397347786745
FR016006,0.3800862431526184,1.0157206366143459
FR013544,0.47971317172050476,1.5274331477039664
FR003656,0.2653331160545349,0.5983074254099494
FR015713,0.2797541320323944,0.6434564131822378
FR018181,0.262888103723526,0.5908277875918713
FR019015,0.24514947831630707,0.5380137972023877
FR014756,0.22885723412036896,0.4916468437089517
FR015697,0.35005080699920654,0.8922264087301994
FR018042,0.4211035370826721,1.2050675517963765
FR008071,0.36254873871803284,0.9421993778132899
FR000985,0.3102820813655853,0.74526132853537
FR005351,0.2789258062839508,0.6408142244726414
FR006791,0.23880717158317566,0.5197279538998741
FR006237,0.32189714908599854,0.7864026338150092
FR007856,0.5377680063247681,1.927340103338759
FR013611,0.22953654825687408,0.49354096253563134
FR012181,0.2554638087749481,0.5684168832089017
FR008973,0.5375059843063354,1.9253096403981833
FR009997,0.24511580169200897,0.5379158908981619
FR003863,0.2727120816707611,0.6211856357694784
FR001846,0.2793920934200287,0.642300837237789
FR014042,0.28073206543922424,0.6465836531389371
FR008290,0.29247692227363586,0.6848167799137521
FR013265,0.563508152961731,2.1386881691314628
FR000424,0.25075772404670715,0.5544411354548074
FR000681,0.2667819559574127,0.6027631689870705
FR003244,0.266813188791275,0.6028594159428687
FR013788,0.2918905019760132,0.6828777193961093
FR001732,0.34808415174484253,0.8845372170348459
FR007455,0.3154335021972656,0.7633357031332852
FR004971,0.24680520594120026,0.542838205158256
FR017874,0.2559436559677124,0.5698518264417839
FR004528,0.2936677038669586,0.6887641317505008
FR008365,0.2113838642835617,0.444047647300806
FR017919,0.19934667646884918,0.41246574639507233
FR009461,0.4134252071380615,1.1676077152901003
FR019513,0.23814094066619873,0.5178247783142931
FR008886,0.27126941084861755,0.616676251197513
FR004810,0.23676741123199463,0.5139115982889835
FR018792,0.24598632752895355,0.5404495344118151
FR002849,0.3646221458911896,0.950680023860781
FR018643,0.25464335083961487,0.5659676520504936
FR008992,0.348291277885437,0.8853448485172563
FR006272,0.3075503408908844,0.7357858070226594
FR009547,0.2493768185377121,0.5503734897877292
FR013440,0.2648162543773651,0.5967221257322162
FR013918,0.26168563961982727,0.5871674530191943
FR010256,0.3205527365207672,0.7815686561656481
FR002648,0.28054460883140564,0.6459835449096875
FR005180,0.2708984613418579,0.6155196512116222
FR009675,0.26431000232696533,0.5951715269218069
FR001874,0.32942506670951843,0.8138281854701906
FR019356,0.24608781933784485,0.5407453046092601
FR000564,0.2653557360172272,0.5983768554998606
FR019461,0.4002743065357208,1.1056774638368252
FR003189,0.2875986099243164,0.6687833058004196
FR001442,0.2600801885128021,0.5822989604461355
FR018589,0.2616206705570221,0.58697002483312
FR000914,0.4047868251800537,1.1266194186273848
FR012532,0.4747767448425293,1.4975071023832343
FR004610,0.27177610993385315,0.6182580148712035
FR001059,0.3201444447040558,0.7801043844604683
FR011178,0.2868531048297882,0.6663523880717405
FR016625,0.3008124530315399,0.7127307984781749
FR008285,0.4601767361164093,1.412200828839697
FR007727,0.2635885775089264,0.5929655594199095
FR016821,0.30312326550483704,0.7205874673940914
FR016034,0.2750302255153656,0.6284690918706233
FR007449,0.28550243377685547,0.6619610867138315
FR004798,0.26131150126457214,0.5860309960945941
FR007959,0.3687035143375397,0.9675363822588757
FR014515,0.2376878261566162,0.5165322981784644
FR005824,0.2399100959300995,0.5228859345975018
FR017523,0.310746967792511,0.7468813473987048
FR015028,0.4410282075405121,1.3070730914769138
FR009463,0.7306108474731445,4.492927505605545
FR016536,0.2185155600309372,0.4632180048130202
FR016457,0.2207716703414917,0.4693556059404202
FR017126,0.3529895544052124,0.9038033800416168
FR001180,0.2959689795970917,0.6964305268454003
FR007135,0.8041157722473145,6.80052609034862
FR014593,0.26728886365890503,0.6043262675087702
FR002451,0.637302577495575,2.9108820293132576
FR001241,0.37195733189582825,0.9811318475682289
FR001548,0.4201894998550415,1.2005562663061922
FR011822,0.26156434416770935,0.58679888814513
FR019744,0.29436659812927246,0.691087118217457
FR004097,0.42518946528434753,1.2254093112892923
FR011617,0.22837653756141663,0.49030854148653985
FR018396,0.2650631368160248,0.5974790765629957
FR018201,0.24868303537368774,0.548335500071987
FR005265,0.2498992532491684,0.5519106313072443
FR001932,0.24874639511108398,0.5485214632689314
FR004569,0.26548200845718384,0.5987645167943672
FR001563,0.33648189902305603,0.8401026035960647
FR010796,0.2311045527458191,0.49792577849268216
FR006297,0.7190157175064087,4.239159486958834
FR003071,0.429775208234787,1.2485865819350777
FR004083,0.7712831497192383,5.586490712473827
FR007745,0.1961153894662857,0.4041488611807908
FR003688,0.7044994831085205,3.949533785021989
FR013154,0.3808436989784241,1.0189898941870592
FR005055,0.2452811896800995,0.5383967987352208
FR017914,0.4485337734222412,1.3474095744174315
FR006371,0.23401352763175964,0.506108070640819
FR003450,0.2522560954093933,0.558871788140598
FR010967,0.24823272228240967,0.5470147174120897
FR019012,0.5668184757232666,2.1676914867189025
FR010238,0.2223392277956009,0.4736410116234947
FR006295,0.2564014196395874,0.5712224568020629
FR006193,0.26886898279190063,0.609212624919629
FR008090,0.23696188628673553,0.5144648008276972
FR003155,0.3581092655658722,0.9242252948608551
FR003520,0.45305335521698,1.3722327744670353
FR002048,0.31729304790496826,0.7699271429407185
FR011197,0.3171965777873993,0.7695843071197288
FR001674,0.26841476559638977,0.6078058428295295
FR018564,0.4343727231025696,1.2722006114433015
FR017986,0.23427139222621918,0.5068363854538357
FR001423,0.42954564094543457,1.2474174422370552
FR009610,0.253019243478775,0.5611352329736732
FR005674,0.4930197596549988,1.6110042717041289
FR000419,0.33971670269966125,0.8523343435917804
FR011869,0.3430238366127014,0.8649641081929819
FR019189,0.7428401112556458,4.785369932139146
FR005963,0.2687692642211914,0.6089036310964552
FR005736,0.29424551129341125,0.6906843199900969
FR013035,0.3111823499202728,0.7484005337312287
FR005457,0.2974735200405121,0.701469856533932
FR009258,0.24115587770938873,0.5264639963801179
FR004225,0.33153486251831055,0.821625368826485
FR010956,0.4021131694316864,1.1141732017508432
FR007299,0.25164228677749634,0.5570546235306564
FR014332,0.2940210998058319,0.6899381751954765
FR008221,0.3159578740596771,0.7651907901654995
FR004813,0.2960892915725708,0.6968327090866294
FR003928,0.20471522212028503,0.4264330595085826
FR016477,0.274909645318985,0.6280890885796813
FR013228,0.6362576484680176,2.8977608807224424
FR010140,0.2724969983100891,0.6205122110558443
FR007540,0.38491302728652954,1.036691362945434
FR000483,0.7414065599441528,4.749657789390723
FR006067,0.2535562217235565,0.5627306476175223
FR006162,0.2764778137207031,0.6330409914422309
FR016308,0.3074643313884735,0.7354886818259357
FR004571,0.22808420658111572,0.4894954809337334
FR004577,0.28911468386650085,0.673742595524556
FR016181,0.32479429244995117,0.7968850575387253
FR007490,0.3329204320907593,0.8267728567412459
FR006627,0.27360573410987854,0.6239879269757678
FR018347,0.3151567876338959,0.7623579063171783
FR006004,0.370866596698761,0.9765587461516627
FR006845,0.2709358334541321,0.6156361220700106
FR014205,0.24642407894134521,0.5417258107608053
FR017587,0.25526371598243713,0.5678190686080847
FR009226,0.2249668687582016,0.4808633688003881
FR003554,0.23887419700622559,0.5199196052265606
FR013964,0.2503510117530823,0.553241552004212
FR010693,0.26621654629707336,0.6010222219268029
FR018411,0.44220417737960815,1.3133212844274955
FR004322,0.3634999692440033,0.9460832395810646
FR002937,0.2347954362630844,0.5083180120269564
FR007710,0.2982264459133148,0.7039998297517623
FR001633,0.1802036166191101,0.3641504945525813
FR010511,0.279051810503006,0.6412157604628737
FR001584,0.2524612545967102,0.559479822022648
FR009470,0.3537546396255493,0.9068346490650909
FR006488,0.4468545913696289,1.338290244011625
FR004259,0.2567795515060425,0.5723559279652476
FR002649,0.3037264347076416,0.7226468008986437
FR017234,0.2462102621793747,0.5411022368827925
FR018512,0.4324333369731903,1.262192768961429
FR009230,0.17895202338695526,0.3610700593897373
FR004993,0.4334653913974762,1.267509965035567
FR000663,0.29550546407699585,0.6948823582428032
FR005896,0.2964547872543335,0.6980553419503915
FR016109,0.31819456815719604,0.7731356581659126
FR008344,0.2766251266002655,0.6335072736518196
FR019458,0.296169251203537,0.6971000764368996
FR014660,0.35074475407600403,0.8949507083747623
FR013655,0.42567387223243713,1.2278401182432466
FR006516,0.16641171276569366,0.33071636519287506
FR005708,0.25342392921447754,0.5623373806363654
FR016404,0.5033624172210693,1.679053770492302
FR010797,0.7205790877342224,4.272146599560091
FR000883,0.3059385120868683,0.7302298847788007
FR009179,0.582061767578125,2.3071741198792326
FR003457,0.2720054090023041,0.6189745419617151
FR019835,0.3091294765472412,0.7412541780017382
FR019348,0.28960728645324707,0.6753585236704294
FR006997,0.2827073931694031,0.6529263726395396
FR013378,0.26235249638557434,0.5891959098447028
FR018303,0.24809525907039642,0.5466118486022835
FR017619,0.26129287481307983,0.5859744477494783
FR010536,0.5358138084411621,1.9122518239011204
FR005596,0.29795074462890625,0.7030727916002765
FR011376,0.45151859521865845,1.3637574369980607
FR008552,0.26621413230895996,0.6010147947926431
FR012250,0.27352893352508545,0.623746826983251
FR000528,0.24936643242835999,0.5503429527900675
FR004450,0.3122958838939667,0.7522947581934644
FR015995,0.2754524052143097,0.6298005696583732
FR003472,0.3261120915412903,0.8016829314932833
FR003763,0.2503286600112915,0.5531756640680952
FR008643,0.2731359601020813,0.6225139632609171
FR011309,0.2881586253643036,0.6706127341927858
FR009989,0.3063432276248932,0.7316224985963014
FR006809,0.26683393120765686,0.6029233402082388
FR008493,0.5178000330924988,1.7789276970012442
FR010314,0.2655792534351349,0.5990631535142182
FR016250,0.25987374782562256,0.5816744665028333
FR007133,0.22459307312965393,0.47983296447550144
FR014671,0.26692959666252136,0.6032182101451148
FR009595,0.26421117782592773,0.5948690863906009
FR001268,0.640116810798645,2.9465992344127234
FR019478,0.25698450207710266,0.5729707607389704
FR010639,0.29465264081954956,0.6920391952273356
FR001328,0.2016206532716751,0.41835900670911463
FR001514,0.33955374360084534,0.8517152814878061
FR012171,0.24377501010894775,0.5340249618185703
FR019594,0.32731011509895325,0.8060610367253355
FR017436,0.24379195272922516,0.534074042621321
FR005015,0.3040581941604614,0.723781011944695
FR001339,0.31389760971069336,0.7579184436120193
FR010294,0.28186753392219543,0.6502253452267849
FR004531,0.4174216687679291,1.1869818057800057
FR007046,0.5605515241622925,2.1131531549454987
FR000460,0.30891162157058716,0.7404982844660752
FR012020,0.34505826234817505,0.8727968346511582
FR017143,0.38352158665657043,1.030612341478528
FR008064,0.39231076836586,1.0694785725189033
FR006059,0.3268194794654846,0.8042661541229508
FR000513,0.26520416140556335,0.5979116915137641
FR012727,0.29360777139663696,0.6885651420486347
FR017067,0.3032791316509247,0.7211192821853063
FR000630,0.2896558940410614,0.6755180969567565
FR005407,0.25551068782806396,0.5685569896009975
FR003348,0.29536277055740356,0.6944061636770452
FR014866,0.31793805956840515,0.7722218794511273
FR012767,0.2312794178724289,0.49841588538199366
FR008194,0.27089694142341614,0.6155149146112043
FR003041,0.31433409452438354,0.7594555044244126
FR003930,0.533258318901062,1.8927116374329205
FR011752,0.6910664439201355,3.7057670993303073
FR014252,0.5403766632080078,1.9476813837109113
FR002845,0.17024654150009155,0.3399011439014745
FR017222,0.5274797081947327,1.8493056352832238
FR010534,0.2623232901096344,0.5891069928789133
FR008943,0.3241056501865387,0.7943852754534906
FR009393,0.44406020641326904,1.3232365681494351
FR007743,0.2737541198730469,0.6244538986796957
FR011297,0.5553240776062012,2.0688370661810116
FR018016,0.25186043977737427,0.5577001183031282
FR004946,0.19903206825256348,0.4116530397320779
FR002331,0.25746166706085205,0.5744035265644674
FR001341,0.3230767548084259,0.7906598457590616
FR012732,0.2459496557712555,0.5403426841569943
FR000264,0.3273550868034363,0.8062256868211963
FR017731,0.38244083523750305,1.0259095819864874
FR017297,0.2210865616798401,0.4702150748754972
FR001777,0.4905586540699005,1.5952184052940566
FR010377,0.3918198347091675,1.0672780165788307
FR010779,0.6306383609771729,2.8284727264965204
FR005569,0.2608901262283325,0.58475243389361
FR011462,0.24612438678741455,0.5408518899837865
FR012228,0.3020596504211426,0.7169647570208348
FR001158,0.5368314981460571,1.9200934755597374
FR012857,0.3046157956123352,0.7256897641330616
FR008154,0.2998338043689728,0.7094190649672851
FR006465,0.2862805426120758,0.6644888444924077
FR019485,0.27579277753829956,0.6308751722124302
FR017131,0.2581452429294586,0.5764592863097945
FR010478,0.26626959443092346,0.6011854478294777
FR006147,0.30100131034851074,0.7133709564655075
FR013681,0.2823713421821594,0.6518448578896208
FR004348,0.24570602178573608,0.5396330732439079
FR013557,0.6029326915740967,2.515521883069121
FR009441,0.23259511590003967,0.5021106481173365
FR007897,0.23510435223579407,0.5091923594257416
FR016738,0.4082448184490204,1.1428836273052734
FR018234,0.26703572273254395,0.6035454129264967
FR017533,0.6486095190048218,3.0578538529922605
FR004922,0.259380042552948,0.5801823939375048
FR007315,0.3695787489414215,0.9711795877095033
FR001031,0.2429395318031311,0.5316074033686968
FR010243,0.3787664771080017,1.0100434366331787
FR002509,0.40240752696990967,1.1155380188511395
FR015141,0.3891254663467407,1.0552637822906952
FR015150,0.266334593296051,0.6013854775899019
FR013430,0.8490813374519348,9.320296893752351
FR019472,0.2952864468097687,0.6941515364287191
FR014923,0.3136433959007263,0.7570241424610197
FR002562,0.2415785938501358,0.5276807680049337
FR012856,0.23934675753116608,0.5212717950821328
FR000441,0.3017231523990631,0.7158209310163576
FR006650,0.24740958213806152,0.5446045063285456
FR011764,0.26443734765052795,0.5955613718413652
FR007571,0.3236047327518463,0.7925701352712504
FR012384,0.7667657732963562,5.446203128513241
FR006394,0.4564177691936493,1.39097937881767
FR019528,0.2831715941429138,0.6544219810020809
FR001291,0.37988361716270447,1.0148474359255186
FR012046,0.30035334825515747,0.711176040601679
FR018568,0.19314910471439362,0.3965726994226358
FR017153,0.32588717341423035,0.8008627166902159
FR009717,0.3217870891094208,0.786006181286497
FR012913,0.26070091128349304,0.58417878037753
FR006415,0.2185838222503662,0.4634031877937654
FR005416,0.23985478281974792,0.5227273394306122
FR014470,0.2784199118614197,0.6392035091237354
FR016267,0.4631917476654053,1.4294370317866156
FR001280,0.29171040654182434,0.6822828593214718
FR010266,0.3038678765296936,0.7231302265148479
FR012575,0.16887561976909637,0.3366079222156817
FR009831,0.22090230882167816,0.4697120881555926
FR011947,0.5100707411766052,1.7247272889257454
FR006306,0.23235823214054108,0.5014444927515554
FR003743,0.2824544608592987,0.6521122648944555
FR009243,0.25775131583213806,0.5752741428261128
FR008224,0.25649258494377136,0.5714956243652891
FR000902,0.37067440152168274,0.9757545763824271
FR011150,0.2622687816619873,0.5889410636177502
FR017033,0.29261043667793274,0.6852587086716341
FR016752,0.2722353935241699,0.6196936645404831
FR009030,0.22441421449184418,0.4793402744151276
FR014899,0.29024818539619446,0.6774642791756733
FR001398,0.28716742992401123,0.6673767087100381
FR001930,0.2721084654331207,0.6192967257439758
FR002716,0.35777196288108826,0.9228698157493535
FR009260,0.21073557436466217,0.4423221889516084
FR003435,0.7254517674446106,4.377370332837004
FR013249,0.2499246597290039,0.5519854385090113
FR007076,0.2907339334487915,0.6790628017491577
FR008622,0.7982385158538818,6.554171701505038
FR012815,0.24196183681488037,0.5287850905476615
FR002831,0.8220736980438232,7.654097678471414
FR007987,0.33356866240501404,0.8291884270712263
FR005269,0.26440978050231934,0.5954769685030558
FR011245,0.25066736340522766,0.5541745074383242
FR012110,0.2587706446647644,0.5783434168307188
FR014662,0.46022966504096985,1.4125017521702083
FR011536,0.2635899782180786,0.5929698383102767
FR002000,0.2874636650085449,0.6683429049468238
FR014208,0.4089108407497406,1.1460380297935384
FR010954,0.3020282983779907,0.7168581383839435
FR012281,0.28209543228149414,0.6509576524537516
FR004505,0.2811586260795593,0.6479503758580898
FR007629,0.2577938437461853,0.5754020289699218
FR018506,0.25751933455467224,0.574576807366524
FR014191,0.2646334171295166,0.5961618674468685
FR002595,0.29326513409614563,0.6874281547605953
FR014006,0.5319278240203857,1.8826226589616422
FR008822,0.2579367756843567,0.5758319485459178
FR008139,0.2960483133792877,0.6966957105967557
FR016274,0.2044227570295334,0.425667299974513
FR019769,0.3204558789730072,0.781221133243581
FR016569,0.21609099209308624,0.4566615093217952
FR010670,0.2705289125442505,0.6143685882098134
FR007953,0.3022017776966095,0.7174482082455712
FR016611,0.2531730532646179,0.5615919823608697
FR005249,0.34871619939804077,0.8870033211468494
FR012225,0.29323017597198486,0.6873122137707546
FR008313,0.26720795035362244,0.6040766185262193
FR006920,0.2519990801811218,0.5581105382518763
FR002894,0.2722764313220978,0.6198220305606802
FR006670,0.5414125919342041,1.9558233458490248
FR008432,0.3888145685195923,1.0538843001828713
FR011570,0.3059288263320923,0.7301965762911583
FR003588,0.36273595690727234,0.9429628707794786
FR016443,0.45087796449661255,1.3602337251947394
FR007527,0.3567410111427307,0.9187356621371305
FR008025,0.268426775932312,0.6078430182441213
FR002175,0.22212068736553192,0.4730425273006163
FR015496,0.2611153721809387,0.5854357076806662
FR010407,0.33827340602874756,0.8468620409333067
FR019696,0.2777010202407837,0.6369185139928194
FR003229,0.3255423605442047,0.7996063407883444
FR000799,0.5240409970283508,1.8239759911289948
FR007923,0.268775075674057,0.6089216364931861
FR015935,0.2944721579551697,0.6914383782824127
FR002993,0.27555322647094727,0.6301187710713748
FR000507,0.3391280174255371,0.8500994393512872
FR014301,0.3403656780719757,0.8548027579247884
FR006558,0.2382473647594452,0.5181285692114351
FR017470,0.3382606506347656,0.8468137848879717
FR002525,0.25851282477378845,0.5775663049202773
FR013281,0.35978588461875916,0.9309841236369715
FR007838,0.40877431631088257,1.1453908461793891
FR016045,0.3317013084888458,0.8222425992322352
FR017485,0.26718610525131226,0.604009227349732
FR013073,0.17827251553535461,0.359401577372232
FR014466,0.273393452167511,0.6233216347628636
FR012422,0.2968493402004242,0.6993766019555805
FR006673,0.2586292624473572,0.5779172004495511
FR007622,0.23908208310604095,0.5205142458774877
FR018365,0.3643793761730194,0.9496841877748481
FR006638,0.41383126378059387,1.1695641437483573
FR003161,0.3623189926147461,0.9412630647418933
FR012344,0.2976263761520386,0.701983043141278
FR005404,0.3055126667022705,0.7287663162309461
FR004540,0.29223766922950745,0.6840252764550757
FR000590,0.256622314453125,0.5718844611562433
FR000141,0.22221389412879944,0.47329773773311606
FR014860,0.28881025314331055,0.6727450634974549
FR004854,0.20225681364536285,0.42001370041759406
FR018256,0.28652361035346985,0.6652796024702571
FR015101,0.2815730571746826,0.6492797892705457
FR013115,0.34799084067344666,0.8841735437999482
FR018909,0.2689287066459656,0.6093977291248694
FR006846,0.24883081018924713,0.548769273419054
FR008123,0.3119233250617981,0.7509904512592475
FR001877,0.38322049379348755,1.0293005160294777
FR004555,0.269974946975708,0.6126452904491879
FR002718,0.23436741530895233,0.5071077191698444
FR012638,0.6659358739852905,3.302371818701385
FR010712,0.8429878354072571,8.894292467211121
FR001080,0.24443134665489197,0.5359279015326751
FR006536,0.3131464719772339,0.7552779208660056
FR019501,0.4266967177391052,1.2329863630140718
FR015127,0.2726026475429535,0.6208429484053195
FR000831,0.39042767882347107,1.061057108616793
FR008861,0.2456769198179245,0.5395483411929762
FR006874,0.30263879895210266,0.7189359868880436
FR003962,0.2651059031486511,0.59761025142576
FR019912,0.27273306250572205,0.6212513479606935
FR019331,0.30406028032302856,0.72378814748721
FR006634,0.2541646361351013,0.5645410821209256
FR007496,0.27723848819732666,0.635450760219433
FR006323,0.43347668647766113,1.2675682650263034
FR015628,0.34762147068977356,0.8827349716660674
FR005458,0.27794331312179565,0.637688132951622
FR007514,0.2541637122631073,0.5645383307526822
FR014124,0.2542477250099182,0.5647885556312009
FR019643,0.24715523421764374,0.5438608239849344
FR002654,0.685565710067749,3.6119571184732466
FR013460,0.35135000944137573,0.8973315810120105
FR008181,0.3321762979030609,0.8240056908903045
FR000100,0.23898977041244507,0.5202501531038423
FR007205,0.24974021315574646,0.5514424665103664
FR006007,0.2468348741531372,0.5429248449221284
FR018905,0.36811578273773193,0.9650955858194364
FR017403,0.2716445326805115,0.6178470583193341
FR012309,0.2806289494037628,0.6462535072070282
FR016196,0.2698895037174225,0.6123797229987995
FR000988,0.43178093433380127,1.258841522036647
FR005048,0.7647584676742554,5.385595035719159
FR006682,0.23178943991661072,0.49984663475677904
FR010987,0.2541400194168091,0.5644677737990828
FR013038,0.3964467942714691,1.0881599780428153
FR010730,0.24473753571510315,0.5368167776467634
FR001802,0.2714519500732422,0.6172458307641607
FR014446,0.30367034673690796,0.7224551555294527
FR007744,0.26745516061782837,0.6048395313869159
FR015912,0.24790798127651215,0.546063223239569
FR015662,0.2597717344760895,0.5813659993439579
FR016982,0.20063495635986328,0.41580034806891075
FR015401,0.23342159390449524,0.5044380616702098
FR010207,0.21837067604064941,0.46282506809055995
FR000539,0.25170376896858215,0.5572365056217499
FR006535,0.2479933798313141,0.5463133621632041
FR010595,0.7963275909423828,6.477135199034186
FR005374,0.297444611787796,0.7013728274403118
FR014331,0.5758012533187866,2.248674650652399
FR004209,0.3110796809196472,0.7480421160110543
FR005716,0.26656290888786316,0.6020883848983165
FR004117,0.3837042450904846,1.0314087870079647
FR003314,0.28821662068367004,0.6708023546868783
FR018954,0.18143779039382935,0.367197281063725
FR003587,0.2697748839855194,0.612023569324472
FR010988,0.5605792999267578,2.1133914422726603
FR015435,0.30603182315826416,0.7305508212497954
FR011642,0.23040658235549927,0.49597174607463473
FR010997,0.7819042801856995,5.939225943346468
FR012473,0.2411106526851654,0.5263338982135433
FR000953,0.364357590675354,0.9495948613321172
FR003133,0.2559449374675751,0.5698556611388691
FR012525,0.35135385394096375,0.8973467181914725
FR014757,0.2933014929294586,0.6875487534664152
FR000371,0.29261744022369385,0.6852818948073537
FR007130,0.2596910893917084,0.5811222055428718
FR016292,0.3444620966911316,0.870496506056041
FR007169,0.38169148564338684,1.0226585287769225
FR006823,0.31952303647994995,0.7778791779705885
FR002535,0.3198072612285614,0.7788964564837623
FR007960,0.25139495730400085,0.5563232532903096
FR005355,0.28878459334373474,0.6726610227287079
FR007359,0.19813533127307892,0.4093400576317718
FR008112,0.3254747986793518,0.7993603197940423
FR000612,0.2336970567703247,0.5052148977460533
FR014813,0.22146058082580566,0.47123683142473793
FR014791,0.33809569478034973,0.846189893534265
FR006403,0.36274340748786926,0.9429932642130019
FR013570,0.28094881772994995,0.6472779362342087
FR013805,0.2905553877353668,0.6784749806777404
FR006130,0.3079511523246765,0.7371714091633511
FR009326,0.2777305841445923,0.6370123931005389
FR017742,0.29675987362861633,0.6990768706097816
FR000798,0.365690678358078,0.9550721818595105
FR009171,0.2738090455532074,0.6246264285620678
FR000347,0.7302234768867493,4.484097402328546
FR012749,0.23316138982772827,0.5037047696766901
FR007640,0.24153229594230652,0.5275474351771404
FR010324,0.34603989124298096,0.8765936266687566
FR000721,0.25571301579475403,0.5691618851998508
FR013145,0.281779408454895,0.6499422957093985
FR018368,0.24598796665668488,0.5404543105699702
FR018175,0.45384806394577026,1.3766400778054981
FR019431,0.2885567247867584,0.6719149754221178
FR015325,0.2253314107656479,0.4818692223782924
FR009151,0.6268550753593445,2.7829987219234877
FR008633,0.21494320034980774,0.4535717847898842
FR019610,0.42527246475219727,1.2258255207842454
FR019502,0.24389705061912537,0.5343785481408054
FR003571,0.26775166392326355,0.6057552463945437
FR017936,0.25340384244918823,0.5622776807385254
FR018211,0.2523858845233917,0.5592564076353309
FR011969,0.2680467665195465,0.6066673721155107
FR004301,0.27837538719177246,0.639061855324426
FR003200,0.7205612659454346,4.271768479968342
FR014829,0.27081960439682007,0.6152739313008779
FR001848,0.5535947680473328,2.0544051748256367
FR008675,0.2999185025691986,0.7097053165143593
FR013086,0.24979721009731293,0.5516102250385739
FR007902,0.5850319266319275,2.335545229376139
FR015026,0.28481850028038025,0.6597438082017165
FR009600,0.21880899369716644,0.46401426640742355
FR010392,0.251314252614975,0.556084708545254
FR016680,0.2798680067062378,0.6438201252108703
FR015213,0.2545013129711151,0.5655441880141917
FR006024,0.29646891355514526,0.698102621849929
FR012339,0.5974388718605042,2.458583932079314
FR018708,0.2667308747768402,0.6026057751286392
FR013620,0.2530738413333893,0.5612973437530588
FR008686,0.6124551892280579,2.618037071812322
FR015734,0.24501946568489075,0.5376358664485171
FR015855,0.264041543006897,0.5943501287469373
FR015510,0.26613327860832214,0.6007660598705401
FR007885,0.24784106016159058,0.5458672458513906
FR011658,0.9070722460746765,16.17036555527819
FR000971,0.5519008636474609,2.0403767498932743
FR010290,0.23594899475574493,0.5115866221182918
FR003841,0.30413925647735596,0.724058310207733
FR019668,0.25196966528892517,0.5580234480457641
FR004507,0.49168941378593445,1.6024522700300232
FR019271,0.2604895234107971,0.5835382511291076
FR000384,0.2709575295448303,0.6157037438042958
FR015936,0.2742765247821808,0.6260959086711457
FR005166,0.36603692173957825,0.95649857690156
FR003704,0.2931494116783142,0.6870443973657799
FR007545,0.3112058937549591,0.7484827403734943
FR009972,0.25956839323043823,0.5807513912642609
FR012241,0.25217559933662415,0.5586333116462628
FR008261,0.26907864212989807,0.6098625626484889
FR007386,0.1610289216041565,0.317965714848725
FR005953,0.22128838300704956,0.4707662944186934
FR001658,0.2425856590270996,0.5305850372242465
FR004941,0.30165547132492065,0.7155910022737231
FR004624,0.1662023812532425,0.3302174281411815
FR019989,0.2751026153564453,0.6286972860640854
FR013906,0.455328106880188,1.3848823939978077
FR016101,0.30359235405921936,0.7221887159069579
FR005215,0.2819060981273651,0.6503492311564324
FR015208,0.8377823829650879,8.555720837423017
FR001712,0.23233480751514435,0.5013786412613277
FR018046,0.2486768364906311,0.5483173078029933
FR002222,0.2479264736175537,0.546117383907573
FR009360,0.5128644108772278,1.7441189593311794
FR003703,0.2640402913093567,0.5943463003632321
FR014097,0.302394837141037,0.7181052226733182
FR001013,0.32678312063217163,0.8041332474454101
FR006249,0.2931986153125763,0.6872075505542352
FR012620,0.3692668378353119,0.9698800833881362
FR016582,0.24974997341632843,0.5514711919790404
FR018412,0.1262754648923874,0.23942408923111785
FR011256,0.30094051361083984,0.7131648397658351
FR008078,0.2438792735338211,0.5343270357293967
FR001421,0.3091532289981842,0.7413366209346605
FR002333,0.2477855086326599,0.5457045905966432
FR002935,0.2444985955953598,0.5361230654999078
FR002629,0.3733818233013153,0.9871282544526474
FR000301,0.17496708035469055,0.3513245239830472
FR001365,0.29492560029029846,0.6929484457842005
FR004052,0.3701247572898865,0.9734575015806942
FR004268,0.4354747235774994,1.2779179175367854
FR010539,0.20769281685352325,0.4342614543784238
FR017676,0.2628937363624573,0.5908449616049715
FR012616,0.23356010019779205,0.5048285951034127
FR001585,0.22187058627605438,0.472358024973557
FR007356,0.24319103360176086,0.5323345929647636
FR017370,0.17765650153160095,0.3578913827897615
FR014043,0.2934729754924774,0.6881177117348505
FR006261,0.38650837540626526,1.0436951623189863
FR013689,0.38677549362182617,1.0448714099553025
FR005472,0.32288140058517456,0.7899537850694257
FR017342,0.33138328790664673,0.821063553123758
FR017510,0.30535781383514404,0.7282345543937828
FR016062,0.24476158618927002,0.5368866274311237
FR019522,0.4952986538410187,1.6257586890445672
FR000540,0.24700768291950226,0.5434296322241927
FR017089,0.31921184062957764,0.7767663404102471
FR003002,0.27299338579177856,0.6220669986556631
FR013456,0.33481431007385254,0.8338434337719948
FR010343,0.32765713334083557,0.8073321082971832
FR011039,0.26500821113586426,0.5973106283825201
FR015337,0.22049950063228607,0.4686133015017684
FR000911,0.23366804420948029,0.5051330527684721
FR003285,0.3610951900482178,0.9362868957687353
FR004564,0.2663903534412384,0.6015571040400348
FR007388,0.29296091198921204,0.6864195657594008
FR005223,0.42399436235427856,1.2194296407363845
FR004863,0.18695469200611115,0.38092986301743564
FR012311,0.2860053479671478,0.6635942197968243
FR016997,0.2867644131183624,0.66606352339738
FR019504,0.35610026121139526,0.9161729026201567
FR015457,0.4077041745185852,1.1403282561402008
FR011071,0.2459408938884735,0.5403171562560114
FR010877,0.17698493599891663,0.3562475760751538
FR005462,0.23987606167793274,0.5227883479861181
FR017277,0.387004017829895,1.04587852360383
FR000310,0.31745627522468567,0.7705074414369029
FR010091,0.17699536681175232,0.3562730873104019
FR003786,0.205396369099617,0.4282186876392428
FR010883,0.3034062385559082,0.7215531467125736
FR009777,0.2208426147699356,0.46954918205504653
FR007361,0.27862441539764404,0.6398543551261844
FR016025,0.49934259057044983,1.6522713086313237
FR000593,0.23638196289539337,0.5128159870183262
FR014199,0.8434799313545227,8.927464329751613
FR013185,0.4136260151863098,1.1685748933237585
FR007319,0.5416286587715149,1.9575261783558835
FR016049,0.3318748474121094,0.8228864598549214
FR014874,0.16161569952964783,0.3193477116560829
FR008339,0.27033334970474243,0.6137599248579398
FR009599,0.8607597351074219,10.240956035337973
FR010486,0.29565340280532837,0.6953762607498716
FR005524,0.336113840341568,0.8387184187974015
FR001207,0.28858456015586853,0.6720060834862535
FR015764,0.2591550052165985,0.5795029475153125
FR007994,0.2468632608652115,0.5430077487256562
FR007827,0.29032671451568604,0.6777225582126866
FR014031,0.21443504095077515,0.45220676112850655
FR015446,0.3451651632785797,0.8732097589510938
FR008903,0.3344026207923889,0.8323030162202191
FR015376,0.32434025406837463,0.7952363188997368
FR002195,0.26486870646476746,0.5968829032681824
FR009215,0.3486139476299286,0.8866040338490601
FR017430,0.2805655300617218,0.6460505049191577
FR001418,0.3110538721084595,0.747952034193122
FR002019,0.23516076803207397,0.509352113438283
FR000790,0.3342876732349396,0.8318732572556753
FR001662,0.2588949501514435,0.5787182873729614
FR010854,0.17629258334636688,0.35455569435177403
FR000231,0.3434807360172272,0.8667189860930824
FR012980,0.2976135015487671,0.7019398103868995
FR007979,0.3008108139038086,0.7127252439418679
FR007231,0.26745498180389404,0.60483897936512
FR005235,0.23971500992774963,0.5223266818477552
FR016110,0.2639677822589874,0.5941245497890543
FR003684,0.29490041732788086,0.6928645297767797
FR019737,0.32624053955078125,0.8021515918703988
FR019832,0.33872750401496887,0.8485811915478517
FR010220,0.3163377642631531,0.7665365174398909
FR011782,0.27705109119415283,0.6348566275731732
FR003876,0.32647690176963806,0.8030144593216222
FR006502,0.29808950424194336,0.7035392760378256
FR007290,0.29589176177978516,0.6961724733774224
FR007519,0.4132198691368103,1.166619403596227
FR014774,0.22612817585468292,0.48407097597547966
FR012894,0.2484802007675171,0.5477403837928148
FR005182,0.28778544068336487,0.6693933147011464
FR002153,0.6450008749961853,3.009930172353512
FR019215,0.317783385515213,0.7716712052157684
FR009533,0.25562208890914917,0.5688900023498215
FR013010,0.3142087459564209,0.7590138950550513
FR014924,0.2284039855003357,0.49038491411498675
FR005044,0.3840426504611969,1.0328855840996791
FR000855,0.3342156410217285,0.8316040232137505
FR014010,0.3836941719055176,1.031364852602169
FR004734,0.298502653837204,0.7049293021605842
FR008155,0.1656559854745865,0.3289162854410997
FR005237,0.3349403440952301,0.8343153964881398
FR013227,0.3353646993637085,0.8359058060944717
FR010958,0.13378484547138214,0.2558612652407211
FR013045,0.2586735486984253,0.5780506900338224
FR010808,0.2905247211456299,0.6783740476920712
FR015531,0.2435074895620346,0.5332502772850083
FR013354,0.26365068554878235,0.59315530288145
FR010615,0.23766274750232697,0.5164608077944239
FR002575,0.244790181517601,0.5369696826233541
FR018092,0.2769370377063751,0.6344951775580249
FR010908,0.22127771377563477,0.47073714718944654
FR002162,0.28801625967025757,0.6701473887702953
FR009475,0.2110089361667633,0.44304941029290557
FR003998,0.24474935233592987,0.5368510960989035
FR019761,0.24503885209560394,0.5376922121061225
FR008647,0.24038903415203094,0.5242601243548295
FR013307,0.19862709939479828,0.4106078497327579
FR007083,0.21598854660987854,0.45638537006454466
FR017816,0.2408028542995453,0.5254488708190723
FR014930,0.28720974922180176,0.6675146875744254
FR019364,0.7024240493774414,3.9104338356007333
FR010482,0.2696341276168823,0.6115863551683886
FR008357,0.41234374046325684,1.1624102717752771
FR010412,0.21132349967956543,0.4438868639054221
FR005869,0.23461151123046875,0.5077977708024312
FR011375,0.31729671359062195,0.7699401719772059
FR014254,0.23207281529903412,0.5006424004348022
FR002288,0.26746541261672974,0.6048711810872148
FR012417,0.313471257686615,0.7564189518924421
FR003425,0.5208839178085327,1.8010409995994767
FR000199,0.29913607239723206,0.7070635971434169
FR006043,0.27520751953125,0.6290280559468331
FR019151,0.25020816922187805,0.5528205518323116
FR014859,0.24573291838169098,0.5397113900419915
FR005443,0.27282828092575073,0.621549620688265
FR004501,0.27658286690711975,0.6333734916996411
FR010115,0.2672886252403259,0.6043255318138309
FR015143,0.2578914165496826,0.5756954965802595
FR017012,0.3190995454788208,0.7763650222764104
FR011029,0.28456372022628784,0.6589189076506906
FR011352,0.6588917374610901,3.199964950734714
FR003986,0.3773120939731598,1.0038150306212759
FR015620,0.2465941458940506,0.5422220456848768
FR001951,0.2658401131629944,0.599864637497129
FR003915,0.29050761461257935,0.6783177487292631
FR010178,0.2656806707382202,0.5993746875921182
FR019960,0.2652084529399872,0.5979248590693419
FR010204,0.35212188959121704,0.9003743539763936
FR005669,0.5223457217216492,1.8116227642613334
FR015968,0.2726741433143616,0.6210668220720792
FR001177,0.27664533257484436,0.6335712454405233
FR004264,0.32382872700691223,0.7933814754867011
FR008593,0.2859831750392914,0.6635221682947839
FR011770,0.24396920204162598,0.5345876451772437
FR009650,0.33608394861221313,0.8386060701993878
FR018992,0.37335503101348877,0.9870152205679315
FR012011,0.3167095184326172,0.7678548721816586
FR016697,0.24428460001945496,0.5355021469338231
FR003231,0.24268919229507446,0.530884054061245
FR014921,0.2384559065103531,0.5187241043555101
FR004308,0.3677625060081482,0.9636306429942523
FR007182,0.28789371252059937,0.669746972498548
FR012174,0.28106623888015747,0.647654224821299
FR005442,0.28901758790016174,0.6734243471556282
FR016551,0.26507478952407837,0.597514816772031
FR017024,0.21483856439590454,0.45329056602452367
FR012813,0.18777425587177277,0.38298582321642605
FR009741,0.7348262071609497,4.590684385729947
FR006473,0.30582985281944275,0.7298562680684639
FR007526,0.26560264825820923,0.599135010190584
FR014170,0.4472091495990753,1.3402111707920088
FR009382,0.33276185393333435,0.826182644434573
FR011968,0.25823673605918884,0.5767347267325813
FR018740,0.3625132441520691,0.9420546782841419
FR001144,0.23681625723838806,0.5140505188232941
FR013302,0.3042006194591522,0.7242682638822004
FR010318,0.2810703217983246,0.6476673111789122
FR005213,0.41033661365509033,1.1528147038906684
FR011490,0.29974567890167236,0.7091213039114158
FR010938,0.29314807057380676,0.6870399507464674
FR016425,0.29654625058174133,0.6983614979927024
FR010593,0.3658338189125061,0.9556616792981487
FR011211,0.24885313212871552,0.5488348113457476
FR019892,0.33927175402641296,0.8506447582587313
FR016964,0.7827089428901672,5.967354553666334
FR009590,0.3643585443496704,0.9495987715270386
FR009232,0.28036022186279297,0.6453935685749952
FR017683,0.20384828746318817,0.4241648077270201
FR001053,0.25253188610076904,0.5596892310865714
FR010977,0.31283706426620483,0.7541919187474635
FR015166,0.26089224219322205,0.5847588506432014
FR015169,0.29585734009742737,0.6960574581321924
FR008346,0.2487381398677826,0.5484972320441402
FR004725,0.2575882077217102,0.5747837945441651
FR011326,0.46846020221710205,1.460025073009436
FR004861,0.25041332840919495,0.5534252683191524
FR013172,0.2796536087989807,0.6431354407829102
FR005311,0.2972180247306824,0.7006125758891202
FR005670,0.2679729759693146,0.6064392256734756
FR000421,0.2568739950656891,0.5726392077851036
FR002872,0.16810502111911774,0.33476155909047794
FR000138,0.24125343561172485,0.5267446925849378
FR002797,0.3165644407272339,0.7673402113293711
FR004760,0.27794885635375977,0.6377057465138236
FR000707,0.26104000210762024,0.5852070294747475
FR016877,0.25690174102783203,0.5727224444145302
FR018888,0.26047274470329285,0.5834874254269667
FR018815,0.29786768555641174,0.7027936504060303
FR004584,0.43462300300598145,1.2734971364525085
FR016914,0.242864727973938,0.5313912095954322
FR009368,0.25809192657470703,0.5762988085455172
FR018217,0.2480999380350113,0.5466255590051514
FR001730,0.251155287027359,0.5556149927273221
FR016907,0.3013611435890198,0.714591618905161
FR016694,0.24293826520442963,0.53160374236158
FR019674,0.25527453422546387,0.5678513819156651
FR007703,0.270222932100296,0.6134164088258127
FR015165,0.3423749506473541,0.86247603117215
FR012386,0.23324300348758698,0.5039347149750273
FR015233,0.4617258608341217,1.421032739577268
FR016440,0.28161174058914185,0.6494039563205052
FR007753,0.23608872294425964,0.5119832124799637
FR011495,0.26398858428001404,0.5941881630347917
FR002964,0.42340609431266785,1.2164953585786904
FR007931,0.26701095700263977,0.603469047946911
FR005703,0.25923338532447815,0.5797395506553684
FR002169,0.36691534519195557,0.9601243579037199
FR002955,0.27010267972946167,0.613042414455097
FR011365,0.28352639079093933,0.6555664064397233
FR013203,0.24709486961364746,0.5436843990103869
FR018524,0.2445399910211563,0.5362432169448419
FR002252,0.26438385248184204,0.595397589514604
FR019003,0.24276335537433624,0.5310982964369833
FR001313,0.25021815299987793,0.5528499718337014
FR010394,0.34984463453292847,0.891418136783706
FR000113,0.21560505032539368,0.45535230574029817
FR005377,0.48556527495384216,1.563654300660803
FR009657,0.22591131925582886,0.48347127288117864
FR002764,0.47429773211479187,1.494633103104175
FR001689,0.5345229506492615,1.9023546475179312
FR002722,0.2472211718559265,0.5440535693554596
FR009494,0.3477187752723694,0.8831137822947731
FR004773,0.2867662012577057,0.6660693465723356
FR003287,0.23848319053649902,0.5188020438003472
FR018856,0.22774262726306915,0.48854622575195716
FR011663,0.4224359393119812,1.2116692807989125
FR015092,0.2175363004207611,0.4605650081261586
FR017054,0.3399827480316162,0.8533456748800385
FR002283,0.3074553906917572,0.7354577998654515
FR015586,0.45819899439811707,1.4009986740232774
FR019817,0.259893536567688,0.5817343133920675
FR004890,0.2651118338108063,0.5976284434309482
FR012021,0.27488717436790466,0.6280182863167392
FR008459,0.2211063802242279,0.4702691911398982
FR007100,0.224132239818573,0.4785639987812627
FR011773,0.2586502730846405,0.577980529656956
FR016501,0.6256517767906189,2.76872808081064
FR009160,0.40032121539115906,1.1058935400180085
FR018832,0.2608111798763275,0.584513052124536
FR019872,0.2627967894077301,0.5905494052843756
FR007053,0.4178922176361084,1.1892804428153563
FR016260,0.3608902394771576,0.935455398313979
FR002686,0.31831952929496765,0.7735810651894438
FR006292,0.26000186800956726,0.5820619957820201
FR007934,0.28014126420021057,0.6446933701860623
FR019846,0.2777268886566162,0.6370006577917855
FR006240,0.25995686650276184,0.5819258629754532
FR000336,0.427351176738739,1.2362887886173972
FR018908,0.3297854959964752,0.8151567490253357
FR017755,0.43271875381469727,1.2636613154195648
FR013645,0.3417290151119232,0.8600041390322815
FR007928,0.27874720096588135,0.6402453056261714
FR001960,0.2443321794271469,0.5356401704953445
FR003808,0.2566256523132324,0.5718944674774433
FR011880,0.27131953835487366,0.6168326362983718
FR004462,0.31059303879737854,0.7463446994373703
FR014531,0.25043126940727234,0.5534781660061131
FR003576,0.29587581753730774,0.6961191965194703
FR003633,0.3148418068885803,0.7612458535516069
FR011698,0.3593426048755646,0.9291937231138943
FR005274,0.2641265094280243,0.5946100335269248
FR010169,0.2717427611351013,0.6181538421853107
FR004964,0.2906719446182251,0.6788586841164598
FR017008,0.2586733102798462,0.578049971339255
FR018154,0.2632424831390381,0.5919088079952085
FR007647,0.27591603994369507,0.6312645778718321
FR013846,0.24788439273834229,0.5459941406122517
FR018283,0.29528024792671204,0.6941308584647399
FR001558,0.37435382604599,0.9912355798340915
FR019133,0.201422318816185,0.4178436652229438
FR000573,0.32429149746894836,0.7950594019765846
FR016947,0.28319182991981506,0.654487222680977
FR007340,0.3835611045360565,1.0307846112685077
FR000844,0.3281185030937195,0.8090240641836406
FR002884,0.2143009603023529,0.45184688654482646
FR000273,0.27193838357925415,0.6187650503321194
FR005125,0.31029176712036133,0.7452950588156251
FR016893,0.6460296511650085,3.0234929964215476
FR000732,0.23667506873607635,0.5136490200960663
FR014323,0.36177048087120056,0.9390303720021606
FR000203,0.24762026965618134,0.5452209117292655
FR015103,0.28961262106895447,0.6753760355516745
FR014970,0.6239566802978516,2.748779859833935
FR006069,0.2775971591472626,0.6365887677593345
FR004522,0.2756836414337158,0.630530504420279
FR010360,0.27439427375793457,0.6264663408144379
FR002354,0.28146782517433167,0.6489420804576642
FR011959,0.2754531800746918,0.6298030148532766
FR005787,0.44143033027648926,1.3092067002364163
FR005639,0.24452906847000122,0.5362115126390133
FR005289,0.7246858477592468,4.360583860373526
FR012909,0.22664856910705566,0.48551146226095376
FR003909,0.27608099579811096,0.6317859072846602
FR008002,0.2326670140028,0.5023129185497098
FR017251,0.4232732057571411,1.2158333390459208
FR001725,0.25277405977249146,0.5604075308354515
FR019731,0.3452933132648468,0.8737049393111114
FR019434,0.44499990344047546,1.3282819080781543
FR006202,0.2805219888687134,0.645911152357671
FR016820,0.26813921332359314,0.6069532650940707
FR001965,0.29426613450050354,0.6907529138109825
FR003853,0.24301151931285858,0.5318154979204065
FR016114,0.3069334924221039,0.7336564976172816
FR012436,0.27704790234565735,0.6348465201568021
FR012633,0.3036457598209381,0.7223711549384184
FR019550,0.3071911036968231,0.7345452891284996
FR002653,0.2857649624347687,0.6628133194506106
FR000517,0.49852970242500305,1.6469075611073605
FR005057,0.32533523440361023,0.7988522639450442
FR019980,0.2356390804052353,0.5107075100131817
FR002135,0.3021242022514343,0.7171843080696152
FR008005,0.2691524028778076,0.6100913074511416
FR012307,0.2534486949443817,0.5624109913124641
FR003680,0.4507646858692169,1.3596115050717537
FR015129,0.2452343851327896,0.5382606811714546
FR008324,0.5606632232666016,2.114111600766135
FR003782,0.2662847936153412,0.6012322191516732
FR010492,0.20806218683719635,0.43523666927414806
FR019774,0.2595212161540985,0.5806088446673214
FR004717,0.19323427975177765,0.39678946734261505
FR018857,0.32152244448661804,0.7850534181729939
FR017252,0.2764492332935333,0.6329505492139413
FR008100,0.2635084390640259,0.5927207793700968
FR003888,0.25932538509368896,0.5800173308486462
FR007691,0.26476699113845825,0.5965711436300395
FR005262,0.7167357206344604,4.191704286610955
FR006128,0.2655038833618164,0.5988316871465897
FR006091,0.22081592679023743,0.46947635817077327
FR005345,0.2434147596359253,0.5329818783330991
FR014049,0.30592113733291626,0.730170135138266
FR003341,0.2689373791217804,0.6094246105436446
FR008683,0.2631042003631592,0.5914868581501512
FR006960,0.27288171648979187,0.6217170423900099
FR006475,0.2952805459499359,0.6941318525892992
FR000299,0.24724970757961273,0.5441369939224882
FR001438,0.31642308831214905,0.766838975999164
FR013351,0.2715965509414673,0.6176972334161885
FR002631,0.20854750275611877,0.4365193896764426
FR007646,0.2486417591571808,0.5482143697053459
FR009652,0.2374933511018753,0.5159780416575451
FR011022,0.2765190005302429,0.6331713389007642
FR007513,0.26034921407699585,0.583113300077973
FR011475,0.24906553328037262,0.5494586228326267
FR016439,0.29850783944129944,0.7049467593330148
FR003354,0.30772608518600464,0.7363931562204072
FR006250,0.24729719758033752,0.5442758455931787
FR010925,0.3206530511379242,0.7819286874471477
FR011760,0.2331738919019699,0.503739990914169
FR011331,0.36464980244636536,0.950793518733216
FR015765,0.3067709803581238,0.7330961502205339
FR018687,0.2968592047691345,0.6994096549505131
FR004342,0.8270983099937439,7.924671973458919
FR007821,0.24771301448345184,0.5454923633634654
FR013903,0.2747631072998047,0.6276274504217263
FR007484,0.1931282877922058,0.3965197279382652
FR017113,0.3040587306022644,0.7237828467943987
FR016766,0.2760177254676819,0.6315859185232513
FR011699,0.45144468545913696,1.363350485310917
FR002725,0.3812918961048126,1.0209281288920073
FR007054,0.28118249773979187,0.6480269098410117
FR008498,0.22879141569137573,0.4914635007367712
FR012623,0.3481030762195587,0.8846109865216745
FR017019,0.24771222472190857,0.5454900515551132
FR001709,0.26149967312812805,0.5866024300671089
FR017249,0.26644113659858704,0.6017134343164442
FR010758,0.2585725784301758,0.5777463642364645
FR019416,0.20489703118801117,0.42690937301232007
FR019509,0.306463360786438,0.7320361859696612
FR011669,0.2479725480079651,0.5462523389144001
FR000903,0.2423834204673767,0.5300011830775387
FR012478,0.3384273648262024,0.8474446426872045
FR017747,0.34559038281440735,0.8748535823563734
FR009895,0.27821266651153564,0.6385443133760341
FR004559,0.35734590888023376,0.9211597157399022
FR011609,0.33315509557724,0.8276467662049884
FR015966,0.3443145751953125,0.8699279341863073
FR013193,0.40700486302375793,1.137029848994234
FR016749,0.2597282826900482,0.581234635995531
FR008050,0.2748395502567291,0.6278682450969647
FR016957,0.24132856726646423,0.5269609125956219
FR002919,0.3288385272026062,0.8116692168226166
FR010296,0.2761390209197998,0.6319693474003055
FR006392,0.3028772175312042,0.7197484365039817
FR018400,0.4949161410331726,1.6232728590289969
FR006851,0.29610511660575867,0.6968856196819955
FR013346,0.28011536598205566,0.6446105791912372
FR009937,0.23595081269741058,0.5115917810487436
FR001645,0.27939340472221375,0.6423050206333244
FR014611,0.20137400925159454,0.41771817903847214
FR003416,0.24275456368923187,0.5310728968159687
FR017013,0.22324389219284058,0.4761220645524651
FR009960,0.30062752962112427,0.7121043100178114
FR002026,0.3529226779937744,0.9035387562495028
FR016115,0.29329416155815125,0.6875244350236323
FR013317,0.5103708505630493,1.726799826136322
FR002393,0.2456420212984085,0.5394467407694105
FR005259,0.3309057652950287,0.8192952658350562
FR004186,0.24883334338665009,0.5487767107715423
FR018668,0.2799985408782959,0.644237188665151
FR016913,0.38255515694618225,1.0264062604938784
FR017964,0.2849738597869873,0.6602471036952707
FR008855,0.7832142114639282,5.985123964369312
FR009397,0.26404350996017456,0.5943561448047847
FR008621,0.35375329852104187,0.9068293293270872
FR006550,0.24803799390792847,0.5464440628128877
FR000967,0.22442731261253357,0.47937634723054984
FR005359,0.27792784571647644,0.6376389868613644
FR000188,0.3202935457229614,0.7806389069298255
FR014907,0.18835271894931793,0.38443945682097014
FR003878,0.2636563777923584,0.5931726945983962
FR014468,0.2179466038942337,0.46167578796330505
FR012107,0.5078854560852051,1.709712061127426
FR017336,0.3385891914367676,0.8480573097265183
FR004509,0.21339522302150726,0.44941908691172805
FR007060,0.31489261984825134,0.7614251816692205
FR009874,0.27440959215164185,0.6265145405208034
FR018117,0.1875525861978531,0.3824293328244356
FR017924,0.2601107954978943,0.5823915778503339
FR007927,0.2729744613170624,0.6220076843837061
FR015843,0.2946513891220093,0.6920350273403145
FR017096,0.8295904397964478,8.064792210794979
FR014543,0.2933667302131653,0.687765170287934
FR018507,0.3013448119163513,0.7145361897267324
FR018497,0.26434192061424255,0.595269226371627
FR018224,0.14172135293483734,0.27354600783214245
FR000252,0.3542745113372803,0.908898480475651
FR012254,0.2558267116546631,0.5695019436322464
FR016816,0.30952879786491394,0.7426409455217335
FR019725,0.30341580510139465,0.7215858074016364
FR018353,0.28157636523246765,0.649290407039336
FR004204,0.3031594753265381,0.7207109939750382
FR009523,0.3214912712574005,0.7849412384746891
FR004417,0.2700694799423218,0.612939182201923
FR013536,0.31794503331184387,0.772246713422324
FR008203,0.23075644671916962,0.4969507803536386
FR010264,0.272948294878006,0.6219256769806121
FR003706,0.26306912302970886,0.5913798499311432
FR010096,0.14424516260623932,0.2792384985199173
FR004701,0.27217182517051697,0.6194948516364487
FR012700,0.26879313588142395,0.6089775935528704
FR019553,0.23941463232040405,0.5214661507482788
FR008119,0.5446174740791321,1.9812469416640237
FR015907,0.2725481390953064,0.6206722964620943
FR008901,0.3112410306930542,0.7486054364351958
FR013548,0.37823671102523804,1.0077713358570326
FR005466,0.31155866384506226,0.7497151605340584
FR019306,0.38502898812294006,1.0371992224267736
FR010253,0.32229575514793396,0.787839550283453
FR016761,0.2802480161190033,0.6450346958464982
FR008557,0.7570919394493103,5.16333252697062
FR009694,0.27301710844039917,0.622141356026073
FR007656,0.7740234732627869,5.674324932769248
FR000629,0.3997967839241028,1.1034797741664115
FR001587,0.2684781849384308,0.6080021575734452
FR013628,0.492236465215683,1.6059635130877272
FR010328,0.22711783647537231,0.48681209169028944
FR011051,0.6099296808242798,2.5903608128519306
FR014652,0.35372650623321533,0.9067230574098101
FR010068,0.3164846897125244,0.7670573889325767
FR000758,0.24433930218219757,0.5356608344597501
FR009273,0.28636404871940613,0.6647604492552103
FR017593,0.7788940072059631,5.835811398839558
FR007001,0.47628113627433777,1.506567392131077
FR012189,0.2637132704257965,0.5933465354870856
FR012213,0.2801103889942169,0.644594669521328
FR003787,0.25763577222824097,0.5749267644057809
FR000190,0.2639305889606476,0.5940108204544545
FR012103,0.2936222553253174,0.6886132289570499
FR002304,0.12450726330280304,0.23559471247180505
FR012117,0.265604168176651,0.5991396787444963
FR019979,0.2835918664932251,0.6557777275377833
FR017098,0.24777455627918243,0.5456725248662945
FR004904,0.29425880312919617,0.6907285288431471
FR017304,0.2618159353733063,0.5875635008870749
FR000337,0.21982887387275696,0.4667864720392843
FR013385,0.2807317078113556,0.6465825079605616
FR002411,0.6802440881729126,3.524273405857713
FR005217,0.3034282922744751,0.7216284406165403
FR001226,0.2651040256023407,0.5976044922089274
FR001887,0.22326527535915375,0.4761807780585471
FR014957,0.26668810844421387,0.6024740182547778
FR004408,0.7304633855819702,4.4895631234130065
FR016685,0.3029891550540924,0.720130073334012
FR001736,0.6565931439399719,3.16745739044099
FR017050,0.2786900997161865,0.6400634781093283
FR016670,0.254610151052475,0.5658686575441172
FR011269,0.7600958943367004,5.24872846209869
FR005013,0.3201114535331726,0.7799861438256018
FR015579,0.22243629395961761,0.47390694025152064
FR005198,0.2858595550060272,0.6631205438112749
FR019595,0.23239706456661224,0.5015536676256126
FR014211,0.2476598620414734,0.5453367851284208
FR005864,0.38489416241645813,1.03660876089269
FR008276,0.2721446752548218,0.619409949629247
FR014537,0.3323136866092682,0.824516125519539
FR003389,0.28219074010849,0.6512640435877455
FR013260,0.21545575559139252,0.4549504079122505
FR004449,0.2616533637046814,0.5870693685269966
FR018475,0.4042661488056183,1.1241868424055526
FR009337,0.28094595670700073,0.6472687693150091
FR013586,0.6141616702079773,2.6369429805163827
FR012496,0.25695666670799255,0.5728872372996192
FR011397,0.216861754655838,0.45874139719475404
FR017987,0.3383710980415344,0.8472316898177789
FR016248,0.23120485246181488,0.49820686835300243
FR019113,0.24458520114421844,0.5363744557054791
FR013604,0.2800775468349457,0.6444896902685108
FR005776,0.2838427424430847,0.656587780703974
FR000488,0.35121577978134155,0.8968031829756063
FR004057,0.2528686821460724,0.5606883122488305
FR015625,0.29713043570518494,0.7003188259795553
FR004013,0.28880590200424194,0.6727308122548684
FR008006,0.27625223994255066,0.6323273617241355
FR004838,0.2722829580307007,0.6198424474059012
FR014054,0.2357429713010788,0.5110021305216453
FR016073,0.25993219017982483,0.5818512223454047
FR012738,0.2803996205329895,0.6455196056797168
FR018874,0.26355406641960144,0.5928601399853679
FR012858,0.31170719861984253,0.7502344522267568
FR005771,0.263884037733078,0.5938684927214692
FR009035,0.25603991746902466,0.5701399113927655
FR008688,0.31879931688308716,0.7752927211669622
FR014614,0.25737276673316956,0.5741364492436457
FR015772,0.40657663345336914,1.1350138780072982
FR016180,0.26790478825569153,0.6062284430297231
FR017083,0.4396010637283325,1.2995255771973913
FR006432,0.29854071140289307,0.7050574277576233
FR019324,0.2609638273715973,0.584975957257273
FR018519,0.2913031280040741,0.6809387222869868
FR009852,0.2796872854232788,0.64324296083983
FR012907,0.26111698150634766,0.5854405909980416
FR014885,0.2937733829021454,0.6891150929396997
FR004626,0.30086803436279297,0.7129191631702145
FR019575,0.3346292972564697,0.8331509355799281
FR012664,0.3045195937156677,0.7253602323463422
FR012993,0.28826624155044556,0.6709646187465649
FR014552,0.21482731401920319,0.45326033406343214
FR001952,0.3324459195137024,0.8250076034349823
FR000041,0.24391348659992218,0.5344261766075431
FR006649,0.3277073800563812,0.8075162626262539
FR017337,0.30198296904563904,0.7167040042283394
FR007240,0.44177958369255066,1.3110622858459047
FR009560,0.3011099100112915,0.7137392267115845
FR013497,0.22401437163352966,0.47823967513676335
FR007787,0.28642645478248596,0.6649634673386721
FR009790,0.49812769889831543,1.6442614089038896
FR005419,0.405017226934433,1.1276972039223288
FR016684,0.24511414766311646,0.5379110824507563
FR001956,0.34247782826423645,0.8628701757400237
FR014709,0.24452528357505798,0.5362005266405028
FR018194,0.2969856560230255,0.699833434560939
FR018930,0.3010110855102539,0.7134041001435535
FR005898,0.2723110616207123,0.6199303652199958
FR002244,0.24131663143634796,0.5269265598278908
FR013870,0.21817021071910858,0.4622816306000218
FR015451,0.28567907214164734,0.6625344294399248
FR000445,0.29753318428993225,0.7016701418311154
FR005393,0.3480519652366638,0.8844117606572425
FR002852,0.3106204569339752,0.7464402706901416
FR016082,0.3287098705768585,0.8111961545906141
FR002425,0.37252429127693176,0.9835152055430572
FR017719,0.276594877243042,0.6334115113557031
FR015566,0.8493810892105103,9.342142428924982
FR009851,0.17302364110946655,0.3466057410962496
FR015424,0.2659286558628082,0.6001368118737185
FR008682,0.29963919520378113,0.7087616134728644
FR006551,0.2774573266506195,0.6361449664651487
FR015163,0.2836478650569916,0.6559584920694911
FR012632,0.27022042870521545,0.6134086218131747
FR004055,0.2699233293533325,0.6124848495231691
FR015124,0.2232106328010559,0.47603074794822703
FR015034,0.2921120822429657,0.6836100202844932
FR014665,0.2574295699596405,0.574307092009376
FR018345,0.2652990520000458,0.5982028767010502
FR000972,0.634702205657959,2.8783682589595707
FR005069,0.2694745361804962,0.6110908397729583
FR007464,0.2618091404438019,0.5875428435172058
FR008415,0.3444443345069885,0.8704280341551629
FR011708,0.4247382581233978,1.2231487870310649
FR018742,0.29278361797332764,0.6858321822625186
FR003987,0.31031206250190735,0.7453657397983542
FR010519,0.2737509310245514,0.6244438828250093
FR010872,0.22454828023910522,0.47970955513016184
FR012099,0.7600919604301453,5.248615231199388
FR017534,0.35300877690315247,0.9038794518150628
FR011455,0.2815306484699249,0.6491436800490533
FR007396,0.2900908291339874,0.676946912880801
FR010190,0.25152167677879333,0.5566979110984983
FR017609,0.26509496569633484,0.5975767021159076
FR010576,0.305947482585907,0.7302607343919609
FR011850,0.22238774597644806,0.47377392681464453
FR003809,0.28173643350601196,0.6498042899922847
FR002303,0.2696991264820099,0.6117882321865519
FR015537,0.2637079358100891,0.5933302339166066
FR014735,0.22530370950698853,0.4817927551271195
FR001233,0.29975977540016174,0.7091689285613326
FR007687,0.2814481854438782,0.6488790639092715
FR000950,0.30918586254119873,0.7414498987013153
FR002365,0.21658076345920563,0.4579826738477353
FR000286,0.27640795707702637,0.6328199440073133
FR018752,0.25001537799835205,0.5522525920344152
FR010058,0.5360907912254333,1.9143826645120035
FR001524,0.3096386790275574,0.7430228235084703
FR008288,0.293192058801651,0.6871858086601096
FR015235,0.7963371276855469,6.47751607136289
FR015506,0.2591792345046997,0.5795760822272118
FR014839,0.31197863817214966,0.7511840099701675
FR010048,0.24556714296340942,0.5392287784124988
FR001849,0.2573868930339813,0.5741788836731465
FR005309,0.33713793754577637,0.8425736266795505
FR013111,0.30684614181518555,0.7333552769480106
FR009014,0.7589081525802612,5.214709174179025
FR019830,0.26917964220046997,0.6101757929637387
FR017090,0.6570815443992615,3.1743280691825104
FR017101,0.24761295318603516,0.5451995002532242
FR002007,0.8257952332496643,7.853002515368944
FR010984,0.6468653678894043,3.0345688013372456
FR017549,0.28713154792785645,0.6672597310137515
FR004183,0.26273494958877563,0.5903609185700823
FR017233,0.2627037763595581,0.5902659150852893
FR019210,0.23833249509334564,0.5183716375223811
FR003858,0.43840134143829346,1.2932104694748867
FR000346,0.2895949184894562,0.675317924510543
FR002234,0.32593488693237305,0.8010366690796119
FR016017,0.2421538382768631,0.5293387666882041
FR014823,0.2713029086589813,0.6167807534816614
FR018951,0.30770620703697205,0.7363244444820031
FR019108,0.21458205580711365,0.45260149255209264
FR016021,0.23263198137283325,0.502214356760687
FR002148,0.24877218902111053,0.5485971783433404
FR002518,0.38301047682762146,1.0283862553232828
FR009477,0.6119353175163269,2.612310515444166
FR008488,0.2543696463108063,0.5651517882325614
FR014369,0.2294498085975647,0.49329892198257047
FR004547,0.24441853165626526,0.5358907149102898
FR010556,0.26101619005203247,0.5851347916875869
FR007108,0.21395786106586456,0.45092656179847385
FR016934,0.2172762006521225,0.4598614651568209
FR011332,0.5524328947067261,2.0447714386149873
FR007795,0.24586762487888336,0.5401037089165618
FR007025,0.2296573519706726,0.4938781471121223
FR006986,0.6872702240943909,3.640673177946576
FR001239,0.2890104651451111,0.6734010045494591
FR010829,0.22650788724422455,0.4851218534887316
FR012551,0.2663210928440094,0.6013439279146078
FR010592,0.5548388957977295,2.0647766824156863
FR011298,0.2514696419239044,0.5565440499034914
FR013644,0.25890371203422546,0.5787447155025461
FR003920,0.26676931977272034,0.602724231708747
FR015076,0.3320913016796112,0.8236900130471103
FR015651,0.27370551228523254,0.6243012366476176
FR001827,0.2336617410182953,0.5051152721675078
FR010320,0.4979836344718933,1.643314149225144
FR017046,0.2847832143306732,0.65962952793641
FR005453,0.28920042514801025,0.6740236992922394
FR006635,0.2867678701877594,0.6660747815619713
FR018450,0.264345645904541,0.5952806297543892
FR014116,0.2715323567390442,0.6174968153133096
FR007657,0.2097204476594925,0.43962606174582375
FR015589,0.27923786640167236,0.6418089190538849
FR010849,0.4341612756252289,1.2711061438755022
FR000155,0.22898957133293152,0.49201557529456214
FR013677,0.28621211647987366,0.6642663349281696
FR005488,0.28839001059532166,0.6713694516818174
FR008832,0.3189963102340698,0.7759961990166145
FR018455,0.2786826193332672,0.6400396604576778
FR013442,0.207213893532753,0.4329983484875819
FR008723,0.3205580413341522,0.781587692590692
FR010577,0.2866145670413971,0.6655756450595072
FR012571,0.28675422072410583,0.6660303318576664
FR009334,0.23549555242061615,0.5103006158168699
FR019514,0.15747582912445068,0.30963848500657565
FR002460,0.3192777633666992,0.7770019954320854
FR011131,0.2287045568227768,0.4912215956800967
FR000607,0.2578924298286438,0.5756985446023355
FR017733,0.30246785283088684,0.7183538023840176
FR011996,0.31609147787094116,0.7656638993542519
FR017540,0.24912038445472717,0.5496197753064761
FR001914,0.39460843801498413,1.0798250634815976
FR013773,0.31800782680511475,0.7724703481664867
FR010400,0.6684510111808777,3.3399908432945375
FR016402,0.2853028476238251,0.6613135997915374
FR007522,0.31196296215057373,0.7511291512701571
FR005279,0.30247437953948975,0.7183760249001786
FR002415,0.2676331698894501,0.6053892027897328
FR008108,0.2878270745277405,0.6695292942535276
FR004442,0.17770913243293762,0.35802032213982776
FR005366,0.322439968585968,0.7883598350908431
FR017872,0.3533385694026947,0.9051852883814703
FR012852,0.5077818036079407,1.7090031705229647
FR008879,0.29502496123313904,0.693279600097999
FR009128,0.2701959013938904,0.6133323304556362
FR006205,0.29595351219177246,0.6963788319412811
FR015549,0.24359172582626343,0.5334941490907169
FR007627,0.26168227195739746,0.5871572185024945
FR010251,0.2520931661128998,0.5583891493783039
FR010391,0.34936392307281494,0.889535560499071
FR003864,0.2852095067501068,0.6610109123227284
FR015465,0.30040422081947327,0.7113482199612456
FR002997,0.2207804024219513,0.46937943004177535
FR017562,0.26921215653419495,0.6102766477021686
FR018219,0.25596943497657776,0.56992896881836
FR014047,0.2950308620929718,0.6932992696674167
FR013024,0.24090474843978882,0.525741772434616
FR013349,0.7743369936943054,5.684510038663551
FR004409,0.2963559925556183,0.697724734957925
FR016107,0.3215399980545044,0.7851165908189838
FR003994,0.2776540517807007,0.636769383147926
FR017529,0.2751294672489166,0.6287819427612156
FR013188,0.4989126920700073,1.6494325054773629
FR009304,0.2799796164035797,0.6441767146137027
FR014623,0.319001168012619,0.7760135516455522
FR019156,0.2431270331144333,0.532149496801123
FR016329,0.48998844623565674,1.5915827527166075
FR002360,0.30544576048851013,0.7285365324573058
FR013979,0.27322128415107727,0.6227815345259411
FR007112,0.27619293332099915,0.6321398119555685
FR018974,0.26841041445732117,0.6077923751145274
FR017599,0.5513724684715271,2.036022411122745
FR010423,0.38879239559173584,1.0537859704859196
FR019600,0.4072573482990265,1.1382198357950695
FR010824,0.25607556104660034,0.5702466020099135
FR017701,0.25457674264907837,0.5657690498910325
FR003415,0.3092575669288635,0.7416988370348301
FR015872,0.23362009227275848,0.504997793041747
FR017273,0.27429845929145813,0.6261649043838832
FR006176,0.3405003249645233,0.8553155034792946
FR015963,0.4287973940372467,1.243613295618557
FR010957,0.6379400491714478,2.9189239416544406
FR005444,0.2644321918487549,0.5955455856549696
FR015261,0.36960139870643616,0.971274002713227
FR011137,0.5187590718269348,1.7857742159658332
FR006513,0.26089125871658325,0.5847558682057229
FR001852,0.2701438069343567,0.6131703094436549
FR001713,0.8574219346046448,9.962429731049392
FR017405,0.22433613240718842,0.4791252581089784
FR010144,0.2724301218986511,0.6203029025584061
FR006747,0.13000908493995667,0.2475610883747435
FR010518,0.2774205207824707,0.6360281803155955
FR007878,0.18683534860610962,0.3806308235115769
FR013833,0.29515618085861206,0.6937170774325091
FR009288,0.551565408706665,2.037611181650801
FR004597,0.4217256009578705,1.2081459409405781
FR008511,0.24932631850242615,0.550225018690366
FR005149,0.2827793061733246,0.6531579423023952
FR005570,0.6467043161392212,3.032430296656822
FR019409,0.6163118481636047,2.661004001220806
FR000261,0.180954709649086,0.3660036131547802
FR001764,0.24434927105903625,0.5356897560180527
FR015368,0.26909878849983215,0.6099250354338573
FR014143,0.3259808123111725,0.8012041255897263
FR011086,0.28941282629966736,0.6747203510592983
FR010356,0.27621740102767944,0.6322171842914087
FR005297,0.27234163880348206,0.6200260290074651
FR013753,0.2911780774593353,0.6805263292438822
FR001939,0.2624080777168274,0.5893651437260196
FR009566,0.2633795142173767,0.5923270947440376
FR008389,0.26266688108444214,0.590153483482657
FR007854,0.6225065588951111,2.731856738291846
FR013096,0.34568917751312256,0.8752358110302201
FR015997,0.2629447877407074,0.5910006301073354
FR003816,0.5505875945091248,2.02957341162961
FR016295,0.2384406179189682,0.5186804334651994
FR001918,0.5825473070144653,2.311784413020129
FR005054,0.2790316343307495,0.6411514558820629
FR006072,0.29131683707237244,0.6809839410532158
FR000620,0.33066973090171814,0.8184221518672442
FR012097,0.24862442910671234,0.5481635164099031
FR012476,0.6990231275558472,3.8475282668355657
FR013393,0.36412864923477173,0.9486565095413534
FR008450,0.25492367148399353,0.5668038586412124
FR003185,0.7516199946403503,5.013085270993128
FR012520,0.49418771266937256,1.6185494301298013
FR016051,0.325868159532547,0.8007934033615637
FR017890,0.8927200436592102,13.785423006845999
FR017075,0.42965731024742126,1.2479860338093567
FR001317,0.3833829462528229,1.0300081427485872
FR001485,0.2316635549068451,0.4994933167998178
FR016897,0.24531780183315277,0.538503286420883
FR011026,0.23429656028747559,0.5069074966019987
FR015547,0.36228591203689575,0.94112830288298
FR018240,0.25555169582366943,0.5686795637619854
FR006637,0.2679221034049988,0.6062819640987215
FR005675,0.5907543897628784,2.3913675244989347
FR008036,0.7504197955131531,4.981011506383701
FR002514,0.23033170402050018,0.49576232777161205
FR016599,0.2799840569496155,0.6441909043025325
FR009414,0.33615922927856445,0.8388890332725646
FR016394,0.25105780363082886,0.5553270447820051
FR004326,0.2529977858066559,0.5610715278004124
FR005056,0.3247755765914917,0.7968170512767679
FR012578,0.3550046980381012,0.9118028564604168
FR010066,0.293378084897995,0.6878028421684357
FR010888,0.23956464231014252,0.5218958190473824
FR012220,0.3094518482685089,0.7423735893533557
FR019739,0.273112028837204,0.6224389274833413
FR018489,0.2854761481285095,0.6618757915106123
FR002851,0.273985356092453,0.6251804230675677
FR014524,0.27078351378440857,0.6151614899153978
FR017344,0.20652735233306885,0.43119033355584035
FR002473,0.42263340950012207,1.212650290107714
FR008034,0.8784963488578796,11.977716556436695
FR003890,0.2259126901626587,0.48347506298122955
FR014328,0.8680493831634521,10.89824099523443
FR010240,0.2368495613336563,0.5141452475654887
FR007472,0.37527480721473694,0.9951390991865091
FR005451,0.24555130302906036,0.5391826757009603
FR001018,0.5695508718490601,2.1919673846328864
FR018657,0.2725910246372223,0.6208065579287373
FR007705,0.7161468863487244,4.179572325362398
FR002794,0.44057339429855347,1.3046636105633238
FR000899,0.25200650095939636,0.5581325104192965
FR008733,0.28706640005111694,0.6670473746956949
FR012000,0.6362376809120178,2.8975108826096005
FR014378,0.24366669356822968,0.5337112333493832
FR005690,0.43594056367874146,1.2803414676796567
FR017136,0.2867339253425598,0.6659642427571233
FR011805,0.23250862956047058,0.5018673869111295
FR011955,0.2811184525489807,0.6478215885700073
FR014310,0.29258912801742554,0.6851881664437768
FR007372,0.3452216386795044,0.8734279598964325
FR013395,0.2540987730026245,0.5643449532680678
FR010390,0.24699684977531433,0.5433979809947074
FR002495,0.2567257285118103,0.5721945201705931
FR011501,0.38390490412712097,1.0322842649211728
FR017977,0.3395818769931793,0.851822135057813
FR008260,0.41543030738830566,1.1772949494858111
FR000266,0.26888445019721985,0.6092605606817009
FR004228,0.4339733123779297,1.2701339189202312
FR016437,0.2630447447299957,0.5913054865825994
FR018320,0.2521868348121643,0.5586665946198014
FR013028,0.4994755983352661,1.6531506034044487
FR001796,0.2725508511066437,0.620680786468164
FR018216,0.2702885866165161,0.6136206515777897
FR008044,0.23467063903808594,0.5079649895145993
FR011666,0.2656121850013733,0.5991643033976474
FR004480,0.36365509033203125,0.9467176981074517
FR006254,0.49695533514022827,1.636568581137587
FR010406,0.23874320089817047,0.5195450687139892
FR019265,0.2579737901687622,0.5759433100142999
FR009076,0.20120757818222046,0.41728598335307543
FR006978,0.2421301305294037,0.5292703852870948
FR000344,0.26500990986824036,0.5973158377427787
FR018584,0.5045268535614014,1.6868931095213926
FR006933,0.2496356964111328,0.5511349096359501
FR002805,0.33933180570602417,0.8508726571883181
FR016095,0.27230486273765564,0.6199109723718572
FR003063,0.25728246569633484,0.5738652293209883
FR008868,0.7019506692886353,3.9015918988178835
FR019410,0.3057185709476471,0.729473754945031
FR000839,0.28532174229621887,0.6613748813983287
FR000018,0.2531823217868805,0.561619511924493
FR002428,0.47313302755355835,1.4876668644288913
FR008332,0.295303612947464,0.6942088003814048
FR016703,0.18737353384494781,0.38198005269780516
FR019818,0.30365705490112305,0.7224097435642489
FR004076,0.24949082732200623,0.5507087513287324
FR006815,0.35882291197776794,0.927097843455313
FR006585,0.3659159541130066,0.9560000578415864
FR007715,0.2365022450685501,0.5131577623573553
FR009499,0.29293203353881836,0.6863238699987958
FR010594,0.26743394136428833,0.6047740266819146
FR016931,0.310344934463501,0.7454802289821728
FR018786,0.3214862048625946,0.7849230075663256
FR001886,0.2898603081703186,0.6761894048318853
FR012008,0.20771585404872894,0.4343222508594861
FR005495,0.1932479292154312,0.39682420907417243
FR015640,0.27309826016426086,0.6223957584530802
FR001192,0.26739439368247986,0.6046519514944855
FR011273,0.2926860749721527,0.6855091432361585
FR001920,0.19516849517822266,0.40172433871278934
FR018116,0.2793985605239868,0.6423214691315706
FR017477,0.23931387066841125,0.5211776378622113
FR007549,0.37044432759284973,0.9747925626551038
FR001560,0.32525381445884705,0.7985559679816259
FR007550,0.16716469824314117,0.33251316325389985
FR015373,0.41594114899635315,1.1797736083400225
FR003614,0.37577906250953674,0.9972812325979425
FR002841,0.28609466552734375,0.6638845048434303
FR007105,0.21898387372493744,0.46448910540224936
FR019056,0.2978479564189911,0.7027273553149207
FR015442,0.7106572389602661,4.0688432775932695
FR009492,0.25435206294059753,0.565099395853523
FR006123,0.4611514210700989,1.4177518044941442
FR009854,0.4765258729457855,1.5080462587635295
FR004133,0.7005348205566406,3.8753130841013896
FR002249,0.33951807022094727,0.8515798033448172
FR017730,0.7987434267997742,6.574770877471688
FR018414,0.32635119557380676,0.802555479021637
FR002391,0.22074884176254272,0.46929332429359494
FR008010,0.731760561466217,4.5192853858850635
FR002566,0.3696961998939514,0.9716692528331928
FR018646,0.26622113585472107,0.601036342785783
FR009072,0.48286306858062744,1.546827324371559
FR014462,0.27867138385772705,0.6400038874628845
FR007952,0.46658122539520264,1.449046630348016
FR007406,0.33222848176956177,0.8241995427328991
FR004044,0.3445229232311249,0.8707310159641286
FR006674,0.27882489562034607,0.6404927549669852
FR007222,0.22960475087165833,0.49373131512394763
FR000819,0.2682041525840759,0.6071541338172755
FR019287,0.27383673191070557,0.6247134054991401
FR008496,0.3283523917198181,0.8098826789405381
FR018934,0.2001556009054184,0.41455832285565036
FR018898,0.32393214106559753,0.793756237856927
FR011574,0.6752288937568665,3.4442687603465063
FR003799,0.3320239782333374,0.8234400293042261
FR008258,0.28636083006858826,0.6647499793713751
FR019708,0.33994126319885254,0.8531879228809518
FR012503,0.8083611726760864,6.987878414624677
FR010025,0.3672513961791992,0.9615141044149121
FR011810,0.2609977126121521,0.5850787405423133
FR002708,0.30408623814582825,0.7238769376012868
FR004112,0.28102561831474304,0.6475240379862723
FR016296,0.29543164372444153,0.6946359820436552
FR001564,0.2648349702358246,0.5967794914476819
FR017296,0.2641407251358032,0.5946535239828546
FR005120,0.3125978112220764,0.7533528254840222
FR000343,0.2697221040725708,0.6118596058370762
FR002933,0.2317255586385727,0.49966732647984413
FR013239,0.35254988074302673,0.9020646336458258
FR000952,0.7165864706039429,4.188624465883061
FR000443,0.3457889258861542,0.8756218465129532
FR019949,0.279160737991333,0.6415629913901365
FR003919,0.23017865419387817,0.4953344076635698
FR018747,0.2961903214454651,0.6971705407869461
FR008787,0.23507805168628693,0.5091178915596023
FR015215,0.2962942123413086,0.6975180405659581
FR013513,0.2594827115535736,0.5804925156124877
FR000420,0.33788371086120605,0.8453885904061177
FR002342,0.49158039689064026,1.601753449320132
FR010452,0.2640649676322937,0.5944217766157336
FR002815,0.27991780638694763,0.6439792199358251
FR002867,0.29519587755203247,0.6938494556110719
FR009158,0.21322432160377502,0.4489616180282801
FR004396,0.2765393853187561,0.6332358578946731
FR002401,0.2514495551586151,0.5564846613273904
FR005760,0.25558826327323914,0.5687888763845286
FR017254,0.28566595911979675,0.6624918567135353
FR001667,0.21603235602378845,0.4565034484201604
FR015695,0.35879549384117126,0.9269873626644292
FR010074,0.36478397250175476,0.9513442558943145
FR017955,0.34657299518585205,0.8786603719631834
FR017842,0.25749319791793823,0.5744982679780196
FR000458,0.5729556083679199,2.2226513902147023
FR009716,0.2637051045894623,0.5933215823410741
FR010474,0.3372269868850708,0.8429094154131825
FR017939,0.4471713900566101,1.3400064797834268
FR013882,0.2601320445537567,0.5824558824633378
FR011853,0.4987739622592926,1.6485174526511306
FR008928,0.36126455664634705,0.9369744294686687
FR017326,0.2683750092983246,0.6076827944569515
FR003822,0.2738535702228546,0.6247663064492512
FR008727,0.4536988139152527,1.375811387597865
FR007170,0.27486997842788696,0.6279641077080717
FR011095,0.4201074540615082,1.2001520199473164
FR008769,0.24412274360656738,0.5350327462044585
FR009953,0.1994461566209793,0.41272285983711904
FR003865,0.2919798791408539,0.6831730469402136
FR011424,0.24869631230831146,0.5483744657735791
FR007613,0.2838066518306732,0.656471212804587
FR008471,0.8140719532966614,7.253394272874681
FR006171,0.7004179358482361,3.8731547485888553
FR005554,0.8070949912071228,6.9311380211005815
FR016468,0.27387362718582153,0.6248293226411429
FR004030,0.3216744661331177,0.7856006296284619
FR008409,0.7803907990455627,5.886877624559794
FR002189,0.2003476321697235,0.41505570318432156
FR017278,0.3945651352405548,1.0796293434253856
FR011442,0.3709957003593445,0.9770992086907653
FR006603,0.36560946702957153,0.9547378465639345
FR011830,0.4539482593536377,1.3771966531239086
FR003371,0.30383750796318054,0.7230264150316358
FR018423,0.2772609293460846,0.6355219293947363
FR000575,0.2709919810295105,0.615811129443686
FR010284,0.4647478759288788,1.43840907190844
FR018837,0.1872660517692566,0.3817104525780209
FR015513,0.397062748670578,1.0909640185478695
FR011482,0.5035465359687805,1.6802908661566969
FR014217,0.2051270753145218,0.4275123676769431
FR008560,0.22546400129795074,0.4822353043644415
FR007289,0.2809065580368042,0.6471425406171749
FR011882,0.7120242714881897,4.09602229431439
FR013178,0.31576019525527954,0.7644911216655026
FR000762,0.26895830035209656,0.6094894611274856
FR013403,0.2511011064052582,0.5554549439245865
FR015568,0.2716884911060333,0.6179843375923558
FR019101,0.26619449257850647,0.6009543709122355
FR011204,0.332322895526886,0.824550346545777
FR014690,0.42104747891426086,1.2047904633243487
FR015270,0.29028162360191345,0.6775742490687304
FR014732,0.339314728975296,0.8508078459819862
FR003673,0.1608300805091858,0.31749783682415056
FR001133,0.27889639139175415,0.640720508624827
FR003326,0.34795182943344116,0.8840215311335736
FR006285,0.4361158013343811,1.281254184469985
FR011606,0.23118162155151367,0.49814175722230597
FR002954,0.5183554291725159,1.7828893128826975
FR013835,0.27974364161491394,0.6434229129131985
FR012396,0.6705426573753357,3.3717131474764472
FR018626,0.25110140442848206,0.5554558242176963
FR012559,0.2565379738807678,0.5716316526795203
FR006425,0.2592933475971222,0.579920590362288
FR002819,0.19665828347206116,0.40554151896587004
FR013123,0.2842978835105896,0.6580588350727183
FR014787,0.25518736243247986,0.5675910327822282
FR010715,0.2981937527656555,0.7038898618579056
FR002719,0.2166822999715805,0.4582567766464612
FR019237,0.3612785041332245,0.9370310647174557
FR010257,0.5102497935295105,1.725963507963447
FR003066,0.27158865332603455,0.6176725746872997
FR002860,0.2962079346179962,0.6972294470384779
FR003698,0.25467824935913086,0.5660717213130977
FR011017,0.3126232922077179,0.7534421630056137
FR001509,0.28844889998435974,0.6715621208922353
FR016360,0.30484360456466675,0.7264704689194512
FR015020,0.3297584056854248,0.8150568428823545
FR019096,0.28090813755989075,0.6471476009569117
FR005316,0.29026979207992554,0.677535336968331
FR002876,0.21091923117637634,0.4428107135681964
FR017913,0.32372310757637024,0.7929988393732269
FR018834,0.2659502923488617,0.6002033309772198
FR007217,0.23038314282894135,0.49590618647110574
FR001957,0.32634568214416504,0.8025353522279426
FR018129,0.8876617550849915,13.09010931921148
FR005007,0.2759135663509369,0.6312567620929834
FR004345,0.6465632319450378,3.0305585300185345
FR010939,0.253431111574173,0.5623587281154497
FR001122,0.28437647223472595,0.6583130299098018
FR014749,0.23664617538452148,0.5135668741779452
FR010640,0.2733714282512665,0.6232525302884617
FR015386,0.2579290568828583,0.5758087272241551
FR005817,0.29435616731643677,0.6910524144302668
FR015067,0.780704140663147,5.897656178936603
FR016259,0.22561918199062347,0.4826639169222124
FR017620,0.19434310495853424,0.39961557644961815
FR015008,0.21027790009975433,0.4411057702964033
FR000391,0.2569776475429535,0.5729501922876882
FR004795,0.8116931319236755,7.140836843975151
FR010629,0.18994349241256714,0.3884476540503913
FR004839,0.27261245250701904,0.6208736479424695
FR004412,0.6973713040351868,3.81748523114734
FR009974,0.2894853949546814,0.674958463507112
FR007968,0.26564115285873413,0.5992532861794875
FR010769,0.3907589912414551,1.062535014391312
FR010823,0.254197359085083,0.5646385382055558
FR016420,0.31334060430526733,0.7559598131271287
FR013126,0.24288611114025116,0.5314530056461825
FR005804,0.5526520013809204,2.0465843448706353
FR005354,0.24908287823200226,0.5495095796678311
FR014915,0.6877579092979431,3.6489469261283913
FR018329,0.2376386672258377,0.5163921678591591
FR008067,0.3194994032382965,0.7777946296944436
FR007781,0.2467997819185257,0.5428223661804962
FR016099,0.25031059980392456,0.5531224294854737
FR001316,0.3002053201198578,0.7106751783851492
FR001212,0.23681378364562988,0.5140434833718277
FR010205,0.34106913208961487,0.8574838764674846
FR018779,0.2591220438480377,0.5794034632011132
FR006125,0.2554636597633362,0.5684164378893136
FR007379,0.2684880793094635,0.6080327886952073
FR017654,0.3387327194213867,0.8486009500519924
FR002945,0.3638747036457062,0.947616464498097
FR006596,0.29957324266433716,0.7085388877587321
FR007080,0.28914886713027954,0.6738546576156162
FR016560,0.5093425512313843,1.719708992577397
FR015725,0.44459331035614014,1.3260967683058797
FR014680,0.2571389675140381,0.5734343669722494
FR006639,0.4825398623943329,1.5448264463661032
FR005841,0.2849902808666229,0.6603003134481731
FR003947,0.26548224687576294,0.5987652488747334
FR001113,0.28565263748168945,0.6624486082942526
FR007000,0.27984729409217834,0.643753961232699
FR003377,0.23295843601226807,0.503133162398006
FR001290,0.2698301076889038,0.6121951499470273
FR003735,0.3099389672279358,0.7440670572247624
FR017657,0.2947804927825928,0.6924649930519342
FR002032,0.27917924523353577,0.6416219978271754
FR001525,0.5897844433784485,2.381796135391816
FR009713,0.26398369669914246,0.5941732163329605
FR007521,0.2605743706226349,0.5837953038138763
FR019063,0.28228816390037537,0.6515773211302454
FR011876,0.27085697650909424,0.6153903769685868
FR001096,0.37265920639038086,0.9840829900730296
FR007939,0.43399757146835327,1.2702593608451642
FR011010,0.29612356424331665,0.6969473018915116
FR019158,0.3483427166938782,0.885545499602094
FR016961,0.2310827225446701,0.4978646090916697
FR018910,0.29126426577568054,0.6808105464231926
FR017591,0.6615018248558044,3.2374130584683365
FR018566,0.2009516954421997,0.41662184674243996
FR018200,0.3571113348007202,0.9202191473595123
FR002133,0.6952440738677979,3.7792753561669574
FR018675,0.23130834102630615,0.49849697184736763
FR013867,0.1427783966064453,0.2759261062432022
FR007374,0.2766553461551666,0.6336029495983296
FR013479,0.2749747931957245,0.6282943836076638
FR019285,0.2800404727458954,0.6443711952518818
FR015987,0.2439878284931183,0.5346416316868692
FR011205,0.3692176043987274,0.9696750812829278
FR016785,0.30051591992378235,0.7117263560037835
FR014135,0.35374534130096436,0.9067977660024044
FR014755,0.3004300892353058,0.7114357818116035
FR015184,0.37643682956695557,1.0000807084802503
FR002187,0.3205786645412445,0.7816617021909461
FR004560,0.26201558113098145,0.5881706168153148
FR003351,0.2834486663341522,0.6553156029425253
FR004150,0.21929682791233063,0.4653393780743712
FR019970,0.2960500121116638,0.696701389489989
FR011919,0.24077998101711273,0.5253831308229336
FR019988,0.25122788548469543,0.555829483869339
FR016169,0.39201849699020386,1.0681680702545173
FR016131,0.2331954389810562,0.5038006967197516
FR005397,0.3246482312679291,0.7963544272161753
FR014633,0.2977229952812195,0.7023075395359014
FR010420,0.2619371712207794,0.5879321357902548
FR010529,0.2724473178386688,0.6203567184034376
FR011577,0.28968167304992676,0.6756027354286565
FR014674,0.2023428976535797,0.4202378131546255
FR012699,0.2663300633430481,0.6013715358065371
FR015258,0.25419583916664124,0.5646340113674297
FR016474,0.3161868751049042,0.7660018270088682
FR003365,0.5256020426750183,1.8354291858736833
FR017358,0.2617568373680115,0.5873838488596079
FR012795,0.17671340703964233,0.355583709616369
FR004267,0.3361731171607971,0.8389412417065716
FR005689,0.2827392816543579,0.6530290521723551
FR016912,0.3666578531265259,0.9590604915512824
FR004859,0.26483696699142456,0.5967856118477197
FR010880,0.24697992205619812,0.5433485250509003
FR015225,0.5247603058815002,1.8292441219503077
FR016770,0.4105245769023895,1.1537105356881898
FR016976,0.3098164200782776,0.7436407973165993
FR002263,0.2784266769886017,0.6392250336873674
FR007286,0.42767125368118286,1.237906659491711
FR007974,0.30441007018089294,0.7249851793271125
FR019997,0.3615574836730957,0.938164410466285
FR012864,0.3216177821159363,0.785396563277078
FR014971,0.22717392444610596,0.4869676517406203
FR015055,0.27999240159988403,0.6442175699630891
FR003838,0.22124779224395752,0.47065540894125923
FR015730,0.29085680842399597,0.6794675115506376
FR000841,0.2546192705631256,0.56589584905249
FR006907,0.3157455325126648,0.7644392401523801
FR019957,0.7681410908699036,5.488334958277575
FR007547,0.33420422673225403,0.8315613654917441
FR005709,0.2980978488922119,0.7035673351050221
FR019592,0.23815594613552094,0.517867606755122
FR001617,0.24112440645694733,0.5263734618471174
FR000242,0.3578025698661804,0.9229927537445897
FR012347,0.31061801314353943,0.7464317520742352
FR005638,0.23112158477306366,0.4979735055638268
FR014812,0.31673505902290344,0.7679454996444203
FR002843,0.3117796778678894,0.7504879279426488
FR009015,0.20423908531665802,0.4251866812136421
FR014707,0.28280767798423767,0.6532493161710686
FR000649,0.25838345289230347,0.5771765602020873
FR013332,0.2718406617641449,0.6184596845535587
FR005803,0.2665172517299652,0.6019477867826261
FR016583,0.2977141737937927,0.7022779087706933
FR006906,0.32670891284942627,0.8038620316412204
FR008884,0.2810094654560089,0.6474722729878296
FR005606,0.3178834915161133,0.7720275764648684
FR010524,0.277385413646698,0.6359167953819069
FR008268,0.27237844467163086,0.6201411905265592
FR012300,0.3231293857097626,0.7908501371405846
FR003692,0.2206224948167801,0.4689486865612542
FR013204,0.2717972695827484,0.6183241168759721
FR016278,0.3681371212005615,0.9651841231003554
FR015343,0.3401397466659546,0.8539428641789847
FR017545,0.2533086836338043,0.5619949027668317
FR006014,0.3171563744544983,0.7694414609799447
FR016212,0.2747427523136139,0.6275633409430408
FR007187,0.3295097351074219,0.8141401498075028
FR011115,0.20329253375530243,0.42271332775568526
FR001360,0.29775336384773254,0.7024095511398201
FR013896,0.2679777443408966,0.6064539671875415
FR008394,0.28648197650909424,0.6651441192970419
FR009418,0.2801891565322876,0.644846487294977
FR002277,0.2656553387641907,0.5992968646704285
FR017034,0.37007570266723633,0.9732526872032864
FR017057,0.36652737855911255,0.9585217468329208
FR000074,0.3095003366470337,0.7425420520010968
FR002988,0.2569728493690491,0.5729357945975896
FR016866,0.27216798067092896,0.619482828903598
FR010442,0.3717682361602783,0.9803378921929521
FR006722,0.34818384051322937,0.8849258619301081
FR004226,0.24824783205986023,0.547059009215092
FR000355,0.2853902578353882,0.6615971268984413
FR008075,0.2580467462539673,0.5761628376154591
FR000137,0.3204026520252228,0.7810301982076695
FR002922,0.6763524413108826,3.461976581941861
FR004221,0.29931098222732544,0.7076536332634116
FR007857,0.25473257899284363,0.5662337546008892
FR019752,0.6498247385025024,3.074214582863734
FR014353,0.2948758900165558,0.6927828043267558
FR008773,0.2991889417171478,0.7072419140284808
FR007056,0.5336976051330566,1.8960553332290322
FR003419,0.3731794059276581,0.9862745158092364
FR001812,0.31377658247947693,0.7574925981432549
FR011242,0.3095751404762268,0.7428019885434776
FR003603,0.2832300662994385,0.6546105097243609
FR000295,0.5225309729576111,1.8129683941870316
FR000763,0.23601841926574707,0.5117836514947746
FR004164,0.2868230640888214,0.6662545387647008
FR005868,0.22731374204158783,0.4873555343181516
FR007186,0.2337757796049118,0.5054370075624814
FR008452,0.6287004947662354,2.8050643642055584
FR019384,0.2612917721271515,0.5859711001768555
FR006759,0.2752079665660858,0.629029465682464
FR007225,0.300321489572525,0.7110682269099262
FR012413,0.27069801092147827,0.6148951475948891
FR008942,0.3146733343601227,0.7606514737981475
FR019488,0.7916861772537231,6.295907995482518
FR005548,0.3355323374271393,0.8365346440979968
FR006878,0.7552836537361145,5.112937748076019
FR015610,0.8835192322731018,12.565656470175638
FR003671,0.3113837242126465,0.7491038422479391
FR011695,0.36765390634536743,0.9631806385649674
FR006990,0.35391536355018616,0.9074723500326937
FR016207,0.24622228741645813,0.5411372978210437
FR001414,0.26576370000839233,0.5996298013075511
FR011813,0.35371723771095276,0.9066862957611537
FR011306,0.221421018242836,0.4711287067646408
FR007680,0.34771621227264404,0.8831038029851712
FR005257,0.21169449388980865,0.4448754103323526
FR006379,0.33725205063819885,0.8430039425044873
FR006721,0.2670629918575287,0.6036295030793507
FR002361,0.2694348394870758,0.6109676191454031
FR009816,0.3516499996185303,0.8985132899005912
FR002932,0.326217919588089,0.8020690468363911
FR004476,0.3078436553478241,0.7367996354357178
FR002159,0.3009086847305298,0.7130569459085165
FR007660,0.26247525215148926,0.5895697102990296
FR018143,0.30890634655952454,0.7404799876181029
FR010815,0.20422182977199554,0.4251415395619082
FR018398,0.8213077187538147,7.614186506453334
FR018304,0.35082390904426575,0.8952618252688537
FR012274,0.19828535616397858,0.4097266611698936
FR006979,0.24504254758358002,0.5377029531901469
FR005525,0.243699312210083,0.5338057006601957
FR013632,0.2522139847278595,0.5587470252439974
FR003236,0.23298774659633636,0.503215695215643
FR017630,0.32283222675323486,0.7897761223003059
FR015721,0.2531786561012268,0.5616086239446562
FR012807,0.28471383452415466,0.6594048611052302
FR011128,0.3723398447036743,0.9827393649250975
FR012927,0.29531559348106384,0.6942487675014074
FR004545,0.25993072986602783,0.5818468053626676
FR000278,0.27534767985343933,0.6294701402759215
FR019393,0.2735580801963806,0.6238383210945033
FR012208,0.25488150119781494,0.5666780229508478
FR011235,0.6411237120628357,2.9595145184235108
FR004094,0.3047099709510803,0.7260124424384498
FR005595,0.7485289573669434,4.931102418159568
FR003445,0.2164902687072754,0.45773843869781355
FR014987,0.3044910430908203,0.7252624520407291
FR002345,0.1834130883216858,0.37209283570108753
FR019776,0.32134655117988586,0.7844205851017113
FR012948,0.26793909072875977,0.6063344743204225
FR004983,0.2995401918888092,0.7084272890666943
FR009638,0.29968342185020447,0.7089109930302523
FR007402,0.27713173627853394,0.6351122709438907
FR014579,0.25688862800598145,0.5726831051684189
FR002180,0.28452813625335693,0.6588037442938471
FR007580,0.2287255972623825,0.49128018905655724
FR019067,0.44600990414619446,1.3337238013161263
FR019437,0.821254551410675,7.6114289299342035
FR015478,0.2836496829986572,0.6559643608967353
FR012118,0.5466839671134949,1.9978305832821457
FR019228,0.23514574766159058,0.5093095775798534
FR019711,0.2716909646987915,0.6179920629524074
FR014174,0.27193593978881836,0.6187574128601162
FR013053,0.3900827169418335,1.0595200220447911
FR018088,0.30244311690330505,0.7182695838371134
FR016729,0.252885103225708,0.5607370472262647
FR000913,0.2877519428730011,0.6692839196443066
FR010968,0.32466068863868713,0.7963996750421238
FR015580,0.39038416743278503,1.0608631340069605
FR018970,0.6714552640914917,3.385680476236762
FR011670,0.5133898854255676,1.747791309567165
FR018354,0.3503405749797821,0.8933632730623083
FR000978,0.3447842597961426,0.8717390652067201
FR013106,0.24756309390068054,0.5450535993267862
FR003320,0.398563414812088,1.0978196193978136
FR012136,0.36235299706459045,0.9414016047941611
FR016797,0.32070425152778625,0.7821124877156649
FR003582,0.31581076979637146,0.7646700877684324
FR012328,0.43386974930763245,1.2695985230132933
FR005485,0.1994045227766037,0.41261524646644554
FR014525,0.3234420716762543,0.7919812895941348
FR008362,0.25417327880859375,0.5645668210572169
FR001637,0.2770608067512512,0.6348874226811427
FR016540,0.3482902944087982,0.8853410125073025
FR015201,0.5558810234069824,2.073508964565646
FR014694,0.2699962556362152,0.6127115298960625
FR014875,0.32585418224334717,0.8007424529536133
FR015533,0.26316404342651367,0.5916694411441958
FR001987,0.29527267813682556,0.694105607982839
FR017182,0.2584534287452698,0.5773873520241182
FR003019,0.22397443652153015,0.4781298128586738
FR010803,0.2824421226978302,0.6520725670026718
FR005446,0.24448701739311218,0.536089461782544
FR003773,0.39760610461235046,1.093442325761613
FR016687,0.31132185459136963,0.7488877161202289
FR015023,0.18428047001361847,0.37425003552104585
FR007432,0.25504571199417114,0.5671681065135489
FR016921,0.3712652623653412,0.97822838305291
FR016510,0.3569662570953369,0.9196377747784167
FR000379,0.4241923391819,1.2204184979531505
FR000780,0.425330251455307,1.226115369230205
FR002752,0.8440477848052979,8.966003121159849
FR019736,0.4148655831813812,1.1745598831463884
FR010433,0.2579973042011261,0.5760140599064364
FR017220,0.5683872699737549,2.1815918201469584
FR006327,0.5026528835296631,1.6742949728715726
FR014993,0.27665483951568604,0.6336013454978343
FR005842,0.2872711718082428,0.6677149804137773
FR000091,0.202889546751976,0.4216620994466432
FR013599,0.3048650622367859,0.7265440310611105
FR016663,0.26892292499542236,0.6093798085333343
FR003601,0.37497395277023315,0.9938626818482953
FR014368,0.23413026332855225,0.50643771911556
FR010236,0.6416676044464111,2.9665210896204304
FR000275,0.25153648853302,0.5567417116961514
FR017984,0.30226531624794006,0.7176644007026629
FR007180,0.353157639503479,0.9044687188656132
FR012366,0.12818847596645355,0.24358457218147253
FR009341,0.19511331617832184,0.40158322880328773
FR002678,0.5717892646789551,2.21208517701389
FR010065,0.2618107199668884,0.587547645415749
FR018630,0.5344261527061462,1.9016146969993006
FR018449,0.2965778708457947,0.6984673593153997
FR004943,0.4209836721420288,1.2044751397688829
FR011990,0.4377354383468628,1.289716913895267
FR012200,0.27022862434387207,0.6134341152081588
FR011443,0.28471487760543823,0.6594082385055076
FR006519,0.2921363115310669,0.6836901234942447
FR001825,0.5029493570327759,1.6762817494887758
FR004670,0.5780865550041199,2.2698277589582303
FR015027,0.5754027366638184,2.2450092343769312
FR004536,0.3037020266056061,0.7225633977644484
FR008215,0.22594140470027924,0.4835544521841119
FR012381,0.15047262609004974,0.29342933019365375
FR007476,0.30259841680526733,0.7187984332462533
FR012235,0.26544779539108276,0.5986594681889609
FR011541,0.3014695346355438,0.7149595603594068
FR011105,0.2337045520544052,0.5052360430901982
FR013798,0.3963702917098999,1.0878121110607428
FR003818,0.30812960863113403,0.73778884780271
FR000602,0.26238059997558594,0.5892814763890131
FR006384,0.2924162447452545,0.6846159941959752
FR019093,0.2954068183898926,0.6945531388297963
FR004724,0.33201083540916443,0.8233912335757126
FR004156,0.3000618815422058,0.7101900473179903
FR013267,0.6390307545661926,2.932749420142434
FR009112,0.23185189068317413,0.500021956562133
FR016436,0.24711979925632477,0.5437572563519084
FR019766,0.265353262424469,0.5983692628048748
FR018139,0.5560440421104431,2.0748786524526945
FR016616,0.2900840938091278,0.6769247731542141
FR016379,0.28733181953430176,0.6679127803864549
FR018068,0.2890005111694336,0.6733683842849971
FR019311,0.634975790977478,2.881767230047063
FR004344,0.24394497275352478,0.5345174235061488
FR002004,0.5938499569892883,2.422220219513564
FR003398,0.6269071102142334,2.7836179109280157
FR013473,0.3337232768535614,0.829765277770273
FR004207,0.29470714926719666,0.692220711132999
FR007481,0.2777477204799652,0.6370668124324671
FR017224,0.23729828000068665,0.5154223703476536
FR006186,0.3331494629383087,0.827625782509769
FR014814,0.6574125289916992,3.1789954027636207
FR012026,0.6751677989959717,3.4433093797970566
FR019302,0.245296910405159,0.53844252173013
FR015321,0.26009491086006165,0.5823435096335033
FR001443,0.2310928851366043,0.4978930847902752
FR015992,0.43685516715049744,1.2851113896239121
FR017715,0.6031280755996704,2.5175758712659135
FR006070,0.22456780076026917,0.47976333456245596
FR011241,0.30730631947517395,0.7349430121004993
FR001155,0.266454815864563,0.6017555481090523
FR002641,0.24917885661125183,0.549791592136529
FR007684,0.4200364351272583,1.199802196179501
FR003975,0.48652151226997375,1.5696513352952968
FR019455,0.2580576241016388,0.5761955731662103
FR013085,0.2658136188983917,0.5997832086487642
FR004008,0.2966791093349457,0.6988063591687826
FR002018,0.30313608050346375,0.7206311831526138
FR019092,0.2644983232021332,0.5957480853756538
FR019010,0.34105321764945984,0.8574231574730897
FR000655,0.2610202431678772,0.5851470871523795
FR005181,0.2540218234062195,0.5641158547385866
FR007175,0.2311590611934662,0.4980785292680602
FR012127,0.256761372089386,0.5723014077678297
FR003779,0.2920662760734558,0.6834585978326654
FR007819,0.2098265290260315,0.4399074845687373
FR018978,0.22844494879245758,0.49049890269860563
FR000019,0.2989899218082428,0.7065708024762651
FR007546,0.19632993638515472,0.40469900238692175
FR012868,0.3045699894428253,0.7255328474477999
FR017367,0.22680439054965973,0.48594316454595754
FR002183,0.4621128439903259,1.423246959594061
FR018437,0.2778140604496002,0.6372775105802095
FR003470,0.2763749063014984,0.6327153762839769
FR006559,0.21294979751110077,0.44822718786860277
FR005244,0.33172857761383057,0.8223437504466816
FR014605,0.3077569603919983,0.7364998887243076
FR000977,0.2540789842605591,0.56428603263258
FR005238,0.24615852534770966,0.54095140505974
FR018105,0.29369789361953735,0.688864381521068
FR002218,0.23280932009220123,0.5027133790608853
FR019885,0.496203750371933,1.631655658880973
FR005020,0.2785864472389221,0.6397334910603966
FR014754,0.2906103730201721,0.6786559756660505
FR007661,0.33054646849632263,0.817966437064934
FR005665,0.342161625623703,0.8616591335153765
FR006665,0.2632478177547455,0.5919250889748146
FR001980,0.32693880796432495,0.8047024503783946
FR003538,0.32409319281578064,0.7943401019105724
FR002268,0.2464069128036499,0.5416757344793054
FR016741,0.6023933291435242,2.509862275777441
FR015962,0.27504783868789673,0.6285246096055919
FR015107,0.2654598653316498,0.598696526902076
FR015014,0.287291020154953,0.6677797112445293
FR016904,0.30736109614372253,0.735132146666841
FR016164,0.2643815875053406,0.5953906555239009
FR016141,0.29267919063568115,0.6854863473308564
FR003471,0.31873446702957153,0.7750612265447319
FR001519,0.21326829493045807,0.4490793068305343
FR015077,0.246141254901886,0.5409010599904265
FR014896,0.3654504418373108,0.9540834107030525
FR001277,0.2727046012878418,0.6211622080499536
FR001103,0.30285659432411194,0.7196781376569186
FR009272,0.326191782951355,0.8019736756156299
FR005236,0.30058008432388306,0.7119436269763648
FR013054,0.3263709843158722,0.8026277206053417
FR001984,0.2615691125392914,0.5868133748955257
FR005204,0.3063729405403137,0.731724803866785
FR019713,0.8336758613586426,8.303579407670547
FR010645,0.21721191704273224,0.4596876566981395
FR016696,0.2896897792816162,0.6756293513391786
FR019689,0.25651586055755615,0.571565378110261
FR004956,0.8688187003135681,10.971869411545994
FR015844,0.2605474591255188,0.5837137664901275
FR011175,0.24959653615951538,0.5510196965319448
FR009984,0.7317554950714111,4.519168740123307
FR016780,0.2478102743625641,0.5457771018544586
FR010184,0.2520272433757782,0.5581939289105945
FR006814,0.34486913681030273,0.8720666329368161
FR016286,0.2863776683807373,0.6648047534201282
FR014703,0.35029831528663635,0.8931974098767309
FR010488,0.24652104079723358,0.5420087063502458
FR006137,0.32710757851600647,0.8053197839310756
FR015615,0.2764832377433777,0.6330581564674369
FR003160,0.23277267813682556,0.5026102515199049
FR016069,0.235831618309021,0.5112535847686317
FR006533,0.8132949471473694,7.21631366228695
FR018754,0.24989186227321625,0.5518888701637027
FR007075,0.3132602274417877,0.7556774416102223
FR017183,0.3751864731311798,0.9947642019284618
FR016396,0.29707643389701843,0.7001377549964658
FR003794,0.26139456033706665,0.5862831911906385
FR008583,0.28772374987602234,0.6691918566900206
FR000281,0.3460085093975067,0.8764720700744071
FR000595,0.31534379720687866,0.7630186355700559
FR001837,0.5044115781784058,1.686115397700969
FR010791,0.29785239696502686,0.7027422763927031
FR015698,0.3349049985408783,0.8341830190690611
FR007737,0.26122716069221497,0.585774967963734
FR006758,0.27283135056495667,0.6215592376658877
FR006754,0.4178144633769989,1.18890035603109
FR019902,0.5048727989196777,1.6892292233456225
FR015737,0.2544083893299103,0.5652672377888124
FR016575,0.29275986552238464,0.6857535116341793
FR014766,0.44033753871917725,1.3034156517327506
FR018255,0.4377555549144745,1.2898223310755552
FR005012,0.18945346772670746,0.3872112850971484
FR009928,0.2857449948787689,0.6627484778290935
FR002532,0.3039971590042114,0.7235722652911694
FR013516,0.3172614872455597,0.769814971902213
FR001625,0.32642805576324463,0.8028360917180603
FR010561,0.3436647057533264,0.8674262745197094
FR012921,0.36181309819221497,0.9392037064061848
FR010123,0.31647026538848877,0.767006242751647
FR010787,0.24613997340202332,0.5408973243826518
FR015958,0.8098762035369873,7.056763451654085
FR005201,0.3466580808162689,0.8789905453140532
FR018413,0.28420495986938477,0.6577583460354567
FR003444,0.3408682942390442,0.8567178268349009
FR002873,0.2812066674232483,0.6481044044834633
FR006962,0.31403234601020813,0.7583927024630764
FR015545,0.27720075845718384,0.6353311152322323
FR019335,0.2518620789051056,0.5577049697570249
FR009066,0.262827068567276,0.5906417071794864
FR000001,0.2681766748428345,0.6070691359085553
FR019857,0.2601461708545685,0.582498633997633
FR004625,0.29566633701324463,0.695419452258212
FR012521,0.23847316205501556,0.5187733958293363
FR008872,0.26698413491249084,0.6033863480134708
FR004914,0.3839677572250366,1.0325586110851808
FR019628,0.33425432443618774,0.8317486025603944
FR014257,0.29112282395362854,0.6803441599801544
FR008970,0.30425265431404114,0.7244463303529551
FR013234,0.2670152187347412,0.6034821886046813
FR002112,0.5025439262390137,1.6735654055843145
FR004765,0.5324282050132751,1.8864102499314062
FR001253,0.21705684065818787,0.45926848241797946
FR010604,0.23804230988025665,0.5175433094243141
FR009672,0.2920879125595093,0.6835301195936814
FR014572,0.2565949261188507,0.571802359110668
FR018319,0.2860790491104126,0.6638337457285394
FR007554,0.2705644965171814,0.6144793736922987
FR002408,0.3509974777698517,0.8959442990521312
FR004938,0.26001518964767456,0.5821022978751578
FR009187,0.26602742075920105,0.6004404860804179
FR012214,0.2904948890209198,0.6782758695544574
FR005783,0.2782224714756012,0.6385754919891038
FR001892,0.28520023822784424,0.6609808605061194
FR009220,0.3421133756637573,0.8614744406599675
FR000569,0.2786717712879181,0.6400051209958777
FR013699,0.2232741415500641,0.47620512363111434
FR007916,0.3061387240886688,0.7309186051198672
FR003318,0.28520920872688293,0.6610099460142475
FR007847,0.24483899772167206,0.5371114839269301
FR010790,0.32113492488861084,0.783659625689132
FR008768,0.31795233488082886,0.7722727153466342
FR013429,0.27635136246681213,0.6326408929288395
FR019207,0.2610270082950592,0.5851676100300854
FR008009,0.3759429156780243,0.9979780445542321
FR011445,0.2450990229845047,0.5378671142918441
FR018788,0.266310453414917,0.6013111845458741
FR004910,0.31880465149879456,0.7753117661149145
FR009805,0.26590344309806824,0.6000593028239362
FR002117,0.24223923683166504,0.5295851213309749
FR016275,0.5504993200302124,2.028849504002455
FR011734,0.2538120746612549,0.5634916192853745
FR000049,0.30289167165756226,0.7197977091288753
FR013674,0.340003103017807,0.8534230848733849
FR013468,0.2665332555770874,0.6019970675500476
FR019793,0.30161747336387634,0.7154619336757024
FR000322,0.7309550642967224,4.50079525587045
FR008376,0.2662063539028168,0.6009908632483199
FR011056,0.28267860412597656,0.6528336810148239
FR004115,0.2812957465648651,0.6483900616786518
FR010307,0.2440645545721054,0.5348640409681439
FR009176,0.28106701374053955,0.6476567083521921
FR001174,0.255557119846344,0.5686957773438998
FR006416,0.3650205135345459,0.9523157691826244
FR007774,0.24335035681724548,0.5327955085163235
FR015801,0.2367732971906662,0.5139283373134983
FR005939,0.2975490689277649,0.7017234702749852
FR016781,0.4860762059688568,1.566855823938957
FR003089,0.3192010819911957,0.7767278856720413
FR013476,0.2922722101211548,0.6841395125240772
FR007825,0.35647252202033997,0.9176611851079606
FR016171,0.28129833936691284,0.6483983772845165
FR004178,0.31602808833122253,0.7654394053662515
FR011901,0.2736740708351135,0.6242024992512685
FR011033,0.2703414559364319,0.6137851479451998
FR009420,0.2922217547893524,0.6839726468500733
FR013397,0.38402628898620605,1.032814145483526
FR006800,0.30361294746398926,0.7222590615714627
FR004787,0.20117709040641785,0.417206830842625
FR010375,0.27458158135414124,0.6270558485523725
FR016586,0.25713402032852173,0.5734195157038032
FR000323,0.2458919882774353,0.540174679786491
FR018305,0.2742306888103485,0.6259517435931495
FR019888,0.2556666135787964,0.5690231284250806
FR001770,0.2842980623245239,0.6580594133821345
FR006447,0.28354164958000183,0.655615650326236
FR005757,0.2784480154514313,0.6392929287879113
FR016316,0.30320021510124207,0.7208499894350713
FR014283,0.29817941784858704,0.7038416476258629
FR010408,0.2943231463432312,0.690942558920118
FR003060,0.26495078206062317,0.5971345296154966
FR001648,0.27844905853271484,0.6392962477854387
FR010590,0.28529754281044006,0.6612963951280282
FR010671,0.5237959623336792,1.8221850209250339
FR013498,0.3022017776966095,0.7174482082455712
FR017897,0.2613939642906189,0.5862813811924124
FR005623,0.26794174313545227,0.6063426735048263
FR015047,0.29005953669548035,0.6768440548772454
FR018723,0.2505625784397125,0.5538653979395839
FR010678,0.48685789108276367,1.571766246434051
FR018504,0.3347392976284027,0.8335626177030228
FR017369,0.17665305733680725,0.3554362189237798
FR003820,0.27814191579818726,0.6383193596757512
FR003064,0.24953891336917877,0.5508501867847476
FR007616,0.29934754967689514,0.7077770261473324
FR014523,0.2643018960952759,0.5951467157130113
FR000472,0.2723830044269562,0.6201554583112691
FR007534,0.24668452143669128,0.5424858418244418
FR014237,0.3240070044994354,0.7940276071212671
FR002977,0.29696476459503174,0.6997634100236994
FR007682,0.14420266449451447,0.2791423654656887
FR014262,0.3324167728424072,0.8248992555367994
FR014197,0.28936782479286194,0.6745727164347914
FR004173,0.2575608491897583,0.5747015682983777
FR014817,0.29189157485961914,0.6828812640662512
FR011299,0.30630573630332947,0.7314934238099725
FR003651,0.29491686820983887,0.6929193476021376
FR005553,0.3072664141654968,0.7348052446520389
FR018389,0.3378569781780243,0.8452875768008157
FR004527,0.27288419008255005,0.6217247931260566
FR005773,0.2849176228046417,0.6600648957068929
FR018397,0.2825573682785034,0.6524434215116236
FR011682,0.17157910764217377,0.34311267446502813
FR007347,0.3322875499725342,0.8244190049650888
FR002842,0.307681679725647,0.7362396676700215
FR005749,0.2691611349582672,0.6101183901954872
FR007738,0.26045680046081543,0.5834391296055139
FR008482,0.36037254333496094,0.933357445192029
FR010174,0.28723978996276855,0.6676126430780166
FR013580,0.3658885657787323,0.9558872143258306
FR009501,0.42429399490356445,1.2209265135300453
FR010170,0.2645895183086395,0.5960273921385719
FR017088,0.2819420397281647,0.6504647040571971
FR004137,0.23882253468036652,0.5197718798907357
FR012670,0.25228291749954224,0.5589512622798428
FR019741,0.27124547958374023,0.6166015993102602
FR011170,0.3780215084552765,1.0068494643126569
FR018236,0.3601614534854889,0.9325029822124243
FR001029,0.2497139275074005,0.5513651088121605
FR004599,0.2739562690258026,0.625089008551425
FR011833,0.2860146164894104,0.6636243394257306
FR016632,0.4250350892543793,1.2246354961765447
FR008485,0.3646531403064728,0.9508072170584533
FR005113,0.26531291007995605,0.59824540847059
FR017538,0.33580321073532104,0.837551405354401
FR017197,0.42010796070098877,1.2001545158506206
FR002970,0.2290327399969101,0.49213588365804267
FR008420,0.5001975893974304,1.6579317451463205
FR011122,0.23083734512329102,0.4971772871818176
FR009967,0.32705703377723694,0.8051348675180662
FR016376,0.22136032581329346,0.4709628555265152
FR018658,0.3160399794578552,0.765481514607837
FR007138,0.2742016613483429,0.6258604547098646
FR009959,0.5609631538391113,2.1166875992699166
FR016149,0.31837525963783264,0.7737797610945
FR002471,0.655358076095581,3.150169693263446
FR001347,0.2798953354358673,0.6439074294061264
FR003411,0.3714289367198944,0.9789144748017083
FR015035,0.241366446018219,0.5270699393991495
FR001117,0.3222024142742157,0.7875029185622685
FR011681,0.2833032011985779,0.6548463580632062
FR010021,0.23237000405788422,0.5014775875750718
FR014740,0.31445178389549255,0.7598702770458684
FR005327,0.4642687439918518,1.4356410269793207
FR006829,0.2403917908668518,0.5242680390531401
FR009364,0.2839649021625519,0.6569824276241946
FR003644,0.7519837617874146,5.022867777042829
FR005546,0.3216855227947235,0.7856404383440739
FR014139,0.5152657628059387,1.7609660788539714
FR002253,0.4266554117202759,1.2327781841702847
FR010429,0.304151713848114,0.7241009301533056
FR001861,0.6259934902191162,2.7727713299948253
FR008106,0.5630828142166138,2.1349934359502325
FR012936,0.2606728971004486,0.5840938731689517
FR007336,0.2749837636947632,0.6283226544771058
FR011784,0.2542499005794525,0.5647950361303956
FR013458,0.33734720945358276,0.8433628958475254
FR015218,0.24375666677951813,0.53397182580354
FR012467,0.2730293869972229,0.6221798444101609
FR015403,0.2503085434436798,0.5531163682847513
FR003654,0.3533594012260437,0.905267818174656
FR014190,0.2813592255115509,0.6485936678987035
FR009791,0.2474304884672165,0.5446656562464869
FR010575,0.22211268544197083,0.47302061999904477
FR016479,0.26673662662506104,0.6026234969120768
FR014121,0.7688496112823486,5.510235625678252
FR008222,0.337873250246048,0.8453490623717778
FR016505,0.29628562927246094,0.6974893275737837
FR016391,0.30321866273880005,0.7209129342033161
FR018548,0.2555183172225952,0.5685797930736327
FR018662,0.23445336520671844,0.5073506466826021
FR014503,0.19262918829917908,0.39525051937551214
FR014177,0.2531580924987793,0.5615475470149177
FR005931,0.25900915265083313,0.5790628009897419
FR015777,0.36752820014953613,0.9626599427623854
FR000553,0.29661354422569275,0.6985868014702612
FR006929,0.24349179863929749,0.5332048566072994
FR017309,0.31586164236068726,0.7648501351684861
FR015099,0.2604524791240692,0.5834260404424996
FR012898,0.2449623942375183,0.5374700078662394
FR014327,0.2923147976398468,0.6842803763152658
FR001557,0.1827949732542038,0.37055836257979463
FR008630,0.2618592381477356,0.5876951552535322
FR006967,0.3087286055088043,0.7398636400992199
FR011951,0.29861438274383545,0.7053054911323966
FR018751,0.2477867156267166,0.5457081244281308
FR009244,0.5382832884788513,1.9313398538722026
FR019136,0.37687358260154724,1.0019428072382814
FR018986,0.29438433051109314,0.691146117010402
FR016315,0.27159979939460754,0.6177073762183696
FR012469,0.2975931167602539,0.701871361767037
FR008241,0.40163299441337585,1.1119497058392454
FR016600,0.213643416762352,0.4500838059501475
FR012867,0.2633708715438843,0.5923007084240497
FR009695,0.26987022161483765,0.6123198006077002
FR001752,0.6854463815689087,3.609958439745948
FR013065,0.2981792688369751,0.7038411464487629
FR004785,0.3292326331138611,0.8131194485562544
FR001486,0.26630309224128723,0.6012885307261125
FR002901,0.2334134876728058,0.5044152096469957
FR008318,0.37866339087486267,1.0096010090006307
FR000195,0.32643923163414,0.8028768995951245
FR012192,0.2653740644454956,0.5984331162184189
FR018416,0.3813258111476898,1.0210749092584779
FR012058,0.24222728610038757,0.5295506429548136
FR011691,0.20547044277191162,0.42841305649230066
FR007961,0.6977929472923279,3.825122777464182
FR010598,0.3186078369617462,0.7746093220227368
FR013735,0.32318535447120667,0.7910525293017282
FR011965,0.3490408658981323,0.8882719566971857
FR013585,0.2681768536567688,0.607069689019649
FR000211,0.3063001334667206,0.731474135612541
FR004213,0.2720555365085602,0.6191312434421078
FR012047,0.7693906426429749,5.52704975119789
FR000879,0.4158210754394531,1.179190608708227
FR016873,0.4002642035484314,1.1056309308875394
FR000288,0.26442795991897583,0.5955326283725462
FR010494,0.275879442691803,0.6311489474605334
FR002416,0.3126952648162842,0.7536945381004189
FR000970,0.3622230291366577,0.9408721724885711
FR005635,0.24280208349227905,0.5312101909418342
FR011509,0.3355528712272644,0.8366116915800595
FR001490,0.2299208790063858,0.4946140648746953
FR005556,0.3565007448196411,0.917774088851638
FR012013,0.3406354486942291,0.8558302753920263
FR014653,0.2812430262565613,0.6482209907048667
FR016690,0.2521286904811859,0.5584943638281837
FR013363,0.3675103783607483,0.9625861387247401
FR000665,0.2937748432159424,0.6891199433929407
FR006753,0.23468655347824097,0.5080100013835676
FR014073,0.26329731941223145,0.5920761767962816
FR010223,0.2591254413127899,0.5794137170521605
FR013077,0.2902541756629944,0.6774839789026612
FR012572,0.23340171575546265,0.5043820246649809
FR017834,0.2921648621559143,0.6837845202925182
FR019369,0.3586524426937103,0.9264110943588089
FR005469,0.2749009430408478,0.6280616686150182
FR004768,0.2588084936141968,0.5784575453503737
FR009530,0.3050799071788788,0.7272808224599616
FR004618,0.2688695788383484,0.6092144721175885
FR016195,0.3132840692996979,0.7557611934145121
FR003387,0.3316954970359802,0.8222210434830882
FR008936,0.345334529876709,0.8738642443365597
FR017491,0.6487979292869568,3.060383039980419
FR016644,0.2947999835014343,0.6925299184506443
FR003151,0.28350359201431274,0.6554928330564977
FR019013,0.23699171841144562,0.514549686052265
FR001455,0.25960981845855713,0.5808765735012044
FR010971,0.5120387673377991,1.7383648142577657
FR003316,0.2954999804496765,0.694864054803974
FR014156,0.8243041634559631,7.7722976221863656
FR003804,0.27710890769958496,0.6350398989986611
FR012989,0.2602812349796295,0.5829074716135607
FR015499,0.24552856385707855,0.5391164958887361
FR010107,0.3069835603237152,0.7338291864843498
FR008842,0.3099070191383362,0.7439559165116184
FR009592,0.2878073751926422,0.6694649526269167
FR017809,0.19315436482429504,0.3965860849189331
FR016071,0.28124576807022095,0.6482297829309864
FR002550,0.32492008805274963,0.7973422484308158
FR012613,0.2553769052028656,0.5681572030835244
FR010887,0.2821758985519409,0.6512163262991669
FR019937,0.24537450075149536,0.5386682175344455
FR013107,0.26654475927352905,0.6020324922979824
FR017912,0.3990703821182251,1.1001433720593399
FR019432,0.27835530042648315,0.6389979556507005
FR001542,0.5420302152633667,1.960695131141164
FR003791,0.7455406188964844,4.8537370251494725
FR000495,0.23122356832027435,0.49825932764889486
FR009279,0.265724778175354,0.5995102038466132
FR003532,0.2677572965621948,0.6057726493041988
FR009052,0.22710779309272766,0.486784238740553
FR012754,0.23281505703926086,0.5027295263957824
FR019309,0.3747907280921936,0.9930859272371909
FR016327,0.23908279836177826,0.5205162923670646
FR008137,0.444433331489563,1.325237875972101
FR003205,0.40023159980773926,1.1054807733015104
FR017011,0.2660622298717499,0.6005475337647826
FR008797,0.3470397889614105,0.8804728162218336
FR009082,0.2781331241130829,0.6382914093685744
FR009478,0.3773631155490875,1.0040330384014793
FR014398,0.2664642632007599,0.6017846341507782
FR002053,0.28822779655456543,0.670838898672308
FR009317,0.5521340370178223,2.0423015258476016
FR016919,0.3112832307815552,0.7487528131380157
FR002143,0.2831188440322876,0.6542519279611103
FR004719,0.3442043960094452,0.869503452529962
FR000007,0.2966310977935791,0.6986455790416967
FR000164,0.2823928892612457,0.6519141725816556
FR010332,0.24916914105415344,0.5497630417166209
FR019165,0.313801646232605,0.7575807749358222
FR005483,0.7592587471008301,5.224715980224739
FR006917,0.25244763493537903,0.5594394468510987
FR017298,0.2688154876232147,0.6090468511672066
FR010744,0.2898827791213989,0.6762632243186618
FR013745,0.2754115164279938,0.6296715460234878
FR016953,0.2883882522583008,0.6713636993970952
FR005796,0.21731722354888916,0.4599723967901296
FR004278,0.802751362323761,6.742026235626393
FR018513,0.20614704489707947,0.430190135076105
FR013748,0.27049559354782104,0.6142648641974205
FR011268,0.3336828052997589,0.8296142566749232
FR017268,0.23165783286094666,0.4994772596435371
FR010841,0.33715781569480896,0.8426485757132623
FR019438,0.26979750394821167,0.6120938466465056
FR015234,0.5724328756332397,2.217908688959148
FR004608,0.2729775905609131,0.6220174920423619
FR002946,0.2994445264339447,0.7081043260532676
FR019375,0.47698575258255005,1.5108289103878016
FR003358,0.2848567068576813,0.6598675601916781
FR002230,0.30433762073516846,0.7247371479281881
FR011057,0.46930131316185,1.4649646855393885
FR014527,0.24592702090740204,0.5402767382927097
FR002953,0.23710042238235474,0.5148590517673205
FR006105,0.34809112548828125,0.8845644008828324
FR005066,0.6906087398529053,3.6978341433196875
FR005512,0.2714492976665497,0.6172375523808199
FR000708,0.536381185054779,1.916619410860044
FR005605,0.3316531181335449,0.8220638636618504
FR002223,0.8609076142311096,10.253605206533972
FR016645,0.25523078441619873,0.5677207101855097
FR011118,0.2255808413028717,0.4825580031044251
FR008538,0.21783873438835144,0.4613836490715299
FR012563,0.3537655472755432,0.9068779170876107
FR002056,0.27696311473846436,0.6345778089353021
FR002438,0.156512051820755,0.30739181729779924
FR016832,0.25610917806625366,0.5703472359740908
FR003091,0.29482370615005493,0.6926089456438759
FR010825,0.24118229746818542,0.5265400048900979
FR018717,0.29052892327308655,0.6783878776435955
FR008211,0.26290494203567505,0.5908791286760834
FR011108,0.2468010038137436,0.5428259342819529
FR009104,0.3270386755466461,0.8050677113579353
FR018341,0.26713287830352783,0.603845041385296
FR007799,0.26789361238479614,0.6061938997942592
FR017119,0.23893991112709045,0.5201075398113387
FR000766,0.2603323757648468,0.5830623131762096
FR000330,0.5466641187667847,1.9976705808578883
FR017256,0.26717856526374817,0.60398596775359
FR000576,0.3218705952167511,0.7863069710201452
FR001267,0.3087398111820221,0.7399024883278765
FR000241,0.2604704797267914,0.5834805645852391
FR006853,0.3645453155040741,0.9503647849911669
FR006955,0.3620946705341339,0.9403495076129238
FR009068,0.38006338477134705,1.0156221016622613
FR017130,0.2702011168003082,0.6133485523684867
FR007811,0.1672489494085312,0.33271440820868065
FR004831,0.24080826342105865,0.5254644177295591
FR017557,0.35527992248535156,0.9128992908815071
FR003078,0.41285020112991333,1.1648418981127646
FR012511,0.21850183606147766,0.46318077808683233
FR017997,0.2561854124069214,0.5705754803872711
FR002982,0.308822900056839,0.7401905831088408
FR006622,0.24909678101539612,0.5495504256348985
FR011503,0.3188565969467163,0.7754972305607786
FR000746,0.250727117061615,0.554350815926339
FR008922,0.2316514253616333,0.49945927925759576
FR007039,0.28889143466949463,0.6730109885258823
FR012389,0.26645535230636597,0.6017571996623368
FR016594,0.29980623722076416,0.7093259121779835
FR012465,0.3260878622531891,0.8015945476035159
FR012872,0.35067784786224365,0.8946877941001526
FR008614,0.26777464151382446,0.6058262408981481
FR005045,0.2883566617965698,0.671260358107771
FR019452,0.27600839734077454,0.631556436561197
FR019352,0.28116610646247864,0.6479743578701682
FR003797,0.29728859663009644,0.7008493082287413
FR001582,0.2798708379268646,0.64382916950357
FR012978,0.40574440360069275,1.1311043100545157
FR008153,0.38585519790649414,1.04082322341493
FR001091,0.4028547704219818,1.117614281562628
FR011318,0.16027426719665527,0.3161911696713866
FR001601,0.37906232476234436,1.0113139774899418
FR008229,0.3808978497982025,1.019223921111734
FR002102,0.2378896027803421,0.5171076632690295
FR011778,0.21422834694385529,0.4516520424071421
FR014292,0.22658881545066833,0.4853459612911587
FR003329,0.3192610740661621,0.7769423316181007
FR009302,0.29275137186050415,0.6857253810108249
FR008283,0.28921809792518616,0.6740816481233783
FR012860,0.27050650119781494,0.6142988193157075
FR011933,0.38726669549942017,1.0470370806937659
FR012032,0.2484036087989807,0.547515746675137
FR000380,0.260010689496994,0.5820886833592493
FR013075,0.23464401066303253,0.5078896788977952
FR019329,0.24473924934864044,0.5368217544049005
FR001683,0.22220543026924133,0.47327456022401815
FR007055,0.2913994789123535,0.6812565686373377
FR008460,0.31275010108947754,0.7538868593668194
FR018920,0.47131913900375366,1.4768789017565214
FR005328,0.18245038390159607,0.369703925464461
FR007596,0.24049486219882965,0.5245640044391819
FR004639,0.28676262497901917,0.6660577002516225
FR014213,0.24130451679229736,0.5268916935172433
FR014609,0.2758086919784546,0.6309254410225059
FR010710,0.3333055078983307,0.8282072397371679
FR006457,0.29689696431159973,0.6995361835945064
FR013720,0.2915363609790802,0.681708269500221
FR014636,0.3754880726337433,0.9960446526221304
FR003344,0.2969176769256592,0.6996055953710881
FR006056,0.495827853679657,1.6292040108315324
FR012781,0.30226853489875793,0.7176753533383662
FR019936,0.27297934889793396,0.6220230030495126
FR011524,0.39156585931777954,1.066140993683285
FR018488,0.29196077585220337,0.6831099179823775
FR014222,0.3210185170173645,0.7832412520144255
FR008856,0.5337919592857361,1.896774346676189
FR019548,0.2700439989566803,0.6128599573536266
FR003961,0.3758125901222229,0.9974237843941764
FR011218,0.5216466784477234,1.8065544329707912
FR009733,0.2514045536518097,0.556351621338116
FR003551,0.3509933054447174,0.8959278891503314
FR009078,0.29858237504959106,0.7051977096236403
FR003018,0.42066943645477295,1.2029232472011937
FR000052,0.27258461713790894,0.6207864970094211
FR017520,0.25875070691108704,0.5782833018485443
FR003420,0.31225714087486267,0.7521590552879113
FR005368,0.28145498037338257,0.6489008659065302
FR007572,0.2372756451368332,0.5153579120330393
FR015740,0.2419205605983734,0.5286660986220568
FR000987,0.2022651731967926,0.42003546171163714
FR016777,0.3357115685939789,0.837207320809005
FR007595,0.6416475176811218,2.966261948152768
FR015882,0.25211530923843384,0.558454730701757
FR010628,0.2731817364692688,0.6226575074803694
FR013785,0.2792099416255951,0.6417198734776975
FR004111,0.32321256399154663,0.7911509354536903
FR016460,0.13619759678840637,0.261203165503797
FR008885,0.2526494562625885,0.5600378921813656
FR001373,0.3355664908885956,0.8366627982697785
FR001063,0.2881230413913727,0.670496404743768
FR011388,0.3000456392765045,0.7101351260392146
FR013297,0.38413289189338684,1.0332796707531173
FR019199,0.34974759817123413,0.891037895919855
FR012431,0.24003635346889496,0.5232480299381425
FR008429,0.2694874107837677,0.6111308060957003
FR010723,0.7458660006523132,4.862072596245133
FR006746,0.3650743067264557,0.9525368077803877
FR001641,0.2547340989112854,0.5662382879618061
FR019659,0.2612985074520111,0.5859915476682472
FR004841,0.2706546485424042,0.6147600971921405
FR006077,0.2677386403083801,0.6057150089460759
FR011479,0.33348071575164795,0.8288604265096939
FR000469,0.24992753565311432,0.5519939067402931
FR014530,0.27701523900032043,0.634742995119348
FR008220,0.30515533685684204,0.7275396098184576
FR007040,0.26227104663848877,0.5889479579484265
FR001706,0.261654257774353,0.5870720854334598
FR008475,0.24943064153194427,0.5505317524439394
FR007416,0.4182642102241516,1.1911002630805916
FR009169,0.27072420716285706,0.6149767425272311
FR006063,0.3195413053035736,0.777944538985477
FR014998,0.8976669907569885,14.531917024951374
FR002663,0.2718063294887543,0.6183524208807315
FR016261,0.3015584945678711,0.7152616267814652
FR007422,0.27509039640426636,0.6286587651150505
FR007437,0.2656414210796356,0.5992541101269356
FR011926,0.6523922085762024,3.10915707092881
FR004415,0.23318392038345337,0.503768244298305
FR015517,0.3672754466533661,0.9616136223048037
FR004101,0.5192899703979492,1.7895760155296534
FR011636,0.310219407081604,0.7450430905719644
FR002458,0.24220506846904755,0.5294865470184738
FR008469,0.32052046060562134,0.7814528398281996
FR008296,0.20747750997543335,0.4336934180463672
FR006484,0.26204508543014526,0.5882603662414412
FR017522,0.39853164553642273,1.0976741310917275
FR016133,0.29444217681884766,0.6913386025969941
FR003903,0.4615277349948883,1.419900345304204
FR000550,0.32607752084732056,0.8015568260334193
FR019868,0.34425783157348633,0.8697093031519827
FR019640,0.27752822637557983,0.6363699670069507
FR004986,0.2767621874809265,0.6339412762944632
FR005422,0.24284611642360687,0.5313374261875028
FR008321,0.3274358808994293,0.8065215449245416
FR018294,0.2602499723434448,0.5828128266801752
FR010180,0.3291533589363098,0.8128275983739769
FR010949,0.18279026448726654,0.3705466819560826
FR005110,0.3033581078052521,0.7213888394097013
FR017331,0.26771780848503113,0.6056506504194464
FR013679,0.3005380928516388,0.7118014325941847
FR012194,0.29221442341804504,0.6839484025474218
FR015396,0.293756365776062,0.6890585717899178
FR008371,0.2915566861629486,0.6817753560119992
FR009291,0.3204635977745056,0.7812488245143148
FR001193,0.35932573676109314,0.929125641974226
FR011069,0.2672384977340698,0.6041708625846552
FR017930,0.1896367222070694,0.38767347483260056
FR019310,0.269656777381897,0.611656697964049
FR019716,0.22785617411136627,0.4888616813342136
FR002625,0.28466224670410156,0.6592378368269265
FR015154,0.3492732644081116,0.889180832126599
FR006246,0.76085364818573,5.270608602769803
FR004976,0.2656479775905609,0.5992742512517372
FR000562,0.309073269367218,0.7410591097743426
FR016111,0.29500940442085266,0.6932277455387788
FR018344,0.22271370887756348,0.4746673299447553
FR014678,0.2373805195093155,0.5156565996827257
FR017239,0.20157600939273834,0.4182429841475984
FR007134,0.34058260917663574,0.8556289510669872
FR011158,0.3540814518928528,0.908131668713529
FR001759,0.28549036383628845,0.6619219197698475
FR005239,0.25362029671669006,0.5629211739660677
FR010405,0.17373570799827576,0.34833210406570986
FR006312,0.21886800229549408,0.4641744643871968
FR007735,0.3302690088748932,0.8169412517989738
FR019706,0.23550182580947876,0.5103183973473691
FR002177,0.2936965227127075,0.6888598290258994
FR010094,0.22912737727165222,0.49239967896623393
FR004242,0.3133140504360199,0.7558665195633074
FR011972,0.32207462191581726,0.7870421886864283
FR018299,0.20610129833221436,0.4300698873894688
FR014064,0.2472916692495346,0.5442596809111563
FR004436,0.31420865654945374,0.7590135801273803
FR009961,0.25429901480674744,0.5649413456816399
FR005275,0.3072981834411621,0.7349149223033709
FR003892,0.24337905645370483,0.532878556024231
FR012051,0.5777484178543091,2.2666834758957393
FR016202,0.2876474857330322,0.6689428561044283
FR016375,0.6162114143371582,2.6598741195437356
FR010964,0.269497811794281,0.6111630947324194
FR001067,0.302186518907547,0.7173962954693907
FR000546,0.2542615532875061,0.5648297473930115
FR016412,0.24313604831695557,0.5321755678240694
FR011650,0.25726020336151123,0.5737983743448543
FR019565,0.2984836995601654,0.7048654953812249
FR009806,0.32034116983413696,0.7808096872900059
FR009701,0.36130088567733765,0.9371219525189698
FR007196,0.36765816807746887,0.9631982949907022
FR007395,0.23806028068065643,0.5175945884009744
FR012087,0.40061360597610474,1.1072411406886304
FR017306,0.29810407757759094,0.7035882796293237
FR018991,0.3764238953590393,1.0000256031872419
FR004387,0.27097639441490173,0.6157625445451416
FR011240,0.2312047779560089,0.49820665952333004
FR013627,0.32283735275268555,0.7897946410933745
FR012800,0.21280211210250854,0.44783229923524703
FR014247,0.2989678382873535,0.7064963585087193
FR010358,0.24244324862957,0.5301738719757136
FR008255,0.3058028221130371,0.7297633431865098
FR010097,0.2713507413864136,0.616929992705287
FR017499,0.6083810925483704,2.573566864659183
FR000743,0.5186799168586731,1.7852081004739793
FR002450,0.34715214371681213,0.8809094488215408
FR011888,0.25214505195617676,0.5585428258588354
FR001107,0.26959866285324097,0.6114762219228649
FR017908,0.3223443329334259,0.7880147816434668
FR002898,0.19881126284599304,0.41108302886118764
FR015637,0.35425865650177,0.9088354894590452
FR009920,0.2911616265773773,0.6804720881768883
FR008200,0.7833263874053955,5.989080237710372
FR015174,0.2538454830646515,0.5635910228894311
FR005915,0.2854307293891907,0.661728425472403
FR005282,0.26642727851867676,0.6016707716183042
FR000926,0.2762202024459839,0.6322260433335359
FR010458,0.31389161944389343,0.7578973627721838
FR016978,0.26542407274246216,0.5985866353536557
FR000006,0.2823571264743805,0.6517991297285638
FR006612,0.2739076614379883,0.6249362615003267
FR012243,0.25881868600845337,0.5784882811642844
FR016191,0.2769964933395386,0.6346835857959804
FR012519,0.23098401725292206,0.4975880748913458
FR013060,0.23786181211471558,0.5170284002265498
FR017851,0.24753831326961517,0.5449810921023899
FR011529,0.22789135575294495,0.4889594417142697
FR015693,0.2850099802017212,0.6603641490625046
FR010990,0.27759596705436707,0.6365849835609846
FR017409,0.3040720224380493,0.7238283111959848
FR002798,0.25001147389411926,0.5522410936234812
FR000389,0.28302276134490967,0.6539422459294096
FR015291,0.5498639345169067,2.023647309995348
FR005879,0.22189360857009888,0.4724210163619784
FR013426,0.2577410042285919,0.5752431369005258
FR006832,0.2551920413970947,0.5676050055298422
FR002190,0.30498287081718445,0.7269479885807962
FR017799,0.2350338250398636,0.5089926789537239
FR011293,0.24743959307670593,0.5446922878144304
FR010254,0.3195902407169342,0.7781196342330209
FR009906,0.3285212516784668,0.810502942594294
FR006909,0.2506042420864105,0.5539882928999554
FR008623,0.3140082061290741,0.7583077186978859
FR000533,0.33243846893310547,0.8249799062418471
FR018045,0.7457626461982727,4.8594225682258925
FR007427,0.4448905885219574,1.3276941059075618
FR012756,0.2872658967971802,0.6676977777813754
FR003788,0.3088683784008026,0.7403482999015482
FR009976,0.3635786175727844,0.9464048793239949
FR009471,0.4413893520832062,1.308989134928209
FR001078,0.26210618019104004,0.5884462338308493
FR014451,0.7454604506492615,4.851686561614593
FR019404,0.362212210893631,0.9408281134415685
FR012230,0.3309691548347473,0.8195298547944453
FR004127,0.21212168037891388,0.44601483914660506
FR001136,0.27465271949768066,0.6272798193317684
FR017340,0.3877755403518677,1.049284202538324
FR001210,0.3294173777103424,0.8137998589253778
FR014082,0.29273298382759094,0.6856644829935514
FR018741,0.15434624254703522,0.3023617691327645
FR006231,0.2732709050178528,0.6229371715784868
FR008433,0.28254789113998413,0.6524129200584005
FR015798,0.2768442630767822,0.6342012470424707
FR001039,0.2608698606491089,0.5846909795612906
FR011538,0.3025217354297638,0.718537277439544
FR006667,0.6800858378410339,3.52171059839507
FR015719,0.29545730352401733,0.6947216160391594
FR007615,0.36315202713012695,0.9446612507109198
FR016819,0.43989354372024536,1.3010692373028057
FR013163,0.2141866832971573,0.4515402621929722
FR008823,0.2956860065460205,0.6954851382377236
FR003394,0.28398236632347107,0.6570388580198265
FR019031,0.2821010649204254,0.6509757577354433
FR009734,0.3260318636894226,0.801390299682448
FR011903,0.2737237513065338,0.6243585176144957
FR009740,0.21402619779109955,0.45110980322460065
FR014077,0.2954896092414856,0.6948294382095916
FR016807,0.38181352615356445,1.0231874642433838
FR016547,0.26110324263572693,0.5853989026211025
FR008354,0.4147910475730896,1.1741992874039593
FR008776,0.2646065652370453,0.5960796101071536
FR002372,0.8267623782157898,7.906092515635909
FR012649,0.2539932429790497,0.5640307755711734
FR008315,0.371980220079422,0.9812279805150999
FR007208,0.28556370735168457,0.6621599398093845
FR009502,0.34966206550598145,0.890702826840732
FR006094,0.2739177346229553,0.6249679143288122
FR013062,0.3296634256839752,0.8147066306756208
FR011872,0.29271355271339417,0.6856001339106041
FR017270,0.33169063925743103,0.822203025375302
FR009140,0.2453433722257614,0.5385776649009413
FR002339,0.44698435068130493,1.3389929686801094
FR012160,0.21742333471775055,0.46025939013558426
FR018458,0.27048003673553467,0.6142164381625581
FR016940,0.312137633562088,0.7517405603192482
FR011927,0.2543618977069855,0.5651286997610007
FR007869,0.2899056375026703,0.676338321348772
FR011608,0.23327219486236572,0.5040169731343996
FR006944,0.2850230932235718,0.6604066437059696
FR013376,0.3580614924430847,0.9240332279749038
FR012259,0.5810378193855286,2.2974865586574893
FR009472,0.22353364527225494,0.476917938228998
FR018375,0.48040780425071716,1.5316898479294057
FR005677,0.35298821330070496,0.9037980728772657
FR011549,0.4956376552581787,1.627964903850735
FR013161,0.34807443618774414,0.8844993464896405
FR018841,0.2579493522644043,0.5758697850934131
FR003147,0.2836992144584656,0.6561242738494176
FR009167,0.259919673204422,0.5818133630589924
FR019574,0.13956552743911743,0.2687099565956122
FR010083,0.24064435064792633,0.5249933975686026
FR018826,0.3027660548686981,0.7193695627328799
FR016864,0.3241741359233856,0.7946336516131092
FR018739,0.2483716607093811,0.5474220594317653
FR017559,0.28362876176834106,0.6558968230793464
FR014005,0.3168128430843353,0.7682215480126432
FR008763,0.27041271328926086,0.6140068941286937
FR012493,0.2914605736732483,0.6814581553394595
FR015889,0.3014116585254669,0.7147630814007285
FR009161,0.2378055304288864,0.516867894334157
FR000560,0.39888253808021545,1.099281906615275
FR004388,0.27257847785949707,0.6207672761810503
FR000505,0.2767273187637329,0.6338308490630554
FR015559,0.7699970602989197,5.545989967056787
FR013871,0.24253995716571808,0.53045307062168
FR008989,0.4242122173309326,1.2205178231552487
FR001140,0.3501439690589905,0.8925918065222782
FR016357,0.27005770802497864,0.6129025805612128
FR016732,0.6327981948852539,2.8548534777036227
FR013334,0.23524051904678345,0.509577986578811
FR018227,0.608502984046936,2.574883922075193
FR015358,0.22167716920375824,0.4718289629333428
FR017763,0.26466140151023865,0.5962476004124294
FR014918,0.235776886343956,0.5110983263324669
FR014777,0.30281779170036316,0.719545881447098
FR012218,0.45737120509147644,1.3963342226674702
FR005302,0.8199971914291382,7.5466895166009
FR015121,0.22725112736225128,0.487181811049768
FR013029,0.1995447278022766,0.4129776870147901
FR018097,0.32292503118515015,0.790111442005672
FR008839,0.5021378993988037,1.6708495020662204
FR005207,0.38260316848754883,1.026614904774387
FR015477,0.3150845468044281,0.7621027666395209
FR017884,0.3201724886894226,0.7802049033645062
FR003622,0.2690353989601135,0.6097284795855629
FR002699,0.32540157437324524,0.799093735130777
FR012523,0.7157397866249084,4.171214092493188
FR019299,0.25124892592430115,0.5558916553324796
FR005160,0.32915356755256653,0.8128283663102531
FR006273,0.276113897562027,0.6318899190253073
FR002858,0.19593067467212677,0.4036754506977925
FR007260,0.3075549900531769,0.7358018699468739
FR000995,0.26682111620903015,0.6028838463414082
FR017877,0.29146552085876465,0.6814744804670931
FR018146,0.2736940383911133,0.6242652035266033
FR009891,0.2566203474998474,0.5718785646161859
FR005214,0.24384348094463348,0.5342233273921034
FR018425,0.2495565265417099,0.5509019969319005
FR006532,0.30537810921669006,0.7283042348521651
FR019173,0.32830873131752014,0.809722354417391
FR015326,0.2855469286441803,0.6621054839411399
FR009060,0.3203604519367218,0.7808788398372896
FR013726,0.47308751940727234,1.487395299874052
FR002069,0.2787855863571167,0.6403675524154518
FR005034,0.31723451614379883,0.7697191210171888
FR017525,0.25152844190597534,0.5567179163877849
FR000508,0.28257983922958374,0.6525157457879742
FR011652,0.3287331759929657,0.8112818336748044
FR011391,0.35849636793136597,0.9257826547971808
FR019740,0.6703648567199707,3.36900093281808
FR003295,0.7289254069328308,4.454691904983408
FR010361,0.21636776626110077,0.45740790824883176
FR005299,0.31689342856407166,0.7685076046559596
FR012827,0.3421289324760437,0.8615339866015421
FR000422,0.713951587677002,4.134782042014163
FR016189,0.24673119187355042,0.5426220924139825
FR007419,0.449811190366745,1.3543842722755974
FR003077,0.30891817808151245,0.7405210267003596
FR014569,0.30954861640930176,0.7427098133644346
FR004742,0.2662754952907562,0.6012036058773909
FR008481,0.4197024405002594,1.198158159794692
FR011963,0.3706391751766205,0.9756072380058262
FR018228,0.30735859274864197,0.7351235022149482
FR006267,0.5767116546630859,2.2570740957877433
FR008645,0.2444862276315689,0.5360871696746098
FR014587,0.2754874527454376,0.6299111729365563
FR000551,0.23601333796977997,0.5117692293707363
FR017359,0.26876288652420044,0.6088838716571149
FR011686,0.2615375518798828,0.5867174941951362
FR010686,0.7092065811157227,4.040281107888882
FR009616,0.3001880347728729,0.7106167061761622
FR000396,0.6271917223930359,2.7870077131507442
FR019933,0.2612222731113434,0.585760132789827
FR000338,0.29268115758895874,0.6854928604013769
FR014619,0.5495545864105225,2.0211198465604148
FR007695,0.50346440076828,1.6797388855940958
FR007292,0.2469579428434372,0.5432843140049638
FR012316,0.27100837230682373,0.6158622247904763
FR005484,0.22423650324344635,0.4788509699984937
FR008275,0.2828123867511749,0.6532644818613692
FR006553,0.4107889235019684,1.154971377267218
FR012106,0.2734033167362213,0.6233525881930267
FR019964,0.29003727436065674,0.6767708842746261
FR014580,0.35395506024360657,0.907629902638144
FR007259,0.756343424320221,5.142381567379596
FR006914,0.24121206998825073,0.5266256654932288
FR013543,0.15013666450977325,0.29265845061002665
FR017441,0.26124000549316406,0.5858139564602434
FR017295,0.30331504344940186,0.7212418468560376
FR005532,0.32220548391342163,0.7875139876712698
FR018833,0.4986426830291748,1.6476520097116072
FR010428,0.2748061716556549,0.6277630965389398
FR006085,0.4693848788738251,1.4654562991317017
FR004244,0.2205406129360199,0.46872539626477666
FR001086,0.28563565015792847,0.6623934616430758
FR004201,0.2379104495048523,0.5171671249706307
FR018047,0.3588108718395233,0.9270493268140032
FR010024,0.2855268120765686,0.6620401983054329
FR013526,0.21675421297550201,0.4584509523207669
FR005343,0.2790151834487915,0.6410990270410678
FR007059,0.26957327127456665,0.6113973767906481
FR016539,0.26816707849502563,0.6070394526763437
FR011125,0.24282577633857727,0.5312786507070083
FR013842,0.4777539372444153,1.515487992200417
FR015508,0.25381848216056824,0.5635106835151026
FR002338,0.6184865832328796,2.6856156978455012
FR005340,0.30921438336372375,0.7415489091303616
FR010104,0.494134783744812,1.6182067473540587
FR006472,0.3044176995754242,0.7250113016422501
FR001597,0.300635427236557,0.7121310589974292
FR008755,0.5554884076118469,2.0702143186622926
FR003579,0.28295662999153137,0.6537291476139072
FR012992,0.3564353287220001,0.9175124105042398
FR010926,0.3468935787677765,0.8799048397049486
FR003455,0.25332027673721313,0.5620293494690282
FR000549,0.33921945095062256,0.8504462993930116
FR009521,0.2644936144351959,0.5957336655343801
FR016726,0.26698037981987,0.6033747705057536
FR000381,0.24983161687850952,0.5517115065127053
FR005833,0.24501322209835052,0.5376177203846636
FR013960,0.31139546632766724,0.7491448647899607
FR017526,0.30428779125213623,0.7245665861801389
FR015180,0.6066103577613831,2.5545258386543774
FR004807,0.2852831482887268,0.6612497118503021
FR000257,0.30083730816841125,0.712815028638623
FR005361,0.34562185406684875,0.8749753295518904
FR007810,0.5418811440467834,1.9595180613826
FR002925,0.34149596095085144,0.8591134684572043
FR010003,0.7857508063316345,6.075598112802255
FR015156,0.2876187860965729,0.6688491662907861
FR003834,0.3113795816898346,0.7490893701621321
FR011858,0.26026076078414917,0.5828454868494897
FR005662,0.4098375737667084,1.1504390512418181
FR001826,0.28231939673423767,0.6516777719472052
FR018145,0.2983291745185852,0.7043454382186602
FR008617,0.7799819111824036,5.872858570856157
FR008249,0.28208351135253906,0.650919335334165
FR008048,0.19734565913677216,0.407307510727607
FR014493,0.2502438724040985,0.5529257648791901
FR002201,0.6012800335884094,2.4982287266493186
FR014648,0.36068350076675415,0.9346171863808381
FR005501,0.38187164068222046,1.023439411684342
FR019549,0.23188897967338562,0.5001260922155881
FR017675,0.2713194191455841,0.6168322643701115
FR003607,0.2808259129524231,0.6468842063955131
FR001749,0.31440603733062744,0.7597090355205376
FR004808,0.32713502645492554,0.8054202130330869
FR013631,0.32022932171821594,0.7804086371419732
FR009238,0.2357965111732483,0.5111539936253965
FR007669,0.6202101707458496,2.7053219299036217
FR015546,0.26441365480422974,0.5954888302117735
FR004108,0.2600563168525696,0.5822267296002256
FR016652,0.28780433535575867,0.669455024281419
FR009353,0.37379616498947144,0.9888775505163283
FR007049,0.3249874413013458,0.7975871067752471
FR017771,0.2742663025856018,0.6260637558438803
FR003487,0.23995071649551392,0.5230024176238575
FR008209,0.3226577937602997,0.7891461120548531
FR009237,0.2460017055273056,0.5404943442757156
FR000613,0.274824321269989,0.6278202698666774
FR015421,0.7426409125328064,4.780383760642753
FR014852,0.2859000265598297,0.6632520150124644
FR002281,0.28746864199638367,0.6683591446834318
FR004265,0.2080855518579483,0.43529838846500934
FR018963,0.2963852286338806,0.6978225610204087
FR008128,0.2351362556219101,0.5092826981418909
FR001205,0.630055844783783,2.821410470709497
FR015924,0.5079159736633301,1.7099208310818894
FR018468,0.3659874498844147,0.9562946757044558
FR008423,0.23546047508716583,0.5102011966746205
FR000833,0.27429869771003723,0.6261656543601964
FR015857,0.7072297930717468,4.001815548570494
FR006363,0.6461649537086487,3.0252826197422706
FR008780,0.2630327641963959,0.5912689430724914
FR004300,0.2903406620025635,0.6777684368998375
FR006265,0.24668046832084656,0.542474009875218
FR012185,0.20636726915836334,0.4307692022212049
FR002318,0.2671440541744232,0.6038795129439795
FR009783,0.2250267118215561,0.48102842438171006
FR004825,0.25075557827949524,0.5544348031733306
FR003306,0.2021450251340866,0.4197227402682247
FR011976,0.21768033504486084,0.4609548081461158
FR017843,0.20235365629196167,0.4202658257981251
FR014792,0.18341746926307678,0.3721037196963218
FR003847,0.29239320755004883,0.6845397717019923
FR014894,0.2516775131225586,0.5571588295842983
FR010424,0.4189665913581848,1.1945427266209956
FR002700,0.2888830602169037,0.6729835536567068
FR015425,0.3117554485797882,0.7504031869047649
FR014658,0.2101159393787384,0.4406756445304405
FR006359,0.6190281510353088,2.6917883745982727
FR007428,0.6686397194862366,3.342836393529413
FR019591,0.37760743498802185,1.0050774752396208
FR006029,0.27084264159202576,0.6153457101936468
FR014981,0.3171567916870117,0.7694429433590667
FR003758,0.5349758863449097,1.9058211075847218
FR005800,0.2778623402118683,0.6374308731931317
FR007019,0.2684171795845032,0.6078133147131106
FR013929,0.3196701407432556,0.7784055777504634
FR019145,0.3398042917251587,0.8526672100887496
FR012750,0.3303467631340027,0.8172284602524513
FR005438,0.26555129885673523,0.5989772976543299
FR019622,0.8000341057777405,6.627900365695319
FR013287,0.7332300543785095,4.553305155121319
FR007321,0.24190057814121246,0.5286084974385785
FR012762,0.27529922127723694,0.6293172761300871
FR018553,0.2515837848186493,0.5568815855733308
FR004815,0.7129142880439758,4.113856510239004
FR005930,0.2827856242656708,0.6531782896390648
FR004730,0.3021317720413208,0.7172100567905562
FR003368,0.28077179193496704,0.6467108704598481
FR007559,0.2893701195716858,0.674580244370495
FR002770,0.2874813377857208,0.6684005716258686
FR001489,0.24025656282901764,0.5238798587105675
FR017666,0.26985639333724976,0.6122768288478526
FR009738,0.23548127710819244,0.51026015441934
FR007551,0.29222723841667175,0.6839907811283591
FR016072,0.35502713918685913,0.9118922220843386
FR009292,0.24403797090053558,0.5347869765914108
FR010961,0.2767954468727112,0.6340466168068892
FR018243,0.2951354682445526,0.6936480121553749
FR017345,0.24069878458976746,0.5251497965286279
FR019275,0.2989277243614197,0.706361145700793
FR003288,0.3909319341182709,1.0633071100671379
FR019911,0.3707943558692932,0.9762564234435502
FR017317,0.7749605178833008,5.704850350939853
FR004452,0.2888191342353821,0.6727741521913457
FR010265,0.4372621774673462,1.2872390514797731
FR004334,0.3848317861557007,1.036335675166799
FR003386,0.3318476974964142,0.8227857067140772
FR016508,0.30727991461753845,0.73485185128033
FR002782,0.2219448983669281,0.47256136397821813
FR016647,0.2191387563943863,0.4649098246247712
FR015267,0.2510468065738678,0.5552945662121874
FR005513,0.22440814971923828,0.4793235721703823
FR000605,0.3289463520050049,0.8120658214802947
FR019476,0.30343562364578247,0.7216534718080984
FR010229,0.2753741145133972,0.6295535378842995
FR015131,0.5391116142272949,1.9377882721879576
FR005533,0.7185838222503662,4.230111108739403
FR011655,0.28180617094039917,0.6500282465884744
FR019326,0.5951868295669556,2.435690364710418
FR014242,0.4668939411640167,1.4508683907787034
FR001372,0.2737574875354767,0.6244644762665869
FR018182,0.4064382016658783,1.1343628065731397
FR008057,0.2877833843231201,0.6693865988718344
FR009634,0.20553027093410492,0.42857007167515915
FR003893,0.2930223345756531,0.6866231304181436
FR010271,0.2268926352262497,0.4861877230253443
FR013702,0.24163734912872314,0.5278500001155276
FR016208,0.2585504949092865,0.5776798152429278
FR001479,0.22630366683006287,0.48455653118022873
FR016154,0.2897520363330841,0.6758337856971167
FR018059,0.7023151516914368,3.9083973211750656
FR008179,0.2558686137199402,0.5696272967466173
FR007936,0.27789416909217834,0.6375319901321447
FR013478,0.2782420516014099,0.6386377569823272
FR013011,0.23233474791049957,0.5013784737054098
FR012963,0.22694113850593567,0.4863221672440474
FR006790,0.17998434603214264,0.3636101439534471
FR005911,0.2739872932434082,0.6251865113846399
FR006271,0.38582924008369446,1.0407092163550133
FR009709,0.5343513488769531,1.9010430863605168
FR003481,0.24469447135925293,0.536691716965578
FR001756,0.28626570105552673,0.6644405787771706
FR002980,0.2986595332622528,0.7054575460207201
FR014358,0.2682643532752991,0.6073403771455195
FR016031,0.3156910538673401,0.7642464966085206
FR004091,0.2655092179775238,0.5988480685341419
FR002615,0.3070085942745209,0.7339155402753258
FR013659,0.24130262434482574,0.5268862470969455
FR005743,0.2660733163356781,0.6005816298510905
FR007977,0.2534884214401245,0.5625290797700231
FR014295,0.25099626183509827,0.5551453002813761
FR011403,0.4463227689266205,1.3354135472546125
FR006785,0.2598114013671875,0.5814859336723142
FR012612,0.28162881731987,0.6494587739184481
FR008673,0.297432005405426,0.701330517253344
FR006616,0.3054998219013214,0.7287221984065896
FR013464,0.32606980204582214,0.8015286714949804
FR017649,0.24595101177692413,0.5403466349565864
FR012695,0.7967580556869507,6.4943624288045765
FR015791,0.3119313418865204,0.7510185028294247
FR003555,0.2598613500595093,0.5816369736967304
FR011025,0.3040304183959961,0.7236860113692836
FR018426,0.30159005522727966,0.7153688105477141
FR001159,0.26597630977630615,0.600283324017749
FR009198,0.3134472072124481,0.7563344212090428
FR000683,0.24294424057006836,0.5316210138084623
FR012472,0.24948669970035553,0.5506966116027625
FR008695,0.29130885004997253,0.6809575959940931
FR014733,0.29266446828842163,0.6854375991350609
FR012120,0.33904126286506653,0.8497704180430999
FR008784,0.2685921788215637,0.6083551115385528
FR008187,0.30871009826660156,0.739799481287865
FR004123,0.281852662563324,0.6501775751502087
FR000736,0.16106082499027252,0.3180408049542953
FR017751,0.2680942416191101,0.6068141804750382
FR004996,0.2806459963321686,0.646308079715222
FR011485,0.21696431934833527,0.4590184747173377
FR004122,0.2507445216178894,0.554402174908999
FR011322,0.2899378836154938,0.6764442682749604
FR019496,0.23349420726299286,0.504642785265904
FR019692,0.30273303389549255,0.7192570411961258
FR009520,0.27295663952827454,0.6219518290421202
FR017876,0.3742639720439911,0.9908553546576586
FR012371,0.29916518926620483,0.7071617987737734
FR019200,0.19966332614421844,0.41328437179880123
FR009628,0.2968597114086151,0.6994113525613946
FR002498,0.2476290911436081,0.5452467281563556
FR018767,0.2782169282436371,0.6385578650703434
FR011165,0.29074186086654663,0.6790889078273029
FR018573,0.2587348520755768,0.5782354997165862
FR013455,0.3011992871761322,0.7140423977782543
FR011457,0.28155478835105896,0.649221154164289
FR007263,0.46265536546707153,1.4263565002809608
FR017711,0.3212844729423523,0.7841973168701527
FR017267,0.2596335709095001,0.5809483569731847
FR011046,0.38497188687324524,1.036949119139655
FR004994,0.27601712942123413,0.631584034669089
FR008159,0.5399574637413025,1.9443970743331984
FR019718,0.5347113013267517,1.903795335087884
FR006366,0.2678409516811371,0.6060311462603879
FR000082,0.6675432920455933,3.32634840235816
FR000404,0.3251167833805084,0.7980574585165771
FR005193,0.2953738868236542,0.6944432537784087
FR012253,0.31231826543807983,0.7523731596862281
FR012061,0.24387456476688385,0.5343133916070765
FR009031,0.2784382998943329,0.6392620151575925
FR019645,0.3260728716850281,0.801539868010246
FR005870,0.3872714936733246,1.0470582525926606
FR014688,0.26294538378715515,0.5910024477303416
FR008919,0.2926935851573944,0.6855340120025866
FR017043,0.7543653845787048,5.087630737388912
FR017041,0.31577637791633606,0.7645483837216587
FR009688,0.2858433425426483,0.6630678820610998
FR016016,0.22672335803508759,0.48571864278271915
FR005429,0.4258442223072052,1.2286959283564882
FR010952,0.26207002997398376,0.5883362509005181
FR002614,0.48379531502723694,1.5526126344371627
FR010992,0.30546239018440247,0.728593641617256
FR004699,0.21620243787765503,0.45696199064423926
FR019198,0.6794484257698059,3.511413560691613
FR011280,0.24739667773246765,0.5445667633136531
FR007375,0.36350980401039124,0.9461234554354852
FR008133,0.8551928400993347,9.783571419250514
FR010506,0.2481527179479599,0.5467802276620298
FR004606,0.3156101405620575,0.76396028479338
FR005737,0.526309072971344,1.840641415570006
FR013341,0.3239859938621521,0.7939514404922984
FR003058,0.408938467502594,1.1461690286643176
FR013958,0.2296501100063324,0.4938579305262763
FR003590,0.25157102942466736,0.5568438610728135
FR015593,0.3744831383228302,0.9917829679237472
FR005261,0.35976308584213257,0.9308919792283733
FR016282,0.27352407574653625,0.623731578678476
FR007812,0.3278139531612396,0.8079069444269762
FR003718,0.28750088810920715,0.6684643681145233
FR015751,0.2819312810897827,0.6504301375736887
FR001320,0.22127515077590942,0.47073014546005654
FR017670,0.4353938102722168,1.2774973707543555
FR014128,0.3366738557815552,0.8408251186778056
FR010696,0.3152802586555481,0.7627941050865149
FR010668,0.3068006634712219,0.7331984790421774
FR018250,0.34223246574401855,0.8619303468580594
FR010389,0.29253122210502625,0.6849964906369822
FR009879,0.6415034532546997,2.9644042088897313
FR000293,0.38851356506347656,1.0525500567906763
FR010376,0.2587829530239105,0.5783805297869816
FR006340,0.32011985778808594,0.7800162636568561
FR015429,0.37496474385261536,0.9938236311004268
FR012641,0.7961979508399963,6.471961251529988
FR007805,0.27186596393585205,0.6185387421200862
FR000626,0.29380154609680176,0.6892086409321762
FR011814,0.3326095640659332,0.825616100542003
FR004777,0.2856140732765198,0.6623234195024708
FR006633,0.23436495661735535,0.5071007707629133
FR004614,0.32745271921157837,0.8065832137163764
FR006970,0.28747767210006714,0.6683886101739969
FR001949,0.43019887804985046,1.250746720085863
FR002275,0.30016615986824036,0.7105427127281935
FR012374,0.4064343273639679,1.134344589351535
FR008948,0.23177529871463776,0.49980693926521064
FR016815,0.37292906641960144,0.9852194176471203
FR008887,0.2795031666755676,0.642655243837891
FR008193,0.244125634431839,0.5350411281405812
FR018775,0.3655204176902771,0.9543713416882593
FR000741,0.24936017394065857,0.5503245521378065
FR015079,0.2664352059364319,0.6016951763192884
FR001260,0.6773358583450317,3.4775770664458405
FR003535,0.2530202269554138,0.561138152881833
FR007195,0.298781156539917,0.7058672381553133
FR009391,0.29059043526649475,0.6785903433466624
FR005882,0.44483482837677,1.3273943646728923
FR018669,0.22383718192577362,0.47775230896761955
FR009062,0.2856362760066986,0.6623954933152697
FR002934,0.1960793137550354,0.40405638468112665
FR001994,0.2316906899213791,0.4995694661020339
FR017735,0.4163634777069092,1.1818260694412832
FR004200,0.2734789252281189,0.6235898633924571
FR012018,0.2486332654953003,0.5481894456130894
FR016603,0.24561557173728943,0.5393697441485089
FR005107,0.7877212762832642,6.147372179158964
FR014702,0.3397667407989502,0.8525244936638504
FR005323,0.40730971097946167,1.1384667529583667
FR015006,0.2691878080368042,0.6102011213575427
FR018812,0.27158769965171814,0.6176695970656545
FR018966,0.24207155406475067,0.5291014487033112
FR009023,0.5575125217437744,2.0872623533209307
FR010727,0.20975401997566223,0.4397151174338619
FR001170,0.5296180844306946,1.865243731299458
FR002167,0.17225265502929688,0.34473988113422976
FR009680,0.281651109457016,0.6495303372874668
FR015195,0.27449831366539,0.6267937450013054
FR019134,0.2772727906703949,0.6355595478225756
FR000572,0.260014146566391,0.5820991421779197
FR003491,0.6792707443237305,3.508550510319831
FR005711,0.2508768141269684,0.5547926339530206
FR003652,0.26552900671958923,0.5989088373240978
FR010470,0.5689133405685425,2.186275730754068
FR005250,0.2672008275985718,0.6040546446997951
FR017333,0.44162115454673767,1.310220263131324
FR010866,0.3543335795402527,0.9091331847656497
FR001992,0.391188383102417,1.064452822489837
FR019616,0.2685280442237854,0.608156521027036
FR008138,0.46333742141723633,1.4302747234786848
FR019527,0.25891077518463135,0.5787660202660159
FR000954,0.26577192544937134,0.5996550777385099
FR006625,0.3324219286441803,0.8249184206827836
FR008449,0.6366308331489563,2.9024382888279647
FR005594,0.325446754693985,0.7992582143931423
FR011962,0.29837167263031006,0.7044884436390049
FR003615,0.2592541575431824,0.5798022633789123
FR000509,0.24490907788276672,0.5373150848241328
FR017015,0.4244529902935028,1.2217214389227042
FR008579,0.291868656873703,0.6828055483093184
FR001976,0.2133694887161255,0.4493501886154825
FR011382,0.26221713423728943,0.5887838662231676
FR006144,0.2602486312389374,0.582808766780947
FR003294,0.2515610158443451,0.5568142464780413
FR017061,0.2589893341064453,0.5790030069562697
FR014245,0.28433334827423096,0.6581735387620862
FR016541,0.2629157602787018,0.5909121154244933
FR001474,0.2777922451496124,0.6372082201253078
FR002824,0.29007989168167114,0.676910960528754
FR012348,0.26226553320884705,0.5889311757700196
FR003927,0.2840787172317505,0.6573502376661932
FR012614,0.34542685747146606,0.8742211696126625
FR007772,0.25897639989852905,0.5789639852066049
FR017898,0.5845743417739868,2.331147919786923
FR010564,0.2778644263744354,0.6374375004348926
FR012517,0.2573142647743225,0.5739607305955293
FR004987,0.31997740268707275,0.7795058224779106
FR004084,0.2696934938430786,0.611770736607454
FR015667,0.68438720703125,3.5922841631490487
FR013381,0.2482444792985916,0.5470491809985903
FR015858,0.24663570523262024,0.5423433449033218
FR007229,0.43178436160087585,1.2588591070363042
FR000269,0.3408425450325012,0.8566196461902769
FR002790,0.2862589657306671,0.6644186757211751
FR007601,0.26325714588165283,0.5919535585169197
FR013993,0.34286221861839294,0.86434394346454
FR017386,0.3181021213531494,0.772806249132319
FR013406,0.27565237879753113,0.6304317915764108
FR001517,0.2772190272808075,0.6353890460398205
FR004317,0.7415280342102051,4.752668553523234
FR008323,0.2723093032836914,0.6199248643304659
FR000776,0.34208130836486816,0.8613517073357178
FR017989,0.3027611970901489,0.7193530088056871
FR009987,0.24327628314495087,0.5325811922681263
FR002555,0.4001908600330353,1.105293167889593
FR005031,0.7333722710609436,4.556617470865806
FR018749,0.22901597619056702,0.4920891623793713
FR005946,0.3415652811527252,0.8593783258210036
FR016042,0.15822896361351013,0.3113977027145894
FR014319,0.27254584431648254,0.6206651126602483
FR007351,0.23554056882858276,0.5104282184916475
FR005993,0.27183160185813904,0.6184313778797191
FR000446,0.19369275867938995,0.3979570692134107
FR010999,0.2608940601348877,0.5847643636545876
FR008554,0.2643093168735504,0.5951694288940186
FR009460,0.2784428894519806,0.6392766184252267
FR016245,0.30046412348747253,0.7115509940189035
FR010165,0.29593876004219055,0.6963295296691911
FR013056,0.36675843596458435,0.9594759613715362
FR005519,0.21765278279781342,0.46088023256710503
FR010520,0.3199251890182495,0.7793187854574849
FR010619,0.2979382574558258,0.7030308210522559
FR008597,0.26078033447265625,0.5844195363326519
FR001562,0.40095430612564087,1.1088130550888071
FR000968,0.2533077597618103,0.5619921577029049
FR001635,0.2609251141548157,0.584858540922886
FR012440,0.4769538938999176,1.5106359812959547
FR011798,0.21577204763889313,0.4558020397979996
FR011525,0.3378976285457611,0.8454411837728139
FR003544,0.26204779744148254,0.5882686162963177
FR018445,0.27608993649482727,0.6318141704090922
FR011016,0.23690922558307648,0.5143149746767266
FR005819,0.24463064968585968,0.536506402396623
FR009751,0.2677263021469116,0.6056768905783018
FR011147,0.3136169910430908,0.7569312905410228
FR003275,0.304942786693573,0.7268105275079885
FR013127,0.277518093585968,0.6363378078566626
FR007298,0.27477315068244934,0.6276590840965441
FR005140,0.5598397850990295,2.1070574287117037
FR018562,0.24801091849803925,0.5463647412967552
FR006257,0.3337036669254303,0.8296921003092591
FR014816,0.27100157737731934,0.6158410431678902
FR014243,0.8503580689430237,9.413950977236896
FR006481,0.3769613206386566,1.002317193704169
FR015910,0.25231170654296875,0.5590365708671939
FR009629,0.2416786551475525,0.5279689890352108
FR014421,0.31324294209480286,0.7556167251883998
FR015280,0.31487682461738586,0.7613694345958015
FR013783,0.2820435166358948,0.6507907906937254
FR004664,0.35900822281837463,0.9278447973091777
FR004166,0.16814300417900085,0.3348524867832212
FR000851,0.4972858726978302,1.6387338736577328
FR005496,0.6745844483375549,3.4341670746521884
FR012947,0.6178093552589417,2.67792141015478
FR009481,0.46062734723091125,1.4147646325933312
FR014418,0.4329451322555542,1.2648271446887216
FR011794,0.24435430765151978,0.5357043683959691
FR017026,0.17383795976638794,0.3485802516230982
FR016626,0.2471151351928711,0.5437436251733511
FR017945,0.24920864403247833,0.5498791309283407
FR000124,0.3129659593105316,0.7546442135918542
FR012941,0.32606032490730286,0.8014941042564506
FR013130,0.31777501106262207,0.771641397416511
FR009373,0.30406084656715393,0.7237900842847028
FR013629,0.26502659916877747,0.5973670187029584
FR015016,0.2707016170024872,0.6149063793138831
FR000559,0.3483043611049652,0.8853958801753945
FR011579,0.3334560990333557,0.8287686329785287
FR019253,0.2741818428039551,0.625798131278729
FR019435,0.2824261784553528,0.6520212686089123
FR019367,0.32312893867492676,0.790848520724513
FR006875,0.2795526385307312,0.6428131311619536
FR011637,0.23709321022033691,0.5148385236075503
FR010641,0.3782690167427063,1.007909780196375
FR007664,0.28220486640930176,0.6513094630808665
FR008574,0.32906195521354675,0.8124911785220535
FR001066,0.28114867210388184,0.6479184643132002
FR014984,0.419916033744812,1.1992093209571186
FR019103,0.2634165287017822,0.5924401079881304
FR019341,0.2879234254360199,0.6698440452069174
FR000722,0.28235912322998047,0.6518055526523061
FR010366,0.2645411193370819,0.5958791501197841
FR018556,0.32713496685028076,0.8054199949371261
FR017794,0.49038395285606384,1.5941036435976956
FR018830,0.2636658549308777,0.5932016510377952
FR005341,0.26131942868232727,0.5860550639354278
FR012816,0.3263818323612213,0.8026673247204505
FR006413,0.2126527577638626,0.44743309879502335
FR000496,0.29982295632362366,0.7093824072105659
FR008047,0.2475372552871704,0.5449779965905703
FR004399,0.25432443618774414,0.5650170826489147
FR006852,0.36086779832839966,0.9353643855435736
FR012892,0.3276110589504242,0.8071632697393492
FR008401,0.40182965993881226,1.1128599525597165
FR012786,0.26752814650535583,0.6050648707896124
FR008848,0.2719319462776184,0.6187449322235344
FR004397,0.28360310196876526,0.6558139936209681
FR016482,0.28968316316604614,0.6756076280136956
FR014854,0.29465585947036743,0.6920499127190295
FR013672,0.280593603849411,0.6461403633589311
FR013261,0.24895410239696503,0.5491313119415895
FR015939,0.29312577843666077,0.6869660405232731
FR010656,0.2372709959745407,0.5153446728791503
FR017177,0.2961103618144989,0.6969031574287712
FR005615,0.2680409252643585,0.6066493103813491
FR000648,0.5011300444602966,1.6641270918430084
FR006214,0.4739304184913635,1.4924328259248252
FR003434,0.47037744522094727,1.4713073901197662
FR004119,0.8115319609642029,7.1333135796882265
FR005763,0.295093297958374,0.6935074097825119
FR010811,0.34671762585639954,0.8792216599912828
FR016526,0.3843945860862732,1.0344231493606704
FR009556,0.23234248161315918,0.5014002143030845
FR013813,0.25363889336586,0.5629764770406362
FR015782,0.3672217130661011,0.961391289791143
FR002363,0.7010308504104614,3.8844913050221
FR017589,0.3026290535926819,0.718902789827585
FR003465,0.4247623682022095,1.223269487580678
FR016554,0.2482766956090927,0.5471436228650277
FR016046,0.18844379484653473,0.3846685124224372
FR018544,0.40114206075668335,1.1096800774431232
FR014322,0.29769548773765564,0.7022151460608569
FR000442,0.3730772137641907,0.9858437078869963
FR010973,0.366801381111145,0.9596533918062949
FR014872,0.8163750767707825,7.3651485328655815
FR009655,0.21443210542201996,0.45219888080749476
FR012798,0.26341867446899414,0.5924466598288507
FR002368,0.2974660396575928,0.7014447482397823
FR011079,0.26229292154312134,0.5890145448472195
FR006361,0.24408558011054993,0.5349249965085735
FR018944,0.2461458146572113,0.5409143519071282
FR008417,0.30407026410102844,0.7238222967472214
FR006421,0.3291318416595459,0.8127483937974399
FR019171,0.31066766381263733,0.7466048372693297
FR015214,0.24128399789333344,0.5268326420477001
FR014737,0.24420727789402008,0.5352778795045872
FR004358,0.2784891426563263,0.6394237993892081
FR000314,0.2700667381286621,0.6129306571573577
FR013205,0.21958212554454803,0.4661151041939282
FR013226,0.3253740966320038,0.7989937130021382
FR016210,0.3518615663051605,0.8993473424096334
FR007249,0.2993432283401489,0.707762443595087
FR015231,0.2656669020652771,0.5993323878792013
FR017421,0.3048659861087799,0.7265471984219652
FR013669,0.25156381726264954,0.5568225314336464
FR008526,0.25910866260528564,0.5793630783339595
FR002510,0.28510135412216187,0.6606602918800633
FR012403,0.262150377035141,0.5885807123524719
FR003353,0.2686196565628052,0.6084402060490965
FR008522,0.2860926687717438,0.6638780145274416
FR015898,0.5938221216201782,2.4219406964718417
FR004181,0.36349067091941833,0.9460452184616297
FR007489,0.24218979477882385,0.529442485928977
FR002605,0.36027294397354126,0.9329542102704751
FR018939,0.17858371138572693,0.36016535348709516
FR005372,0.3349588215351105,0.8343846044495455
FR004731,0.3034032881259918,0.7215430739707762
FR012133,0.30399084091186523,0.7235506588419351
FR016324,0.26942577958106995,0.6109394985967116
FR002225,0.29745957255363464,0.701423041500094
FR013605,0.27088379859924316,0.6154739577724394
FR016462,0.24406100809574127,0.5348537596449302
FR018220,0.28145551681518555,0.6489025871344016
FR013757,0.4991268813610077,1.650846279592177
FR011721,0.3087100684642792,0.7397993779753193
FR013949,0.37541675567626953,0.9957417624794348
FR017454,0.2536500096321106,0.5630095361240283
FR002521,0.2196153700351715,0.4662055330771349
FR013908,0.32604435086250305,0.8014358421804719
FR016836,0.4901266098022461,1.5924629389530112
FR013313,0.32929354906082153,0.8133437592558419
FR016568,0.2718711197376251,0.6185548522863086
FR017878,0.27399465441703796,0.6252096472858235
FR016162,0.4226534366607666,1.2127498202319233
FR003757,0.2688625156879425,0.6091925830153857
FR007450,0.2554000914096832,0.5682264808095907
FR002324,0.26796215772628784,0.6064057815755486
FR011271,0.33374840021133423,0.8298590357360999
FR006782,0.27486762404441833,0.6279566900396341
FR011540,0.40149742364883423,1.1113225784305392
FR005119,0.29539164900779724,0.6945025208197416
FR001005,0.33080846071243286,0.8189352521878535
FR000933,0.299064964056015,0.7068238063689316
FR017014,0.25621989369392395,0.5706787321838243
FR008968,0.711457371711731,4.084720072769791
FR019968,0.25503161549568176,0.5671260273419041
FR019959,0.7412858605384827,4.746669030627333
FR001605,0.3516530692577362,0.8985253873484162
FR009042,0.25086480379104614,0.5547571799634117
FR010330,0.39471009373664856,1.0802846374615698
FR018378,0.2910633683204651,0.6801481681371654
FR011230,0.3738345205783844,0.9890395998353583
FR000356,0.2798100411891937,0.6436349708498411
FR019531,0.2670544385910034,0.6036031265874047
FR003146,0.2106066793203354,0.4419794656414522
FR019621,0.23823541402816772,0.5180944512451009
FR016061,0.2889029383659363,0.6730486759121197
FR012818,0.24291756749153137,0.531543918933857
FR013863,0.25579872727394104,0.5694182341579886
FR010177,0.2715068459510803,0.6174171789294586
FR011059,0.32300934195518494,0.7904161522258292
FR003595,0.3028669059276581,0.7197132865605395
FR010013,0.6187275648117065,2.68836019017256
FR019540,0.45231789350509644,1.3681654393828147
FR017926,0.32231923937797546,0.7879242602213052
FR005697,0.30041274428367615,0.7113770702703655
FR012734,0.6701604127883911,3.3658859092393563
FR014014,0.26561474800109863,0.5991721760767539
FR007475,0.28154951333999634,0.6492042241908734
FR017416,0.4250932037830353,1.2249267484575053
FR004457,0.2651079595088959,0.5976165591731991
FR009712,0.5298365950584412,1.8668805347228696
FR014330,0.5735834240913391,2.228362867926964
FR012626,0.22305922210216522,0.47561513528162147
FR002287,0.2582603096961975,0.5768057062678658
FR007914,0.2827773690223694,0.6531517038039961
FR018823,0.26586341857910156,0.5999362704318127
FR009248,0.32715702056884766,0.8055006930803709
FR016837,0.3097582459449768,0.743438501234809
FR017687,0.3340676426887512,0.8310510341823117
FR003756,0.2525140643119812,0.5596363891171795
FR014356,0.24882206320762634,0.548743593064042
FR007421,0.5761361718177795,2.251760443714191
FR006777,0.2755088210105896,0.6299786123291673
FR017788,0.2412506639957428,0.526736717021117
FR009593,0.23877011239528656,0.519622001992831
FR006971,0.7917813062667847,6.2995412731056755
FR015736,0.29090508818626404,0.6796265676089063
FR004706,0.27824878692626953,0.6386591761627494
FR001306,0.2182157039642334,0.4624049328950109
FR011757,0.2564738690853119,0.571439538734193
FR018203,0.4142085909843445,1.1713845816417767
FR012119,0.32631951570510864,0.8024398360448693
FR010313,0.28099676966667175,0.6474315884775971
FR004058,0.28802332282066345,0.6701704714385909
FR018981,0.2931002974510193,0.6868815632904431
FR011231,0.2821780741214752,0.6512233208786895
FR001850,0.26891931891441345,0.6093686314006969
FR016574,0.5664724707603455,2.16463924361172
FR000497,0.22848865389823914,0.4906205342759626
FR014781,0.7054569721221924,3.96775805778677
FR018026,0.3574463129043579,0.9215625142190268
FR006985,0.3353365659713745,0.835800304187226
FR012500,0.3851979374885559,1.037939492178805
FR010095,0.2911078929901123,0.6802949378845882
FR005862,0.2803497314453125,0.6453600118538945
FR014391,0.25016307830810547,0.5526876885704853
FR000012,0.29779088497161865,0.7025356012146182
FR001432,0.189702108502388,0.38783843749972613
FR015503,0.27481773495674133,0.6277995219078849
FR018651,0.30469632148742676,0.7259656690904664
FR004703,0.37051621079444885,0.9750930541051281
FR003653,0.17263513803482056,0.34566509189171235
FR014152,0.34443503618240356,0.8703921912839563
FR001040,0.5159924626350403,1.7660973225045908
FR018313,0.2465100884437561,0.5419767481524785
FR015066,0.08638158440589905,0.15663172104656126
FR009134,0.2357175499200821,0.510930031526792
FR011305,0.2575252950191498,0.5745947190617927
FR017146,0.3904498815536499,1.061156099482351
FR001232,0.3342861533164978,0.8318675756708526
FR011564,0.277656614780426,0.6367775204983314
FR003695,0.29973849654197693,0.7090970392351755
FR004688,0.2577150762081146,0.5751651778303306
FR014040,0.2558918297290802,0.5696967552257114
FR015176,0.6267929673194885,2.7822598930413283
FR010331,0.21329903602600098,0.449161589127196
FR011368,0.22563885152339935,0.48271825688057807
FR010713,0.3376915752887726,0.8446627575454618
FR006647,0.36061426997184753,0.9343366146796201
FR001885,0.3190839886665344,0.776309436095039
FR015749,0.2542803883552551,0.5648858558709148
FR012668,0.35504522919654846,0.9119642650360748
FR013559,0.2355453372001648,0.5104417357095062
FR002245,0.3347996771335602,0.8337886490262082
FR002166,0.3304530680179596,0.8176212368649913
FR014422,0.24174557626247406,0.5281617940537128
FR007285,0.24684178829193115,0.5429450371888638
FR013454,0.3274133801460266,0.806439142774841
FR008058,0.48683595657348633,1.5716282533093573
FR018366,0.31850647926330566,0.7742477279738853
FR007116,0.2909625172615051,0.679815793979182
FR011649,0.3328818380832672,0.8266291878060156
FR001675,0.312298059463501,0.7523023788869533
FR003108,0.2687256932258606,0.6087686459047293
FR003842,0.46724674105644226,1.4529262331724324
FR012886,0.2654478847980499,0.5986597426934697
FR001295,0.2269347608089447,0.4863044882083581
FR014280,0.2823548913002014,0.651791939930952
FR005807,0.5936765670776367,2.4204796601017655
FR009873,0.24578730762004852,0.5398697762588238
FR013033,0.27826592326164246,0.6387136736676192
FR011878,0.286710262298584,0.6658871920788093
FR015921,0.2599145472049713,0.5817978591494032
FR018586,0.26572564244270325,0.5995128593953141
FR008786,0.2255825400352478,0.48256269552725134
FR014483,0.24569647014141083,0.539605262362004
FR014491,0.5476920008659363,2.0059750588624023
FR001936,0.2939823567867279,0.6898094067109432
FR017844,0.329153835773468,0.812829353657596
FR000966,0.245609849691391,0.539353087561732
FR013289,0.38604938983917236,1.0416764224734272
FR017482,0.21721301972866058,0.45969063787287956
FR001591,0.3000554144382477,0.7101681792740719
FR019637,0.28536224365234375,0.6615062514700342
FR010186,0.3131176829338074,0.7551768318045051
FR000418,0.23100298643112183,0.49764121371015146
FR015706,0.27423951029777527,0.6259794878628049
FR011824,0.3367227017879486,0.8410090392093201
FR011419,0.3638676702976227,0.9475876709372583
FR003291,0.2783673405647278,0.6390362571051924
FR017228,0.25452089309692383,0.5656025535555507
FR014228,0.27640098333358765,0.6327978793282619
FR016908,0.3540639877319336,0.9080623255150414
FR007218,0.27407407760620117,0.6254593013253504
FR011458,0.538004994392395,1.9291785566125348
FR012602,0.21785522997379303,0.46142831822090297
FR011406,0.29543569684028625,0.6946495080207016
FR005133,0.25873252749443054,0.578228491305213
FR009381,0.2760254442691803,0.6316103147148413
FR011013,0.221185103058815,0.4704841779057031
FR001917,0.286937415599823,0.6666270508511457
FR002119,0.27908703684806824,0.6413280408997596
FR017038,0.2962329387664795,0.6973130770517688
FR015257,0.28433623909950256,0.6581828890597113
FR007976,0.2698679268360138,0.6123126694055967
FR008615,0.24303509294986725,0.5318836509198975
FR010558,0.24836908280849457,0.5474145001273821
FR003384,0.34942179918289185,0.8897620693023073
FR008976,0.2443530261516571,0.5357006504351832
FR014182,0.23204107582569122,0.5005532414567326
FR019373,0.29514819383621216,0.6936904445858219
FR012910,0.27580514550209045,0.6309142386057254
FR008120,0.26506495475769043,0.597484652326619
FR012287,0.2536003589630127,0.5628618857500393
FR013718,0.263668417930603,0.5932094821525997
FR006940,0.6772648096084595,3.476446795062338
FR015557,0.516567051410675,1.7701654276168715
FR012621,0.24440120160579681,0.5358404284958377
FR007625,0.44968685507774353,1.353703979016122
FR002335,0.3922176659107208,1.0690609778751161
FR000367,0.28336313366889954,0.6550396665706439
FR005732,0.3126085102558136,0.7533903359875989
FR005827,0.34174153208732605,0.8600519934053159
FR002834,0.2695556879043579,0.6113427806742963
FR016725,0.23048047721385956,0.4961784537645073
FR009819,0.21635207533836365,0.4573655791908436
FR012212,0.31723281741142273,0.7697130842536191
FR010465,0.27843374013900757,0.6392475069003356
FR011618,0.32445013523101807,0.7956351244449686
FR001258,0.3259378969669342,0.801047643791305
FR006689,0.31347647309303284,0.7564372833672892
FR016841,0.7543523907661438,5.087273992395719
FR004390,0.31859853863716125,0.774576145726
FR012350,0.3541894257068634,0.9085604728183981
FR016962,0.2837161123752594,0.6561788340498506
FR006713,0.7950558662414551,6.42666339664903
FR017474,0.2903311550617218,0.6777371646930485
FR018644,0.27789148688316345,0.6375234686978393
FR017531,0.3136594891548157,0.7570807374288102
FR004967,0.2581959664821625,0.5766119813698399
FR007760,0.2759579122066498,0.631396889219456
FR000963,0.27305740118026733,0.6222676625809502
FR015867,0.21771225333213806,0.46104120783997815
FR005897,0.5383700132369995,1.9320139112874575
FR019896,0.3384954333305359,0.8477023099402534
FR002346,0.7375260591506958,4.654945250110785
FR007142,0.24052992463111877,0.5246647031838712
FR013311,0.2381882220506668,0.5179597340245613
FR011112,0.3226253092288971,0.7890288215375104
FR010624,0.3297680616378784,0.8150924520664187
FR017077,0.2875950336456299,0.6687716322474806
FR008955,0.34557461738586426,0.8747925978699119
FR014616,0.28924885392189026,0.6741825035509885
FR011430,0.2572915554046631,0.5738925273510804
FR004361,0.2394334077835083,0.5215199193627895
FR012543,0.25091132521629333,0.5548945155155337
FR011098,0.30771100521087646,0.7363410297127514
FR002173,0.29189109802246094,0.6828796886559731
FR000194,0.24260568618774414,0.5306428717550483
FR016348,0.3577267527580261,0.9226882432822129
FR016814,0.7566660642623901,5.151396463226777
FR004740,0.3388896584510803,0.8491956574996681
FR014147,0.3674103915691376,0.9621721480343371
FR015444,0.344157338142395,0.8693221985828113
FR003226,0.716792106628418,4.192868673949564
FR001496,0.7653783559799194,5.40420111081086
FR010234,0.26407647132873535,0.594456964134773
FR000749,0.33038967847824097,0.8173870093914898
FR006414,0.31406551599502563,0.7585094862080152
FR016883,0.3530740737915039,0.9041378937237416
FR006188,0.2866281270980835,0.665619786315416
FR007149,0.4110569953918457,1.1562511430824716
FR013486,0.26920244097709656,0.610246510515691
FR015356,0.24734871089458466,0.5444264804742092
FR016166,0.3199630379676819,0.7794543630821095
FR014840,0.3127564489841461,0.753909124625917
FR016188,0.2253139764070511,0.4818210954984792
FR011348,0.330685555934906,0.8184806709305488
FR000706,0.2598879635334015,0.5817174585980238
FR003340,0.4947379231452942,1.622115962551155
FR019190,0.21543274819850922,0.45488848616664335
FR008604,0.18470034003257751,0.3752959113892054
FR010322,0.25514599680900574,0.5674675106497459
FR004088,0.7802876234054565,5.8833352415382
FR007718,0.24395877122879028,0.5345574138937902
FR016438,0.3988007605075836,1.0989070373386354
FR007921,0.25292354822158813,0.5608511538287888
FR004172,0.2892161011695862,0.6740751006405542
FR011452,0.26056158542633057,0.5837565660728574
FR018590,0.4005509912967682,1.1069524449100903
FR014617,0.2601521611213684,0.5825167633057338
FR006163,0.2829224765300751,0.6536191086250903
FR002084,0.2827875018119812,0.6531843363223588
FR017882,0.276610791683197,0.633461891703267
FR012901,0.24313627183437347,0.5321762142209583
FR005890,0.32153943181037903,0.7851145529406706
FR017093,0.2678174376487732,0.6059584811905218
FR011460,0.2762611210346222,0.6323554497124491
FR004704,0.30971279740333557,0.7432804811457059
FR003561,0.37666404247283936,1.0010491062011306
FR015905,0.5727262496948242,2.2205690133435225
FR019627,0.40153995156288147,1.111519274776998
FR010399,0.25396430492401123,0.5639446384467947
FR008634,0.26955917477607727,0.6113536071528362
FR001649,0.33259549736976624,0.8255637831127918
FR001127,0.6800023317337036,3.5203592685804934
FR015164,0.3132179081439972,0.7555287964787168
FR010213,0.26022985577583313,0.5827519297373613
FR008598,0.465026319026947,1.4400199736109953
FR013652,0.5974404811859131,2.4586003835728327
FR007284,0.3772754371166229,1.0036584232528751
FR011551,0.21254053711891174,0.44713325045928465
FR008405,0.30021563172340393,0.7107100614578418
FR019380,0.19193944334983826,0.3934990805397093
FR001570,0.27023279666900635,0.6134470938837435
FR018058,0.2995111644268036,0.7083292841134361
FR011360,0.28464561700820923,0.6591840005128812
FR019946,0.35203611850738525,0.9000358839680334
FR015078,0.5568740367889404,2.0818679193015184
FR002307,0.24879981577396393,0.5486782792853399
FR007270,0.23994171619415283,0.5229766073982932
FR000801,0.2729957401752472,0.6220743781275294
FR009417,0.24458476901054382,0.5363732012065805
FR014336,0.261206716299057,0.5857129148234653
FR004837,0.2947025001049042,0.69220522809142
FR000096,0.23892056941986084,0.5200522214543771
FR018259,0.2107255458831787,0.4422955198736223
FR002250,0.383075475692749,1.0286691464652733
FR007073,0.3322543203830719,0.8242955388411513
FR016852,0.2758568823337555,0.631077672973106
FR013963,0.3017130494117737,0.7157866059301087
FR011812,0.41264429688453674,1.1638528017748644
FR006537,0.410392165184021,1.1530794027121167
FR010250,0.3329322338104248,0.8268167928003218
FR003509,0.29414546489715576,0.6903516175465729
FR001458,0.45594343543052673,1.3883223385776737
FR006301,0.2979705333709717,0.7031393064574166
FR006998,0.6045010089874268,2.532066162322927
FR008124,0.40598419308662415,1.1322296461616779
FR004789,0.26700493693351746,0.6034504858795275
FR018254,0.33185961842536926,0.8228299441869064
FR016138,0.274892121553421,0.6280338737061397
FR017764,0.32846716046333313,0.8103042184620213
FR007271,0.37714433670043945,1.0030984799488394
FR008930,0.763598620891571,5.351044083896857
FR002989,0.3111841380596161,0.748406777076482
FR003382,0.2479601800441742,0.5462161106879855
FR017571,0.3761788010597229,0.9989818278869329
FR002762,0.30918827652931213,0.741458278577669
FR016987,0.4915219247341156,1.601378754239
FR001102,0.34850144386291504,0.8861648578974631
FR008126,0.2466723918914795,0.5424504333560153
FR000740,0.20344650745391846,0.4231152630171156
FR003261,0.24747334420681,0.5447910176615529
FR008049,0.5884652733802795,2.368851031193287
FR015838,0.7430842518806458,4.791491596243394
FR016758,0.31747666001319885,0.7705799320251345
FR002732,0.38872554898262024,1.0534895707665843
FR007036,0.2051800638437271,0.42765131136052464
FR005754,0.3816917836666107,1.0226598201843002
FR004920,0.3274941146373749,0.8067348338387936
FR012594,0.3053613007068634,0.7282465256365993
FR014055,0.21731239557266235,0.45995934066542876
FR014223,0.25772109627723694,0.5751832781864508
FR003682,0.25676584243774414,0.5723148141264652
FR017424,0.38319313526153564,1.0291813816641766
FR018052,0.27609550952911377,0.6318317881098692
FR019921,0.29539763927459717,0.6945225092037841
FR009516,0.22303856909275055,0.47555845664882024
FR011213,0.2542296350002289,0.5647346713008203
FR010596,0.2858421206474304,0.6630639131657919
FR002759,0.6424396634101868,2.976503569844472
FR004085,0.22452746331691742,0.4796522070699213
FR001495,0.2667107582092285,0.6025437969844585
FR002839,0.31098294258117676,0.7477044999834767
FR013258,0.25340598821640015,0.5622840580224306
FR000500,0.3415204882621765,0.8592071755864126
FR014966,0.28905078768730164,0.6735331552648701
FR008390,0.37972161173820496,1.014149696760952
FR009885,0.39845046401023865,1.0973024277783672
FR005375,0.3005528450012207,0.711851385382015
FR010339,0.4018225371837616,1.1128269751540028
FR013705,0.2603391706943512,0.5830828881421449
FR017760,0.2629264295101166,0.5909446487583749
FR002769,0.30680131912231445,0.7332007394162783
FR004847,0.3924238979816437,1.0699861676966143
FR019065,0.2753247618675232,0.6293978422001588
FR014634,0.448140412569046,1.3452683261502603
FR011588,0.34341028332710266,0.866448229257753
FR004503,0.25993216037750244,0.5818511322027256
FR008020,0.2516234815120697,0.5569989980885998
FR003508,0.25783368945121765,0.5755218627133664
FR012930,0.7859052419662476,6.081175691236229
FR008671,0.275558203458786,0.6301344812092821
FR003534,0.3319850265979767,0.8232954180725355
FR018733,0.3779180645942688,1.006406564838612
FR018720,0.2509007751941681,0.5548633693784376
FR018280,0.25924980640411377,0.5797891267065872
FR019993,0.2603634297847748,0.5831563474642749
FR001262,0.3134301006793976,0.7562743001388289
FR008182,0.2520626187324524,0.5582986835357986
FR018781,0.31967899203300476,0.7784372585798575
FR016906,0.26921311020851135,0.6102796059967914
FR001125,0.5199979543685913,1.7946590207142612
FR011500,0.267589807510376,0.6052552803183079
FR008803,0.27878254652023315,0.6403578709064471
FR003253,0.2293035238981247,0.49289084885446366
FR015575,0.3741593360900879,0.9904127159408834
FR018816,0.22043080627918243,0.46842602927654553
FR019191,0.0996340736746788,0.18332100759400397
FR016279,0.26668357849121094,0.6024600630260987
FR014980,0.26250016689300537,0.5896455927344545
FR002092,0.22884099185466766,0.4916015965531424
FR004299,0.2621453106403351,0.5885652959255835
FR010587,0.22048036754131317,0.468561138199102
FR004826,0.3005206882953644,0.7117425011053606
FR015488,0.6385817527770996,2.9270478930305366
FR009115,0.2754102647304535,0.629667596550085
FR005724,0.2768512964248657,0.6342235276004502
FR008610,0.30234265327453613,0.7179275961580568
FR002971,0.32834261655807495,0.8098467819462799
FR014906,0.29629674553871155,0.6975265150204323
FR006369,0.2730712592601776,0.6223111070507423
FR008700,0.3848419487476349,1.0363801636180445
FR010448,0.33332186937332153,0.8282682218933558
FR007763,0.22437486052513123,0.4792318991444142
FR011438,0.24913541972637177,0.5496639529702398
FR010527,0.28723183274269104,0.667586695727039
FR003616,0.25317105650901794,0.5615860516440199
FR017299,0.287542462348938,0.6686000445428806
FR008728,0.22518548369407654,0.4814664630842143
FR006180,0.241452157497406,0.5273166838330328
FR013525,0.2847941815853119,0.6596650462705809
FR011024,0.3217267692089081,0.7857889545460109
FR003412,0.32733866572380066,0.8061655635253331
FR006408,0.32265767455101013,0.7891456816103695
FR015511,0.5055314302444458,1.693685891565117
FR001463,0.2603551745414734,0.5831313490950992
FR001366,0.33345550298690796,0.828766410458941
FR002703,0.30929914116859436,0.7418431952764006
FR008491,0.25693202018737793,0.5728132876146641
FR003186,0.5706976056098938,2.2022475678471753
FR013855,0.31376922130584717,0.7574667020211879
FR009632,0.21915334463119507,0.46494946032922
FR014475,0.5696214437484741,2.1925984622091415
FR014267,0.28049349784851074,0.6458199766481744
FR015601,0.2743517756462097,0.6263326301044241
FR011302,0.2918090522289276,0.6826086512115777
FR006204,0.376819372177124,1.0017115389431692
FR008428,0.24074897170066833,0.5252940134136963
FR008679,0.3341505229473114,0.8313606822085114
FR009894,0.17697571218013763,0.35622501739300655
FR011605,0.8851345777511597,12.76566350979945
FR015357,0.25484734773635864,0.5665761198198257
FR001553,0.2784564197063446,0.6393196706979493
FR006988,0.38536834716796875,1.038686572713197
FR009568,0.2773473262786865,0.6357959672603312
FR012918,0.28793418407440186,0.6698791958984599
FR013688,0.4793466329574585,1.5251915803312444
FR014354,0.3018046021461487,0.7160976943256936
FR008284,0.30429691076278687,0.7245977996016856
FR012166,0.2545025944709778,0.5655480078873668
FR012743,0.25023844838142395,0.5529097802816473
FR006900,0.20432601869106293,0.4254141344789421
FR002887,0.40527695417404175,1.1289131707847562
FR008257,0.29258987307548523,0.6851906328835415
FR013969,0.2830692529678345,0.6540920817087214
FR006279,0.39157047867774963,1.0661616656288366
FR016823,0.2740301191806793,0.6253211183244545
FR012320,0.2269623577594757,0.48638098931309237
FR001703,0.2532908618450165,0.5619419507965022
FR014676,0.292136549949646,0.6836909117449563
FR019511,0.8049452900886536,6.836492179817594
FR001569,0.2598930299282074,0.5817327811275745
FR008650,0.29694485664367676,0.6996966858063389
FR009268,0.4030194580554962,1.1183796036461484
FR005863,0.7262539863586426,4.39505308421295
FR019214,0.3020990490913391,0.7170987533392408
FR009348,0.2660002112388611,0.6003568163219968
FR000224,0.2566189467906952,0.5718743655839555
FR001750,0.3465898334980011,0.8787257059241996
FR013118,0.24346047639846802,0.5331141934244444
FR000577,0.24391038715839386,0.5344171948343569
FR014366,0.7309707999229431,4.501155405679031
FR011337,0.2818838357925415,0.6502777126941066
FR008559,0.4420771598815918,1.3126451429866053
FR015473,0.3258220851421356,0.8006254596930288
FR004867,0.3377532362937927,0.8448956491721401
FR009154,0.22485384345054626,0.4805516986353405
FR009844,0.3518364429473877,0.8992482709189104
FR015019,0.24585911631584167,0.5400789244515292
FR011327,0.3045385181903839,0.7254250493950063
FR008233,0.3240952789783478,0.7943476667418731
FR006686,0.2352224439382553,0.5095267896029029
FR016161,0.3279651701450348,0.8084614969625791
FR015455,0.246657133102417,0.5424058916441326
FR006031,0.3964921534061432,1.0883662735064674
FR004959,0.6623330116271973,3.2494600078577305
FR011845,0.26971712708473206,0.6118441457937085
FR009671,0.24895446002483368,0.5491323622624814
FR019123,0.39703065156936646,1.0908177597974578
FR005535,0.24420005083084106,0.5352569202570592
FR000983,0.2951282262802124,0.6936238651096909
FR008178,0.31992149353027344,0.7793055487657765
FR014414,0.280692458152771,0.6464568315543596
FR001898,0.486685574054718,1.5706824930398096
FR009159,0.36979326605796814,0.9720740694223468
FR016085,0.3040916323661804,0.7238953896502864
FR004843,0.4123968780040741,1.162665199687824
FR004377,0.6475288271903992,3.04339906703323
FR019251,0.2981570363044739,0.7037663732100217
FR017301,0.49287116527557373,1.6100468209529593
FR008113,0.3176109790802002,0.7710576939410231
FR005944,0.22560833394527435,0.48263394879288507
FR015831,0.6413681507110596,2.9626608149649636
FR002723,0.2525135576725006,0.5596348869575591
FR009764,0.27073684334754944,0.6150161032707164
FR005132,0.3603472113609314,0.9332548750308857
FR008789,0.21863260865211487,0.4635355562506302
FR000104,0.27847203612327576,0.639369362993567
FR001324,0.32744520902633667,0.8065557079622441
FR016001,0.32354727387428284,0.7923620973403366
FR012555,0.7673540711402893,5.464164227909402
FR019823,0.3138183057308197,0.7576393882820435
FR012887,0.2827654778957367,0.653113409759838
FR002327,0.1987152248620987,0.4108352040937822
FR006083,0.4931996464729309,1.6121641029292209
FR016165,0.34713849425315857,0.8808563963109195
FR006062,0.2788854241371155,0.6406855689077932
FR001089,0.8796062469482422,12.10341017289785
FR001612,0.22701896727085114,0.4865379328104363
FR010737,0.2638165056705475,0.5936620492744823
FR017744,0.38609254360198975,1.0418660955662857
FR008873,0.2898022532463074,0.6759987097981767
FR019771,0.26024261116981506,0.5827905425257582
FR002645,0.7978028059005737,6.536478456480857
FR015676,0.31326693296432495,0.7557009962173962
FR016469,0.2559274137020111,0.569803225030349
FR003676,0.27889034152030945,0.6407012346820967
FR015472,0.2415059357881546,0.5274715281355606
FR005721,0.28529173135757446,0.6612775476156489
FR013549,0.34465092420578003,0.8712246515683891
FR011839,0.4845694303512573,1.5574325224700762
FR001668,0.28586146235466003,0.6631267394684937
FR019235,0.5512650012969971,2.0351380627830364
FR001867,0.27696967124938965,0.6345985857621536
FR013984,0.2262142300605774,0.4843090465539164
FR017933,0.2320229858160019,0.500502428322278
FR006002,0.2731126546859741,0.6224408897508474
FR012238,0.2997738718986511,0.7092165551287464
FR018851,0.36882397532463074,0.9680372072032137
FR008097,0.23041357100009918,0.49599129386214813
FR007488,0.3536760210990906,0.9065228314884443
FR013971,0.310378760099411,0.74559805109591
FR014972,0.2952723205089569,0.6941044150601057
FR019796,0.3339225649833679,0.8305091964580208
FR018104,0.24121728539466858,0.5266406717963055
FR000638,0.29675257205963135,0.6990524122236914
FR009295,0.3057921826839447,0.7297267694459245
FR012217,0.2672397792339325,0.6041748164095733
FR008985,0.5175515413284302,1.7771581695719179
FR018892,0.7358165383338928,4.614103346653754
FR009681,0.2797605097293854,0.6434767803000639
FR019913,0.23253193497657776,0.5019329329492987
FR010072,0.2746898829936981,0.627396842065359
FR000809,0.32009708881378174,0.7799346641359372
FR014320,0.32152989506721497,0.7850802312906918
FR011922,0.29755547642707825,0.7017449824312596
FR018612,0.2546120882034302,0.5658744334624622
FR006836,0.27412524819374084,0.6256201767873918
FR008956,0.2889873683452606,0.6733253152151688
FR003732,0.2713666558265686,0.6169796504733346
FR009004,0.3217216432094574,0.7857704963472597
FR009756,0.2797447443008423,0.6434264342023996
FR010463,0.28825148940086365,0.6709163757168507
FR018940,0.33040937781333923,0.8174597946561019
FR009416,0.3183048367500305,0.7735286871350677
FR004875,0.272722065448761,0.6212169045921958
FR002373,0.26720985770225525,0.6040825028032952
FR002848,0.4227224886417389,1.2130930447604973
FR019314,0.3897310495376587,1.0579548456095178
FR012508,0.6924281120300293,3.7295072211816294
FR003321,0.26988911628723145,0.6123785189628738
FR019802,0.2629808485507965,0.5911106015906937
FR016711,0.2685709595680237,0.6082894030160649
FR012945,0.6596102714538574,3.2102167957558208
FR017981,0.31742051243782043,0.7703802754275944
FR010508,0.23741523921489716,0.5157555013051575
FR012376,0.3132132887840271,0.7555125722387819
FR002527,0.21691960096359253,0.45889765951044265
FR006693,0.2651807367801666,0.5978398213171611
FR011439,0.24588792026042938,0.5401628292856162
FR007322,0.27548667788505554,0.6299087275103102
FR008173,0.593205988407135,2.4157632754481595
FR019032,0.3482816219329834,0.8853071863752552
FR018422,0.23859260976314545,0.5191146664633658
FR005342,0.3088802993297577,0.7403896445651114
FR002800,0.6203678846359253,2.7071340503814953
FR010029,0.1923757642507553,0.39460666324376126
FR019586,0.8351215720176697,8.3909138720896
FR010618,0.30356746912002563,0.7221037162049039
FR017705,0.2655310332775116,0.5989150608187582
FR013447,0.4962865114212036,1.63219592891057
FR007537,0.662928581237793,3.2581285366354713
FR010105,0.28307345509529114,0.6541056255156179
FR010610,0.306161105632782,0.7309956213316374
FR005521,0.2632770538330078,0.5920143202064467
FR017325,0.33621615171432495,0.8391030345041007
FR018109,0.25990745425224304,0.5817764064193951
FR012481,0.28394752740859985,0.6569262888528893
FR001169,0.2169821560382843,0.45906666777164273
FR005518,0.30030557513237,0.711014374168569
FR019469,0.37009450793266296,0.9733311997584966
FR004857,0.21171501278877258,0.4449301118828856
FR002241,0.2624143958091736,0.5893843826502803
FR012291,0.27871355414390564,0.6401381605625945
FR013350,0.41601651906967163,1.1801396792045131
FR003397,0.2127770185470581,0.44776521755765153
FR003785,0.4530145525932312,1.3720179104171253
FR017395,0.26418712735176086,0.5947954950905434
FR005232,0.23796270787715912,0.5173161973028616
FR012733,0.28596562147140503,0.663465130695894
FR013151,0.2338736206293106,0.5057131213531003
FR007300,0.3171718716621399,0.7694965219918685
FR003749,0.2846863865852356,0.6593159907692172
FR019811,0.255964994430542,0.5699156803284677
FR001808,0.26180586218833923,0.5875328773782658
FR000183,0.23211434483528137,0.5007590716937538
FR002322,0.3605738580226898,0.9341728652220269
FR004823,0.26756393909454346,0.6051753946017454
FR012301,0.30005696415901184,0.7101734195058457
FR012161,0.5658345818519592,2.1590249316464845
FR005974,0.5916310548782349,2.4000575367085784
FR013333,0.2876821458339691,0.669056013887633
FR014683,0.2305261343717575,0.4963061913657957
FR008335,0.29252272844314575,0.6849683781933809
FR003868,0.2607114315032959,0.5842106674061367
FR016995,0.5861972570419312,2.346787769067601
FR010907,0.3782358169555664,1.007767504576213
FR014035,0.2826160490512848,0.652632299082016
FR007479,0.24547456204891205,0.5389593456617439
FR001701,0.5556716918945312,2.071751629005255
FR018828,0.31423357129096985,0.7591013431486663
FR008053,0.34511369466781616,0.8730109352467518
FR019710,0.1748630255460739,0.3510713096832071
FR016311,0.6166803240776062,2.6651544303576657
FR010966,0.25370416045188904,0.5631705913727783
FR015087,0.3367909789085388,0.8412661693804494
FR003050,0.3163200914859772,0.7664738800297408
FR010357,0.4166831374168396,1.1833815489996322
FR006148,0.27946993708610535,0.6425492051871677
FR002240,0.2842552661895752,0.6579210129031153
FR006727,0.2676992416381836,0.6055932924725066
FR017749,0.23976971209049225,0.5224834674981523
FR006479,0.25337713956832886,0.5621983220497071
FR011483,0.27694815397262573,0.6345304014048733
FR004287,0.5880724191665649,2.3650119486013463
FR012462,0.7688525915145874,5.5103280294823875
FR016106,0.19462846219539642,0.4003441373909503
FR005714,0.3080267310142517,0.7374328640053497
FR002892,0.4047940671443939,1.1266532827629634
FR010711,0.31309881806373596,0.7551105948100398
FR016525,0.8656655550003052,10.675449024319551
FR000333,0.4218427538871765,1.2087264334398993
FR003499,0.6562830805778503,3.1631056400306887
FR008563,0.28757914900779724,0.6687197836328765
FR009349,0.3162930905818939,0.7663781873053536
FR014715,0.32387372851371765,0.7935445424290715
FR009813,0.2542269229888916,0.5647265933151681
FR011506,0.24954280257225037,0.5508616268872142
FR005039,0.23244327306747437,0.5016835942541666
FR008479,0.31233930587768555,0.7524468680071742
FR011484,0.2673332691192627,0.6044632990405179
FR007677,0.23083680868148804,0.4971757850455553
FR006726,0.49223610758781433,1.6059612151861111
FR019556,0.3811229467391968,1.0201971753414605
FR019288,0.4315779507160187,1.2578004095139348
FR005967,0.32150998711586,0.7850085879556298
FR019074,0.2532905638217926,0.5619410653335358
FR003500,0.2504406273365021,0.553505758163317
FR001945,0.6037295460700989,2.5239115863679342
FR011865,0.5899999737739563,2.3839190665663117
FR013851,0.2910936176776886,0.6802478791771825
FR010694,0.2500346899032593,0.5523094714308912
FR015608,0.23848365247249603,0.5188033634130297
FR000465,0.27752453088760376,0.6363582382711663
FR010901,0.17280715703964233,0.34608147776751236
FR011401,0.2699204087257385,0.612475772135064
FR006983,0.7844340801239014,6.028367934925759
FR004926,0.2814989984035492,0.6490421107629779
FR009219,0.4977894723415375,1.6420383444006479
FR004848,0.2749987244606018,0.6283698054568964
FR010248,0.3842509984970093,1.0337956198464606
FR008715,0.3331625163555145,0.827674411931911
FR008770,0.24879349768161774,0.5486597314024807
FR001409,0.24765810370445251,0.5453316388172817
FR015088,0.3566683232784271,0.9184446812200363
FR000635,0.5474072098731995,2.003670394166556
FR001549,0.3321157693862915,0.823780878412208
FR016585,0.25763148069381714,0.5749138641174751
FR018712,0.2785179615020752,0.6395155125344045
FR000181,0.2958334982395172,0.6959778004845825
FR007880,0.4108881950378418,1.1554451603096134
FR005467,0.2507714331150055,0.5544815925536918
FR009663,0.6689371466636658,3.347327911545021
FR011899,0.2734585106372833,0.6235257932864442
FR012692,0.29279500246047974,0.6858698907608187
FR014753,0.2826901376247406,0.6528708143438502
FR008587,0.2101576179265976,0.4407863151126076
FR002319,0.31339094042778015,0.756136682347224
FR016948,0.356402724981308,0.9173820084485617
FR006858,0.31344959139823914,0.7563428006901592
FR019665,0.26278215646743774,0.5905048014757708
FR010874,0.3033955693244934,0.7215167224539243
FR005738,0.294773668050766,0.6924422600832647
FR015359,0.3367488384246826,0.8411074629685771
FR009689,0.18374189734458923,0.3729100523499452
FR014225,0.17695190012454987,0.3561667826157377
FR019148,0.3734063506126404,0.9872317411114433
FR014651,0.5230019092559814,1.8163938921995313
FR014086,0.3221016526222229,0.787139628025076
FR008343,0.28409871459007263,0.6574148741335442
FR016429,0.2413097321987152,0.526906703477582
FR008063,0.26712921261787415,0.6038337349430222
FR014695,0.2748720645904541,0.6279706803659242
FR006876,0.36734306812286377,0.9618934721331189
FR013269,0.2821851968765259,0.6512462212370534
FR007316,0.28848332166671753,0.6716747535450035
FR008731,0.23226676881313324,0.5011873931167079
FR014685,0.27525386214256287,0.6291742077952531
FR009236,0.3790326416492462,1.0111864464024558
FR009861,0.3067769706249237,0.7331168002106724
FR011028,0.26224225759506226,0.5888603305274558
FR002504,0.3741684556007385,0.9904512880784236
FR012057,0.2848101854324341,0.6597168779682442
FR018053,0.2467046082019806,0.5425444814518892
FR006934,0.22842872142791748,0.4904537453515053
FR003546,0.26107439398765564,0.5853113711176772
FR009736,0.22974231839179993,0.49411536680797935
FR001101,0.3154551386833191,0.763412191004237
FR019044,0.29868730902671814,0.7055510971046974
FR018148,0.2426358014345169,0.5307298444672507
FR003056,0.26028794050216675,0.5829277730464048
FR002751,0.2089012861251831,0.4374554531104447
FR008545,0.24505622684955597,0.5377427134404124
FR009293,0.22476482391357422,0.4803062889707781
FR015251,0.3156050741672516,0.7639423658630009
FR014748,0.2457038015127182,0.5396266085611006
FR012708,0.8129370212554932,7.199336206900652
FR001629,0.2978375554084778,0.7026924066835349
FR004307,0.2777518630027771,0.6370799681020268
FR016130,0.39381086826324463,1.0762246899115304
FR013624,0.6673650741577148,3.32367864529317
FR002011,0.302835613489151,0.7196066240226126
FR012284,0.25079795718193054,0.5545598724485192
FR018221,0.22822989523410797,0.4899006079903772
FR003473,0.2613731026649475,0.5862180330948571
FR010106,0.4497637152671814,1.3541244787614952
FR000109,0.24978852272033691,0.5515846539222489
FR012023,0.267744243144989,0.6057323191603798
FR007815,0.26613369584083557,0.6007673432864
FR004104,0.2569808065891266,0.5729596716137412
FR000884,0.2708970308303833,0.6155151932342118
FR010774,0.2204999476671219,0.46861452030113643
FR001491,0.2666914761066437,0.6024843929773047
FR000498,0.24694544076919556,0.5432477915637637
FR000140,0.26902908086776733,0.6097088905559087
FR019489,0.9047740697860718,15.740130221438589
FR015687,0.3733958303928375,0.9871873527673812
FR005258,0.21309404075145721,0.4486130157427973
FR005292,0.21874864399433136,0.4638504525955032
FR011550,0.26821643114089966,0.6071921175926667
FR012845,0.36071380972862244,0.9347400386619792
FR016945,0.6461228132247925,3.0247250881201007
FR012741,0.15307356417179108,0.2994179996947521
FR016413,0.25168031454086304,0.557167117119678
FR017513,0.22130143642425537,0.470801956081639
FR005459,0.3898572325706482,1.0585162445899077
FR008121,0.283389687538147,0.6551253247840652
FR011753,0.28847452998161316,0.6716459848615146
FR004065,0.2777125835418701,0.6369552319222763
FR006691,0.4123130440711975,1.1622630265182277
FR009658,0.49690788984298706,1.6362580089813619
FR018918,0.3654770851135254,0.9541930328162624
FR019440,0.8114278316497803,7.128459788358756
FR016014,0.32885271310806274,0.811721388596474
FR015810,0.21204283833503723,0.4458044518483969
FR017217,0.3594077229499817,0.9294565788186174
FR012105,0.5996462106704712,2.4812729980872
FR016776,0.734394371509552,4.580527185386091
FR005313,0.3150886297225952,0.7621171852275702
FR016709,0.5253309607505798,1.833434887001502
FR017137,0.27787572145462036,0.6374733828801862
FR012132,0.26642468571662903,0.6016627897441063
FR002016,0.3769494891166687,1.002266701335015
FR009354,0.3615981638431549,0.9383297551481993
FR014141,0.6006243228912354,2.4914071294421767
FR018019,0.26720523834228516,0.6040682518724935
FR015346,0.7785601019859314,5.824513694076608
FR016795,0.44344303011894226,1.31993214810103
FR009833,0.3672890365123749,0.9616698588072595
FR013383,0.2816869020462036,0.6496452497956829
FR002916,0.28630441427230835,0.6645664809080646
FR006548,0.2770192623138428,0.6347557463295836
FR015120,0.4487435817718506,1.3485529096526954
FR008337,0.8452052474021912,9.045432759057164
FR001054,0.48245683312416077,1.5443128391212908
FR014656,0.3139047622680664,0.7579436152462398
FR016743,0.2592531144618988,0.5797991141625787
FR013622,0.25053659081459045,0.5537887493472291
FR000357,0.19464266300201416,0.4003804077216826
FR003460,0.4344768524169922,1.2727398931365168
FR019928,0.279838889837265,0.6437271159269838
FR016236,0.2945329546928406,0.6916407327452563
FR000624,0.4574178457260132,1.3965966563096956
FR015955,0.37043893337249756,0.9747700161060514
FR000943,0.2681405246257782,0.6069573208331366
FR011304,0.3157521188259125,0.7644625443781218
FR019579,0.33904901146888733,0.8497998015245664
FR000388,0.621174693107605,2.71642782038087
FR003264,0.21725080907344818,0.4597928086131931
FR004913,0.2149185985326767,0.45350565839949775
FR008267,0.3103557825088501,0.745518013846033
FR008962,0.26924365758895874,0.6103743679562005
FR007938,0.8447850346565247,9.016459136802293
FR017932,0.25665760040283203,0.5719902468124353
FR006199,0.23419776558876038,0.5066283837636282
FR007752,0.29124897718429565,0.6807601252619228
FR002684,0.1530817449092865,0.2994368939019381
FR009798,0.38455846905708313,1.0351397348293574
FR006493,0.14572490751743317,0.28259172701079377
FR016417,0.31107398867607117,0.7480222475010918
FR009905,0.26465389132499695,0.5962245915638034
FR018176,0.3218502104282379,0.7862335379980723
FR003497,0.7032371163368225,3.9256863800796484
FR009212,0.24721494317054749,0.5440353605520044
FR006251,0.34589797258377075,0.8760440020895469
FR004832,0.31077393889427185,0.7469754023603926
FR008001,0.40049514174461365,1.106694991800916
FR014371,0.30614131689071655,0.7309275268499995
FR013327,0.45178449153900146,1.3652223859832162
FR016721,0.5628334879875183,2.132830989539376
FR014592,0.3301708698272705,0.8165788412656109
FR017489,0.29196250438690186,0.683115629978796
FR017836,0.30884429812431335,0.740264788031378
FR012349,0.3958835005760193,1.0856006731224597
FR004630,0.29510602355003357,0.693549837136116
FR014167,0.3526429831981659,0.9024326222400443
FR019358,0.25642627477645874,0.5712969260505492
FR013615,0.293579638004303,0.6884717443058631
FR004374,0.3475290834903717,0.8823754091720579
FR015172,0.25904184579849243,0.5791614456564614
FR010931,0.3828777074813843,1.027808595461933
FR006317,0.26139816641807556,0.5862941417422082
FR000882,0.3235863149166107,0.7925034470648593
FR010533,0.3697502911090851,0.9718948260629514
FR005330,0.23854033648967743,0.5189653048120748
FR019541,0.3039984405040741,0.7235766477791957
FR000144,0.2955992519855499,0.6951954508499838
FR016485,0.32262760400772095,0.7890371068286268
FR000641,0.28746822476387024,0.6683577832596745
FR017158,0.2383461445569992,0.5184106151958706
FR002897,0.3706929385662079,0.9758321163990757
FR006023,0.2616979777812958,0.5872049501877689
FR007747,0.261253297328949,0.5858543032923922
FR004497,0.3468037247657776,0.8795559138342339
FR001966,0.31390380859375,0.7579402589980203
FR002482,0.24468602240085602,0.5366671825122473
FR003956,0.23318521678447723,0.5037718967213689
FR010830,0.2347860336303711,0.508291410140726
FR018279,0.1902560591697693,0.3892370650329595
FR013446,0.23181495070457458,0.4999182492872741
FR013001,0.3323054611682892,0.8244855599641328
FR004899,0.21250177919864655,0.4470297109561167
FR019678,0.2090045064687729,0.43772871811138936
FR000858,0.31597861647605896,0.7652642297516113
FR000847,0.5021246075630188,1.6707606681849354
FR011823,0.35606226325035095,0.9160210852141385
FR015179,0.21737731993198395,0.4601349267872608
FR008669,0.26473361253738403,0.5964688563051231
FR005256,0.31085941195487976,0.7472735168841819
FR007576,0.2838691771030426,0.6566731686100196
FR019398,0.23481115698814392,0.5083624904919762
FR007373,0.23479849100112915,0.5083266546188067
FR009147,0.33459794521331787,0.8330336238509698
FR013899,0.2753644287586212,0.6295229799934339
FR019400,0.3061588406562805,0.7309878271880987
FR011149,0.25133785605430603,0.5561544696340243
FR017429,0.2316928207874298,0.4995754462036305
FR017626,0.49053847789764404,1.5950896228691214
FR016910,0.6868032813072205,3.6327754779314776
FR013399,0.26921331882476807,0.6102802531247695
FR014117,0.38564884662628174,1.0399171923083668
FR018035,0.3143787980079651,0.7596130361291467
FR012303,0.27616584300994873,0.6320541524627107
FR009795,0.29740938544273376,0.7012546027809756
FR010060,0.32464614510536194,0.7963468499922315
FR013881,0.4056036174297333,1.1304440212121796
FR003701,0.27480611205101013,0.6277629087823153
FR007892,0.30870190262794495,0.7397710706733759
FR015380,0.26915672421455383,0.6101047100935652
FR002906,0.28018903732299805,0.6448461061443331
FR018115,0.23702658712863922,0.5146489109621626
FR007845,0.2443837821483612,0.5357898849747026
FR018144,0.2720871865749359,0.6192301944934391
FR006771,0.3880588710308075,1.05053704562726
FR013666,0.23186396062374115,0.5000558445219275
FR008077,0.3363878130912781,0.8397486217730842
FR005168,0.291136771440506,0.680390141774942
FR004990,0.6502745747566223,3.080299647346955
FR009388,0.2967069745063782,0.6988996835868648
FR003463,0.3147798180580139,0.7610271197800483
FR003553,0.24915483593940735,0.5497210056333766
FR009983,0.26413512229919434,0.5946363828897466
FR002886,0.13848140835762024,0.2662871545477509
FR001095,0.24876368045806885,0.5485722018544603
FR016846,0.28322213888168335,0.6545849479626697
FR016030,0.3249545097351074,0.7974673801082874
FR007425,0.27132657170295715,0.6168545802811104
FR018112,0.27689021825790405,0.6343468337783641
FR001105,0.29620420932769775,0.6972169877715746
FR011786,0.2807696759700775,0.6467040940891692
FR001847,0.2826123535633087,0.6526204033918924
FR016079,0.2666916847229004,0.6024850356623656
FR005587,0.26262393593788147,0.5900226301731998
FR013432,0.3604934811592102,0.9338472392099055
FR017978,0.26375967264175415,0.5934883417934498
FR018555,0.2541419565677643,0.5644735424383411
FR018122,0.2629835307598114,0.5911187817177881
FR016431,0.24627907574176788,0.5413028857203298
FR000701,0.20318101346492767,0.4224223105074376
FR017138,0.2584560811519623,0.5773953427862979
FR002753,0.24075369536876678,0.5253075882530455
FR017677,0.30502063035964966,0.7270774924373177
FR018831,0.2662612199783325,0.6011596785759766
FR007223,0.2836344242095947,0.6559151021562334
FR005111,0.2420356720685959,0.5289979766611043
FR007146,0.2824956476688385,0.652244792863347
FR000326,0.26207467913627625,0.5883503948450421
FR009883,0.3010968267917633,0.7136948543918973
FR012712,0.2461225837469101,0.5408466343093594
FR018293,0.753539502620697,5.065030942955905
FR014297,0.19101090729236603,0.39114600647069275
FR002522,0.22427202761173248,0.4789487637194051
FR015746,0.3377488851547241,0.844879213638078
FR008086,0.4725688695907593,1.4843036280864017
FR002760,0.20424211025238037,0.425194594848225
FR011677,0.2673291563987732,0.6044506068315627
FR011781,0.2768765687942505,0.6343035901311996
FR017172,0.33467891812324524,0.833336627405621
FR018849,0.3237345218658447,0.7930401850890291
FR009955,0.25162118673324585,0.5569922103892692
FR001728,0.3711656928062439,0.9778111811312734
FR001022,0.2720029950141907,0.6189669962400521
FR005713,0.2749112844467163,0.6280942533727133
FR012302,0.2842562198638916,0.6579240968560539
FR016284,0.4445820450782776,1.3260362712435692
FR008834,0.23288753628730774,0.502933548850553
FR006395,0.256816565990448,0.5724669429064043
FR010745,0.2893560230731964,0.6745340021048493
FR014233,0.2782079875469208,0.6385294351267182
FR007078,0.26423025131225586,0.5949274521805732
FR010487,0.2898598909378052,0.6761880342224614
FR006057,0.2537442743778229,0.5632899131932799
FR017910,0.27789875864982605,0.6375465713999033
FR006117,0.30364564061164856,0.7223707476772754
FR002257,0.27395832538604736,0.6250954710173885
FR008074,0.3160026967525482,0.7653494927891193
FR004593,0.29580748081207275,0.6958908802313207
FR016406,0.42320001125335693,1.2154688315212216
FR012426,0.29484888911247253,0.6926928433946972
FR017971,0.6390792727470398,2.9333663643383683
FR000209,0.28421705961227417,0.6577974687979474
FR012001,0.353432834148407,0.9055587810614144
FR000387,0.28842562437057495,0.6714859659405741
FR003934,0.25645503401756287,0.5713830987202871
FR003217,0.28620022535324097,0.6642276714584857
FR002844,0.2950648367404938,0.693412525109527
FR001389,0.2941264808177948,0.6902884969869016
FR019466,0.4719260334968567,1.4804801101168525
FR006418,0.21313253045082092,0.4487159935151416
FR006849,0.18008019030094147,0.3638462983445635
FR001889,0.294161856174469,0.6904061199763044
FR004460,0.24347670376300812,0.533161163089587
FR019898,0.40786421298980713,1.1410841969860424
FR014747,0.3021092414855957,0.7171334205081319
FR003249,0.24798980355262756,0.5463028858286055
FR013212,0.2661269009113312,0.6007464421240366
FR001440,0.2367251068353653,0.5137912967947339
FR005997,0.17706677317619324,0.35644774730544604
FR010948,0.3488626778125763,0.8875755294621023
FR017553,0.26895618438720703,0.6094829019965805
FR016710,0.22774450480937958,0.48855144119235483
FR001453,0.6011155843734741,2.4965157945376877
FR012285,0.5648530721664429,2.150418426381296
FR007990,0.25034406781196594,0.5532210823980185
FR000285,0.4793597161769867,1.525271536426853
FR019806,0.2577304244041443,0.575211325357795
FR015296,0.4963802695274353,1.6328082030394042
FR019871,0.24215243756771088,0.52933472643622
FR019128,0.2285175323486328,0.49070091074183453
FR015211,0.3564189374446869,0.9174468502324379
FR000739,0.32635825872421265,0.8025812635576381
FR001244,0.2761586904525757,0.6320315371648753
FR011072,0.2707445025444031,0.6150399617438267
FR000474,0.2978600561618805,0.7027680131918475
FR017216,0.4617733657360077,1.4213043792037128
FR015170,0.27256330847740173,0.6207197853312568
FR005126,0.3271673321723938,0.8055384267299323
FR011887,0.23838981986045837,0.5185353446280384
FR006925,0.25242379307746887,0.5593687717555648
FR012322,0.5477828979492188,2.0067112525614865
FR008425,0.2654781639575958,0.5987527120640794
FR005018,0.2877821922302246,0.6693827056552079
FR004695,0.2460400015115738,0.5406059426754206
FR009938,0.23464065790176392,0.5078801969587884
FR016384,0.29997017979621887,0.7098800022569387
FR008314,0.1913909763097763,0.3921085150684825
FR015065,0.15322759747505188,0.2997738158346634
FR011366,0.17567986249923706,0.3530607770427993
FR006372,0.253111869096756,0.5614102689754901
FR014230,0.24773399531841278,0.5455537807287558
FR006420,0.28695884346961975,0.6666968676852097
FR003272,0.27915385365486145,0.6415410429089345
FR014675,0.37811416387557983,1.0072462976938756
FR002321,0.26291611790657043,0.5909132059120492
FR009081,0.4172864556312561,1.1863219745803588
FR008697,0.38964420557022095,1.0575686043106116
FR000061,0.3547872304916382,0.9109371745376602
FR010647,0.8145504593849182,7.276384337842647
FR016865,0.5138174891471863,1.7507855344261023
FR010208,0.26339444518089294,0.5923726808453477
FR012388,0.25794297456741333,0.5758505976791864
FR001996,0.6180394291877747,2.680532322081696
FR006286,0.24860002100467682,0.5480918972603052
FR004793,0.5730878114700317,2.223852695722465
FR009796,0.23947292566299438,0.5216330981686166
FR001506,0.517876386642456,1.7794717823785422
FR014751,0.2531033456325531,0.5613849571499313
FR012689,0.2879215180873871,0.6698378136162151
FR003807,0.6241380572319031,2.7509057421706085
FR017334,0.42702582478523254,1.234646106999583
FR004600,0.43256524205207825,1.2628712724797297
FR019166,0.259603887796402,0.5808586508685446
FR004764,0.43998149037361145,1.3015337202316408
FR012922,0.3801044821739197,1.0157992642396763
FR016463,0.39596524834632874,1.0859717951162593
FR000056,0.2863191068172455,0.6646142672015973
FR000824,0.2993014454841614,0.7076214546775974
FR009586,0.26112473011016846,0.5854641035646707
FR006595,0.26649314165115356,0.6018735484948412
FR010221,0.3164498209953308,0.7669337541352743
FR003844,0.24324214458465576,0.5324824338061432
FR016617,0.3018970489501953,0.7164119034884231
FR008022,0.25553590059280396,0.5686323497318476
FR017640,0.2880571484565735,0.6702810213676385
FR006215,0.28159281611442566,0.6493432103688161
FR008085,0.23826734721660614,0.5181856192249858
FR003699,0.2521735727787018,0.5586273084577641
FR017318,0.3697299659252167,0.9718100606720111
FR014554,0.3979611396789551,1.0950640968818348
FR002862,0.2807093560695648,0.6465109365718078
FR001718,0.607822835445404,2.56754526743136
FR002017,0.30187785625457764,0.7163466643093447
FR010346,0.6512029767036438,3.0929080324456546
FR011425,0.2990947663784027,0.7069242995135429
FR016222,0.23963573575019836,0.5220995086819744
FR012483,0.3690708875656128,0.9690643597789105
FR003117,0.5202414393424988,1.7964105997683342
FR009757,0.36930400133132935,0.9700348489112216
FR017555,0.2854940593242645,0.6619339114837499
FR013002,0.2148238867521286,0.4532511244991023
FR019601,0.2884833812713623,0.6716749485893517
FR008745,0.2961263358592987,0.6969565694495375
FR010607,0.2394208163022995,0.5214838599590816
FR004214,0.2609993517398834,0.5850837127080349
FR005197,0.33715859055519104,0.8426514973558318
FR000331,0.25694215297698975,0.5728436895515235
FR001270,0.7244434356689453,4.355290415702317
FR008216,0.23062042891979218,0.4965700525200535
FR011907,0.2007366567850113,0.4160640486700875
FR001988,0.31072044372558594,0.7467888585376762
FR014050,0.37136921286582947,0.9786640823721906
FR003979,0.3400404751300812,0.8535652234130924
FR002294,0.26516690850257874,0.5977973962781864
FR001191,0.2517370879650116,0.557335085331172
FR013617,0.23139284551143646,0.4987339163123264
FR015599,0.40046146512031555,1.1065397737798937
FR008191,0.49492695927619934,1.6233431116376014
FR000678,0.26292479038238525,0.5909396505592546
FR011019,0.37978461384773254,1.0144209964556397
FR008532,0.3419514000415802,0.8608546228803592
FR000016,0.24432814121246338,0.5356284553245388
FR019098,0.24653656780719757,0.5420540146663932
FR011905,0.3015376329421997,0.71519078352822
FR006695,0.2480981945991516,0.5466204503319086
FR001470,0.31162121891975403,0.7499338317059948
FR005411,0.2913541793823242,0.6811071219137602
FR014377,0.7359669804573059,4.617676313488193
FR012609,0.3186415135860443,0.7747294873427664
FR011945,0.23120450973510742,0.4982059077368443
FR002597,0.2635914981365204,0.5929744813799408
FR019049,0.3061211407184601,0.7308581031920515
FR012286,0.3262673616409302,0.8022494785402774
FR016470,0.39312979578971863,1.0731576970414676
FR007011,0.8387465476989746,8.616782356298899
FR008817,0.27508991956710815,0.6286572618848303
FR009731,0.2817647457122803,0.649895207297934
FR010522,0.31855788826942444,0.7744311163932742
FR006222,0.26929137110710144,0.6105223973669207
FR018226,0.21450971066951752,0.4524072290979101
FR014068,0.34086090326309204,0.8566896445686679
FR010352,0.2350139021873474,0.5089362789484649
FR018829,0.1928360015153885,0.39577625433878005
FR006025,0.2599084675312042,0.5817794710699351
FR002049,0.2997500002384186,0.7091359032303151
FR006050,0.26503899693489075,0.5974050403495043
FR013765,0.6981863379478455,3.832267805687528
FR001813,0.24533630907535553,0.5385571192924652
FR007120,0.2744140028953552,0.6265284194128422
FR000730,0.6730319261550903,3.4099947977616663
FR010638,0.3024725615978241,0.7183698350251245
FR015063,0.3270927965641022,0.8052657017286056
FR011992,0.250748872756958,0.5544150150274864
FR013359,0.26215410232543945,0.5885920480955458
FR015255,0.34292951226234436,0.8646021272991624
FR015972,0.2916845679283142,0.6821975384976188
FR011266,0.37371519207954407,0.9885355115808144
FR012940,0.25558745861053467,0.5687864708567366
FR010798,0.3709203004837036,0.9767835376485912
FR003391,0.2796459496021271,0.6431109885094646
FR019791,0.5210648775100708,1.8023474346835666
FR010734,0.2955620586872101,0.6950712783155651
FR015701,0.3004930317401886,0.7116488625802085
FR001225,0.2807793617248535,0.6467351130138186
FR017642,0.7307968735694885,4.497176998121032
FR004602,0.26214081048965454,0.5885516026886508
FR002220,0.3048802614212036,0.7265961403259353
FR004686,0.2611602544784546,0.5855719059528592
FR011136,0.375808447599411,0.9974061704986263
FR005604,0.25873473286628723,0.5782351403098055
FR005514,0.20554377138614655,0.42860550601785663
FR014210,0.328946053981781,0.812064725106033
FR006042,0.24954330921173096,0.5508631171774909
FR000428,0.24057666957378387,0.524798968373385
FR007066,0.30973777174949646,0.7433673119043099
FR010946,0.32093924283981323,0.7829564201448501
FR010279,0.25722166895866394,0.5736826629543543
FR009656,0.27202877402305603,0.6190475796811766
FR011724,0.7075029611587524,4.007100062015269
FR017776,0.25213199853897095,0.5585041619912281
FR017210,0.26751700043678284,0.6050304550886395
FR006798,0.19363519549369812,0.3978104009681166
FR007508,0.5550301671028137,2.0663763341486936
FR004786,0.3882461488246918,1.0513657952211928
FR006824,0.3462693393230438,0.8774827412151914
FR005185,0.653080940246582,3.1186184793515084
FR006315,0.2864231765270233,0.664952801703698
FR016784,0.27725598216056824,0.6355062396615898
FR017797,0.2722708284854889,0.619804504063306
FR007248,0.2877292335033417,0.6692097626556684
FR019821,0.32639384269714355,0.8027111736215402
FR016175,0.27677813172340393,0.6339917743454151
FR004043,0.2476474940776825,0.5453005870096934
FR013662,0.3169401288032532,0.7686734087572807
FR014686,0.3836432099342346,1.0311426029148156
FR011508,0.2555833160877228,0.5687740869255901
FR016233,0.3217245638370514,0.7857810131937486
FR007459,0.27015718817710876,0.6132119247615159
FR000931,0.22617541253566742,0.48420165058609205
FR017941,0.2784022092819214,0.639147186845023
FR013654,0.18448452651500702,0.3747581958640265
FR018084,0.258230060338974,0.5767146271529026
FR010622,0.2929746210575104,0.6864649968238139
FR008661,0.29902786016464233,0.7066987043457369
FR003916,0.3139226734638214,0.758006651516355
FR019497,0.8603883385658264,10.209305962166594
FR003697,0.24523627758026123,0.5382661844831204
FR019417,0.2957324981689453,0.695640410592893
FR005304,0.3310721516609192,0.8199111153039179
FR018465,0.27854979038238525,0.6396168133338592
FR006981,0.5388413667678833,1.9356818815706034
FR013704,0.2867434024810791,0.6659951032787235
FR002923,0.26315951347351074,0.5916556190832263
FR008854,0.28070834279060364,0.646507692107579
FR015191,0.29661527276039124,0.6985925892842577
FR007297,0.27684250473976135,0.634195676970694
FR007333,0.48767513036727905,1.5769160366910633
FR019229,0.28308311104774475,0.6541367480564598
FR007032,0.33134526014328003,0.8209226420815745
FR012359,0.29251331090927124,0.6849372086941645
FR004623,0.26091161370277405,0.5848175972417137
FR008549,0.32950904965400696,0.8141376239087026
FR000303,0.22077538073062897,0.4693657290854842
FR009924,0.5146263241767883,1.756463696702855
FR009400,0.3820503056049347,1.0242142853547214
FR013087,0.2610771059989929,0.5853195995113409
FR012477,0.37003403902053833,0.973078756907671
FR016682,0.31867069005966187,0.7748336047771474
FR015489,0.3188880383968353,0.7756095019005264
FR019763,0.22337564826011658,0.4764838893615265
FR017290,0.27151671051979065,0.6174479722436028
FR009614,0.37824496626853943,1.0078067118704959
FR008869,0.27695733308792114,0.6345594878642643
FR018444,0.2890530228614807,0.6735404811310582
FR012209,0.3326725959777832,0.8258505584799495
FR013852,0.22986751794815063,0.49446500970499535
FR008349,0.18098261952400208,0.36607253870694406
FR005308,0.2814531922340393,0.648895128498853
FR002958,0.23557613790035248,0.5105290525513245
FR011750,0.2553829848766327,0.5681753680339607
FR002729,0.2823371887207031,0.6517349983158343
FR009553,0.2502513825893402,0.5529478977806813
FR005925,0.4024812579154968,1.1158800900834245
FR013278,0.2893495559692383,0.6745127879795181
FR005691,0.2668883204460144,0.6030909748924009
FR009310,0.3388397991657257,0.8490066892697606
FR011788,0.2894288897514343,0.6747730543050727
FR004948,0.2749782204627991,0.6283051846878259
FR001790,0.28548485040664673,0.6619040291369478
FR008530,0.321891725063324,0.7863830926576801
FR014809,0.26420649886131287,0.5948547689949489
FR012771,0.7621578574180603,5.308594124944769
FR010333,0.4036703407764435,1.121408466128304
FR009538,0.2851945161819458,0.6609623080052052
FR008286,0.31708604097366333,0.7691916001022779
FR015596,0.47767817974090576,1.5150279097047983
FR017602,0.32773271203041077,0.8076091148074547
FR007057,0.25865495204925537,0.5779946332457551
FR019765,0.40244442224502563,1.1157091821819163
FR013169,0.7575119137763977,5.175144265095358
FR008537,0.2499634027481079,0.5520995237640122
FR014532,0.2616230249404907,0.5869771787340752
FR002479,0.26470616459846497,0.5963847502041526
FR004238,0.30627116560935974,0.7313744164975133
FR016178,0.236813485622406,0.514042635730151
FR012982,0.3833928108215332,1.0300511238346965
FR003313,0.30275654792785645,0.7193371659993634
FR015305,0.7655123472213745,5.408235815539297
FR019464,0.26548895239830017,0.5987858388296865
FR019843,0.270611435174942,0.6146255268550245
FR003305,0.2689136564731598,0.6093510807537716
FR009185,0.29505035281181335,0.6933642411913761
FR014988,0.6508172750473022,3.0876617775986728
FR014029,0.2645576596260071,0.5959298094525303
FR005978,0.2715263068675995,0.6174779290775669
FR001897,0.29829198122024536,0.7042202976183346
FR002421,0.27260342240333557,0.6208453744784409
FR004023,0.24967066943645477,0.5512378136966033
FR010464,0.4392209053039551,1.2975215717356259
FR003251,0.3590250015258789,0.9279124505108411
FR003488,0.3284379839897156,0.8101970411601378
FR013591,0.3183516561985016,0.7736956035684535
FR008259,0.2846261262893677,0.6591209052232265
FR000520,0.26294049620628357,0.5909875433084725
FR010000,0.3079136610031128,0.7370417339049365
FR013565,0.2776464521884918,0.6367452552972229
FR010410,0.5471948981285095,2.0019541523648385
FR006290,0.26806703209877014,0.6067300375099376
FR012937,0.29612308740615845,0.6969457074802848
FR017201,0.4430476725101471,1.3178192144901326
FR009053,0.3946889340877533,1.0801889643692804
FR006835,0.2629869282245636,0.5911291432975805
FR004061,0.2962626814842224,0.6974125636384247
FR019786,0.3234109878540039,0.7918687959753209
FR000413,0.22960539162158966,0.4937331036082677
FR013612,0.6128836870193481,2.622768677968308
FR016410,0.3067428767681122,0.7329992746830403
FR002574,0.332473486661911,0.8251100884255538
FR006235,0.28716403245925903,0.6673656322440209
FR003052,0.351886123418808,0.899444188395389
FR010245,0.2935720384120941,0.6884465163188829
FR018791,0.7726602554321289,5.6303657145416866
FR018999,0.22626110911369324,0.4844387606175657
FR009390,0.2955950200557709,0.695181321583182
FR015986,0.3177741467952728,0.7716383212084242
FR003905,0.2998688817024231,0.7095376062031344
FR016831,0.4669884145259857,1.451419176283969
FR014172,0.7220093607902527,4.302650352743813
FR015794,0.16584961116313934,0.32937717499314034
FR000817,0.23488284647464752,0.5085653438965849
FR018731,0.2212761789560318,0.47073295428782236
FR002861,0.45690712332725525,1.3937254216204835
FR008378,0.13757838308811188,0.26427371305158437
FR000435,0.35218024253845215,0.9006046777138123
FR012567,0.40150386095046997,1.1113523498732951
FR005272,0.25717470049858093,0.5735416419483544
FR016842,0.7041942477226257,3.943748917480034
FR008017,0.2787511348724365,0.6402578334253937
FR008570,0.2744373679161072,0.6266019428446226
FR013983,0.28398793935775757,0.6570568662510587
FR019641,0.47080639004707336,1.4738427742625326
FR007037,0.7095288038253784,4.046600741467898
FR003356,0.29283174872398376,0.685991612600826
FR012115,0.2552417814731598,0.5677535547004392
FR019903,0.3065248727798462,0.7322480625242872
FR008541,0.2426891326904297,0.5308838818921646
FR001611,0.2023775577545166,0.42032806157745045
FR008218,0.28192707896232605,0.6504166368184826
FR015841,0.2093716561794281,0.43870128661448715
FR013555,0.38160380721092224,1.0222786507776669
FR003980,0.6470969915390015,3.037647807993567
FR009175,0.45612040162086487,1.3893130949582713
FR001893,0.25899016857147217,0.5790055245352844
FR004453,0.33751344680786133,0.8439902155370081
FR013922,0.2721642255783081,0.6194710858917997
FR008157,0.2815924286842346,0.649341966784338
FR017361,0.22438521683216095,0.47926041788623586
FR014168,0.2850842773914337,0.660604940454957
FR017579,0.5723215341567993,2.2168999967027725
FR005544,0.23257742822170258,0.5020608933037581
FR005843,0.2832173705101013,0.6545695727392492
FR003238,0.23700082302093506,0.5145755939038812
FR009824,0.24361948668956757,0.5335745312678029
FR007991,0.45319241285324097,1.3730030369543202
FR011325,0.31284481287002563,0.7542191039329162
FR008381,0.2567507326602936,0.5722695012829286
FR009782,0.28897643089294434,0.6732894743686555
FR000868,0.285187304019928,0.6609389245469656
FR011146,0.3542446494102478,0.9087798420742093
FR013264,0.25646093487739563,0.571400780568953
FR010348,0.26955801248550415,0.6113499983151712
FR003081,0.2606055438518524,0.5838897608909833
FR014001,0.45842674374580383,1.4022845039346288
FR008060,0.23970936238765717,0.5223104963275235
FR003310,0.2766611874103546,0.6336214440957544
FR000718,0.28958818316459656,0.6752958156830646
FR017688,0.2680583596229553,0.6067032199825709
FR000737,0.269453763961792,0.6110263600415672
FR015440,0.310183048248291,0.7449165037477593
FR008338,0.41542157530784607,1.1772526181425154
FR017792,0.2419319748878479,0.5286990026742248
FR009073,0.26021575927734375,0.5827092587420569
FR010718,0.3773467242717743,1.003962996959969
FR017229,0.22830666601657867,0.49011415164245553
FR002194,0.26920458674430847,0.6102531665124706
FR004759,0.3646773397922516,0.9509065342210264
FR002847,0.304439902305603,0.7250873249213619
FR008129,0.5322855114936829,1.885329317566742
FR008202,0.30936604738235474,0.7420755502279772
FR012938,0.24830567836761475,0.5472285925159367
FR014078,0.30298277735710144,0.7201083260895528
FR011134,0.31477004289627075,0.7609926307592474
FR019222,0.2840922474861145,0.6573939704398022
FR017200,0.22778460383415222,0.48866283415283035
FR007532,0.24851900339126587,0.5478542057535011
FR015447,0.2066919207572937,0.431623441422726
FR015277,0.282839834690094,0.6533528883617458
FR001743,0.4868222773075104,1.571542201069395
FR016302,0.19050267338752747,0.38986033813425686
FR000608,0.27580031752586365,0.6308989884331819
FR003776,0.2559046745300293,0.5697351866189025
FR000393,0.31004443764686584,0.7444340398019877
FR000499,0.17201918363571167,0.3441755435121873
FR007004,0.2740236818790436,0.6253008841168329
FR006033,0.285732239484787,0.6627070585117962
FR002506,0.3380284607410431,0.845935692051601
FR003266,0.31085431575775146,0.7472557402003545
FR003484,0.25120189785957336,0.5557526990095751
FR016491,0.5397752523422241,1.9429713650260432
FR016862,0.3801621198654175,1.0160477682304359
FR016125,0.30995824933052063,0.7441341406016398
FR000484,0.25831565260887146,0.5769723598983811
FR009172,0.2594892978668213,0.5805124131457644
FR004932,0.3588566780090332,0.9272339159351705
FR004157,0.41786009073257446,1.1891233842995215
FR017845,0.4367004930973053,1.2843036313952378
FR002832,0.25689491629600525,0.5727019699518197
FR010969,0.36236700415611267,0.9414586764220404
FR010299,0.347917377948761,0.883887301305301
FR019424,0.5678761601448059,2.17705203645766
FR011255,0.45896339416503906,1.4053186117721101
FR012397,0.4885059893131256,1.582168520334045
FR009445,0.30951493978500366,0.7425927921608458
FR012764,0.2702311873435974,0.6134420878055793
FR012444,0.5690369606018066,2.1873780506515734
FR013848,0.32158926129341125,0.7852938992546364
FR006419,0.3989766538143158,1.09971346041743
FR008026,0.2815163731575012,0.6490978675588922
FR006356,0.2540973126888275,0.5643406051022825
FR015614,0.23994699120521545,0.5229917345093311
FR017645,0.2795597314834595,0.6428357697965742
FR010124,0.3818838894367218,1.0234925204976233
FR009007,0.266437292098999,0.6017015986966892
FR000036,0.27760064601898193,0.6365998366112006
FR002944,0.3558913767337799,0.915338545060353
FR012451,0.27303779125213623,0.6222061891507248
FR012258,0.2809736430644989,0.6473574814188118
FR000291,0.34561634063720703,0.8749539998884311
FR019129,0.26371100544929504,0.5933396141210433
FR005934,0.37324488162994385,0.986550613273896
FR005234,0.30692344903945923,0.7336218600572894
FR008553,0.5884152054786682,2.3683613459922483
FR005116,0.34504181146621704,0.8727333020931756
FR014582,0.25250571966171265,0.5596116479240415
FR016298,0.23410391807556152,0.5063633143048482
FR012977,0.3821844160556793,1.0247962197685616
FR005747,0.24575220048427582,0.5397675385967637
FR005277,0.3427923619747162,0.8640759821647521
FR007183,0.33960798382759094,0.8519212996926819
FR012096,0.23129360377788544,0.4984556550033774
FR007970,0.22470764815807343,0.48014869618196226
FR011065,0.24943284690380096,0.5505382376658637
FR002364,0.3884046971797943,1.0520678068183107
FR007179,0.2379259318113327,0.5172112876962405
FR007325,0.34246826171875,0.8628335192044093
FR004605,0.2774367332458496,0.636079621493469
FR011672,0.2713475525379181,0.6169200428141285
FR009485,0.2931536138057709,0.6870583302155558
FR002205,0.3384424149990082,0.8475016092084824
FR016344,0.29853886365890503,0.705051206773223
FR006576,0.4561290740966797,1.3893616649338894
FR014782,0.30135878920555115,0.7145836280425663
FR006305,0.28298163414001465,0.6538097150909614
FR007701,0.35642895102500916,0.9174869012015808
FR001019,0.350617915391922,0.8944523298082098
FR007944,0.2813347578048706,0.6485151844336181
FR012337,0.5936592221260071,2.420305626056289
FR017321,0.2469186782836914,0.5431696141091698
FR010053,0.34912407398223877,0.8885972963416926
FR006631,0.3186555802822113,0.7747796838077333
FR002748,0.5654585361480713,2.1557229277656225
FR008254,0.2341780811548233,0.5065727802919493
FR008055,0.6896541714668274,3.6813647920433707
FR007717,0.6697884202003479,3.3602279135961255
FR000521,0.29815396666526794,0.7037560496631863
FR019525,0.25495976209640503,0.5669115639614579
FR012288,0.2926156222820282,0.6852758762343876
FR002709,0.28627917170524597,0.6644843861293455
FR018362,0.31964394450187683,0.7783118201258257
FR010056,0.3516165316104889,0.8983813999166856
FR003153,0.28666698932647705,0.6657463015412602
FR018178,0.2343578338623047,0.5070806416904949
FR003518,0.29806357622146606,0.7034520967644209
FR001209,0.19106456637382507,0.3912818409768108
FR017028,0.18521881103515625,0.37658888486611225
FR006243,0.4433742165565491,1.3195641678635677
FR019909,0.29515334963798523,0.6937076366155592
FR000130,0.5690959692001343,2.187904453360929
FR012495,0.3294481039047241,0.8139130592007469
FR000904,0.27827635407447815,0.6387468473289497
FR014365,0.5917125940322876,2.400867696916828
FR019474,0.32548630237579346,0.7994022060805124
FR000894,0.2713072597980499,0.616794328326826
FR002432,0.382782906293869,1.0273962815423574
FR017494,0.21920832991600037,0.46509886664355804
FR017397,0.2726653516292572,0.6210392904233548
FR000999,0.38439613580703735,1.034429923795723
FR002192,0.5140084624290466,1.7521244955618698
FR001990,0.2837879955768585,0.6564109601810421
FR016039,0.37151476740837097,0.9792744035480851
FR012914,0.2528756558895111,0.5607090088740881
FR012675,0.24280649423599243,0.5312229353282882
FR006969,0.2545795142650604,0.5657773131657929
FR019520,0.24847042560577393,0.5477117116039399
FR009213,0.23235225677490234,0.5014276943750787
FR008016,0.7594677805900574,5.230696177272705
FR017826,0.2836138606071472,0.6558487216262074
FR019292,0.24430593848228455,0.5355640457364697
FR003345,0.2986810803413391,0.705530117729949
FR003370,0.25928792357444763,0.579904212801307
FR015308,0.27613750100135803,0.6319645419682611
FR011154,0.32788944244384766,0.8081837523310181
FR019688,0.7235647439956665,4.336180634366856
FR019149,0.30270788073539734,0.7191713369958056
FR014053,0.379385769367218,1.0127044217053152
FR001695,0.8426676392555237,8.872819693505255
FR017544,0.19271963834762573,0.39548041715192456
FR009801,0.5582926273345947,2.093874479857926
FR006338,0.42228254675865173,1.2109077069429834
FR011338,0.2774943709373474,0.6362625211386724
FR018848,0.290614515542984,0.6786696127394046
FR003860,0.24858355522155762,0.5480435853827292
FR003897,0.2550998032093048,0.5673295878829723
FR016804,0.2833216190338135,0.65490576022006
FR009040,0.389402836561203,1.05649568502362
FR014944,0.30340152978897095,0.7215370710642225
FR008175,0.2817969024181366,0.649998478910859
FR012707,0.3320220410823822,0.8234328370693947
FR002738,0.32409533858299255,0.7943478828805963
FR012003,0.22802378237247467,0.48932749979433543
FR019277,0.2762756645679474,0.632401447638444
FR002156,0.3214510679244995,0.7847965783460398
FR008117,0.47922712564468384,1.5244614156126748
FR000417,0.23435406386852264,0.507069987751438
FR006256,0.2872854769229889,0.6677616329019209
FR001109,0.405627578496933,1.130556376818705
FR017718,0.47227761149406433,1.4825701030129694
FR017991,0.2501773238182068,0.5527296621505265
FR015679,0.2513108253479004,0.5560745794599472
FR013625,0.28229445219039917,0.6515975447807433
FR010255,0.34878355264663696,0.8872664002241818
FR010786,0.19833074510097504,0.40984365376285675
FR004416,0.2702578902244568,0.6135251544773525
FR016609,0.2542322278022766,0.564742394265115
FR002454,0.2480110228061676,0.5463650468722632
FR008135,0.2210826724767685,0.47020445539045286
FR009826,0.29404380917549133,0.6900136599082041
FR011808,0.26874879002571106,0.6088401989789624
FR006126,0.30604520440101624,0.7305968521122205
FR004589,0.26296189427375793,0.5910527970561853
FR010807,0.3420136272907257,0.8610927062898995
FR010037,0.5160508751869202,1.7665104439550239
FR000757,0.5998838543891907,2.4837306463049718
FR010879,0.5556108951568604,2.071241551361261
FR008578,0.25830283761024475,0.5769337679920429
FR005567,0.2027900069952011,0.4214026046008553
FR015584,0.4066004753112793,1.1351260415343627
FR015778,0.3770725429058075,1.002791941174803
FR010589,0.2584051787853241,0.5772420019568986
FR010367,0.3067125976085663,0.7328949085562813
FR010023,0.2220039665699005,0.47272301908187453
FR011585,0.21433816850185394,0.45194674162782617
FR018491,0.2724252939224243,0.6202877935410864
FR017302,0.2621914744377136,0.5887057746045027
FR003040,0.27231353521347046,0.6199381038045084
FR000512,0.2544375956058502,0.565354276924632
FR016879,0.4531060457229614,1.372524589515082
FR019368,0.22604241967201233,0.48383378255001513
FR000693,0.16256895661354065,0.3215969798775019
FR018244,0.2155166119337082,0.4551142132513852
FR019619,0.2538238763809204,0.5635267331902505
FR016488,0.4600650370121002,1.411565965802442
FR000476,0.26420119404792786,0.5948385367538886
FR010991,0.30856984853744507,0.7393133910450593
FR001926,0.37723207473754883,1.0034731919984914
FR018158,0.805483341217041,6.859984921492376
FR005145,0.3160123825073242,0.7653837896395626
FR002427,0.3753401041030884,0.9954162928134509
FR016063,0.24537521600723267,0.5386702982954907
FR012078,0.3416306972503662,0.8596283176052504
FR009432,0.293068528175354,0.6867762469894483
FR017023,0.29318732023239136,0.68717009545137
FR015538,0.26629340648651123,0.6012587237610824
FR000862,0.2502577006816864,0.552966517866629
FR012797,0.2853599786758423,0.6614989044062783
FR017276,0.2788391709327698,0.6405382261408282
FR004866,0.3237849771976471,0.7932229649879254
FR005715,0.492199182510376,1.6057239742637466
FR013912,0.3203909695148468,0.7809882948563343
FR002174,0.2159871906042099,0.45638171546884554
FR015279,0.28755617141723633,0.6686447871951714
FR010235,0.29400286078453064,0.6898775531944956
FR002012,0.26565036177635193,0.5992815753862897
FR001500,0.25281089544296265,0.5605168281541385
FR005088,0.21093198657035828,0.44284465118791694
FR011188,0.24343685805797577,0.5330458343809411
FR009659,0.7919724583625793,6.306852022700585
FR015892,0.20565080642700195,0.4288864811894962
FR018291,0.33963483572006226,0.8520233025480779
FR018208,0.2493518441915512,0.5503000622218195
FR007339,0.3515835106372833,0.8982512849411765
FR000828,0.6557724475860596,3.1559559744153742
FR000067,0.2780851423740387,0.6381388790105138
FR017647,0.3608064353466034,0.935115553239423
FR003861,0.3182675242424011,0.7733956803975419
FR007457,0.32980889081954956,0.815243033106802
FR019906,0.25865405797958374,0.5779919382787225
FR001737,0.3035371005535126,0.72199999425896
FR007494,0.25821977853775024,0.5766836709186798
FR008877,0.1866602897644043,0.38019233624946336
FR010691,0.2579439580440521,0.5758535564645447
FR018559,0.7787616848945618,5.831330185483015
FR003665,0.26398900151252747,0.5941894389819493
FR013375,0.2567688822746277,0.5723239305424558
FR007237,0.31638699769973755,0.7667110319913496
FR005338,0.2474002093076706,0.5445770923934774
FR002940,0.34222376346588135,0.8618970268003083
FR014080,0.23582372069358826,0.5112311801908155
FR016213,0.33734825253486633,0.8433668310780048
FR013774,0.24917685985565186,0.5497857243518691
FR004543,0.26861873269081116,0.6084373448499634
FR000523,0.3110041320323944,0.747778442889978
FR005845,0.37126296758651733,0.9782187663159746
FR010472,0.24911734461784363,0.5496108436647846
FR017045,0.36636948585510254,0.9578700861360949
FR009188,0.2595432698726654,0.5806754782129278
FR009666,0.2511100471019745,0.5554813530226553
FR007306,0.27008306980133057,0.612981437716071
FR012406,0.21266457438468933,0.44746467722952
FR011389,0.3130960464477539,0.7551008636150114
FR017377,0.24333713948726654,0.5327572639375147
FR001842,0.22071073949337006,0.469189380612647
FR007337,0.24476517736911774,0.5368970576753302
FR005102,0.2909693419933319,0.6798382832192982
FR013256,0.53318852186203,1.89218094574405
FR019033,0.1830586940050125,0.37121276638819434
FR008794,0.339950829744339,0.8532242992767594
FR010374,0.17835499346256256,0.3596039487572085
FR016649,0.39167124032974243,1.06661265888884
FR017214,0.23129777610301971,0.49846735223019106
FR013999,0.2481100857257843,0.546655294573517
FR011732,0.2811325490474701,0.647866777128992
FR003086,0.47155091166496277,1.478253224915825
FR005980,0.2974931597709656,0.7015357808551003
FR009446,0.29597678780555725,0.6964566241722937
FR007247,0.23538866639137268,0.5099976988528875
FR016335,0.3353545665740967,0.8358678064970683
FR018551,0.37770190834999084,1.0054815576115026
FR004458,0.27006155252456665,0.6129145338786129
FR009047,0.33096492290496826,0.8195141920874759
FR019104,0.24535703659057617,0.5386174135094923
FR007079,0.26207435131073,0.5883493975097802
FR008636,0.3077004849910736,0.7363046661222893
FR011675,0.3914355933666229,1.065558174026479
FR008838,0.28579941391944885,0.6629252039668361
FR009919,0.254743754863739,0.56626708856893
FR012464,0.27116474509239197,0.616349789944548
FR003696,0.37530192732810974,0.9952542204942023
FR013098,0.24721041321754456,0.5440221179751168
FR004347,0.3130263686180115,0.754856249264912
FR012560,0.3028821051120758,0.7197650975340663
FR018789,0.33116623759269714,0.8202594932264758
FR018233,0.2853744924068451,0.661545984424393
FR018682,0.2705818712711334,0.6145334713687106
FR002028,0.24011723697185516,0.5234800598311988
FR017456,0.244101420044899,0.534970920604669
FR006528,0.4896886646747589,1.5896746001935314
FR002533,0.24847383797168732,0.5477217205607415
FR001293,0.37329867482185364,0.9867774911832777
FR012662,0.27702194452285767,0.6347642472152513
FR014786,0.2454221546649933,0.5388068568626382
FR004751,0.33624088764190674,0.8391960412443311
FR018765,0.3172266185283661,0.7696910556168043
FR003206,0.278605580329895,0.6397943958518374
FR007972,0.27901309728622437,0.6410923786270984
FR003880,0.3640802502632141,0.9484582254089915
FR014618,0.3646506667137146,0.9507970656071917
FR007574,0.263942152261734,0.5940461773817746
FR010509,0.24469390511512756,0.5366900726640673
FR015292,0.24845829606056213,0.5476761346504453
FR008127,0.23803293704986572,0.5175165653788343
FR010672,0.3036843240261078,0.7225029112374378
FR016528,0.21906228363513947,0.46470207516959083
FR008367,0.2925170660018921,0.6849496369393168
FR005161,0.38842692971229553,1.0521662758892254
FR017949,0.28935006260871887,0.6745144499016648
FR018141,0.2708839774131775,0.615474514998433
FR010612,0.2934999465942383,0.6882072237037021
FR002667,0.5408352017402649,1.9512807710017972
FR003215,0.3457418382167816,0.8754395981843089
FR002431,0.2633478045463562,0.5922302872773296
FR002441,0.31029367446899414,0.7453017011978467
FR003814,0.3319595158100128,0.8232007162596002
FR005098,0.1729573756456375,0.3464452356940645
FR005439,0.2639276385307312,0.5940017991483055
FR010116,0.22499820590019226,0.48094979786416736
FR016845,0.25660669803619385,0.5718376470614197
FR004928,0.33200255036354065,0.8233604744433206
FR004565,0.2738523781299591,0.6247625611685461
FR017852,0.31069833040237427,0.746711755287615
FR004834,0.23833705484867096,0.5183846582928491
FR002414,0.6088672876358032,2.578825174519592
FR001742,0.29375481605529785,0.6890534246401435
FR019118,0.25117969512939453,0.5556871014876572
FR005791,0.2408260703086853,0.5255155998953316
FR016204,0.2888629734516144,0.672917751657522
FR001358,0.59405517578125,2.4242822116938214
FR012419,0.26736634969711304,0.6045653937300655
FR000738,0.2727428078651428,0.6212818718163443
FR014134,0.30627548694610596,0.7313892917629172
FR000208,0.24428848922252655,0.5355134285081672
FR016499,0.31932419538497925,0.7771680040790965
FR016669,0.3372999131679535,0.8431844742696446
FR014207,0.2907199263572693,0.6790166758947119
FR018846,0.2854916751384735,0.6619261748799369
FR005303,0.624588131904602,2.7561898493906316
FR012414,0.2836992144584656,0.6561242738494176
FR007397,0.3899815082550049,1.0590693846276014
FR018952,0.25201842188835144,0.5581678079865066
FR011034,0.2933351695537567,0.687660466616858
FR001130,0.25723350048065186,0.573718189459035
FR019778,0.5318015813827515,1.8816683550787732
FR016266,0.29141485691070557,0.6813073062115693
FR019749,0.19055287539958954,0.3899872612192534
FR002643,0.25093430280685425,0.5549623537825815
FR012736,0.29443854093551636,0.691326503140089
FR016382,0.26085108518600464,0.5846340469371551
FR000359,0.35039788484573364,0.8935882404773722
FR012999,0.42284244298934937,1.2136894759781167
FR013318,0.29773953557014465,0.7023630992271038
FR002749,0.28225693106651306,0.6514768790555885
FR019582,0.2528194189071655,0.5605421201693395
FR009216,0.30544206500053406,0.728523841904253
FR004977,0.3170706629753113,0.7691369763600497
FR005493,0.19763165712356567,0.4080431823959723
FR008422,0.2740229368209839,0.625298542217824
FR010477,0.2968996465206146,0.6995451719393867
FR017472,0.28728312253952026,0.6677539545511667
FR010303,0.26559168100357056,0.5991013239429761
FR013438,0.249039888381958,0.5493832863265654
FR007438,0.3759487569332123,0.9980028921863662
FR018796,0.25529247522354126,0.5679049724456583
FR010232,0.16725756227970123,0.33273498347492547
FR003298,0.3570086658000946,0.9198076928321727
FR015080,0.32718348503112793,0.805597537835435
FR003548,0.40531256794929504,1.1290799868544443
FR017242,0.33463144302368164,0.8331589649237677
FR007424,0.23685114085674286,0.5141497404986697
FR001114,0.2894817590713501,0.6749465322804313
FR007544,0.24681232869625092,0.5428590050414683
FR004927,0.26666927337646484,0.6024159950147862
FR011372,0.26141953468322754,0.586359032741938
FR004378,0.5388727784156799,1.935926586667166
FR015937,0.24125786125659943,0.526757427880229
FR007789,0.2916501462459564,0.6820838854778444
FR019494,0.2918662130832672,0.6827974748766729
FR019883,0.40477854013442993,1.1265806779520338
FR000225,0.2764924168586731,0.6330872055579411
FR017388,0.22307924926280975,0.4756700992579008
FR002395,0.2239377498626709,0.4780288971035711
FR009665,0.30236226320266724,0.7179943424686166
FR005435,0.3393697440624237,0.8510166563791981
FR006303,0.312850683927536,0.7542397023470802
FR007486,0.19400109350681305,0.39874304826124424
FR015470,0.2690105438232422,0.6096514190363276
FR009772,0.3533293306827545,0.9051486888876127
FR000235,0.2847066819667816,0.6593817020543961
FR000350,0.2642035484313965,0.5948457409218759
FR012823,0.2988668978214264,0.7061561459902971
FR000289,0.2988775670528412,0.706192101230938
FR013740,0.23133261501789093,0.49856502903110467
FR005962,0.2872052490711212,0.6675000143955758
FR005820,0.25256821513175964,0.5597969552127529
FR019882,0.33630263805389404,0.8394282521814092
FR011578,0.25158625841140747,0.5568889014547709
FR016350,0.3800833225250244,1.0157080463459311
FR011558,0.21246978640556335,0.44694425177033664
FR000378,0.21557070314884186,0.4552598304192715
FR005498,0.2834385335445404,0.6552829101765193
FR008361,0.3059161305427551,0.7301529179582922
FR011552,0.20717519521713257,0.4328963527079807
FR000159,0.25467878580093384,0.5660733210874674
FR009678,0.3355942666530609,0.8367670310979355
FR005741,0.35624960064888,0.9167697484311202
FR002412,0.7380761504173279,4.6682007744766505
FR008713,0.2618967294692993,0.5878091534105823
FR017058,0.4522167444229126,1.3676069074078916
FR015091,0.2868069112300873,0.6662019287553991
FR019007,0.28237906098365784,0.6518696879854703
FR005851,0.22363467514514923,0.47719557976212335
FR012379,0.2598397433757782,0.5815716346688075
FR002449,0.28831374645233154,0.6711199846382551
FR019060,0.24738004803657532,0.5445181264179119
FR004877,0.2939966917037964,0.6898570494030499
FR009396,0.2762516140937805,0.6323253823952546
FR017667,0.35594868659973145,0.9155674068070676
FR015050,0.25782057642936707,0.5754824246084355
FR013044,0.3224611282348633,0.7884361922672454
FR003917,0.2281707525253296,0.4897361271078267
FR017726,0.39014607667922974,1.0598022109962326
FR014448,0.2657082676887512,0.599459474909736
FR003070,0.3015231788158417,0.7151417017559392
FR017996,0.3775288164615631,1.0047413008293147
FR002890,0.584888756275177,2.334168345465359
FR019662,0.2492995262145996,0.5501462569471649
FR010930,0.3232194483280182,0.7911758346500248
FR016365,0.29472774267196655,0.6922892955218052
FR007699,0.2833433151245117,0.6549757394931334
FR001471,0.34558600187301636,0.8748366355218475
FR018190,0.26675620675086975,0.6026838265181187
FR012704,0.17140626907348633,0.34269554451416456
FR009136,0.17962832748889923,0.3627334192995303
FR000653,0.3466278612613678,0.878873268994676
FR007352,0.27331826090812683,0.6230857242992186
FR011683,0.2783988118171692,0.6391363778348768
FR018526,0.28514036536216736,0.6607867503447983
FR010816,0.2922728657722473,0.6841416810473763
FR017274,0.2855783700942993,0.6622075303356645
FR008109,0.35189470648765564,0.8994780392086261
FR013793,0.2692672908306122,0.6104476867909076
FR017121,0.26113462448120117,0.5854941280205179
FR019041,0.33267906308174133,0.8258746164805287
FR003005,0.19783836603164673,0.40857522562448656
FR010606,0.15616783499717712,0.30659065494278565
FR013294,0.3068472743034363,0.7333591817455773
FR012535,0.28289157152175903,0.6535195448563956
FR018126,0.6778547167778015,3.485846386438981
FR001006,0.24203607439994812,0.5289991367999609
FR011769,0.2523500323295593,0.5591501492227491
FR018591,0.2517387866973877,0.5573401115444114
FR016570,0.2891753613948822,0.6739415204778693
FR002072,0.2562952935695648,0.5709045451839548
FR012837,0.2571198046207428,0.5733768417742084
FR009723,0.22646348178386688,0.4849989050366905
FR016168,0.25319617986679077,0.5616606747653504
FR018439,0.236978217959404,0.5145112706379042
FR004737,0.6205726861953735,2.7094894528313413
FR013587,0.2799959182739258,0.6442288078194529
FR015207,0.29526278376579285,0.6940726042338347
FR006226,0.31753137707710266,0.7707745334375644
FR007642,0.3432753086090088,0.8659296699825971
FR018229,0.24780434370040894,0.5457597371112243
FR017805,0.2832150161266327,0.654561981298123
FR013418,0.25365719199180603,0.5630308965380659
FR003364,0.3629951775074005,0.9440207370648884
FR013052,0.1803618222475052,0.36454054174145945
FR014760,0.2662006914615631,0.6009734421366912
FR007491,0.5334036946296692,1.8938174904876748
FR012752,0.3160267472267151,0.7654346562955446
FR017636,0.2702081501483917,0.6133704291438452
FR015883,0.280483603477478,0.6457883148064752
FR001154,0.24764828383922577,0.5453028984202575
FR019304,0.39032602310180664,1.0606039686899946
FR003825,0.28202229738235474,0.6507225969673631
FR014382,0.4132727086544037,1.1668736592119695
FR004419,0.2855663597583771,0.6621685485200247
FR010323,0.5378755331039429,1.928174016967925
FR003840,0.596138596534729,2.44533458326062
FR011064,0.2889348864555359,0.6731533477951884
FR016534,0.2871435880661011,0.6672989813532016
FR005989,0.28659287095069885,0.6655050225403475
FR015528,0.30680596828460693,0.733216767646197
FR017181,0.25036466121673584,0.5532817895028451
FR017389,0.23829253017902374,0.5182575209698005
FR004017,0.2538250684738159,0.5635302801110935
FR008427,0.3398056924343109,0.8526725339520229
FR018567,0.33602175116539,0.83837233240828
FR019562,0.218454971909523,0.46305366736201337
FR008551,0.2956617474555969,0.6954041260575484
FR005577,0.2747955024242401,0.6277294885948483
FR012298,0.5912243127822876,2.3960210385756744
FR013618,0.5333986282348633,1.8937789395343463
FR015481,0.15952236950397491,0.31442627606299894
FR005137,0.2547842264175415,0.5663878103446118
FR017707,0.232673779129982,0.502331952786067
FR003374,0.26139527559280396,0.5862853631923662
FR017293,0.22073039412498474,0.4692429975346507
FR014581,0.28604599833488464,0.6637263258406793
FR013093,0.2947724163532257,0.6924380907655806
FR002272,0.37392187118530273,0.9894087233159742
FR012162,0.2780335247516632,0.6379748130883531
FR013823,0.318072646856308,0.7727012435593779
FR001809,0.30723437666893005,0.734694651203867
FR009799,0.31074395775794983,0.7468708511137097
FR006984,0.2964734733104706,0.6981178834886709
FR008591,0.6572933793067932,3.177314191361164
FR004495,0.3885403871536255,1.0526688964540492
FR019924,0.3247506618499756,0.7967265264973442
FR010679,0.2271956354379654,0.48702787326307156
FR014822,0.2864241898059845,0.6649560983440441
FR010995,0.6407425403594971,2.9546168036073053
FR017783,0.34507226943969727,0.8728509319173369
FR005751,0.3217800557613373,0.7859808504867956
FR001799,0.4241633117198944,1.220273468672017
FR007215,0.2533901333808899,0.5622369378454669
FR017741,0.25494927167892456,0.5668802563021639
FR009653,0.4007394313812256,1.1078214628481156
FR010934,0.28711220622062683,0.6671966806450824
FR014489,0.3838021159172058,1.031835727432072
FR001632,0.25397780537605286,0.5639848231119765
FR007305,0.2534066438674927,0.562286006644269
FR010792,0.3516837954521179,0.8986464855899718
FR005358,0.30115532875061035,0.7138932792767806
FR004849,0.3072196841239929,0.7346439359552687
FR019730,0.2656704783439636,0.5993433746651241
FR004451,0.27448132634162903,0.6267402810143456
FR015881,0.3356080949306488,0.8368189270859266
FR009106,0.5430995225906372,1.9691609213992234
FR013083,0.6052774786949158,2.540305847727081
FR003332,0.4087364673614502,1.1452114790562202
FR003668,0.2965054512023926,0.6982249200173147
FR000193,0.6241607069969177,2.75117135959629
FR017569,0.32280099391937256,0.7896632929216078
FR009911,0.39149683713912964,1.0658321521872938
FR003845,0.294634610414505,0.6919791592352758
FR006201,0.30374181270599365,0.7226993509309279
FR008663,0.2783774137496948,0.6390683023733379
FR001905,0.28799566626548767,0.6700800912840605
FR005471,0.2680360972881317,0.6066343820227557
FR000349,0.2830355763435364,0.6539835448773478
FR015592,0.33289042115211487,0.8266611374523127
FR019313,0.4642794728279114,1.4357029555042793
FR012783,0.20682215690612793,0.4319663216909467
FR009347,0.2214580625295639,0.4712299485859361
FR009315,0.2649136483669281,0.5970206786361159
FR004379,0.44070884585380554,1.3053807875211505
FR010563,0.3049671947956085,0.7268942286822974
FR007191,0.2696616053581238,0.6116716926504101
FR013890,0.47893741726875305,1.5226927480615613
FR000280,0.22431188821792603,0.4790585051735858
FR010418,0.32568463683128357,0.8001245894505437
FR016557,0.27225571870803833,0.6197572398012704
FR001475,0.27474552392959595,0.6275720701333308
FR002984,0.3451170325279236,0.8730238284825808
FR003469,0.26038214564323425,0.5832130245340413
FR006223,0.5541765093803406,2.0592475796898677
FR016882,0.23841838538646698,0.5186169307768651
FR013590,0.2923808693885803,0.6844989508288319
FR007732,0.28405556082725525,0.6572753948823576
FR004031,0.24650445580482483,0.5419603128696732
FR004365,0.24995747208595276,0.5520820591802126
FR000702,0.3894992172718048,1.056924009128286
FR015287,0.3851720988750458,1.0378262511720722
FR004406,0.35533806681632996,0.9131310450508023
FR002409,0.30020105838775635,0.7106607616929123
FR011383,0.3496675193309784,0.8907241892418183
FR003503,0.29098987579345703,0.6799059499631755
FR007769,0.28146159648895264,0.6489220945632302
FR006965,0.2724835276603699,0.6204700477823081
FR007592,0.4262062609195709,1.2305164370045485
FR002098,0.33624279499053955,0.8392032131362659
FR012382,0.342967689037323,0.8647486226859207
FR010884,0.31001102924346924,0.7443177836747995
FR004009,0.29353898763656616,0.6883368056220495
FR006051,0.23817594349384308,0.5179246856115056
FR013259,0.27839335799217224,0.639119026741948
FR004745,0.28389841318130493,0.6567676128579122
FR018961,0.26500722765922546,0.5973076124481133
FR008960,0.3055132329463959,0.7287682611377901
FR005613,0.24447724223136902,0.5360610918783492
FR011215,0.43453285098075867,1.2730299896587762
FR002818,0.22028671205043793,0.4680333116613677
FR014204,0.33915552496910095,0.8502037812186333
FR009907,0.4371313452720642,1.2865547856423476
FR018862,0.5609466433525085,2.116545704953301
FR002655,0.40542104840278625,1.129588235933193
FR018267,0.25534191727638245,0.5680526713398424
FR008830,0.29153209924697876,0.6816942034617275
FR001857,0.5357685089111328,1.9119035745778772
FR002020,0.2900083363056183,0.6766757791453951
FR001602,0.28914904594421387,0.6738552438449522
FR008835,0.5011497735977173,1.6642584248760666
FR006360,0.1862109750509262,0.37906775656279756
FR006655,0.3219330310821533,0.7865319139614905
FR000617,0.28211310505867004,0.6510144599252368
FR001469,0.7467522025108337,4.884883768695078
FR006241,0.25679290294647217,0.5723959707270274
FR000210,0.2944517135620117,0.6913703394699191
FR011856,0.2786780893802643,0.640025237259385
FR013687,0.2909802198410034,0.6798741294096533
FR007775,0.23792126774787903,0.5171979834331586
FR004617,0.37753918766975403,1.0047856434631326
FR006898,0.18317534029483795,0.3715023504352109
FR017781,0.2862028479576111,0.6642361986292948
FR015344,0.2672441005706787,0.604188149176939
FR013233,0.2183052897453308,0.46264778304078275
FR000803,0.23176740109920502,0.4997847706593286
FR007398,0.6884300112724304,3.6603918130411395
FR016108,0.40528035163879395,1.1289290837569577
FR012811,0.30327075719833374,0.7210907025310982
FR013323,0.2841140031814575,0.6574642931233067
FR005876,0.25919249653816223,0.5796161149379785
FR012580,0.3089142143726349,0.7405072779344145
FR015193,0.2549731433391571,0.566951500295073
FR018980,0.261102557182312,0.5853968227643741
FR018798,0.2701225280761719,0.6131041358892253
FR002352,0.6915996670722961,3.715038652120903
FR000704,0.3290991485118866,0.8126280608338035
FR018889,0.28405633568763733,0.6572778991958034
FR002446,0.27867865562438965,0.6400270401492646
FR015476,0.4154362380504608,1.1773237008462734
FR018700,0.2406826913356781,0.5251035552459149
FR005175,0.18547053635120392,0.37721723614279085
FR017129,0.22311371564865112,0.4757646979145965
FR004937,0.21798059344291687,0.46176785726736186
FR019405,0.500666081905365,1.6610415750525642
FR009649,0.132623553276062,0.2533007255969353
FR004193,0.2582132816314697,0.5766641106102305
FR004019,0.26512131094932556,0.5976575146819132
FR001830,0.28751060366630554,0.6684960731596089
FR018163,0.29213985800743103,0.6837018487783754
FR011796,0.2462148517370224,0.541115618124995
FR002208,0.28734904527664185,0.6679689675497016
FR015260,0.2895905077457428,0.675303446115969
FR003235,0.28145235776901245,0.6488924510517092
FR018373,0.6992868185043335,3.8523547748452747
FR001340,0.2519635260105133,0.5580052720277869
FR010915,0.2769337594509125,0.6344847900351861
FR018262,0.28851208090782166,0.6717688662391681
FR012819,0.2520377039909363,0.5582249041832732
FR004431,0.2690765857696533,0.6098561861821431
FR012134,0.26604411005973816,0.6004918090455613
FR013357,0.45459431409835815,1.3807903319651926
FR010963,0.34150707721710205,0.8591559375305181
FR014194,0.2503095269203186,0.5531192671157309
FR004500,0.23319505155086517,0.5037996051606237
FR008294,0.377654105424881,1.0052770791478198
FR014281,0.19835281372070312,0.40990054168481577
FR009498,0.23680894076824188,0.514029709276608
FR005612,0.4722764194011688,1.4825630117844806
FR000307,0.4154615104198456,1.1774462257465397
FR003431,0.22860442101955414,0.4909427814894525
FR015388,0.2634980380535126,0.5926890137562836
FR011076,0.3391277492046356,0.8500984219760566
FR012296,0.29550760984420776,0.6948895205355615
FR010034,0.8111852407455444,7.117172636231937
FR002134,0.4933337867259979,1.613029516431604
FR009594,0.2707282602787018,0.6149893675227779
FR006135,0.25196751952171326,0.5580170952288662
FR007685,0.25948596000671387,0.5805023292837599
FR012518,0.3107369840145111,0.7468465333403183
FR016838,0.15659941732883453,0.30759526398748266
FR002746,0.28909701108932495,0.6736846635518704
FR015379,0.2956346273422241,0.6953135662216133
FR016076,0.2829221189022064,0.653617956439824
FR001998,0.28513169288635254,0.6607586365365535
FR002788,0.643604040145874,2.9916403955180138
FR002995,0.33166640996932983,0.8221131598287277
FR006474,0.26030489802360535,0.582979114756735
FR010297,0.27263343334198,0.6209393421336605
FR008766,0.3361116349697113,0.8387101295222609
FR002767,0.29549723863601685,0.6948549031914105
FR019546,0.2698783278465271,0.6123449917064546
FR011890,0.29246264696121216,0.6847695389185058
FR008939,0.36396491527557373,0.9479858349831738
FR005945,0.26596927642822266,0.6002616987648144
FR003855,0.25968435406684875,0.5811018467491433
FR011080,0.2541903257369995,0.5646175906388883
FR012964,0.26705309748649597,0.6035989909563436
FR001654,0.41063153743743896,1.1542205641007903
FR014643,0.5489880442619324,2.0165000228800953
FR002219,0.39817699790000916,1.0960510549125855
FR014571,0.4917677044868469,1.6029543144763323
FR010953,0.2587277293205261,0.5782140253643295
FR005216,0.5012156963348389,1.664697335080964
FR004654,0.3182915151119232,0.7734811982341127
FR019961,0.268166720867157,0.607038346483978
FR014667,0.34590864181518555,0.8760853137477862
FR005552,0.2036079317331314,0.42353681426867607
FR019557,0.3070603609085083,0.7340941273699602
FR007713,0.2369532585144043,0.514440252342289
FR017115,0.28249454498291016,0.6522412445212415
FR015742,0.26526105403900146,0.5980862655636615
FR019360,0.2532673180103302,0.561872001399758
FR002306,0.31432899832725525,0.7594375471143912
FR017801,0.2762455344200134,0.6323061548071262
FR005848,0.25414517521858215,0.564483127320596
FR003954,0.33791905641555786,0.8455221616088078
FR008292,0.2541896402835846,0.5646155491598754
FR006354,0.27080675959587097,0.6152339116625126
FR018600,0.25472307205200195,0.5662053992923431
FR015665,0.20913384854793549,0.43807123835130607
FR012424,0.21137012541294098,0.44401105113813216
FR014795,0.2654057741165161,0.598530458465743
FR005695,0.45067042112350464,1.3590939205719703
FR002552,0.2779052257537842,0.6375671180463491
FR017338,0.42486485838890076,1.2237826897570034
FR016727,0.3808952867984772,1.0192128435153789
FR013887,0.49334806203842163,1.6131216414034901
FR000842,0.3741028308868408,0.9901737450099172
FR008625,0.3022269010543823,0.7175336867670183
FR008540,0.23871272802352905,0.5194579609088358
FR012831,0.2677026689052582,0.6056038799966292
FR005386,0.28143754601478577,0.6488449273997271
FR008642,0.22752074897289276,0.4879300716790813
FR019759,0.24566826224327087,0.5395231354288587
FR013523,0.2332693338394165,0.5040089108021039
FR010345,0.553586483001709,2.054336301398899
FR004685,0.5603580474853516,2.1114941605137463
FR007943,0.28598716855049133,0.6635351449822179
FR005063,0.3386818468570709,0.8484082332633276
FR006621,0.3087543845176697,0.7399530135732773
FR011491,0.38886353373527527,1.0541014702066154
FR001272,0.3190138638019562,0.7760589038570513
FR004934,0.2813775837421417,0.6486525579055692
FR008497,0.2420300543308258,0.5289817778138758
FR018284,0.26314452290534973,0.5916098801853017
FR017195,0.2647574543952942,0.5965419177323801
FR003918,0.20809732377529144,0.43532948561054086
FR015471,0.30660974979400635,0.7325404810431526
FR006668,0.313468873500824,0.7564105718824189
FR013377,0.34158796072006226,0.8594649916065971
FR019443,0.26607370376586914,0.6005828213996162
FR003076,0.29659518599510193,0.6985253326494051
FR011407,0.29748794436454773,0.7015182740370688
FR017164,0.23480503261089325,0.5083451626451688
FR015044,0.28948113322257996,0.6749444785570097
FR006503,0.26296284794807434,0.5910557053894057
FR019670,0.42263755202293396,1.2126708768735466
FR008499,0.2532584071159363,0.5618455280318736
FR000822,0.31419557332992554,0.7589674965967006
FR012295,0.32290902733802795,0.7900536105649992
FR005301,0.3615594208240509,0.938172283544769
FR018077,0.3616384267807007,0.9384934247376028
FR019389,0.22974435985088348,0.49412106704814457
FR014232,0.28338539600372314,0.6551114806023315
FR018380,0.3611837923526764,0.9366465261164711
FR011100,0.2371513396501541,0.5150039899222708
FR008132,0.557888388633728,2.0904452648208864
FR018210,0.33224207162857056,0.8242500311093786
FR018179,0.28802135586738586,0.6701640433077382
FR017748,0.321186900138855,0.7838464727655787
FR007515,0.3053671717643738,0.7282666826161358
FR016956,0.3158664107322693,0.7648670126886643
FR018810,0.2731153666973114,0.6224493929490874
FR013817,0.30753210186958313,0.7357227930182306
FR010859,0.23259501159191132,0.5021103546955378
FR015895,0.35815712809562683,0.9244177498700897
FR012665,0.6510931253433228,3.091412669750669
FR014506,0.29776620864868164,0.7024527009993753
FR011934,0.27640944719314575,0.6328246587374722
FR019676,0.47587502002716064,1.5041164069365665
FR004190,0.2865741550922394,0.6654441043675772
FR005960,0.3089696764945984,0.740699671620363
FR003196,0.26551660895347595,0.5988707649280015
FR010439,0.3457523286342621,0.8754801980724015
FR003578,0.38202378153800964,1.024099221576581
FR015404,0.28910180926322937,0.6737003918464513
FR012195,0.36876845359802246,0.9678063480098902
FR000939,0.3057161569595337,0.7294654586169291
FR003751,0.27252981066703796,0.6206149206080618
FR018370,0.2861100137233734,0.6639343943052984
FR010526,0.27578774094581604,0.6308592636297802
FR012484,0.3081926107406616,0.7380069040576306
FR005324,0.24752715229988098,0.5449484370710761
FR001321,0.26179617643356323,0.5875034324848688
FR016156,0.28930339217185974,0.6743613674881447
FR006739,0.3207291066646576,0.7822017232146233
FR000783,0.18544666469097137,0.37715763155360976
FR001229,0.5131407976150513,1.7460495373478784
FR012081,0.3762788474559784,0.9994077932115931
FR003572,0.38152262568473816,1.021927017485084
FR014847,0.26795727014541626,0.6063906721695318
FR012356,0.3769092261791229,1.0020948890239545
FR001616,0.33428120613098145,0.8318490828489223
FR000095,0.2062961757183075,0.4305822309481291
FR004437,0.2607921361923218,0.584455315366034
FR005251,0.8697963356971741,11.066690552084387
FR011096,0.2182271033525467,0.4624358313948972
FR016430,0.3794386386871338,1.01293183751987
FR017653,0.2423408180475235,0.5298782314430464
FR001399,0.2939762771129608,0.6897892012469872
FR003629,0.2783835530281067,0.6390878333601694
FR003483,0.246332585811615,0.5414589374572012
FR006930,0.28919482231140137,0.6740053282576475
FR015178,0.3210524618625641,0.7833632360742845
FR016731,0.7575129866600037,5.175174492239573
FR004410,0.30184677243232727,0.7162410128129895
FR006334,0.22533783316612244,0.48188695171504303
FR007224,0.492916464805603,1.6103386437942142
FR011779,0.3076026439666748,0.7359665273572071
FR004587,0.2047305405139923,0.42647318308639853
FR019953,0.7552304863929749,5.111467305553936
FR016627,0.2956562638282776,0.6953858144952657
FR015149,0.26624777913093567,0.6011183206122915
FR015541,0.3308032155036926,0.8189158486068253
FR007176,0.27889561653137207,0.6407180400229708
FR018972,0.691504716873169,3.7133853359526245
FR014594,0.27831795811653137,0.6388791723869511
FR002059,0.3000064492225647,0.7100026200531809
FR003609,0.2808813452720642,0.6470617691470255
FR001363,0.27115675806999207,0.6163248816037854
FR001513,0.3192177414894104,0.7767874324448415
FR002353,0.2661629319190979,0.6008572777031362
FR006780,0.8736773729324341,11.457591616632694
FR007474,0.2710236608982086,0.6159098848850604
FR019827,0.27961185574531555,0.6430021489004822
FR006936,0.7468616366386414,4.887711723961579
FR005698,0.493849515914917,1.616361044757745
FR009036,0.40111926198005676,1.1095747671585392
FR011185,0.31566253304481506,0.7641456031731333
FR017105,0.24209557473659515,0.5291707220069678
FR010658,0.24581871926784515,0.5399612601298849
FR015273,0.22430287301540375,0.4790336841567993
FR013830,0.4004090428352356,1.1062981903346218
FR014269,0.23320257663726807,0.5038208067948838
FR001768,0.24757522344589233,0.5450890916755091
FR009685,0.2413882613182068,0.5271327355440175
FR004632,0.2852761447429657,0.6612269991343218
FR001404,0.2894062399864197,0.6746987424395182
FR000035,0.2741250991821289,0.6256197082761222
FR010004,0.2557370364665985,0.5692337211296401
FR012331,0.28014230728149414,0.6446967048158291
FR017053,0.3836824595928192,1.0313137709123639
FR015865,0.2796739637851715,0.6432004273676487
FR012799,0.2869991958141327,0.6668283561196283
FR014431,0.6871721148490906,3.639011837486613
FR018206,0.31999099254608154,0.7795545080570206
FR001704,0.49078992009162903,1.5966952813443558
FR007502,0.25730249285697937,0.5739253753746661
FR004871,0.2061518281698227,0.43020270900585644
FR013976,0.2889655530452728,0.6732538299337498
FR011613,0.2621205747127533,0.5884900305284502
FR005074,0.40939921140670776,1.1483555628877613
FR000450,0.4097861647605896,1.1501945496642556
FR014306,0.28989455103874207,0.676301898195816
FR004093,0.47892025113105774,1.5225880106327712
FR019701,0.39108386635780334,1.0639857665907855
FR002512,0.26222914457321167,0.5888204196833399
FR013661,0.3035810887813568,0.7221502362473995
FR009022,0.332130491733551,0.8238355557865329
FR011062,0.2366565614938736,0.5135964019328535
FR013601,0.2796207368373871,0.6430304994846628
FR001164,0.750286877155304,4.977478398780706
FR002692,0.33891767263412476,0.849301844624831
FR009450,0.27982398867607117,0.6436795194075129
FR016249,0.2795083224773407,0.6426716973481321
FR019241,0.22376270592212677,0.47754752666345984
FR017247,0.25296247005462646,0.5609666876710088
FR002856,0.2752396762371063,0.6291294673666327
FR007674,0.223981112241745,0.47814817710909807
FR015171,0.22473743557929993,0.4802307959618923
FR018758,0.6827262043952942,3.56480491042186
FR012267,0.6012699604034424,2.4981237619495094
FR010292,0.28370171785354614,0.6561323566796409
FR003113,0.46409037709236145,1.4346118285327902
FR004792,0.27581527829170227,0.6309462458019087
FR016760,0.40520596504211426,1.1285807150012772
FR014400,0.22458769381046295,0.4798181431055258
FR017443,0.28849971294403076,0.6717283919719624
FR005448,0.290446400642395,0.6781163109148353
FR012141,0.2208714783191681,0.46962794806361424
FR012714,0.3511752188205719,0.8966435568673282
FR007668,0.3566969633102417,0.9185593239074079
FR000654,0.3015286922454834,0.7151604234294298
FR007926,0.4009469747543335,1.10877921095539
FR006471,0.25180208683013916,0.5575274203927963
FR016552,0.21655906736850739,0.4579241133988267
FR003552,0.25627392530441284,0.5708405453089807
FR018948,0.2630571722984314,0.5913433949120284
FR000196,0.27197250723838806,0.6188717008770418
FR007658,0.24105815589427948,0.5261829009070393
FR016132,0.26810121536254883,0.6068357471491101
FR004818,0.7364729046821594,4.629721828042466
FR005857,0.37323009967803955,0.9864882758052291
FR014234,0.2650464177131653,0.597427799112208
FR002168,0.319867879152298,0.7791135261702233
FR010697,0.38730448484420776,1.0472038348139232
FR000200,0.52806156873703,1.853628150179297
FR002976,0.36303356289863586,0.9441774591139939
FR003727,0.8539069890975952,9.682879511035935
FR007084,0.25981977581977844,0.5815112557862621
FR008444,0.3726107180118561,0.9838789006788626
FR003304,0.27137553691864014,0.6170073630547273
FR018372,0.26427745819091797,0.5950719205245626
FR006018,0.2907409071922302,0.6790857672155939
FR012335,0.3087255656719208,0.7398531017011748
FR006283,0.3161109685897827,0.7657329340797342
FR002326,0.46937763690948486,1.4654136888299396
FR004558,0.3288786709308624,0.8118168598846276
FR016450,0.2666296660900116,0.6022939906780532
FR008816,0.3266328275203705,0.8035840158163957
FR016716,0.2370094209909439,0.5146000606423736
FR007950,0.23155975341796875,0.4992020671273992
FR011498,0.3134613335132599,0.7563840704838134
FR009770,0.34213635325431824,0.8615623916921958
FR006168,0.3254292607307434,0.7991945248880794
FR016467,0.22807912528514862,0.4894813537634891
FR014637,0.2653040289878845,0.598218151366972
FR010980,0.32793694734573364,0.8083579775772977
FR014917,0.2577747106552124,0.5753444918345358
FR015360,0.34455105662345886,0.8708394958266376
FR004616,0.31720036268234253,0.7695977560659748
FR006100,0.30522623658180237,0.7277829068519365
FR012391,0.3195895254611969,0.7781170748032074
FR000192,0.7681964635848999,5.490041729736308
FR011937,0.35135242342948914,0.8973410857316413
FR007014,0.31829404830932617,0.7734902284191241
FR008380,0.3345140516757965,0.832719768975517
FR007518,0.251883864402771,0.5577694520086962
FR006996,0.2916730046272278,0.6821593577229552
FR007739,0.23879125714302063,0.5196824533852096
FR002775,0.28219956159591675,0.6512924066059025
FR008655,0.2965989112854004,0.6985378057707753
FR013696,0.34494176506996155,0.8723469961745429
FR009552,0.49212226271629333,1.605229880991394
FR009537,0.2495080679655075,0.5507594591368923
FR009239,0.8625603318214417,10.396826171128955
FR008963,0.6037200689315796,2.523811607812714
FR013986,0.2603471577167511,0.5831070732345557
FR014151,0.32618972659111023,0.8019661723785808
FR009247,0.1607244312763214,0.3172493317514964
FR011981,0.32460105419158936,0.7961830851488721
FR005243,0.3827114701271057,1.027085671574073
FR019663,0.15111865103244781,0.29491337945173385
FR008445,0.5983853936195374,2.468282612866084
FR013758,0.26472902297973633,0.5964547925242148
FR015352,0.3963514268398285,1.087726343623508
FR016736,0.49612802267074585,1.631161458544591
FR019254,0.3066275417804718,0.7326017871194346
FR009377,0.2823249101638794,0.6516955051081225
FR017590,0.2000211924314499,0.4142103334202444
FR015611,0.23797421157360077,0.5173490155150247
FR016789,0.27483659982681274,0.6278589503255002
FR002966,0.2894030809402466,0.6746883782662881
FR009970,0.6955422163009644,3.7845984969185182
FR017167,0.40822160243988037,1.14277380013641
FR003988,0.24014095962047577,0.5235481221823622
FR006458,0.2948624789714813,0.6927381208834562
FR015061,0.32508963346481323,0.7979587130519183
FR011330,0.26780691742897034,0.6059259722204992
FR008252,0.25179287791252136,0.5575001686891994
FR012839,0.3589199483394623,0.9274889252917622
FR013100,0.4045667052268982,1.1255905091678402
FR002082,0.38567522168159485,1.0400329639170087
FR005826,0.3072795569896698,0.7348506166442359
FR018096,0.436384379863739,1.2826541641920526
FR018647,0.2681831419467926,0.6070891402650032
FR013794,0.28776344656944275,0.6693214865375195
FR000454,0.367693692445755,0.9633454822897605
FR015069,0.3141961693763733,0.7589695960359529
FR007172,0.30798473954200745,0.7372875928096417
FR014122,0.25703004002571106,0.5731074164338793
FR018478,0.23140548169612885,0.4987693517383832
FR018899,0.21460162103176117,0.4526540358609244
FR011151,0.254268079996109,0.5648491897250536
FR007558,0.2990304231643677,0.7067073455054532
FR003774,0.79816073179245,6.551007456609217
FR012981,0.24975800514221191,0.5514948307497202
FR015930,0.3476026654243469,0.8826617750456555
FR005861,0.4325122535228729,1.262598668092414
FR018167,0.7725868821144104,5.628014616844663
FR019115,0.2857343852519989,0.6627140261439184
FR008558,0.8316624164581299,8.184447861899415
FR000583,0.5294662714004517,1.8641074363610088
FR007366,0.2725483179092407,0.620672856240765
FR000961,0.3669649064540863,0.9603292268734336
FR009786,0.3073127567768097,0.7349652374625163
FR007308,0.23254218697547913,0.5019617677613751
FR015330,0.2998913824558258,0.7096136520770353
FR009249,0.2976706922054291,0.702131868003913
FR018461,0.5175876617431641,1.7774152723666026
FR018326,0.25850391387939453,0.5775394556683974
FR004158,0.4117659628391266,1.1596413505468672
FR014268,0.29861629009246826,0.7053119141771921
FR003624,0.21397994458675385,0.4509857741433057
FR018622,0.2353259027004242,0.5098198648663226
FR008935,0.4878682792186737,1.5781355552520298
FR009662,0.36419156193733215,0.9489142996178848
FR007447,0.2838877737522125,0.6567332423461072
FR011055,0.15291666984558105,0.2990557076370776
FR019530,0.2170334756374359,0.45920534073663644
FR009321,0.32765820622444153,0.8073360401305005
FR013462,0.31220540404319763,0.7519778635546053
FR019470,0.2850046455860138,0.6603468619149514
FR000114,0.28626391291618347,0.6644347637662464
FR009437,0.24518968164920807,0.538130689708412
FR006831,0.3191382884979248,0.7765034663354103
FR008875,0.2600064277648926,0.5820757902948591
FR004679,0.2072203904390335,0.4330154731295094
FR012608,0.23171542584896088,0.49963888750573465
FR002387,0.4258232116699219,1.2285903469960933
FR012159,0.3936464786529541,1.0754837828816992
FR015660,0.3078356087207794,0.7367718111634355
FR015459,0.25148582458496094,0.5565918979144809
FR007167,0.2867222726345062,0.6659262990260112
FR013750,0.2816139757633209,0.6494111312505358
FR019406,0.3082570731639862,0.7382300557082379
FR015774,0.30923160910606384,0.7416087124929014
FR006373,0.2007686346769333,0.4161469785077453
FR010788,0.23482249677181244,0.50839457514498
FR004376,0.22173403203487396,0.4719844749911183
FR005163,0.2551024258136749,0.5673374178788043
FR006291,0.28380662202835083,0.6564711165518864
FR002652,0.2510630190372467,0.5553424482312082
FR000888,0.26625651121139526,0.6011451893608364
FR009264,0.2121226191520691,0.44601734448433583
FR006320,0.27894291281700134,0.6408687294040246
FR006234,0.26270821690559387,0.5902794475957903
FR019613,0.34863290190696716,0.8866780397500881
FR014100,0.27064207196235657,0.6147209309385682
FR016239,0.21652330458164215,0.45782759226555875
FR007689,0.5506376028060913,2.029983638099745
FR004320,0.27667462825775146,0.6336640014462134
FR011004,0.2892707884311676,0.6742544367852852
FR011886,0.21307803690433502,0.4485702010046287
FR005628,0.2948053777217865,0.6925478877348245
FR004414,0.24508480727672577,0.537825790160463
FR008581,0.34233415126800537,0.8623197548010035
FR001381,0.35520151257514954,0.9125868274839205
FR001534,0.27708232402801514,0.6349556282901969
FR012722,0.24894295632839203,0.5490985774418531
FR011328,0.3814809322357178,1.0217464604922284
FR016098,0.594209611415863,2.425835321463313
FR008760,0.5511713027954102,2.0343673625598897
FR010302,0.3762022852897644,0.9990818039007335
FR011771,0.29718685150146484,0.700508020914711
FR005447,0.4016575217247009,1.112063195387893
FR012570,0.27988511323928833,0.6438747728626882
FR013732,0.33824071288108826,0.8467383603566047
FR011480,0.320212185382843,0.7803472036008502
FR012004,0.31495538353919983,0.7616467228014714
FR017048,0.23192457854747772,0.5002260534931073
FR009183,0.29315683245658875,0.6870690022976365
FR001023,0.2644365131855011,0.5955588168366494
FR007151,0.34801551699638367,0.8842697078814823
FR013637,0.5207411646842957,1.8000110922808186
FR014189,0.3161454200744629,0.7658549683879599
FR006192,0.24089086055755615,0.5257018461471429
FR000427,0.3381756544113159,0.8464922757434251
FR001060,0.2574131488800049,0.5742577587056057
FR012929,0.2969729006290436,0.6997906801404212
FR009752,0.24705810844898224,0.5435769726296524
FR003556,0.3560055196285248,0.9157944045742986
FR011790,0.24117730557918549,0.5265256430345586
FR012206,0.2627072334289551,0.5902764504485389
FR001950,0.3432403802871704,0.8657955136024248
FR000907,0.3031153380870819,0.7205604254274546
FR006819,0.23027826845645905,0.49561290511568895
FR016863,0.3453565537929535,0.8739493765032499
FR013146,0.2886302173137665,0.6721555395614062
FR012950,0.26290246844291687,0.590871586387526
FR005038,0.2948293685913086,0.6926278097046916
FR002021,0.29895737767219543,0.7064610972137166
FR013940,0.26990631222724915,0.6124319608646789
FR012357,0.2843523621559143,0.6582350400433579
FR008907,0.23886434733867645,0.5198914391431612
FR001007,0.5960922241210938,2.4448636400545403
FR014387,0.36016926169395447,0.9325345787357597
FR018613,0.25821083784103394,0.5766567531516953
FR004001,0.3217799961566925,0.7859806358212464
FR006928,0.21274179220199585,0.4476710554820475
FR003908,0.32098188996315,0.7831096428588463
FR005813,0.24613437056541443,0.5408809921071112
FR008281,0.2658761739730835,0.5999754781070515
FR009083,0.3209153711795807,0.7828706623727125
FR019004,0.3089510500431061,0.7406350544987548
FR003111,0.30855607986450195,0.739265680958229
FR002503,0.25961336493492126,0.5808872911925954
FR012541,0.2846832573413849,0.6593058594050492
FR015576,0.28590115904808044,0.663255694096935
FR016755,0.16763149201869965,0.33362867382302464
FR018565,0.29051706194877625,0.6783488403295174
FR019813,0.233871191740036,0.5057062660145539
FR012829,0.312438040971756,0.7527928144759777
FR015550,0.27245867252349854,0.6203922550439597
FR005325,0.3598279356956482,0.9311540960960757
FR000781,0.25660982728004456,0.5718470275907864
FR005522,0.23130737245082855,0.49849425633375466
FR018111,0.24959510564804077,0.5510154880617377
FR017709,0.6626705527305603,3.25436916807207
FR006949,0.23133008182048798,0.4985579264844691
FR014071,0.19225114583969116,0.39429020244850105
FR016664,0.2505906820297241,0.553948293397867
FR007431,0.27169570326805115,0.618006862282672
FR017246,0.27424338459968567,0.6259916730592534
FR009802,0.24265936017036438,0.5307978868240627
FR019168,0.27385184168815613,0.6247608757962406
FR008585,0.30771762132644653,0.7363638991657533
FR019353,0.2652676999568939,0.5981066602099352
FR001904,0.264950692653656,0.5971342554821487
FR007621,0.3543899953365326,0.9093573899597093
FR007277,0.26946473121643066,0.6110604034026527
FR012726,0.3328361511230469,0.826459136335104
FR014176,0.24018804728984833,0.5236832334095477
FR001619,0.25995534658432007,0.5819212654014853
FR009045,0.327409565448761,0.8064251731556538
FR009812,0.25200435519218445,0.5581261569766829
FR004284,0.30585962533950806,0.729958627003129
FR015144,0.2397722601890564,0.5224907713295927
FR000212,0.29337674379348755,0.6877983926706777
FR018578,0.22213710844516754,0.4730874855954526
FR002127,0.2865951359272003,0.6655123950201083
FR000272,0.3354220688343048,0.8361209727264937
FR017371,0.42383188009262085,1.2186185799653018
FR015953,0.2662527859210968,0.6011337265059361
FR012644,0.43745020031929016,1.2882229877159215
FR009995,0.30246689915657043,0.7183505552931909
FR011755,0.3431907296180725,0.865604834636449
FR008386,0.23217928409576416,0.5009415345034022
FR018136,0.19149646162986755,0.39237581258019627
FR006441,0.3182477056980133,0.7733250397678606
FR003007,0.3151262402534485,0.7622500127156151
FR004672,0.2506619393825531,0.5541585047681092
FR014919,0.2809537351131439,0.6472936920470227
FR009570,0.2461419403553009,0.5409030581114262
FR008635,0.36595064401626587,0.9561429987692099
FR001110,0.300922691822052,0.7131044260772165
FR013448,0.7183242440223694,4.224686191288521
FR011884,0.30608558654785156,0.7307357756112309
FR000728,0.2386593222618103,0.5193053154425744
FR004068,0.31549072265625,0.763537995621607
FR006698,0.28574198484420776,0.662738703511045
FR018133,0.2626553177833557,0.5901182487533592
FR010113,0.2455015778541565,0.539037961327057
FR019990,0.23543564975261688,0.5101308401266581
FR017091,0.2744668424129486,0.6266946979080589
FR019944,0.2596358060836792,0.5809551122421618
FR001172,0.31123343110084534,0.7485788980580721
FR015441,0.3367984890937805,0.8412944558089848
FR019270,0.751459538936615,5.008779362193144
FR014887,0.28998512029647827,0.6765994851663775
FR019735,0.28011447191238403,0.644607721150493
FR001190,0.38041049242019653,1.0171191514388491
FR008046,0.310016930103302,0.7443383169446448
FR017123,0.3093515932559967,0.7420253494662622
FR012881,0.2609988749027252,0.58508226625755
FR014507,0.22672894597053528,0.4857341241079532
FR003613,0.7463759183883667,4.87517859911513
FR006167,0.26724374294281006,0.604187045769533
FR018062,0.33387649059295654,0.8303371667252449
FR013292,0.27602699398994446,0.631615212854624
FR008092,0.28223419189453125,0.651403757356864
FR001839,0.2529163062572479,0.5608296584314947
FR003204,0.289547324180603,0.6751617043030689
FR009551,0.29109928011894226,0.6802665452435197
FR016674,0.22249990701675415,0.4740812546397924
FR000116,0.3626748323440552,0.942713549880261
FR014272,0.3340010643005371,0.8308023472164041
FR008156,0.26575472950935364,0.5996022359903942
FR012297,0.4421224594116211,1.3128862467987614
FR014293,0.29361411929130554,0.6885862169324226
FR019023,0.3199399411678314,0.779371626910169
FR018296,0.736311137676239,4.625865301851978
FR013084,0.2936268448829651,0.6886284667839143
FR003103,0.24749116599559784,0.5448431540808861
FR003669,0.2644942104816437,0.5957354908205373
FR006788,0.19780050218105316,0.4084777482316827
FR017378,0.2751144766807556,0.6287346808129001
FR011647,0.30426788330078125,0.7244984499198048
FR010698,0.2678913176059723,0.6061868070470846
FR000009,0.26346686482429504,0.5925938133077677
FR018263,0.2693029046058655,0.6105581825180602
FR008148,0.259648859500885,0.5809945638276637
FR015502,0.2461085468530655,0.5408057190920985
FR013946,0.35292014479637146,0.9035287336962071
FR019176,0.2624322175979614,0.5894386527127868
FR009355,0.8058127164840698,6.874430561786015
FR017323,0.254353404045105,0.565103391795388
FR008990,0.24733255803585052,0.5443792441761625
FR009722,0.15945500135421753,0.3142683001435943
FR008677,0.7343575358390808,4.579662302697792
FR012423,0.33330127596855164,0.8281914670619408
FR015582,0.4712330400943756,1.4763686750926912
FR012853,0.3362884223461151,0.8393747905260543
FR009787,0.2686241865158081,0.6084542352591378
FR007204,0.24784715473651886,0.5458850922708198
FR008454,0.31559014320373535,0.7638895592640886
FR006422,0.3008459806442261,0.7128444197082912
FR013578,0.2573368549346924,0.5740285799559894
FR006221,0.17337638139724731,0.34746056677514325
FR004337,0.3029775619506836,0.7200905424237511
FR006710,0.47092586755752563,1.4745497075699134
FR014024,0.531437873840332,1.8789218615348293
FR008742,0.3832288980484009,1.0293371149826753
FR008265,0.2704560160636902,0.6141416694524792
FR017095,0.4517037272453308,1.364777266926646
FR001163,0.285866379737854,0.6631427127999112
FR006262,0.2139846682548523,0.4509984401038161
FR017178,0.2914561331272125,0.6814435022563923
FR001711,0.31889399886131287,0.77563078673559
FR003639,0.3518994450569153,0.8994967280625737
FR003426,0.5003700852394104,1.659076085598277
FR008453,0.28572696447372437,0.6626899299274515
FR006336,0.25106173753738403,0.5553386633638093
FR014453,0.30698341131210327,0.7338286724923674
FR007536,0.2566872239112854,0.5720790644851668
FR013481,0.30241963267326355,0.7181896324786287
FR019131,0.2830926179885864,0.6541673911302432
FR002315,0.35603898763656616,0.9159280984595533
FR010684,0.37725529074668884,1.0035723607126377
FR002691,0.3130413591861725,0.7549088716871002
FR018641,0.28896787762641907,0.6732614470090315
FR016917,0.2031909078359604,0.4224481270236551
FR013511,0.26005569100379944,0.582224835970331
FR005030,0.5943589806556702,2.4273386051629564
FR019016,0.26949286460876465,0.6111477366988621
FR006607,0.2997494637966156,0.7091340908912768
FR004887,0.262607604265213,0.5899728717767965
FR006926,0.30345311760902405,0.7217132028370521
FR013926,0.2405480146408081,0.5247166610385041
FR003429,0.3775975704193115,1.005035289484612
FR014333,0.22086206078529358,0.46960224782621346
FR006620,0.2481900155544281,0.5468895393595224
FR010780,0.44151824712753296,1.309673584445728
FR007924,0.23234312236309052,0.5014020155668578
FR010832,0.28693026304244995,0.6666037471396306
FR003224,0.1878957897424698,0.3832910567303527
FR009721,0.2651045620441437,0.5976061376964482
FR017094,0.2448086142539978,0.5370232238795686
FR010403,0.21256734430789948,0.44720487025000233
FR005143,0.2541489005088806,0.5644942210375994
FR007700,0.29996559023857117,0.7098644870240159
FR009075,0.14760558307170868,0.2868702999315108
FR019301,0.25125113129615784,0.5558981720904207
FR018404,0.3145131766796112,0.7600867001450992
FR011860,0.36007001996040344,0.9321330467154146
FR019029,0.3346802592277527,0.8333416464880334
FR017784,0.3401084244251251,0.8538236983687332
FR009583,0.24953092634677887,0.5508266933062637
FR000398,0.3315059244632721,0.8215180894075651
FR002505,0.264214426279068,0.5948790266004101
FR010233,0.22783319652080536,0.48879783755958756
FR009542,0.25097519159317017,0.5550830827559269
FR002951,0.23217655718326569,0.5009338719518596
FR014390,0.20320653915405273,0.4224889137602255
FR009240,0.2575872242450714,0.5747808385937185
FR013539,0.2713569700717926,0.6169494277906097
FR014602,0.21647909283638,0.4577082801940667
FR008167,0.22624535858631134,0.48439517724782977
FR012846,0.37089571356773376,0.9766806177993698
FR019584,0.44996902346611023,1.3552482898623475
FR015433,0.2808535099029541,0.6469726024942876
FR008739,0.3583821952342987,0.9253231287503859
FR005474,0.35127538442611694,0.8970377909920216
FR012094,0.26070845127105713,0.5842016341614283
FR001015,0.27807435393333435,0.6381045861567121
FR011224,0.24847425520420074,0.547722944369556
FR015623,0.2774587571620941,0.6361495057621772
FR006027,0.29500672221183777,0.693218805328834
FR014620,0.6339282393455505,2.8687801672509186
FR019715,0.23173388838768005,0.4996907055512621
FR015475,0.34068596363067627,0.8560227729806696
FR019536,0.31328150629997253,0.7557521898165716
FR017803,0.30511605739593506,0.7274048411567723
FR009088,0.27688342332839966,0.6343253061691638
FR012248,0.2408258318901062,0.5255149145952451
FR001516,0.3066757321357727,0.7327678530483178
FR011087,0.2604207396507263,0.5833299074844438
FR016564,0.2641875743865967,0.5947968629146956
FR019722,0.2537631690502167,0.5633461212291021
FR013153,0.28533127903938293,0.6614058134082901
FR019842,0.30849891901016235,0.7390676321264729
FR000915,0.3876916468143463,1.0489134611720128
FR006850,0.2992671728134155,0.7075058201146862
FR007015,0.24539637565612793,0.5387318559274992
FR002630,0.2778071165084839,0.6372554545577472
FR008099,0.3745066225528717,0.9918824026284043
FR006748,0.33274638652801514,0.8261250912891107
FR017356,0.2475164234638214,0.5449170472999267
FR000023,0.5619425177574158,2.1251235770347807
FR001818,0.32699838280677795,0.8049203295140186
FR011166,0.25414150953292847,0.5644722112112373
FR016733,0.5214077234268188,1.8048253131866578
FR014420,0.6183723211288452,2.6843156003105095
FR002203,0.22118613123893738,0.4704869860839845
FR017567,0.6068171858787537,2.5567410518535967
FR015657,0.24005211889743805,0.5232932522284187
FR013219,0.3955744206905365,1.0841984064595875
FR018811,0.23381958901882172,0.5055606318843634
FR012986,0.3281620740890503,0.8091839697870851
FR018480,0.2960703372955322,0.696769339075257
FR007324,0.18903329968452454,0.386152359509691
FR005700,0.24042871594429016,0.524374058766781
FR019508,0.4047369062900543,1.1263860154164589
FR007919,0.2578052580356598,0.5754363554961588
FR000451,0.18767815828323364,0.3827445378365812
FR009282,0.3273894786834717,0.8063516169935602
FR004294,0.35144415497779846,0.8977023175070626
FR000201,0.31306877732276917,0.7550051253993024
FR013874,0.29668939113616943,0.6988407935209618
FR016889,0.3136042654514313,0.7568865439162199
FR005759,0.5551400184631348,2.06729567155347
FR002603,0.4347058832645416,1.2739267341017344
FR014065,0.257902592420578,0.5757291149311793
FR010365,0.41834530234336853,1.1914972818382603
FR002921,0.29214125871658325,0.6837064798053136
FR007404,0.2836235463619232,0.6558799873431236
FR001997,0.7705904841423035,5.564621284955014
FR003057,0.27719998359680176,0.6353286581990949
FR002990,0.6920218467712402,3.7224021810354255
FR006958,0.25651851296424866,0.5715733272777411
FR006151,0.2498503029346466,0.551766515589209
FR018237,0.29079189896583557,0.6792537036458131
FR002786,0.23004528880119324,0.4949616630146328
FR009858,0.14929671585559845,0.2907338131473091
FR009438,0.19424426555633545,0.39936334457010214
FR001257,0.22686344385147095,0.4861068168019874
FR016596,0.24250458180904388,0.5303509332945933
FR016661,0.26075130701065063,0.5843315392271118
FR006586,0.3143177032470703,0.7593977479459436
FR005023,0.37525835633277893,0.9950692722305448
FR015800,0.3809693455696106,1.0195329714956758
FR015635,0.2688440978527069,0.6091355070924933
FR011673,0.2677842080593109,0.6058558002347882
FR006720,0.2562057375907898,0.5706363415670803
FR010155,0.27060285210609436,0.6145988002999182
FR004405,0.2876172661781311,0.6688442047354347
FR002239,0.248993918299675,0.5492482538114111
FR018324,0.28047940135002136,0.6457748683238944
FR006288,0.25635743141174316,0.5710906745057333
FR013562,0.2575209140777588,0.5745815539377632
FR019956,0.44424211978912354,1.3242119499361953
FR005834,0.3649848997592926,0.9521694512133331
FR015323,0.24710378050804138,0.5437104407098817
FR002706,0.32642170786857605,0.8028129134469075
FR004921,0.3378489911556244,0.8452573981757022
FR013114,0.2920401990413666,0.6833724031726712
FR003875,0.7044039964675903,3.9477228235446242
FR005010,0.24612738192081451,0.540860620539848
FR005347,0.3152467608451843,0.7626757483792758
FR003342,0.2874194383621216,0.6681986049166517
FR018609,0.28163743019104004,0.6494864228754231
FR014438,0.25212737917900085,0.5584904798956516
FR004011,0.2514550983905792,0.5565010501412418
FR007945,0.2699189782142639,0.6124713260939184
FR008322,0.3103078603744507,0.7453511050683812
FR009978,0.2395099550485611,0.521739160627773
FR016272,0.32861101627349854,0.8108327967743593
FR018315,0.28912436962127686,0.6737743469844667
FR010688,0.33518746495246887,0.8352413154931698
FR004046,0.26642388105392456,0.6016603126222071
FR018204,0.49746400117874146,1.6399019426519599
FR001392,0.2366575300693512,0.5135991556381887
FR004470,0.2899303734302521,0.6764195921608471
FR007461,0.25236696004867554,0.5592003181758788
FR009362,0.2755679786205292,0.6301653376773442
FR007440,0.337596595287323,0.8443041059759303
FR018469,0.25431516766548157,0.5649894686898896
FR009275,0.28589245676994324,0.6632274235369994
FR006440,0.33156806230545044,0.8217484588185882
FR002942,0.34551870822906494,0.8745763514285254
FR016593,0.5005115866661072,1.6600153986703619
FR014826,0.2892441153526306,0.6741669642099101
FR011377,0.44509243965148926,1.3287796697032095
FR005589,0.27321377396583557,0.6227579804993932
FR012579,0.2096872627735138,0.4395380412111113
FR011749,0.74346923828125,4.801168548786818
FR007250,0.37128034234046936,0.9782915804991942
FR008395,0.30474019050598145,0.7261160039394213
FR004966,0.2660887837409973,0.6006292011119867
FR012373,0.27139583230018616,0.6170706953488744
FR005203,0.2071269452571869,0.43276919594362767
FR002642,0.25276169180870056,0.5603708355275816
FR004331,0.2938956916332245,0.689521412674788
FR012138,0.24434351921081543,0.5356730687477907
FR003837,0.3777209222316742,1.0055628988007743
FR008387,0.21654538810253143,0.45788719302469305
FR018945,0.26445674896240234,0.5956207773352881
FR016307,0.17170953750610352,0.34342757016979975
FR019365,0.16652178764343262,0.33097882678304674
FR009642,0.2902614176273346,0.6775077954345348
FR012377,0.33575910329818726,0.8373857853316321
FR019024,0.31783172488212585,0.7718432773508288
FR003948,0.5583856105804443,2.094664158219089
FR011141,0.21718136966228485,0.45960507343966245
FR019381,0.2423204928636551,0.5298195773328861
FR001880,0.5845825672149658,2.331226879317105
FR000778,0.6188575625419617,2.689842150077068
FR001747,0.31849634647369385,0.7742115851147453
FR003873,0.37409156560897827,0.9901261072297064
FR019899,0.28300362825393677,0.6538805883871707
FR002405,0.3267597556114197,0.8040478461408176
FR010319,0.2955628037452698,0.6950737656174406
FR018903,0.25823840498924255,0.57673975168403
FR012207,0.2715851366519928,0.6176615947461173
FR006153,0.2813488245010376,0.648560304603388
FR017479,0.2891680896282196,0.6739176789575793
FR008894,0.23315465450286865,0.5036857951832876
FR010285,0.24195431172847748,0.5287633961079825
FR012943,0.2597373425960541,0.5812620246118588
FR019425,0.33688679337501526,0.8416270938962958
FR003836,0.2674201428890228,0.6047314322596004
FR004016,0.23555885255336761,0.5104800494902323
FR001424,0.7509090900421143,4.994049949711145
FR001450,0.21777695417404175,0.46121636834812796
FR014110,0.3019629716873169,0.716636013209706
FR004880,0.26174670457839966,0.5873530490808317
FR018034,0.2783606946468353,0.6390151153027246
FR005283,0.23904365301132202,0.5204042953543331
FR011861,0.2609197497367859,0.5848422717314051
FR009963,0.2708567976951599,0.6153898197838618
FR019234,0.335955947637558,0.8381250906446035
FR016642,0.38967621326446533,1.0577109467553822
FR000302,0.4002704918384552,1.1056598936894482
FR013092,0.28238022327423096,0.6518734269264838
FR018650,0.2836962938308716,0.6561148439522299
FR004053,0.2523145079612732,0.5590448724676308
FR010917,0.3619748651981354,0.9398618606291995
FR001211,0.2849111557006836,0.6600439441083741
FR014348,0.7417404651641846,4.7579405048068635
FR006629,0.2746381163597107,0.6272338393420205
FR011313,0.31357353925704956,0.7567785091390828
FR011259,0.6362757682800293,2.8979877684376083
FR008003,0.27287420630455017,0.6216935103578941
FR009107,0.6440919041633606,2.998012040181955
FR015654,0.2737572491168976,0.624463727407651
FR002689,0.27169346809387207,0.6179998814425144
FR004373,0.25413453578948975,0.5644514442750341
FR011006,0.2635143995285034,0.5927389835646562
FR018048,0.18951010704040527,0.3873541139098691
FR017480,0.26122403144836426,0.5857654698114922
FR006699,0.27311304211616516,0.6224421044895684
FR013431,0.16345269978046417,0.3236868048290577
FR014647,0.2361745983362198,0.5122270245003079
FR004120,0.8548486828804016,9.756446449279457
FR005631,0.2703014314174652,0.6136606143994066
FR001488,0.3128036558628082,0.7540747157946452
FR004263,0.29276522994041443,0.6857712786918005
FR011198,0.8289470076560974,8.028224184680424
FR002094,0.19693967700004578,0.4062641040870644
FR011789,0.5587647557258606,2.0978875677675104
FR012988,0.41990426182746887,1.1991513674040895
FR003559,0.37399083375930786,0.9897002159853869
FR001386,0.2952469289302826,0.6940197206405733
FR014428,0.3310135006904602,0.8196939942333195
FR012595,0.5963431596755981,2.447413351706693
FR012737,0.26073765754699707,0.5842901631001082
FR013503,0.311876118183136,0.7508252835222813
FR009559,0.4684836268424988,1.4601624277394374
FR018424,0.30213651061058044,0.7172261753686551
FR010231,0.4376063942909241,1.289040861558702
FR004036,0.3170914053916931,0.7692106554748419
FR004918,0.6138472557067871,2.6334470606209788
FR005058,0.3235861659049988,0.7925029075310741
FR003216,0.2813445031642914,0.6485464433463213
FR019061,0.30540621280670166,0.7284007300809524
FR015604,0.22001062333583832,0.46728125869120923
FR010911,0.30660977959632874,0.732540583730767
FR013866,0.3170311152935028,0.7689965114831189
FR018947,0.32596203684806824,0.8011356623510741
FR014946,0.3162654936313629,0.7662803899687722
FR010131,0.2423897236585617,0.5300193754170525
FR018540,0.26679784059524536,0.6028121179885783
FR014714,0.2737623155117035,0.6244796407658267
FR001879,0.20166559517383575,0.41847581689354724
FR015252,0.35676252841949463,0.9188218117847512
FR001012,0.28628888726234436,0.6645159827239466
FR013266,0.26504629850387573,0.5974274335059621
FR015399,0.3249099552631378,0.7973054155628694
FR015240,0.27035635709762573,0.6138315153764565
FR014183,0.24892479181289673,0.5490452327921781
FR008876,0.2971811592578888,0.7004889301378361
FR013463,0.2503112256526947,0.553124274205337
FR017672,0.2852075695991516,0.6610046313320063
FR010084,0.2369656264781952,0.514475442917009
FR001780,0.2672797739505768,0.604298219478032
FR011803,0.3581755757331848,0.9244919353984896
FR006140,0.3877228796482086,1.049051473084846
FR000849,0.2640916109085083,0.5945032747742519
FR012625,0.721319854259491,4.287906004420841
FR013682,0.4567715525627136,1.3929641619313422
FR011966,0.22214153409004211,0.47309960262940765
FR010943,0.35236096382141113,0.9013182623540468
FR013567,0.3683421015739441,0.966034929810247
FR010650,0.24649380147457123,0.5419292256389746
FR001571,0.221803680062294,0.47217498377616424
FR014389,0.27372050285339355,0.6243483154016534
FR006889,0.36138302087783813,0.9374555447638564
FR017595,0.32091623544692993,0.7828737671057127
FR008277,0.25069281458854675,0.5542495999849324
FR010739,0.24072889983654022,0.5252363329359058
FR016723,0.17203843593597412,0.3442220673544675
FR007830,0.22053314745426178,0.46870504037479016
FR007788,0.2305757850408554,0.4964451190449197
FR008927,0.2243885099887848,0.47926948659538476
FR016887,0.3779335916042328,1.0064730350241249
FR006632,0.23607879877090454,0.5119550399235816
FR000582,0.22685377299785614,0.4860800146071765
FR008054,0.32167989015579224,0.7856201582701836
FR012140,0.2988337576389313,0.7060444707683087
FR013854,0.3597695827484131,0.9309182367049705
FR010550,0.3648475408554077,0.9516052705731832
FR009908,0.36896634101867676,0.9686293490179302
FR011620,0.22971820831298828,0.49404804800899194
FR000745,0.29027873277664185,0.6775647414584343
FR009319,0.35187432169914246,0.8993976449911127
FR009173,0.24743083119392395,0.5446666587324629
FR004684,0.3687722980976105,0.9678223321203824
FR012042,0.24691976606845856,0.5431727915922536
FR015642,0.5510494112968445,2.033365247351244
FR017999,0.30098679661750793,0.7133217478973626
FR000969,0.8800053000450134,12.14917038909031
FR006641,0.7734801769256592,5.656742027617963
FR000236,0.18768250942230225,0.3827554616035842
FR017186,0.30798277258872986,0.7372807884875178
FR004297,0.22833654284477234,0.49019726775183176
FR012439,0.2616612911224365,0.5870934586604485
FR008544,0.3932669758796692,1.0737748901005328
FR005551,0.27861282229423523,0.6398174494428444
FR001156,0.21515004336833954,0.45412791507765804
FR007408,0.3505760133266449,0.8942877296683039
FR012903,0.6019207239151001,2.504915768069744
FR013477,0.40519484877586365,1.128528662570647
FR009524,0.23790350556373596,0.5171473182097737
FR008911,0.4802446961402893,1.5306893011308975
FR002485,0.23684820532798767,0.5141413904395761
FR019985,0.33691656589508057,0.8417392655546232
FR000543,0.3230891227722168,0.7907045604963826
FR007029,0.24700750410556793,0.5434291097755986
FR004647,0.680164635181427,3.5229863761036344
FR019038,0.1764344871044159,0.35490222860414034
FR001058,0.26217561960220337,0.5886575255875903
FR016790,0.26643550395965576,0.6016960937995377
FR002810,0.3448815643787384,0.8721146020491697
FR000622,0.43703240156173706,1.2860375110734157
FR017305,0.2623426020145416,0.5891657861656331
FR015230,0.6302160620689392,2.823350679886522
FR008400,0.2682361602783203,0.6072531524450316
FR010720,0.5673812031745911,2.17266594955575
FR001134,0.2904583215713501,0.6781555365857618
FR012280,0.32324814796447754,0.7912796406536718
FR016514,0.7030267119407654,3.921731336813783
FR019767,0.28429359197616577,0.6580449557334254
FR000618,0.30251970887184143,0.7185303763160041
FR007188,0.30181512236595154,0.7161334463628728
FR013369,0.3489314019680023,0.8878440846041697
FR002292,0.21566355228424072,0.45550983332766726
FR013838,0.2875370681285858,0.6685824397539207
FR000216,0.24438662827014923,0.535798142995529
FR008151,0.2869630455970764,0.6667105596566287
FR008833,0.24337927997112274,0.5328792028364003
FR003541,0.2631499469280243,0.5916264296313162
FR011346,0.2860146462917328,0.6636244362746732
FR003573,0.230149507522583,0.4952529342296166
FR016385,0.27367445826530457,0.6242037158685887
FR018334,0.302646666765213,0.7189627888614855
FR012240,0.3562912940979004,0.9169364287520159
FR012681,0.2782623767852783,0.6387023948411988
FR015310,0.2945452034473419,0.6916815054392413
FR005950,0.28311774134635925,0.654248373447066
FR009058,0.21391460299491882,0.45081058396528284
FR018637,0.3201298713684082,0.7800521520875708
FR000924,0.7619473338127136,5.302434385531296
FR000048,0.2556455135345459,0.5689600385807654
FR003666,0.2734062671661377,0.623361846330891
FR006410,0.2899872660636902,0.67660653651872
FR009753,0.622514009475708,2.7319433553177532
FR019746,0.23453904688358307,0.5075928703989943
FR013829,0.26408782601356506,0.5944916969357459
FR008664,0.41597020626068115,1.1799147276716377
FR000639,0.8305251598358154,8.11840961249973
FR012919,0.3616589903831482,0.9385770241290222
FR005184,0.2888105809688568,0.6727461372282755
FR012203,0.6006261706352234,2.4914263207239906
FR010985,0.488953173160553,1.585002575232391
FR011612,0.31919732689857483,0.7767144640827915
FR000258,0.25143733620643616,0.5564485363046039
FR005981,0.2710748016834259,0.6160693238238905
FR011960,0.46377477049827576,1.432792418150514
FR007089,0.29680225253105164,0.6992188391085263
FR004592,0.26363998651504517,0.5931226144657364
FR012841,0.28606319427490234,0.6637822139370171
FR004657,0.3441604673862457,0.8693342507612126
FR019227,0.4258653521537781,1.2288021165535197
FR014727,0.24685218930244446,0.5429754133229416
FR006517,0.28902602195739746,0.67345198775015
FR005220,0.2536027431488037,0.5628689753550263
FR015683,0.27437490224838257,0.6264053907923448
FR006915,0.2482147514820099,0.5469620413134937
FR017976,0.2698006331920624,0.6121035691485153
FR012095,0.8230060935020447,7.703146105183276
FR007480,0.4654003083705902,1.4421862881101903
FR001182,0.39972347021102905,1.1031426740260046
FR015203,0.5681349635124207,2.1793494387529533
FR011321,0.28852757811546326,0.6718195829698869
FR009877,0.25719478726387024,0.5736019495107312
FR003148,0.49628639221191406,1.6321951505761532
FR011783,0.3353939354419708,0.8360154526040126
FR001581,0.2507164180278778,0.5543192454071258
FR008966,0.6949848532676697,3.7746555969023188
FR014150,0.29183897376060486,0.6827074894115908
FR011678,0.18751835823059082,0.3823434323247981
FR001894,0.1900692731142044,0.3887652494636142
FR019274,0.7299386262893677,4.477620402161222
FR011085,0.30155953764915466,0.7152651690552179
FR009174,0.2734980583190918,0.6236499148481749
FR009803,0.25630074739456177,0.5709208804692014
FR000991,0.40614083409309387,1.1329652557788474
FR000511,0.2620101273059845,0.5881540275557395
FR011562,0.2649855315685272,0.5972410811602096
FR010200,0.24051187932491302,0.524612876191882
FR013530,0.2384313941001892,0.5186540870606953
FR005492,0.22593800723552704,0.4835450586551685
FR011456,0.33569276332855225,0.8371367252804466
FR009618,0.2512378990650177,0.5558590721186003
FR009900,0.5605273842811584,2.1129460842007792
FR004931,0.34868481755256653,0.8868807635036289
FR015553,0.3428839147090912,0.8644271785350157
FR014048,0.27406567335128784,0.6254328813153344
FR010026,0.6196569204330444,2.698977008909662
FR019876,0.2854081988334656,0.6616553295857732
FR000354,0.3137567937374115,0.7574229839179191
FR003577,0.44117075204849243,1.3078290620107724
FR013230,0.3861618638038635,1.0421708334472382
FR002979,0.2817552983760834,0.649864868831749
FR017665,0.26642560958862305,0.6016656338537292
FR012031,0.23958401381969452,0.5219513165351324
FR019552,0.23305769264698029,0.5034126749736212
FR013884,0.2516610622406006,0.5571101636073076
FR015097,0.19795744121074677,0.4088818349376356
FR018603,0.5154178142547607,1.762038444325774
FR015505,0.25768938660621643,0.5750879409962951
FR003274,0.5445594787597656,1.9807836992521866
FR001928,0.6830075979232788,3.5694399606714877
FR000578,0.9051342010498047,15.80617208686377
FR005917,0.22806702554225922,0.4894477144470068
FR008406,0.3113454282283783,0.7489700601761983
FR006520,0.3121799826622009,0.751888843271956
FR002960,0.2311808466911316,0.49813958552693843
FR003046,0.24081194400787354,0.5254749966079815
FR004324,0.374370813369751,0.9913074754766049
FR006477,0.2718728184700012,0.6185601603101195
FR018448,0.3214209973812103,0.7846883893512846
FR019442,0.5236299633979797,1.8209727737166828
FR004215,0.7475306391716003,4.905053138219354
FR003175,0.2266952395439148,0.4856407441496971
FR016184,0.2776976227760315,0.6369077259586482
FR018257,0.24003179371356964,0.5232349508731806
FR018281,0.2737947106361389,0.6245813978990634
FR013975,0.31714844703674316,0.7694132961208187
FR005601,0.28867822885513306,0.672312723270794
FR018381,0.29412350058555603,0.6902785882591795
FR006847,0.4487692415714264,1.3486928005826284
FR005356,0.5315424799919128,1.87971134534338
FR008306,0.24709627032279968,0.5436884924808459
FR019422,0.19247351586818695,0.3948549658246593
FR012915,0.2951074242591858,0.6935545072194451
FR009541,0.6603876352310181,3.221356861627436
FR012961,0.2698969542980194,0.6124028777844077
FR000660,0.33319324254989624,0.8277888873337379
FR017979,0.31945088505744934,0.7776210735777175
FR007442,0.3828098773956299,1.0275135726734925
FR001364,0.22539833188056946,0.4820539756731867
FR019336,0.2747173607349396,0.6274833734018238
FR013315,0.29526636004447937,0.6940845331927933
FR004064,0.2496539056301117,0.5511884869485665
FR018885,0.2631567120552063,0.5916470713147806
FR002695,0.2665901482105255,0.6021722748790759
FR005281,0.2920684218406677,0.6834656907045878
FR003647,0.26460182666778564,0.5960650947295906
FR018436,0.23162753880023956,0.4993922526941121
FR013251,0.2611202597618103,0.5854505385621999
FR008301,0.320171982049942,0.7802030873277509
FR014450,0.26785820722579956,0.606084473786759
FR016321,0.22780224680900574,0.4887118490645281
FR018931,0.3187946081161499,0.7752759107903608
FR011395,0.25871485471725464,0.5781752108458567
FR015221,0.2580486834049225,0.5761686671638376
FR004797,0.28526556491851807,0.6611926892797999
FR012769,0.3088642656803131,0.740334036323527
FR009330,0.2879761755466461,0.67001640086689
FR006349,0.2397748976945877,0.5224983314873889
FR013734,0.22453664243221283,0.47967749402406973
FR007380,0.6130494475364685,2.624601868259116
FR013968,0.5651344656944275,2.152881892499411
FR001126,0.24502450227737427,0.5376505047807888
FR007925,0.2853154242038727,0.6613543893963417
FR016190,0.3820076584815979,1.0240292831404139
FR006156,0.34465429186820984,0.8712376415578974
FR001672,0.2739375829696655,0.6250302860818449
FR012880,0.35086145997047424,0.8954094449088764
FR011075,0.3855351507663727,1.0394182454089693
FR006577,0.29270100593566895,0.6855585852309972
FR012409,0.25148823857307434,0.5565990356404128
FR004255,0.236134335398674,0.5121127056704479
FR008269,0.3907255232334137,1.062385648597938
FR010497,0.28306227922439575,0.654069605102974
FR003284,0.26664310693740845,0.6023353917259027
FR017942,0.3561129868030548,0.9162237505724519
FR014962,0.36281818151474,0.9432983320739946
FR013714,0.30010879039764404,0.710348678313983
FR010597,0.2162036895751953,0.45696536596985227
FR004048,0.32715463638305664,0.8054919687017413
FR000013,0.22801527380943298,0.48930384784221054
FR011994,0.5684507489204407,2.1821564040588606
FR008492,0.23632919788360596,0.5126660920432067
FR011952,0.24398083984851837,0.5346213756366504
FR014762,0.24575819075107574,0.5397849825498772
FR003737,0.45521464943885803,1.3842489678326766
FR012801,0.46624577045440674,1.4470947734884434
FR000974,0.2646482586860657,0.5962073352357589
FR019238,0.19660259783267975,0.4053985848607839
FR005679,0.2969151437282562,0.6995971059415
FR013566,0.32647907733917236,0.8030224043011425
FR013804,0.2777499258518219,0.6370738161514335
FR009529,0.2494679093360901,0.550641349050407
FR005500,0.2342170923948288,0.5066829798095447
FR012294,0.2798576354980469,0.643786995146052
FR011194,0.33994269371032715,0.8531933622749589
FR004700,0.23481586575508118,0.5083758133073346
FR009661,0.26872339844703674,0.6087615370074252
FR010311,0.25000783801078796,0.552230385287367
FR019439,0.2918795049190521,0.6828413871464487
FR006542,0.28573229908943176,0.6627072520565678
FR016065,0.2914945185184479,0.6815701739021202
FR003233,0.3213318884372711,0.784367845954082
FR017202,0.23937615752220154,0.5213559760552345
FR013651,0.24928732216358185,0.5501103823549093
FR015561,0.23290732502937317,0.5029892590498853
FR010510,0.402638703584671,1.1166108344994718
FR002541,0.5269054174423218,1.8450497806643646
FR009079,0.7189180254936218,4.237110366761677
FR006821,0.26789531111717224,0.6061991502980808
FR016472,0.2771863043308258,0.6352852829814839
FR000832,0.3464791774749756,0.878296413583676
FR013171,0.21008042991161346,0.44058136414903865
FR011121,0.27102935314178467,0.615927630187332
FR001043,0.8525557518005371,9.578959843575717
FR004925,0.27814918756484985,0.6383424784103775
FR014824,0.5777953267097473,2.2671193729299035
FR008490,0.2805415689945221,0.6459738160015676
FR002836,0.2754333019256592,0.6297402878532554
FR013824,0.22365732491016388,0.47725783379779374
FR001779,0.31073054671287537,0.7468240866016325
FR009531,0.2932254672050476,0.6872965977023141
FR018049,0.2730959355831146,0.6223884703366024
FR006054,0.4664504826068878,1.4482856067681915
FR005076,0.1378847360610962,0.264956304008547
FR002594,0.24474449455738068,0.5368369877527736
FR011599,0.44691139459609985,1.3385978270486507
FR007851,0.3850840628147125,1.0374404934026047
FR017049,0.2694385349750519,0.6109790895694783
FR005947,0.3356618881225586,0.8370208275018972
FR007042,0.28156739473342896,0.6492616149382867
FR016871,0.26152265071868896,0.5866722275907982
FR002343,0.24525532126426697,0.5383215658012792
FR006459,0.2777973711490631,0.6372245011127836
FR000409,0.26464635133743286,0.5962014918830036
FR008501,0.3037739098072052,0.722809041326339
FR002879,0.26958054304122925,0.6114199562918344
FR001967,0.2754766047000885,0.6298769374451008
FR002705,0.26818493008613586,0.6070946714858623
FR004219,0.6425920128822327,2.97847849554641
FR010573,0.3335598111152649,0.8291554119141765
FR004126,0.3589121401309967,0.9274574517959825
FR017819,0.34437012672424316,0.8701420087917248
FR011580,0.2767884433269501,0.6340244340836463
FR013420,0.2643277645111084,0.5952258945703869
FR013445,0.2473670393228531,0.5444800813122468
FR010851,0.29719114303588867,0.7005224141656116
FR012761,0.4472654163837433,1.3405162397460668
FR003702,0.3159370422363281,0.7651170385120104
FR013360,0.2711142599582672,0.6161923561047594
FR017775,0.42893850803375244,1.2443299676154582
FR002497,0.2536086440086365,0.5628865223221408
FR005436,0.2580578327178955,0.576196200980674
FR004018,0.24583350121974945,0.540004314000265
FR018897,0.24465391039848328,0.5365739392886253
FR015779,0.25663918256759644,0.5719350297355702
FR007500,0.2750656008720398,0.6285805997658248
FR005147,0.2837446331977844,0.6562709282699264
FR001348,0.2694361209869385,0.6109715967793182
FR009029,0.24546878039836884,0.5389425218601649
FR006068,0.2512170672416687,0.5557975188822248
FR019699,0.2554582953453064,0.5684004065028612
FR012019,0.743588387966156,4.804169363342427
FR010149,0.3009593188762665,0.7132285906603412
FR016422,0.5262753963470459,1.8403927985001498
FR012065,0.2518763244152069,0.5577471341970429
FR015748,0.3304806053638458,0.8177230025340934
FR012874,0.26613542437553406,0.6007726603105094
FR017693,0.32284048199653625,0.7898059463083584
FR015974,0.3135288655757904,0.7566214515799328
FR012502,0.39300769567489624,1.0726085856271526
FR006173,0.3382488191127777,0.84676902568655
FR018339,0.8056086301803589,6.86547403781025
FR003623,0.216372549533844,0.4574208123159015
FR013021,0.3162478506565094,0.7662178714022375
FR006219,0.27620169520378113,0.6321675183783891
FR000754,0.2862021028995514,0.6642337761312157
FR011420,0.2790679931640625,0.6412673397071458
FR002035,0.3877887725830078,1.0493426875406233
FR005653,0.36082684993743896,0.9351983309026181
FR017632,0.3651222586631775,0.952733875979964
FR000525,0.2731214761734009,0.6224685487380363
FR002672,0.21669664978981018,0.45829552041620825
FR017373,0.25146719813346863,0.55653682441681
FR017087,0.3132215142250061,0.7555414620048088
FR003263,0.3069338798522949,0.7336578338043939
FR000046,0.2552098035812378,0.5676580501699703
FR019008,0.7359221577644348,4.616611358777886
FR003135,0.4179987609386444,1.1898014242400619
FR005389,0.24606575071811676,0.5406809848607247
FR011993,0.3264871835708618,0.803052007964427
FR010916,0.24645434319972992,0.5418141018452982
FR014590,0.25854718685150146,0.5776698467067446
FR017512,0.2937390208244324,0.6890009645942949
FR013214,0.5984713435173035,2.469165576300402
FR015629,0.7205914258956909,4.272408402918626
FR010725,0.30283084511756897,0.7195903715241976
FR008247,0.3806782066822052,1.0182749296161013
FR016671,0.2766897976398468,0.6337120337038691
FR003271,0.2849555015563965,0.660187619823174
FR016724,0.3235471844673157,0.7923617736574025
FR007207,0.21893256902694702,0.46434977945494
FR010171,0.24808625876903534,0.5465854762052207
FR002891,0.23452292382717133,0.5075472860725941
FR006020,0.30822116136550903,0.7381057335460807
FR019646,0.28790947794914246,0.6697984774703865
FR009589,0.5555546879768372,2.0707701037238135
FR019014,0.2785256505012512,0.6395399832570502
FR000370,0.2364920675754547,0.5131288393866391
FR002478,0.3002012372016907,0.7106613665855607
FR001599,0.4128081202507019,1.1646396989994192
FR012960,0.2438618540763855,0.5342765619608109
FR003505,0.2695365250110626,0.6112832831542494
FR002549,0.28162163496017456,0.6494357176827367
FR008829,0.27306947112083435,0.622305501219627
FR003710,0.26635119318962097,0.6014365683595778
FR015419,0.24884161353111267,0.5488009918891719
FR000098,0.2807178497314453,0.6465381331755397
FR001613,0.27482759952545166,0.6278305970454697
FR010630,0.22750939428806305,0.48789854933874105
FR001831,0.6550427079200745,3.14577520985689
FR004248,0.38381427526474,1.0318887794411615
FR015366,0.34027931094169617,0.8544739755407486
FR013137,0.19468532502651215,0.40048937864414935
FR008350,0.27210700511932373,0.6192921597495248
FR006030,0.30312004685401917,0.7205764878748034
FR011289,0.25323373079299927,0.5617722204642567
FR013209,0.30549418926239014,0.7287028525899714
FR003094,0.32249733805656433,0.7885668708943293
FR016301,0.49694308638572693,1.6364883964096073
FR018027,0.2068658322095871,0.43208133341059674
FR007649,0.2595856189727783,0.5808034437593061
FR001726,0.23167923092842102,0.4995373079426832
FR006884,0.7414153814315796,4.749876336480178
FR016854,0.43345168232917786,1.2674392082752814
FR006977,0.24869748950004578,0.5483779207114559
FR014533,0.34402400255203247,0.8688087678331675
FR002572,0.25541847944259644,0.5682814252101622
FR015768,0.2854861319065094,0.6619081874756413
FR006319,0.2527226209640503,0.5602549217031567
FR000810,0.1668405681848526,0.331739315607678
FR009182,0.301439106464386,0.714856258145706
FR012222,0.3078361451625824,0.7367736660947941
FR004222,0.358132928609848,0.9243204402631973
FR015515,0.28925102949142456,0.6741896380348492
FR002713,0.23706988990306854,0.5147721490531404
FR014276,0.582182765007019,2.3083220120372414
FR015739,0.22170037031173706,0.47189241204279075
FR014595,0.28360840678215027,0.6558311169945769
FR003658,0.35692790150642395,0.9194841155582497
FR002731,0.30509036779403687,0.727316707829567
FR015705,0.2505318224430084,0.5537746859624734
FR017646,0.2775461971759796,0.6364270044245239
FR003661,0.2628570795059204,0.5907331989220952
FR001507,0.4530286490917206,1.3720959642612536
FR018818,0.24388332664966583,0.5343387801733098
FR016657,0.1790883094072342,0.3614050323362396
FR012158,0.7257805466651917,4.384604871599435
FR008826,0.30123838782310486,0.7141750531879569
FR007181,0.2782474756240845,0.6386550060254879
FR002397,0.27102532982826233,0.6159150876674825
FR019486,0.7074285745620728,4.005660054670229
FR010676,0.25251609086990356,0.5596423977760238
FR018017,0.2748977839946747,0.6280517149550555
FR008937,0.3495402932167053,0.8902259432447941
FR006074,0.26228952407836914,0.58900420275377
FR008384,0.47640618681907654,1.5073228604628524
FR010741,0.24426336586475372,0.5354405541789986
FR014561,0.3149670362472534,0.7616878586004655
FR014439,0.3311971127986908,0.8203738381625092
FR010626,0.2980339527130127,0.7033524998218375
FR008424,0.2505760192871094,0.5539050428178645
FR002496,0.40171992778778076,1.1123519944720928
FR002728,0.24381868541240692,0.5341514885718545
FR003260,0.3489910364151001,0.8880771656074539
FR014023,0.25205379724502563,0.5582725601407726
FR018351,0.33649885654449463,0.8401664139749594
FR010521,0.20726142823696136,0.4331236476519468
FR005004,0.7394930720329285,4.7026020782641105
FR005706,0.31441760063171387,0.7597497903039185
FR004305,0.49280816316604614,1.6096410434821036
FR006736,0.32314467430114746,0.7909054198554274
FR000981,0.2393776923418045,0.5213603708818275
FR000304,0.27420464158058167,0.625869826948789
FR006124,0.32657957077026367,0.8033894530051313
FR005432,0.20747320353984833,0.4336820596817967
FR018809,0.24219349026679993,0.5294531464004345
FR007041,0.32058215141296387,0.7816742158188517
FR016240,0.2717430293560028,0.6181546799972725
FR010179,0.2873361110687256,0.6679267783183995
FR012794,0.2659381330013275,0.6001659478579112
FR012634,0.26257672905921936,0.5898788090055028
FR016930,0.28428274393081665,0.6580098725901202
FR014067,0.6456603407859802,3.018615148394201
FR017891,0.27699965238571167,0.634693597326213
FR010810,0.2487604171037674,0.5485626225806386
FR000132,0.5034160017967224,1.6794137111391445
FR015402,0.21945559978485107,0.46577100985092473
FR002580,0.634821355342865,2.8798479255744014
FR006448,0.2739126682281494,0.6249519941573699
FR008595,0.3844068944454193,1.0344769549486377
FR014350,0.5041031837463379,1.6840365749744073
FR000386,0.298257052898407,0.7041027898377972
FR015775,0.3253421485424042,0.7988774285364948
FR012779,0.24497190117835999,0.5374976347877253
FR015347,0.3715319335460663,0.9793464010947835
FR006935,0.2880774438381195,0.6703473563675322
FR003678,0.3363412320613861,0.8395734059608444
FR017685,0.25350019335746765,0.5625640746376954
FR009834,0.26202914118766785,0.5882118643977439
FR010838,0.48677098751068115,1.5712195928827133
FR019751,0.32354408502578735,0.7923505527019133
FR013058,0.29904839396476746,0.7067679358769611
FR011270,0.4858078956604004,1.565173782740462
FR004487,0.8399080634117126,8.691319030198578
FR002624,0.2895059883594513,0.6750260434971912
FR001076,0.2781439423561096,0.6383258025549785
FR015673,0.23198984563350677,0.5004093468784641
FR012038,0.315311998128891,0.7629062598047377
FR004261,0.25607606768608093,0.5702481185890342
FR005568,0.24976466596126556,0.551514435086321
FR006566,0.43880510330200195,1.2953327799657361
FR011774,0.2818964719772339,0.6503183062972343
FR017500,0.251348078250885,0.5561846831877701
FR002131,0.320659875869751,0.781953185416928
FR010191,0.21423648297786713,0.45167387211565024
FR003033,0.25011950731277466,0.5525593190251065
FR015487,0.26431021094322205,0.5951721654527793
FR002231,0.28719761967658997,0.6674751384362044
FR005387,0.3756980001926422,0.9969366372945176
FR013475,0.27386441826820374,0.6248003890687879
FR013507,0.3127835988998413,0.7540043576763774
FR000415,0.23877964913845062,0.5196492664756692
FR010372,0.2128271609544754,0.4478992656741138
FR000432,0.3080337643623352,0.7374571978812613
FR005832,0.2594629228115082,0.5804327351077961
FR002464,0.2693217992782593,0.6106168097289815
FR003753,0.28878840804100037,0.6726735162106916
FR011070,0.3988792598247528,1.0992668770943863
FR017002,0.22047333419322968,0.4685419635476996
FR016205,0.2243935465812683,0.47928335653480475
FR004237,0.4798257350921631,1.5281221628981527
FR000030,0.3834646940231323,1.0303643689270803
FR005507,0.20722812414169312,0.43303585810358824
FR002644,0.324741929769516,0.7966948010921496
FR002502,0.2761031687259674,0.6318560011144848
FR004177,0.24925176799297333,0.5500058752340858
FR010842,0.30963942408561707,0.7430254132777978
FR003898,0.2632123827934265,0.5918169476680755
FR015025,0.30423152446746826,0.7243740195078435
FR015268,0.16537904739379883,0.32825745806113726
FR013304,0.31172749400138855,0.7503054242148094
FR000318,0.31225213408470154,0.752141519412623
FR006182,0.2901409864425659,0.6771117984834256
FR005461,0.27040866017341614,0.613994280051393
FR011667,0.501293957233429,1.6652185427781876
FR000438,0.26452821493148804,0.5958396282947586
FR017857,0.2730121314525604,0.6221257555222374
FR006333,0.35432741045951843,0.9091086702507978
FR009479,0.2775236964225769,0.6363555898635627
FR007876,0.25503599643707275,0.5671391046306163
FR003547,0.2636498808860779,0.5931528443881809
FR006454,0.3604981601238251,0.9338661925775119
FR011250,0.20568625628948212,0.4289795564837808
FR012701,0.266163170337677,0.6008580111427199
FR006684,0.24641363322734833,0.5416953387240159
FR014004,0.502699613571167,1.6746079705851116
FR010750,0.8115217089653015,7.132835464100348
FR007868,0.3199767470359802,0.7795034736614572
FR019649,0.43439459800720215,1.2723138842532529
FR016643,0.25779008865356445,0.5753907364009713
FR008865,0.2038792371749878,0.42424569966207104
FR014806,0.2805013954639435,0.6458452495262782
FR004970,0.5139579176902771,1.7517700114491566
FR005319,0.2718128561973572,0.6183728113732345
FR016580,0.24459247291088104,0.536395566109131
FR018502,0.2920234501361847,0.6833170449227665
FR010799,0.33557718992233276,0.8367029470075094
FR011738,0.46808627247810364,1.4578341030639357
FR007778,0.2850184142589569,0.6603914806656874
FR017615,0.2827741205692291,0.6531412423977025
FR014677,0.6440706253051758,2.997733767854245
FR013754,0.2954997718334198,0.694863358483123
FR019102,0.25599974393844604,0.5700196736870036
FR005609,0.2500435709953308,0.5523356299144572
FR005786,0.36287540197372437,0.9435318321298426
FR013930,0.27694907784461975,0.6345333289046994
FR000251,0.2534273862838745,0.5623476557202549
FR017493,0.28543904423713684,0.661755402499791
FR011729,0.3747699558734894,0.9929978951423063
FR016717,0.22432950139045715,0.47910700013063584
FR004247,0.32192477583885193,0.7865021697259397
FR011396,0.7166958451271057,4.1908811254606215
FR015411,0.3392702043056488,0.8506388775443564
FR014576,0.27349352836608887,0.6236356967722515
FR000795,0.26384565234184265,0.5937511451100372
FR015817,0.2652827799320221,0.5981529382196752
FR009484,0.24841921031475067,0.5475615007561161
FR007872,0.506809413433075,1.7023673975708418
FR013342,0.4281042218208313,1.2400980354294922
FR003408,0.2733837366104126,0.6232911497286766
FR006016,0.8186038732528687,7.47599814455286
FR001391,0.3664930462837219,0.9583800217398118
FR006959,0.2369282841682434,0.5143691962977519
FR011964,0.14073234796524048,0.2713244117412508
FR002757,0.335051029920578,0.8347300319915872
FR004473,0.2901493310928345,0.6771392326923638
FR005409,0.31262093782424927,0.7534339081498731
FR001774,0.3074687123298645,0.7355038142776575
FR002197,0.5043582916259766,1.6857560192558834
FR002676,0.30023670196533203,0.7107813430717429
FR019140,0.2916823923587799,0.6821903549061479
FR004110,0.2712239623069763,0.6165344818739925
FR016227,0.3661857843399048,0.9571123149656757
FR000711,0.36862191557884216,0.9671972383068538
FR001041,0.25248345732688904,0.5595456446578126
FR010882,0.4255521297454834,1.227228815463178
FR005728,0.29094988107681274,0.6797741556556224
FR018521,0.468796968460083,1.462000930507925
FR014447,0.5691966414451599,2.188802861165216
FR003163,0.23544006049633026,0.5101433401159332
FR005794,0.2339605838060379,0.5059585963495083
FR010401,0.30874404311180115,0.7399171600610317
FR016144,0.3393231928348541,0.8508399683949784
FR003335,0.2549952268600464,0.5670174117247567
FR018317,0.264909029006958,0.5970065165980238
FR001294,0.27326419949531555,0.6229161383023714
FR002341,0.30886974930763245,0.7403530544652789
FR017078,0.44758954644203186,1.342274828047427
FR018481,0.716665506362915,4.1902549891464975
FR008408,0.2808873951435089,0.647081149964406
FR004028,0.23408493399620056,0.5063097022467229
FR003527,0.2511725127696991,0.5556658821824038
FR001072,0.1615542769432068,0.31920295671110016
FR010079,0.2503105103969574,0.5531221659543161
FR015294,0.25728267431259155,0.5738658558256626
FR004741,0.25756701827049255,0.5747201089814866
FR005789,0.5464219450950623,1.9957194868422177
FR005427,0.23809410631656647,0.5176911150928737
FR018699,0.23965555429458618,0.5221562975324309
FR004562,0.32226327061653137,0.7877223850459413
FR005540,0.288823664188385,0.6727889896572843
FR011556,0.26308688521385193,0.5914340346380009
FR019841,0.16795799136161804,0.33440966264221894
FR012576,0.29252952337265015,0.6849908680942604
FR016839,0.4096136689186096,1.1493744694185937
FR011345,0.21670018136501312,0.45830505570493685
FR010479,0.4270995259284973,1.2350180559986275
FR001566,0.6293554902076721,2.8129489654595243
FR000773,0.7280450463294983,4.43490862896925
FR006707,0.29939454793930054,0.7079356355915142
FR010517,0.442299485206604,1.3138288307253123
FR018051,0.2496926337480545,0.5513024460339432
FR001859,0.2734462022781372,0.6234871658966344
FR017165,0.26908817887306213,0.6098921351353709
FR019760,0.23522549867630005,0.5095354418485164
FR014913,0.30033549666404724,0.7111156274171684
FR018038,0.2842511534690857,0.6579077134502087
FR015285,0.26501914858818054,0.5973441697728132
FR001380,0.26324042677879333,0.5919025321498269
FR007434,0.2607087194919586,0.5842024471504698
FR010523,0.23560141026973724,0.5106007023950291
FR009936,0.20907068252563477,0.4379039497822659
FR011248,0.2792520821094513,0.6418542522697253
FR008883,0.22771094739437103,0.4884582293671175
FR015474,0.26836392283439636,0.6076484835021702
FR008971,0.3218734860420227,0.7863173851248628
FR003957,0.2639693021774292,0.5941291976265055
FR011333,0.36532145738601685,0.9535528422815989
FR010344,0.5969409942626953,2.453500634678916
FR014408,0.27253466844558716,0.6206301272601418
FR001274,0.21805177628993988,0.4619606999770541
FR001044,0.6540141701698303,3.131498767594746
FR015808,0.502988338470459,1.676543154574656
FR012039,0.23757898807525635,0.5162220733418631
FR012227,0.31384527683258057,0.7577342871216031
FR015534,0.21611221134662628,0.4567187143161768
FR003910,0.286785751581192,0.6661330151900126
FR009166,0.6722222566604614,3.3974793507320418
FR019727,0.32199302315711975,0.7867480914817778
FR011998,0.24373681843280792,0.5339143330352726
FR006675,0.6920140385627747,3.7222658094254983
FR012055,0.27832043170928955,0.6388870403315182
FR007802,0.2829373776912689,0.6536671173661015
FR012072,0.2855057120323181,0.66197172487775
FR012144,0.24013717472553253,0.5235372627032137
FR004243,0.6269579529762268,2.784223081465483
FR002534,0.2876879870891571,0.6690750854152167
FR003277,0.28813233971595764,0.6705268012663074
FR001137,0.4066241681575775,1.1352375129685255
FR018253,0.3085838556289673,0.7393619292303907
FR009828,0.24136950075626373,0.5270787323577216
FR015544,0.25957950949668884,0.5807849819570756
FR008910,0.2808857560157776,0.6470758989718247
FR005686,0.28713446855545044,0.6672692520138959
FR014499,0.2890706956386566,0.6735984059350583
FR017187,0.2551552355289459,0.5674950972559791
FR003297,0.2645750045776367,0.5959829357410753
FR001252,0.33139538764953613,0.8211083918168154
FR008542,0.3555726706981659,0.9140665640608666
FR005373,0.27928176522254944,0.6419489160709206
FR005226,0.27880313992500305,0.6404234599804823
FR010845,0.35115891695022583,0.8965794071030998
FR012912,0.2268206775188446,0.4859882975315802
FR009409,0.3889671862125397,1.0545613034374295
FR007903,0.2946375906467438,0.6919890823280171
FR009056,0.23117876052856445,0.4981337386765531
FR013229,0.26561155915260315,0.5991623810076083
FR003585,0.2894972562789917,0.6749973875382109
FR016386,0.29106780886650085,0.6801628049884884
FR012952,0.2626101076602936,0.5899804988332124
FR001543,0.27018794417381287,0.6133075808981796
FR009229,0.29144996404647827,0.6814231455934607
FR008988,0.26509782671928406,0.597585477860732
FR006386,0.2208559215068817,0.4695854942085021
FR016252,0.2600020468235016,0.5820625367401054
FR019702,0.398001104593277,1.0952467731227686
FR002693,0.27491337060928345,0.6281008267794355
FR002298,0.6838381290435791,3.5831683935212575
FR017152,0.2723334729671478,0.6200004805814765
FR019184,0.2708401381969452,0.6153379099390716
FR006833,0.28441122174263,0.658425444822139
FR017473,0.281327486038208,0.6484918602926422
FR016310,0.28326475620269775,0.6547223731070113
FR004622,0.6427154541015625,2.9800799150636648
FR012683,0.3196795582771301,0.7784392853276384
FR004900,0.288507878780365,0.6717551145833268
FR010362,0.30720606446266174,0.734596925972617
FR008304,0.32618990540504456,0.8019668248321585
FR004468,0.45930877327919006,1.4072744975912224
FR019564,0.4486035704612732,1.3477898316898913
FR007017,0.6431559920310974,2.985804105392073
FR000088,0.29409098625183105,0.690170489475437
FR011312,0.3108699321746826,0.7473102146127962
FR000682,0.30370989441871643,0.7225902816525832
FR014186,0.28484004735946655,0.6598135980648171
FR000086,0.33102089166641235,0.8197213529221403
FR013366,0.795307457447052,6.436598704836457
FR007143,0.5317065119743347,1.8809500381037936
FR001970,0.3689134120941162,0.9684091704747995
FR010890,0.2789766192436218,0.6409761325777735
FR004194,0.30384889245033264,0.7230653305421029
FR011999,0.21125002205371857,0.44369118669256746
FR010287,0.3791569173336029,1.0117204681508074
FR003030,0.2774345278739929,0.636072623844654
FR016783,0.2613706588745117,0.5862106125518571
FR013915,0.30495408177375793,0.7268492602876817
FR000276,0.5186065435409546,1.784683501555879
FR016363,0.25483694672584534,0.5665450883483706
FR004224,0.7954204082489014,6.441067067244788
FR013683,0.29401981830596924,0.6899339157042089
FR009506,0.2929973006248474,0.6865401594748007
FR011607,0.24162423610687256,0.527812228565892
FR011279,0.3246539831161499,0.7963753189475142
FR005984,0.21767042577266693,0.4609279861458722
FR009448,0.3612057566642761,0.9367356931001303
FR012143,0.2668963372707367,0.6031156858889385
FR005571,0.24264173209667206,0.5307469730110105
FR005996,0.28781983256340027,0.6695056402614666
FR006653,0.24834319949150085,0.5473386040896283
FR016911,0.4550419747829437,1.3832854416395626
FR010329,0.17881689965724945,0.36073805296710887
FR009710,0.2623355984687805,0.5891444641703951
FR011354,0.331392765045166,0.8210986729475577
FR000552,0.34741517901420593,0.8819322435487955
FR018878,0.3313785791397095,0.8210461040217748
FR014783,0.48883727192878723,1.584267568062633
FR010625,0.7855417132377625,6.0680593329761825
FR009146,0.22531644999980927,0.4818279236247728
FR012552,0.2308531254529953,0.4972214759609387
FR008859,0.283418744802475,0.6552190657936076
FR015976,0.30342814326286316,0.7216279318579477
FR014051,0.28841137886047363,0.6714393588375507
FR006531,0.24923528730869293,0.5499574356429112
FR001604,0.31148576736450195,0.749460389470921
FR013626,0.3159455955028534,0.7651473194055948
FR005585,0.48194020986557007,1.5411207802722333
FR015919,0.769478440284729,5.529785761795886
FR005456,0.2738344073295593,0.6247061025518484
FR000616,0.3567684590816498,0.9188455576454643
FR017018,0.2936064600944519,0.6885607885987178
FR005994,0.3253919184207916,0.7990585854281618
FR009739,0.27154290676116943,0.6175297506818098
FR006738,0.22695200145244598,0.48635228010490783
FR000863,0.25043588876724243,0.5534917862523863
FR006107,0.22480392456054688,0.4804140749587621
FR017390,0.26100078225135803,0.5850880520706895
FR012445,0.8821353912353516,12.398673584723092
FR011161,0.3295831084251404,0.8144105606689334
FR012332,0.2548377215862274,0.5665474001186719
FR000452,0.30606088042259216,0.7306507791667253
FR017112,0.2526967525482178,0.56017818298729
FR002902,0.2793114483356476,0.6420435876699819
FR005286,0.41836148500442505,1.1915765237492444
FR008827,0.31128787994384766,0.748769050658901
FR000643,0.32984673976898193,0.8153826392186481
FR004252,0.2825148105621338,0.6523064590367998
FR000646,0.23781903088092804,0.516906393189379
FR011300,0.2593008577823639,0.5799432673811679
FR013250,0.45251700282096863,1.3692654979082282
FR016403,0.2879493236541748,0.6699286618285704
FR016803,0.28122463822364807,0.6481620271826617
FR010273,0.2816082835197449,0.6493928591833209
FR004541,0.7957427501678467,6.453846171066579
FR014412,0.30336618423461914,0.7214164088950855
FR018802,0.2189866602420807,0.4644966731503134
FR014090,0.26949599385261536,0.611157451093503
FR001314,0.66493821144104,3.287606177070268
FR003672,0.28823912143707275,0.6708759310815379
FR006817,0.5680575966835022,2.178662363494032
FR002915,0.4673367738723755,1.4534518211261744
FR017818,0.25148090720176697,0.5565773582448078
FR005403,0.6194413900375366,2.6965102037139297
FR007604,0.28063809871673584,0.646282796675703
FR015051,0.29622143507003784,0.6972746005268889
FR000080,0.28340449929237366,0.6551731077128593
FR002793,0.2910032570362091,0.679950048397645
FR015523,0.4812493920326233,1.536862360836334
FR004822,0.2836780846118927,0.656056053164211
FR014425,0.32280340790748596,0.7896720131417858
FR012861,0.7620638608932495,5.305842520654142
FR010910,0.2462863028049469,0.5413239607536957
FR000158,0.5906373262405396,2.390209939962663
FR005470,0.29988256096839905,0.7095838374830237
FR006367,0.38356611132621765,1.0308064388817295
FR018493,0.2711813747882843,0.6164016530922939
FR016994,0.30945584177970886,0.7423874630720118
FR018273,0.23220716416835785,0.5010198798883536
FR016414,0.22126802802085876,0.4707106874076087
FR004338,0.24529218673706055,0.538428782961803
FR011082,0.25467878580093384,0.5660733210874674
FR002300,0.25928235054016113,0.5798873855571611
FR019027,0.27390605211257935,0.6249312046209267
FR016618,0.27639758586883545,0.6327871300233062
FR014964,0.42343857884407043,1.2166572352920977
FR007982,0.3439166843891144,0.8683956730724701
FR018627,0.36258724331855774,0.9423563664744619
FR001999,0.2543339133262634,0.5650453188538206
FR011398,0.8751465678215027,11.611911246796103
FR010402,0.28000548481941223,0.644259379153715
FR005314,0.2553195059299469,0.5679857191999549
FR016371,0.26422181725502014,0.5949016431846245
FR013392,0.5760922431945801,2.2513554266964353
FR001698,0.26127347350120544,0.585915550025267
FR000587,0.37187087535858154,0.9807687835953784
FR013733,0.38800206780433655,1.050285777845444
FR006293,0.2797979712486267,0.643596420606079
FR015720,0.21704067289829254,0.4592247902279186
FR003427,0.2456626147031784,0.539506693426381
FR009643,0.35054537653923035,0.8941673953549708
FR016895,0.18978549540042877,0.3880488524022773
FR015102,0.3410351872444153,0.8573543688976178
FR014544,0.33198878169059753,0.8233093584360811
FR009761,0.23808865249156952,0.5176755511788663
FR008981,0.29110464453697205,0.6802842291603816
FR013667,0.2879783511161804,0.6700235098690122
FR000771,0.28591111302375793,0.663288031815118
FR004174,0.3307310938835144,0.8186490802094198
FR006511,0.2911328077316284,0.6803770741150289
FR009532,0.3027869164943695,0.7194406558402048
FR000973,0.25630882382392883,0.57094507141369
FR007623,0.2984015941619873,0.7045891394750664
FR015265,0.28448429703712463,0.658661879558751
FR011167,0.3378159999847412,0.8451327501510149
FR004696,0.2912386357784271,0.6807260209534025
FR013017,0.33284255862236023,0.8264829842892345
FR013834,0.5631424188613892,2.1355107621801297
FR011561,0.2890028655529022,0.6733760997740624
FR009550,0.23522652685642242,0.5095383540833192
FR006784,0.7454876899719238,4.852383116976716
FR012268,0.31073105335235596,0.7468258532279023
FR009384,0.21885228157043457,0.46413178301487074
FR009003,0.25620901584625244,0.5706461581979151
FR002670,0.3686208724975586,0.9671929035790819
FR017990,0.2529835104942322,0.5610291481916069
FR011852,0.4092862904071808,1.1478193626031754
FR012650,0.2386694848537445,0.519334360725757
FR012646,0.31257012486457825,0.7532557633336403
FR005730,0.26044130325317383,0.5833921898681844
FR019728,0.2988407015800476,0.7060678694684608
FR011418,0.23769040405750275,0.516539647129827
FR003526,0.3119775950908661,0.7511803595988057
FR007236,0.29408779740333557,0.6901598882060936
FR015532,0.733672559261322,4.5636229918334275
FR007414,0.2891223430633545,0.6737677035305076
FR005707,0.56308513879776,2.1350136090281366
FR005517,0.2659846842288971,0.6003090732704235
FR015288,0.2121860235929489,0.4461865680192106
FR007278,0.6921982765197754,3.7254853992056387
FR011199,0.2095329910516739,0.43912894355072507
FR019155,0.324889600276947,0.797231428172481
FR000089,0.3363487720489502,0.8396017661609023
FR000687,0.22824405133724213,0.4899399810513943
FR003302,0.26299670338630676,0.5911589560950876
FR004667,0.2950552999973297,0.6933807330061529
FR005247,0.5209269523620605,1.8013515972839689
FR004493,0.7391592860221863,4.694464468256728
FR019984,0.6454996466636658,3.0164958751476476
FR004180,0.24466077983379364,0.5365938853162708
FR012998,0.25377073884010315,0.563368640704522
FR004359,0.628608226776123,2.803955909861269
FR006724,0.6099371314048767,2.590441934357134
FR000856,0.3030344545841217,0.720284551196325
FR008234,0.6066448092460632,2.554894666358566
FR003711,0.32331183552742004,0.7915100287288244
FR005380,0.25068414211273193,0.5542240116706793
FR012574,0.3418090045452118,0.8603099826131841
FR001529,0.28068116307258606,0.6464206675368852
FR011238,0.401487797498703,1.111278060292012
FR000949,0.25456565618515015,0.5657359974064678
FR010228,0.28541919589042664,0.6616910067641144
FR011287,0.27058425545692444,0.614540894921623
FR005174,0.3072411119937897,0.7347179006981993
FR015338,0.31439030170440674,0.7596535776112029
FR000861,0.1857408881187439,0.3778925150538407
FR019973,0.28949451446533203,0.6749883899079991
FR010069,0.5515313148498535,2.0373303356117907
FR005852,0.2974186837673187,0.7012858081383959
FR008455,0.25258055329322815,0.5598335431472591
FR006861,0.2882559895515442,0.6709310920654519
FR014865,0.35053902864456177,0.8941424636923967
FR010986,0.253633975982666,0.5629618533634803
FR007085,0.32864832878112793,0.8109699334290941
FR019809,0.24115115404129028,0.5264504071478512
FR011387,0.2558813989162445,0.5696655474139305
FR001021,0.2297154664993286,0.4940403927387704
FR003338,0.3014718294143677,0.7149673513908242
FR018904,0.32253262400627136,0.7886942287733748
FR012501,0.36896517872810364,0.9686245136195015
FR007570,0.27984151244163513,0.6437354931182497
FR010763,0.4718579649925232,1.4800757911498383
FR004803,0.27791163325309753,0.6375874756857454
FR008507,0.2622673511505127,0.5889367093254508
FR010870,0.7751539945602417,5.711184789421249
FR019294,0.2381758838891983,0.5179245154763334
FR003870,0.4033828675746918,1.120069903687482
FR006763,0.27678143978118896,0.6340022517900319
FR017159,0.2028881013393402,0.42165833086915216
FR006311,0.306140661239624,0.7309252707740123
FR014200,0.21565358340740204,0.45548298858061487
FR013240,0.27412450313568115,0.625617834232968
FR001049,0.2746484875679016,0.6272664943278923
FR010681,0.2893548309803009,0.6745300916379737
FR014903,0.296064168214798,0.6967487146661543
FR005177,0.2566729485988617,0.5720362631333772
FR016337,0.3633933961391449,0.9456475256464587
FR003529,0.4857528507709503,1.564828922515833
FR013128,0.2519732117652893,0.558033947920259
FR003012,0.31053847074508667,0.7461545144862182
FR008528,0.2982412278652191,0.7040495542415949
FR015864,0.3821915090084076,1.0248270046675598
FR010117,0.2114444375038147,0.44420901109741234
FR006009,0.5048449039459229,1.6890407320423442
FR017770,0.3087265193462372,0.7398564078552899
FR018156,0.26618877053260803,0.6009367669910299
FR008710,0.35342466831207275,0.905526422344485
FR007454,0.3023078441619873,0.7178091256261664
FR008814,0.29358386993408203,0.6884857930672402
FR001776,0.2783995568752289,0.6391387482231257
FR001754,0.32372617721557617,0.7930099583188666
FR002875,0.2645527422428131,0.5959147483318019
FR014179,0.28841981291770935,0.6714669523572889
FR005701,0.26753073930740356,0.605072876731179
FR007503,0.28492170572280884,0.660078123408946
FR006423,0.2769632637500763,0.6345782811317278
FR002155,0.27479833364486694,0.6277384068076451
FR017721,0.26629528403282166,0.6012645016651212
FR015926,0.2543700635433197,0.5651530314715684
FR009001,0.5510552525520325,2.03341325806239
FR013746,0.25088390707969666,0.5548135725751211
FR009433,0.8082875609397888,6.984559189847266
FR014148,0.3258652091026306,0.8007826481954795
FR012917,0.2604673206806183,0.5834709955866971
FR013933,0.43612998723983765,1.2813280958883766
FR017946,0.26079773902893066,0.5844723017717176
FR013005,0.3357136845588684,0.8372152644546247
FR001927,0.3181380033493042,0.7729340942565098
FR001673,0.2319246232509613,0.5002261790258613
FR009101,0.3400452733039856,0.8535834736261477
FR010473,0.3802792727947235,1.0165530136860157
FR017248,0.24156270921230316,0.5276350201793977
FR017899,0.12496872991323471,0.23659261371028378
FR012154,0.484125554561615,1.5546670415298158
FR011138,0.24952559173107147,0.5508110020450696
FR003955,0.7893223166465759,6.206678458414707
FR019382,0.29842516779899597,0.7046684785982517
FR001963,0.28587615489959717,0.663174466499902
FR002255,0.2575470209121704,0.5746600096256671
FR007412,0.27661311626434326,0.6334692508159825
FR010714,0.28549250960350037,0.6619288826853984
FR019421,0.26870033144950867,0.6086900812192207
FR009882,0.2832813262939453,0.6547758099532641
FR014729,0.27477020025253296,0.6276497910270005
FR008177,0.29248490929603577,0.6848432120329545
FR013891,0.4258832037448883,1.228891835945336
FR004429,0.409317284822464,1.1479665177763603
FR007597,0.6042280793190002,2.529177586389925
FR010443,0.19011124968528748,0.38887126197360306
FR011881,0.32301756739616394,0.7904458841156599
FR007031,0.3502276539802551,0.8929201226624531
FR014912,0.23460674285888672,0.5077842865481973
FR000335,0.2573297619819641,0.5740072758863971
FR003359,0.2528429329395294,0.5606118972870499
FR005538,0.3034740686416626,0.7217847415611711
FR016136,0.27381622791290283,0.6246489913715215
FR005729,0.43323031067848206,1.2662971143219213
FR013279,0.5950605869293213,2.434414558310428
FR003255,0.26116126775741577,0.585574981005256
FR007624,0.2973737418651581,0.7011349898954563
FR018266,0.8914988040924072,13.611614450364028
FR000361,0.288356751203537,0.6712606505701715
FR016192,0.30499377846717834,0.7269853970892627
FR006274,0.2698589265346527,0.6122847007079439
FR000433,0.26344916224479675,0.5925397546902218
FR005352,0.2593848705291748,0.5801969753814207
FR011581,0.31775885820388794,0.7715839054365182
FR007583,0.25631970167160034,0.5709776541435125
FR004356,0.2616424560546875,0.5870362227979472
FR008813,0.5459639430046082,1.9920352420202325
FR009423,0.5501731038093567,2.026176785752577
FR016172,0.29621630907058716,0.6972574559520092
FR000429,0.45439639687538147,1.3796885133714352
FR001714,0.1823093295097351,0.36935437744113336
FR008206,0.7162885069847107,4.182485586047377
FR014855,0.3091268837451935,0.7412451789281473
FR010483,0.2514120042324066,0.5563736467215062
FR019608,0.2745196223258972,0.6268608130163134
FR002064,0.22255535423755646,0.4742332160291155
FR013012,0.2796037793159485,0.6429763676002764
FR018286,0.45462048053741455,1.3809360621573266
FR008929,0.2866326868534088,0.665634629796072
FR004884,0.2939058840274811,0.6895552790066597
FR019477,0.32842469215393066,0.8101482178160616
FR003193,0.3362104594707489,0.8390816327293205
FR005591,0.2754514813423157,0.6297976542405158
FR011661,0.7858238220214844,6.078234136023482
FR001891,0.34448352456092834,0.8705791138413173
FR017292,0.4236646890640259,1.2177844918835514
FR004665,0.2784681022167206,0.6393568448843567
FR014235,0.30040767788887024,0.7113599214004829
FR000475,0.17117223143577576,0.34213099352976095
FR017289,0.25526776909828186,0.5678311748612813
FR009196,0.5939972400665283,2.4236998755129484
FR012655,0.39191529154777527,1.0677056130493092
FR017402,0.385542094707489,1.0394487131495294
FR012546,0.26724788546562195,0.6041998269713355
FR012635,0.29622724652290344,0.6972940379923463
FR007662,0.1902078092098236,0.38911516633546056
FR008273,0.2591520845890045,0.5794941320920541
FR000256,0.31636205315589905,0.7666226095523495
FR015452,0.2543419599533081,0.5650692935534796
FR014221,0.2659890651702881,0.6003225437541249
FR001045,0.45236384868621826,1.3684192660337375
FR003981,0.326949805021286,0.8047426662855063
FR015033,0.28871801495552063,0.6724429940056337
FR016614,0.31523367762565613,0.7626295250162777
FR013051,0.2844383418560028,0.6585131861730685
FR004872,0.25694739818573,0.5728594273504195
FR017062,0.41907787322998047,1.1950888978240763
FR016484,0.42689213156700134,1.2339716389867923
FR016972,0.26045793294906616,0.5834425598942213
FR019788,0.27246713638305664,0.6204187450198994
FR018518,0.2120313048362732,0.4457736786312329
FR019874,0.5619557499885559,2.1252378141930466
FR001310,0.29003655910491943,0.6767685334879757
FR017079,0.2705002427101135,0.6142793367466255
FR009939,0.23184968531131744,0.5000157648030674
FR018655,0.3035881817340851,0.7221744640360418
FR002158,0.2247062474489212,0.4801448357172986
FR006229,0.3158785402774811,0.76490994594105
FR016170,0.2518564760684967,0.5576883866933819
FR014628,0.4218602180480957,1.2088129884669252
FR007010,0.26441439986228943,0.5954911113239287
FR000998,0.2404419481754303,0.5244120538122203
FR019201,0.4478263556957245,1.3435609569749893
FR004662,0.49704378843307495,1.6371477439666116
FR016231,0.366642028093338,0.9589951363137204
FR011232,0.2804412543773651,0.6456528081484806
FR004233,0.31243792176246643,0.7527923967324373
FR005051,0.25418752431869507,0.5646092472265946
FR012450,0.4604509174823761,1.4137603051431815
FR003409,0.259621262550354,0.580911158689399
FR011434,0.6715104579925537,3.386527700586704
FR005131,0.4055381119251251,1.130136906217159
FR001787,0.32618895173072815,0.8019633450837464
FR001219,0.25020480155944824,0.552810628247359
FR013845,0.27440354228019714,0.6264955042068412
FR001065,0.3090253174304962,0.7408927166326782
FR019930,0.32207274436950684,0.7870354208622071
FR017831,0.2806335389614105,0.6462681995509543
FR007314,0.2843170464038849,0.6581208122090878
FR015984,0.29144901037216187,0.6814199987013572
FR017508,0.28939518332481384,0.6746624682363667
FR015327,0.24222420156002045,0.529541744099131
FR011523,0.21753880381584167,0.46057178182346886
FR001138,0.18119052052497864,0.3665861138545385
FR018713,0.23248480260372162,0.5018003781650513
FR019048,0.2314484864473343,0.4988899579216534
FR006615,0.2824307680130005,0.6520360346418684
FR010114,0.7580621838569641,5.190682623588114
FR002178,0.2378762811422348,0.5170696672876429
FR000928,0.2509864270687103,0.5551162591337347
FR001820,0.14614933729171753,0.2835556660689614
FR011970,0.2900255620479584,0.6767323907394768
FR003650,0.32469868659973145,0.7965377020480622
FR003557,0.6197819113731384,2.700408846107997
FR002491,0.24574270844459534,0.5397398978752557
FR016640,0.2622305154800415,0.5888245921142711
FR005317,0.5639424324035645,2.142468002948259
FR000477,0.2676011025905609,0.605290163063563
FR003014,0.2516106069087982,0.5569609169891496
FR016909,0.16055089235305786,0.316841274269794
FR005867,0.2713579535484314,0.6169524965186665
FR018615,0.28083500266075134,0.6469133209919573
FR012561,0.2848968207836151,0.6599975043584599
FR012239,0.7507864832878113,4.990777987176149
FR017410,0.2566767632961273,0.5720477004944009
FR009867,0.6280791163444519,2.797610102577453
FR004270,0.29347023367881775,0.6881086125582655
FR015863,0.24532228708267212,0.5385163326312532
FR001056,0.8082067966461182,6.980920380570884
FR013419,0.2667692303657532,0.6027239562139177
FR013737,0.28241148591041565,0.6519739993969769
FR014481,0.18831777572631836,0.3843515883668533
FR002382,0.24365933239459991,0.5336899156770427
FR014585,0.24372714757919312,0.5338863215111027
FR003516,0.3190060555934906,0.7760310109821841
FR007288,0.6456966400146484,3.0190941376390215
FR019305,0.3156684637069702,0.7641665824112348
FR004952,0.2946813702583313,0.6921348622243765
FR004687,0.251156747341156,0.5556193067944528
FR001993,0.44397062063217163,1.3227564623156831
FR008712,0.2764522135257721,0.6329599797695522
FR007997,0.4546002745628357,1.3808235266788877
FR003536,0.2662096321582794,0.6010009492779417
FR001161,0.5056449174880981,1.6944550091701276
FR001047,0.23503589630126953,0.5089985426980275
FR005913,0.24712835252285004,0.5437822545431363
FR018893,0.29053255915641785,0.678399844116832
FR011381,0.2548782527446747,0.5666683301917042
FR004420,0.407600462436676,1.1398385907949513
FR008353,0.23887687921524048,0.5199272753906871
FR009870,0.2890016436576843,0.673372095526524
FR005788,0.5323231220245361,1.8856141609532056
FR004141,0.20164178311824799,0.4184139244482374
FR004328,0.29580649733543396,0.69588759471199
FR002009,0.291196346282959,0.6805865672923578
FR013167,0.24346324801445007,0.5331222156488079
FR000050,0.2626657485961914,0.5901500326098359
FR002165,0.35237786173820496,0.9013850047606726
FR008667,0.20648616552352905,0.43108196704571794
FR008599,0.347834050655365,0.8835627002491985
FR012170,0.24944619834423065,0.5505775003637315
FR010549,0.22707031667232513,0.48668031312943344
FR011007,0.2891237735748291,0.6737723930234879
FR001836,0.20925484597682953,0.4383917619526665
FR010449,0.25469401478767395,0.5661187378649779
FR001234,0.6993177533149719,3.852921549745506
FR013600,0.3692031502723694,0.9696149021166987
FR005109,0.5962275266647339,2.446238031483968
FR019284,0.4052833020687103,1.1289429030645306
FR000814,0.32765325903892517,0.8073179101146759
FR003655,0.29161950945854187,0.6819827386604927
FR014584,0.30155643820762634,0.7152546434727709
FR001630,0.2720147371292114,0.619003700591043
FR015845,0.42046090960502625,1.2018943400024635
FR001815,0.45427581667900085,1.3790176270197425
FR015602,0.688347578048706,3.6589854431547
FR008434,0.2289133071899414,0.4918030648239888
FR011233,0.35816338658332825,0.9244429173419851
FR013928,0.6453770995140076,3.0148809843353344
FR019402,0.2496822327375412,0.551271839475792
FR018636,0.26886704564094543,0.6092066215470612
FR009827,0.3662450909614563,0.9573569075423004
FR000697,0.2858639061450958,0.6631346777026715
FR011132,0.32325491309165955,0.7913041112639471
FR011817,0.27285075187683105,0.6216200225775775
FR015229,0.20960792899131775,0.43932764398848256
FR004041,0.23779301345348358,0.5168322012497033
FR017208,0.29951706528663635,0.7083492064338521
FR012156,0.16654236614704132,0.33102790168157337
FR007139,0.2725755572319031,0.6207581324057104
FR003714,0.2830927073955536,0.654167679313478
FR014548,0.19797532260417938,0.40892788599570196
FR012082,0.2547207772731781,0.5661985550159045
FR013761,0.3040233254432678,0.7236617527811177
FR015085,0.784419596195221,6.027851613206486
FR012056,0.3010970652103424,0.7136956629842288
FR008504,0.2623884677886963,0.5893054325600975
FR019209,0.5145112872123718,1.7556549631598553
FR010011,0.35470467805862427,0.910608707490683
FR003096,0.2841830849647522,0.657687620063234
FR013372,0.31407710909843445,0.7585503054725738
FR013451,0.24940477311611176,0.5504556853886987
FR002406,0.26252952218055725,0.5897350062503354
FR013325,0.23864006996154785,0.5192502933662582
FR007051,0.24424345791339874,0.5353828114135035
FR016712,0.3430211842060089,0.864953927847051
FR007525,0.238801509141922,0.5197117643601356
FR010777,0.28946056962013245,0.6748770010855037
FR007264,0.3417700529098511,0.860161039810594
FR018673,0.249985933303833,0.5521658741478455
FR019886,0.6237454414367676,2.7463065554446744
FR004469,0.1621585637331009,0.32062800542639064
FR001959,0.25943779945373535,0.5803568436782715
FR003190,0.29975610971450806,0.7091565439541491
FR003430,0.5801490545272827,2.289116272285514
FR008567,0.6564117074012756,3.1649099688075903
FR009370,0.2545468509197235,0.565679934821908
FR014832,0.34383654594421387,0.8680872880493349
FR001953,0.2735816538333893,0.6239123263035385
FR001731,0.2654365301132202,0.5986248811554973
FR011081,0.28061726689338684,0.6462161093593377
FR014905,0.5075237154960632,1.7072393742792493
FR016538,0.35248494148254395,0.9018080230707275
FR003643,0.29001057147979736,0.6766831247853773
FR007862,0.1688379943370819,0.33651769175182733
FR019782,0.32030215859413147,0.7806697909669551
FR019451,0.32424530386924744,0.7948918086391159
FR017042,0.34846970438957214,0.8860409853574074
FR003171,0.36638009548187256,0.9579138644075934
FR007482,0.2917759120464325,0.6824991907614025
FR013897,0.23467621207237244,0.507980751884936
FR008059,0.27690836787223816,0.6344043371391992
FR013402,0.3006998598575592,0.7123493128674637
FR004153,0.25113657116889954,0.5555597037239595
FR011811,0.2538501024246216,0.5636047680668441
FR002487,0.5840120911598206,2.32575803708881
FR010608,0.3199363350868225,0.779358709898921
FR013081,0.24276234209537506,0.5310953689929652
FR013116,0.32544222474098206,0.799241722074879
FR016408,0.25618475675582886,0.5705735171787844
FR007883,0.2782231867313385,0.6385777664499557
FR002547,0.38107067346572876,1.019971097678388
FR016092,0.21344424784183502,0.4495503532344149
FR007331,0.3094894289970398,0.7425041536085056
FR010211,0.28162121772766113,0.6494343783305158
FR003402,0.34304940700531006,0.8650622555194497
FR000044,0.6264330744743347,2.7779834925090015
FR014227,0.3415987193584442,0.8595061058477773
FR008670,0.316923052072525,0.768612777059615
FR010044,0.4103735387325287,1.1529906435255266
FR014084,0.3102034628391266,0.7449875774938937
FR014911,0.24023498594760895,0.5238179337376199
FR006239,0.37424489855766296,0.9907746575587817
FR016193,0.23740379512310028,0.5157229009771164
FR011283,0.5516286492347717,2.038132234681679
FR011544,0.3976505994796753,1.0936454698884681
FR019925,0.37996041774749756,1.015178334812336
FR012457,0.49318817257881165,1.6120900997143968
FR007984,0.4396836459636688,1.2999612690439857
FR000206,0.25408512353897095,0.5643043118928273
FR005169,0.2228313833475113,0.4749900376886298
FR004199,0.6264071464538574,2.7776757228650335
FR001052,0.25665053725242615,0.5719690710080455
FR002216,0.257723331451416,0.5751899986904447
FR018066,0.28389641642570496,0.6567611622918511
FR019308,0.37404701113700867,0.9899377153501762
FR003899,0.3206011652946472,0.7817424547847723
FR006438,0.3419819176197052,0.8609713784660171
FR013358,0.28554704785346985,0.6621058708299389
FR018793,0.2694355547428131,0.6109698392184257
FR018464,0.3104875087738037,0.7459769249220148
FR002031,0.2460097223520279,0.5405177051815228
FR019154,0.41411828994750977,1.1709487054001537
FR002855,0.25867128372192383,0.5780438624540963
FR009863,0.2652020752429962,0.5979052906742481
FR007832,0.34858086705207825,0.8864748829239993
FR016027,0.2873936593532562,0.6681145029867546
FR019606,0.25574713945388794,0.5692639363861466
FR010002,0.2641751766204834,0.5947589292076416
FR006436,0.254817396402359,0.5664867621962953
FR009206,0.6238535642623901,2.7475721717600257
FR015543,0.24634549021720886,0.5414965739688069
FR018632,0.2902635931968689,0.6775149502900758
FR005584,0.27963778376579285,0.6430849193431645
FR013373,0.20753178000450134,0.4338365676016642
FR007564,0.26226043701171875,0.5889156638173878
FR004298,0.3326791822910309,0.8258750599503542
FR002671,0.2443888783454895,0.535804671631942
FR008969,0.3672201931476593,0.9613850014006305
FR012586,0.26481619477272034,0.5967219430435206
FR011451,0.30635935068130493,0.7316780112010817
FR009654,0.12295916676521301,0.23225469239399113
FR011714,0.3034876883029938,0.7218312491281933
FR019698,0.3037678301334381,0.7227882635390951
FR012015,0.24822767078876495,0.5469999101945919
FR017691,0.28526046872138977,0.661176162923615
FR008473,0.2246077060699463,0.4798732829269098
FR003355,0.7713848352432251,5.589712369718078
FR004790,0.41200515627861023,1.1607869927263845
FR010634,0.30905139446258545,0.7409832010264393
FR015606,0.2878442704677582,0.6695854622443412
FR000994,0.22009453177452087,0.46750976510069187
FR017759,0.2593328058719635,0.5800397398387732
FR003109,0.4716945290565491,1.4791054261775969
FR018998,0.7463429570198059,4.8743298267679736
FR012642,0.3079058527946472,0.737014728583832
FR004446,0.2902449369430542,0.6774535963782049
FR010514,0.24993987381458282,0.5520302375057096
FR006164,0.24747075140476227,0.544783432802969
FR006184,0.24905946850776672,0.549440806006682
FR003447,0.3033585846424103,0.721390467110639
FR008509,0.20296023786067963,0.42184642676300976
FR010134,0.318540096282959,0.7743676449223973
FR004139,0.3895421624183655,1.0571149045837243
FR012870,0.2983759343624115,0.7045027852504969
FR014015,0.29100850224494934,0.679967334652367
FR010019,0.3185070753097534,0.7742498540578937
FR009822,0.30744385719299316,0.7354179633141587
FR005264,0.28734323382377625,0.6679500113692203
FR012334,0.26771003007888794,0.6056266204921549
FR005972,0.26381388306617737,0.593654032817239
FR011099,0.25020286440849304,0.5528049200309139
FR013282,0.24810148775577545,0.5466301000679228
FR012863,0.22305335104465485,0.4755990228673402
FR004853,0.2943229377269745,0.6909418649197929
FR006158,0.21217267215251923,0.44615093137517126
FR003170,0.2020440697669983,0.4194600463927802
FR002568,0.29786521196365356,0.7027853382794585
FR014927,0.35816019773483276,0.9244300938545
FR000917,0.3009694516658783,0.7132629428020744
FR003805,0.2489180564880371,0.5490254534793806
FR005117,0.2764888405799866,0.6330758876428272
FR004329,0.288839727640152,0.6728416056160033
FR003940,0.627670168876648,2.7927178088427937
FR008620,0.23220473527908325,0.5010130542758139
FR014668,0.32097184658050537,0.7830735572306581
FR011623,0.27413374185562134,0.6256468822477222
FR014102,0.2866995930671692,0.6658524530168848
FR006480,0.3358583152294159,0.8377583493868854
FR002474,0.3559107780456543,0.9154160178779328
FR016965,0.3189057409763336,0.7756727189505128
FR018594,0.35519084334373474,0.9125443164832245
FR005335,0.6165949702262878,2.6641923139898203
FR012256,0.13714362680912018,0.26330585622549585
FR001520,0.25912895798683167,0.5794243307865063
FR017736,0.26353010535240173,0.5927869530284969
FR006538,0.27021387219429016,0.6133882275094533
FR007173,0.2937122583389282,0.6889120848158257
FR016493,0.5386771559715271,1.9344031782222002
FR018527,0.31051918864250183,0.7460873181543938
FR000447,0.2521386444568634,0.5585238468510564
FR004079,0.511471688747406,1.7344239489319468
FR002039,0.30409055948257446,0.7238917196067014
FR013990,0.3392888605594635,0.8507096741311319
FR018399,0.36713823676109314,0.9610459662456865
FR008072,0.3019043207168579,0.7164366223753054
FR013000,0.5456743240356445,1.9897093327076234
FR019690,0.2896227538585663,0.6754092990671141
FR005455,0.3000105619430542,0.7100165249275134
FR004707,0.24322853982448578,0.5324430794685819
FR006080,0.2900612950325012,0.6768498342770066
FR013141,0.2748282253742218,0.6278325686083988
FR011744,0.2786269783973694,0.6398625143833852
FR011843,0.3134439289569855,0.7563228995175344
FR001833,0.24908651411533356,0.5495202616396405
FR007157,0.21158558130264282,0.44458510677627916
FR001480,0.6636318564414978,3.268404248480864
FR013839,0.20924201607704163,0.4383577707493746
FR003369,0.24923411011695862,0.5499539757534909
FR006630,0.355352520942688,0.913188663415938
FR014959,0.2645639479160309,0.5959490697246186
FR017275,0.4190009534358978,1.19471135330151
FR015464,0.2612001895904541,0.5856931055791404
FR007969,0.1643124669790268,0.3257241745437619
FR016918,0.5774167776107788,2.2636044943303584
FR000796,0.3607310950756073,0.9348101071261172
FR019072,0.34244784712791443,0.8627552993227391
FR011350,0.6434945464134216,2.9902127719474536
FR000245,0.3961170017719269,1.086660998140786
FR009820,0.31125396490097046,0.7486506050589258
FR011275,0.2877064049243927,0.6691352211573488
FR004302,0.4555833041667938,1.3863081100898125
FR013158,0.3501812219619751,0.8927379482070809
FR018987,0.3193128705024719,0.7771275120768826
FR015136,0.4039117991924286,1.1225337674038196
FR008440,0.27276962995529175,0.621365886652547
FR001761,0.23729871213436127,0.5154236009912732
FR014085,0.28762903809547424,0.6688826330210866
FR003612,0.2877155542373657,0.6691650955705307
FR010923,0.5400975942611694,1.9454942911669524
FR008399,0.308730810880661,0.7398712856616965
FR001636,0.20348359644412994,0.4232121038995875
FR015859,0.7609951496124268,5.274709829159777
FR019081,0.2918500602245331,0.6827441128573862
FR019748,0.2778787314891815,0.6374829454099173
FR003767,0.3482438623905182,0.8851599195159403
FR010654,0.332034707069397,0.8234798639755477
FR018579,0.26853424310684204,0.6081757141286577
FR001319,0.2566015124320984,0.5718221023580513
FR006078,0.2339746206998825,0.505998224165677
FR018278,0.20499202609062195,0.42715833259162694
FR014577,0.2529917061328888,0.5610534786667007
FR007021,0.229332834482193,0.49297260071449145
FR002226,0.6993526220321655,3.8535605398935235
FR009809,0.38815367221832275,1.050956500434044
FR005029,0.2864874005317688,0.6651617690366034
FR013483,0.2789318561553955,0.6408335003113361
FR003649,0.24243733286857605,0.5301567954199202
FR006927,0.25366517901420593,0.5630546505103288
FR009148,0.268121600151062,0.6068987905529505
FR010039,0.3506336212158203,0.8945140310665042
FR013708,0.2690843343734741,0.6098802136337548
FR014784,0.3024333715438843,0.7182364053991142
FR000692,0.15138986706733704,0.29553709067192496
FR003630,0.2672535479068756,0.6042172979126127
FR007493,0.2420131415128708,0.5289330108507345
FR006697,0.25139954686164856,0.5563368205267804
FR012122,0.2886652648448944,0.6722702786510409
FR012190,0.2627454102039337,0.590392800124836
FR008858,0.35891854763031006,0.9274832792265463
FR006557,0.2756454646587372,0.6304099610971252
FR001647,0.26732781529426575,0.6044464680985808
FR016651,0.2691768705844879,0.6101671962288082
FR013122,0.31577974557876587,0.7645603004753078
FR010753,0.3162502646446228,0.7662264252723389
FR015548,0.26148492097854614,0.5865576207167522
FR013656,0.22411024570465088,0.4785034727571375
FR002248,0.25934627652168274,0.5800804191529888
FR007954,0.7983532547950745,6.558843722189874
FR007917,0.31283149123191833,0.7541723667046674
FR000004,0.3315666615962982,0.8217432653671994
FR015893,0.23467552661895752,0.5079788131852941
FR002711,0.2649920880794525,0.5972611863550593
FR008533,0.2821503281593323,0.6511341192132873
FR004690,0.5624344944953918,2.129375582236576
FR006019,0.25276654958724976,0.560385248238585
FR015090,0.2957019507884979,0.6955383863832405
FR000081,0.3839963674545288,1.0326835098156633
FR019686,0.30211129784584045,0.7171404148842618
FR016979,0.5189287066459656,1.7869880698184344
FR019401,0.2673853635787964,0.6046240793549524
FR007094,0.5532559156417847,2.051590385561078
FR018639,0.31469130516052246,0.7607148617833113
FR017400,0.31925225257873535,0.7769107962125316
FR002558,0.3711763918399811,0.9778560043346146
FR015083,0.22395406663417816,0.4780737792527701
FR006827,0.43935221433639526,1.2982134601750084
FR003813,0.2711609899997711,0.6163380792387301
FR008878,0.27920112013816833,0.6416917452526719
FR019908,0.3045094609260559,0.725325528604898
FR005246,0.2438991814851761,0.5343847228841279
FR018473,0.5925368666648865,2.409075746581531
FR014767,0.2965027689933777,0.6982159417426305
FR007401,0.28316575288772583,0.6544031490375978
FR019596,0.388846755027771,1.0540270495355444
FR019028,0.315824031829834,0.7647170219738254
FR014340,0.283769816160202,0.6563522505802407
FR014726,0.3554345369338989,0.9135156520198485
FR019743,0.3576289117336273,0.9222953825952279
FR008278,0.2774443030357361,0.6361036407751547
FR013186,0.31577950716018677,0.7645594568074741
FR000786,0.7452273964881897,4.845733062892584
FR010475,0.24918755888938904,0.5498171655325946
FR018588,0.28320345282554626,0.6545246974757677
FR006523,0.20398466289043427,0.42452129354276696
FR002704,0.3417355716228485,0.8600292053816596
FR004929,0.27427276968955994,0.6260840973232243
FR010557,0.36375361680984497,0.9471208404879956
FR006966,0.2764458656311035,0.6329398927795927
FR012601,0.33119910955429077,0.8203812334204843
FR014895,0.27534788846969604,0.6294707984068468
FR019263,0.3460385203361511,0.8765883162604524
FR013751,0.24355706572532654,0.5333937983041364
FR008256,0.27525094151496887,0.62916499638736
FR019244,0.32752442359924316,0.8068458591132425
FR011274,0.2939853072166443,0.6898192124291613
FR016843,0.27405527234077454,0.6254001850577435
FR000932,0.28581133484840393,0.6629639208460435
FR013932,0.41922640800476074,1.1958182323315336
FR009587,0.24198390543460846,0.5288487157348519
FR000979,0.2861655056476593,0.6641147892503677
FR004627,0.16396814584732056,0.3249077419619785
FR003299,0.3551338315010071,0.9123171795862236
FR006857,0.26527300477027893,0.5981229396094179
FR014935,0.26010408997535706,0.5823712861374604
FR011974,0.19491128623485565,0.4010667402977627
FR006165,0.27848750352859497,0.6394185832464483
FR006253,0.7074012160301208,4.0051306207478445
FR011762,0.3161444664001465,0.7658515901101489
FR001938,0.3177490234375,0.7715489024278069
FR001497,0.2500791847705841,0.5524405334130043
FR018769,0.26433634757995605,0.5952521671266353
FR019812,0.3065105080604553,0.7321985802363408
FR010242,0.2630905210971832,0.5914451264604682
FR010338,0.3865516185760498,1.043885512922068
FR006499,0.24686063826084137,0.5430000891096111
FR017272,0.2606567144393921,0.5840448286389596
FR016018,0.5586748123168945,2.0971223873737888
FR000154,0.28580576181411743,0.6629458205441365
FR006601,0.27576541900634766,0.6307887602079675
FR019017,0.2368365377187729,0.5141082027686941
FR011206,0.27949365973472595,0.6426249053237102
FR017032,0.2510983943939209,0.5554469332894841
FR002968,0.32828718423843384,0.8096432394838368
FR013316,0.3162888288497925,0.7663630841774455
FR016304,0.2621240019798279,0.5885004585654536
FR011985,0.2413444221019745,0.5270065464081002
FR008952,0.2659837305545807,0.6003061409415416
FR002734,0.2732085883617401,0.6227417172889671
FR015317,0.2979854345321655,0.7031893954212404
FR003891,0.3331133723258972,0.8274913398374146
FR016019,0.21674492955207825,0.45842588370948484
FR008309,0.43078291416168213,1.2537297792894926
FR014849,0.3757116198539734,0.9969945281183771
FR003165,0.2815650701522827,0.6492541539795688
FR017828,0.18292874097824097,0.37089024463715076
FR015238,0.30321335792541504,0.7208948334277407
FR005821,0.4398946166038513,1.3010749027693962
FR012279,0.29034286737442017,0.6777756913872841
FR013326,0.2829910218715668,0.6538399653562573
FR009617,0.43086928129196167,1.2541714330514717
FR002857,0.19644568860530853,0.40499593623191593
FR005298,0.2559049725532532,0.5697360783143084
FR018797,0.812118649482727,7.160761510057846
FR006478,0.2586846947669983,0.5780842895208337
FR004029,0.3842431306838989,1.033761243125193
FR013904,0.3078467547893524,0.7368103531057785
FR012048,0.23641005158424377,0.5128957898837551
FR005008,0.5753536820411682,2.2445585227255864
FR010507,0.28372836112976074,0.6562183845875397
FR003061,0.2796173095703125,0.6430195587401536
FR012875,0.2338407337665558,0.5056203046003217
FR012953,0.39071664214134216,1.0623460155501863
FR018782,0.2403421700000763,0.5241255832723475
FR016297,0.789628267288208,6.218114318927728
FR015223,0.2696042060852051,0.611493435321591
FR016589,0.3478786051273346,0.8837362516533234
FR012196,0.23298802971839905,0.5032164924622309
FR002628,0.39970842003822327,1.1030734827609818
FR003675,0.20572984218597412,0.42909400470832815
FR005255,0.2890339493751526,0.6734779685534846
FR017681,0.25315558910369873,0.5615401117922527
FR012630,0.5666213631629944,2.1659520834820563
FR014538,0.29207783937454224,0.6834968210398374
FR017173,0.3124886155128479,0.7529700552408988
FR014149,0.7401452660560608,4.718562718310701
FR007043,0.1957414299249649,0.40319065579918234
FR018443,0.3340630531311035,0.8310338894384867
FR011370,0.2599506676197052,0.581907112204098
FR016705,0.2713964879512787,0.6170727413849038
FR003436,0.26225003600120544,0.5888840055849394
FR018348,0.2396405190229416,0.5221132145921502
FR018140,0.5304200053215027,1.8712581647494242
FR010422,0.30578291416168213,0.729694909201837
FR018289,0.26266178488731384,0.5901379546384412
FR012111,0.32984545826911926,0.815377912139616
FR019468,0.7100423574447632,4.056701908679215
FR005838,0.27276259660720825,0.6213438554960284
FR018410,0.28901681303977966,0.6734218077699418
FR017156,0.2460375279188156,0.5405987340316346
FR000886,0.32814157009124756,0.8091087175077896
FR007121,0.24645636975765228,0.5418200142539833
FR003610,0.23466461896896362,0.5079479630409223
FR006651,0.2438420057296753,0.5342190531958632
FR005866,0.2813180685043335,0.6484616543197258
FR014198,0.2546273171901703,0.5659198421124318
FR017837,0.4013494849205017,1.1106385630050348
FR018760,0.33391210436820984,0.8304701371665091
FR017433,0.2974204123020172,0.701291609225372
FR002370,0.2756541669368744,0.6304374374578477
FR013124,0.21948622167110443,0.4658542776627074
FR002883,0.34205231070518494,0.861240732948155
FR004163,0.26932185888290405,0.610616994677662
FR005809,0.24666745960712433,0.5424360353982701
FR009197,0.4973382353782654,1.639077153520339
FR018860,0.47500643134117126,1.4988870447119618
FR015117,0.2073606252670288,0.43338517459460396
FR008345,0.17837098240852356,0.3596431846234109
FR000015,0.29380789399147034,0.6892297273831316
FR001670,0.3417413532733917,0.8600513097586018
FR013196,0.2617141902446747,0.5872542237349762
FR013347,0.2428250014781952,0.5312764117035244
FR006974,0.4287777841091156,1.243513731206946
FR013547,0.26576218008995056,0.5996251307246924
FR002259,0.227581188082695,0.4880978754797197
FR005000,0.26582130789756775,0.5998068398127264
FR007226,0.22678051888942719,0.48587701698166574
FR019805,0.38059288263320923,1.017906459474127
FR010467,0.5108639001846313,1.7302103182350284
FR001651,0.24179697036743164,0.5283098876358938
FR003570,0.278591126203537,0.6397483849243705
FR010759,0.2956211566925049,0.6952685874446662
FR013241,0.2646157443523407,0.5961077284776024
FR009305,0.2727593779563904,0.6213337735834782
FR007400,0.28615856170654297,0.6640922141264273
FR000501,0.287882536649704,0.6697104627939628
FR015420,0.8468514084815979,9.160466829439791
FR002620,0.30385035276412964,0.7230703224143459
FR010280,0.2891031503677368,0.6737047879915967
FR019124,0.2524569630622864,0.5594670997091848
FR010771,0.25343722105026245,0.5623768870827811
FR013690,0.3430038392543793,0.864887357274125
FR003101,0.25054696202278137,0.5538193378269735
FR015820,0.28724461793899536,0.6676283866969641
FR016029,0.29293161630630493,0.6863224874547923
FR005726,0.2809717655181885,0.6473514652044454
FR015578,0.32194000482559204,0.7865570414251778
FR006075,0.2524276673793793,0.5593802561518342
FR010146,0.2817734181880951,0.6499230581382806
FR001092,0.8312374949455261,8.159669358824086
FR004182,0.21820780634880066,0.4623835266195531
FR013561,0.2696680724620819,0.6116917784359863
FR014953,0.6121135950088501,2.6142725707203147
FR013900,0.3285761773586273,0.8107047652071672
FR010547,0.2757210433483124,0.6306486134420269
FR000923,0.23684637248516083,0.5141361769834786
FR004281,0.30758658051490784,0.7359110211700347
FR004754,0.29007217288017273,0.6768855888271782
FR011594,0.26308473944664,0.5914274886957718
FR003202,0.29926520586013794,0.7074991840395062
FR015832,0.26871487498283386,0.6087351329223384
FR009517,0.2571251094341278,0.5733927660265212
FR007390,0.33290114998817444,0.8267010756663256
FR016667,0.3100752532482147,0.7445412833573516
FR004749,0.42798227071762085,1.239480470318831
FR015301,0.30208131670951843,0.7170384429878542
FR009810,0.3528693616390228,0.9033278275345222
FR015638,0.2888892590999603,0.6730038612557465
FR010078,0.2598073482513428,0.5814736783353868
FR001505,0.24829359352588654,0.5471931622146761
FR018260,0.3195858597755432,0.7781039578098693
FR004393,0.2914925217628479,0.6815635842777784
FR008692,0.3173982799053192,0.7703012272751469
FR010941,0.4662773907184601,1.4472786524157681
FR007214,0.28753113746643066,0.6685630845201294
FR009577,0.2963358759880066,0.6976574281680454
FR001282,0.27304378151893616,0.622224967156774
FR017180,0.24006503820419312,0.5233303119690769
FR019202,0.319828599691391,0.778972864015715
FR014983,0.28027841448783875,0.6451319092796618
FR007578,0.23130680620670319,0.4984926688058891
FR014476,0.26053348183631897,0.5836714199892384
FR015670,0.4654998481273651,1.4427633779625266
FR004060,0.23157571256160736,0.4992468407049324
FR013386,0.2541009783744812,0.5643515199180555
FR012441,0.36154693365097046,0.9381215333082464
FR014785,0.2655014097690582,0.5988240913884177
FR012131,0.23594167828559875,0.5115658597857576
FR012104,0.25910699367523193,0.5793580415708851
FR004130,0.3577902615070343,0.9229433137847746
FR000233,0.28981679677963257,0.6760464785224657
FR013271,0.2782069444656372,0.6385261183458399
FR007879,0.31911998987197876,0.7764380761780166
FR006443,0.23419436812400818,0.5066187865939332
FR018902,0.1750900149345398,0.3516237639667205
FR007859,0.28047385811805725,0.6457571306509474
FR008629,0.27556589245796204,0.6301587523856074
FR012705,0.15796370804309845,0.31077774349394566
FR004352,0.27217739820480347,0.619512280164619
FR004671,0.25294116139411926,0.5609034344973645
FR001227,0.23484554886817932,0.5084598014119582
FR002721,0.33424144983291626,0.8317004818369668
FR017524,0.2676585912704468,0.6054677227880215
FR001895,0.3172663450241089,0.7698322364576075
FR007850,0.2683837413787842,0.607709819677588
FR014284,0.32595908641815186,0.8011249041889144
FR002459,0.3382839262485504,0.8469018422958796
FR018726,0.7778347134590149,5.800087151048578
FR010905,0.1795487254858017,0.3625374969654685
FR009369,0.48199599981307983,1.54146518281822
FR017917,0.28380557894706726,0.6564677477124125
FR001121,0.22217528522014618,0.4731920148481043
FR008906,0.28197890520095825,0.6505831571767385
FR003686,0.29132983088493347,0.6810268021944261
FR016963,0.2586151361465454,0.5778746236812601
FR016148,0.27117642760276794,0.6163862240232503
FR007234,0.2646726369857788,0.5962820232579309
FR018189,0.7035859823226929,3.932256506209846
FR012293,0.2415037304162979,0.5274651777573447
FR003480,0.23313288390636444,0.5036244661912715
FR008546,0.22046229243278503,0.46851186166795544
FR005179,0.24995426833629608,0.5520726249093881
FR017980,0.2732066810131073,0.6227357354768441
FR019127,0.3379955589771271,0.845811314397761
FR014622,0.25391489267349243,0.563797573200212
FR001503,0.31033754348754883,0.7454544861293749
FR013606,0.7830051779747009,5.977762586859431
FR009620,0.30105292797088623,0.7135459817304968
FR014472,0.31535205245018005,0.7630478107416548
FR003016,0.5609196424484253,2.1163136769544564
FR011621,0.43471559882164,1.2739771015142474
FR009489,0.27184268832206726,0.6184660164059523
FR000352,0.3455430567264557,0.8746705224427488
FR003131,0.36771947145462036,0.9634523022208267
FR006744,0.2836380898952484,0.6559269356074636
FR011447,0.5600552558898926,2.1089007578415426
FR013584,0.2774416506290436,0.6360952245128779
FR016004,0.3540196120738983,0.9078861443918106
FR016102,0.2509138286113739,0.5549019062531234
FR005130,0.23378276824951172,0.505456727637559
FR010237,0.2802582085132599,0.6450672900237221
FR017695,0.2979746162891388,0.7031530306220111
FR007487,0.3329319953918457,0.8268159051877829
FR011894,0.2602238059043884,0.5827336161934572
FR016058,0.33725887537002563,0.8430296829866071
FR002154,0.7332605719566345,4.554015631017448
FR005414,0.2618851959705353,0.5877740827919151
FR000806,0.17479537427425385,0.35090671656886385
FR012526,0.23412871360778809,0.5064333422202888
FR016328,0.2446032017469406,0.5364267133485224
FR009789,0.296880841255188,0.6994821550997824
FR006088,0.27819469571113586,0.638487170579038
FR002138,0.20998768508434296,0.4403351594365708
FR001279,0.2278757095336914,0.48891596395223946
FR015057,0.24653546512126923,0.5420507969316704
FR014397,0.35657036304473877,0.9180526350506554
FR001301,0.26600921154022217,0.6003844917219694
FR001329,0.3089073896408081,0.7404836056167333
FR010031,0.18414098024368286,0.3739028114875684
FR018800,0.37520548701286316,0.9948448894835921
FR016367,0.33103933930397034,0.8197896419644618
FR011378,0.2632710337638855,0.5919959458162435
FR007145,0.2921854555606842,0.6838526128984089
FR001772,0.6444746255874634,3.003022732132348
FR003219,0.31538328528404236,0.7631581982629824
FR018498,0.36339372396469116,0.9456488657061304
FR012392,0.2810605466365814,0.647635980585391
FR016211,0.6895012259483337,3.6787354060002015
FR009605,0.4131774604320526,1.1664153725664126
FR017879,0.26229527592658997,0.5890217117924196
FR000117,0.15653535723686218,0.30744608413329005
FR004736,0.3175135850906372,0.7707112527573711
FR011088,0.4034648835659027,1.1204516634944186
FR009705,0.2841838598251343,0.6576901252690561
FR001981,0.3827363848686218,1.0271939946290969
FR007988,0.2020486295223236,0.41947190980461024
FR006119,0.3223174214363098,0.7879177025164655
FR004575,0.33948054909706116,0.8514373237450754
FR018301,0.3304722011089325,0.8176919432929819
FR016648,0.2451372593641281,0.5379782726662865
FR017720,0.23899206519126892,0.5202567173453829
FR008514,0.2423449605703354,0.5298901862591794
FR011949,0.2964179813861847,0.6979321637878628
FR013721,0.2989923655986786,0.7065790408283887
FR011351,0.6380139589309692,2.919858169648759
FR017241,0.43878382444381714,1.295220854779292
FR012748,0.2666015326976776,0.6022073379647698
FR004601,0.31552618741989136,0.7636633917978096
FR009462,0.21602414548397064,0.45648131776429296
FR005240,0.3007648289203644,0.7125694245639672
FR005218,0.33403030037879944,0.8309115451725823
FR013528,0.26413965225219727,0.5946502416256705
FR013036,0.22027578949928284,0.4680035490158507
FR009178,0.27851322293281555,0.639500431999982
FR017838,0.19499912858009338,0.40129127694447503
FR019543,0.2305528223514557,0.49638086484951915
FR005032,0.4055051803588867,1.1299825359361884
FR014411,0.3697967231273651,0.9720884895066854
FR002286,0.2019706517457962,0.41926904861936237
FR019635,0.288895845413208,0.6730254384676638
FR014008,0.25063058733940125,0.5540660103566767
FR004149,0.2646258473396301,0.5961386777552721
FR004096,0.37480953335762024,0.993165628483011
FR007168,0.33265966176986694,0.8258024438776476
FR003102,0.28079718351364136,0.6467921900181297
FR013556,0.7242871522903442,4.351882660217019
FR002569,0.297254353761673,0.7007344351207273
FR012053,0.31959059834480286,0.7781209139499456
FR005777,0.28136953711509705,0.6486267453568572
FR011510,0.3868867754936218,1.0453617390178398
FR018352,0.30175259709358215,0.7159209755768461
FR015307,0.31959405541419983,0.7781332846162393
FR018942,0.228877454996109,0.49170317700601535
FR019487,0.4994544982910156,1.6530110829290408
FR007132,0.18936525285243988,0.3869888711327587
FR007244,0.31334179639816284,0.7559640015596115
FR012007,0.39718103408813477,1.0915031511340678
FR016215,0.25614893436431885,0.5704662598660957
FR017814,0.2557177245616913,0.5691759668157392
FR010846,0.27001306414604187,0.6127637830412179
FR003239,0.2644459307193756,0.5955876522263429
FR007533,0.22777977585792542,0.48864942167878345
FR019337,0.27937665581703186,0.6422515884077538
FR009511,0.2966797947883606,0.698808654760939
FR011910,0.18782077729701996,0.3831026514431955
FR013568,0.2604350447654724,0.5833732339934405
FR007154,0.33359625935554504,0.8292913688474309
FR010325,0.17722073197364807,0.35682443373244493
FR012673,0.4577285945415497,1.3983463042564377
FR007393,0.4690093696117401,1.4632484084174937
FR005260,0.3142964839935303,0.7593229836602837
FR018174,0.2894843816757202,0.6749551383988784
FR010176,0.2794123589992523,0.6423654914148623
FR008681,0.2521377503871918,0.5585211986432683
FR003801,0.2673513889312744,0.6045192200348384
FR008419,0.2758024036884308,0.6309055779889625
FR012412,0.1584560126066208,0.3119286753990619
FR015068,0.2812381982803345,0.6482055089045335
FR013330,0.48560091853141785,1.5638774390155261
FR017154,0.20560325682163239,0.4287616504905361
FR007510,0.23574689030647278,0.5110132458578801
FR015438,0.2843117117881775,0.6581035585204988
FR009359,0.5891066789627075,2.375134805302631
FR009199,0.2916068732738495,0.681941023066326
FR004488,0.627439022064209,2.7899573192774594
FR008143,0.2595584988594055,0.5807214936943836
FR016615,0.285887211561203,0.6632103840802567
FR008806,0.2656295895576477,0.599217765461789
FR019503,0.3102242350578308,0.7450599006457405
FR012782,0.2815589904785156,0.6492346409311862
FR013421,0.23261818289756775,0.5021755382115892
FR013129,0.41746002435684204,1.1871690342956054
FR002025,0.30024102330207825,0.7107959628865428
FR018033,0.26019158959388733,0.5826360993610711
FR002999,0.8099961280822754,7.062263069983592
FR001512,0.24511133134365082,0.5379028951428473
FR015717,0.30390429496765137,0.7232547307384585
FR016434,0.3896578550338745,1.0576293034528796
FR017483,0.7943485975265503,6.398863660114695
FR008798,0.2727067172527313,0.6211688349655611
FR017360,0.23502114415168762,0.5089567800316208
FR000604,0.21930883824825287,0.4653720228243803
FR006469,0.396047979593277,1.0863474842255254
FR007403,0.1760648488998413,0.35399980786413604
FR001369,0.2771776020526886,0.6352576900155481
FR004306,0.21401245892047882,0.4510729605881555
FR007317,0.35363730788230896,0.9063693146178218
FR010864,0.3304900825023651,0.8177580277201425
FR012475,0.2843429744243622,0.6582046745822585
FR007671,0.29882901906967163,0.7060285036810245
FR010118,0.3805035948753357,1.0175209808192822
FR006330,0.2737290859222412,0.6243752719051449
FR005649,0.3536086976528168,0.9062558728578844
FR016084,0.26405760645866394,0.5943992608270993
FR006343,0.25865864753723145,0.5780057725117848
FR015319,0.27331164479255676,0.623064968759343
FR006945,0.20806309580802917,0.43523907027152464
FR000671,0.20501618087291718,0.42722164615443275
FR018002,0.20605330169200897,0.42994374013633935
FR017497,0.29157721996307373,0.6818431350040078
FR009512,0.25194135308265686,0.5579396290881571
FR002975,0.28823480010032654,0.6708618001547629
FR000168,0.3301982283592224,0.8166798609172048
FR017069,0.26423755288124084,0.5949497961354874
FR007465,0.2708892226219177,0.6154908604158436
FR003626,0.5398500561714172,1.943556529413564
FR016219,0.2644878327846527,0.5957159604121787
FR006588,0.3812292516231537,1.0206570531594268
FR015281,0.22855618596076965,0.49080850352007266
FR002863,0.3424816131591797,0.8628846787760185
FR011630,0.2772138714790344,0.6353726965919644
FR006429,0.34256160259246826,0.8631912229397062
FR005094,0.2885076403617859,0.671754334352404
FR017652,0.31173211336135864,0.7503215784825966
FR002660,0.40325620770454407,1.1194805461971804
FR009331,0.2882358431816101,0.6708652110524124
FR012223,0.38170844316482544,1.0227320118366112
FR009760,0.5456752181053162,1.9897165083544321
FR017265,0.21479502320289612,0.45317356714041634
FR012844,0.3330569267272949,0.8272811011159198
FR008236,0.49876952171325684,1.6484881714639266
FR006463,0.25327199697494507,0.5618859023843721
FR001896,0.4542057514190674,1.3786279327835973
FR006822,0.4260387718677521,1.2296739339930651
FR012778,0.662009060382843,3.2447577180803906
FR016857,0.2707097828388214,0.6149318135343789
FR010450,0.6916161775588989,3.71532624415132
FR005543,0.2037259191274643,0.423845040434569
FR004784,0.17871172726154327,0.3604797142245495
FR013553,0.5728142261505127,2.2213674985361513
FR017880,0.8374369740486145,8.534021965737608
FR014550,0.14363348484039307,0.2778557695774167
FR006495,0.6641937494277954,3.2766451244252517
FR004629,0.26317936182022095,0.5917161827936644
FR013484,0.5865203738212585,2.3499162638178492
FR010703,0.2590351998806,0.5791413922982402
FR004903,0.2409454882144928,0.5258589036855507
FR013886,0.24448904395103455,0.5360953434399228
FR015414,0.3099348843097687,0.7440528530339553
FR017616,0.18335983157157898,0.3719605341586234
FR010976,0.6821857690811157,3.5559260020335817
FR011195,0.27343523502349854,0.6234527484049296
FR010906,0.534494161605835,1.9021345438757422
FR006564,0.2694430351257324,0.6109930577425906
FR016513,0.4322921335697174,1.2614667854225776
FR002889,0.6289775371551514,2.8083959043306836
FR005490,0.4263196289539337,1.2310869797931
FR008066,0.24491725862026215,0.5373388544345372
FR013595,0.3441035747528076,0.8691151486407372
FR005770,0.6409026384353638,2.9566726539794885
FR017992,0.30904436111450195,0.7409587954201743
FR013034,0.2694089114665985,0.6108871444332029
FR009639,0.5883294939994812,2.3675233280555323
FR000410,0.20177805423736572,0.4187681711036069
FR019914,0.37535589933395386,0.9954833542897945
FR006391,0.21010473370552063,0.4406458916860189
FR011515,0.30092161893844604,0.7131007892310504
FR000982,0.27160394191741943,0.6177203107487255
FR009469,0.37371596693992615,0.988538784261543
FR003882,0.33014339208602905,0.8164773897470187
FR003583,0.6175355315208435,2.674818113114134
FR003985,0.3057292401790619,0.7295104233577521
FR012537,0.3250695466995239,0.7978856616960435
FR012832,0.35628455877304077,0.9169095010906534
FR006794,0.19674110412597656,0.4057541399826228
FR004229,0.2995221018791199,0.7083662111041633
FR011336,0.31228187680244446,0.752245694609103
FR000834,0.3347218632698059,0.8334973596289578
FR007201,0.22460991144180298,0.4798793595668184
FR011679,0.45902031660079956,1.4056407922858156
FR002472,0.32135143876075745,0.7844381653240192
FR007842,0.30201077461242676,0.7167985496305392
FR019194,0.27836331725120544,0.6390234582096507
FR000680,0.2813050150871277,0.6484197878561906
FR010455,0.21389594674110413,0.45076056921821894
FR002214,0.3206225335597992,0.7818191479615787
FR006766,0.38292956352233887,1.0280341838707787
FR016281,0.5509140491485596,2.0322530224264144
FR018454,0.27065253257751465,0.6147535075146829
FR013003,0.30583781003952026,0.7298836244014633
FR018379,0.2966140806674957,0.6985885976853539
FR003290,0.2996404469013214,0.7087658409367683
FR012565,0.1989818811416626,0.4115234537195742
FR018081,0.32669395208358765,0.803807360033677
FR014133,0.5452749729156494,1.986507031588371
FR017856,0.3302047848701477,0.8167040716456121
FR007906,0.263195276260376,0.5917647452428113
FR006692,0.26301828026771545,0.591224765191499
FR016566,0.4606790542602539,1.4150590996912922
FR015816,0.4114837348461151,1.1582907874900132
FR006212,0.29769107699394226,0.7022003317457485
FR001792,0.24557067453861237,0.5392390574559519
FR000640,0.37133100628852844,0.9785039261393411
FR011829,0.3065037429332733,0.7321752770472824
FR006854,0.22279822826385498,0.4748991040664817
FR010293,0.29012081027030945,0.677045469150407
FR005672,0.367737352848053,0.9635264020872542
FR006569,0.23850181698799133,0.5188552552584172
FR009269,0.3875071704387665,1.0480985824762146
FR008114,0.26868703961372375,0.6086489084839652
FR015148,0.3067093789577484,0.7328838150552168
FR005417,0.2845976650714874,0.6590287768397629
FR018462,0.40720200538635254,1.1379589127087244
FR005494,0.24091565608978271,0.5257731318735649
FR003388,0.41132599115371704,1.157536491028756
FR010173,0.3654938340187073,0.9542619498641428
FR010064,0.29143643379211426,0.6813784998541905
FR007794,0.20720379054546356,0.4329717194414321
FR009687,0.3025165796279907,0.7185197202481319
FR005887,0.3029281497001648,0.7199220680968148
FR008098,0.37797752022743225,1.00666110876409
FR010493,0.29751983284950256,0.7016253197888204
FR010050,0.2761836647987366,0.6321105041907601
FR003375,0.3588804602622986,0.9273297637602611
FR007048,0.23100203275680542,0.49763854209657976
FR006185,0.26608794927597046,0.6006266345958735
FR005390,0.29887208342552185,0.7061736213057741
FR013779,0.24142146110534668,0.5272283092855297
FR004283,0.28386667370796204,0.6566650819992007
FR018695,0.5035609602928162,1.6803878220913095
FR006830,0.33535996079444885,0.8358880355502849
FR001452,0.2978315055370331,0.7026720788727762
FR013026,0.32025665044784546,0.7805066166938097
FR016767,0.31293535232543945,0.7545367978102986
FR017236,0.28795281052589417,0.6699400548703391
FR018582,0.3038666248321533,0.7231259475505081
FR005530,0.4367891848087311,1.2847667541049932
FR004098,0.6511733531951904,3.09250468671073
FR009340,0.30141952633857727,0.7147897892956381
FR004882,0.2876037061214447,0.6687999408158642
FR012402,0.46999332308769226,1.4690404245787614
FR018671,0.41688594222068787,1.1843692911668728
FR000414,0.251471608877182,0.556549865573382
FR011504,0.25683778524398804,0.5725305893088491
FR010466,0.3429703712463379,0.8647589157419113
FR007605,0.271058589220047,0.6160187766567862
FR002074,0.3394836187362671,0.8514489795300857
FR002899,0.2276068776845932,0.48816920832270067
FR000631,0.2535783052444458,0.5627963090509653
FR008757,0.8049167990684509,6.835251798873542
FR019634,0.33537259697914124,0.8359354242312188
FR000929,0.2853856384754181,0.6615821416297858
FR009164,0.17067979276180267,0.3409441621734463
FR006427,0.2676979601383209,0.6055893336845944
FR003452,0.2948046028614044,0.6925453064947743
FR013893,0.2699470520019531,0.6125585828357186
FR010157,0.21174077689647675,0.44499880072393144
FR018153,0.6705435514450073,3.3717267932311077
FR011453,0.6840865015983582,3.5872879392489465
FR010054,0.2621682584285736,0.5886351249631714
FR012112,0.2655600905418396,0.5990042985262132
FR008185,0.25367486476898193,0.56308345731553
FR017614,0.3102778494358063,0.7452465912949195
FR003022,0.24602320790290833,0.5405570029932051
FR015918,0.3275502622127533,0.8069405168814658
FR007092,0.2489965409040451,0.5492559570045792
FR010616,0.2823720872402191,0.6518472545937285
FR018310,0.41254371404647827,1.1633698869481017
FR006890,0.31578320264816284,0.7645725337249668
FR008093,0.3277687728404999,0.8077413046897282
FR019317,0.26660728454589844,0.6022250534979102
FR007632,0.34242162108421326,0.8626548195947733
FR018676,0.286392480134964,0.664852937330955
FR012353,0.27594196796417236,0.6313465055142622
FR002336,0.2521354854106903,0.5585144898785435
FR007777,0.23555462062358856,0.5104680525267633
FR007837,0.305919349193573,0.7301639861169037
FR006718,0.3141759932041168,0.7588985320461836
FR018914,0.32842788100242615,0.8101599308636535
FR007095,0.341280072927475,0.8582889645754482
FR002576,0.3141435980796814,0.7587844395264121
FR000976,0.26708489656448364,0.6036970554390727
FR013554,0.31349077820777893,0.7564875654137152
FR009706,0.2762100100517273,0.6321938118285485
FR012489,0.2978110611438751,0.7026033874834812
FR003713,0.3130016326904297,0.7547694220586211
FR016848,0.33030495047569275,0.8170740044892547
FR009256,0.25818654894828796,0.5765836298270988
FR009596,0.2546546757221222,0.5660014223912504
FR005071,0.2654073238372803,0.5985352160090124
FR006012,0.2927182912826538,0.6856158260757069
FR016572,0.32363051176071167,0.792663483277609
FR001708,0.34885355830192566,0.8875398971770978
FR005001,0.3232712745666504,0.7913632955112979
FR005398,0.2957231104373932,0.6956090558693814
FR000792,0.2630017101764679,0.5911742263708117
FR017931,0.215713769197464,0.4556450706071135
FR009510,0.24129635095596313,0.5268681926224051
FR017207,0.24929140508174896,0.5501223842254117
FR006434,0.28609395027160645,0.6638821799499476
FR006217,0.245016947388649,0.5376285473556219
FR011936,0.2702021896839142,0.6133518894764556
FR002920,0.2669799327850342,0.6033733922389264
FR014989,0.27919381856918335,0.6416684639655655
FR007360,0.40158945322036743,1.1117482606751137
FR013518,0.34753429889678955,0.8823957043429131
FR015617,0.27365151047706604,0.6241316569270684
FR010481,0.36543285846710205,0.954011070055315
FR009344,0.26442620158195496,0.5955272447567903
FR007124,0.2952668368816376,0.6940861237298019
FR004266,0.22692495584487915,0.4862773093252368
FR009193,0.7357867360115051,4.613396031007679
FR014464,0.22415676712989807,0.47863150000722104
FR018484,0.27781185507774353,0.6372705056172423
FR008754,0.43174710869789124,1.258667977113494
FR012983,0.28887131810188293,0.6729450873482439
FR005128,0.4888712465763092,1.5844829894740247
FR018806,0.350789338350296,0.8951259365709988
FR002044,0.35290250182151794,0.9034589317367709
FR001119,0.23608727753162384,0.5119791092242579
FR013280,0.7289184927940369,4.4545360313042215
FR016605,0.3461765944957733,0.8771232785596617
FR016668,0.26770323514938354,0.6056056292492844
FR019272,0.27950409054756165,0.6426581921374377
FR013613,0.22574007511138916,0.48299794549681246
FR001074,0.2801946699619293,0.6448641156501969
FR001359,0.25655078887939453,0.5716700615793342
FR011595,0.6648434996604919,3.286208989056599
FR016955,0.27637773752212524,0.6327243334696044
FR004769,0.3032515048980713,0.721025002443682
FR009063,0.29417747259140015,0.6904580482822815
FR000401,0.2966342866420746,0.6986562571157435
FR013902,0.3472447395324707,0.8812694072923306
FR018003,0.31240564584732056,0.7526792979976287
FR010914,0.34340348839759827,0.8664221187265727
FR006483,0.21683689951896667,0.45867426220799684
FR002377,0.4725472629070282,1.4841749625590122
FR000865,0.28923484683036804,0.6741365702486749
FR006000,0.3002414405345917,0.7107973744644271
FR011864,0.2611645460128784,0.5855849297619734
FR003540,0.6416700482368469,2.9665526191997325
FR004234,0.2613499164581299,0.5861476304078541
FR005778,0.3371858596801758,0.8427543210504427
FR018702,0.33656835556030273,0.840427969678886
FR012387,0.2681801915168762,0.6070800138096801
FR015454,0.2817494869232178,0.6498462067647954
FR005903,0.28189170360565186,0.6503029877885991
FR009401,0.2634305953979492,0.5924830596390993
FR012201,0.35992205142974854,0.9315345973123172
FR008242,0.24840988218784332,0.5475341442195706
FR008987,0.2675074636936188,0.6050010093310321
FR009013,0.2541150748729706,0.5643934941522277
FR014415,0.27198106050491333,0.6188984349387835
FR011263,0.2891104817390442,0.6737288205449069
FR010729,0.26590651273727417,0.6000687392202908
FR016229,0.23878484964370728,0.5196641344268074
FR018879,0.2733607888221741,0.6232191484367693
FR001884,0.2820844352245331,0.650922304865445
FR013215,0.3023327887058258,0.7178940215449469
FR006594,0.27879399061203003,0.6403943193650782
FR002199,0.25768062472343445,0.5750615992615716
FR017100,0.29953983426094055,0.7084260815640502
FR011286,0.2554023265838623,0.5682331594816298
FR013700,0.28011295199394226,0.6446028624975203
FR001596,0.2768575847148895,0.6342434482968
FR004997,0.26378291845321655,0.5935593882821152
FR011712,0.22759687900543213,0.4881414442217862
FR000755,0.21958386898040771,0.4661198463509305
FR016675,0.45074722170829773,1.3595156002576045
FR014424,0.22602567076683044,0.4837874628104797
FR009163,0.28980752825737,0.6760160355232883
FR007495,0.23726998269557953,0.5153417874439548
FR001781,0.34840571880340576,0.8857912996556094
FR002590,0.2297889143228531,0.4942454812758696
FR007258,0.2167106419801712,0.4583332999760796
FR009846,0.2911668121814728,0.6804891856327985
FR012958,0.28345370292663574,0.6553318535143539
FR013220,0.5845817923545837,2.3312194409670886
FR008931,0.3984200358390808,1.0971631331111407
FR011624,0.2783619165420532,0.6390190023313612
FR017864,0.25622376799583435,0.5706903341075452
FR004054,0.36730098724365234,0.9617193143945614
FR006654,0.3124852478504181,0.7529582523053452
FR013767,0.47110962867736816,1.4756376222549377
FR003073,0.2057361751794815,0.42911063498267066
FR010041,0.23804986476898193,0.5175648667093607
FR004067,0.7235312461853027,4.335454527853182
FR006562,0.27400898933410645,0.6252547027556143
FR000008,0.6559256315231323,3.1580985624556352
FR008880,0.367677241563797,0.9632773196724453
FR007833,0.672276496887207,3.3983158351325775
FR017314,0.3169632852077484,0.7687556314519947
FR006991,0.4972817599773407,1.638706914466386
FR005022,0.8189280033111572,7.4923460985310575
FR011189,0.2877456545829773,0.6692633848866315
FR018440,0.3341722786426544,0.831441976197068
FR003072,0.27206799387931824,0.6191701892508797
FR002316,0.2649233043193817,0.5970502824390272
FR010537,0.27026090025901794,0.6135345184008517
FR018463,0.3520347476005554,0.9000304748205369
FR018482,0.1919482946395874,0.3935215372893617
FR006278,0.22425471246242523,0.4789010963657532
FR013066,0.26758474111557007,0.605239634053872
FR019780,0.19280505180358887,0.39569756067049666
FR007016,0.2935819625854492,0.6884794612102907
FR000908,0.6788275837898254,3.5014234955164545
FR003010,0.3743751347064972,0.9913257653419267
FR016333,0.627217173576355,2.787311095238028
FR000698,0.2675988972187042,0.6052833521000135
FR016373,0.31707435846328735,0.7691501027712272
FR001371,0.33726322650909424,0.8430460942257479
FR004385,0.3200880289077759,0.7799021967365938
FR010185,0.25656649470329285,0.5717171366182628
FR016549,0.29378435015678406,0.6891515213238125
FR014429,0.5060518980026245,1.6972160745548417
FR005005,0.2747688293457031,0.6276454730608203
FR003515,0.31482937932014465,0.7612019984648354
FR006076,0.2685422897338867,0.6082006287361704
FR010704,0.32241225242614746,0.7882598251587317
FR000145,0.28609776496887207,0.6638945794356879
FR017240,0.26384681463241577,0.5937546981577353
FR003166,0.5547447204589844,2.0639895744608374
FR017357,0.3839532136917114,1.0324951253446406
FR008656,0.29290780425071716,0.6862435863971654
FR007468,0.2096892148256302,0.43954321868500357
FR007790,0.23809638619422913,0.5176976213852624
FR002540,0.23532086610794067,0.5098055955030766
FR011183,0.23540732264518738,0.5100505649166424
FR013198,0.29853805899620056,0.705048497645099
FR014630,0.243713840842247,0.5338477798607234
FR010490,0.36900991201400757,0.968810627317317
FR007318,0.2893087565898895,0.6743789621451829
FR016362,0.30566129088401794,0.7292769119498681
FR017203,0.24288897216320038,0.5314612740933461
FR006922,0.28812190890312195,0.6704927026574482
FR007531,0.765177309513092,5.398155896368236
FR001422,0.28082209825515747,0.6468719880300174
FR002791,0.25071030855178833,0.5543012180777223
FR001940,0.2413083016872406,0.5269025864393504
FR004842,0.32031354308128357,0.7807106146669167
FR019598,0.32189303636550903,0.7863878168648654
FR004277,0.2614981234073639,0.5865977227380699
FR016040,0.2369968295097351,0.5145642299910433
FR018766,0.4294513761997223,1.2469376434625492
FR014370,0.2947765290737152,0.6924517900078337
FR011622,0.6151034235954285,2.647448346170309
FR000287,0.3163962662220001,0.7667438883292476
FR014546,0.2641674280166626,0.5947352212898499
FR008808,0.24939149618148804,0.5504166460962948
FR008548,0.22190552949905396,0.4724536347269151
FR019792,0.24082140624523163,0.5255021937905417
FR017262,0.3519180119037628,0.8995699580921598
FR002107,0.25132179260253906,0.556106992859363
FR005712,0.2772315442562103,0.63542873931151
FR010310,0.3061795234680176,0.7310590019144703
FR001068,0.20933356881141663,0.4386003523363776
FR001822,0.274838924407959,0.627866273472455
FR009095,0.39588603377342224,1.0856121719314569
FR003832,0.2504379153251648,0.5534977616392148
FR004916,0.38274845480918884,1.0272464748515273
FR009338,0.32655373215675354,0.8032950679209532
FR006799,0.2164745330810547,0.45769597577165394
FR014535,0.27483513951301575,0.6278543499110398
FR015624,0.2500142455101013,0.5522492566051769
FR019824,0.3074955344200134,0.7355964661158012
FR013789,0.28245845437049866,0.6521251142629926
FR004860,0.23193877935409546,0.5002659317995789
FR000761,0.6754487752914429,3.4477245835927532
FR011920,0.29741793870925903,0.701283307678675
FR004712,0.32051607966423035,0.7814371204531869
FR002871,0.25073757767677307,0.5543816837959361
FR006324,0.306059330701828,0.7306454478665002
FR017215,0.2553249001502991,0.5680018336419688
FR000075,0.25929906964302063,0.579937868049248
FR005831,0.2731126546859741,0.6224408897508474
FR005563,0.37592440843582153,0.997899321199465
FR011162,0.2567693293094635,0.5723252711981558
FR006943,0.2804039418697357,0.6455334305590886
FR018913,0.2782997488975525,0.6388212545994774
FR011602,0.3678186535835266,0.9638633623369175
FR003115,0.35458430647850037,0.9101299128032763
FR001118,0.2791445255279541,0.641511303860845
FR001535,0.4136022925376892,1.1684606003276399
FR002246,0.3554932475090027,0.9137497756398361
FR007582,0.27837249636650085,0.6390526588614404
FR018006,0.3311252295970917,0.8201076382815142
FR007692,0.3710534870624542,0.9773411912073582
FR000376,0.2868508994579315,0.6663452044096938
FR013176,0.3342032730579376,0.8315578014662952
FR002877,0.33937761187553406,0.8510465215970512
FR018794,0.2930968701839447,0.6868702013202761
FR001245,0.3463977873325348,0.877980751612325
FR012530,0.31793496012687683,0.7722108422936018
FR003053,0.3077453076839447,0.7364596053576582
FR009233,0.21488159894943237,0.45340621627676786
FR018529,0.8191259503364563,7.502358651487065
FR006848,0.2729145288467407,0.6218198606606531
FR014341,0.31502801179885864,0.7619031342237852
FR000492,0.3189871609210968,0.7759635171300339
FR015082,0.2776309549808502,0.6366960549787589
FR009509,0.2683708965778351,0.6076700660782093
FR010350,0.6333258152008057,2.8613451975003468
FR013424,0.7056917548179626,3.972244874282882
FR017150,0.28321704268455505,0.6545685157001546
FR015283,0.7618351578712463,5.299156661229063
FR009929,0.4894151985645294,1.5879359035556548
FR019213,0.4906970262527466,1.596101895603429
FR007090,0.2715343236923218,0.6175029557333922
FR017496,0.19712957739830017,0.4067520319810668
FR017821,0.25586363673210144,0.5696124069821275
FR003528,0.8254337906837463,7.83331266207801
FR012265,0.2990718185901642,0.7068469190354786
FR018127,0.22222134470939636,0.47331814088746654
FR002413,0.2464447319507599,0.54178606181069
FR015142,0.288799911737442,0.6727111926787873
FR007855,0.26479440927505493,0.5966551723092733
FR004343,0.720618486404419,4.27298268063049
FR000699,0.43992021679878235,1.3012100935351885
FR010928,0.4133213460445404,1.16710773531875
FR010868,0.3086733818054199,0.7396722069858985
FR018166,0.2870292067527771,0.6669261566520696
FR018746,0.32841864228248596,0.8101259961716576
FR004321,0.5023161768913269,1.6720414501086145
FR016074,0.3053392469882965,0.7281708121074637
FR018711,0.36019137501716614,0.9326240662042136
FR016942,0.2544795274734497,0.5654792521794426
FR018732,0.36671915650367737,0.9593136970067124
FR009116,0.25405046343803406,0.5642011178789733
FR004551,0.24706412851810455,0.5435945642331618
FR002717,0.2420322746038437,0.5289881799820942
FR000436,0.5555433034896851,2.0706746288513367
FR013959,0.2995915710926056,0.7086007797607738
FR001508,0.2879529595375061,0.6699405417549521
FR010669,0.19051583111286163,0.38989360259114925
FR000365,0.6556860208511353,3.1547479624908688
FR004105,0.34676310420036316,0.8793982053863378
FR010554,0.26513785123825073,0.5977082540388975
FR006671,0.2821994423866272,0.6512920233172266
FR003381,0.3926522135734558,1.0710111605415757
FR016699,0.2923056483268738,0.6842501123354139
FR018476,0.29645290970802307,0.6980490580560567
FR007618,0.27772408723831177,0.6369917617506551
FR014381,0.32649239897727966,0.8030710548156964
FR019212,0.307525634765625,0.7357004506144755
FR012147,0.4892355501651764,1.5867947129013449
FR011793,0.6425461173057556,2.9778833681323365
FR000171,0.21246039867401123,0.44691917656861013
FR006280,0.28772661089897156,0.669201198898569
FR016090,0.30093640089035034,0.7131508978719809
FR007633,0.8199658989906311,7.54508985267573
FR003068,0.30839961767196655,0.7387236543281649
FR001419,0.5240877866744995,1.824318188574933
FR015836,0.2952137291431427,0.6939089908990878
FR018777,0.27662134170532227,0.63349529113306
FR011481,0.26066944003105164,0.5840833957041216
FR004908,0.14690865576267242,0.28528257688069114
FR017568,0.36894044280052185,0.9685216106454073
FR003256,0.30631136894226074,0.7315128149182661
FR011193,0.2575377821922302,0.5746322449957485
FR001934,0.4775650203227997,1.5143409303460316
FR019720,0.27518537640571594,0.6289582292182618
FR018169,0.31907910108566284,0.7762919727616359
FR000247,0.316356897354126,0.7666043342734645
FR019433,0.2649935781955719,0.5972657557675491
FR001931,0.2740541100502014,0.6253965313794208
FR010817,0.5149729251861572,1.758902692329359
FR014897,0.28278785943984985,0.653185488075147
FR018563,0.25545769929885864,0.5683986252519599
FR001237,0.354694128036499,0.9105667361699081
FR007103,0.3505648672580719,0.8942439491392489
FR004368,0.29733988642692566,0.7010213888935769
FR018446,0.36931583285331726,0.9700841245213347
FR002647,0.25841033458709717,0.5772575325933453
FR009038,0.23881983757019043,0.5197641682160088
FR003771,0.3162843883037567,0.7663473475521597
FR016602,0.27725327014923096,0.6354976387544463
FR014969,0.872050404548645,11.290835241196062
FR013901,0.36205780506134033,0.940199433547164
FR014861,0.45267221331596375,1.3701235750840075
FR013170,0.32918956875801086,0.8129608973240379
FR018697,0.5998428463935852,2.48330634410857
FR016081,0.2681792080402374,0.607076971674259
FR005491,0.2838069200515747,0.6564720790792529
FR008021,0.23542752861976624,0.5101078253209375
FR005654,0.3963775634765625,1.0878451729261902
FR018541,0.21227148175239563,0.4464146950166601
FR002375,0.2344936728477478,0.5074645903897533
FR012433,0.26623833179473877,0.6010892517308416
FR013405,0.4232780337333679,1.2158573855474177
FR005816,0.25284114480018616,0.560606590888062
FR003567,0.337913453578949,0.8455009874821832
FR001093,0.44300377368927,1.3175847883814902
FR000300,0.2596949338912964,0.581133826436339
FR014403,0.2647574245929718,0.5965418264026382
FR014184,0.24021701514720917,0.5237663607886518
FR000246,0.27925992012023926,0.6418792480780761
FR007335,0.5245479941368103,1.8276875183634849
FR007611,0.2971983551979065,0.7005466032193034
FR002461,0.35749876499176025,0.9217729903194084
FR017190,0.2635335922241211,0.5927976030731499
FR013685,0.2840560972690582,0.6572771286372427
FR009131,0.29652631282806396,0.6982947533797396
FR004312,0.27450209856033325,0.6268056574938508
FR014434,0.4099569618701935,1.1510070262235332
FR009227,0.1772262006998062,0.356837816495318
FR002232,0.2548348605632782,0.5665388643753018
FR016856,0.30872267484664917,0.7398430799772492
FR014104,0.3134821355342865,0.7564571864267672
FR014835,0.3508118689060211,0.8952144968729526
FR011917,0.5238355994224548,1.822474605318035
FR005468,0.3356979489326477,0.8371561917941197
FR016127,0.27565109729766846,0.630427745378528
FR009767,0.3352031707763672,0.835300185757258
FR000382,0.22070911526679993,0.4691849499190011
FR004894,0.2374548614025116,0.5158683790100418
FR002279,0.18411338329315186,0.37383413002010324
FR014725,0.3309728801250458,0.8195436425525942
FR005454,0.2985445261001587,0.7050702711839328
FR002826,0.3218879997730255,0.7863696717142231
FR015278,0.29733479022979736,0.7010042896906978
FR016798,0.46823468804359436,1.4587033469560549
FR010006,0.23863016068935394,0.5192219742646232
FR018453,0.19290432333946228,0.3959499928309399
FR009263,0.2415698617696762,0.527655619338343
FR008874,0.32949957251548767,0.8141027011415686
FR011828,0.26440829038619995,0.5954724063406654
FR014758,0.46236518025398254,1.4246924809275112
FR013049,0.22006933391094208,0.4674411390261647
FR013480,0.31256401538848877,0.7532343459357796
FR012277,0.2858161926269531,0.662979698344981
FR010692,0.7609037756919861,5.2720609251206145
FR019611,0.2852986752986908,0.6613000680122791
FR014534,0.8093516826629639,7.032790764319627
FR004315,0.31145310401916504,0.7493462495375135
FR013660,0.26385489106178284,0.5937793875939003
FR018528,0.22551628947257996,0.48237970629012283
FR018172,0.3055042624473572,0.7287374500916962
FR004529,0.2907664179801941,0.679169781487693
FR019790,0.3113362491130829,0.7489379963337747
FR015956,0.4090949296951294,1.146911162784592
FR004239,0.32294800877571106,0.7901944785195011
FR011052,0.3594140112400055,0.9294819649678755
FR010742,0.29193320870399475,0.6830188252568138
FR001626,0.2925032079219818,0.6849037714514575
FR014882,0.31245365738868713,0.7528475401322269
FR000614,0.2872432470321655,0.6676239162649629
FR001527,0.27349933981895447,0.6236539370991963
FR015249,0.6287485361099243,2.8056417232850057
FR012624,0.2603142261505127,0.583007358212621
FR011342,0.22890788316726685,0.49178795235494627
FR010899,0.2906050980091095,0.678638610702454
FR000733,0.34765535593032837,0.882866875437123
FR010059,0.2621890604496002,0.58869842828577
FR017440,0.2591194212436676,0.5793955480119892
FR009204,0.2680821120738983,0.6067766701876529
FR012326,0.35726746916770935,0.9208451207264399
FR001075,0.2830049395561218,0.6538848140326929
FR016763,0.5567519068717957,2.08083783827145
FR018596,0.22761161625385284,0.48818236652322033
FR008582,0.30155834555625916,0.7152611207432212
FR016294,0.25073638558387756,0.5543781660464845
FR004042,0.2882697880268097,0.67097621686401
FR008130,0.27943703532218933,0.6424442222935974
FR002211,0.2823678255081177,0.6518335455134123
FR009994,0.24883177876472473,0.5487721171067292
FR011126,0.2463103085756302,0.5413939675283669
FR015335,0.18063533306121826,0.3652152227564461
FR009840,0.4208931624889374,1.2040279737468236
FR017847,0.28154635429382324,0.6491940854557593
FR002452,0.2503194808959961,0.5531486072270297
FR001694,0.2743729054927826,0.6263991084366143
FR006313,0.2810667157173157,0.6476557531473689
FR013538,0.3214988708496094,0.7849685853477251
FR002282,0.2451537400484085,0.5380261877379369
FR003929,0.7321501970291138,4.52826935035521
FR015815,0.2730163037776947,0.6221388337744502
FR006284,0.21542386710643768,0.4548645847026588
FR000942,0.23271405696868896,0.5024452847140168
FR019982,0.29392358660697937,0.689614101801627
FR011662,0.25546663999557495,0.5684253443149417
FR014851,0.2978317439556122,0.7026728799621363
FR015688,0.2148135006427765,0.4532232160060128
FR016424,0.36206623911857605,0.9402337658574026
FR016608,0.24202337861061096,0.52896252856757
FR017849,0.25448742508888245,0.5655027920914084
FR009152,0.2833017110824585,0.6548415521969585
FR011415,0.23721039295196533,0.5151721118763979
FR002985,0.3038047254085541,0.7229143617703571
FR000358,0.4040782153606415,1.1233098699890838
FR018036,0.6133365631103516,2.6277808758997994
FR017431,0.2867956757545471,0.6661653361136163
FR008949,0.4447338879108429,1.326851907667289
FR016606,0.15743067860603333,0.3095331195800817
FR015821,0.3274424970149994,0.8065457754797735
FR012946,0.310034841299057,0.7444006448288458
FR003422,0.2960920035839081,0.6968417764585366
FR004590,0.2460661083459854,0.5406820271493888
FR003228,0.2809600532054901,0.6473139361955675
FR018083,0.3802430331707001,1.0163967026493599
FR009225,0.3059829771518707,0.7303828082899505
FR018853,0.290138840675354,0.6771047440768082
FR018490,0.25887200236320496,0.5786490738045733
FR010922,0.33304643630981445,0.8272420321598163
FR002778,0.26248615980148315,0.5896029309256955
FR015204,0.6294438242912292,2.814014432647805
FR018009,0.2893840968608856,0.6746260973924505
FR006593,0.2973313629627228,0.7009927903662634
FR002136,0.21596981585025787,0.45633488957014007
FR014828,0.22929984331130981,0.4928805835544928
FR003748,0.38927146792411804,1.0559120892995306
FR002564,0.40097010135650635,1.108885974126268
FR009912,0.3907459080219269,1.062476622782029
FR016786,0.32720664143562317,0.8056822832459262
FR000537,0.2632378041744232,0.5918945282239394
FR014379,0.4087012708187103,1.1450447023602053
FR013820,0.2871027886867523,0.6671659824744481
FR017580,0.1777617484331131,0.35814924148347693
FR002587,0.32578420639038086,0.8004874067672964
FR018501,0.23723798990249634,0.5152506880131503
FR006210,0.2390429973602295,0.5204024195984087
FR002959,0.539812445640564,1.9432622915082618
FR015183,0.30699145793914795,0.7338564283757208
FR015053,0.23871809244155884,0.5194732947844275
FR019772,0.37260738015174866,0.9838648526616879
FR014349,0.34663423895835876,0.8788980187151214
FR016835,0.6362919807434082,2.898190792398058
FR011111,0.21110095083713531,0.4432943092619987
FR005096,0.20932148396968842,0.4385683286645086
FR000107,0.3291667401790619,0.8128768569680749
FR017974,0.2950218915939331,0.6932693680784504
FR002448,0.3554036021232605,0.913392308608581
FR016293,0.26256200671195984,0.5898339594535215
FR004858,0.2225409746170044,0.47419380444975934
FR002846,0.32033771276474,0.7807972894119432
FR001445,0.24288469552993774,0.531448914510539
FR016454,0.40072154998779297,1.1077389768193575
FR016173,0.25476914644241333,0.5663428270605202
FR008253,0.30363669991493225,0.7223402034889402
FR011548,0.28630825877189636,0.664578984636598
FR009386,0.3633502125740051,0.9454710153049202
FR010119,0.21157291531562805,0.4445513511364379
FR000586,0.37944307923316956,1.0129509401612018
FR015001,0.31173521280288696,0.7503324175967342
FR008573,0.6753858923912048,3.4467357907355556
FR003731,0.23275847733020782,0.5025702864797252
FR014646,0.25957897305488586,0.5807833609353324
FR007675,0.24892395734786987,0.5490427822385965
FR019143,0.9008560180664062,15.052631361178396
FR008703,0.3191993534564972,0.7767217074617736
FR013242,0.287554532289505,0.6686394374395919
FR001832,0.22922536730766296,0.4926728881422423
FR001315,0.28673672676086426,0.6659733649642926
FR015159,0.32100245356559753,0.7831835307099411
FR002735,0.2578358054161072,0.5755282267199742
FR010515,0.3181706368923187,0.7730503770458113
FR002063,0.35644567012786865,0.9175537747938872
FR017420,0.2997652590274811,0.7091874553702457
FR000843,0.35594046115875244,0.915534556751932
FR003660,0.717345654964447,4.204324276287961
FR009759,0.5392563343048096,1.9389172802634302
FR009597,0.2696940004825592,0.6117723102728351
FR015408,0.5943381786346436,2.427129182861164
FR008125,0.29281625151634216,0.6859402766246161
FR003973,0.2544439733028412,0.565373284336945
FR008725,0.45702889561653137,1.3944095239123158
FR011563,0.2025834172964096,0.42086424301346204
FR015848,0.30892154574394226,0.7405327081066259
FR015920,0.2591607868671417,0.57952039866022
FR014629,0.6300693154335022,2.8215735337049863
FR001972,0.29332345724105835,0.6876216129596123
FR010214,0.2734151780605316,0.6233898082340358
FR012059,0.24528133869171143,0.5383972321195956
FR001793,0.32061415910720825,0.7817890905071031
FR005114,0.34065917134284973,0.855920671766152
FR001697,0.2822858989238739,0.651570036869009
FR004273,0.240364670753479,0.5241901780319009
FR017812,0.27782872319221497,0.6373240852056175
FR007309,0.2982175648212433,0.7039699559648005
FR013396,0.4627866744995117,1.4271100610957463
FR006786,0.23848627507686615,0.5188108554379612
FR002271,0.24226906895637512,0.5296711930458075
FR009631,0.2792893946170807,0.6419732485887331
FR000676,0.30876973271369934,0.7400062275359364
FR018177,0.2969512641429901,0.6997181610028296
FR018075,0.7517987489700317,5.0178887884220655
FR016861,0.7605189681053162,5.260927643719931
FR012971,0.817685067653656,7.429972828206336
FR018705,0.36938750743865967,0.9703826724689559
FR007441,0.3108668625354767,0.7472995066612002
FR003441,0.4796003997325897,1.5267431544418504
FR019895,0.30452924966812134,0.7253933039115249
FR016057,0.2736796736717224,0.6242200935357746
FR005982,0.21490661799907684,0.45347345782980913
FR014659,0.28692466020584106,0.6665854928921456
FR012895,0.645766019821167,3.020009917300049
FR003378,0.6770092844963074,3.4723859106715174
FR011402,0.44609373807907104,1.334176391327031
FR002355,0.30815044045448303,0.7378609443172119
FR006840,0.30341261625289917,0.7215749204056057
FR012684,0.2719210982322693,0.6187110302898794
FR002349,0.3036074936389923,0.7222404312726651
FR016052,0.3762461245059967,0.9992684543948886
FR019685,0.24405305087566376,0.5348306918169973
FR017762,0.42218634486198425,1.210430283495383
FR018157,0.28737086057662964,0.6680401288935235
FR018907,0.8679006695747375,10.884107095300728
FR001707,0.3307134807109833,0.8185839401331644
FR016276,0.32908135652542114,0.812562579180583
FR005440,0.262474000453949,0.5895658981588201
FR012150,0.395338773727417,1.0831302612660263
FR002356,0.7485843300819397,4.932553322876346
FR002758,0.29548224806785583,0.6948048690038289
FR019463,0.19661885499954224,0.4054403117688239
FR009641,0.28701984882354736,0.666895659872775
FR016012,0.26430633664131165,0.5951603070795203
FR002816,0.429841011762619,1.248921879582567
FR003625,0.21894694864749908,0.4643888277218337
FR000825,0.27492326498031616,0.6281320040235968
FR005667,0.2299497127532959,0.4946946157094821
FR014978,0.26775923371315,0.6057786344937314
FR014159,0.33022698760032654,0.8167860614962945
FR009487,0.5778486728668213,2.267615205833922
FR006645,0.24974018335342407,0.5514423788001563
FR006058,0.23320023715496063,0.5038142153511426
FR007683,0.29050591588020325,0.6783121582138905
FR010566,0.2162473350763321,0.4570830671014913
FR019833,0.26150625944137573,0.5866224364359328
FR005463,0.4722505509853363,1.4824091400164972
FR013319,0.7030903697013855,3.9229273420591846
FR010103,0.5167608857154846,1.771539962335785
FR001948,0.2456921488046646,0.5395926804471516
FR000020,0.2893723249435425,0.6745874790558166
FR010781,0.29960334300994873,0.7086405332428207
FR016641,0.4149388074874878,1.1749142244092614
FR013551,0.3279208838939667,0.8082990617674136
FR016952,0.28774532675743103,0.669262314364185
FR009496,0.31153345108032227,0.749627036557107
FR012672,0.2433798909187317,0.532880970791613
FR019854,0.2478673905134201,0.5459443496938252
FR004382,0.2961428463459015,0.6970117777054313
FR008368,0.2973165810108185,0.7009431945652571
FR002149,0.5133492946624756,1.7475073528633178
FR014304,0.19485774636268616,0.4009299093384216
FR006461,0.25049513578414917,0.5536664917805474
FR012842,0.30402475595474243,0.723666645229682
FR013095,0.2709213197231293,0.6155908883488099
FR018188,0.3005416691303253,0.7118135421674429
FR005295,0.25247469544410706,0.5595196685468145
FR003152,0.37784644961357117,1.0061000284019679
FR004510,0.23071537911891937,0.49683581372138935
FR016764,0.43627893924713135,1.2821043903720386
FR006350,0.3628841042518616,0.9435673472710606
FR015385,0.27684247493743896,0.6341955825629312
FR017271,0.2489890307188034,0.5492338980040679
FR019107,0.36202576756477356,0.9400690275676573
FR011743,0.5595542192459106,2.104617223023678
FR006868,0.28669944405555725,0.6658519678418142
FR001783,0.35520943999290466,0.9126184147809072
FR010814,0.2656034827232361,0.5991375733158298
FR001699,0.20592376589775085,0.4296033635750531
FR010996,0.2758152186870575,0.6309460575216653
FR010102,0.2697151005268097,0.6118378507466004
FR006778,0.25851354002952576,0.5775684600721523
FR003178,0.24155661463737488,0.5276174682859499
FR000759,0.2547788619995117,0.5663718081772241
FR010962,0.39000868797302246,1.0591903891763348
FR004771,0.40037801861763,1.106155237879759
FR015664,0.3092247545719147,0.7415849149498277
FR012066,0.30016690492630005,0.7105452328649071
FR012155,0.2841697633266449,0.6576445506420694
FR000407,0.25002193450927734,0.5522719026121924
FR019316,0.28229451179504395,0.6515977364758083
FR000892,0.30994912981987,0.7441024129113161
FR014940,0.33764728903770447,0.8444955165593935
FR017185,0.23620305955410004,0.512307841899056
FR015355,0.3005277216434479,0.7117663155319847
FR011116,0.290187269449234,0.6772639684965246
FR005985,0.28199830651283264,0.6506455007691739
FR010010,0.225068137049675,0.4811426959154
FR009679,0.7072463631629944,4.0021358206802375
FR009588,0.5898410081863403,2.3823530714705923
FR005909,0.2574050724506378,0.5742334957577286
FR015377,0.2964041829109192,0.6978859877656718
FR013006,0.24564892053604126,0.5394668258463056
FR003700,0.2624993622303009,0.5896431419058232
FR011464,0.25715258717536926,0.5734752537151168
FR013892,0.24867062270641327,0.5482990721038599
FR014457,0.32969069480895996,0.8148071677950727
FR002046,0.2634003162384033,0.5923906064253311
FR000857,0.3244822025299072,0.7957515347888162
FR018894,0.30897030234336853,0.7407018428161374
FR001467,0.28990209102630615,0.6763266697325758
FR000073,0.3105652928352356,0.7462479932232617
FR015135,0.6723371744155884,3.3992519227939555
FR010082,0.23546747863292694,0.5102210459868687
FR018314,0.27103888988494873,0.615957361157795
FR014765,0.24353446066379547,0.5333283552176685
FR017556,0.2231581062078476,0.47588654746265885
FR002371,0.27457091212272644,0.627022261415016
FR018212,0.25961336493492126,0.5808872911925954
FR000142,0.20120078325271606,0.4172683418011102
FR008169,0.2629084289073944,0.5908897606627956
FR003120,0.23097063601016998,0.49755059126846485
FR008555,0.6859110593795776,3.61775006405125
FR017163,0.2588924765586853,0.5787108264835031
FR016280,0.3549075126647949,0.911415914550476
FR010181,0.2604353725910187,0.5833742269122505
FR006396,0.2739678919315338,0.6251255360142544
FR019465,0.2564694583415985,0.5714263215125052
FR002024,0.22639451920986176,0.48480799159671384
FR008974,0.26064950227737427,0.5840229715474282
FR008791,0.2553927004337311,0.5682043969528818
FR017039,0.3109392523765564,0.7475520525934329
FR012793,0.30300459265708923,0.7201827155079185
FR001962,0.27592718601226807,0.631299796622101
FR002083,0.2655641734600067,0.5990168381339869
FR015556,0.2839505076408386,0.6569359179511338
FR013747,0.3057539165019989,0.7295952361831691
FR016700,0.3688834309577942,0.9682844686077453
FR012075,0.4200018644332886,1.199631939488395
FR015322,0.34193170070648193,0.8607792619888606
FR008891,0.7090965509414673,4.038126333742601
FR004102,0.23855292797088623,0.5190012808719507
FR017982,0.7024705410003662,3.911303737549633
FR000667,0.32525333762168884,0.798554232930377
FR007311,0.23245373368263245,0.5017130090324019
FR014275,0.4170677065849304,1.1852551418294808
FR000423,0.28287264704704285,0.6534585818862113
FR010359,0.2824387550354004,0.652061731824928
FR010460,0.4957556426525116,1.6287334594790754
FR007910,0.6640303134918213,3.274245285551236
FR015632,0.28497445583343506,0.6602490350410151
FR013935,0.33571648597717285,0.8372257814717476
FR012640,0.3287551701068878,0.8113626973977476
FR015655,0.3049643039703369,0.7268843150495005
FR001866,0.2725299894809723,0.6206154803585259
FR015132,0.26031896471977234,0.5830217058001187
FR004817,0.23367170989513397,0.5051433933943285
FR007471,0.3694515824317932,0.9706496231035119
FR009769,0.4986266791820526,1.6475465372176263
FR010643,0.2614173889160156,0.5863525163213258
FR011349,0.4043106436729431,1.1243945542186065
FR004162,0.3898191750049591,1.058346898808779
FR003641,0.4422508478164673,1.3135697985588037
FR017766,0.3218162953853607,0.7861113741264122
FR001004,0.3623703420162201,0.9414722768394865
FR003512,0.20392277836799622,0.42435951206052513
FR015542,0.1565399467945099,0.30745677130599075
FR016128,0.26613014936447144,0.6007564342981065
FR012470,0.226334348320961,0.48464144453591734
FR007115,0.1743999421596527,0.3499451840690198
FR018707,0.38237789273262024,1.0256362024407142
FR012991,0.2792781889438629,0.6419375103805329
FR002956,0.3278210461139679,0.807932950576852
FR018308,0.26756611466407776,0.6051821128836187
FR018661,0.31497398018836975,0.761712372414694
FR017786,0.2868908941745758,0.6664754879953457
FR006860,0.22638843953609467,0.4847911624852779
FR000057,0.2158331573009491,0.4559666597567698
FR009513,0.46341127157211304,1.430699569887
FR010873,0.3030751645565033,0.7204233951450791
FR016970,0.2770632207393646,0.6348950743547533
FR006941,0.6832305192947388,3.5731177167342736
FR002344,0.27444711327552795,0.6266326102672612
FR015847,0.28431829810142517,0.6581248605978567
FR017509,0.3382089138031006,0.8466180738342678
FR009254,0.29399266839027405,0.6898436775581982
FR013807,0.2613701820373535,0.5862091646467531
FR003315,0.27639371156692505,0.6327748721671552
FR008704,0.25018516182899475,0.5527527570808041
FR008764,0.30509302020072937,0.727325807140571
FR002202,0.28504619002342224,0.6604814960165152
FR013880,0.28796136379241943,0.6699680023769891
FR000029,0.24997097253799438,0.552121815644076
FR009557,0.24643641710281372,0.5417618044973421
FR000502,0.2697913944721222,0.6120748648589363
FR016621,0.26620280742645264,0.6009799520995734
FR019110,0.2605891227722168,0.5838400028719928
FR018479,0.39789602160453796,1.0947664996225634
FR007330,0.28953948616981506,0.6751359793757576
FR001116,0.2922579050064087,0.6840922002886018
FR013187,0.2715681791305542,0.6176086505856899
FR004360,0.660980224609375,3.229883321185525
FR014239,0.7701008915901184,5.549242943963614
FR007650,0.3672850430011749,0.9616533329177367
FR003566,0.29820889234542847,0.7039407846407562
FR008680,0.85179603099823,9.521364185125949
FR003339,0.2583291530609131,0.5770130174654978
FR016653,0.30541643500328064,0.7284358304942616
FR012597,0.284271776676178,0.6579744049988481
FR019291,0.31447404623031616,0.7599487522045892
FR015250,0.24093098938465118,0.5258172165432511
FR011068,0.3840652108192444,1.0329840949371327
FR014261,0.28112268447875977,0.6478351545051524
FR009149,0.336063414812088,0.8385288994068328
FR011857,0.575624406337738,2.247047224579661
FR015504,0.3394792377948761,0.8514323446078044
FR019224,0.3355293869972229,0.8365235738060663
FR010272,0.2553328573703766,0.5680256050958914
FR008147,0.2557324767112732,0.5692200844241252
FR007129,0.22680199146270752,0.4859365165724203
FR013030,0.34963417053222656,0.8905935690149241
FR015126,0.36441072821617126,0.9498127503933165
FR009853,0.688286542892456,3.657944618905413
FR014118,0.2458212822675705,0.5399687249945299
FR001715,0.7647683620452881,5.385891247180757
FR001100,0.21618612110614777,0.45691799185014265
FR012428,0.3305283188819885,0.8178993500987641
FR015869,0.19150055944919586,0.3923861977728444
FR013609,0.2936862111091614,0.6888255869112271
FR013080,0.27742594480514526,0.6360453901585893
FR019037,0.243528813123703,0.5333120058416407
FR010532,0.25492292642593384,0.5668016352721903
FR017453,0.22272080183029175,0.47468677872689313
FR011546,0.2542631924152374,0.5648346301384632
FR017959,0.30465167760849,0.7258126983451056
FR011217,0.2202140837907791,0.4678354240008335
FR002736,0.25774717330932617,0.5752616865848504
FR018858,0.3711053431034088,0.9775583768625888
FR010581,0.2539832890033722,0.5640011457754421
FR019220,0.2798885405063629,0.6438857217462413
FR004868,0.33455824851989746,0.832885104326932
FR007591,0.2964748442173004,0.698122471993901
FR017586,0.27997976541519165,0.6441771907749193
FR011820,0.2848188579082489,0.6597449665053738
FR013321,0.3938331604003906,1.0763251919302599
FR007070,0.4144178628921509,1.1723952380040534
FR007378,0.27324312925338745,0.6228500496006811
FR006711,0.24678613245487213,0.5427825086633751
FR016137,0.6943092942237854,3.7626527830576912
FR016941,0.2763487994670868,0.6326327849067495
FR019322,0.21882237493991852,0.46405059200927434
FR011043,0.3322244882583618,0.8241847066269656
FR011008,0.2386256754398346,0.5192091563872748
FR012934,0.2265339195728302,0.48519393755122703
FR015217,0.26962992548942566,0.6115733052084639
FR004499,0.26636332273483276,0.6014739018560865
FR009061,0.22554537653923035,0.48246004318852087
FR019058,0.46485593914985657,1.4390340606558307
FR000461,0.3330495357513428,0.8272535751325656
FR002591,0.27601203322410583,0.6315679278426389
FR006035,0.22806468605995178,0.48944121041511207
FR005136,0.299510657787323,0.7083275736268243
FR017193,0.27052050828933716,0.6143424243721487
FR004750,0.2566235065460205,0.5718880348320706
FR001057,0.22463780641555786,0.4799562238338188
FR017988,0.22643104195594788,0.4849090955765448
FR008013,0.3023650050163269,0.7180036750785164
FR008189,0.2500969171524048,0.5524927694145608
FR010085,0.2036878764629364,0.42374564912344537
FR015915,0.28324463963508606,0.6546575025584364
FR019987,0.4052841067314148,1.128946671990393
FR000611,0.2997298538684845,0.7090678417368775
FR004651,0.36167100071907043,0.9386258535115898
FR001323,0.640215277671814,2.9478590566449037
FR005268,0.26294562220573425,0.5910031747803671
FR011527,0.2541353404521942,0.5644538404401616
FR003959,0.2531820833683014,0.5616188037599529
FR011319,0.2572050392627716,0.5736327308887733
FR007506,0.35847732424736023,0.9257059957822337
FR018872,0.3759269416332245,0.9979100962620688
FR017145,0.22527648508548737,0.4817176094772213
FR014908,0.25616201758384705,0.5705054316804465
FR006712,0.2491336166858673,0.5496586550599157
FR018571,0.36064833402633667,0.9344746585087845
FR009925,0.29038307070732117,0.6779079466362355
FR011487,0.2769206464290619,0.6344432408857182
FR011386,0.2869912087917328,0.6668023291624573
FR015994,0.22693832218647003,0.48631436034419157
FR019386,0.47395336627960205,1.4925701974741474
FR007528,0.2790609896183014,0.6412450169139006
FR013951,0.24249668419361115,0.5303281322453186
FR013716,0.36002516746520996,0.9319516143948395
FR007575,0.33308830857276917,0.8273979823481374
FR007714,0.3176230490207672,0.7711006349407429
FR019542,0.2684924602508545,0.608046351534877
FR005108,0.35661405324935913,0.9182274726547445
FR005025,0.3390589654445648,0.8498375490079095
FR013300,0.24878212809562683,0.5486263547482187
FR005561,0.22225655615329742,0.4734145714842019
FR004638,0.32145974040031433,0.784827782305482
FR010396,0.25687968730926514,0.572656283751169
FR011317,0.23017024993896484,0.4953109146907369
FR017772,0.3182426989078522,0.7733071943638878
FR014510,0.3260958194732666,0.8016235733461473
FR009410,0.2753019630908966,0.6293259247243286
FR013978,0.4938517212867737,1.6163753056863812
FR002115,0.2633582353591919,0.592262130918875
FR009697,0.23572245240211487,0.5109439353559069
FR009624,0.416043221950531,1.180269397206642
FR009303,0.3518174886703491,0.8991735316741449
FR007353,0.24657094478607178,0.5421543344444512
FR006430,0.24457690119743347,0.5363503609258614
FR003174,0.2657041549682617,0.5994468388146592
FR003911,0.27232328057289124,0.6199685924747173
FR015790,0.2992735207080841,0.7075272367932595
FR018801,0.2440640926361084,0.5348627017987315
FR018010,0.21627342700958252,0.4571534368591509
FR007590,0.29127180576324463,0.6808354138007715
FR015745,0.29237693548202515,0.6844859357772622
FR011427,0.18286986649036407,0.3707441617373653
FR003130,0.3069049119949341,0.7335579322415482
FR012229,0.286710649728775,0.6658884535726791
FR009394,0.26917049288749695,0.6101474147423167
FR001593,0.2661933898925781,0.6009509784685643
FR012177,0.18222157657146454,0.36913697702256687
FR007144,0.19442161917686462,0.3998159838616205
FR002381,0.2675432562828064,0.6051115269015541
FR016306,0.2534823417663574,0.5625110069034652
FR000120,0.6296654939651489,2.816690403919105
FR017855,0.7072592377662659,4.002384690226647
FR004723,0.2713618576526642,0.6169646785208486
FR012615,0.33125391602516174,0.8205842339367374
FR009956,0.24776121973991394,0.5456334801016536
FR011566,0.2988712787628174,0.7061709096019458
FR013067,0.25908756256103516,0.5792994009279895
FR013183,0.2676520347595215,0.6054474709186168
FR006120,0.2894582152366638,0.6748692756531693
FR006061,0.33464255928993225,0.8332005622147114
FR019651,0.27991265058517456,0.6439627477073341
FR010651,0.33649203181266785,0.840140732428521
FR005828,0.2782100439071655,0.6385359739513848
FR008464,0.22639904916286469,0.4848205311066187
FR004427,0.2121472805738449,0.4460831614474134
FR007779,0.47809898853302,1.517585210989368
FR018209,0.2991684377193451,0.707172755244636
FR014799,0.22786325216293335,0.48888134863213023
FR004644,0.2751798629760742,0.6289408436840991
FR019283,0.4760183095932007,1.5049807516822087
FR003015,0.26710668206214905,0.6037642441720096
FR019042,0.2774987816810608,0.6362765187975089
FR014034,0.8280313014984131,7.976653908945665
FR015644,0.23548580706119537,0.5102729937805677
FR008329,0.3462235927581787,0.8773054228212643
FR001922,0.2853965163230896,0.6616174298295413
FR011173,0.3117190897464752,0.7502760344256675
FR017558,0.7643494009971619,5.373370427358209
FR000028,0.3657878339290619,0.9554722697854521
FR006005,0.3426419198513031,0.8634990984937305
FR000317,0.3105327785015106,0.7461346771564578
FR015324,0.3566979467868805,0.9185632608302976
FR011975,0.2628985047340393,0.5908595006571935
FR003640,0.2515612244606018,0.556814863440683
FR018691,0.26319950819015503,0.5917776592059817
FR004766,0.2516164183616638,0.5569781062120868
FR007338,0.276780903339386,0.6340005527384476
FR004198,0.249129056930542,0.5496452571522986
FR014626,0.2908934950828552,0.6795883725423961
FR006011,0.32931584119796753,0.8134258557428169
FR015946,0.26914533972740173,0.6100694014044149
FR009934,0.22895339131355286,0.49191475422258457
FR010419,0.3673482835292816,0.9619150584523235
FR000045,0.2577929198741913,0.5753992506288674
FR016340,0.31738442182540894,0.770251957238303
FR006975,0.23964178562164307,0.5221168439118836
FR010731,0.2769734263420105,0.6346104853872389
FR012148,0.18789894878864288,0.3832989919241587
FR013444,0.29578831791877747,0.6958268640376054
FR000215,0.29306426644325256,0.686762119913037
FR010503,0.26127010583877563,0.5859053269258764
FR018623,0.21602554619312286,0.4564850931972904
FR010080,0.2665477395057678,0.6020416698750519
FR010886,0.32722747325897217,0.8057585263798501
FR009745,0.35039108991622925,0.8935615651995504
FR007509,0.27851706743240356,0.6395126671353893
FR010127,0.6341722011566162,2.871798049676889
FR000670,0.32296425104141235,0.7902531782881108
FR000876,0.31947165727615356,0.7776953755932713
FR015241,0.14404673874378204,0.2787897346497398
FR005847,0.34953442215919495,0.8902029555715186
FR015189,0.32881247997283936,0.8115734281733452
FR004236,0.4228512644767761,1.213733347538755
FR009548,0.2867335379123688,0.6659629811809211
FR016389,0.27804872393608093,0.6380231210556925
FR013180,0.25865843892097473,0.5780051436792932
FR014473,0.31028127670288086,0.7452585263700925
FR015021,0.33757996559143066,0.8442413215841065
FR002604,0.39275485277175903,1.071472196866477
FR019732,0.3031701445579529,0.720747393556139
FR006725,0.4043337404727936,1.1245023873877427
FR002002,0.5753614902496338,2.2446302572228896
FR003752,0.24489156901836395,0.5372642135271555
FR000395,0.4618191123008728,1.4215660097401646
FR016926,0.5869001746177673,2.353599844138677
FR004498,0.23589974641799927,0.5114468751868015
FR012342,0.28747808933258057,0.6683899716338565
FR003857,0.5739569664001465,2.2317691111157365
FR013136,0.28259769082069397,0.6525732055711542
FR019681,0.28406772017478943,0.6573146939644164
FR002128,0.40530017018318176,1.1290219130518795
FR013583,0.28661900758743286,0.6655900999233593
FR010724,0.311334490776062,0.7489318543316391
FR004788,0.23626959323883057,0.5124967919351257
FR004581,0.2888137400150299,0.6727564841396402
FR002376,0.3727004826068878,0.9842567480688666
FR013506,0.30760458111763,0.7359732212272682
FR018776,0.7608786225318909,5.2713320974838265
FR015272,0.24296095967292786,0.5316693408516829
FR003694,0.26116883754730225,0.5855979537223865
FR002774,0.2828361988067627,0.6533411772312778
FR007896,0.30161622166633606,0.7154576822431853
FR006028,0.2909740209579468,0.6798537018567845
FR001104,0.1898307055234909,0.38816295178513593
FR005966,0.31780263781547546,0.7717397341058696
FR018098,0.2955420911312103,0.6950046205852486
FR002859,0.2481430321931839,0.5467518424589496
FR012272,0.3354452848434448,0.8362080559117996
FR000165,0.2588917315006256,0.5787085792374022
FR019972,0.28438106179237366,0.6583278765366333
FR011707,0.27666613459587097,0.6336371080363794
FR002207,0.6332687139511108,2.8606417353814053
FR007512,0.27799081802368164,0.6378390880584461
FR017680,0.2617160677909851,0.5872599301863297
FR015762,0.23136088252067566,0.4986442882715477
FR004911,0.28449130058288574,0.6586845420308356
FR009234,0.2826860547065735,0.6528576688169332
FR002291,0.3856869637966156,1.0400845083736008
FR000174,0.2886171042919159,0.6721126128763754
FR007598,0.3884989023208618,1.0524850955153677
FR003127,0.2483711987733841,0.5474207048705191
FR007606,0.2684575617313385,0.6079383146457333
FR019247,0.2709883451461792,0.6157997958781221
FR016881,0.2293214052915573,0.4929407221524676
FR012928,0.264915406703949,0.5970260693941601
FR002802,0.2541089951992035,0.5643753909052862
FR000866,0.25475412607192993,0.5662980233856558
FR005280,0.37868207693099976,1.0096811953097218
FR019607,0.2701225280761719,0.6131041358892253
FR014263,0.32090598344802856,0.7828369390578596
FR016933,0.25089195370674133,0.5548373269542125
FR008483,0.30949005484580994,0.7425063280740626
FR001899,0.32492902874946594,0.7973747489384253
FR005081,0.2912411093711853,0.6807341783775653
FR013931,0.26203182339668274,0.5882200234397745
FR014037,0.22470100224018097,0.48013037963311633
FR005529,0.4354189932346344,1.2776282462434974
FR016452,0.295853853225708,0.6960458078644612
FR006174,0.3041441738605499,0.7240751336881653
FR018055,0.35813403129577637,0.9243248741620848
FR002720,0.2680724859237671,0.6067469024660395
FR007363,0.5825583934783936,2.3118898064279656
FR015833,0.30313628911972046,0.7206318948177965
FR013934,0.2842544615268707,0.657918410824216
FR014819,0.23571647703647614,0.5109269887673099
FR010199,0.2499057948589325,0.5519298920319602
FR012233,0.256369024515152,0.5711254042347753
FR016630,0.2241419106721878,0.47859061327505814
FR006571,0.3511776924133301,0.8966532910254782
FR011320,0.30320271849632263,0.7208585310175368
FR007456,0.2797183692455292,0.6433422117267065
FR005598,0.23158717155456543,0.4992789902004219
FR003132,0.31477516889572144,0.7610107163425679
FR016387,0.21555501222610474,0.4552175873383181
FR009847,0.37500712275505066,0.9940033499049513
FR004775,0.3326064348220825,0.8256044619401098
FR009558,0.41356799006462097,1.1682953513049525
FR018916,0.26861822605133057,0.6084357758083464
FR002096,0.7288214564323425,4.452349263413359
FR019639,0.2470911741256714,0.543673599289084
FR009993,0.22831323742866516,0.490132432488967
FR006242,0.27589866518974304,0.6312096802176245
FR004478,0.32973161339759827,0.8149580437599129
FR010334,0.3301704227924347,0.8165771906862297
FR008056,0.31527379155158997,0.7627712541796056
FR003423,0.3078251779079437,0.7367357436251686
FR011169,0.2540063261985779,0.564069721325703
FR006737,0.23617097735404968,0.5122167429280368
FR009910,0.25864094495773315,0.5779524128423771
FR000329,0.283489853143692,0.6554484989387329
FR007644,0.2728870213031769,0.6217336645151701
FR002108,0.16563068330287933,0.32885607418070134
FR015139,0.4230295419692993,1.2146202555766663
FR018547,0.3407927453517914,0.856429783858127
FR006216,0.7073448896408081,4.004040921420535
FR001767,0.26109686493873596,0.5853795510597509
FR008889,0.262996643781662,0.5911587743073405
FR014022,0.2653404772281647,0.5983300194495023
FR017608,0.8004701137542725,6.64600350733106
FR018531,0.2564893662929535,0.571485978864634
FR014395,0.2794903814792633,0.6426144439527328
FR009277,0.21354186534881592,0.44981177755689095
FR001646,0.2762279808521271,0.6322506416717723
FR005100,0.20021098852157593,0.41470175785380897
FR011249,0.796898365020752,6.4999933986471055
FR018542,0.31898510456085205,0.7759561718105921
FR001143,0.2733410596847534,0.6231572496629127
FR011288,0.5076240301132202,1.7079247132822073
FR015525,0.2776469886302948,0.6367469584229722
FR000397,0.2648608386516571,0.5968587851751767
FR006189,0.6093411445617676,2.583962638843496
FR012321,0.25589799880981445,0.5697152128290048
FR007655,0.29985812306404114,0.7095012469231642
FR017442,0.3554418087005615,0.9135446477580909
FR018927,0.2807794511318207,0.6467353993462454
FR019040,0.2645576298236847,0.595929718172404
FR010341,0.20937642455101013,0.4387139238287908
FR004251,0.3919224739074707,1.067737791676729
FR006646,0.3558744788169861,0.9152710725379439
FR013291,0.23281645774841309,0.5027334688986446
FR019223,0.28331276774406433,0.65487721220051
FR009535,0.27877727150917053,0.6403410708345086
FR000366,0.269585520029068,0.611435410553853
FR002111,0.2530747950077057,0.5613001755929915
FR008457,0.26518937945365906,0.5978663377773848
FR019059,0.29097867012023926,0.6798690224879494
FR019315,0.2711937129497528,0.6164401337313408
FR016654,0.24696090817451477,0.5432929768358132
FR015980,0.26685068011283875,0.6029749598551782
FR011730,0.3164672255516052,0.766995464286433
FR001929,0.2519049048423767,0.5578317325501507
FR004056,0.2554444372653961,0.5683589931570721
FR011656,0.23967845737934113,0.5222219286358666
FR017426,0.3293531537055969,0.813563280792056
FR011689,0.20099908113479614,0.4167448029102271
FR009313,0.24978592991828918,0.5515770221772401
FR015795,0.271188884973526,0.6164250759348101
FR019687,0.3186770975589752,0.7748564713936167
FR016471,0.4145052433013916,1.1728174461840144
FR012522,0.3430667519569397,0.8651288353278234
FR016673,0.2803359925746918,0.6453160654686584
FR018744,0.2720043957233429,0.6189713746156636
FR018073,0.2615385353565216,0.586720481855287
FR009016,0.5323487520217896,1.8858082960079152
FR004235,0.27807825803756714,0.6381169958832543
FR011148,0.2768523097038269,0.6342267375470629
FR007407,0.3374234139919281,0.8436504251559148
FR008518,0.3253302574157715,0.7988341500971864
FR001766,0.2649446725845337,0.5971157973234799
FR007653,0.25529587268829346,0.5679151211092354
FR002780,0.2534570097923279,0.5624357064612937
FR016103,0.3332187831401825,0.8278840509594001
FR019533,0.6851423978805542,3.6048737458809152
FR018895,0.1901766061782837,0.3890363427316851
FR004059,0.2984086573123932,0.7046129105619146
FR001199,0.22946906089782715,0.49335263938595897
FR009800,0.2659446895122528,0.6001861052683871
FR016388,0.24497579038143158,0.5375089369106776
FR007096,0.27766096591949463,0.6367913352021815
FR007005,0.4179705083370209,1.1896632544986796
FR018610,0.2778211832046509,0.6373001350095887
FR008925,0.3116205334663391,0.7499314353796555
FR002394,0.26813334226608276,0.6069351066223662
FR002807,0.21079038083553314,0.4424679496158064
FR003721,0.28981688618659973,0.6760467721887066
FR008263,0.33803993463516235,0.8459790694128422
FR015512,0.8158218264579773,7.3380481592427556
FR015269,0.3244149386882782,0.7955073670769515
FR003716,0.28788602352142334,0.6697218536987997
FR002586,0.367233008146286,0.9614380221101924
FR002542,0.26877322793006897,0.6089159116693473
FR006525,0.325613409280777,0.7998651121161183
FR002176,0.2860757112503052,0.6638228967401161
FR002453,0.272417277097702,0.6202627055540058
FR015000,0.2311592400074005,0.4980790303997403
FR009942,0.7156020402908325,4.168391417376566
FR004118,0.6344428062438965,2.875150229575661
FR005322,0.27092117071151733,0.615590423946228
FR016366,0.2199784219264984,0.46719357819998025
FR000989,0.26189374923706055,0.5878000911302024
FR011130,0.24948933720588684,0.5507043687407785
FR007964,0.5785686373710632,2.2743192902370435
FR019500,0.4095175266265869,1.1489175973946195
FR003083,0.3291921019554138,0.8129702233035865
FR016691,0.3161812424659729,0.7659818717727888
FR012617,0.2971382141113281,0.7003449096885005
FR002266,0.26885706186294556,0.6091756815929109
FR019820,0.21832601726055145,0.4627039793523669
FR018076,0.2605361044406891,0.5836793654793384
FR009571,0.40925469994544983,1.1476693934125686
FR010993,0.20153596997261047,0.41813893890093223
FR005187,0.23995563387870789,0.5230165194953866
FR005189,0.2843248248100281,0.6581459702830108
FR013031,0.5550310015678406,2.066383316009982
FR016522,0.3467501401901245,0.879347877031624
FR015699,0.33985018730163574,0.8528416633237811
FR012251,0.2732161581516266,0.6227654579154001
FR003279,0.4764297902584076,1.5074654964969532
FR013275,0.2377845197916031,0.5168079816100337
FR012516,0.30035364627838135,0.7111770491951965
FR013286,0.22885487973690033,0.4916402848287974
FR010393,0.233069509267807,0.5034459560987019
FR002469,0.3671956956386566,0.961283651508906
FR006757,0.22905971109867096,0.49221105726847675
FR003269,0.29629820585250854,0.6975314003219121
FR012198,0.25797727704048157,0.5759538011600086
FR004129,0.33127573132514954,0.8206650460106494
FR019804,0.22991833090782166,0.4946069467189165
FR008355,0.7308788299560547,4.4990510354610755
FR015271,0.33907872438430786,0.8499124822611185
FR008105,0.3439965546131134,0.8687031009082337
FR002270,0.3329082429409027,0.8267274799687565
FR014027,0.24745270609855652,0.5447306453785714
FR004125,0.2696373760700226,0.6115964435381932
FR001797,0.21880488097667694,0.4640031019958498
FR016465,0.21741607785224915,0.46023976039058434
FR016762,0.28303369879722595,0.6539774940089488
FR014511,0.3599793612957001,0.9317663506233391
FR013408,0.3271688222885132,0.8055438796651092
FR000416,0.2458844631910324,0.540152758630787
FR000489,0.31004077196121216,0.7444212832274415
FR014853,0.33865079283714294,0.8482906081797033
FR005026,0.3344065248966217,0.8323176152550337
FR003543,0.27868133783340454,0.640035580192417
FR016849,0.500439465045929,1.6595365753064992
FR003443,0.26324233412742615,0.5919083532226267
FR016426,0.25639066100120544,0.5711902240548523
FR004151,0.31684207916259766,0.7683253203773771
FR019523,0.2773210406303406,0.635712586266267
FR001425,0.31116992235183716,0.748357143377204
FR019250,0.2784159183502197,0.6391908031831072
FR002436,0.2905726134777069,0.6785316796127348
FR019185,0.27568909525871277,0.6305477259323318
FR008312,0.25425833463668823,0.5648201595189445
FR006390,0.29998278617858887,0.7099226198202191
FR019183,0.3198573589324951,0.7790758510259846
FR011507,0.2783081829547882,0.6388480803144463
FR006149,0.20697180926799774,0.4323604592065804
FR019195,0.2143470197916031,0.4519704970930342
FR002773,0.589629590511322,2.3802722423489238
FR017435,0.2838559150695801,0.6566303294700966
FR015362,0.23849110305309296,0.5188246477097086
FR006866,0.21897567808628082,0.4644668476326838
FR002825,0.2893984317779541,0.6746731254997023
FR019248,0.2624531388282776,0.5895023643936051
FR016105,0.21744325757026672,0.46031328311423647
FR009755,0.2655969262123108,0.5991174346315232
FR012814,0.555120050907135,2.0671285308835503
FR006053,0.3060154318809509,0.7304944384252646
FR014032,0.2485124170780182,0.5478348849150272
FR003963,0.2874470353126526,0.6682886444782743
FR015934,0.7652624249458313,5.400713946417125
FR003996,0.2552053928375244,0.5676448777748836
FR009429,0.26770687103271484,0.6056168613571027
FR002310,0.29585012793540955,0.6960333611247121
FR018654,0.26365119218826294,0.5931568508244133
FR009880,0.30179792642593384,0.7160750080393231
FR014405,0.6583390831947327,3.192109169423209
FR017071,0.4506274163722992,1.3588578510763316
FR006813,0.57801353931427,2.2691483712112315
FR002417,0.24019549787044525,0.5237046133028036
FR016860,0.33434709906578064,0.8320954164204349
FR008027,0.26822179555892944,0.6072087128460902
FR019249,0.3190283477306366,0.7761106457690726
FR001686,0.25654086470603943,0.5716403168970771
FR000808,0.3245719373226166,0.7960773477573921
FR012531,0.2599512040615082,0.5819087348545879
FR016715,0.36314722895622253,0.9446416521325393
FR019660,0.26148417592048645,0.5865553576657389
FR017081,0.3615524172782898,0.9381438195638194
FR018470,0.6763098835945129,3.4613036053771564
FR015105,0.418095201253891,1.1902731680092762
FR012876,0.23039661347866058,0.495943862958012
FR007806,0.5754321813583374,2.245279820916811
FR002585,0.7372612357139587,4.64858360450647
FR009020,0.235068678855896,0.5090913543905625
FR012210,0.4226582944393158,1.2127739632520387
FR005171,0.6341671943664551,2.8717360736919058
FR018435,0.19018083810806274,0.38904703287395237
FR018331,0.2582251727581024,0.5766999116186085
FR006919,0.29080402851104736,0.6792936546747657
FR002730,0.26033711433410645,0.5830766614678268
FR009850,0.39028361439704895,1.0604149725722771
FR008325,0.349350243806839,0.8894820300630114
FR011311,0.3392391502857208,0.8505210428901042
FR006776,0.26676055788993835,0.6026972335347993
FR012648,0.24208831787109375,0.5291497934430286
FR010565,0.45846882462501526,1.4025222030310383
FR014474,0.2855457067489624,0.6621015183383946
FR016359,0.3052474558353424,0.7278557317600924
FR016253,0.29000043869018555,0.6766498249212034
FR009603,0.37016505002975464,0.973625756939213
FR005085,0.5939821004867554,2.4235477286318585
FR008750,0.2999461889266968,0.7097989021506974
FR014831,0.32151925563812256,0.7850419423385775
FR018015,0.2826322615146637,0.6526844880740612
FR007566,0.3292046785354614,0.8130165250920427
FR015463,0.26770204305648804,0.6056019466152628
FR007726,0.39841949939727783,1.097160677503938
FR010110,0.2641836702823639,0.5947849173065567
FR002311,0.28828445076942444,0.6710241699713874
FR001311,0.289501428604126,0.6750110797174278
FR000555,0.3117126226425171,0.7502534193673424
FR001888,0.25811779499053955,0.5763766674308209
FR012830,0.33915114402770996,0.8501871628098936
FR008601,0.3084052503108978,0.7387431630312757
FR016256,0.29191282391548157,0.6829514704408106
FR014603,0.2945489287376404,0.691693906174409
FR014877,0.21507588028907776,0.4539284821615449
FR010108,0.7131139039993286,4.1178716213842455
FR005755,0.632607638835907,2.8525135027441353
FR015018,0.2836902141571045,0.6560952146169707
FR010151,0.3397446870803833,0.8524406836476179
FR010746,0.49282899498939514,1.6097752037792372
FR013494,0.27591368556022644,0.6312571387557996
FR018819,0.25069308280944824,0.5542503913855377
FR018734,0.33390480279922485,0.8304428742854889
FR018597,0.28199291229248047,0.6506281668054781
FR004455,0.19042305648326874,0.38965907921497756
FR003792,0.3001330494880676,0.7104307232702998
FR008674,0.24390140175819397,0.5343911567446146
FR018456,0.9042322635650635,15.641708050489466
FR003495,0.8309648036956787,8.143833504565306
FR001600,0.40468883514404297,1.126161288604777
FR012728,0.24340921640396118,0.5329658359995983
FR003887,0.29667043685913086,0.6987773153240263
FR007678,0.275582879781723,0.6302123765784837
FR014094,0.286604642868042,0.6655433405444727
FR015636,0.24274013936519623,0.531031225495018
FR007164,0.42034995555877686,1.201347175473513
FR008895,0.33385154604911804,0.8302440402469171
FR004171,0.3750264048576355,0.9940851287648166
FR005657,0.3693695366382599,0.970307811868917
FR011340,0.28702661395072937,0.6669177068273117
FR010009,0.5649131536483765,2.1509441435495766
FR002067,0.25300702452659607,0.5610989559680132
FR001082,0.3214348554611206,0.7847382473102453
FR017144,0.3219115138053894,0.7864543871815133
FR002101,0.25835171341896057,0.5770809628844836
FR008331,0.6344221830368042,2.8748945803790584
FR008413,0.31480610370635986,0.7611198664790516
FR004086,0.30737999081611633,0.7351973937123082
FR014126,0.2902618646621704,0.6775092656067504
FR009856,0.3218781650066376,0.7863342411319983
FR005812,0.2842283546924591,0.6578339909940512
FR019280,0.29015180468559265,0.6771473650996654
FR018743,0.272809237241745,0.6214899598938137
FR011643,0.6551996469497681,3.1479610647626575
FR010891,0.2656823992729187,0.5993799980577588
FR013815,0.29444825649261475,0.6913588347543497
FR007628,0.21398206055164337,0.4509914478354998
FR015190,0.24980643391609192,0.5516373758085878
FR018099,0.3079497814178467,0.7371666672132527
FR002661,0.25640445947647095,0.5712315642846783
FR009640,0.26507213711738586,0.597506681433006
FR017407,0.3432673513889313,0.8658991057978074
FR007813,0.26507246494293213,0.5975076869211658
FR016532,0.2414889633655548,0.5274226569195408
FR014759,0.3469958007335663,0.8803019102755418
FR010446,0.287401407957077,0.6681397815399335
FR006081,0.3120100200176239,0.7512938391759951
FR000092,0.28120166063308716,0.6480883509113102
FR009564,0.28187957406044006,0.650264022249168
FR013252,0.2515980303287506,0.5569237186616918
FR000772,0.26510167121887207,0.597597270375439
FR018467,0.2893732190132141,0.6745904120491449
FR018755,0.2586936950683594,0.578111421394743
FR003292,0.34486857056617737,0.8720644473371569
FR019394,0.6029026508331299,2.5152062569612124
FR000938,0.1902187615633011,0.38914283508653924
FR009189,0.4296543300151825,1.2479708563359888
FR003679,0.2332128882408142,0.5038498600071438
FR017401,0.26493966579437256,0.5971004462138868
FR007557,0.23606298863887787,0.5119101599304922
FR011277,0.2959796190261841,0.6964660870865005
FR016775,0.2442852258682251,0.5355039623517402
FR017111,0.5800368189811707,2.288061770131451
FR005156,0.24481810629367828,0.5370507962654676
FR006947,0.31680920720100403,0.7682086432018929
FR011819,0.29607003927230835,0.6967683427186813
FR002987,0.284647673368454,0.6591906575558779
FR005943,0.2935335040092468,0.6883186039384385
FR007088,0.2630504369735718,0.5913228497114884
FR009357,0.3624493181705475,0.9417941139777998
FR000032,0.3116036355495453,0.7498723622349007
FR007708,0.13237999379634857,0.25276456949335313
FR004430,0.23968404531478882,0.522237942029524
FR009284,0.262270450592041,0.5889461436467756
FR002513,0.19841767847537994,0.410067766519824
FR016818,0.22907401621341705,0.49225093048941526
FR008934,0.2695201635360718,0.611232486031391
FR004895,0.28933608531951904,0.6744686012715215
FR009855,0.33299821615219116,0.8270624639586381
FR005992,0.23545750975608826,0.5101927925009329
FR019279,0.2868700325489044,0.6664075290111515
FR011094,0.40909016132354736,1.1468885395576136
FR003477,0.5163120627403259,1.7683589075904154
FR006417,0.23668807744979858,0.5136860068537927
FR018533,0.38099804520606995,1.0196570497339361
FR012987,0.25227120518684387,0.5589165578710951
FR004078,0.3397616446018219,0.8525051262572756
FR013517,0.31845781207084656,0.7740741457623813
FR017867,0.33012518286705017,0.8164101634452658
FR016433,0.27530378103256226,0.6293316591544169
FR014427,0.24294912815093994,0.5316351412794479
FR000439,0.4052698612213135,1.128879949551597
FR001037,0.28384870290756226,0.6566070333454336
FR007588,0.25521424412727356,0.5676713117253293
FR016461,0.26440608501434326,0.5954656543742488
FR005418,0.2859575152397156,0.6634387916986453
FR002442,0.26548534631729126,0.5987747659627431
FR019407,0.2872084379196167,0.6675104119270234
FR005764,0.380287766456604,1.0165896517297204
FR003687,0.24758589267730713,0.5451203119355905
FR005150,0.6289689540863037,2.8082926149815153
FR001803,0.49446070194244385,1.6203180100306653
FR010142,0.5009145736694336,1.6626934206223993
FR018960,0.2699659466743469,0.6126173135506798
FR019682,0.2856910228729248,0.662573230036049
FR012923,0.31832513213157654,0.7736010395655044
FR009453,0.25344228744506836,0.5623919459640432
FR000713,0.25900721549987793,0.579056956319116
FR005230,0.7567634582519531,5.154122451949608
FR001769,0.25933513045310974,0.5800467596147897
FR017364,0.2982715964317322,0.7041517165708171
FR001139,0.2952355742454529,0.693981848702351
FR009979,0.27436646819114685,0.6263788551072786
FR018979,0.3474905490875244,0.8822254669066231
FR007430,0.3012850284576416,0.7143333086697151
FR003475,0.3619258403778076,0.9396623663414009
FR016351,0.39502936601638794,1.0817290354898141
FR013821,0.2715352177619934,0.6175057468443916
FR014900,0.2669438123703003,0.6032620338345256
FR005221,0.37328916788101196,0.9867373919215747
FR007736,0.3198033571243286,0.7788824774122113
FR019866,0.337395578622818,0.8435453911402822
FR002150,0.30587664246559143,0.730017136404031
FR018666,0.2598249912261963,0.5815270260755939
FR014399,0.2923089265823364,0.6842609560167355
FR003259,0.3359995186328888,0.8382887932513003
FR019897,0.32188311219215393,0.7863520636600533
FR015297,0.4901515245437622,1.5926217118295003
FR008174,0.7961747050285339,6.4710342051027405
FR009612,0.3287797272205353,0.8114529905262335
FR001573,0.28783902525901794,0.6695683292594673
FR005607,0.23549725115299225,0.5103054307393096
FR017886,0.37834590673446655,1.0082393458204884
FR000250,0.39049088954925537,1.061338952579221
FR010161,0.263359010219574,0.5922644964825168
FR013032,0.26943331956863403,0.6109629015046638
FR008319,0.3728693723678589,0.9849679513566996
FR008718,0.4026585519313812,1.1167029829433417
FR013162,0.4469760060310364,1.3389477674614951
FR016968,0.2641947567462921,0.5948188395172763
FR011441,0.20108430087566376,0.4169659673881133
FR019532,0.33372962474823,0.8297889668378352
FR007782,0.300459086894989,0.7115339435196496
FR019328,0.35936060547828674,0.929266379026427
FR009747,0.2620849609375,0.5883816753552715
FR007995,0.25639280676841736,0.5711966526723562
FR014219,0.7842827439308167,6.022976539136269
FR001545,0.27247849106788635,0.6204542835965527
FR000127,0.33982905745506287,0.8527613438538727
FR000464,0.22892063856124878,0.4918234919057639
FR009848,0.22014449536800385,0.46764585345370135
FR012658,0.18797560036182404,0.3834915515884919
FR010661,0.23191387951374054,0.5001960097409214
FR009119,0.30511048436164856,0.7273857211923884
FR002132,0.8366503715515137,8.484949396727174
FR003604,0.30404189229011536,0.7237252542499796
FR019976,0.2708187997341156,0.6152714242287725
FR007006,0.26217880845069885,0.5886672296405675
FR006773,0.35178202390670776,0.8990337011165569
FR004282,0.2740458846092224,0.6253706749133524
FR001337,0.43971386551856995,1.3001207351132202
FR014416,0.3648565709590912,0.9516423528458449
FR016047,0.32866352796554565,0.8110258001739596
FR019064,0.3125954270362854,0.753344466756524
FR005339,0.24373342096805573,0.5339044922332862
FR013099,0.31843045353889465,0.7739765764447917
FR013222,0.283684104681015,0.6560754893951388
FR011913,0.30333375930786133,0.7213057278923134
FR000821,0.6477757692337036,3.046694220179263
FR000163,0.5687394142150879,2.184725899412384
FR007709,0.29283201694488525,0.6859925011279147
FR017554,0.3529776930809021,0.9037564418845555
FR006700,0.32835617661476135,0.8098965783622222
FR007012,0.3518278896808624,0.8992145437059363
FR015439,0.27898818254470825,0.6410129805422968
FR017205,0.2539639472961426,0.5639435739721262
FR019975,0.2814522385597229,0.6488920685597678
FR003833,0.34370157122612,0.8675680548826803
FR003363,0.5088949799537659,1.7166319547315503
FR004726,0.2372080683708191,0.5151654934117641
FR016693,0.2856414318084717,0.6624122305597577
FR012408,0.44302862882614136,1.31771751390069
FR009473,0.30290940403938293,0.7198581597793178
FR002501,0.2963363230228424,0.6976589238326777
FR017393,0.30211153626441956,0.7171412258290883
FR005705,0.8672449588775635,10.822165265555014
FR017285,0.3697080612182617,0.9717187140619867
FR004677,0.5902166962623596,2.386055991339998
FR004621,0.3163430392742157,0.7665552142252863
FR019161,0.2252868413925171,0.48174619463843543
FR012587,0.2779639959335327,0.6377538537498784
FR002340,0.3741626441478729,0.9904267076647704
FR008998,0.2229812890291214,0.47540127713049884
FR001055,0.3236778974533081,0.7928350895048746
FR012731,0.34768038988113403,0.8829643329352352
FR010227,0.24746792018413544,0.5447751505458212
FR004715,0.25415149331092834,0.5645019423300404
FR019826,0.2572213113307953,0.5736815891229685
FR006729,0.5298689007759094,1.8671226571318456
FR016677,0.2773743271827698,0.6358816234408192
FR013826,0.21527226269245148,0.45445665892596565
FR012882,0.24870939552783966,0.5484128642992504
FR006259,0.5620584487915039,2.1261246733295835
FR010955,0.21852394938468933,0.46324076185960855
FR001691,0.32884299755096436,0.811685657269663
FR007866,0.24714615941047668,0.543834299638039
FR012631,0.40369540452957153,1.1215252317341768
FR004800,0.2956860363483429,0.6954852377647187
FR009034,0.3005557954311371,0.7118613761924371
FR017892,0.23537461459636688,0.5099578821072057
FR017585,0.22209690511226654,0.4729774186525028
FR017881,0.36525434255599976,0.9532768554633423
FR000175,0.3480633497238159,0.8844561336267542
FR007354,0.27078568935394287,0.6151682676522959
FR015672,0.31018269062042236,0.7449152586977287
FR018195,0.22136250138282776,0.47096880015234205
FR014730,0.42657554149627686,1.232375730056532
FR017745,0.2430770993232727,0.532005104744918
FR017097,0.2653740644454956,0.5984331162184189
FR010459,0.32153651118278503,0.7851040418328652
FR019563,0.2693488597869873,0.6107007795329277
FR014317,0.24707120656967163,0.5436152477901668
FR008327,0.32753950357437134,0.8069011025554843
FR014154,0.2604437470436096,0.5833995917730379
FR005154,0.45522749423980713,1.3843206663502143
FR006345,0.263157457113266,0.591649344651108
FR009869,0.2032182365655899,0.4225194368168275
FR009285,0.2939721941947937,0.6897756320866087
FR012547,0.436104416847229,1.281194871693682
FR019684,0.3006792366504669,0.7122794511007924
FR010501,0.38638079166412354,1.0431337122346533
FR002771,0.35279393196105957,0.9030294740527264
FR019524,0.2449919879436493,0.5375560086903662
FR006828,0.5245428681373596,1.8276499533192627
FR006740,0.265007883310318,0.5973096230701544
FR006143,0.7584382891654968,5.201343698859545
FR017423,0.7409805059432983,4.739120277131928
FR002269,0.24603503942489624,0.5405914820100121
FR007101,0.2891189455986023,0.6737565660603207
FR006774,0.2519594430923462,0.5579931842586864
FR004794,0.2843477129936218,0.6582200018106695
FR006680,0.2209998071193695,0.4699782163882124
FR017824,0.3567245900630951,0.9186699202308992
FR018546,0.4075053334236145,1.1393896002100123
FR019411,0.316216379404068,0.7661063598072025
FR019034,0.23501667380332947,0.508944124996168
FR003035,0.3169715702533722,0.7687850509646527
FR019001,0.4089389145374298,1.1461711484878268
FR001541,0.40762779116630554,1.139967603789885
FR006335,0.24625836312770844,0.5412424873481679
FR013858,0.23946772515773773,0.521618203302267
FR002582,0.2846345901489258,0.6591483039786578
FR004443,0.25768938660621643,0.5750879409962951
FR008104,0.33622580766677856,0.83913933992486
FR005849,0.48442307114601135,1.5565201339881167
FR008297,0.28479719161987305,0.6596747946995464
FR017659,0.5515487194061279,2.037473699233233
FR006136,0.29863327741622925,0.7053691209609995
FR006498,0.2439679056406021,0.5345838878151898
FR015387,0.27942174673080444,0.6423954427441042
FR011201,0.3812296986579895,1.0206589873779186
FR017916,0.24341100454330444,0.5329710109202047
FR001357,0.2572685778141022,0.573823522801375
FR013534,0.29998281598091125,0.7099227205727785
FR018759,0.6305292844772339,2.827148620407411
FR015426,0.27188947796821594,0.618612217505269
FR001925,0.4903405010700226,1.59382649810887
FR006842,0.27633950114250183,0.6326033702389777
FR013907,0.2804081439971924,0.645546874221714
FR011826,0.7685401439666748,5.50065336722755
FR016147,0.30695536732673645,0.7337319431363893
FR008484,0.828697144985199,8.014097849712412
FR012458,0.2660645842552185,0.6005547745141672
FR017155,0.4508986175060272,1.3603471963126341
FR012820,0.3592155873775482,0.9286811578504512
FR011542,0.34422311186790466,0.8695755480939813
FR009500,0.3209323585033417,0.7829316878840198
FR011866,0.29240334033966064,0.6845732971552029
FR009464,0.1979445070028305,0.40884852595210736
FR010206,0.3472853899002075,0.8814274644485164
FR003099,0.3003849983215332,0.7112831580333032
FR003126,0.41217535734176636,1.1616027563993243
FR007391,0.302575021982193,0.718718750785394
FR003949,0.3123946785926819,0.7526408698194877
FR013091,0.25394392013549805,0.5638839650194672
FR004806,0.2571771740913391,0.573549068371189
FR015633,0.3413851857185364,0.8586903362040793
FR012125,0.4959561228752136,1.6300401885254605
FR015652,0.24227188527584076,0.52967931904732
FR019599,0.6452643275260925,3.013395893581492
FR009990,0.41514429450035095,1.17590907475497
FR008576,0.24491439759731293,0.5373305415067591
FR005196,0.5646873712539673,2.148969283822845
FR019359,0.507461428642273,1.7068139774722078
FR013078,0.2513236105442047,0.5561123658243887
FR007326,0.2635362148284912,0.5928056134295963
FR008759,0.26845112442970276,0.6079183875326102
FR008418,0.32964077591896057,0.8146231306526929
FR004490,0.31013432145118713,0.744746877575068
FR017597,0.2775844931602478,0.6365485612904623
FR018451,0.2553006112575531,0.5679292759788681
FR016718,0.26909583806991577,0.6099158860976723
FR007071,0.26704180240631104,0.6035641603530076
FR010076,0.3200789988040924,0.7798698369988938
FR000600,0.6860775351524353,3.620547108697667
FR017258,0.39434322714805603,1.0786268015203118
FR008594,0.3015091121196747,0.7150939375279464
FR012627,0.31790482997894287,0.7721035536143033
FR003608,0.2701270580291748,0.6131182229332821
FR001869,0.257649689912796,0.5749686017836492
FR006353,0.38407254219055176,1.0330161092595946
FR007261,0.412640243768692,1.1638333388978155
FR002627,0.29351890087127686,0.6882701334417632
FR010426,0.29400351643562317,0.689879732362478
FR017863,0.2953150272369385,0.6942468784775762
FR006089,0.22160357236862183,0.4716277193998726
FR015384,0.21882350742816925,0.4640536663934988
FR004310,0.25744378566741943,0.5743498015498367
FR005270,0.2441650629043579,0.5351554572373002
FR007940,0.3271856904029846,0.8056056085755846
FR018814,0.2988170087337494,0.7059880346088787
FR005815,0.3210684657096863,0.7834207516663395
FR002233,0.7941190004348755,6.389880237353892
FR003169,0.3546605706214905,0.9104332432967381
FR004402,0.30290818214416504,0.7198539941736533
FR014193,0.5091966986656189,1.7187056445502442
FR017148,0.23791292309761047,0.5171741806850791
FR005858,0.19262230396270752,0.3952330234993846
FR019554,0.577530562877655,2.264660343506024
FR002484,0.26535865664482117,0.5983858204344651
FR013947,0.2609494626522064,0.5849323879441685
FR011701,0.29165250062942505,0.6820916587956766
FR012452,0.25320982933044434,0.5617012194439215
FR010827,0.30985701084136963,0.7437819687784432
FR018164,0.24865779280662537,0.5482614209312109
FR005072,0.5702660083770752,2.198371967084261
FR003932,0.3360057473182678,0.8383121970890867
FR010434,0.4616546332836151,1.4206255403793033
FR010226,0.32041043043136597,0.7810580989420752
FR003222,0.4360165596008301,1.2807372190857624
FR014856,0.295784592628479,0.695814419614378
FR003997,0.5681551694869995,2.179528923451986
FR018265,0.29199862480163574,0.6832349973883097
FR000788,0.24969816207885742,0.5513187143350147
FR010627,0.24646250903606415,0.5418379255685088
FR005252,0.2998099625110626,0.7093384999641182
FR004594,0.31674158573150635,0.7679686599079458
FR007888,0.3283987045288086,0.8100527660984788
FR017635,0.24834057688713074,0.5473309142818751
FR006624,0.26430946588516235,0.5951698849866836
FR015647,0.26002609729766846,0.5821352979849399
FR011806,0.2795639634132385,0.6428492770934202
FR000900,0.27378278970718384,0.6245439517161493
FR009286,0.33938154578208923,0.8510614544727437
FR013076,0.3333209156990051,0.8282646672957273
FR002801,0.3455950617790222,0.8748716822873663
FR003466,0.23982663452625275,0.5226466407835482
FR012583,0.21463990211486816,0.45275684903893054
FR006316,0.3162807822227478,0.7663345682954481
FR001666,0.18978993594646454,0.38806005869929067
FR002702,0.3434833884239197,0.8667291806961525
FR014384,0.29181089997291565,0.6826147545238066
FR017778,0.29074111580848694,0.6790864542236836
FR009636,0.30988937616348267,0.7438945447073667
FR004770,0.25155237317085266,0.5567886868994445
FR011537,0.292052686214447,0.6834136773089662
FR015224,0.25565168261528015,0.5689784839703267
FR009298,0.33810991048812866,0.846243647536177
FR019785,0.2978760898113251,0.7028218920446876
FR009311,0.290481835603714,0.6782329130858308
FR011005,0.3763713240623474,0.9998016503613281
FR001735,0.3068862557411194,0.7334935967669541
FR011547,0.15476901829242706,0.30334163238963896
FR010308,0.346025288105011,0.8765370604205107
FR006663,0.2946574091911316,0.6920550730276933
FR005810,0.3430393636226654,0.86502370490086
FR018417,0.3237336575984955,0.7930370544246332
FR011728,0.25274306535720825,0.5603155738019233
FR008251,0.483536958694458,1.5510072416016207
FR005641,0.33724841475486755,0.8429902294509822
FR011835,0.23211196064949036,0.5007523733252364
FR009724,0.313181608915329,0.7554013112351803
FR017294,0.3080780506134033,0.7376104301761313
FR004069,0.25655514001846313,0.5716831030417866
FR012871,0.3762184679508209,0.9991507003825316
FR005973,0.2793934941291809,0.6423053058653928
FR001547,0.25477081537246704,0.566347805358102
FR005600,0.287209689617157,0.667514493226475
FR005035,0.32470375299453735,0.7965561068224709
FR014692,0.2515345513820648,0.5567359831492291
FR002974,0.714686930179596,4.149708331488916
FR012124,0.28661638498306274,0.6655815628008052
FR003029,0.570335865020752,2.1989987285737422
FR002744,0.33919572830200195,0.8503562964971465
FR016533,0.26617321372032166,0.6008889077180732
FR013841,0.7687987685203552,5.508659583763245
FR001181,0.7219418287277222,4.301203022694759
FR018134,0.1992250680923462,0.41215152778012787
FR012888,0.3017244040966034,0.7158251837510633
FR011513,0.3391309678554535,0.8501106305333267
FR003575,0.27736181020736694,0.6358419144818033
FR015483,0.22430625557899475,0.4790429970987778
FR004678,0.32902103662490845,0.8123406035740551
FR018080,0.3115149140357971,0.7495622497597517
FR008967,0.2599933445453644,0.5820362104165248
FR015960,0.2571324110031128,0.573414684610924
FR002707,0.22096692025661469,0.4698884420152025
FR005155,0.252727746963501,0.5602701286231832
FR013619,0.2997542917728424,0.7091504020425865
FR008983,0.3294542133808136,0.8139355687363908
FR006660,0.23528271913528442,0.5096975259554846
FR001872,0.23323312401771545,0.5039068771084088
FR006880,0.672339916229248,3.399294229637559
FR017517,0.7141813635826111,4.1394378793769215
FR007681,0.7929699420928955,6.345220536716435
FR004351,0.34756991267204285,0.8825343000395526
FR012629,0.2540249824523926,0.5641252590925565
FR010090,0.2743006646633148,0.6261718416835836
FR000021,0.25666072964668274,0.5719996286265625
FR016515,0.12657660245895386,0.24007780503270496
FR014056,0.250445157289505,0.5535191151238339
FR011554,0.6053184270858765,2.540741280871668
FR011114,0.26017287373542786,0.5825794514843523
FR016445,0.2284209281206131,0.490432058889353
FR016086,0.6928515434265137,3.736932478018312
FR000234,0.18047688901424408,0.36482432706068757
FR016634,0.6547603607177734,3.1418476672600812
FR004484,0.2521474063396454,0.5585497996224676
FR013079,0.25452420115470886,0.5656124147031932
FR007038,0.2994931936264038,0.7082686136597486
FR015302,0.4093981087207794,1.1483503258419148
FR007329,0.2974095642566681,0.7012552028762139
FR016498,0.5625243782997131,2.1301534538260274
FR013801,0.2675539255142212,0.6051444726134797
FR013981,0.37365952134132385,0.9883004032475003
FR003262,0.22793366014957428,0.4890770061249394
FR003395,0.2638665735721588,0.5938151016852502
FR005388,0.3096406161785126,0.7430295569203491
FR002095,0.27160531282424927,0.6177245912731858
FR010269,0.2854497730731964,0.6617902124950951
FR019300,0.6479942202568054,3.0496130478758157
FR011219,0.2655389606952667,0.5989394059954579
FR016613,0.31759247183799744,0.77099185402506
FR013811,0.2715616524219513,0.6175882737889797
FR002965,0.4038161337375641,1.1220878157327443
FR007641,0.34373122453689575,0.8676821096603891
FR008300,0.27001041173934937,0.6127555372608937
FR010505,0.32995593547821045,0.8157854967374097
FR015682,0.32284805178642273,0.7898332945938455
FR000677,0.3702142834663391,0.9738313762919679
FR001312,0.23132392764091492,0.4985406716691251
FR007920,0.39090096950531006,1.0631688377255648
FR001532,0.25807109475135803,0.5762361127676556
FR015574,0.36240291595458984,0.9416050098174715
FR013972,0.26892146468162537,0.6093752822431961
FR004456,0.40805932879447937,1.1420063783863936
FR010282,0.33151525259017944,0.8215526697094203
FR010469,0.25336945056915283,0.5621754720512687
FR011045,0.29983001947402954,0.7094062749066605
FR010900,0.28746873140335083,0.6683594364173014
FR001528,0.2410513460636139,0.5261633152196292
FR000510,0.43671077489852905,1.2843573125423637
FR011586,0.5516449213027954,2.038266327710908
FR018492,0.24538534879684448,0.538699776167389
FR019005,0.3507119119167328,0.8948216452429103
FR010182,0.4699382185935974,1.4687154850200905
FR017611,0.2644050121307373,0.5954623696484688
FR013864,0.25531601905822754,0.5679753028064162
FR017065,0.47584205865859985,1.5039176457385224
FR001720,0.3721354901790619,0.9818803174571803
FR007283,0.26074105501174927,0.5843004618185907
FR009807,0.5731919407844543,2.2247994237679203
FR016044,0.29331302642822266,0.6875870115501067
FR003093,0.34822437167167664,0.8850839099925365
FR006487,0.30664825439453125,0.7326731608031758
FR018152,0.2841755747795105,0.6576633391186076
FR015181,0.30913254618644714,0.7412648321646912
FR007672,0.23471307754516602,0.5080850253253563
FR015007,0.22666385769844055,0.4855538115059129
FR015786,0.2123470902442932,0.44661657000966115
FR010579,0.250094473361969,0.5524855703566552
FR013257,0.30447283387184143,0.7252000932200667
FR009732,0.3063867390155792,0.7317723167169932
FR018029,0.290447473526001,0.6781198411712452
FR008957,0.3075173795223236,0.7356719311939048
FR012183,0.7211520671844482,4.2843290908674065
FR019991,0.26668640971183777,0.6024687850238184
FR010495,0.2745954096317291,0.6270993819546978
FR011726,0.34423527121543884,0.8696223894555389
FR000846,0.26326632499694824,0.5919815739777567
FR002795,0.33011892437934875,0.8163870586863144
FR009309,0.26577678322792053,0.5996700057517785
FR015072,0.34136489033699036,0.8586128286116812
FR001214,0.277750700712204,0.6370762769277108
FR008796,0.3462643623352051,0.8774634486949833
FR013225,0.28276440501213074,0.6531099547205602
FR001299,0.32259446382522583,0.7889174597610937
FR006411,0.30465424060821533,0.7258214798457454
FR015590,0.2775406837463379,0.6364095050809122
FR010844,0.3087705671787262,0.7400091207899891
FR005588,0.25349047780036926,0.5625351927179816
FR007235,0.4971989691257477,1.6381643080228963
FR014857,0.26612505316734314,0.6007407585415571
FR010903,0.31303390860557556,0.7548827171146549
FR010070,0.31738558411598206,0.7702560894871177
FR001400,0.4156201183795929,1.1782154270451377
FR009692,0.248057559132576,0.5465013856586376
FR005999,0.2706690728664398,0.6148050193924375
FR003437,0.3269110321998596,0.8046008810928976
FR003923,0.25860998034477234,0.5778590844632331
FR014670,0.24531450867652893,0.538493707740567
FR008447,0.2514156103134155,0.5563843071645205
FR019139,0.2298511266708374,0.4944192275668326
FR015111,0.39699238538742065,1.0906434103804592
FR007444,0.7289602160453796,4.45547676913541
FR001304,0.23370903730392456,0.5052486968637508
FR001020,0.3228316903114319,0.7897741843032834
FR017698,0.21084651350975037,0.44261725837375177
FR009904,0.2316000610589981,0.4993151543028921
FR013944,0.2762377858161926,0.6322816495257602
FR000993,0.26196882128715515,0.5880283922715348
FR011061,0.2791160047054291,0.6414203812577864
FR001355,0.2604372501373291,0.5833799136460286
FR003333,0.6482521891593933,3.0530645612282674
FR001556,0.37554946541786194,0.9963054492364657
FR017697,0.26558917760849,0.599093634831842
FR009395,0.27279040217399597,0.6214309557340483
FR012966,0.228736013174057,0.4913091964507403
FR013873,0.24017977714538574,0.5236595022190437
FR007241,0.4808430075645447,1.5343625728663683
FR002750,0.2347097247838974,0.5080755416747926
FR013579,0.2651224434375763,0.5976609886551384
FR012252,0.29913079738616943,0.707045807137636
FR004935,0.5625814199447632,2.1306472689168467
FR006052,0.3083578050136566,0.7385788456885481
FR010633,0.3368037939071655,0.8413144362914086
FR012504,0.2586500644683838,0.5779799008386711
FR010978,0.18149293959140778,0.36733364152961395
FR013043,0.2285962998867035,0.4909201725000061
FR004192,0.17517514526844025,0.35183103539322147
FR012247,0.24860592186450958,0.5481092113535222
FR004722,0.3033909797668457,0.7215010542612903
FR014958,0.2382790446281433,0.5182190167814426
FR008685,0.2999453544616699,0.7097960813774705
FR003042,0.3703468441963196,0.9743851649989383
FR017332,0.35321637988090515,0.9047013150927284
FR010892,0.28150102496147156,0.6490486139896178
FR018587,0.21848203241825104,0.4631270623467408
FR000588,0.28699955344200134,0.6668295215194094
FR012176,0.4965234100818634,1.633743402130441
FR017237,0.32268792390823364,0.7892549117569875
FR008094,0.2654787302017212,0.5987544507375246
FR014500,0.3281831443309784,0.8092613050397903
FR009554,0.25518104434013367,0.567572165401606
FR006310,0.2735626697540283,0.6238527288117693
FR017288,0.27649959921836853,0.6331099360421313
FR009482,0.3172503113746643,0.7697752537658145
FR013594,0.3072320818901062,0.7346867300192276
FR005370,0.3006243407726288,0.7120935096576279
FR006456,0.28372156620025635,0.6561964439762171
FR005413,0.5349885821342468,1.9059183697685325
FR016507,0.3246133029460907,0.7962275690072022
FR002599,0.33155006170272827,0.8216817191007117
FR000204,0.28250256180763245,0.6522670421759548
FR009527,0.3094019293785095,0.7422001814085212
FR017307,0.2608132064342499,0.5845191964304673
FR002200,0.19001339375972748,0.38862414229850695
FR011639,0.31132879853248596,0.748911971116111
FR007504,0.7093783020973206,4.043647263218303
FR000426,0.2609158158302307,0.5848303411410849
FR007637,0.17688632011413574,0.35600641752128703
FR018022,0.2689100503921509,0.6093399039045334
FR012062,0.25406211614608765,0.5642358105831123
FR017284,0.29564169049263,0.6953371509138724
FR006617,0.2550383508205414,0.5671461326248256
FR017414,0.4214372932910919,1.2067183782518487
FR015290,0.2737204432487488,0.62434812820594
FR004978,0.374421089887619,0.9915202842311841
FR006905,0.7464377880096436,4.876772369812273
FR012114,0.3467666804790497,0.8794120894219405
FR017934,0.2991303503513336,0.707044299522336
FR000823,0.22341623902320862,0.47659538331266543
FR008172,0.2524009943008423,0.5593011929117807
FR001481,0.2349090874195099,0.5086396050833931
FR004332,0.26235681772232056,0.5892090665243506
FR007013,0.34193187952041626,0.8607799460311242
FR000837,0.5972948670387268,2.457112360364746
FR006582,0.2952294945716858,0.6939615713157959
FR005365,0.2736649513244629,0.6241738623261
FR010379,0.305284708738327,0.7279835952390529
FR016224,0.33453381061553955,0.8327936822004074
FR003268,0.6114247441291809,2.6067012975336707
FR004165,0.30205637216567993,0.716953608235852
FR011440,0.28638163208961487,0.664817647510112
FR009467,0.5376851558685303,1.9266978291587236
FR009306,0.3253239095211029,0.7988110471940101
FR005003,0.29588785767555237,0.6961594277928702
FR008864,0.26091161370277405,0.5848175972417137
FR012429,0.3893112242221832,1.056088677300195
FR006500,0.3314155638217926,0.8211831633947119
FR012598,0.4894201159477234,1.587967151817743
FR000126,0.24053141474723816,0.5246689829795035
FR013071,0.3168885409832001,0.768490253144079
FR006772,0.3370935618877411,0.8424063278876711
FR019498,0.2587076425552368,0.5781534681168159
FR017699,0.259011834859848,0.5790708936610581
FR011628,0.27711623907089233,0.6350631406655729
FR011182,0.4223984181880951,1.2114829559821723
FR012840,0.7692427039146423,5.522444292270125
FR014960,0.44197818636894226,1.3121184990769243
FR002142,0.28886523842811584,0.6729251712815709
FR014517,0.3097638487815857,0.7434579831849754
FR011986,0.3193223476409912,0.7771613973972774
FR001498,0.5100445747375488,1.724546705421576
FR016182,0.253841370344162,0.5635787853908192
FR007560,0.3200836181640625,0.7798863905527068
FR012899,0.2089439034461975,0.43756826934097315
FR012180,0.3100329339504242,0.7443940074293222
FR005795,0.31402450799942017,0.7583651083132009
FR008736,0.37041303515434265,0.9746617731375677
FR005019,0.8211578726768494,7.606418793714891
FR003881,0.28379184007644653,0.6564233761997225
FR014458,0.292495459318161,0.6848781270156259
FR011889,0.3265465199947357,0.8032687241269459
FR017142,0.3938010334968567,1.076180353135474
FR001327,0.26204341650009155,0.5882552893147339
FR009913,0.23389175534248352,0.5057643064509489
FR004066,0.42431604862213135,1.2210367487429725
FR012446,0.2751166820526123,0.6287416337403153
FR002109,0.26286014914512634,0.5907425574845513
FR009611,0.26221954822540283,0.5887912131009896
FR001663,0.27008482813835144,0.6129869051015043
FR000672,0.33253464102745056,0.8253374691328599
FR015703,0.30735835433006287,0.7351226789370745
FR007573,0.25671902298927307,0.5721744128636329
FR013339,0.27186641097068787,0.6185401389462746
FR013268,0.25672948360443115,0.5722057804209628
FR015237,0.26482102274894714,0.5967367409238465
FR015432,0.3130200505256653,0.7548340711188486
FR004392,0.35350504517555237,0.905844966897216
FR002362,0.5059157013893127,1.6962915736639268
FR002386,0.5047855973243713,1.688640057209963
FR010342,0.4109141230583191,1.1555689306040244
FR004801,0.2524522840976715,0.5594532290199826
FR001723,0.30865955352783203,0.7396242760130823
FR006932,0.28953513503074646,0.6751216988626396
FR013309,0.2626706659793854,0.5901650167397914
FR012527,0.2851530611515045,0.6608279078716514
FR018912,0.22648872435092926,0.485068794136684
FR017021,0.2946544289588928,0.6920451493773121
FR015304,0.2630075216293335,0.5911919510581668
FR015492,0.28375256061553955,0.6562965273390395
FR017956,0.23493057489395142,0.5087004178669199
FR002799,0.2931770086288452,0.6871359026560221
FR013117,0.35025694966316223,0.8930350766811652
FR000542,0.25527331233024597,0.5678477321562094
FR003024,0.2481505423784256,0.5467738518450355
FR011807,0.6360182762145996,2.894765694978695
FR008088,0.23974718153476715,0.5224188883820912
FR007233,0.32561734318733215,0.7998794416518455
FR019281,0.25040990114212036,0.5534151635673448
FR001862,0.28674793243408203,0.6660098545095499
FR014551,0.26791897416114807,0.6062722914289438
FR013192,0.25939300656318665,0.5802215482448164
FR001656,0.37228891253471375,0.9825252084496544
FR009266,0.23701432347297668,0.514614011594531
FR006102,0.26572319865226746,0.5995053506185883
FR014945,0.3958290219306946,1.0853534044243693
FR017343,0.3195354640483856,0.7779236401390076
FR008145,0.23135687410831451,0.4986330487309144
FR015039,0.3168882429599762,0.7684891951330937
FR016088,0.2515581250190735,0.5568056971739813
FR018460,0.23261959850788116,0.5021795206118662
FR003885,0.6668646335601807,3.316197168290778
FR005655,0.4833757281303406,1.550006189415811
FR005793,0.2808562219142914,0.6469812897340412
FR006733,0.3066099286079407,0.7325410971689719
FR008844,0.24319078028202057,0.5323338602756301
FR009673,0.24537868797779083,0.5386803987124429
FR017861,0.314928263425827,0.7615509901711223
FR008476,0.24474070966243744,0.5368259954861796
FR017161,0.27527570724487305,0.6292431077209462
FR001444,0.6477445363998413,3.0462771992774385
FR008651,0.3137894570827484,0.7575378914818456
FR012866,0.3658576011657715,0.9557596478141936
FR000941,0.2549845576286316,0.5669855673882619
FR001955,0.20430640876293182,0.42536282254489194
FR009871,0.2810342013835907,0.6475515450572509
FR001991,0.23471084237098694,0.5080787028824141
FR010528,0.6544169783592224,3.1370797542100326
FR008230,0.3444555699825287,0.8704713456478199
FR006902,0.2463996708393097,0.541654609232288
FR008881,0.21979066729545593,0.4666824894760752
FR004220,0.2816463112831116,0.6495149335668808
FR006887,0.2535809278488159,0.5628041071581164
FR005723,0.29602551460266113,0.6966194965240362
FR015661,0.30401095747947693,0.7236194543248511
FR013469,0.27722373604774475,0.6354039781092848
FR000945,0.2696785032749176,0.6117241756139122
FR009165,0.32446587085723877,0.795692246355364
FR015418,0.2607336938381195,0.584278148048185
FR008414,0.3716159760951996,0.9796989458561921
FR007160,0.2698992192745209,0.6124099169329025
FR006644,0.2535897195339203,0.5628302489398037
FR019849,0.3625822961330414,0.942336195042796
FR009534,0.2641555666923523,0.5946989309059175
FR014943,0.21825826168060303,0.4625202918923325
FR005516,0.513765275478363,1.7504196345128415
FR016989,0.27998101711273193,0.6441811905369199
FR001273,0.7423182725906372,4.772324069502803
FR014487,0.5314156413078308,1.8787541135291288
FR007174,0.32848235964775085,0.8103600550667872
FR012994,0.32373133301734924,0.7930286340566536
FR002419,0.8179945945739746,7.445425916959423
FR006496,0.3119310736656189,0.7510175642904854
FR000478,0.31365472078323364,0.7570639682727739
FR002090,0.22586262226104736,0.48333665064324643
FR015773,0.28604280948638916,0.6637159621395226
FR003043,0.2568920850753784,0.5726934762894477
FR016203,0.3934694528579712,1.0746863734462695
FR004583,0.3475744128227234,0.8825518140453538
FR015923,0.2146279513835907,0.452724751361553
FR010499,0.25946831703186035,0.5804490303804224
FR019691,0.2732149660587311,0.6227617192012642
FR014657,0.4645579159259796,1.4373110407476264
FR010837,0.28087544441223145,0.6470428660038249
FR006111,0.23252879083156586,0.501924089869139
FR007387,0.2827000319957733,0.6529026712780064
FR012534,0.3321319818496704,0.8238410900680732
FR004260,0.45921584963798523,1.4067480243029356
FR019947,0.23849360644817352,0.5188317993268734
FR000621,0.3358260989189148,0.8376373573867261
FR017481,0.2897644639015198,0.6758745985700744
FR004463,0.2556943893432617,0.5691061843517246
FR002434,0.27479857206344604,0.6277391578182173
FR004580,0.2737707793712616,0.6245062259300735
FR000149,0.45573487877845764,1.3871555480703044
FR007981,0.2907947599887848,0.679263126861185
FR014810,0.31987088918685913,0.7791243059585158
FR014547,0.4198271334171295,1.1987717197759657
FR009811,0.27218353748321533,0.6195314798147752
FR017598,0.21504761278629303,0.4538524775657438
FR001064,0.25405147671699524,0.5642041345928271
FR007453,0.2589110732078552,0.5787669192101124
FR004799,0.3482503294944763,0.8851851408056997
FR012035,0.31464263796806335,0.7605432068188678
FR006154,0.31915736198425293,0.7765716291984438
FR011787,0.2612902522087097,0.5859664859715139
FR000470,0.23201873898506165,0.5004904997208645
FR002929,0.2957022786140442,0.6955394812302186
FR016629,0.24868851900100708,0.5483515934832601
FR019569,0.2378503531217575,0.5169957191859832
FR012327,0.2594851553440094,0.5804998983663401
FR006584,0.24671140313148499,0.5425643187103032
FR005619,0.4948312044143677,1.6227213935116735
FR017244,0.39888796210289,1.0993067740007447
FR004444,0.509774923324585,1.722686872181023
FR015827,0.35759738087654114,0.922168802363494
FR009486,0.1716519445180893,0.3432885116851186
FR011021,0.47056564688682556,1.4724192966298166
FR012113,0.27316874265670776,0.6226167600178111
FR014171,0.3129550814628601,0.7546060364875441
FR006604,0.38505154848098755,1.0372980495219135
FR015709,0.21442368626594543,0.45217628021349954
FR009153,0.30134451389312744,0.71453517826945
FR005062,0.25396862626075745,0.5639575009297065
FR015011,0.43571868538856506,1.2791866387063993
FR015394,0.25655266642570496,0.5716756890409838
FR012448,0.3774280548095703,1.0043105661084106
FR015445,0.6040751338005066,2.5275606147672844
FR000229,0.2843809425830841,0.6583274909075534
FR008014,0.31995058059692383,0.7794097382292884
FR013069,0.23857228457927704,0.5190565884016604
FR000986,0.41951677203178406,1.197245053925807
FR000254,0.21623316407203674,0.4570448499674547
FR002366,0.3463923931121826,0.8779598335491252
FR015427,0.29746314883232117,0.7014350451777173
FR008204,0.314299613237381,0.759334009001422
FR009965,0.24814194440841675,0.5467486546279757
FR009114,0.26883774995803833,0.6091158359601444
FR002332,0.23626770079135895,0.5124914170895211
FR005739,0.23950962722301483,0.5217382215989155
FR016768,0.24384532868862152,0.534228680954355
FR018355,0.249356210231781,0.550312898550074
FR016937,0.30658090114593506,0.7324410835720703
FR005188,0.4352404773235321,1.2767007535356982
FR005949,0.28749704360961914,0.668451822491892
FR012017,0.2785598337650299,0.6396487799544596
FR015692,0.2724733352661133,0.6204381465200528
FR019370,0.30263373255729675,0.7189187283616127
FR014794,0.29145029187202454,0.6814242273395777
FR018770,0.2678699493408203,0.6061207637307657
FR004533,0.6929699778556824,3.7390129994277266
FR004026,0.2676088511943817,0.6053140938012739
FR006755,0.5053308010101318,1.6923270649208082
FR000037,0.2381366640329361,0.5178125723049346
FR019045,0.2504064738750458,0.5534050589079385
FR010743,0.37488096952438354,0.9934684358761912
FR012698,0.30162665247917175,0.7154931113131542
FR006583,0.2863597571849823,0.664746489431084
FR007470,0.6801989674568176,3.5235424335261762
FR015560,0.3244647681713104,0.7956882434075119
FR008192,0.5167322158813477,1.771336586825711
FR006172,0.30789804458618164,0.7369877238720688
FR009458,0.2537062168121338,0.5631767078555114
FR000815,0.25284284353256226,0.5606116319664971
FR010471,0.3055369257926941,0.7288496429774286
FR000123,0.46480441093444824,1.4387360133052411
FR007823,0.259868323802948,0.5816580632456084
FR015909,0.29958564043045044,0.7085807525633493
FR011129,0.2645181715488434,0.5958088697740386
FR011825,0.30985400080680847,0.7437714995463884
FR004530,0.25210806727409363,0.5584332817392851
FR005242,0.5984065532684326,2.468499950902873
FR015824,0.18636693060398102,0.37945795346945743
FR002057,0.22911839187145233,0.49237462995902453
FR002607,0.19486963748931885,0.40096029772060526
FR011836,0.38273343443870544,1.0271811664424448
FR019863,0.30093735456466675,0.7131541307602942
FR004521,0.24363312125205994,0.5336140125975701
FR014801,0.2975400388240814,0.7016931538093834
FR017063,0.20759211480617523,0.43399573739242236
FR000717,0.40245795249938965,1.115771956584039
FR015075,0.35514989495277405,0.9123811727975695
FR007704,0.25654369592666626,0.5716488025362824
FR004367,0.23687714338302612,0.5142237070248288
FR007831,0.24980619549751282,0.5516366740032189
FR015648,0.27152228355407715,0.6174653694392935
FR011912,0.6051709055900574,2.5391730041051632
FR018486,0.376913845539093,1.0021145998935295
FR011032,0.2254825085401535,0.4822864127626709
FR009194,0.2952111065387726,0.6939002442904878
FR013247,0.22961930930614471,0.4937719518855369
FR000063,0.7414181232452393,4.749944266315813
FR014417,0.6393892765045166,2.9373122082004532
FR004472,0.2809678316116333,0.647338859904797
FR014625,0.20742391049861908,0.4335520564671907
FR016041,0.31292930245399475,0.7545155668070994
FR015415,0.4713858366012573,1.4772742694745649
FR004878,0.23925445973873138,0.5210075611564262
FR010569,0.23649995028972626,0.5131512408588536
FR009002,0.25732940435409546,0.5740062017424039
FR007933,0.2658199667930603,0.5998027180624446
FR014045,0.2694462835788727,0.6110031408354244
FR015430,0.4035380184650421,1.1207921730349033
FR017204,0.18628719449043274,0.37925843701402523
FR017679,0.7851054072380066,6.052375714665912
FR016022,0.36803528666496277,0.9647616463488079
FR009525,0.29888778924942017,0.7062265509935707
FR000816,0.2503562867641449,0.553257102130186
FR011747,0.29558587074279785,0.6951507750866445
FR012703,0.2362884283065796,0.5125502879133256
FR015913,0.4993581771850586,1.65237432528102
FR012549,0.28100305795669556,0.6474517395460408
FR018536,0.3198147714138031,0.7789233479734283
FR015564,0.5843464732170105,2.3289617543950545
FR016037,0.17180782556533813,0.3436649317233629
FR004537,0.34763237833976746,0.8827774299596552
FR006466,0.3241117000579834,0.7944072144016064
FR014364,0.42281374335289,1.2135467544698049
FR014298,0.2828880250453949,0.6535081200547863
FR003438,0.2651868462562561,0.5978585656468376
FR008600,0.30382785201072693,0.7229934091564515
FR017840,0.30810168385505676,0.7376922102151972
FR004504,0.3180714249610901,0.7726968906425987
FR004951,0.3154350221157074,0.763341076090293
FR000872,0.36363551020622253,0.9466375966597023
FR013729,0.20949597656726837,0.4390308123145027
FR009696,0.22868941724300385,0.49117943698458866
FR001448,0.343327134847641,0.8661287559609651
FR004160,0.26345330476760864,0.5925524045378667
FR018070,0.3340696692466736,0.8310586046638891
FR009914,0.3557271957397461,0.9146831285654735
FR016480,0.2948280870914459,0.6926235404433525
FR008101,0.2754793167114258,0.6298854962218525
FR008272,0.27762553095817566,0.6366788353660211
FR004646,0.2838243246078491,0.6565282920668992
FR017833,0.3419766128063202,0.860951082283842
FR006877,0.25620704889297485,0.5706402682090301
FR015916,0.42153555154800415,1.2072047466463403
FR017633,0.3012283146381378,0.7141408768228186
FR001374,0.2776309549808502,0.6366960549787589
FR010674,0.25440070033073425,0.5652443245379728
FR019261,0.6164422035217285,2.662471382867757
FR018408,0.3109799027442932,0.7476938925133729
FR012970,0.1462588608264923,0.28380456482268873
FR013635,0.3411112427711487,0.8576445571691884
FR013675,0.6879582405090332,3.6523531081437772
FR017221,0.6228014230728149,2.7352873057046967
FR009508,0.3217658996582031,0.7859298684785355
FR012405,0.2582094371318817,0.5766525360936591
FR005603,0.27274179458618164,0.621278698044011
FR018956,0.3270931839942932,0.8052671191753644
FR002104,0.28354042768478394,0.655611706890878
FR003137,0.30519601702690125,0.7276792004054441
FR003989,0.2696593999862671,0.6116648432011802
FR015840,0.3320993185043335,0.8237197842787396
FR000563,0.27106788754463196,0.6160477666688203
FR019567,0.26785606145858765,0.6060778422476589
FR010560,0.37391647696495056,0.989385925603311
FR001923,0.2466534823179245,0.5423952349590802
FR007694,0.2754904627799988,0.6299206725265999
FR009033,0.3180138170719147,0.772491684244893
FR008562,0.2149096131324768,0.45348150788009695
FR014948,0.2461702823638916,0.5409856792523716
FR017450,0.4114331305027008,1.1580487643387023
FR009301,0.2145061492919922,0.45239766689834926
FR008244,0.32311707735061646,0.7908056325979638
FR000860,0.33854612708091736,0.8478942410661638
FR002639,0.262482613325119,0.5895921295758847
FR018471,0.47779616713523865,1.5157445162742718
FR000946,0.20870690047740936,0.43694103110453725
FR013588,0.3015992343425751,0.7153999857372578
FR018215,0.2204829752445221,0.4685682475327821
FR017315,0.36070796847343445,0.9347163612099789
FR009793,0.35880714654922485,0.9270343158460578
FR011301,0.2557121217250824,0.5691592114954422
FR013201,0.243138387799263,0.5321823334637543
FR012169,0.36575454473495483,0.955335170639925
FR012780,0.2594923675060272,0.5805216867776716
FR012163,0.5927311182022095,2.4110149274376687
FR004330,0.29418042302131653,0.6904678594225966
FR001428,0.2630907893180847,0.5914459447140018
FR013911,0.2751407027244568,0.6288173670140521
FR007166,0.29152393341064453,0.6816672522243741
FR006581,0.6693733334541321,3.3539294867670852
FR010783,0.28433921933174133,0.6581925286208785
FR009630,0.6001344919204712,2.486325838240332
FR017713,0.24429455399513245,0.5355310210799585
FR009881,0.2539386749267578,0.5638683536797563
FR009456,0.18065018951892853,0.3652518827243669
FR012145,0.23071187734603882,0.49682601125647063
FR005640,0.4202587604522705,1.2008976080168625
FR005541,0.7419835925102234,4.763984909306503
FR012074,0.2713472545146942,0.6169191129222084
FR010425,0.5276069045066833,1.8502496394551644
FR016421,0.22065101563930511,0.4690264733073584
FR006287,0.2986801564693451,0.7055270059883969
FR008801,0.24302493035793304,0.5318542696499052
FR015298,0.22888900339603424,0.49173535099563837
FR018803,0.2517682909965515,0.5574274125727599
FR008753,0.3902340233325958,1.0601940013209856
FR005693,0.5233113169670105,1.8186481472428437
FR005049,0.31950679421424866,0.7778210703905503
FR008950,0.2987270951271057,0.705685112908666
FR019318,0.3369646966457367,0.8419206254277465
FR000115,0.47204628586769104,1.4811946499422732
FR010944,0.23686879873275757,0.5141999693669012
FR001858,0.2931889593601227,0.6871755308142062
FR000835,0.29847654700279236,0.7048414182473295
FR017492,0.1992877870798111,0.41231357273564534
FR010008,0.5086389780044556,1.7148744698586087
FR009602,0.2798687815666199,0.6438226004839093
FR000135,0.2723231613636017,0.6199682195196894
FR016692,0.24609674513339996,0.5407713202158189
FR008637,0.25905564427375793,0.5792030822530675
FR003901,0.3978240489959717,1.0944376512182967
FR016303,0.38425374031066895,1.0338075998193808
FR009762,0.7626852989196777,5.3240745986979015
FR016581,0.5670239329338074,2.1695062123382187
FR016927,0.42968451976776123,1.248124611476452
FR018820,0.2826012074947357,0.6525845251978156
FR018953,0.2937932014465332,0.6891809222306211
FR012215,0.28398099541664124,0.6570344282305053
FR012939,0.292085200548172,0.6835211545051942
FR017835,0.2532295286655426,0.5617597374119438
FR002374,0.24205394089221954,0.5290506568005748
FR008062,0.29252222180366516,0.6849667013321128
FR004276,0.2840172052383423,0.657151438141741
FR013569,0.2331990748643875,0.5038109406360856
FR011296,0.2848565876483917,0.6598671740494604
FR019344,0.24626779556274414,0.5412699920945024
FR014471,0.2918459177017212,0.6827304281560878
FR004604,0.31025972962379456,0.7451834930426097
FR002854,0.3763329088687897,0.9996380261674965
FR010015,0.40187665820121765,1.1130775679342013
FR009804,0.32719865441322327,0.8056530525096524
FR001201,0.2555014193058014,0.5685292875735569
FR011522,0.3917957842350006,1.0671703042628504
FR011911,0.2559487521648407,0.5698670761293066
FR007932,0.26268085837364197,0.5901960753910757
FR013023,0.25826001167297363,0.5768048089004497
FR014012,0.38813140988349915,1.050857987423292
FR019620,0.15965458750724792,0.3147363962240971
FR010535,0.2656337022781372,0.5992303989909388
FR017230,0.35836029052734375,0.9252349846588069
FR012556,0.3002711236476898,0.7108978024681344
FR000077,0.3434230387210846,0.8664972452231151
FR008999,0.27333176136016846,0.6231280779922327
FR003634,0.3340897262096405,0.83113353265013
FR015017,0.2767215669155121,0.6338126343120148
FR007355,0.33295950293540955,0.8269183176710132
FR009676,0.31537309288978577,0.7631221737472079
FR000919,0.26862600445747375,0.6084598654515075
FR011514,0.2826731503009796,0.6528161222595601
FR012456,0.4176087975502014,1.187895487334957
FR015551,0.2888437807559967,0.6728548820033909
FR014041,0.3195595145225525,0.7780096902432606
FR002763,0.2559419870376587,0.5698468324374756
FR001875,0.30105534195899963,0.7135541677249625
FR015351,0.3224368393421173,0.7883485432371592
FR011214,0.4553038775920868,1.3847471011604595
FR018079,0.2873861789703369,0.6680900999819346
FR016336,0.28292152285575867,0.6536160361336009
FR000148,0.208632230758667,0.43674349241064936
FR014519,0.29120364785194397,0.68061064372677
FR010893,0.38187897205352783,1.023471199188313
FR018202,0.21278028190135956,0.44777394112059926
FR019206,0.27778536081314087,0.6371863547441247
FR018406,0.3544027507305145,0.9094080873207635
FR008586,0.27241605520248413,0.6202588817829676
FR014407,0.30695199966430664,0.7337203279166059
FR001856,0.26475924253463745,0.5965473975304398
FR007548,0.3075949251651764,0.7359398552315412
FR000207,0.31962138414382935,0.7782310812910738
FR007935,0.24599510431289673,0.5404751088098481
FR012009,0.2536430060863495,0.5629887079004178
FR015073,0.2443086951971054,0.5355720426943
FR006859,0.18282440304756165,0.3706313695278264
FR019164,0.35672229528427124,0.9186607333352557
FR008462,0.26530247926712036,0.5982133951613843
FR010935,0.24572087824344635,0.5396763311947734
FR015797,0.7488899230957031,4.94057214052225
FR005151,0.3878103494644165,1.049438060399398
FR010728,0.27381035685539246,0.6246305478798676
FR007867,0.2516651153564453,0.557122153576909
FR003038,0.29534000158309937,0.6943301972566752
FR006191,0.7231383919715881,4.326952039942887
FR016713,0.3613492250442505,0.9373182725437261
FR010839,0.3641287684440613,0.9486569979631807
FR002813,0.3810083270072937,1.0197015042386097
FR014834,0.5306079387664795,1.8726706442298202
FR008748,0.5927309989929199,2.411013736823859
FR019566,0.3785420060157776,1.009080235117768
FR017444,0.3505380153656006,0.8941384840354965
FR011625,0.2696182429790497,0.6115370252578632
FR003242,0.3390897214412689,0.8499541891346731
FR010304,0.28241923451423645,0.6519989281518946
FR018401,0.25976768136024475,0.5813537453204546
FR001014,0.23503732681274414,0.5090025924968045
FR010230,0.28117457032203674,0.6480014934976681
FR018338,0.2730358839035034,0.6222002101490776
FR009069,0.25384220480918884,0.563581268350643
FR004820,0.18358516693115234,0.3725204350013973
FR018438,0.2587062120437622,0.578149155559683
FR011660,0.2486770749092102,0.548318007500096
FR007220,0.29058319330215454,0.6785665047180013
FR011153,0.36292508244514465,0.9437345977070268
FR007989,0.37929630279541016,1.0123196721437164
FR003474,0.25909674167633057,0.5793271019526742
FR018680,0.42574629187583923,1.2282038803018802
FR007232,0.21680088341236115,0.458576988436098
FR014081,0.454064279794693,1.3778413901397006
FR007466,0.22937457263469696,0.4930890257636351
FR011569,0.22760796546936035,0.48817222890162454
FR003116,0.2959260046482086,0.6962869022994079
FR005557,0.29424208402633667,0.690672921116414
FR002592,0.20676136016845703,0.43180624457912514
FR004250,0.8118650913238525,7.148877912695461
FR015371,0.2808072865009308,0.6468245476364365
FR012363,0.23932605981826782,0.5212125352388257
FR011113,0.3751743733882904,0.9947128578593106
FR003689,0.3977303206920624,1.0940095171864717
FR003082,0.1351097971200943,0.2587910564668868
FR019239,0.2512945830821991,0.5560265776646005
FR012100,0.3655163049697876,0.9543544172416537
FR019018,0.3687221109867096,0.9676136866471048
FR007589,0.289323091506958,0.6744259802819775
FR009436,0.2653166353702545,0.598256842015607
FR015975,0.2518085241317749,0.5575464705257186
FR004022,0.678688645362854,3.499193102149741
FR003900,0.7908631563186646,6.264612225313077
FR004995,0.5584091544151306,2.094864161592775
FR005965,0.3006630837917328,0.7122247356581287
FR008841,0.22757588326931,0.48808314608696013
FR005420,0.33942490816116333,0.8512260672741102
FR007665,0.27306193113327026,0.6222818636017481
FR018457,0.4649878740310669,1.4397974545718146
FR009518,0.23774780333042145,0.5167032909914059
FR012443,0.2649215757846832,0.5970449829356754
FR015367,0.28289973735809326,0.6535458511317683
FR017588,0.2811419367790222,0.6478968719727567
FR010438,0.2659205496311188,0.6001118911256884
FR002992,0.5489906668663025,2.016521381962734
FR006681,0.45925140380859375,1.4069494405947742
FR011471,0.09843584150075912,0.18087561446933337
FR008116,0.19815152883529663,0.40938179063821073
FR012022,0.2936936318874359,0.6888502292570547
FR016083,0.3004990518093109,0.711669244473544
FR017501,0.2880716621875763,0.6703284587870137
FR018701,0.23804497718811035,0.5175509203301746
FR014627,0.26749321818351746,0.6049570261586511
FR013878,0.5252963900566101,1.8331807206485917
FR012460,0.3084997534751892,0.7390705231147884
FR015369,0.28423070907592773,0.6578416039452727
FR004032,0.24255961179733276,0.5305098224844088
FR006322,0.310018390417099,0.7443433984646269
FR014175,0.7757502794265747,5.730775947073613
FR018993,0.3175044357776642,0.7706787127206242
FR003462,0.1666228026151657,0.331219747019705
FR012636,0.2054797112941742,0.4284373795879128
FR000691,0.2437293380498886,0.5338926661233127
FR019126,0.4862794280052185,1.568130995196865
FR012753,0.27001723647117615,0.6127767540528826
FR017757,0.7225790023803711,4.314886806917472
FR003597,0.23055358231067657,0.4963829913059806
FR002528,0.27380895614624023,0.6246261477000324
FR017648,0.2579061686992645,0.5757398730173301
FR005465,0.28333550691604614,0.6549505541568122
FR000112,0.3342307209968567,0.8316603826557922
FR001643,0.4330504834651947,1.2653700117027822
FR014635,0.2390955686569214,0.5205528313806221
FR004025,0.27727413177490234,0.6355638012401049
FR018827,0.21577195823192596,0.45580179896828166
FR010202,0.23224470019340515,0.5011253683116275
FR017628,0.6673586368560791,3.3235822661280285
FR006529,0.2759183347225189,0.6312718287023686
FR017174,0.3938370645046234,1.0763427939803025
FR014456,0.69153892993927,3.7139809521599525
FR000059,0.7055028676986694,3.9686345829965304
FR017281,0.5152411460876465,1.7607925290571402
FR019545,0.3286181688308716,0.810859083770063
FR013329,0.3047768175601959,0.7262415358157037
FR006643,0.282579630613327,0.6525150743216023
FR009635,0.25678256154060364,0.572364955337269
FR000893,0.2677270174026489,0.6056791003036783
FR007609,0.2825997769832611,0.6525799205905296
FR005590,0.29184675216674805,0.682733184773688
FR013499,0.3987770974636078,1.0987985847127681
FR019243,0.3327852487564087,0.8262697000235368
FR009780,0.31569913029670715,0.764275068795856
FR008083,0.33153772354125977,0.8216359757411467
FR000187,0.18954461812973022,0.38744115119841616
FR011991,0.26165321469306946,0.5870689157098925
FR011446,0.2585477828979492,0.5776716428328206
FR009451,0.2615872323513031,0.5868684262533731
FR007370,0.30224257707595825,0.7175870252382979
FR016512,0.3848460912704468,1.0363982986283868
FR003349,0.22241109609603882,0.47383790020363126
FR000062,0.22302967309951782,0.4755340440536399
FR010035,0.2911567986011505,0.6804561700807409
FR019276,0.3216972053050995,0.7856825017932834
FR002465,0.2745529115200043,0.6269655970875547
FR006282,0.41957733035087585,1.1975428117407765
FR013488,0.3234594762325287,0.7920442819066076
FR013104,0.32390835881233215,0.7936700431608068
FR001710,0.250503271818161,0.553690485189573
FR017085,0.234983891248703,0.508851325921972
FR018785,0.27776429057121277,0.6371194360161887
FR000659,0.467683345079422,1.4554766723024402
FR010049,0.8082637190818787,6.983484683703593
FR016054,0.3068486750125885,0.7333640113812708
FR000003,0.7679477334022522,5.482381425542942
FR004720,0.3703582286834717,0.9744327359631544
FR011050,0.2691698670387268,0.610145473587011
FR009774,0.2592954635620117,0.5799269794758398
FR001148,0.449596107006073,1.35320765027927
FR006626,0.2022019475698471,0.4198708862736709
FR012869,0.31070220470428467,0.7467252635858431
FR014769,0.29500865936279297,0.6932252621403038
FR014699,0.21642270684242249,0.45755613360939457
FR013365,0.2972560524940491,0.7007401335227543
FR007119,0.4954388439655304,1.626670684227919
FR016530,0.8096669912338257,7.047185778131385
FR012395,0.24743153154850006,0.5446687072936008
FR015906,0.27983558177948,0.6437165493295646
FR007929,0.49771156907081604,1.6415267331300867
FR000948,0.26177728176116943,0.5874459945166342
FR018121,0.259638249874115,0.5809624980495867
FR005254,0.26530957221984863,0.5982351641127426
FR011285,0.34803035855293274,0.8843275492043644
FR003399,0.25617656111717224,0.5705489773647181
FR009102,0.2649311125278473,0.5970742218854429
FR017117,0.25880053639411926,0.5784335504341047
FR005954,0.34338802099227905,0.8663626849273385
FR019397,0.33424487709999084,0.8317132915699902
FR011027,0.283244252204895,0.6546562532354632
FR004134,0.39414912462234497,1.0777504824396051
FR007295,0.2805938422679901,0.6461411265179642
FR005170,0.29557743668556213,0.6951226172927119
FR003810,0.8089545369148254,7.014727193276134
FR000881,0.29774200916290283,0.7023714083788632
FR017634,0.29509738087654114,0.6935210221388989
FR015437,0.25436121225357056,0.5651266573423882
FR010525,0.3319506049156189,0.8231676387092786
FR014435,0.17237873375415802,0.34504476593132855
FR001816,0.47406667470932007,1.4932486675286585
FR003489,0.3036918044090271,0.7225284699838986
FR000912,0.2708699405193329,0.6154307735893098
FR014772,0.331915944814682,0.8230389875984196
FR006195,0.2160334438085556,0.45650638046560443
FR009915,0.24939659237861633,0.55043163071188
FR006924,0.3119046986103058,0.7509252782016
FR019669,0.32960689067840576,0.8144982207583356
FR016595,0.5274789929389954,1.8493003283555962
FR008993,0.3561576008796692,0.9164020319861944
FR011093,0.28248706459999084,0.6522171736235534
FR014771,0.3645733594894409,0.9504798420125313
FR019618,0.3003150224685669,0.7110463426352771
FR016577,0.25291356444358826,0.560821520365143
FR004576,0.3478423058986664,0.8835948548064885
FR019450,0.2368776798248291,0.5142252330348833
FR016898,0.3004148006439209,0.7113840307648907
FR008807,0.5086532831192017,1.714972627922629
FR008613,0.24412666261196136,0.5350441093601229
FR018184,0.2722322940826416,0.6196839700913521
FR012717,0.5524919033050537,2.045259505835692
FR003350,0.2601645886898041,0.5825543757916969
FR007719,0.2672838568687439,0.6043108180155863
FR012969,0.41709625720977783,1.185394336964864
FR017381,0.2522507607936859,0.5588559822971024
FR010707,0.27109771966934204,0.6161407812838993
FR018390,0.49976593255996704,1.6550715845957977
FR003432,0.45600560307502747,1.388670314608781
FR015711,0.2681289613246918,0.6069215570896291
FR014789,0.3102799952030182,0.7452540636759268
FR011545,0.2562998831272125,0.5709182918014658
FR010498,0.29802992939949036,0.7033389737224661
FR011704,0.36632755398750305,0.9576970779318514
FR001255,0.2437765896320343,0.5340295374205039
FR017868,0.24892617762088776,0.5490493024735494
FR015320,0.26352784037590027,0.5927800351048029
FR018965,0.27219581604003906,0.6195698800868216
FR015964,0.2684066593647003,0.6077807524207752
FR018337,0.345171719789505,0.8732350890558517
FR013768,0.3693315088748932,0.9701494144493293
FR007451,0.2408544272184372,0.5255971108445855
FR011067,0.22795088589191437,0.48912488035455354
FR015036,0.28962990641593933,0.6754327797669987
FR005656,0.25966066122055054,0.5810302335819062
FR006597,0.6466365456581116,3.0315309978762874
FR016543,0.2383926957845688,0.5185435582929286
FR014248,0.3700442910194397,0.9731215530723861
FR009748,0.29441210627555847,0.691238537886874
FR000554,0.3422013223171234,0.8618111061989308
FR019457,0.28394052386283875,0.6569036607875149
FR016902,0.3290470540523529,0.8124363421102481
FR002130,0.1789880096912384,0.3611584981431235
FR006179,0.7786098718643188,5.826195499909791
FR001343,0.30903881788253784,0.7409395608433087
FR014461,0.8402933478355408,8.716282927484892
FR011535,0.20013491809368134,0.41450476653512697
FR014278,0.33496609330177307,0.8344118421856982
FR004232,0.2994746267795563,0.7082059341884148
FR007483,0.2646787762641907,0.5963008330025665
FR000034,0.2694993019104004,0.6111677206869056
FR014299,0.23763319849967957,0.5163765800622189
FR002045,0.7528643608093262,5.046668278253857
FR000309,0.2643855810165405,0.5954028812730788
FR014564,0.2762366533279419,0.6322780680285854
FR005629,0.32424354553222656,0.7948854297325006
FR015122,0.39497533440589905,1.0814844875899532
FR005564,0.2601589560508728,0.5825373282494042
FR001220,0.3325515687465668,0.8254004161848808
FR018288,0.28079384565353394,0.6467814997953497
FR019233,0.5788334012031555,2.2767904526161207
FR006903,0.4753955900669098,1.5012278444044915
FR002683,0.30233845114707947,0.7179132938653942
FR016060,0.29112425446510315,0.6803488759783969
FR015081,0.248789444565773,0.5486478329249191
FR019943,0.2411428987979889,0.5264266585487498
FR009332,0.2859702706336975,0.6634802371553489
FR009935,0.35729172825813293,0.9209424074867971
FR011859,0.2725013792514801,0.6205259237843803
FR019858,0.4453422427177429,1.3301242149786983
FR009890,0.33765578269958496,0.8445275899815466
FR019927,0.24620980024337769,0.5411008900784794
FR011565,0.2777572274208069,0.637097004445129
FR004090,0.2772265374660492,0.6354128618378564
FR010677,0.24624507129192352,0.5412037298535868
FR013937,0.27698853611946106,0.634658368461323
FR017189,0.2499346286058426,0.5520147923965795
FR018065,0.3003746569156647,0.7112481572038666
FR019963,0.2910138964653015,0.6799851122606474
FR018124,0.260254830121994,0.5828275326606117
FR002110,0.24761494994163513,0.5452053436697281
FR017310,0.37593579292297363,0.9979477462852793
FR012085,0.3287266194820404,0.8112577289832033
FR010327,0.7159885764122009,4.176319190237443
FR004567,0.264021098613739,0.5942876001104032
FR002466,0.2479962408542633,0.5463217433026266
FR004572,0.2709929347038269,0.6158141022009099
FR005329,0.1495552808046341,0.2913258774171547
FR014938,0.29504239559173584,0.6933377156857029
FR008709,0.23692253232002258,0.5143528320204334
FR005002,0.276157945394516,0.6320291814303871
FR004370,0.7763391137123108,5.750224824385983
FR006811,0.2150336652994156,0.45381497810565435
FR006893,0.33311837911605835,0.8275099899746475
FR014973,0.24454717338085175,0.5362640652963285
FR002172,0.25775593519210815,0.5752880330432855
FR008214,0.24380555748939514,0.5341134556231646
FR010855,0.273904025554657,0.6249248367306065
FR008237,0.4307422935962677,1.253522105103279
FR000042,0.19602400064468384,0.4039146111385546
FR014920,0.2797497808933258,0.6434425180658455
FR000906,0.233075812458992,0.5034637092494239
FR003563,0.25461772084236145,0.5658912282263627
FR016331,0.3400840759277344,0.8537310720568578
FR017184,0.38686972856521606,1.0452866154692904
FR010150,0.4454088807106018,1.3304830933660614
FR008721,0.28408172726631165,0.6573599666204394
FR000951,0.8179618120193481,7.4437867643002615
FR013344,0.3205888271331787,0.7816981738921742
FR001631,0.2636580169200897,0.5931777027342906
FR015259,0.27852538228034973,0.6395391296184103
FR012093,0.27420783042907715,0.6258798553296766
FR016322,0.28111547231674194,0.6478120351903975
FR016152,0.35694247484207153,0.9195424967391169
FR015959,0.3412565588951111,0.8581991941248267
FR005065,0.319157212972641,0.7765710966612747
FR007349,0.40429753065109253,1.1243333365277999
FR014036,0.2930624186992645,0.6867559949398341
FR009051,0.27728021144866943,0.6355830835975568
FR001518,0.30962470173835754,0.7429742404719462
FR000880,0.28364691138267517,0.6559554133523566
FR013394,0.2532457709312439,0.5618079882857138
FR007478,0.6717656254768372,3.3904482156128752
FR018383,0.25970882177352905,0.5811758067934761
FR009205,0.30429980158805847,0.7246076942231212
FR019152,0.2586996555328369,0.5781293898857888
FR004669,0.30739861726760864,0.735261718022416
FR006913,0.25586944818496704,0.5696297932535734
FR006661,0.23724313080310822,0.5152653262046728
FR000720,0.23618070781230927,0.5122443722300718
FR005769,0.4616270959377289,1.4204681416198013
FR000775,0.2703409492969513,0.6137835714858271
FR010218,0.2995673418045044,0.7085189622424818
FR014738,0.2676813304424286,0.6055379627630436
FR017467,0.23172663152217865,0.49967033770925773
FR006879,0.274029940366745,0.6253205562582861
FR001902,0.32180944085121155,0.7860866851972533
FR007122,0.2785404920578003,0.6395872189177044
FR014273,0.2747259736061096,0.6275104979144572
FR013110,0.2986343502998352,0.7053727341140659
FR005489,0.2718616724014282,0.6185253326759438
FR003021,0.29248881340026855,0.6848561324277735
FR013616,0.309020072221756,0.7408745171682125
FR016119,0.963707685470581,43.990009492107774
FR018321,0.2473156899213791,0.5443299183979854
FR011411,0.4445224404335022,1.3257162218051177
FR005895,0.30036821961402893,0.7112263704665507
FR006539,0.23925119638442993,0.5209982198647308
FR000400,0.25004056096076965,0.5523267640502857
FR017031,0.3130418658256531,0.7549106502186276
FR007399,0.33879971504211426,0.8488547898702368
FR007328,0.2736671268939972,0.6241806939455495
FR006792,0.29393628239631653,0.6896562896627506
FR009744,0.46663999557495117,1.4493888395434538
FR011152,0.2580474019050598,0.576164810689964
FR003141,0.3180456757545471,0.7726051645120153
FR017960,0.25335195660591125,0.5621234856299855
FR000556,0.2608606219291687,0.5846629647339896
FR014463,0.3130750358104706,0.7550270974324786
FR019505,0.22694101929664612,0.486321836792107
FR009071,0.5566243529319763,2.079762615222611
FR005089,0.286808043718338,0.6662056172023533
FR011557,0.22055169939994812,0.4687556260903588
FR019086,0.2263060063123703,0.4845630056379686
FR006683,0.23395471274852753,0.5059420220885624
FR012137,0.32866019010543823,0.8110135311818503
FR011772,0.26064157485961914,0.5839989473024016
FR000172,0.19665396213531494,0.40553042623352864
FR008217,0.2550908029079437,0.567302717180186
FR010133,0.2028607428073883,0.42158700243350805
FR017967,0.3019469380378723,0.7165815016151628
FR009328,0.3057670295238495,0.7296403082538253
FR001794,0.2712506353855133,0.6166176820546675
FR003413,0.26153823733329773,0.5867195765028859
FR000965,0.2965802848339081,0.6984754414850698
FR000363,0.619841456413269,2.7010912970885994
FR004047,0.23538435995578766,0.5099854961104016
FR010033,0.7964463829994202,6.481881986401216
FR016419,0.2557334899902344,0.5692231147886886
FR006587,0.7180197238922119,4.218334765822377
FR000070,0.25798460841178894,0.5759758597879706
FR012324,0.3783647418022156,1.0083200890561992
FR015192,0.3505721986293793,0.8942727457886744
FR007280,0.37074774503707886,0.976061397285145
FR011074,0.21425160765647888,0.4517144541853565
FR003366,0.25413915514945984,0.5644652001081573
FR016153,0.26650893688201904,0.6019221836573836
FR002912,0.29270389676094055,0.685568158073994
FR011244,0.25784221291542053,0.5755474982289143
FR005202,0.5945584774017334,2.4293481103250665
FR009505,0.25206705927848816,0.5583118337211939
FR006964,0.5632840991020203,2.1367410133972724
FR017563,0.3708482086658478,0.9764817869613287
FR002295,0.29162076115608215,0.6819868709465878
FR002520,0.25605839490890503,0.5701952179615702
FR019852,0.3373689651489258,0.8434449760774021
FR011834,0.24376820027828217,0.534005235149831
FR013945,0.30644887685775757,0.7319863018987397
FR005666,0.38571104407310486,1.0401902199208937
FR002613,0.2276035100221634,0.4881598569953164
FR017639,0.7285725474357605,4.446747111276492
FR014837,0.35256460309028625,0.9021228168590277
FR000734,0.2114274650812149,0.4441637949777531
FR015354,0.23365257680416107,0.5050894214609182
FR003829,0.2334275096654892,0.5044547389113195
FR013646,0.24813520908355713,0.5467289164826648
FR011494,0.2529236972332001,0.5608515961252899
FR016936,0.2569902837276459,0.5729881100755373
FR012202,0.1794210523366928,0.36222333774899523
FR003843,0.3370228409767151,0.8421397522585995
FR002486,0.45043161511421204,1.357783490276138
FR016744,0.6873655915260315,3.6422890890967836
FR019867,0.16070035099983215,0.31719269957589186
FR011308,0.2598385512828827,0.5815680298679621
FR003149,0.22823366522789001,0.4899110935170941
FR012264,0.2237364500761032,0.4774753418700855
FR016503,0.22628815472126007,0.4845136028044352
FR018576,0.4225268065929413,1.212120615724801
FR005562,0.2846142649650574,0.6590825094667385
FR017661,0.5049908757209778,1.6900273245913289
FR017047,0.22343486547470093,0.4766465500037193
FR004152,0.301971971988678,0.7166666137523832
FR014260,0.26018401980400085,0.5826131872950446
FR012569,0.33534908294677734,0.835847242492238
FR000051,0.2655305862426758,0.5989136879861015
FR006592,0.33804500102996826,0.8459982235314633
FR005860,0.3287419080734253,0.8113139374725264
FR018994,0.33400198817253113,0.830805797769652
FR007874,0.30302098393440247,0.7202386122605278
FR010979,0.263031929731369,0.5912663977976395
FR019177,0.5849367380142212,2.3346296849137254
FR005195,0.3230181634426117,0.7904480386285044
FR013573,0.3581663966178894,0.9244550218723108
FR002191,0.65389484167099,3.129847942005362
FR005889,0.2468220293521881,0.5428873335486325
FR009261,0.3844640254974365,1.0347267296413494
FR012351,0.4862552881240845,1.567979470227615
FR005884,0.2656850516796112,0.5993881469243406
FR003690,0.33712464570999146,0.8425235133416946
FR011767,0.32868096232414246,0.8110898857317165
FR012693,0.24707001447677612,0.5436117642164917
FR008521,0.3017578721046448,0.715938899430815
FR000748,0.28591907024383545,0.6633138832741735
FR012716,0.1971341222524643,0.40676371230512126
FR007065,0.24582594633102417,0.5399823094423437
FR015022,0.3368849456310272,0.8416201326238352
FR018363,0.23245775699615479,0.5017243226221356
FR003889,0.25146380066871643,0.5565267793063972
FR007804,0.2508580684661865,0.5547372980746931
FR011362,0.39287474751472473,1.0720109393082558
FR008611,0.23068293929100037,0.49674500877066613
FR009875,0.24108384549617767,0.5262567896839779
FR017604,0.2540379464626312,0.5641638532661086
FR009223,0.261492520570755,0.5865807040979132
FR003254,0.3292697072029114,0.8132559615657501
FR005036,0.3118019700050354,0.7505658991372127
FR013027,0.25076428055763245,0.5544604843173848
FR014610,0.15277354419231415,0.2987253265048527
FR005307,0.2548047602176666,0.5664490652140879
FR018554,0.854681134223938,9.74328749528901
FR001682,0.27152982354164124,0.6174889072453893
FR015668,0.2680342495441437,0.6066286687524383
FR004095,0.19801203906536102,0.4090224506056102
FR006524,0.3197363018989563,0.7786424039000786
FR003246,0.7277445793151855,4.4281858831477665
FR018131,0.2769153416156769,0.6344264327942939
FR013847,0.3992086350917816,1.100777753675073
FR015112,0.30654042959213257,0.7323016535384269
FR007364,0.20472408831119537,0.4264562825972117
FR001251,0.3153829276561737,0.763156934226727
FR013524,0.2006271928548813,0.4157802207136473
FR000244,0.5271912217140198,1.8471664772475807
FR015004,0.23854872584342957,0.5189892745279732
FR003051,0.26959219574928284,0.6114561399545712
FR004680,0.3304770886898041,0.8177100060191788
FR018004,0.33306264877319336,0.8273024119736421
FR011035,0.2655455768108368,0.5989597245527845
FR002126,0.29060912132263184,0.6786518551428447
FR019379,0.3182690441608429,0.7734010981191641
FR003336,0.25683268904685974,0.572515303113713
FR003410,0.2430233210325241,0.5318496169698284
FR006106,0.35227030515670776,0.900960243504975
FR007722,0.31122854351997375,0.7485618305484928
FR019090,0.2705566883087158,0.6144550630543956
FR008896,0.27223894000053406,0.619704757328768
FR008212,0.34637534618377686,0.8778937301162706
FR015985,0.21953913569450378,0.4659981782212985
FR000373,0.24749460816383362,0.5448532241922458
FR015671,0.38471707701683044,1.0358336185789074
FR001460,0.2735920548439026,0.6239449799393663
FR014127,0.26278331875801086,0.5905083442797422
FR001533,0.2805163562297821,0.6458931264616757
FR011292,0.5228216648101807,1.8150820308654165
FR012686,0.26425766944885254,0.5950113583053587
FR018207,0.5514193773269653,2.0364085573573347
FR003308,0.32455357909202576,0.7960106848555885
FR013987,0.33643531799316406,0.8399273380913356
FR008588,0.1675938218832016,0.33353860600408447
FR006664,0.26197487115859985,0.5880467925199805
FR009888,0.25155574083328247,0.5567986462512559
FR007729,0.31269118189811707,0.7536802197554041
FR018487,0.44957974553108215,1.3531181818220748
FR002830,0.6318358778953552,2.843061265620759
FR013850,0.24733728170394897,0.5443930575332676
FR008689,0.351213276386261,0.8967933303821912
FR014574,0.21641595661640167,0.45753792091131645
FR013806,0.4400022625923157,1.301643448274237
FR002674,0.2706775963306427,0.6148315651642007
FR003453,0.2760157883167267,0.631579796008565
FR019931,0.27768194675445557,0.6368579509048475
FR018132,0.28033342957496643,0.6453078674133013
FR005624,0.27421507239341736,0.625902630391155
FR017669,0.3344293534755707,0.8324029840323489
FR007840,0.2643163204193115,0.5951908654489959
FR012271,0.2792919874191284,0.6419815179601208
FR000444,0.2896377742290497,0.6754586090830124
FR012184,0.3083198070526123,0.7384472635705381
FR002537,0.27853530645370483,0.6395707146708057
FR014642,0.34480300545692444,0.8718114034461419
FR016506,0.25897470116615295,0.5789588603314688
FR014890,0.31522050499916077,0.7625829875604935
FR008477,0.21755370497703552,0.4606121023471766
FR007228,0.35981953144073486,0.931120123911309
FR000176,0.4227875769138336,1.2134166427634812
FR015140,0.2780994176864624,0.6381842570416656
FR009742,0.21868586540222168,0.46368007263787914
FR010447,0.29581913352012634,0.6959298093558822
FR003848,0.2791992425918579,0.6416857585909382
FR019036,0.21876785159111023,0.4639025871346232
FR000177,0.3312916159629822,0.8207238919993423
FR000054,0.31248778104782104,0.7529671306089236
FR017754,0.32411038875579834,0.7944024591282826
FR002224,0.35669976472854614,0.9185705382042996
FR004902,0.24773311614990234,0.5455512070630025
FR013766,0.27863505482673645,0.6398882259102904
FR009683,0.29349589347839355,0.6881937717449629
FR016447,0.2661660611629486,0.6008669041355932
FR017382,0.41170668601989746,1.1593575820187128
FR014654,0.28556451201438904,0.6621625514339479
FR016774,0.41701599955558777,1.1850030851355131
FR010012,0.22990499436855316,0.4945696916428141
FR010384,0.2639005780220032,0.5939190616531527
FR007077,0.2943466305732727,0.6910206861512334
FR007312,0.24260035157203674,0.5306274661273164
FR004891,0.21390745043754578,0.45079140870177586
FR010215,0.33669427037239075,0.8409019827192585
FR012437,0.2777242362499237,0.6369922349425944
FR007341,0.3444805443286896,0.8705676242571689
FR009143,0.22469951212406158,0.48012627282669673
FR008486,0.32322025299072266,0.7911787449787648
FR001208,0.20170097053050995,0.4185677715612776
FR014705,0.29321548342704773,0.6872634883720722
FR005402,0.2353258728981018,0.5098197804316678
FR010541,0.2334764450788498,0.5045927035937321
FR007268,0.2841992676258087,0.6577399414494959
FR008370,0.28436535596847534,0.6582770710119328
FR010122,0.29915785789489746,0.7071370716990545
FR012014,0.46350571513175964,1.4312430568130963
FR009707,0.2672866880893707,0.6043195543101969
FR013680,0.2566079795360565,0.5718414886019929
FR003168,0.29088976979255676,0.6795760993285755
FR012319,0.22923623025417328,0.49270317975074357
FR012080,0.25819599628448486,0.5766120710910546
FR010353,0.22068370878696442,0.46911564651860654
FR009367,0.25519493222236633,0.5676136384616488
FR009578,0.30461129546165466,0.7256743471994762
FR019724,0.3757249414920807,0.9970511546282789
FR005621,0.3828294575214386,1.0275987285691488
FR000457,0.5410508513450623,1.952976041138489
FR010682,0.3163849413394928,0.7667037424422883
FR008163,0.2669447660446167,0.6032649738493697
FR018107,0.32324498891830444,0.7912682140164403
FR008468,0.19980479776859283,0.4136503237593971
FR006321,0.25894469022750854,0.578868324744903
FR001349,0.7566326856613159,5.150462721858108
FR003252,0.28429368138313293,0.6580452448846296
FR017625,0.8428333401679993,8.88392089068284
FR015312,0.32445019483566284,0.7956353408108203
FR006808,0.2501237690448761,0.552571874348434
FR017199,0.34400564432144165,0.868738092775966
FR004080,0.465407133102417,1.4422258481870305
FR001124,0.3107563853263855,0.746914187852797
FR017543,0.2835981249809265,0.6557979286639366
FR012415,0.31217077374458313,0.7518565972198765
FR011688,0.27255362272262573,0.6206894631331796
FR016939,0.4143522381782532,1.172078232710689
FR012900,0.2893432080745697,0.6744919652734666
FR003154,0.2581932544708252,0.5766038167694884
FR008561,0.31992700695991516,0.7793252971086158
FR003390,0.2671352028846741,0.6038522113829045
FR019182,0.28423187136650085,0.6578453622561129
FR018896,0.3730194568634033,0.985600286259578
FR012232,0.35467520356178284,0.9104914520699054
FR000305,0.27144452929496765,0.6172226700455022
FR007117,0.5068403482437134,1.7025780995161557
FR017909,0.23861479759216309,0.5191780704681407
FR008478,0.35522282123565674,0.9126717349502992
FR005331,0.32868948578834534,0.811121217660319
FR010147,0.3804728090763092,1.0173880962153117
FR019807,0.29162323474884033,0.6819950371739589
FR006006,0.28085336089134216,0.6469721251753208
FR014883,0.2934422194957733,0.6880156467574655
FR000901,0.29673025012016296,0.6989776425929785
FR016800,0.197371706366539,0.40737449022996197
FR011629,0.37714076042175293,1.0030832085990447
FR018599,0.2969455420970917,0.6996989831342424
FR010258,0.26134032011032104,0.5861184933138831
FR018295,0.292878121137619,0.6861452390777016
FR001183,0.2420234978199005,0.5289628723011378
FR015702,0.2726963460445404,0.6211363541140777
FR012308,0.278722882270813,0.6401678640826838
FR017717,0.2706216871738434,0.6146574510646625
FR015527,0.28841352462768555,0.6714463790349514
FR009217,0.7329321503639221,4.546378218001491
FR012510,0.2276877760887146,0.4883938715777612
FR011012,0.3676675856113434,0.9632373128314868
FR006161,0.3899793326854706,1.0590596994225778
FR005425,0.31679800152778625,0.7681688718622608
FR012855,0.2766304612159729,0.6335241626116487
FR017020,0.7584704160690308,5.202255906779463
FR010709,0.3588775098323822,0.9273178724782993
FR018535,0.288067102432251,0.6703135552415478
FR003830,0.23162078857421875,0.4993733120686446
FR018342,0.23801256716251373,0.5174584450558514
FR015449,0.29949721693992615,0.7082821963266958
FR015621,0.29936662316322327,0.7078413926650521
FR016441,0.2808223068714142,0.6468726562185301
FR018391,0.2555013597011566,0.5685291094277026
FR011941,0.57530677318573,2.244127623673957
FR014343,0.24518722295761108,0.5381235406246613
FR011979,0.352300226688385,0.9010783951214985
FR017777,0.2541341781616211,0.5644503793144146
FR009792,0.34567105770111084,0.8751656983042377
FR018985,0.316994309425354,0.7688657995537669
FR011486,0.5246502161026001,1.8284368044063568
FR015468,0.239039346575737,0.5203919751074826
FR004919,0.5093533396720886,1.7197832320426156
FR001395,0.5688899755477905,2.186067455887127
FR005376,0.29280662536621094,0.6859083902183662
FR007072,0.18345119059085846,0.37218750075256934
FR015197,0.39540645480155945,1.0834369621411686
FR011739,0.24563752114772797,0.5394336401180888
FR009211,0.6215109825134277,2.720313297172651
FR011042,0.266970157623291,0.6033432545579198
FR012261,0.22273939847946167,0.47473777217717844
FR015390,0.3175710141658783,0.7709155223610638
FR012889,0.3535936176776886,0.906196083638307
FR006862,0.43338826298713684,1.2671119259058852
FR000321,0.24481770396232605,0.5370496275631443
FR018652,0.2425171434879303,0.5303872008487394
FR009224,0.25227898359298706,0.5589396057159502
FR008978,0.29521042108535767,0.6938979582557884
FR008166,0.2095985859632492,0.4393028685830902
FR005902,0.5569966435432434,2.082902593410706
FR008299,0.27509987354278564,0.6286886422259305
FR010748,0.38224107027053833,1.0250421306428368
FR010735,0.40396687388420105,1.1227905671273155
FR012824,0.3658938407897949,0.9559089473027135
FR010160,0.37380677461624146,0.9889223733612477
FR018645,0.24034450948238373,0.524132299237975
FR016527,0.3654685318470001,0.954157839926513
FR010836,0.46470317244529724,1.4381506009829903
FR016840,0.2666628956794739,0.6023963485805268
FR011190,0.2705347537994385,0.6143867733599117
FR003569,0.7390081882476807,4.690787590388137
FR016646,0.26180005073547363,0.5875152103495062
FR010740,0.2198266088962555,0.46678030742238097
FR009788,0.22132962942123413,0.4708789828399712
FR003867,0.28013285994529724,0.6446665029502592
FR013676,0.31666871905326843,0.7677101149453592
FR008852,0.27305740118026733,0.6222676625809502
FR017303,0.4452303349971771,1.3295217307926481
FR007996,0.2842792868614197,0.6579986924712098
FR014916,0.250454843044281,0.5535476749560618
FR008388,0.23646758496761322,0.5130592664968521
FR015226,0.26718664169311523,0.6040108822008972
FR005920,0.2724955976009369,0.6205078267489108
FR013195,0.28310948610305786,0.6542217629730716
FR007543,0.25024279952049255,0.5529226030723159
FR015263,0.25600466132164,0.5700343905129069
FR005753,0.23119394481182098,0.4981762961197517
FR006751,0.2430901974439621,0.5320429783470375
FR012883,0.42262181639671326,1.212592678354799
FR006374,0.2872876524925232,0.6677687281318916
FR009278,0.2728591561317444,0.621646354375695
FR014914,0.29426515102386475,0.6907496426273374
FR012193,0.7026616334915161,3.9148821145813044
FR013950,0.24660834670066833,0.5422634920661485
FR012468,0.2748275399208069,0.6278304092777491
FR008758,0.3404901921749115,0.8552769097647444
FR008720,0.3047274947166443,0.726072494756629
FR013819,0.4123033285140991,1.1622164258842218
FR012454,0.28463080525398254,0.659136051638169
FR013190,0.31857895851135254,0.7745062870618586
FR013909,0.30095386505126953,0.7132101015374926
FR012343,0.2795320749282837,0.6427475006650668
FR006806,0.29312819242477417,0.6869740439453642
FR018917,0.5931398272514343,2.415101048648964
FR003156,0.251027911901474,0.5552387651513362
FR019429,0.435311883687973,1.2770716802484166
FR005856,0.29202157258987427,0.6833108394459189
FR013885,0.5498091578483582,2.0231995157089706
FR019225,0.2209729105234146,0.46990479364725285
FR008706,0.26900652050971985,0.6096389456992035
FR013415,0.32494425773620605,0.7974301101184664
FR014536,0.2116224318742752,0.44468332200029026
FR010545,0.27519965171813965,0.6290032448843635
FR013270,0.2584455609321594,0.5773636494253798
FR011632,0.257711797952652,0.57515532132423
FR013574,0.31516358256340027,0.7623819073732904
FR017255,0.24251332879066467,0.530376187087087
FR001638,0.5989828705787659,2.4744283239266074
FR013168,0.29612216353416443,0.6969426183146803
FR011904,0.24457165598869324,0.5363351343363623
FR007882,0.24850134551525116,0.5478024074361149
FR008539,0.21078236401081085,0.4424466271888051
FR009156,0.26345837116241455,0.5925678757679878
FR002010,0.27946239709854126,0.6425251457605675
FR009412,0.2632542550563812,0.5919447356104879
FR002383,0.2513645887374878,0.5562334846643767
FR019757,0.4635016620159149,1.4312197287363582
FR010871,0.47978994250297546,1.5279030394221544
FR012810,0.25789353251457214,0.5757018615769932
FR016399,0.4608665406703949,1.4161272924262867
FR016358,0.2687891125679016,0.6089651276319566
FR008280,0.4843754768371582,1.5562235474844357
FR015875,0.2572723925113678,0.573834978514054
FR010840,0.24282193183898926,0.5312675418501431
FR006931,0.3607678711414337,0.9349591964317342
FR002978,0.29345703125,0.6880647990336695
FR006206,0.24959495663642883,0.5510150496803472
FR008330,0.2989073693752289,0.7062925406616851
FR001028,0.23560601472854614,0.5106137570336217
FR015674,0.3267247676849365,0.803919973128149
FR008023,0.3290404677391052,0.8124121051924423
FR002410,0.28809255361557007,0.6703967447927193
FR006492,0.29224899411201477,0.6840627296753288
FR004212,0.27874326705932617,0.6402327779636082
FR019794,0.315485417842865,0.7635192399997939
FR005059,0.2513231039047241,0.5561108684380704
FR004518,0.23986561596393585,0.5227583986815603
FR004714,0.30063149333000183,0.7121177349018787
FR000328,0.7932870388031006,6.3574953253837
FR003065,0.7819027900695801,5.939174045867719
FR004353,0.2681826055049896,0.6070874809040162
FR015922,0.26727136969566345,0.6042722871638448
FR018159,0.3566247820854187,0.9182704104864623
FR009582,0.2624798119068146,0.5895835974906476
FR007086,0.6010502576828003,2.4958357320812707
FR017859,0.2677464485168457,0.605739132828027
FR011014,0.24915309250354767,0.549715882595233
FR004982,0.4370366334915161,1.2860596317454671
FR010623,0.40609458088874817,1.1327480034339763
FR019904,0.5450389385223389,1.9846169715352522
FR018923,0.2428715080022812,0.531410803087265
FR019180,0.3927927613258362,1.071642514504603
FR002930,0.2094843089580536,0.43899988154713276
FR002623,0.7623429298400879,5.314018198377649
FR001954,0.23764537274837494,0.516411281266897
FR005748,0.27129679918289185,0.6167616931850124
FR012488,0.2602478861808777,0.5828065112877362
FR017686,0.3326174318790436,0.825645363794666
FR011690,0.7272828221321106,4.417883254889313
FR009878,0.3426307439804077,0.8634562541612569
FR009931,0.2928787171840668,0.6861472138422399
FR008608,0.661198616027832,3.2330331631220517
FR013731,0.2915407121181488,0.6817226308050222
FR005364,0.3869650959968567,1.0457069407628925
FR014520,0.22762160003185272,0.488210090304322
FR015900,0.18456293642520905,0.3749535271021049
FR015391,0.2524353861808777,0.5594031369576894
FR006364,0.27343466877937317,0.6234509714430766
FR011600,0.20215816795825958,0.41975694383023904
FR017638,0.4645370841026306,1.4371906733745707
FR009468,0.31826701760292053,0.7733938744957027
FR003895,0.32805562019348145,0.8087933204285197
FR012364,0.2634389400482178,0.592508540207321
FR000811,0.3612825572490692,0.9370475232877702
FR004936,0.2324436753988266,0.5016847255769656
FR018168,0.4280591607093811,1.2398698135382475
FR017029,0.289008766412735,0.6733954375534617
FR004087,0.24272218346595764,0.5309793538063173
FR015423,0.2581402659416199,0.5764443050169489
FR008505,0.2873665690422058,0.668026129596404
FR003417,0.24736067652702332,0.5444614732458128
FR012010,0.6281211376190186,2.7981134183747702
FR008308,0.38093724846839905,1.0193942184957923
FR012314,0.296818345785141,0.6992727556796471
FR015796,0.28177109360694885,0.6499155928986002
FR006723,0.27672916650772095,0.6338367004953378
FR004650,0.18353886902332306,0.3724053712936329
FR016290,0.27637019753456116,0.63270047922521
FR008782,0.6403719186782837,2.9498646022888053
FR007064,0.3689810633659363,0.9686905989398328
FR004748,0.2891920506954193,0.6739962405656893
FR012482,0.2591864764690399,0.5795979426084795
FR014441,0.17496608197689056,0.35132209415671733
FR018151,0.2340264767408371,0.5061446325133825
FR015677,0.2698497176170349,0.6122560844428985
FR017376,0.7625329494476318,5.319596059783981
FR000853,0.3008052110671997,0.7127062577235082
FR011977,0.22840511798858643,0.49038806532821055
FR001578,0.27159783244132996,0.6177012346943175
FR009245,0.6500197649002075,3.076850840302296
FR006717,0.26025986671447754,0.5828427801694211
FR016258,0.24287474155426025,0.5314201477992672
FR017503,0.7334283590316772,4.557924766671704
FR003507,0.24698707461357117,0.5433694216572944
FR016217,0.43573862314224243,1.2792903733052317
FR002139,0.2715725898742676,0.6176224214130657
FR000956,0.31189873814582825,0.7509044235683476
FR001727,0.2682485580444336,0.6072915083564083
FR016719,0.23625175654888153,0.5124461340148347
FR019839,0.22039614617824554,0.46833155260676496
FR017516,0.34463807940483093,0.871175106904878
FR001269,0.3156491219997406,0.7640981640257677
FR003798,0.24925650656223297,0.5500198031051268
FR004738,0.2877902388572693,0.6694089851203568
FR010562,0.4082223176956177,1.142777183643254
FR015434,0.5414664149284363,1.9562473772093603
FR016792,0.39157262444496155,1.0661712681877338
FR011225,0.639154314994812,2.934320908209072
FR006344,0.2830931544303894,0.65416912023073
FR000785,0.26602160930633545,0.6004226152386329
FR004401,0.2908826470375061,0.6795526333027382
FR009543,0.20665711164474487,0.43153181651712785
FR002792,0.28232768177986145,0.6517044197189551
FR014308,0.3057243227958679,0.7294935229716526
FR004279,0.2156805843114853,0.4555556996986531
FR012121,0.7526895999908447,5.041931427402876
FR002256,0.31710129976272583,0.7692458028362246
FR019460,0.271884560585022,0.6185968515379718
FR000267,0.3730700612068176,0.9858135603605749
FR017313,0.4096052050590515,1.1493342428457525
FR000594,0.2542288601398468,0.5647323632989246
FR015807,0.4687522351741791,1.4617383294089432
FR017700,0.2511346638202667,0.5555540693310174
FR019948,0.25828495621681213,0.5768799210489934
FR000571,0.25459378957748413,0.5658198744467552
FR014909,0.257068008184433,0.57322136860941
FR000430,0.6150487065315247,2.6468365646516814
FR005937,0.24592246115207672,0.5402634540881465
FR003683,0.24508365988731384,0.5378224548424743
FR002880,0.394112765789032,1.0775863948269366
FR015138,0.2408532351255417,0.5255936840924683
FR007212,0.4120524227619171,1.161013490828823
FR000650,0.30280154943466187,0.719490525115643
FR016200,0.27699917554855347,0.634692086146232
FR014025,0.3161497414112091,0.7658702763273711
FR011989,0.21180321276187897,0.44516527756012336
FR000725,0.29122453927993774,0.6806795345507026
FR010247,0.24537110328674316,0.538658333973346
FR005052,0.2183089703321457,0.4626577616074678
FR004285,0.27284690737724304,0.6216079773834687
FR018044,0.2810803949832916,0.6476995978648203
FR011335,0.1958075761795044,0.40336007903899046
FR004755,0.30673182010650635,0.7329611635544709
FR006431,0.2762332558631897,0.6322673236043096
FR010386,0.1513054370880127,0.29534288565312755
FR014163,0.7944137454032898,6.401416349163027
FR005306,0.6948376893997192,3.7720363750090664
FR010309,0.2972354292869568,0.7006709547856439
FR017055,0.2790052592754364,0.6410673999298677
FR001609,0.6318035125732422,2.84266573307181
FR017005,0.25754502415657043,0.5746540088245401
FR001620,0.6391652226448059,2.9344596875077382
FR006486,0.5009287595748901,1.662787770866531
FR002488,0.28443461656570435,0.6585011333956563
FR014843,0.38443273305892944,1.0345899145991322
FR004040,0.2660185396671295,0.6004131758825731
FR018688,0.24771380424499512,0.5454946751766716
FR018483,0.24889636039733887,0.5489617419985817
FR000139,0.260436087846756,0.5833763932836185
FR010198,0.46222779154777527,1.4239052743926885
FR010760,0.25397852063179016,0.563986952141429
FR013991,0.42974308133125305,1.2484229094749766
FR004325,0.21214433014392853,0.44607528705598964
FR001961,0.36535248160362244,0.9536804385093703
FR011209,0.7272931337356567,4.418112944334958
FR013328,0.2945384085178375,0.6916588868356014
FR007392,0.28100496530532837,0.6474578517881308
FR002612,0.23742473125457764,0.5157825416425191
FR006579,0.19886794686317444,0.4112293291140258
FR019779,0.34120431542396545,0.857999765096156
FR013433,0.19691894948482513,0.406210861016393
FR001933,0.22671619057655334,0.4856987857304353
FR008463,0.2564540207386017,0.5713800624714773
FR001640,0.23223425447940826,0.5010960114263876
FR006218,0.2778603732585907,0.637424624685971
FR006816,0.33593079447746277,0.838030596320778
FR009830,0.2829783260822296,0.6537990556624088
FR005622,0.2883918285369873,0.6713753989891308
FR018125,0.7301106452941895,4.481530175697722
FR019084,0.5401761531829834,1.9461096971892506
FR003476,0.332627534866333,0.8256829414832342
FR018690,0.2553287148475647,0.5680132296313906
FR004099,0.4008678197860718,1.1084138571241309
FR003628,0.2954578995704651,0.6947236052885621
FR019631,0.27705273032188416,0.6348618230088073
FR004366,0.387637734413147,1.0486752657176976
FR008672,0.2193753570318222,0.46555284270499003
FR005124,0.323844313621521,0.7934379525070573
FR019105,0.37667667865753174,1.0011029832511051
FR015999,0.3213026225566864,0.7842625888587995
FR017790,0.2782956063747406,0.6388080789478793
FR016892,0.27947720885276794,0.6425724092218319
FR004303,0.2754862606525421,0.6299074107444981
FR017839,0.18905051052570343,0.3861957134594339
FR010249,0.24700060486793518,0.5434089521568206
FR001412,0.4790274500846863,1.5232421870884236
FR014469,0.3031642436981201,0.7207272618064868
FR010927,0.32518061995506287,0.7982896663143307
FR018028,0.7044860124588013,3.949278235157211
FR003139,0.27875635027885437,0.6402744424608111
FR010005,0.2686387300491333,0.6084992775818125
FR012393,0.7807791233062744,5.9002400557375205
FR012873,0.38656824827194214,1.0439587217459823
FR001786,0.29822924733161926,0.7040092531837152
FR015942,0.20221386849880219,0.4199019142923957
FR010666,0.2677004337310791,0.6055969750783524
FR002014,0.2849392592906952,0.6601349945932877
FR016635,0.3664102554321289,0.9580383207602877
FR012461,0.31565341353416443,0.7641133443506309
FR012562,0.28866446018218994,0.6722676442083946
FR004357,0.3812090754508972,1.0205697583409803
FR000103,0.28112637996673584,0.6478470009453515
FR013175,0.7874017953872681,6.135644765813574
FR000453,0.542009711265564,1.960533185653757
FR001345,0.25116705894470215,0.5556497698698086
FR010601,0.30083364248275757,0.7128026058284046
FR012380,0.2397175282239914,0.5223338992152969
FR006652,0.28433749079704285,0.658186937665623
FR001580,0.32397472858428955,0.793910604164407
FR004289,0.5243951082229614,1.8265674671626784
FR004758,0.27868038415908813,0.6400325437253531
FR007620,0.2901063561439514,0.6769979534086072
FR019144,0.2777653634548187,0.6371228433818221
FR016124,0.21667581796646118,0.45823927603209497
FR017502,0.2346036732196808,0.5077756061484265
FR012968,0.2646804451942444,0.5963059463855027
FR008065,0.31296756863594055,0.7546498618140535
FR012310,0.43672123551368713,1.2844119292858132
FR014361,0.26928389072418213,0.6104991884800617
FR003232,0.5367447137832642,1.9194234282352332
FR017353,0.2616741955280304,0.5871326741570482
FR014246,0.25550979375839233,0.5685543173496425
FR019230,0.28977879881858826,0.6759216770631816
FR006568,0.31608259677886963,0.7656324444692901
FR011106,0.44575759768486023,1.3323625132950732
FR011262,0.4606397747993469,1.4148354013756597
FR013985,0.37990453839302063,1.0149375678951913
FR009868,0.22405555844306946,0.4783529927050551
FR002657,0.2637653946876526,0.5935058297436346
FR000568,0.23022371530532837,0.4954603787347968
FR019578,0.2841862440109253,0.6576978336286813
FR018069,0.2656657099723816,0.5993287256410078
FR005480,0.2728547751903534,0.6216326281496655
FR008402,0.24152347445487976,0.5275220321202059
FR017000,0.29066985845565796,0.6788518153935713
FR000964,0.29775384068489075,0.7024111529625431
FR009555,0.1818372756242752,0.3681854535254744
FR016326,0.22167721390724182,0.47182908518232486
FR008162,0.5336752533912659,1.8958850473395392
FR013552,0.2402966469526291,0.5239949082254
FR010137,0.3054525852203369,0.7285599693981764
FR014218,0.3351760804653168,0.8351986446686527
FR008836,0.3371516168117523,0.8426252028186115
FR009613,0.3451523184776306,0.8731601364433565
FR017404,0.2895330786705017,0.6751149499138827
FR005191,0.2927817404270172,0.6858259634383195
FR012338,0.26823359727859497,0.6072452232600816
FR017160,0.23595492541790009,0.5116034521623257
FR001011,0.17544080317020416,0.3524781222193426
FR005734,0.29306522011756897,0.6867652812020562
FR010397,0.3331483006477356,0.8276214525850346
FR010138,0.3613954186439514,0.937505905764116
FR003514,0.2868184447288513,0.6662394932235267
FR008824,0.2713228762149811,0.6168430503390597
FR005021,0.332308828830719,0.8244980740316402
FR008199,0.6323134303092957,2.8489054675489003
FR016561,0.24351397156715393,0.5332690413628037
FR019952,0.2819160223007202,0.6503811143096289
FR002694,0.24325793981552124,0.5325281262689002
FR001890,0.25623631477355957,0.5707279073208241
FR015031,0.28894704580307007,0.6731931880726162
FR019995,0.31468018889427185,0.7606756512444234
FR016024,0.6602429151535034,3.2192790787156516
FR010326,0.7454522252082825,4.851476252539217
FR011914,0.2313345968723297,0.4985705857619942
FR011705,0.26065972447395325,0.5840539509396484
FR013755,0.4707568883895874,1.4735499727373595
FR006318,0.23850151896476746,0.5188544038545964
FR012674,0.2740336060523987,0.6253320786700786
FR018617,0.2413119673728943,0.5269131363808999
FR015158,0.2603697180747986,0.583175389917751
FR009585,0.31557008624076843,0.7638186270797986
FR004375,0.24953463673591614,0.550837607192096
FR005835,0.2919688820838928,0.6831367055172172
FR001157,0.3286328911781311,0.8109131929325143
FR011971,0.2570244073867798,0.5730905124328591
FR002380,0.28669267892837524,0.665829941107117
FR016383,0.3390820622444153,0.8499251411112679
FR018119,0.3026915490627289,0.7191156935033381
FR003006,0.20329852402210236,0.42272896193383014
FR015569,0.28177255392074585,0.6499202825948075
FR016516,0.34123316407203674,0.8581098851441045
FR009865,0.349325567483902,0.8893854710470669
FR006314,0.2640688717365265,0.594433718370639
FR012108,0.437911719083786,1.2906409373905932
FR008749,0.3257623314857483,0.8004076885398062
FR006346,0.33111152052879333,0.8200568769730279
FR019480,0.27814000844955444,0.6383132958224658
FR012550,0.2890739142894745,0.6736089557877879
FR004051,0.5441755056381226,1.9777196559605845
FR007734,0.38412368297576904,1.0332394498819526
FR003482,0.26058149337768555,0.5838168855606658
FR008975,0.8417742848396301,8.813369665813243
FR012891,0.3932371139526367,1.0736405132101448
FR011902,0.23663364350795746,0.5135312470669843
FR016409,0.3962135910987854,1.087099848444432
FR009667,0.4120493531227112,1.1609987801994166
FR013022,0.8609059453010559,10.25346230081443
FR013472,0.2895444333553314,0.6751522163360533
FR015074,0.25358498096466064,0.5628161588860451
FR012071,0.3244357407093048,0.7955828732097167
FR011573,0.39192259311676025,1.0677383257682447
FR001755,0.6833010911941528,3.5742830906847423
FR000205,0.24975812435150146,0.5514951816072711
FR006781,0.5168797373771667,1.7723833190852971
FR007909,0.4890778064727783,1.5857933304607499
FR007697,0.27932220697402954,0.6420779032976084
FR002054,0.284182608127594,0.6576860784008085
FR009192,0.26841506361961365,0.6078067652816246
FR000129,0.25276780128479004,0.5603889619736245
FR004403,0.2699858844280243,0.6126792897941334
FR017739,0.4200563132762909,1.1999001029681429
FR011946,0.2994866669178009,0.7082465798874328
FR016796,0.2564380466938019,0.5713321979955377
FR002407,0.2964068353176117,0.6978948637934713
FR009208,0.34787407517433167,0.8837186052101796
FR005253,0.30337318778038025,0.7214403165309283
FR012942,0.28968343138694763,0.6756085086811827
FR014825,0.26923829317092896,0.6103577262581474
FR003966,0.27777737379074097,0.6371609876380864
FR019695,0.2985582649707794,0.7051165287440667
FR005792,0.27645641565322876,0.6329732769849591
FR015086,0.214680016040802,0.45286459551780206
FR019475,0.43079671263694763,1.2538003312638135
FR003309,0.48032647371292114,1.531190867134127
FR002957,0.3076116442680359,0.7359976284245999
FR005688,0.2929787039756775,0.6864785277204468
FR019020,0.6674830913543701,3.3254462579890243
FR015498,0.31359103322029114,0.7568400175694137
FR019147,0.2938970923423767,0.6895260667618626
FR014362,0.2519846260547638,0.5580677423098648
FR011906,0.2409323751926422,0.5258212009597564
FR009356,0.41743990778923035,1.187070834447306
FR003912,0.29625576734542847,0.6973894357458202
FR019357,0.19539786875247955,0.40231112591651974
FR001865,0.31484073400497437,0.7612420674382067
FR002611,0.2879859507083893,0.6700483430255718
FR004780,0.3190096318721771,0.7760437862653277
FR010685,0.2636606693267822,0.5931858068559702
FR017505,0.28877124190330505,0.6726172965971591
FR004195,0.306130975484848,0.7308919428754719
FR019647,0.19219660758972168,0.3941517366309908
FR019321,0.39878910779953003,1.0988536295000528
FR000747,0.4064543843269348,1.1344389010777403
FR003936,0.2423548698425293,0.529918783741818
FR017457,0.3128255605697632,0.7541515603336447
FR001908,0.2971287965774536,0.7003133294861827
FR014291,0.277689129114151,0.636880756317219
FR004735,0.30282339453697205,0.7195649774404975
FR014157,0.4553702175617218,1.3851175625893895
FR000918,0.27511733770370483,0.6287437008350028
FR010603,0.26270973682403564,0.5902840795663608
FR007445,0.2675999701023102,0.6052866655366168
FR008039,0.7348160147666931,4.59044426938699
FR017283,0.2968614399433136,0.6994171444286962
FR012647,0.16511330008506775,0.32762566413193445
FR014166,0.2789415419101715,0.6408643613176853
FR001377,0.23455001413822174,0.5076238789494679
FR001128,0.22273476421833038,0.47472506444647267
FR013492,0.27744266390800476,0.6360984397069035
FR001449,0.27079224586486816,0.6151886939532984
FR016055,0.7253960967063904,4.376147055242617
FR008699,0.2610129714012146,0.5851250277380963
FR004081,0.30284661054611206,0.7196441071947073
FR002289,0.3533366024494171,0.9051774961435418
FR007742,0.8875863552093506,13.080218156066673
FR004253,0.30647993087768555,0.7320932575444713
FR000402,0.25554990768432617,0.5686742186768737
FR009814,0.596859335899353,2.452668106706627
FR002737,0.22983364760875702,0.49437040930652254
FR013962,0.3119681775569916,0.7511474024613022
FR011091,0.4317985773086548,1.2589320488214362
FR011226,0.23905956745147705,0.5204498260577639
FR015032,0.3582927882671356,0.9249633947930234
FR003322,0.44816964864730835,1.3454273668726189
FR014522,0.321942001581192,0.7865642361360315
FR005027,0.2808544337749481,0.6469755618762957
FR004475,0.2817533314228058,0.6498585524060478
FR000027,0.2697383463382721,0.6119100607380472
FR004876,0.3044247329235077,0.7250353836591564
FR013898,0.44343259930610657,1.3198763635218895
FR016262,0.2743518650531769,0.6263329113868132
FR011310,0.3166866600513458,0.7677737679337395
FR004481,0.24825453758239746,0.5470786659110961
FR019423,0.21710094809532166,0.45938768872173774
FR006948,0.2309821993112564,0.49758298238493914
FR008870,0.31665751338005066,0.7676703599573326
FR011511,0.24541158974170685,0.5387761188654437
FR001203,0.2746580243110657,0.6272965227252532
FR012682,0.306064248085022,0.7306623645743112
FR015219,0.27635377645492554,0.6326485296068184
FR009043,0.38681870698928833,1.045061795122945
FR007110,0.24260437488555908,0.530639084876719
FR008095,0.3996846079826355,1.1029640169354764
FR009259,0.2287270426750183,0.49128421435628555
FR012088,0.4071458578109741,1.1376942456921995
FR017380,0.27115488052368164,0.6163190263641237
FR008825,0.518474817276001,1.7837420963627972
FR002309,0.2606615126132965,0.5840593701633461
FR005919,0.23250117897987366,0.5018464331350613
FR004421,0.2996508777141571,0.7088010703902858
FR019080,0.22721433639526367,0.48707974832343043
FR014502,0.246039479970932,0.5406044227767113
FR001318,0.23408488929271698,0.5063095760048244
FR008144,0.2926015853881836,0.6852294059994327
FR010368,0.27870699763298035,0.6401172831488313
FR012588,0.2668209969997406,0.6028834789630817
FR014745,0.3265632688999176,0.8033299035562566
FR013423,0.5138211846351624,1.7508114344300103
FR006897,0.2637299597263336,0.5933975363392576
FR008326,0.2390495091676712,0.5204210494085748
FR000959,0.422465056180954,1.2118138879079583
FR005664,0.2694805860519409,0.6111096200686087
FR001969,0.27204886078834534,0.6191103735094009
FR008198,0.30050066113471985,0.7116746931579229
FR018343,0.3084964454174042,0.739059062452105
FR009046,0.8406469225883484,8.739298468327911
FR002493,0.29247695207595825,0.6848168785399533
FR018323,0.3134952485561371,0.7565032789829674
FR001773,0.2184760719537735,0.46311089561407814
FR019656,0.2796928882598877,0.6432608501079619
FR011470,0.36176756024360657,0.9390184939884638
FR018911,0.316779762506485,0.7681041404503647
FR003599,0.3181142508983612,0.7728494643757214
FR012653,0.343535453081131,0.8669293094157554
FR016556,0.6649774312973022,3.288184979613068
FR010578,0.45716556906700134,1.3951777047220797
FR019551,0.2668261229991913,0.6028992763390034
FR015758,0.20995378494262695,0.4402451809767513
FR007091,0.3003706634044647,0.7112346413103582
FR002157,0.3823096752166748,1.0253399747392387
FR017689,0.24692903459072113,0.5431998658615379
FR004256,0.28116899728775024,0.647983625952776
FR007555,0.24481838941574097,0.5370516186863674
FR015868,0.2617887556552887,0.5874808736893091
FR008262,0.29256880283355713,0.6851208839710022
FR013246,0.2756030857563019,0.6302761644196899
FR013449,0.33565953373908997,0.837011990178986
FR008914,0.26497626304626465,0.5972126603375845
FR008115,0.3431363105773926,0.8653958762761457
FR002312,0.23327748477458954,0.5040318802093577
FR003494,0.3006736636161804,0.7122605729779682
FR008360,0.31464824080467224,0.760562967446881
FR008207,0.25591006875038147,0.56975132641629
FR000274,0.530109167098999,1.8689244312672173
FR007975,0.29240715503692627,0.6845859187510754
FR000538,0.5873727202415466,2.358192397346736
FR010544,0.26068225502967834,0.5841222350739753
FR006946,0.29409345984458923,0.6901787129559388
FR000066,0.24428629875183105,0.5355070745037366
FR014641,0.7569950222969055,5.1606125392188815
FR018648,0.2553972601890564,0.5682180212159021
FR007155,0.26392894983291626,0.5940058086087765
FR006370,0.3773176670074463,1.0038388416489332
FR018787,0.3676483631134033,0.9631576732204574
FR006552,0.319770485162735,0.7787647821274066
FR009012,0.3082268238067627,0.738125335353482
FR011746,0.3046158254146576,0.7256898662326247
FR006409,0.3660263419151306,0.956454968850036
FR004673,0.28535112738609314,0.6614701933011001
FR013638,0.2745955288410187,0.6270997572498648
FR013697,0.6136096119880676,2.630808516873758
FR000686,0.26772114634513855,0.6056609622689192
FR009201,0.21357300877571106,0.4498951947896383
FR014990,0.8422271013259888,8.843419090236676
FR007993,0.2871202826499939,0.6672230078868352
FR012167,0.30520787835121155,0.7277199046215248
FR018977,0.2680862843990326,0.6067895728489339
FR005878,0.26625752449035645,0.6011483072775049
FR016520,0.22282706201076508,0.4749781852262481
FR006760,0.2558839023113251,0.5696730372089648
FR014608,0.39088115096092224,1.06308034548202
FR012049,0.2822485566139221,0.6514499490312596
FR019204,0.2059173882007599,0.4295866079977206
FR019547,0.3165413439273834,0.7672582959606484
FR015276,0.27897289395332336,0.6409642617068962
FR017330,0.25478026270866394,0.5663759864987069
FR002317,0.2726224660873413,0.6209050015155151
FR003621,0.40519505739212036,1.1285296394079996
FR012407,0.16006048023700714,0.3156890362450931
FR016317,0.30117788910865784,0.7139698075812725
FR011815,0.21558105945587158,0.45528771258085626
FR011461,0.2867261469364166,0.6659389144512097
FR001289,0.3024675250053406,0.7183526861955444
FR019077,0.23844319581985474,0.5186877969524574
FR013200,0.2992335855960846,0.7073925092167463
FR010073,0.35459959506988525,0.9101907153987056
FR014731,0.2573338747024536,0.5740196286166744
FR003902,0.21505911648273468,0.4538834076104659
FR019650,0.6093857288360596,2.5844466544014675
FR013519,0.2956012487411499,0.6952021175348193
FR003741,0.5637800693511963,2.1410539643174054
FR005636,0.643557608127594,2.9910348889762135
FR014351,0.2413468360900879,0.5270134945806957
FR003121,0.2656848430633545,0.5993875060001169
FR002543,0.44415736198425293,1.3237574167340806
FR005266,0.5219123959541321,1.8084792404175454
FR017539,0.21851365268230438,0.4632128309878275
FR013639,0.21777163445949554,0.4612019655272137
FR005060,0.2972540855407715,0.7007335353755572
FR004930,0.30575138330459595,0.7295865292748417
FR010933,0.22692495584487915,0.4862773093252368
FR011582,0.5706347227096558,2.2016824152443597
FR001805,0.29316481947898865,0.6870954852915248
FR015927,0.24389010667800903,0.5343584264914807
FR004945,0.28180456161499023,0.6500230778690727
FR018774,0.288849800825119,0.6728746016227988
FR007634,0.3504776656627655,0.8939014827450508
FR017922,0.26263153553009033,0.5900457849229883
FR018302,0.23314480483531952,0.5036580476857504
FR008029,0.3677842319011688,0.9637206871364453
FR014952,0.27255451679229736,0.6206922620714823
FR004844,0.3303011655807495,0.8170600240570763
FR006437,0.3338896632194519,0.8303863474407163
FR013776,0.5667447447776794,2.1670406688947494
FR016100,0.31694296002388,0.7686834614259648
FR004889,0.2663308382034302,0.6013739205730648
FR010421,0.2675146758556366,0.605023277614553
FR000494,0.3478138744831085,0.8834841165441333
FR004231,0.30534520745277405,0.7281912747493718
FR011478,0.5229107141494751,1.8157300289462357
FR012847,0.3085296154022217,0.7391739837893727
FR000369,0.49206337332725525,1.6048517069266508
FR018880,0.32098281383514404,0.7831129623619382
FR016015,0.2784234881401062,0.6392148876973965
FR003926,0.17176254093647003,0.34355556423945294
FR003637,0.3124069273471832,0.752683788326694
FR008732,0.3118174970149994,0.7506202109350859
FR016246,0.6944007873535156,3.7642752558306976
FR019172,0.23802919685840607,0.5175058934553155
FR018640,0.3180912733078003,0.7727676009294963
FR004603,0.26547110080718994,0.5987310246258436
FR000060,0.2651463449001312,0.5977343102719923
FR018382,0.36194872856140137,0.9397555002848584
FR019535,0.26823145151138306,0.607238584915398
FR018043,0.17883379757404327,0.3607795660987898
FR018428,0.5004470348358154,1.6595868254794894
FR015983,0.3193516731262207,0.7772662560642776
FR005412,0.28846976161003113,0.6716303818051205
FR005906,0.3279951214790344,0.8085713660106082
FR012851,0.30026179552078247,0.7108662413440816
FR003172,0.33491086959838867,0.8342050065866451
FR016628,0.36065882444381714,0.9345171736567374
FR009048,0.25260135531425476,0.5598952327865706
FR003250,0.5254493951797485,1.8343059066137206
FR018718,0.22933976352214813,0.49299192781287327
FR002823,0.3575131595134735,0.9218307576680143
FR007626,0.3281867802143097,0.8092746505105136
FR017871,0.27690866589546204,0.6344052813892462
FR017929,0.2671110928058624,0.6037778478490393
FR004591,0.420756071805954,1.2033509386905978
FR005859,0.26718392968177795,0.6040025160337327
FR010168,0.2045888453722,0.4261020989596672
FR008363,0.5114274621009827,1.7341169841021582
FR015536,0.28729793429374695,0.6678022609692357
FR003592,0.36336320638656616,0.9455241242486645
FR018628,0.26182469725608826,0.5875901385832752
FR001070,0.4731908440589905,1.4880119453497525
FR019604,0.679482638835907,3.5119652136139954
FR004145,0.28415969014167786,0.6576119846720649
FR002598,0.2605440020561218,0.5837032925797037
FR009921,0.3387642204761505,0.8487202980436763
FR004969,0.285102903842926,0.6606653151769188
FR018384,0.33022382855415344,0.8167743954945759
FR010454,0.19689953327178955,0.4061609887998044
FR003511,0.3494184613227844,0.8897490048776707
FR011237,0.2401660978794098,0.5236202506810791
FR014442,0.2811838984489441,0.6480314007569483
FR013980,0.26622945070266724,0.6010619258308547
FR005285,0.3462023138999939,0.8772229522323025
FR018432,0.3208279311656952,0.7825565898811442
FR002184,0.23849394917488098,0.5188327784209779
FR017257,0.2589631676673889,0.5789240657479132
FR014488,0.2614479064941406,0.5864451978636317
FR001854,0.2737376391887665,0.6244021354435025
FR012558,0.326198548078537,0.801998360501269
FR017259,0.24568656086921692,0.539576410943402
FR000777,0.2574409544467926,0.5743412953264624
FR002106,0.2687061131000519,0.6087079909030066
FR006073,0.2643805742263794,0.5953875534892527
FR000637,0.22476260364055634,0.48030016882741305
FR009168,0.4972173869609833,1.6382850019928399
FR011848,0.30121928453445435,0.7141102402679675
FR017537,0.3007567822933197,0.7125421608043278
FR001405,0.6402629017829895,2.948468624894201
FR002052,0.2900836169719696,0.6769232057558661
FR007136,0.4029550850391388,1.1180804046864785
FR019043,0.3654785454273224,0.9541990414532374
FR006694,0.2586107552051544,0.5778614198232407
FR017351,0.2439885139465332,0.5346436184411727
FR000341,0.2627670466899872,0.5904587460406903
FR012592,0.417705774307251,1.188369220475
FR016418,0.27886906266212463,0.6406334461422657
FR010337,0.2805502414703369,0.6460015722214492
FR016458,0.2451896220445633,0.53813051639674
FR011355,0.28389647603034973,0.6567613548455411
FR001221,0.31877803802490234,0.7752167571356898
FR012430,0.29305902123451233,0.686744732975892
FR019395,0.29146212339401245,0.6814632692103416
FR005064,0.2890663743019104,0.6735842419311522
FR008893,0.1746063232421875,0.3504469052469745
FR014704,0.2486318200826645,0.548185204200864
FR010431,0.26218292117118835,0.5886797452720012
FR019383,0.2717479169368744,0.6181699469011054
FR012466,0.32072868943214417,0.7822002252027158
FR017970,0.24329157173633575,0.5326254230845737
FR013706,0.3016837537288666,0.7156870789209646
FR014956,0.5960987210273743,2.444929614015448
FR018581,0.28529155254364014,0.6612769676970519
FR004568,0.7232534885406494,4.329440558508201
FR005499,0.23749375343322754,0.515979188015464
FR015406,0.23700939118862152,0.514599975834702
FR008291,0.28708165884017944,0.6670971088339893
FR017807,0.27503079175949097,0.6284708766627739
FR005157,0.26369085907936096,0.5932780522653514
FR012687,0.28351229429244995,0.655520915416272
FR007889,0.2812921404838562,0.6483784963955342
FR015870,0.30824825167655945,0.7381995156243115
FR018287,0.418325275182724,1.1913992206056976
FR016607,0.2206418216228485,0.4690013972297568
FR003524,0.5760140419006348,2.250634627155512
FR013105,0.2740683853626251,0.6254414068545515
FR009426,0.42205721139907837,1.2097896796422274
FR014876,0.2298833280801773,0.4945091705047078
FR019307,0.27459827065467834,0.6271083890727456
FR011408,0.25338342785835266,0.5622170098013745
FR009421,0.26911795139312744,0.6099844617082181
FR015873,0.22668519616127014,0.485612921633702
FR006146,0.25700703263282776,0.5730383710179092
FR008923,0.4288856089115143,1.2440612687172181
FR004963,0.6412727236747742,2.9614320138987766
FR016704,0.44217368960380554,1.313158963360198
FR004974,0.23994944989681244,0.5229987853531686
FR004757,0.28586816787719727,0.6631485213386031
FR006980,0.29826629161834717,0.7041338701094731
FR011492,0.4604414999485016,1.4137067142379178
FR018282,0.3343798816204071,0.83221798860425
FR002062,0.27080076932907104,0.6152152486937472
FR011703,0.3369074761867523,0.8417050178840302
FR006013,0.8483940958976746,9.270537652645572
FR004517,0.327643483877182,0.8072820877352848
FR009008,0.23382914066314697,0.5055875872276733
FR008961,0.3505293130874634,0.8941043063169267
FR018021,0.27662742137908936,0.6335145387045679
FR013508,0.33660081028938293,0.8405501300287951
FR012157,0.33151161670684814,0.8215391910105393
FR007230,0.26637277007102966,0.6015029806434744
FR003008,0.26194068789482117,0.5879428305471626
FR005651,0.22658812999725342,0.4853440629246548
FR015210,0.34102240204811096,0.8573055938250643
FR014093,0.24232782423496246,0.529840733731198
FR015300,0.3326096832752228,0.8256165439194714
FR014129,0.33647605776786804,0.8400806239747522
FR013398,0.21309594810009003,0.4486181185465457
FR017947,0.2929801344871521,0.6864832685095207
FR003044,0.315454363822937,0.7634094516857106
FR017532,0.25009843707084656,0.5524972469010709
FR004538,0.41770094633102417,1.1883456319951164
FR013730,0.39758217334747314,1.0933330784707855
FR009821,0.2582998275756836,0.5769247035748885
FR019408,0.2284378707408905,0.4904792057342096
FR009054,0.23726895451545715,0.5153388595837253
FR002444,0.291851669549942,0.6827494292593456
FR010776,0.22633026540279388,0.4846301443613924
FR000921,0.33038872480392456,0.8173834858564979
FR001606,0.8745264410972595,11.546334307159066
FR015818,0.35330528020858765,0.9050534170451559
FR008096,0.27010655403137207,0.6130544619188095
FR003037,0.24416548013687134,0.5351566671327908
FR003293,0.15062285959720612,0.29377424533450985
FR012076,0.3051604926586151,0.7275573006147197
FR006382,0.23394979536533356,0.5059281402888567
FR000339,0.2421676516532898,0.5293786112496848
FR005024,0.2572309672832489,0.5737105829333409
FR007047,0.37183743715286255,0.9806283906181723
FR004492,0.25728416442871094,0.5738703308692872
FR001834,0.25126779079437256,0.555947401272499
FR005520,0.28306153416633606,0.6540672037820598
FR006086,0.21657472848892212,0.45796638438624904
FR015397,0.4312695264816284,1.2562199095890365
FR004909,0.28591933846473694,0.6633147546817072
FR015901,0.46285125613212585,1.4274808195627684
FR013150,0.2683302164077759,0.6075441735178423
FR017592,0.3136754333972931,0.757136810986502
FR006982,0.26364850997924805,0.5931486558564678
FR000377,0.3303394019603729,0.8172012667127426
FR018537,0.23903529345989227,0.5203803797084174
FR004960,0.3122348487377167,0.7520809808530597
FR000448,0.1898331642150879,0.3881691572913602
FR012191,0.17537443339824677,0.35231642033188115
FR012836,0.26357483863830566,0.5929235907410414
FR004628,0.4418399930000305,1.311383476444423
FR014274,0.2954771816730499,0.6947879593224411
FR003824,0.5172321796417236,1.7748866474244656
FR001099,0.33468446135520935,0.833357373077288
FR011502,0.25530359148979187,0.5679381785048735
FR008030,0.253289133310318,0.5619368151211361
FR005933,0.4489554762840271,1.349708496948644
FR015634,0.7141749858856201,4.13930855020273
FR008068,0.24807433784008026,0.5465505468498703
FR011916,0.7660871744155884,5.425597293389855
FR004796,0.18881256878376007,0.385596503506684
FR009085,0.4410533905029297,1.3072066187555766
FR013649,0.5477687120437622,2.006596338580087
FR000850,0.24486131966114044,0.5371763308023004
FR000770,0.23088601231575012,0.4973135730398642
FR010765,0.317659467458725,0.7712302093371628
FR013564,0.6306805610656738,2.82898521343975
FR015744,0.28500989079475403,0.6603638593316493
FR005555,0.28122732043266296,0.6481706278326487
FR010491,0.2975238859653473,0.7016389263001264
FR008140,0.7119407057762146,4.094353458009515
FR012116,0.3797261714935303,1.014169330130069
FR000975,0.3782247304916382,1.0077199976094429
FR009280,0.2635408341884613,0.5928197227188973
FR014092,0.27620404958724976,0.6321749634158693
FR008508,0.29751870036125183,0.7016215179975493
FR001814,0.5720935463905334,2.214836191405528
FR000709,0.2680366635322571,0.6066361328694337
FR010736,0.4674893319606781,1.4543428209322562
FR015100,0.4249786138534546,1.2243525151070525
FR009351,0.27533769607543945,0.6294386444532024
FR002426,0.26358795166015625,0.5929636475805388
FR016698,0.27626025676727295,0.6323527162873355
FR015789,0.3107646107673645,0.7469428720216191
FR018420,0.2828972041606903,0.6535376903618045
FR009623,0.2738276720046997,0.6246849429942034
FR004188,0.30522847175598145,0.7277905778054062
FR001435,0.27854275703430176,0.6395944277436691
FR012965,0.24389319121837616,0.5343673646033902
FR004333,0.23854215443134308,0.5189704989152768
FR017171,0.2906712293624878,0.6788563291212037
FR005118,0.2893501818180084,0.6745148409425142
FR015106,0.2730982005596161,0.6223955715777164
FR008940,0.2673564553260803,0.6045348563340027
FR002900,0.249536395072937,0.5508427792720675
FR010027,0.19316859543323517,0.3966222986803153
FR014995,0.25884559750556946,0.5785694385602267
FR009135,0.2509341537952423,0.5549619138322929
FR018941,0.27617698907852173,0.6320893955261115
FR010270,0.20756438374519348,0.43392257681746954
FR008892,0.33113405108451843,0.8201403031802891
FR017607,0.29869842529296875,0.7055885396899637
FR012318,0.2928026616573334,0.685895260773982
FR001795,0.16998961567878723,0.3392831295567373
FR016314,0.2834368050098419,0.655277333267576
FR017166,0.22533191740512848,0.481870620969583
FR019800,0.25250333547592163,0.5596045791131765
FR005798,0.2734939754009247,0.6236370998639639
FR014000,0.2964029312133789,0.6978817991016378
FR014589,0.24763470888137817,0.5452631690006164
FR017468,0.43823450803756714,1.2923344267605297
FR007275,0.28735244274139404,0.6679800497676484
FR009916,0.25955164432525635,0.5807007819909891
FR001035,0.2515677511692047,0.5568341657313226
FR018686,0.2527081370353699,0.5602119544403967
FR009892,0.13393725454807281,0.256197822603932
FR014560,0.34120073914527893,0.8579861145224326
FR003831,0.30074721574783325,0.7125097480398745
FR006976,0.5041167140007019,1.6841277253725713
FR015823,0.3379143178462982,0.8455042536804668
FR017601,0.28795352578163147,0.6699423919183402
FR014968,0.3727048337459564,0.9842750661285231
FR010051,0.32844278216362,0.810214666205293
FR001824,0.22670134902000427,0.48565766917912606
FR011229,0.25193265080451965,0.5579138670622751
FR017528,0.5985779762268066,2.470261539829521
FR004206,0.3043924868106842,0.7249249777360703
FR014800,0.23929394781589508,0.5211206014038391
FR015837,0.2783602178096771,0.6390135984170713
FR012237,0.37881383299827576,1.0102467288472825
FR000434,0.3223183751106262,0.7879211426195352
FR012739,0.23663479089736938,0.5135345089535857
FR018101,0.3686416745185852,0.9672793531412255
FR017466,0.28479287028312683,0.6596607994558993
FR013810,0.2957339286804199,0.6956451885289163
FR013410,0.27836042642593384,0.639014262054298
FR012593,0.24758781492710114,0.5451259369089824
FR006462,0.43894410133361816,1.2960641079696713
FR000455,0.24847112596035004,0.5477137658365689
FR001051,0.12286694347858429,0.2320560926417133
FR014555,0.32331836223602295,0.7915336413744963
FR000431,0.2180294245481491,0.4619001426967557
FR001733,0.6144518852233887,2.6401748910129554
FR006510,0.24007897078990936,0.5233702797682777
FR002050,0.2579594552516937,0.5759001807844795
FR012976,0.2745642066001892,0.6270011526862265
FR008867,0.2438921183347702,0.5343642556866285
FR014020,0.25840502977371216,0.5772415530977844
FR014752,0.19853147864341736,0.41036121489053334
FR006096,0.21451139450073242,0.4524117501680597
FR013809,0.6217322945594788,2.722874098612569
FR006270,0.19694872200489044,0.40628733898432057
FR011316,0.3840435743331909,1.0328896180873803
FR013515,0.24325723946094513,0.5325261002419313
FR015345,0.2966693043708801,0.6987735227098861
FR008382,0.24984021484851837,0.5517368173662162
FR017594,0.28066298365592957,0.6463624639834308
FR008110,0.34670963883399963,0.8791906571776017
FR013285,0.2755586504936218,0.6301358923100782
FR017583,0.338591068983078,0.8480644197774955
FR001843,0.5610308051109314,2.117269118861331
FR014934,0.2080112099647522,0.4351020254395458
FR007947,0.3142959773540497,0.7593211986145167
FR019490,0.2513155937194824,0.556088672125618
FR008431,0.5708438754081726,2.2035627909719606
FR007798,0.28829580545425415,0.6710613057474101
FR011499,0.23896591365337372,0.5201819129118151
FR007610,0.5328329205513,1.8894796446456938
FR005610,0.23914563655853271,0.5206961000213383
FR008904,0.25128164887428284,0.5559883538712845
FR014965,0.3368266820907593,0.8414006478804669
FR008369,0.5867465138435364,2.352108716297599
FR011533,0.6374188661575317,2.9123469398430437
FR015416,0.25437435507774353,0.5651658191535395
FR006572,0.3183958828449249,0.773853297441467
FR018887,0.2586008310317993,0.5778315096199503
FR018118,0.8265306949615479,7.89332068378014
FR001073,0.3662767708301544,0.9574875805265187
FR001132,0.21685495972633362,0.45872304332188574
FR009276,0.30924007296562195,0.7416380979368596
FR013961,0.22809435427188873,0.48952369440218463
FR008243,0.27396106719970703,0.6251040876956176
FR007893,0.2637510895729065,0.5934621103778518
FR011371,0.632686197757721,2.8534778901798674
FR011997,0.2497226446866989,0.5513907625501302
FR008465,0.24956682324409485,0.5509322863931314
FR016254,0.2715403437614441,0.6175217493463673
FR016263,0.27345460653305054,0.6235135408733729
FR013741,0.2854979634284973,0.66194658028399
FR010701,0.36176368594169617,0.9390027376074328
FR019768,0.2759682834148407,0.6314296633627757
FR007301,0.29913389682769775,0.7070562599899417
FR012292,0.23468855023384094,0.5080156490723352
FR015707,0.3152669370174408,0.7627470347955588
FR014844,0.4696451425552368,1.4669884121223755
FR012719,0.6104685664176941,2.596236173873382
FR016688,0.5151461362838745,1.760122867744786
FR002961,0.29050272703170776,0.678301663809959
FR004241,0.24946646392345428,0.550637098199455
FR012367,0.33872103691101074,0.8485566914355566
FR017817,0.21515478193759918,0.45414065890787636
FR006341,0.306791216135025,0.7331659095809518
FR009964,0.35665467381477356,0.9183900476098623
FR009768,0.31529080867767334,0.7628313835293161
FR001482,0.31844767928123474,0.7740380080647578
FR016829,0.22035953402519226,0.4682317641471178
FR010286,0.3061119616031647,0.7308265203529803
FR008795,0.32029080390930176,0.7806290754974695
FR018748,0.3260836601257324,0.8015792196789148
FR001153,0.1327613890171051,0.2536042817320382
FR008947,0.2723085880279541,0.619922626688094
FR004148,0.26286453008651733,0.5907559140145123
FR011694,0.30977559089660645,0.7434988134044237
FR018011,0.26214462518692017,0.5885632101899695
FR004947,0.2749781012535095,0.628304808996367
FR019117,0.2723422646522522,0.620027987122166
FR001162,0.3184196949005127,0.7739382098284071
FR003372,0.2756669521331787,0.6304778063223144
FR011400,0.31638103723526,0.7666899029843033
FR014949,0.27626165747642517,0.6323571463244237
FR011800,0.20332975685596466,0.42281048125840726
FR013384,0.22825931012630463,0.4899824226842391
FR002001,0.3000541031360626,0.7101637452499261
FR018123,0.24971000850200653,0.5513535757874495
FR014215,0.3050113022327423,0.7270454984631008
FR007741,0.24939434230327606,0.5504250146723099
FR019343,0.28051644563674927,0.6458934125848046
FR015829,0.2647250294685364,0.5964425553512089
FR001623,0.3731764554977417,0.9862620758159867
FR014501,0.3159639835357666,0.7652124206153457
FR000930,0.2461998462677002,0.5410718690188152
FR011633,0.27265945076942444,0.6210208119273216
FR017756,0.26748302578926086,0.6049255580768068
FR009580,0.7161790728569031,4.180234174772804
FR017459,0.8863351941108704,12.918002940431217
FR008612,0.4752160608768463,1.5001475403681488
FR013235,0.2535136938095093,0.5626042093509852
FR009380,0.34185007214546204,0.8604670355097885
FR012790,0.2756498157978058,0.6304236991949619
FR010793,0.243342787027359,0.5327736050314942
FR009849,0.24738556146621704,0.5445342513154252
FR003715,0.45837217569351196,1.40197632448497
FR010717,0.27389752864837646,0.6249044222630445
FR001248,0.4950823485851288,1.6243525267286325
FR001473,0.25868239998817444,0.5780773718967952
FR012973,0.2519914507865906,0.5580879488475178
FR013763,0.6327698230743408,2.8545049259382544
FR014002,0.7579332590103149,5.187035746356868
FR016757,0.19241447746753693,0.394704992961135
FR019345,0.3086712956428528,0.739664975897355
FR007381,0.5283830165863037,1.8560206898247242
FR018014,0.44113096594810486,1.3076180216121556
FR011838,0.2807578444480896,0.6466662044132381
FR006141,0.20677384734153748,0.43183912115999407
FR008248,0.2643936574459076,0.5954276068879324
FR004570,0.3400169909000397,0.8534759032167681
FR009097,0.2524729073047638,0.5595143673744897
FR010965,0.3178488314151764,0.7719041767845571
FR001757,0.21141105890274048,0.4441200892353631
FR017810,0.4039173126220703,1.1225594730308763
FR003337,0.374085932970047,0.9901022889826439
FR008849,0.26001644134521484,0.5821060847235868
FR003874,0.30986738204956055,0.743818041683357
FR017663,0.2665847837924957,0.6021557533835439
FR012758,0.29561150074005127,0.6952363470790387
FR015109,0.22902420163154602,0.49211208669955536
FR012652,0.2933600842952728,0.6877431214287395
FR001615,0.37445706129074097,0.9916725637699279
FR019186,0.4204634726047516,1.201906981787755
FR013920,0.24835366010665894,0.5473692764703388
FR019658,0.2728408873081207,0.6215891161725975
FR013094,0.5383785963058472,1.9320806358977634
FR013089,0.3179912865161896,0.7724114370603973
FR019750,0.3072264492511749,0.7346672873339617
FR012772,0.3563440442085266,0.9171473418734206
FR018508,0.17391884326934814,0.34877658557062247
FR017110,0.2396847903728485,0.5222400771664627
FR010030,0.2432468831539154,0.5324961413446913
FR010143,0.35776111483573914,0.9228262456015499
FR000166,0.3803715705871582,1.0169512009414203
FR012063,0.2662333548069,0.6010739381416532
FR003513,0.20861147344112396,0.43668858556173107
FR018957,0.3766493797302246,1.0009865912300893
FR015826,0.3135325610637665,0.7566344428906597
FR013232,0.2556191086769104,0.5688810922039435
FR014711,0.3370993733406067,0.8424282361257908
FR000623,0.2656761705875397,0.5993608621867731
FR012581,0.14655138552188873,0.2844696577785533
FR000480,0.28322848677635193,0.6546054165462865
FR001653,0.4787690341472626,1.5216656737694378
FR013808,0.2659948170185089,0.6003402297353772
FR017374,0.23576319217681885,0.5110594834988914
FR015059,0.3754688501358032,0.9959630059701928
FR015216,0.20178188383579254,0.4187781281697333
FR011780,0.2793336808681488,0.6421145014256168
FR012808,0.6222714185714722,2.7291248605920213
FR013465,0.25461846590042114,0.5658934497749872
FR003747,0.3060108423233032,0.7304786517116778
FR014203,0.30789852142333984,0.7369893729973026
FR000760,0.25688451528549194,0.5726707672363256
FR000383,0.40057769417762756,1.107075555771771
FR016197,0.33840325474739075,0.8473533888498492
FR000601,0.33506208658218384,0.8347714584687657
FR005618,0.2491670697927475,0.5497569551428967
FR015332,0.25622066855430603,0.5706810525588991
FR019709,0.2401435822248459,0.5235556469242794
FR013016,0.28950002789497375,0.6750064830393309
FR004448,0.1872446984052658,0.3816568998633783
FR008118,0.2563331723213196,0.5710180044889137
FR010007,0.32770612835884094,0.807511674817541
FR011626,0.2424653023481369,0.5302375350379501
FR014305,0.7011428475379944,3.8865678447924012
FR010351,0.3263227939605713,0.8024518023582752
FR017900,0.3005410432815552,0.7118114229831837
FR004154,0.3035135269165039,0.7219194862069398
FR013290,0.2449132204055786,0.5373271211016429
FR003461,0.26271697878837585,0.5903061498060643
FR015890,0.3588053584098816,0.9270271106433998
FR004778,0.2581252455711365,0.5763990932321151
FR010649,0.23005041480064392,0.49497598735013965
FR004747,0.20241095125675201,0.4204150194330303
FR000756,0.26962992548942566,0.6115733052084639
FR015313,0.6924193501472473,3.7293537894489615
FR004781,0.6299274563789368,2.8198569173769767
FR002265,0.2597220838069916,0.5812158968022032
FR005041,0.2693467438220978,0.6106942133879736
FR007027,0.3242710828781128,0.7949853337083056
FR015612,0.22463418543338776,0.47994624594833557
FR000585,0.28569895029067993,0.6625989688036026
FR010212,0.459918349981308,1.4107326411218248
FR009372,0.3046253025531769,0.7257223343375525
FR005566,0.3152311146259308,0.7626204700768959
FR017846,0.35450103878974915,0.9097988084883004
FR019712,0.2899526357650757,0.6764927407331217
FR011053,0.22697773575782776,0.48642362080830753
FR000368,0.27291083335876465,0.621808280300869
FR017432,0.5969794988632202,2.45389331600904
FR013439,0.29100921750068665,0.6799696918887371
FR013760,0.40563759207725525,1.1306033340845307
FR004942,0.5274086594581604,1.848778558926128
FR002113,0.29144755005836487,0.6814151800392404
FR017218,0.27173304557800293,0.6181234951902805
FR000750,0.7777371406555176,5.7968136756263045
FR002881,0.3535788357257843,0.9061374787312837
FR010789,0.49958738684654236,1.6538899823320004
FR017488,0.2505912482738495,0.5539499636777844
FR009664,0.2883836030960083,0.6713484901032521
FR010861,0.4377806782722473,1.2899539960145043
FR012611,0.3465898334980011,0.8787257059241996
FR001362,0.3120604157447815,0.7514702335390763
FR000871,0.19901873171329498,0.4116186024348588
FR018183,0.35098713636398315,0.8959036263249955
FR015957,0.3263361155986786,0.802500430302791
FR011832,0.2799356281757355,0.6440361604385316
FR006236,0.5066545009613037,1.701312661414645
FR014087,0.26420697569847107,0.5948562280842621
FR017016,0.20765288174152374,0.43415607170060005
FR005572,0.20883287489414215,0.43727438086244896
FR002665,0.28153714537620544,0.6491645305951977
FR011700,0.5173766613006592,1.7759139289676105
FR000230,0.8173680901527405,7.41420205686412
FR009374,0.2571343779563904,0.5734205892828412
FR002152,0.27299314737319946,0.622066251370038
FR013756,0.3171815574169159,0.7695309363935081
FR016043,0.2530817985534668,0.5613209721390493
FR000047,0.19536517560482025,0.4022274693315432
FR007803,0.270291805267334,0.613630665331384
FR013691,0.5714090466499329,2.208653111615297
FR004400,0.3919094502925873,1.0676794434397843
FR001603,0.21634013950824738,0.4573333812989554
FR002047,0.746013343334198,4.865854219825826
FR003013,0.298624724149704,0.7053403164971682
FR008592,0.23640339076519012,0.5128768652779924
FR019078,0.23720981180667877,0.5151704572564577
FR003632,0.6320508718490601,2.8456904461269903
FR012043,0.472553014755249,1.4842092131801614
FR010680,0.23254482448101044,0.5019691861443052
FR019099,0.2960677444934845,0.6967606708013058
FR011709,0.25838544964790344,0.5771825745792191
FR005871,0.25922301411628723,0.5797082405975823
FR012723,0.2485727071762085,0.5480117575379929
FR015591,0.40802741050720215,1.141855480484904
FR004002,0.26736488938331604,0.6045608866528583
FR006677,0.3046022057533264,0.7256432076441707
FR011685,0.2277686446905136,0.48861849911379857
FR005138,0.28082138299942017,0.6468696971009171
FR015519,0.4315204322338104,1.2575055297020954
FR007828,0.311585932970047,0.7498104791937231
FR019770,0.2615484893321991,0.5867507210452959
FR000541,0.37639346718788147,0.999895975095174
FR014158,0.21810145676136017,0.46209531102526497
FR016160,0.2831506133079529,0.6543543410888226
FR001679,0.2548137307167053,0.5664758263834931
FR003922,0.267428994178772,0.6047587550630472
FR000895,0.26268425583839417,0.5902064284656567
FR015147,0.8059676289558411,6.881241623348305
FR008809,0.31373661756515503,0.757352010896865
FR007369,0.26563045382499695,0.599220420322113
FR012410,0.3187519907951355,0.7751237768120746
FR018530,0.5787899494171143,2.276384684064568
FR001946,0.2777523398399353,0.637081482433388
FR015852,0.29891276359558105,0.706310721111314
FR004508,0.2865619659423828,0.6654044316711416
FR004656,0.2681642174720764,0.6070306031676904
FR019894,0.27943646907806396,0.6424424156067032
FR011875,0.3811413645744324,1.0202768400822162
FR010770,0.285378634929657,0.6615594223984425
FR001300,0.3927209675312042,1.0713199733910799
FR018328,0.48886239528656006,1.5844268637688261
FR006211,0.25752678513526917,0.5745991970305451
FR008996,0.5509874224662781,2.0328558228946654
FR001160,0.27496039867401123,0.6282490201860627
FR004640,0.3211858570575714,0.7838427226862482
FR001941,0.2830861806869507,0.6541466421262381
FR004579,0.2519378066062927,0.5579291301079884
FR003670,0.44783663749694824,1.3436168232020962
FR018346,0.5014856457710266,1.6664958555214238
FR006923,0.28103333711624146,0.6475487752182838
FR007553,0.2809888422489166,0.6474061852632425
FR002909,0.5521647334098816,2.0425550646201494
FR009949,0.24476055800914764,0.5368836411968982
FR001001,0.3422567546367645,0.8620233509989963
FR006213,0.3151422441005707,0.7623065372362577
FR006362,0.4346289336681366,1.2735278729849155
FR007420,0.36240682005882263,0.9416209192547279
FR008624,0.4254714250564575,1.226823717639244
FR006375,0.2767704129219055,0.6339673273473839
FR018037,0.3447684347629547,0.8716780006940064
FR018040,0.3683786392211914,0.9661866436631794
FR012926,0.22294090688228607,0.47529048031477095
FR010538,0.5647822022438049,2.1497984961875574
FR015755,0.25460052490234375,0.5658399561182056
FR012421,0.7324785590171814,4.5358608285587705
FR012680,0.2627883851528168,0.5905237874018906
FR018407,0.3352857530117035,0.835609775174627
FR017133,0.30763718485832214,0.7360858898301056
FR011054,0.30098414421081543,0.7133127551765958
FR013211,0.3170654773712158,0.7691185572806695
FR013786,0.5657382607460022,2.1581786049040783
FR009190,0.2598658502101898,0.5816505827191134
FR005936,0.3344036042690277,0.8323066938235388
FR010994,0.26400646567344666,0.5942428477819676
FR000072,0.3500058948993683,0.8920502930870143
FR019011,0.28949499130249023,0.6749899547082652
FR017354,0.25947901606559753,0.5804813515406823
FR007651,0.304939866065979,0.726800512376653
FR012152,0.2052067220211029,0.42772122001049634
FR010733,0.25837385654449463,0.5771476557369671
FR019900,0.3290780484676361,0.8125504045827284
FR013194,0.3957255780696869,1.0848840141897678
FR009218,0.2718227505683899,0.6184037236845258
FR006490,0.3084072768688202,0.738750182113303
FR012995,0.24364376068115234,0.5336448219682306
FR004578,0.34478628635406494,0.8717468853573759
FR010867,0.27210164070129395,0.6192753868659471
FR003642,0.28808993101119995,0.6703881722924232
FR012931,0.30701303482055664,0.7339308584445038
FR013059,0.2408493012189865,0.5255823758868381
FR014419,0.7123993039131165,4.103523764695807
FR003458,0.6643425226211548,3.2788316923969214
FR008783,0.2609420716762543,0.5849099711981585
FR007757,0.5171124935150146,1.774036130561319
FR001204,0.25171318650245667,0.5572643680485472
FR018269,0.2907071113586426,0.6789744772407131
FR009090,0.3373893201351166,0.8435217765703055
FR019138,0.3433242440223694,0.8661176502801249
FR013223,0.28161653876304626,0.6494193585585883
FR013532,0.35566994547843933,0.9144546619838342
FR008149,0.2570488452911377,0.5731638543994593
FR003745,0.3324570655822754,0.8250490395902236
FR009988,0.24120637774467468,0.5266092874207372
FR018773,0.2631829082965851,0.5917270045810151
FR007433,0.324525386095047,0.7959083167402822
FR017728,0.29562410712242126,0.6952784388438065
FR006522,0.510021448135376,1.724387116923247
FR014432,0.2572908401489258,0.5738903792851479
FR007746,0.2830844223499298,0.6541409746390084
FR015348,0.2982814610004425,0.7041849036854416
FR010516,0.3624701201915741,0.9418788979327958
FR012255,0.6996240019798279,3.858538810571086
FR017206,0.23907248675823212,0.5204867891810795
FR015715,0.2538173496723175,0.5635073139995167
FR006871,0.2448640614748001,0.5371842962369452
FR019196,0.4361943006515503,1.2816632283429463
FR001298,0.3036116063594818,0.7222544803233912
FR004318,0.21079109609127045,0.4424698520095241
FR016097,0.21073389053344727,0.4423177110353018
FR000742,0.2609485685825348,0.5849296762171841
FR010761,0.3440471887588501,0.8688980351658983
FR011759,0.49436402320861816,1.619691451762986
FR010695,0.26738646626472473,0.6046274828467135
FR013343,0.6763126850128174,3.461347899513931
FR008373,0.26533401012420654,0.5983101696011229
FR004710,0.7577122449874878,5.18079298634598
FR000482,0.2369811087846756,0.514519496340729
FR013831,0.2520290017127991,0.558199135519784
FR001385,0.31621816754341125,0.766112695418242
FR011222,0.2679709494113922,0.6064329605881528
FR016751,0.2531338632106781,0.561475586774609
FR017124,0.2993457019329071,0.7077707908271177
FR005382,0.40251874923706055,1.1160540616744277
FR003446,0.3107801377773285,0.7469970204527212
FR003128,0.2890471816062927,0.6735213362978599
FR005844,0.2357361912727356,0.5109829008365255
FR014505,0.5208649635314941,1.8009042166560694
FR002529,0.35405391454696655,0.9080223306312484
FR004128,0.24496841430664062,0.537487501948897
FR001243,0.4068048596382141,1.1360879333064986
FR006573,0.26468467712402344,0.5963189125677143
FR016496,0.3510960638523102,0.8963321029906494
FR015160,0.3175930082798004,0.7709937623781646
FR000180,0.30316153168678284,0.7207180094500469
FR012691,0.35379981994628906,0.9070138780297944
FR011089,0.23478452861309052,0.508287152213292
FR009308,0.29145190119743347,0.6814295377441255
FR013796,0.31373080611228943,0.7573315689248967
FR002273,0.25565260648727417,0.5689812463496754
FR000661,0.24342983961105347,0.5330255215697799
FR009946,0.5845440626144409,2.3308572841072857
FR006127,0.24823066592216492,0.5470086896712172
FR018685,0.2536737620830536,0.5630801777338371
FR013401,0.5695574283599854,2.1920260064314236
FR016750,0.18895560503005981,0.3859566702952363
FR014650,0.2765890955924988,0.633393208931924
FR009507,0.2517819404602051,0.557467802650607
FR008765,0.2414318323135376,0.5272581670704761
FR000022,0.5402950644493103,1.947041610996963
FR017445,0.2274804711341858,0.48781825842991317
FR003087,0.35698482394218445,0.9197121634097791
FR005806,0.22629395127296448,0.4845296440421776
FR017280,0.21970750391483307,0.466456188220681
FR011432,0.711283802986145,4.081268526163338
FR004705,0.29289254546165466,0.6861930293140973
FR009057,0.3267499804496765,0.8040121187823267
FR016858,0.26643142104148865,0.6016835243849743
FR004975,0.2794603705406189,0.6425186792811712
FR002351,0.2747472822666168,0.6275776080413303
FR006439,0.31803038716316223,0.772550705399278
FR001684,0.2604532539844513,0.5834283874535782
FR014401,0.25231802463531494,0.5590552937136875
FR007069,0.2861769497394562,0.664151995563252
FR000290,0.2182234227657318,0.46242585491800164
FR016565,0.19279463589191437,0.39567107821730624
FR012204,0.582179069519043,2.3082869434193287
FR014621,0.33254244923591614,0.8253665041721144
FR014294,0.2568584978580475,0.5725927195695558
FR001305,0.4238876700401306,1.2188970144082516
FR014181,0.2611593008041382,0.5855690117936025
FR011846,0.2943154573440552,0.6909169803221344
FR008516,0.31949418783187866,0.7777759722908101
FR000106,0.6196743249893188,2.6991763308891294
FR018415,0.3229997158050537,0.7903813582142838
FR019954,0.24003267288208008,0.5232374726414666
FR016489,0.28809210658073425,0.6703952835666126
FR008489,0.4362661838531494,1.2820378969125124
FR019890,0.2644951045513153,0.5957382287553201
FR013510,0.28721919655799866,0.6675454921354357
FR007276,0.2925482392311096,0.6850528161953698
FR015700,0.258939266204834,0.5788519625911206
FR007511,0.6017232537269592,2.502852429864048
FR014868,0.20385561883449554,0.4241839688494933
FR003726,0.25702688097953796,0.5730979358514788
FR004275,0.2603699266910553,0.583176021663463
FR003003,0.49814462661743164,1.6443727486015731
FR016235,0.25307321548461914,0.5612954853620328
FR019051,0.32234761118888855,0.7880266079775884
FR017286,0.16027525067329407,0.31619348020894317
FR000980,0.26914289593696594,0.6100618221956998
FR015854,0.2715591788291931,0.6175805511714897
FR017009,0.43611782789230347,1.2812647430163555
FR017541,0.19708561897277832,0.40663906517959414
FR009725,0.24304038286209106,0.531898945001674
FR009142,0.2538128197193146,0.5634938360394511
FR016059,0.7158085703849792,4.17262462226689
FR011847,0.22426216304302216,0.47892160701441755
FR014827,0.3534421920776367,0.9055958646836816
FR003207,0.2901867628097534,0.6772623026516739
FR013197,0.27552714943885803,0.6300364610028706
FR018736,0.30267491936683655,0.7190590372968416
FR017350,0.2415134161710739,0.5274930682070016
FR008467,0.3037492632865906,0.7227248120526758
FR004258,0.26484090089797974,0.5967976700465616
FR012944,0.264200896024704,0.5948376248371776
FR006402,0.36790919303894043,0.964238715539821
FR003179,0.3177340030670166,0.7714954452347607
FR006476,0.5388140082359314,1.9354687784849742
FR018625,0.400723934173584,1.1077499746721147
FR001396,0.7203943729400635,4.268229899938429
FR018683,0.2503945827484131,0.5533700008495643
FR002023,0.27992093563079834,0.6439892176461818
FR014344,0.3089304566383362,0.7405636178635354
FR003331,0.22412893176078796,0.4785548950543204
FR008201,0.28358137607574463,0.6557438673941403
FR004827,0.32286643981933594,0.7898997297867747
FR008031,0.29046061635017395,0.6781630876786993
FR019257,0.6331866979598999,2.8596317178796666
FR006244,0.21629977226257324,0.45722449457247677
FR004888,0.2580142319202423,0.5760649954312251
FR005395,0.29541993141174316,0.6945968968227958
FR019666,0.2789677381515503,0.6409478326239649
FR013331,0.26169702410697937,0.5872020518112067
FR013072,0.23575781285762787,0.5110442257045915
FR010062,0.25387370586395264,0.5636750041461286
FR015849,0.35248002409935,0.9017885938935691
FR012542,0.2511712908744812,0.5556622722996184
FR014266,0.28037771582603455,0.6454495303968307
FR012205,0.7835307121276855,5.996296993408778
FR009808,0.2539219558238983,0.5638185939993801
FR007785,0.3377264142036438,0.8447943376737583
FR001206,0.3928259611129761,1.071791693804357
FR008141,0.2823046147823334,0.6516302292494385
FR012369,0.7588508725166321,5.21307702943327
FR008572,0.24457187950611115,0.5363357831923972
FR000170,0.26475319266319275,0.5965288576544683
FR004732,0.22624905407428741,0.4844054028933315
FR001678,0.29915398359298706,0.7071240047546755
FR010766,0.2603112757205963,0.5829984249019465
FR011517,0.2817176580429077,0.6497440014158083
FR004482,0.258919894695282,0.5787935282828094
FR014355,0.4059394896030426,1.1320197830630634
FR010087,0.2886301577091217,0.6721553444365302
FR001171,0.22462870180606842,0.4799311355831428
FR013312,0.2653299868106842,0.5982978207934404
FR001142,0.7333382368087769,4.555824470200393
FR008641,0.5110259652137756,1.7313328462707258
FR003136,0.24560150504112244,0.5393287971589485
FR007712,0.22225208580493927,0.47340232843618285
FR008810,0.2556140720844269,0.5688660342195815
FR015168,0.3420719802379608,0.8613160074161389
FR006337,0.2603897452354431,0.5832360391312038
FR014095,0.23638692498207092,0.5128300843919937
FR006103,0.4167596697807312,1.183754212147984
FR014115,0.45212072134017944,1.3670768713494812
FR007941,0.20882666110992432,0.43725793564235876
FR019515,0.6122862696647644,2.61617468348068
FR014454,0.2751753330230713,0.6289265595512554
FR001115,0.34391042590141296,0.8683715867402452
FR000565,0.3006614148616791,0.7122190825461264
FR011958,0.3545234501361847,0.9098879162083179
FR005642,0.3613809645175934,0.9374471918062391
FR003017,0.38385072350502014,1.0320478179844461
FR014661,0.2919235825538635,0.6829870183326507
FR006515,0.3975174129009247,1.0930374876662452
FR009404,0.24230895936489105,0.5297862955349393
FR000804,0.2828626334667206,0.6534263256162495
FR007256,0.27232223749160767,0.6199653291223663
FR002688,0.12657718360424042,0.2400790670309893
FR011596,0.24235740303993225,0.5299260944965374
FR013156,0.2456996887922287,0.5396146338129496
FR015264,0.23870137333869934,0.5194255049182914
FR005009,0.2305697202682495,0.4964281482260646
FR017865,0.3065958023071289,0.7324924242083052
FR014539,0.3613396883010864,0.937279538743
FR015769,0.20589326322078705,0.4295232289376573
FR014449,0.33461782336235046,0.8331080017729471
FR016544,0.6006574034690857,2.4917507421660696
FR004846,0.500111997127533,1.657364217682404
FR003638,0.2884390950202942,0.6715300396458646
FR000727,0.3054749369621277,0.7286367311627141
FR006155,0.27719539403915405,0.6353141051108282
FR013345,0.4527073800563812,1.370318061120705
FR001307,0.24703606963157654,0.543512574084996
FR019035,0.23840749263763428,0.5185858192177998
FR005381,0.2261270433664322,0.4840678432784213
FR011900,0.25423163175582886,0.5647406188662707
FR001176,0.2715315520763397,0.6174943033328332
FR003542,0.2691439092159271,0.6100649647882844
FR007585,0.682451605796814,3.56028970419996
FR010530,0.274064302444458,0.6254285717263424
FR014119,0.3387773633003235,0.8487700956008453
FR017753,0.2835458517074585,0.6556292119992835
FR012529,0.5542051196098328,2.0594860568087467
FR009886,0.6624176502227783,3.250690059971192
FR016056,0.23710468411445618,0.5148711822259869
FR000767,0.753921627998352,5.075468731988932
FR017348,0.20722852647304535,0.4330369186044528
FR013047,0.30953627824783325,0.7426669387843363
FR014214,0.2612019181251526,0.5856983518289532
FR001778,0.28146007657051086,0.6489172176750752
FR006803,0.2723442316055298,0.6200341412188687
FR015392,0.26276928186416626,0.5904655588558964
FR014933,0.31160980463027954,0.7498939282849603
FR015645,0.3053261339664459,0.7281257955313087
FR004103,0.26584213972091675,0.599870866267431
FR019597,0.23583777248859406,0.5112710437512515
FR015246,0.2991364896297455,0.7070650042739464
FR009693,0.25313031673431396,0.5614650542406209
FR003140,0.27514758706092834,0.6288390731333187
FR001271,0.32467737793922424,0.7964602967553857
FR012165,0.40397176146507263,1.1228133590058693
FR004850,0.25542351603507996,0.5682964752844326
FR016545,0.7076899409294128,4.010722932325052
FR016238,0.2880655527114868,0.6703084900277326
FR000658,0.5121048092842102,1.7388243628148512
FR016201,0.2904624938964844,0.6781692658819777
FR004249,0.38807645440101624,1.0506148347209543
FR013090,0.27735111117362976,0.6358079738667789
FR007227,0.2844696342945099,0.6586144344581334
FR018511,0.3156030774116516,0.7639353037692055
FR010970,0.25082287192344666,0.5546334078253166
FR017227,0.23848742246627808,0.5188141332150958
FR019338,0.2289639711380005,0.49194423551763505
FR013040,0.21802188456058502,0.46187971548841106
FR017327,0.26957929134368896,0.611416069624351
FR005900,0.27758562564849854,0.636552156164403
FR008474,0.6310364007949829,2.8333112695218006
FR009300,0.7904191613197327,6.247831166696963
FR003119,0.2671239376068115,0.6038174648953116
FR002462,0.33034548163414,0.8172237261114652
FR009476,0.3096538484096527,0.7430755523136909
FR018403,0.33223578333854675,0.8242266689077967
FR003428,0.27260828018188477,0.6208605842084801
FR009289,0.3259071409702301,0.8009355107587505
FR002548,0.2254791259765625,0.4822770715123072
FR002560,0.23377259075641632,0.5054280096093625
FR004711,0.28867799043655396,0.6723119426661212
FR015284,0.19896598160266876,0.4114824035806262
FR014404,0.6662316918373108,3.306766959987436
FR006445,0.7218371629714966,4.298961241376825
FR008038,0.21975918114185333,0.4665968047917356
FR007216,0.2588072717189789,0.5784538607042806
FR006365,0.28333786129951477,0.6549581481508127
FR016163,0.31348687410354614,0.7564738423973041
FR003593,0.3384273946285248,0.8474447554896362
FR004663,0.2633332312107086,0.592185798671095
FR007748,0.3120063841342926,0.7512811139115285
FR003879,0.5340918898582458,1.8990618624943707
FR006856,0.4819914996623993,1.5414373997340234
FR005975,0.30884572863578796,0.7402697489699964
FR017768,0.6352261900901794,2.8848826088964863
FR011722,0.26700955629348755,0.6034647290228266
FR001536,0.34680384397506714,0.8795563766905337
FR015247,0.3926578164100647,1.0710363234280038
FR010156,0.39393001794815063,1.0767619509872868
FR004004,0.3176347017288208,0.7711420930014782
FR008208,0.25071242451667786,0.5543074616560923
FR016773,0.33453091979026794,0.8327828680759025
FR012879,0.2854165732860565,0.6616824982858271
FR008019,0.2416035383939743,0.5277526122664941
FR019054,0.2575296461582184,0.5746077947809353
FR003257,0.2526417076587677,0.5600149098732266
FR009452,0.2597660720348358,0.5813488797895181
FR004519,0.282683789730072,0.6528503764723746
FR006741,0.28365033864974976,0.6559664775302634
FR017120,0.2888600826263428,0.672908281942853
FR018728,0.48617464303970337,1.5674733678206716
FR003023,0.2580263316631317,0.5761014049947804
FR019819,0.299559623003006,0.7084928985638869
FR001782,0.2741425335407257,0.6256745254000187
FR017935,0.2895840108394623,0.6752821201595113
FR018270,0.3031346797943115,0.7206264048402776
FR001937,0.3822280764579773,1.024985726266905
FR006642,0.2947757840156555,0.6924493082491977
FR014185,0.2863868176937103,0.6648345166862194
FR009825,0.3009353578090668,0.7131473619104881
FR017920,0.2690235376358032,0.6096917042333012
FR002210,0.8516246676445007,9.508454376239706
FR014992,0.2015727162361145,0.4182344262548656
FR019942,0.27257031202316284,0.6207417111159717
FR016537,0.3252314031124115,0.7984744232237638
FR002385,0.24808408319950104,0.5465791015152499
FR011897,0.27566608786582947,0.6304750773798048
FR004291,0.2757888734340668,0.6308628406882522
FR005017,0.46667975187301636,1.4496203767658653
FR008871,0.2933914363384247,0.6878471403116337
FR012628,0.47249966859817505,1.4838915806401674
FR005192,0.24146218597888947,0.5273455572619938
FR000218,0.24132317304611206,0.5269453872408851
FR001382,0.2569645345211029,0.5729108450035111
FR003693,0.26512765884399414,0.5976769873542411
FR003181,0.2423258125782013,0.5298349285811468
FR002928,0.5209985375404358,1.801868379943928
FR010959,0.2345495969057083,0.5076226992600931
FR004210,0.2095874547958374,0.43927335223790337
FR002378,0.2686658501625061,0.6085832752226401
FR001197,0.31488311290740967,0.7613916279340442
FR013529,0.26132145524024963,0.5860612166994529
FR015232,0.26042109727859497,0.5833309906267418
FR014682,0.6646295189857483,3.2830552520717418
FR009503,0.30209580063819885,0.717087704659021
FR018138,0.3010362684726715,0.7134894898041247
FR006358,0.275195837020874,0.6289912154722128
FR013989,0.2806587517261505,0.6463489153816367
FR017577,0.2862946093082428,0.6645345921637752
FR010631,0.3274957537651062,0.8067408378995315
FR017918,0.39563366770744324,1.0844670935432077
FR017128,0.41764208674430847,1.1880580878413123
FR019889,0.3319968283176422,0.8233392311714359
FR004000,0.2998719811439514,0.7095480811060814
FR008628,0.26907098293304443,0.6098388128037172
FR001618,0.4495088458061218,1.3527305466300301
FR015563,0.29867857694625854,0.7055216859331209
FR018694,0.2518225312232971,0.5575879233365282
FR013576,0.26455017924308777,0.5959068983729632
FR019510,0.25188881158828735,0.5577840955603671
FR010902,0.46473804116249084,1.4383522046005597
FR012269,0.32264745235443115,0.7891087715594193
FR004227,0.33622080087661743,0.8391205147600217
FR019256,0.2852940559387207,0.6612850865838197
FR005421,0.3983753025531769,1.0969583777979062
FR003449,0.3106047511100769,0.7463855240533023
FR014526,0.25872161984443665,0.5781956062696428
FR014144,0.192179337143898,0.3941078930198
FR015509,0.30998101830482483,0.7442133598030479
FR012068,0.3278343677520752,0.8079817955434656
FR003904,0.1854810118675232,0.37724339331703965
FR017841,0.2568463683128357,0.5725563349534976
FR014244,0.6096410155296326,2.5872202254284447
FR011741,0.570652961730957,2.201846319239008
FR013101,0.266679584980011,0.6024477605332845
FR011329,0.3089260458946228,0.7405483179511212
FR007861,0.37794482707977295,1.0065211354810444
FR013802,0.23084378242492676,0.4971953129803987
FR016619,0.2583514451980591,0.5770801550546932
FR011792,0.2596665918827057,0.5810481589635008
FR008393,0.20389875769615173,0.4242967228459763
FR012788,0.33546382188796997,0.8362775926826772
FR019667,0.3092960715293884,0.7418325359733348
FR009698,0.46604403853416443,1.4459221698087608
FR003970,0.3049298822879791,0.7267662776143217
FR008774,0.22222495079040527,0.4733280161545545
FR016905,0.2416045367717743,0.5277554878520289
FR015436,0.26265600323677063,0.5901203373791793
FR007599,0.253583163022995,0.5628107533154194
FR007200,0.22265402972698212,0.4745037045630348
FR018799,0.2607574164867401,0.5843500596042969
FR014750,0.28500479459762573,0.6603473447926659
FR019430,0.2462385892868042,0.5411848295532975
FR011423,0.18681874871253967,0.3805892360076896
FR003301,0.3406939208507538,0.8560530982989131
FR018147,0.27808043360710144,0.6381239112852906
FR016285,0.25431105494499207,0.5649772157703956
FR018388,0.28480908274650574,0.6597133066223024
FR011831,0.8066803812980652,6.912719971316539
FR001088,0.30443939566612244,0.7250855901078619
FR012833,0.31827929615974426,0.7734376418136801
FR016444,0.289905846118927,0.6763390067415844
FR002443,0.820908784866333,7.59353535594072
FR005399,0.2807455062866211,0.64662669358524
FR010831,0.7286457419395447,4.448393420679062
FR011908,0.5823227167129517,2.309650551287894
FR019097,0.2618284225463867,0.587601464325968
FR018852,0.3056733012199402,0.7293181827900999
FR018854,0.38717547059059143,1.046634614681831
FR015010,0.4235743582248688,1.2173340477620795
FR002584,0.7697635889053345,5.538686153455132
FR014018,0.3971610367298126,1.0914119904016226
FR002483,0.5240375399589539,1.8239507104199555
FR012234,0.6493009924888611,3.0671493882152543
FR014072,0.29137757420539856,0.6811843008950655
FR002837,0.2637913227081299,0.5935850754245837
FR010456,0.27308031916618347,0.6223395103522577
FR019673,0.2990615665912628,0.706812350693067
FR008298,0.3858433663845062,1.0407712580373905
FR004146,0.2825225293636322,0.6523312990637504
FR011223,0.3432227373123169,0.8657277540291357
FR010301,0.2615126073360443,0.5866417189300273
FR004965,0.2581429183483124,0.5764522890342262
FR016089,0.28817471861839294,0.6706653493208725
FR014541,0.250532329082489,0.5537761801886069
FR010936,0.2404141128063202,0.524332128834313
FR015853,0.2816014885902405,0.6493710478801209
FR008828,0.36875230073928833,0.9677391920917625
FR003883,0.2744125425815582,0.6265238243555772
FR006752,0.5008087754249573,1.661989927217664
FR017656,0.2620752453804016,0.5883521175171272
FR017869,0.2634032070636749,0.592399432831125
FR013213,0.2853384017944336,0.6614289162917695
FR012997,0.6595709919929504,3.2096552490134913
FR017613,0.2820527255535126,0.6508203872590589
FR016305,0.21183517575263977,0.44525051278274835
FR017092,0.2947728633880615,0.6924395798059116
FR006750,0.283558189868927,0.6556690322990195
FR014437,0.7412751913070679,4.7464049732563325
FR004293,0.5098605155944824,1.723276995437822
FR015830,0.3135155439376831,0.7565746211610328
FR016928,0.2840466797351837,0.6572466919845957
FR000615,0.8074386715888977,6.946465317780267
FR018371,0.27819302678108215,0.6384818639296803
FR003971,0.7060061097145081,3.9782635770252526
FR010217,0.3086708188056946,0.7396633230832441
FR008778,0.4090074300765991,1.1464960846831915
FR007093,0.23848788440227509,0.5188154528424453
FR019612,0.3130435049533844,0.754916404309189
FR016788,0.286695271730423,0.6658383830221369
FR003125,0.21885529160499573,0.4641399550498657
FR005097,0.278238445520401,0.6386262893553498
FR001368,0.28533148765563965,0.6614064900552348
FR019146,0.29398661851882935,0.6898235705524542
FR011519,0.2688792645931244,0.6092444895065601
FR000221,0.5169700384140015,1.7730243615703725
FR010277,0.288292795419693,0.6710514612399172
FR019137,0.4516138434410095,1.3642820413477492
FR019264,0.6628449559211731,3.2569095201357645
FR008724,0.6203206777572632,2.7065914891047194
FR018996,0.11081130057573318,0.20644934854040417
FR016176,0.44808775186538696,1.3449819008129853
FR013296,0.32025060057640076,0.7804849258850266
FR012835,0.6038325428962708,2.524998454240282
FR016509,0.2660711407661438,0.6005749388711966
FR019893,0.33897995948791504,0.8495379737836516
FR015866,0.4198208451271057,1.1987407715023393
FR008744,0.2358999252319336,0.511447382556086
FR001027,0.2692581117153168,0.6104192093031806
FR012305,0.4382990300655365,1.2926731704213514
FR003760,0.32846492528915405,0.8102960074097949
FR001775,0.2597261071205139,0.5812280592236672
FR017889,0.41433295607566833,1.1719851025153323
FR009794,0.2574102282524109,0.5742489845897355
FR013671,0.2636251747608185,0.5930773621543649
FR014775,0.35201308131217957,0.8999449898113259
FR018534,0.25203680992126465,0.5582222566902085
FR011133,0.2807621955871582,0.6466801385068196
FR008196,0.6122204065322876,2.6154489625494675
FR006783,0.24060456454753876,0.5248790987970584
FR013693,0.33084648847579956,0.8190759372475723
FR002193,0.25747188925743103,0.5744342405269318
FR005908,0.3110310435295105,0.7478723600576368
FR004440,0.26390182971954346,0.5939228885837233
FR001084,0.288339227437973,0.6712033293439406
FR000794,0.255899578332901,0.5697199387379975
FR010584,0.47608011960983276,1.5053537451875816
FR018840,0.2274014800786972,0.48759900925005933
FR005320,0.29585111141204834,0.6960366470512113
FR012774,0.2883475720882416,0.6712306248138853
FR006769,0.25500747561454773,0.5670539715709084
FR014797,0.36292529106140137,0.9437354492188383
FR016558,0.2761184573173523,0.6319043344418582
FR004496,0.278484970331192,0.6394105219815268
FR013428,0.8265733122825623,7.895667456207626
FR004689,0.2697620093822479,0.6119835715281292
FR004007,0.5812289714813232,2.2992914497987833
FR014929,0.30187293887138367,0.7163299498795416
FR013736,0.23613353073596954,0.5121104211090403
FR014937,0.3631707429885864,0.9447377001623188
FR013739,0.23558491468429565,0.510553935126357
FR014455,0.31767457723617554,0.7712839729870121
FR006435,0.1657366156578064,0.3291081844396603
FR009431,0.3156208395957947,0.7639981262298204
FR008042,0.3157915472984314,0.7646020627679563
FR013157,0.2995324730873108,0.7084012274085122
FR001406,0.25982406735420227,0.5815242324652864
FR008708,0.25124430656433105,0.5558780054909385
FR017853,0.7100152969360352,4.056168758319004
FR009307,0.23294591903686523,0.5030979189885633
FR008843,0.5482287406921387,2.010326512428122
FR009896,0.2782447636127472,0.6386463814715007
FR005881,0.308115154504776,0.7377388263059501
FR011060,0.24127453565597534,0.5268054116908126
FR000779,0.26495322585105896,0.5971420226194936
FR005153,0.2462233155965805,0.5411402956483468
FR005825,0.27644428610801697,0.6329348946631432
FR011627,0.6916419863700867,3.7157758630661313
FR009951,0.24005015194416046,0.5232876100254865
FR016678,0.2537972629070282,0.5634475511330815
FR010261,0.7085623741149902,4.027688414026866
FR000099,0.35478565096855164,0.9109308890003864
FR016633,0.25121915340423584,0.5558036828574433
FR010121,0.2718975841999054,0.61863754852263
FR014138,0.28159192204475403,0.6493403405605057
FR000394,0.5274631381034851,1.8491826955849382
FR003107,0.3706601858139038,0.975695115509361
FR005921,0.25719285011291504,0.5735961333574153
FR010843,0.20399847626686096,0.4245574085670804
FR018836,0.27139729261398315,0.6170752524341543
FR001944,0.24992842972278595,0.5519965393642863
FR005014,0.2777981460094452,0.6372269622123945
FR006281,0.2351294457912445,0.5092634145605109
FR009064,0.25041481852531433,0.5534296617183248
FR010784,0.2897389829158783,0.6757909190375407
FR002235,0.5122864246368408,1.7400887630739497
FR014346,0.5655658841133118,2.1566649519886316
FR013015,0.3056233525276184,0.7291465546287577
FR011590,0.5802486538887024,2.290052524203015
FR018477,0.49785667657852173,1.6424798198414488
FR012266,0.3223356604576111,0.7879834961658437
FR009633,0.2473607063293457,0.5444615604022994
FR004245,0.28435370326042175,0.6582393780314055
FR006901,0.2809712588787079,0.6473498417869042
FR009094,0.2696669399738312,0.6116882610837883
FR002896,0.4016948640346527,1.112235998679924
FR000471,0.3680401146411896,0.9647816729007376
FR007473,0.35971635580062866,0.9307031338123728
FR012089,0.2947499454021454,0.692363244103919
FR001083,0.29212599992752075,0.6836560321590671
FR015266,0.2916420102119446,0.6820570236507457
FR014338,0.24869966506958008,0.5483843058150134
FR018361,0.28214433789253235,0.6511148617566469
FR019282,0.26270151138305664,0.5902590126594878
FR007603,0.25696104764938354,0.5729003824366906
FR016225,0.3474237620830536,0.8819656321151491
FR000031,0.27032095193862915,0.6137213494555426
FR012290,0.28897684812545776,0.6732908415741787
FR005434,0.24610069394111633,0.5407828298209467
FR019252,0.3719444274902344,0.9810776507013358
FR011775,0.27529338002204895,0.6292988510823143
FR015110,0.28138625621795654,0.6486803787442171
FR006735,0.316384494304657,0.7667021577635131
FR010856,0.23082533478736877,0.4971436565216268
FR014967,0.28589504957199097,0.6632358465427254
FR018232,0.8388041853904724,8.620455747613754
FR018631,0.3025057911872864,0.7184829829186287
FR005135,0.31800177693367004,0.772448800169212
FR005998,0.2917621433734894,0.6824537165001434
FR015375,0.294268399477005,0.6907604474807204
FR007106,0.24179576337337494,0.5283064094178105
FR000085,0.3999210596084595,1.1040513881689014
FR017560,0.5095764398574829,1.7213192035435778
FR019860,0.24735985696315765,0.5444590764451402
FR013988,0.2636587917804718,0.5931800702244749
FR002080,0.46527522802352905,1.4414614292212125
FR000526,0.33910730481147766,0.8500208778054964
FR007848,0.1582210808992386,0.31137927348586053
FR011463,0.5107936263084412,1.7297238040744414
FR009563,0.28505292534828186,0.6605033248269051
FR002601,0.6339536905288696,2.869094818251962
FR005349,0.41398605704307556,1.170310669601441
FR015784,0.2932150363922119,0.687262005886627
FR006298,0.24027478694915771,0.5239321641038908
FR011614,0.7572042942047119,5.166488490167796
FR019159,0.2564619183540344,0.5714037275710165
FR019683,0.28595423698425293,0.6634281400681158
FR011988,0.25380998849868774,0.5634854123975104
FR010224,0.6913705468177795,3.7110508401312625
FR013791,0.28144270181655884,0.6488614696156453
FR006666,0.24214467406272888,0.5293123333954791
FR005227,0.3012565076351166,0.7142365326802863
FR001661,0.2874738872051239,0.6683762598609636
FR011448,0.29709041118621826,0.700184618934375
FR013379,0.3197648823261261,0.7787447227783281
FR016209,0.24330967664718628,0.5326778039945185
FR011216,0.2641323506832123,0.5946279036157182
FR007384,0.43153735995292664,1.2575923067867947
FR019269,0.5781927108764648,2.2708159251182747
FR018861,0.5069703459739685,1.7034638238784576
FR003662,0.26872068643569946,0.60875313564086
FR004288,0.2748934328556061,0.6280380053389907
FR002440,0.2558426856994629,0.5695497294987373
FR010857,0.30942392349243164,0.742276581341876
FR011909,0.2572423815727234,0.5737448574530453
FR007189,0.3170910179615021,0.7692092792434603
FR016875,0.28172317147254944,0.6497617048772616
FR006951,0.3638310134410858,0.9474376131086133
FR008840,0.28211769461631775,0.651029213081906
FR017574,0.2956923544406891,0.6955063376778354
FR004582,0.22335185110569,0.47641852920063377
FR006378,0.24064645171165466,0.5249994339041006
FR011174,0.3066268563270569,0.7325994251855281
FR019150,0.23374508321285248,0.5053503948614789
FR004286,0.558276355266571,2.0937363203253643
FR013008,0.3533708155155182,0.9053130406168075
FR007118,0.3289506137371063,0.8120814997387699
FR018100,0.3213247060775757,0.7843420131787434
FR011868,0.2772425413131714,0.6354636138204859
FR008317,0.4110383987426758,1.1561623257247668
FR011135,0.35863134264945984,0.926326116538428
FR015177,0.3211008608341217,0.7835371835203401
FR013131,0.2675653398036957,0.6051797200663207
FR006015,0.25329962372779846,0.561967983723572
FR019050,0.2790425419807434,0.6411862198023113
FR009702,0.2560097277164459,0.5700495535067046
FR010552,0.2982686161994934,0.7041416904357257
FR012333,0.26235881447792053,0.5892151458697757
FR009262,0.3297363221645355,0.8149754072160047
FR012130,0.2934865653514862,0.6881628130439341
FR003953,0.27923446893692017,0.6417980849651702
FR000090,0.32377275824546814,0.7931786980086473
FR002967,0.30850133299827576,0.7390759953617748
FR005046,0.5608788132667542,2.115962872035642
FR011077,0.325926810503006,0.8010072225652248
FR014556,0.2501640021800995,0.5526904106580678
FR017825,0.25720930099487305,0.5736455268860629
FR019726,0.2962864935398102,0.6974922187808659
FR011891,0.23951618373394012,0.5217570023298872
FR006115,0.3182276785373688,0.7732536597246039
FR014559,0.2856180667877197,0.6623363827840018
FR019518,0.25965332984924316,0.5810080749644132
FR007904,0.3322274684906006,0.8241957783310112
FR019026,0.3308277428150177,0.8190065850121366
FR002687,0.3433542847633362,0.8662330625392979
FR004092,0.27045321464538574,0.6141329498490665
FR001173,0.2573540508747101,0.5740802305870402
FR019153,0.6809247136116028,3.5353248701778672
FR002840,0.28002360463142395,0.6443172859636842
FR016765,0.32208970189094543,0.7870965474914791
FR013668,0.6892027854919434,3.6736121732419162
FR002814,0.4305213987827301,1.2523932905756625
FR009170,0.3641173243522644,0.9486101103028457
FR002151,0.28058040142059326,0.6460981042170105
FR003719,0.32655251026153564,0.8032906046764834
FR014302,0.3038027286529541,0.7229075370490327
FR015954,0.715363085269928,4.163501270990396
FR004383,0.23893068730831146,0.5200811588266054
FR014300,0.1803320050239563,0.3644670175184354
FR011493,0.24690097570419312,0.5431179051267258
FR014942,0.31405386328697205,0.7584684584661956
FR001744,0.28265103697776794,0.6527449304796303
FR008900,0.3429446816444397,0.864660334591011
FR016186,0.31192219257354736,0.7509864886365977
FR003817,0.27175188064575195,0.6181823281382328
FR003177,0.27170220017433167,0.6180271535013465
FR006504,0.22711217403411865,0.4867963881578064
FR013097,0.29445797204971313,0.6913911672590451
FR012221,0.627038836479187,2.785186160556945
FR015684,0.2091396450996399,0.438086591247716
FR008866,0.30071327090263367,0.7123947454181546
FR006911,0.28275808691978455,0.6530896085878104
FR004981,0.3117009103298187,0.7502124632236625
FR004384,0.25719520449638367,0.5736032022246466
FR005142,0.2737174332141876,0.6243386748623746
FR017385,0.3013783097267151,0.7146498830249313
FR018018,0.256462961435318,0.5714068531877845
FR009402,0.255068302154541,0.5672355432639354
FR006512,0.2797733545303345,0.6435178011508569
FR004586,0.2732568085193634,0.6228929554077134
FR005987,0.24232536554336548,0.5298336385519883
FR004953,0.30607250332832336,0.730690764677434
FR018193,0.2708488404750824,0.6153650253402578
FR002931,0.2737223207950592,0.6243540248856679
FR010611,0.24431732296943665,0.5355970713880248
FR007659,0.7083942890167236,4.024411908038237
FR016005,0.1831037849187851,0.3713246984997304
FR005647,0.2720348536968231,0.6190665851625953
FR004804,0.25688669085502625,0.5726772938065787
FR007246,0.22022995352745056,0.4678786605659143
FR007058,0.2276185303926468,0.48820156619979804
FR011923,0.31193655729293823,0.7510367523431315
FR018614,0.23413768410682678,0.506458677955711
FR000644,0.3776748776435852,1.0053659290847043
FR000412,0.2631261348724365,0.5915537775577049
FR006685,0.30587852001190186,0.7300235920828326
FR014188,0.29118573665618896,0.6805515836431218
FR017017,0.2795897126197815,0.642931465756484
FR007600,0.2502860724925995,0.5530501364611302
FR007871,0.3427529036998749,0.863924650358895
FR015009,0.5513080358505249,2.0354921436549684
FR002742,0.24311710894107819,0.5321207978477299
FR007530,0.2439623475074768,0.5345677788112867
FR019638,0.33097702264785767,0.8195589747199623
FR013888,0.34937119483947754,0.8895640176820608
FR009601,0.2966063916683197,0.6985628521974919
FR014099,0.362379252910614,0.9415085857942612
FR013905,0.3600846827030182,0.932192364325896
FR018364,0.2304895967245102,0.4962039667214553
FR001878,0.2984750270843506,0.7048363019196271
FR002949,0.4031909108161926,1.119176812800661
FR011341,0.2564241290092468,0.5712904968543332
FR013352,0.3643991947174072,0.9497654544953045
FR008746,0.25556910037994385,0.5687315905983781
FR014013,0.33448275923728943,0.8326027208114004
FR017250,0.27409908175468445,0.6255379091571776
FR016000,0.2881507873535156,0.6705871095381891
FR000723,0.242405965924263,0.5300662554174926
FR006159,0.2754092812538147,0.6296644934019836
FR010749,0.21670739352703094,0.45832452888234465
FR016870,0.6488882303237915,3.0615961876842777
FR018494,0.2723231315612793,0.6199681262809514
FR014863,0.24894487857818604,0.5491042227608448
FR002827,0.2558687627315521,0.5696277425510201
FR011435,0.34803903102874756,0.8843613492686733
FR002227,0.26273077726364136,0.5903482025328233
FR015950,0.32642120122909546,0.8028110635567676
FR003433,0.307680606842041,0.7362359594654315
FR019268,0.2649409770965576,0.5971044667223766
FR003167,0.2661173641681671,0.6007171078121305
FR009700,0.39707040786743164,1.0909989219623417
FR005508,0.266115665435791,0.6007118827178175
FR001413,0.18926629424095154,0.38673942685373547
FR000916,0.2669743597507477,0.6033562099869276
FR004816,0.3552789092063904,0.9128952524813306
FR005515,0.24239978194236755,0.5300484063730159
FR008933,0.3069927394390106,0.7338608488166437
FR016960,0.2677450478076935,0.6057348052235497
FR015876,0.3294433355331421,0.8138954910676801
FR019617,0.5496255159378052,2.0216990545152487
FR008333,0.2373397946357727,0.5155406033756771
FR017329,0.2512475252151489,0.5558875163304782
FR005717,0.3290465772151947,0.812434587385289
FR015467,0.29647552967071533,0.6981247662532223
FR000515,0.3926868438720703,1.0711666960286252
FR007111,0.37382861971855164,0.9890146678787252
FR009363,0.6917077898979187,3.7169225761986544
FR015518,0.28844624757766724,0.6715534422915428
FR002274,0.6565908789634705,3.167425572921962
FR006602,0.24927839636802673,0.5500841451437567
FR014689,0.23578187823295593,0.511112485927043
FR018187,0.2810817062854767,0.6477038009319096
FR001530,0.2838027775287628,0.6564587000206784
FR007152,0.4091699719429016,1.1472672439128895
FR018877,0.2911469638347626,0.680423745000062
FR013799,0.29637467861175537,0.6977872589349923
FR000829,0.28304174542427063,0.6540034265252221
FR003937,0.2863099277019501,0.6645844126537076
FR001434,0.30042940378189087,0.7114334615408029
FR012784,0.2756866216659546,0.6305399150504647
FR010732,0.304667592048645,0.7258672263844518
FR009403,0.269549697637558,0.6113241815806836
FR002789,0.5391936302185059,1.9384280183649572
FR007221,0.25580424070358276,0.5694347259419409
FR007253,0.2167193591594696,0.4583568374449744
FR014315,0.24893394112586975,0.549072101718964
FR004653,0.3804158568382263,1.0171423009414342
FR004045,0.3107583522796631,0.746921047048275
FR007886,0.26994210481643677,0.6125432058951886
FR012955,0.26775097846984863,0.6057531285984143
FR008282,0.685386061668396,3.6089486955367396
FR002490,0.32011035084724426,0.7799821919881085
FR003286,0.2650333344936371,0.5973876745344888
FR011369,0.5982733368873596,2.467132021274516
FR019205,0.27245205640792847,0.620371548520132
FR015350,0.3153522312641144,0.7630484427026153
FR001184,0.24179549515247345,0.5283056364819625
FR001819,0.2815406322479248,0.6491757211814297
FR012848,0.2689923644065857,0.6095950591229863
FR014495,0.30125415325164795,0.7142285442107514
FR005646,0.21469977498054504,0.452917672309711
FR001284,0.25987839698791504,0.5816885266289559
FR001982,0.23378650844097137,0.505467281599505
FR000292,0.20817512273788452,0.43553502556333495
FR017022,0.2726702392101288,0.6210545960713363
FR003026,0.24136611819267273,0.5270689957687784
FR013762,0.7577387094497681,5.181539901001825
FR008800,0.2783709764480591,0.6390478236372598
FR005922,0.7287006378173828,4.449628735693288
FR003605,0.787581741809845,6.1422458486155636
FR016826,0.35500583052635193,0.9118073661304287
FR014684,0.2858153283596039,0.6629768912895967
FR015043,0.23995274305343628,0.5230082292821406
FR008820,0.496861070394516,1.635951590987588
FR004109,0.2573258578777313,0.5739955498704659
FR019655,0.33733710646629333,0.8433247809705626
FR006399,0.5094099640846252,1.7201729402374584
FR010722,0.2977575361728668,0.7024235671624036
FR009898,0.21047961711883545,0.44164172526658985
FR008707,0.3804147243499756,1.0171374137908415
FR002238,0.4421076476573944,1.3128074078888599
FR015714,0.27680352330207825,0.6340721982679534
FR010690,0.25708699226379395,0.5732783490650025
FR011648,0.5584394335746765,2.0951214124746382
FR001499,0.32571566104888916,0.8002376257964979
FR011520,0.23590311408042908,0.511456430681539
FR006507,0.23278570175170898,0.5026469049140079
FR006446,0.2733069360256195,0.6230501970287389
FR013816,0.33675798773765564,0.8411419187287312
FR000364,0.3037567436695099,0.7227503755671095
FR003812,0.19881533086299896,0.41109352763775364
FR014979,0.25141623616218567,0.5563861573345114
FR006863,0.3317515552043915,0.8224289891902391
FR013466,0.2932990491390228,0.6875406472627583
FR004553,0.254061758518219,0.564234745829267
FR005678,0.5793281197547913,2.2814162242812785
FR002305,0.308688223361969,0.7397236522754996
FR010417,0.22629296779632568,0.4845269223756555
FR011179,0.26837778091430664,0.6076913723581228
FR017179,0.2781796157360077,0.6384392221025014
FR019231,0.22760796546936035,0.48817222890162454
FR001688,0.25093838572502136,0.5549744084885915
FR017547,0.342624306678772,0.863431576486963
FR015318,0.29766932129859924,0.7021272638598057
FR001446,0.4472036361694336,1.3401812812533178
FR000277,0.6310981512069702,2.834062838602186
FR007873,0.35799640417099,0.9237715933290966
FR000408,0.2130591869354248,0.4485197743333119
FR009093,0.4506370723247528,1.3589108530676774
FR013491,0.628874659538269,2.807158181272298
FR017870,0.2526032030582428,0.559900712548098
FR018225,0.23885127902030945,0.5198540701395592
FR013856,0.34671059250831604,0.8791943589662469
FR016464,0.2508190870285034,0.5546222364661664
FR006093,0.7129108309745789,4.113787023311305
FR017927,0.20201070606708527,0.41937324601123543
FR019175,0.2630786895751953,0.591409032980577
FR006332,0.15232549607753754,0.29769180522253125
FR019654,0.4902954399585724,1.5935391378826025
FR000890,0.2673664391040802,0.6045656696741517
FR003921,0.2762942314147949,0.6324601730871581
FR018276,0.2486652284860611,0.5482832418374404
FR001024,0.3190523386001587,0.7761963548073555
FR003502,0.2755652964115143,0.6301568708806489
FR002042,0.20604641735553741,0.4299256476177374
FR003705,0.3887576460838318,1.0536318821128736
FR017080,0.3445177674293518,0.8707111366599806
FR003938,0.24449434876441956,0.5361107396924643
FR013857,0.2595759630203247,0.5807742652457843
FR004319,0.31356605887413025,0.7567522092169127
FR013461,0.2653276026248932,0.5982905030453034
FR001250,0.2849733531475067,0.6602454620539197
FR008580,0.25954169034957886,0.5806707056783768
FR017808,0.2751590609550476,0.6288752509150233
FR007358,0.6489640474319458,3.0626152333083025
FR006608,0.6211947798728943,2.716659708482568
FR005245,0.21313577890396118,0.448724685092825
FR011003,0.2758193016052246,0.6309589547899971
FR011363,0.3483772575855255,0.8856802535373326
FR004733,0.38131895661354065,1.0210452423332623
FR011742,0.30935096740722656,0.7420231758724938
FR001403,0.37867099046707153,1.0096336200755434
FR013400,0.2499242126941681,0.551984122209462
FR005942,0.2723715901374817,0.6201197425592062
FR008364,0.39645975828170776,1.0882189358023147
FR003088,0.19665497541427612,0.4055330272772979
FR001873,0.2457050383090973,0.5396302096884389
FR004184,0.2767198979854584,0.6338073492571293
FR017893,0.39921069145202637,1.1007871916044003
FR011692,0.260271281003952,0.5828773359430646
FR012916,0.2504626214504242,0.553570611232652
FR014583,0.23069137334823608,0.49676861648694687
FR014155,0.21452276408672333,0.45244227790125235
FR011399,0.27666908502578735,0.6336464498860986
FR010675,0.2236236035823822,0.4771651503282663
FR014575,0.3332313597202301,0.8279309136732885
FR001433,0.2541651725769043,0.5645426796927111
FR017972,0.25636914372444153,0.5711257613584363
FR004280,0.7984179854393005,6.5614818165841
FR002715,0.2271195352077484,0.486816802794904
FR001583,0.3121565580368042,0.7518068210288511
FR014021,0.28887802362442017,0.67296705399318
FR002511,0.26528918743133545,0.5981726023759733
FR007607,0.2895689606666565,0.6752327197862386
FR011568,0.7436164021492004,4.804875312516586
FR005924,0.3365309238433838,0.8402870906728303
FR016221,0.5171969532966614,1.7746362772059348
FR013782,0.32160285115242004,0.785342816458271
FR007754,0.5241832733154297,1.8250167417321936
FR011816,0.6041736602783203,2.5286021138407846
FR005837,0.28843650221824646,0.6715215563029933
FR015340,0.23173999786376953,0.4997078533141182
FR014265,0.2505435049533844,0.5538091415729937
FR010468,0.31919336318969727,0.7767002970103188
FR014557,0.24341902136802673,0.53299421211493
FR001577,0.24998337030410767,0.5521583261519155
FR005326,0.27816322445869446,0.6383871064655033
FR017551,0.2696399688720703,0.6116044957876662
FR013298,0.32505640387535095,0.797837866352032
FR019296,0.31211841106414795,0.751673259866306
FR006190,0.2932133674621582,0.6872564712908675
FR002570,0.2688787579536438,0.6092429193465011
FR019677,0.3010793924331665,0.7136357275727658
FR008397,0.307021826505661,0.7339611869424495
FR015453,0.3278191387653351,0.807925957272515
FR016954,0.2833613157272339,0.6550338024357906
FR001483,0.6294142007827759,2.813657063494466
FR016456,0.3138263523578644,0.7576676998621702
FR009032,0.2464471012353897,0.5417929739388387
FR009346,0.2859979569911957,0.6635702021322513
FR001544,0.24401400983333588,0.5347175196224605
FR014681,0.24920490384101868,0.5498681389328307
FR008226,0.23529385030269623,0.5097290591976978
FR002129,0.31640174984931946,0.7667633278682745
FR015145,0.32211631536483765,0.7871924870142588
FR002553,0.3107783794403076,0.7469908883581778
FR013436,0.1648169755935669,0.3269216494017429
FR009622,0.25147438049316406,0.5565580604328327
FR016745,0.34125959873199463,0.8582107990695277
FR000228,0.2621021568775177,0.5884339928233967
FR018545,0.2992011308670044,0.7072830292351191
FR012030,0.2588708698749542,0.5786456581810112
FR017903,0.26092278957366943,0.5848514909109143
FR013443,0.2389477789402008,0.5201300429983481
FR009975,0.20030330121517181,0.4149408603370498
FR006521,0.2760719358921051,0.6317572680307072
FR019141,0.8594380021095276,10.129080694967023
FR014098,0.47358429431915283,1.4903622874704816
FR017519,0.33214420080184937,0.8238864721082386
FR011610,0.3345278799533844,0.8327714966236419
FR012188,0.25980597734451294,0.5814695331782719
FR011603,0.27725332975387573,0.6354978277846789
FR013417,0.29911261796951294,0.7069844989998997
FR011339,0.21204939484596252,0.4458219460685681
FR010032,0.3372274935245514,0.8429113261159304
FR007426,0.22878332436084747,0.4914409637902032
FR007581,0.4270097315311432,1.2345649015877305
FR013262,0.28028449416160583,0.6451513529517271
FR001676,0.2567611038684845,0.57230060339144
FR001198,0.680070161819458,3.5214568688508234
FR015383,0.25121498107910156,0.5557913549413527
FR015971,0.5278310179710388,1.8519141645733495
FR019603,0.25107860565185547,0.5553884838180455
FR002581,0.26943597197532654,0.6109711342630297
FR002060,0.2270018458366394,0.486490463136737
FR014904,0.2828676104545593,0.6534423576378294
FR019577,0.3082413673400879,0.7381756825188576
FR005991,0.33194947242736816,0.8231634349366515
FR002761,0.31359294056892395,0.7568467239592052
FR002561,0.28840452432632446,0.6714169334906059
FR002209,0.20119883120059967,0.4172632737791777
FR016077,0.338134765625,0.8463376380687184
FR007162,0.2679995000362396,0.6065212277825689
FR002578,0.2820797264575958,0.6509071699148431
FR000222,0.7214962840080261,4.2916718125727265
FR011257,0.21209245920181274,0.44593685852392484
FR015949,0.331758052110672,0.8224530914803863
FR018843,0.40235432982444763,1.1152912656292722
FR000864,0.1879049688577652,0.3833141138795033
FR003574,0.7947126030921936,6.41314725288952
FR006610,0.4711751341819763,1.4760256150557352
FR003240,0.3156644403934479,0.7641523502251168
FR000874,0.3006373345851898,0.7121375192189261
FR002264,0.28469347953796387,0.659338955522841
FR012972,0.4837538003921509,1.5523545595092252
FR004830,0.2472526580095291,0.5441456199043131
FR009098,0.2552201747894287,0.5676890237136901
FR010637,0.3806995749473572,1.0183672239250976
FR019342,0.26773831248283386,0.6057139961225909
FR003134,0.32088813185691833,0.7827728138027487
FR011353,0.3275863230228424,0.8070726350397331
FR017622,0.3449794352054596,0.8724924368007672
FR016035,0.2836441993713379,0.6559466582953067
FR005273,0.28944700956344604,0.6748325072085649
FR018866,0.20762565732002258,0.4340842366880242
FR013182,0.4703938066959381,1.4714040233116794
FR008043,0.2865491509437561,0.6653627234520821
FR005482,0.2973841428756714,0.7011698924015567
FR007418,0.5861384272575378,2.346218690555832
FR008461,0.29284995794296265,0.6860519352480245
FR017147,0.25132036209106445,0.5561027649708022
FR013663,0.22899822890758514,0.49203970233301586
FR018817,0.34906235337257385,0.8883559637323722
FR012893,0.2575185298919678,0.5745743893096951
FR017487,0.6286274194717407,2.8041864344523293
FR011841,0.26745837926864624,0.6048494678253271
FR014842,0.2898801267147064,0.676254510634734
FR011528,0.2678352892398834,0.606013647274456
FR013724,0.3291371166706085,0.812767810515761
FR001947,0.2147987186908722,0.4531834967266008
FR013144,0.3142271637916565,0.7590787719060784
FR014736,0.2591567039489746,0.5795080748853005
FR003376,0.334987074136734,0.8344904330910395
FR017116,0.28926002979278564,0.6742191537609544
FR002061,0.4762536585330963,1.5064014390921905
FR016935,0.4062025845050812,1.133255351612688
FR001811,0.3009474575519562,0.7131883797125581
FR015600,0.23928435146808624,0.5210931294114347
FR010659,0.25681641697883606,0.572466495964182
FR016562,0.21370021998882294,0.45023599686331106
FR011871,0.3148108422756195,0.7611365868791068
FR019955,0.36403781175613403,0.9482843853386972
FR018606,0.29457515478134155,0.6917812110566721
FR004168,0.17842571437358856,0.359777504979237
FR000040,0.2161572426557541,0.45684012450179934
FR009573,0.24268373847007751,0.5308683007026019
FR012809,0.6140353083610535,2.6355373006694274
FR007766,0.3011132776737213,0.7137506485570273
FR019642,0.4405953288078308,1.3047797239029746
FR007161,0.27987587451934814,0.6438452590000535
FR004588,0.23969335854053497,0.5222646315420274
FR016639,0.25479426980018616,0.5664177705774407
FR013007,0.28693026304244995,0.6666037471396306
FR011393,0.494284451007843,1.6191759377261858
FR014178,0.23303452134132385,0.5033474167281765
FR014153,0.32436302304267883,0.7953189465515303
FR006113,0.2873609662055969,0.6680078529900341
FR002100,0.2297743856906891,0.49420490983746096
FR019773,0.2411898970603943,0.5265618695702966
FR005086,0.30982863903045654,0.7436832921183554
FR010219,0.299437940120697,0.7080820941503615
FR001292,0.3091488778591156,0.7413215180410156
FR000752,0.44606122374534607,1.3340008415766953
FR009361,0.2438538670539856,0.5342534199326239
FR017504,0.24286776781082153,0.5313999943263961
FR001855,0.24490876495838165,0.5373141756142901
FR008905,0.3158392012119293,0.7647707084981236
FR016500,0.28593602776527405,0.6633689768825555
FR008882,0.2955471873283386,0.6950216328707061
FR005371,0.24361534416675568,0.5335625361293175
FR004340,0.1894732117652893,0.3872610718801675
FR017188,0.32506269216537476,0.7978607341868776
FR014046,0.47699448466300964,1.510881794027745
FR006045,0.22863233089447021,0.49102048537067816
FR004767,0.4243886172771454,1.2213995418083543
FR015607,0.3271377384662628,0.8054301364401725
FR011748,0.27585557103157043,0.6310735303389384
FR017132,0.2351519912481308,0.5093272584530328
FR019392,0.1981450766324997,0.4093651663406882
FR018633,0.4293502867221832,1.2464232835832574
FR006357,0.1971256583929062,0.4067419602012562
FR016354,0.7712836861610413,5.586507700804593
FR010427,0.3702011704444885,0.9737766077059997
FR005597,0.2701246440410614,0.6131107159998835
FR005702,0.4225551187992096,1.2122612705865699
FR013340,0.38026177883148193,1.0164775553357834
FR015885,0.30836358666419983,0.7385988680781267
FR005367,0.2580617070198059,0.5762078604563083
FR017564,0.24043767154216766,0.5243997737372078
FR016828,0.24000303447246552,0.5231524623479621
FR005415,0.26130425930023193,0.5860090097591736
FR017059,0.35412657260894775,0.9083108423919812
FR004762,0.4237480163574219,1.2182001373162334
FR011950,0.2813889682292938,0.6486890788693889
FR005392,0.2513117492198944,0.5560773098999001
FR019877,0.8010104894638062,6.668550108332585
FR009037,0.28723910450935364,0.6676104078901474
FR015058,0.2528282701969147,0.560568385565118
FR013404,0.24822552502155304,0.5469936204633049
FR002515,0.5303167104721069,1.87048229758852
FR009345,0.33088696002960205,0.8192256807623277
FR018419,0.24768179655075073,0.5454009852010361
FR017785,0.27464500069618225,0.6272555153922353
FR011160,0.322588711977005,0.788896694870567
FR001760,0.2754265069961548,0.6297188467295268
FR002447,0.23031316697597504,0.49571049001029854
FR010716,0.4118163287639618,1.1598825060061613
FR006688,0.29069840908050537,0.678945822279855
FR018937,0.27929189801216125,0.6419812328083928
FR011776,0.28204047679901123,0.6507810211203892
FR014886,0.28740543127059937,0.6681529071593747
FR011877,0.2727973461151123,0.621452708494207
FR014220,0.21393805742263794,0.45087346529852207
FR011157,0.3082191050052643,0.7380986150743996
FR009459,0.605512261390686,2.542803684579849
FR008851,0.261604905128479,0.5869221220389698
FR009177,0.3141458332538605,0.7587923112492249
FR001789,0.26758071780204773,0.6052272092333735
FR003707,0.19192498922348022,0.3934624098007776
FR004254,0.359264075756073,0.928876803433464
FR018072,0.2379591464996338,0.5173060374613526
FR001915,0.34333449602127075,0.866157035816567
FR006104,0.241286501288414,0.5268398464132189
FR015689,0.24701599776744843,0.5434539263578552
FR005968,0.3029974400997162,0.7201583250215954
FR007158,0.28315073251724243,0.6543547253953272
FR018110,0.2819463610649109,0.650478588393401
FR016243,0.26434311270713806,0.5952728754415454
FR018667,0.2923363447189331,0.6843516525581351
FR000891,0.24289263784885406,0.5314718681326005
FR015747,0.27862387895584106,0.6398526473820147
FR012455,0.26525646448135376,0.5980721815838482
FR008845,0.2615917921066284,0.5868822800633261
FR005626,0.2871728837490082,0.6673944895736402
FR010708,0.2547784745693207,0.5663706524740552
FR013771,0.21904407441616058,0.46465261315567524
FR003143,0.2867383360862732,0.6659786054135833
FR006037,0.22736652195453644,0.48750199307998976
FR012885,0.35188159346580505,0.8994263230498696
FR005633,0.40323588252067566,1.119385994948066
FR007562,0.3455160856246948,0.8745662085793888
FR013684,0.5092992186546326,1.7194108371163304
FR010109,0.2694815695285797,0.6111126730524676
FR001657,0.252480149269104,0.559535837279046
FR011697,0.3226655125617981,0.7891739836576962
FR007467,0.24174363911151886,0.5281562124904771
FR012935,0.5176291465759277,1.7777106062512007
FR006412,0.3362724483013153,0.8393147189456086
FR005955,0.3790815770626068,1.0113966999551973
FR012245,0.29546359181404114,0.6947426027899173
FR000782,0.26212233304977417,0.5884953805527251
FR015393,0.2500407099723816,0.5523272029527782
FR018510,0.29069283604621887,0.6789274716982207
FR014484,0.30151477456092834,0.7151131644222786
FR013828,0.29562148451805115,0.6952696820404951
FR016309,0.36716222763061523,0.961145201991505
FR016247,0.3242608904838562,0.794948355313574
FR011295,0.6684476733207703,3.339940540542849
FR009546,0.2180238664150238,0.46188508465718425
FR007377,0.7203947901725769,4.268238741121366
FR006034,0.45716434717178345,1.3951708352776568
FR014513,0.2597666084766388,0.5813505016308129
FR006269,0.24669605493545532,0.5425195113765962
FR011450,0.23937202990055084,0.5213441570464613
FR008356,0.3115442097187042,0.7496646394977344
FR011758,0.31218957901000977,0.7519224468727814
FR016985,0.23666927218437195,0.5136325395756776
FR003728,0.30788081884384155,0.7369281507467572
FR000561,0.2815399765968323,0.6491736169603419
FR019795,0.23319673538208008,0.5038043492525466
FR008984,0.2390582412481308,0.5204460317597378
FR010435,0.2593419849872589,0.5800674592108558
FR019445,0.2745351195335388,0.6269095922291489
FR007267,0.285250186920166,0.6611428209925462
FR000178,0.33862605690956116,0.8481969223985456
FR017854,0.4162839949131012,1.1814395668046789
FR017866,0.4547600746154785,1.3817137475103
FR003952,0.2954913377761841,0.6948352075712113
FR003606,0.27357837557792664,0.6239020345204386
FR003330,0.18699675798416138,0.38103528892900757
FR008717,0.3226298689842224,0.7890452845736089
FR006825,0.7697017788887024,5.536754996069079
FR015685,0.26598045229911804,0.6002960611191244
FR004395,0.7493630647659302,4.953026040846403
FR009829,0.23771272599697113,0.5166032834809114
FR001261,0.23273594677448273,0.5025068822321779
FR017176,0.27207624912261963,0.6191959985714427
FR007242,0.5979061126708984,2.4633658802021308
FR011944,0.25701704621315,0.5730684213469778
FR012178,0.3040643632411957,0.7238021128870692
FR019999,0.2669059634208679,0.6031453581713613
FR004140,0.28070148825645447,0.6464857445013937
FR002610,0.23076008260250092,0.49696095941331564
FR008416,0.24506470561027527,0.5377673585890218
FR007123,0.24698027968406677,0.5433495698717918
FR010061,0.2414248287677765,0.5272380043963031
FR009157,0.2704359292984009,0.6140791495220771
FR013113,0.3352682888507843,0.8355442980289454
FR018925,0.3835914433002472,1.0309168816461005
FR016592,0.3428150713443756,0.8641630862013738
FR017650,0.2908399701118469,0.6794120433895365
FR018039,0.22065047919750214,0.46902501018122883
FR004274,0.34036585688591003,0.854803438722969
FR018813,0.3120191693305969,0.7513258615431356
FR000940,0.2857540249824524,0.6627778012775405
FR009005,0.4194171130657196,1.1967551782565513
FR004262,0.4776085615158081,1.5146052292885754
FR002616,0.22407035529613495,0.4783937063316812
FR016571,0.2517733871936798,0.5574424925386086
FR012164,0.19569040834903717,0.40305999108499896
FR011754,0.35157737135887146,0.8982270953507456
FR014778,0.3520473539829254,0.900080216321973
FR010913,0.24800941348075867,0.5463603322881462
FR003281,0.26162460446357727,0.5869819782121852
FR006618,0.22565826773643494,0.48277189971369067
FR013164,0.29458704590797424,0.6918207980229473
FR001131,0.3998650908470154,1.103793926950518
FR005836,0.1696680188179016,0.3385100932195736
FR017752,0.252317875623703,0.5590548521334757
FR018681,0.23878614604473114,0.5196678407958304
FR017925,0.28420981764793396,0.6577740527984295
FR000270,0.25020402669906616,0.5528083449572415
FR015152,0.2639017701148987,0.5939227063486391
FR008232,0.3475615382194519,0.882501708393756
FR001565,0.22187717258930206,0.47237604543024486
FR001828,0.27431032061576843,0.6262022163030584
FR008091,0.26092544198036194,0.5848595351589115
FR017003,0.261960506439209,0.5880031037523332
FR002948,0.35448792576789856,0.9097466738618205
FR006779,0.28524699807167053,0.6611324803566401
FR016855,0.3537972569465637,0.9070037100169295
FR004949,0.2143028825521469,0.45185204502588483
FR005970,0.2761247158050537,0.6319241206034104
FR001472,0.44006311893463135,1.30196496524341
FR004100,0.22029410302639008,0.468053451659879
FR006247,0.27090731263160706,0.6155472353358401
FR014288,0.7684859037399292,5.498976526638341
FR016702,0.30786168575286865,0.7368619847651902
FR012724,0.24217598140239716,0.5294026390389767
FR019203,0.28240343928337097,0.6519481124136118
FR002398,0.24904778599739075,0.5494064864454408
FR012276,0.29475852847099304,0.6923918321862438
FR014820,0.23698553442955017,0.5145320894188988
FR006039,0.6449092030525208,3.0087254328820503
FR000136,0.4689773917198181,1.4630605315284502
FR019803,0.24818536639213562,0.5468759130188596
FR000298,0.2757124602794647,0.6306215084605847
FR013673,0.24177046120166779,0.5282334982101606
FR012418,0.2936081886291504,0.6885665272406342
FR007983,0.196078360080719,0.40405394014441987
FR011518,0.2699028253555298,0.6124211240883903
FR018108,0.31270644068717957,0.7537337315207662
FR007720,0.2699735760688782,0.612641029022761
FR006296,0.28109312057495117,0.6477403873680537
FR017658,0.24368537962436676,0.5337653493043808
FR019926,0.3265804946422577,0.8033928279231125
FR009325,0.2904433012008667,0.6781061124562867
FR014850,0.22610166668891907,0.48399764853703253
FR014373,0.8318975567817688,8.198213469854693
FR019396,0.26567429304122925,0.5993550940213955
FR014145,0.32587572932243347,0.8008209978546691
FR000719,0.24618741869926453,0.5410356372147299
FR009926,0.3509458899497986,0.8957414171599918
FR014773,0.26934489607810974,0.6106884796023583
FR004595,0.3029569089412689,0.7200201217207012
FR012975,0.2785300016403198,0.6395538312614266
FR007673,0.3395897150039673,0.8518519062650223
FR005957,0.6727825403213501,3.4061333215690164
FR016393,0.27235913276672363,0.6200807642443719
FR006972,0.3670334219932556,0.9606124990459779
FR016888,0.3290073871612549,0.8122903794533093
FR007443,0.2882480323314667,0.6709050705688187
FR013314,0.28704696893692017,0.666984044460547
FR010404,0.3048856556415558,0.7266146345540888
FR019114,0.21982517838478088,0.4667764139985684
FR014309,0.23234397172927856,0.5014044032932385
FR013004,0.2640150785446167,0.594269188550048
FR006084,0.44091758131980896,1.3064866620602609
FR007565,0.2496703416109085,0.5512368490635118
FR019810,0.24451473355293274,0.5361699048319968
FR019197,0.3188875615596771,0.7756077991298147
FR014701,0.2792544662952423,0.641861855499903
FR015929,0.47605547308921814,1.5052050048266963
FR013496,0.3279532492160797,0.8084177707127982
FR014997,0.2758132219314575,0.6309397501514185
FR002260,0.31930723786354065,0.7771073731353929
FR017552,0.49031952023506165,1.5936926944334737
FR002456,0.2362600564956665,0.5124697063701112
FR000854,0.24678583443164825,0.5427816384280242
FR015988,0.4065364599227905,1.1348249028506585
FR003750,0.704929769039154,3.9577089571157607
FR010937,0.23377728462219238,0.5054412542859966
FR013502,0.28648507595062256,0.6651542048296475
FR016126,0.20374032855033875,0.42388268936876866
FR011140,0.2733150124549866,0.6230755334688997
FR001152,0.6211718916893005,2.7163954818577376
FR007382,0.8234860897064209,7.728598224569764
FR012651,0.2567956745624542,0.5724042833556733
FR003723,0.24958691000938416,0.550991377343801
FR010889,0.295859694480896,0.6960653246175412
FR011428,0.28729721903800964,0.6677999282188043
FR019053,0.22453394532203674,0.47967006386666905
FR000957,0.3468293249607086,0.8796553161022674
FR016659,0.6255585551261902,2.7676263371417815
FR016026,0.30914345383644104,0.7413026914125865
FR019473,0.1924234926700592,0.3947278924972732
FR007764,0.17358624935150146,0.3479695039605814
FR006276,0.3707822859287262,0.9762059183731754
FR001881,0.5163819789886475,1.7688540541699551
FR014109,0.2855691909790039,0.662177737663711
FR018604,0.33571138978004456,0.8372066495173279
FR011942,0.3003920018672943,0.7113068623527264
FR013955,0.2620167136192322,0.5881740616103419
FR009711,0.2713273763656616,0.6168570908485134
FR011938,0.2605499029159546,0.5837211705203732
FR018093,0.2710464298725128,0.6159808677569786
FR000845,0.6776618361473083,3.4827692375396304
FR000345,0.2941214442253113,0.6902717512858352
FR015303,0.2684359848499298,0.6078715232969725
FR010768,0.30893707275390625,0.7405865680983535
FR007807,0.29355838894844055,0.6884012062385236
FR005473,0.16185182332992554,0.3199043834568801
FR007942,0.2542104721069336,0.5646775940458738
FR012979,0.3105316162109375,0.746130626642483
FR009121,0.20744208991527557,0.4336000001478042
FR014445,0.33153724670410156,0.8216342079157313
FR008924,0.20768475532531738,0.43424018037760065
FR011840,0.2557126581668854,0.5691608157173166
FR019808,0.3271483778953552,0.8054690675020051
FR013165,0.37248003482818604,0.9833290073355935
FR009677,0.321758896112442,0.7859046465876575
FR013571,0.34057217836380005,0.855589212345623
FR015851,0.2303040623664856,0.49568503041647816
FR017223,0.2735356390476227,0.623767875591744
FR013254,0.3586433529853821,0.9263744859964179
FR000852,0.3614305555820465,0.9376486462429368
FR000610,0.3285141885280609,0.8104769916753578
FR017511,0.3571561574935913,0.9203988192290675
FR005464,0.24188260734081268,0.5285566976253188
FR018405,0.798822820186615,6.578019348058317
FR010187,0.5015444755554199,1.6668880636357066
FR005053,0.2763742208480835,0.6327132077127323
FR017581,0.4155993163585663,1.1781145196584515
FR017114,0.2738228738307953,0.6246698693894507
FR014763,0.3148248493671417,0.761186013313248
FR004107,0.30727633833885193,0.7348395049767559
FR011015,0.32798290252685547,0.8085265426291953
FR008722,0.2591506540775299,0.5794898143590825
FR007209,0.27694883942604065,0.6345325734201571
FR006891,0.24583424627780914,0.5400064840988935
FR008383,0.5460537075996399,1.9927567375728783
FR003075,0.2924366295337677,0.684683444888595
FR015196,0.21843986213207245,0.46301268801238143
FR018031,0.2114982157945633,0.4443522943442225
FR018653,0.257662832736969,0.5750081113258556
FR000534,0.39990130066871643,1.1039604898261994
FR016066,0.39796721935272217,1.095091884991937
FR006867,0.2524709701538086,0.5595086244664245
FR004426,0.2681930661201477,0.6071198388820664
FR015466,0.3004419505596161,0.7114759333047032
FR007792,0.3904043138027191,1.060952943466086
FR008862,0.27935123443603516,0.6421704940637377
FR019376,0.22145716845989227,0.47122750498523774
FR000531,0.6013847589492798,2.4993203011473044
FR017887,0.2568545341491699,0.5725808296257981
FR004034,0.25138628482818604,0.5562976169534837
FR011827,0.2422250509262085,0.5295441945014389
FR001610,0.23349560797214508,0.5046467347582512
FR017387,0.5630196928977966,2.1344457413360716
FR015306,0.2510758340358734,0.5553802976175977
FR010045,0.3153754770755768,0.7631306004384153
FR018971,0.7381244897842407,4.669368267854911
FR005733,0.18571053445339203,0.3778166759665907
FR003523,0.2977875769138336,0.7025244874417852
FR011291,0.24062946438789368,0.5249506304461706
FR002254,0.3971468210220337,1.0913471898031202
FR005547,0.2716401219367981,0.6178332847714242
FR016341,0.24057108163833618,0.5247829173135381
FR019636,0.30359596014022827,0.7222010337329736
FR006545,0.24951276183128357,0.5507732650369893
FR011109,0.6061496734619141,2.5496000850952547
FR002636,0.2275296151638031,0.4879546862243185
FR019934,0.28965452313423157,0.675513596123346
FR016216,0.5541126728057861,2.0587155879402657
FR012645,0.24308718740940094,0.5320342746273639
FR018901,0.24785567820072174,0.5459100515625325
FR016232,0.8265760540962219,7.895818476860004
FR007971,0.4747033417224884,1.4970663554140324
FR015603,0.7234495878219604,4.333685218776477
FR006895,0.3017605245113373,0.7159479120924789
FR007413,0.667293906211853,3.3226133273850427
FR004205,0.6760636568069458,3.4574134263848326
FR019588,0.34738343954086304,0.881808783041398
FR004371,0.2736296057701111,0.6240628776392813
FR004514,0.2729557156562805,0.6219489336057575
FR008995,0.2818066477775574,0.6500297780653382
FR007539,0.26646217703819275,0.6017782113010853
FR015114,0.28421851992607117,0.6578021906001119
FR013781,0.3344717025756836,0.8325613664250548
FR000153,0.24835248291492462,0.5473658246925561
FR000633,0.23465551435947418,0.5079222131156007
FR006636,0.28305280208587646,0.6540390606729668
FR012688,0.24913562834262848,0.5496645659532419
FR001639,0.4678528904914856,1.4564682064591514
FR016573,0.22431299090385437,0.4790615411722641
FR016032,0.20988962054252625,0.4400748956317088
FR010657,0.8271808624267578,7.9292487763066735
FR002927,0.26542845368385315,0.5986000852844137
FR009274,0.2579742670059204,0.5759447446950727
FR011281,0.2895485460758209,0.6751657147040951
FR013361,0.2717560827732086,0.6181954542586103
FR014880,0.2389756441116333,0.5202097455278335
FR019561,0.3169345259666443,0.7686535153006778
FR017883,0.2810951769351959,0.6477469787816221
FR007728,0.3482927978038788,0.8853507769190481
FR014430,0.27779895067214966,0.6372295179752723
FR007383,0.242664635181427,0.53081312269463
FR000753,0.5247782468795776,1.8293757234926529
FR012828,0.34142884612083435,0.8588570904623825
FR005660,0.2764468491077423,0.6329430048253869
FR000668,0.28090807795524597,0.6471474100002915
FR011735,0.333713173866272,0.8297275763823615
FR001397,0.2580295503139496,0.5761110904973594
FR005829,0.2758668065071106,0.6311090256681471
FR011041,0.28411251306533813,0.6574594763647982
FR014325,0.8127956390380859,7.192647927906899
FR004702,0.29759177565574646,0.7018668587076483
FR014311,0.32367441058158875,0.7928224610571988
FR017902,0.2724732756614685,0.6204379599655925
FR005070,0.22554457187652588,0.48245782067267035
FR011343,0.24337171018123627,0.5328572976769492
FR013301,0.24244722723960876,0.5301853568622313
FR016118,0.24034544825553894,0.5241349941912261
FR015771,0.2477807104587555,0.545690542637941
FR012709,0.4885939061641693,1.5827253073154972
FR007028,0.2205560803413391,0.46876757198429353
FR014991,0.6224276423454285,2.730939500613369
FR005173,0.31673023104667664,0.7679283676793953
FR006401,0.2818067967891693,0.6500302566522752
FR016650,0.3240087628364563,0.7940339815644897
FR016812,0.24009020626544952,0.523402511552969
FR005497,0.3236038088798523,0.7925667899834403
FR016011,0.3140343129634857,0.7583996273297061
FR018509,0.258715957403183,0.5781785351846924
FR005363,0.2564027011394501,0.5712262962219298
FR010125,0.24141544103622437,0.527210978417032
FR003517,0.2612014412879944,0.5856969045851736
FR018973,0.2992102801799774,0.7073138917113505
FR010385,0.2773434519767761,0.6357836771635187
FR000197,0.23244976997375488,0.5017018631673885
FR012086,0.2985973358154297,0.7052480867208403
FR016135,0.22838479280471802,0.49033151075025044
FR000827,0.3737565875053406,0.9887103595956998
FR002911,0.2837562561035156,0.6563084609333291
FR002870,0.29008984565734863,0.6769436800626729
FR005659,0.36829233169555664,0.9658283005128494
FR000873,0.42132845520973206,1.206179833605256
FR006530,0.25198546051979065,0.5580702129584385
FR009091,0.4308086633682251,1.2538614384377937
FR004658,0.46489381790161133,1.4392531939563227
FR007784,0.28014516830444336,0.6447058512785085
FR009954,0.4043957591056824,1.1247919782176805
FR000764,0.284532368183136,0.6588174398382933
FR013277,0.3081474304199219,0.7378505266698027
FR005744,0.33060339093208313,0.8181768647754424
FR019071,0.33298546075820923,0.8270149681833978
FR015911,0.35630255937576294,0.916981468312347
FR005718,0.6217991709709167,2.723648515150212
FR018929,0.34189945459365845,0.8606559124451146
FR009715,0.25742822885513306,0.5743030628918572
FR007654,0.3110397458076477,0.7479027312985559
FR015904,0.334541380405426,0.8328220000437285
FR007594,0.29303520917892456,0.6866658034770785
FR005956,0.313202440738678,0.755474472301134
FR009903,0.5486935377120972,2.0141030741187698
FR010099,0.2777269184589386,0.637000752430892
FR004612,0.43755561113357544,1.2887748973875377
FR019135,0.24776329100131989,0.5456395439463558
FR017668,0.24908754229545593,0.549523282379939
FR004607,0.27874091267585754,0.6402252804127452
FR018570,0.3701292872428894,0.9734764167895765
FR007177,0.2841764986515045,0.6576663260327256
FR007602,0.28473418951034546,0.6594707704386925
FR006995,0.21682752668857574,0.4586489468236256
FR008289,0.23910756409168243,0.520587154441632
FR017363,0.25636574625968933,0.5711155833789643
FR001986,0.32715922594070435,0.8055087631856502
FR015641,0.36146262288093567,0.9377789303141745
FR009389,0.2423190027475357,0.5298152773019933
FR013577,0.3995198607444763,1.1022068992071985
FR001441,0.25802281498908997,0.5760908227824683
FR005971,0.30367952585220337,0.7224865172708279
FR002293,0.26026594638824463,0.5828611857229106
FR008953,0.3274570107460022,0.806598931565977
FR016622,0.26138749718666077,0.5862617428994549
FR013910,0.2232709676027298,0.4761964082614346
FR016096,0.28071779012680054,0.6465379423199422
FR015803,0.25045397877693176,0.5535451265102705
FR014112,0.2561051547527313,0.5703351915364779
FR016242,0.3064124286174774,0.7318607798025982
FR013074,0.2995440363883972,0.7084402697979894
FR009092,0.2911776602268219,0.6805249535335288
FR005369,0.23913025856018066,0.520652094075443
FR016610,0.27506905794143677,0.6285914974985366
FR007956,0.2814550995826721,0.6489012484013905
FR010950,0.3680189847946167,0.9646940280917176
FR004216,0.3426898717880249,0.8636829457792782
FR015262,0.4573509097099304,1.3962200403892002
FR012904,0.2063995599746704,0.4308541360989689
FR005673,0.25540176033973694,0.5682314675475875
FR004744,0.20888042449951172,0.43740023281341217
FR005067,0.2740854024887085,0.6254949037248739
FR016638,0.261843740940094,0.5876480369814168
FR010775,0.28392162919044495,0.6568426153637177
FR006509,0.2638024091720581,0.5936189614883488
FR015666,0.39768147468566895,1.0937864502304835
FR005941,0.23752231895923615,0.5160605825199047
FR009376,0.24655373394489288,0.5421041081836947
FR000679,0.2445724457502365,0.5363374269627368
FR005766,0.3195178508758545,0.7778606258913069
FR017135,0.28123781085014343,0.6482042665468548
FR006761,0.22706615924835205,0.4866687848257824
FR014026,0.3753102421760559,0.9952895179302009
FR013939,0.2433324009180069,0.532743553128654
FR008730,0.2569841146469116,0.5729695981642138
FR007193,0.27344003319740295,0.6234678059296987
FR004441,0.23643052577972412,0.5129539628868135
FR007901,0.24125732481479645,0.52675588420016
FR004852,0.7887420058250427,6.185078526487884
FR010183,0.4015834629535675,1.1117205487472843
FR017973,0.38257426023483276,1.026489273977411
FR012246,0.28039664030075073,0.6455100713768924
FR001016,0.2470557540655136,0.5435700928216315
FR004535,0.27629491686820984,0.6324623411790552
FR013545,0.3682081401348114,0.9654788370428273
FR000385,0.7303546667098999,4.487085030076311
FR001146,0.22605383396148682,0.48386535035393197
FR009110,0.3381454050540924,0.8463778735838463
FR018704,0.24061188101768494,0.5249001168859126
FR019714,0.3075408637523651,0.7357530640374298
FR018520,0.36800938844680786,0.9646542251912636
FR005006,0.20384028553962708,0.4241438944656349
FR012498,0.31648457050323486,0.76705696622802
FR015874,0.24663972854614258,0.542355088456779
FR000425,0.2577146887779236,0.5751640129659822
FR011120,0.5097341537475586,1.7224058552786776
FR004819,0.2992006242275238,0.7072813202616113
FR005068,0.3237679600715637,0.7931613155590963
FR008945,0.23070462048053741,0.4968056974962424
FR009838,0.4853146970272064,1.562086487999639
FR005210,0.30018672347068787,0.7106122704712878
FR018089,0.2497982233762741,0.5516132076430244
FR006708,0.22683361172676086,0.4860241410010432
FR008015,0.33020299673080444,0.8166974686726759
FR008007,0.3719295859336853,0.9810153207997495
FR010850,0.24775555729866028,0.5456169028549114
FR001302,0.26491206884384155,0.5970158361127429
FR004693,0.2971115708351135,0.7002555678879593
FR019454,0.24778662621974945,0.5457078626624465
FR011357,0.275958776473999,0.6313996203622045
FR011653,0.29962441325187683,0.7087116902801525
FR013149,0.25734272599220276,0.5740462143046104
FR015398,0.15846551954746246,0.31195091440926914
FR013147,0.2549952566623688,0.5670175006766949
FR005405,0.31899726390838623,0.7759996056481645
FR012299,0.3039012551307678,0.7232443379072326
FR014743,0.27203676104545593,0.6190725477319888
FR012654,0.8065409064292908,6.906541880581909
FR011591,0.46193188428878784,1.4222111573712046
FR015914,0.3104827404022217,0.7459603096976406
FR012618,0.26800039410591125,0.6065239920021399
FR011961,0.26626279950141907,0.601164538923975
FR001724,0.27772757411003113,0.6370028344932088
FR009246,0.2988629937171936,0.7061429894578322
FR018103,0.26729923486709595,0.6043582707020378
FR015254,0.23039548099040985,0.4959406954149693
FR003821,0.22745797038078308,0.48775580031446064
FR002619,0.27953895926475525,0.642769472196847
FR004635,0.28836366534233093,0.6712832678850741
FR010548,0.24982887506484985,0.5517034352360215
FR009350,0.37732791900634766,1.0038826448665052
FR007018,0.25587233901023865,0.5696384419102546
FR008142,0.23885253071784973,0.5198576493272108
FR009055,0.3144288957118988,0.7597896010717167
FR007171,0.2508266270160675,0.5546444913325568
FR007024,0.22796770930290222,0.48917163847654044
FR015167,0.24868836998939514,0.5483511561591965
FR014761,0.5972430109977722,2.4565827060612695
FR006489,0.3788779675960541,1.0105220991258452
FR006716,0.5266831517219543,1.8434054242839064
FR017952,0.34081944823265076,0.8565315855870005
FR018367,0.32889485359191895,0.8118763824617763
FR013743,0.31811103224754333,0.7728379967902698
FR011659,0.2991100549697876,0.7069758558133278
FR010924,0.30053967237472534,0.7118067809737721
FR011842,0.2094486951828003,0.43890547527289664
FR019340,0.27337321639060974,0.6232581407796592
FR008028,0.3115692436695099,0.749752141194014
FR008310,0.36694565415382385,0.9602496407695374
FR007884,0.2436714768409729,0.5337250857435121
FR011359,0.2819083333015442,0.6503564119699022
FR016020,0.3171732425689697,0.7695013928940171
FR007962,0.20296309888362885,0.4218538875789201
FR008550,0.235317662358284,0.5097965189349181
FR017413,0.2979888916015625,0.7032010163647378
FR003939,0.36112284660339355,0.9363991410179208
FR016435,0.23346446454524994,0.5045589249846226
FR009864,0.6764256954193115,3.463135383376873
FR019754,0.32431361079216003,0.7951396386396185
FR018431,0.3130902349948883,0.7550804597513575
FR005106,0.21655462682247162,0.45791212821229604
FR019981,0.6869926452636719,3.6359754705204623
FR007676,0.21904580295085907,0.4646573083050469
FR014833,0.3416840136051178,0.8598321061995156
FR014936,0.2770918607711792,0.6349858592215952
FR019855,0.30582770705223083,0.7298488911871549
FR006518,0.25197097659111023,0.5580273303406992
FR019293,0.4386720359325409,1.2946329950455362
FR007723,0.24945396184921265,0.5506003312131394
FR015756,0.3947145342826843,1.0803047161850492
FR016925,0.4785487949848175,1.5203232981312813
FR019848,0.38688796758651733,1.0453669925691225
FR011727,0.2680850028991699,0.6067856098730309
FR003209,0.2631732225418091,0.5916974495256833
FR009324,0.28786560893058777,0.669655164943772
FR019917,0.2800212800502777,0.6443098569665333
FR007265,0.4864138662815094,1.5689751188846879
FR018312,0.5830325484275818,2.316402603437023
FR002777,0.23034203052520752,0.49579120632128093
FR014739,0.47509393095970154,1.499413054688892
FR008107,0.21840733289718628,0.46292447058863506
FR016332,0.4756431579589844,1.5027187798571797
FR005167,0.40638023614883423,1.1340902737471588
FR015969,0.39034509658813477,1.060688979029844
FR000674,0.254504919052124,0.5655549369931552
FR017422,0.28360792994499207,0.6558295778045536
FR007702,0.31187301874160767,0.7508144399687032
FR013995,0.22304470837116241,0.4755753045279689
FR019672,0.2056204080581665,0.42880667544707735
FR013236,0.2326480597257614,0.5022595909348516
FR003199,0.22415830194950104,0.47863572410189115
FR018261,0.20656424760818481,0.43128741817379035
FR004006,0.2990269660949707,0.7066956900025626
FR017612,0.26453378796577454,0.5958566964416592
FR000820,0.34230726957321167,0.8622167987886625
FR009957,0.2756057679653168,0.6302846320997784
FR017896,0.19238147139549255,0.3946211585257624
FR003164,0.2846684753894806,0.6592580019688365
FR010869,0.2553696930408478,0.5681356548504978
FR015116,0.28178858757019043,0.6499717747992004
FR005176,0.2590918242931366,0.5793122620326624
FR010982,0.25444892048835754,0.5653880286284021
FR003278,0.46288058161735535,1.427649204480099
FR010100,0.7893598079681396,6.2080780276022836
FR011674,0.24591493606567383,0.5402415311607126
FR002221,0.2878763973712921,0.6696904072839017
FR005839,0.3092341721057892,0.7416176108259727
FR005599,0.4245229661464691,1.2220714346978443
FR000161,0.27312612533569336,0.6224831260419711
FR019372,0.2342458963394165,0.5067643528164888
FR001484,0.45631805062294006,1.3904204078156985
FR005199,0.33293604850769043,0.8268309946872388
FR004905,0.26203715801239014,0.5882362510440987
FR009025,0.24440604448318481,0.5358544807869866
FR012375,0.24942393600940704,0.5505120340978645
FR000984,0.2589268684387207,0.5788145642818743
FR013715,0.5135281085968018,1.748758618879096
FR016548,0.2673579752445221,0.6045395472659223
FR001705,0.6788425445556641,3.5016637773722747
FR002905,0.280486524105072,0.6457976606812121
FR018725,0.5548355579376221,2.0647487792259636
FR003248,0.3063519597053528,0.7316525633280783
FR006114,0.2825450301170349,0.6524037122308726
FR013707,0.28952687978744507,0.6750946054931523
FR012924,0.29697054624557495,0.6997827887230655
FR017738,0.33170902729034424,0.8222712302684483
FR001907,0.28267860412597656,0.6528336810148239
FR005278,0.333877831697464,0.8303421737227269
FR004114,0.3810371160507202,1.0198259847087903
FR017789,0.2104058414697647,0.4414456742200038
FR003869,0.2842346131801605,0.6578542280633757
FR018995,0.103674978017807,0.19161602683316137
FR005586,0.26434746384620667,0.5952861946471092
FR014566,0.25415709614753723,0.5645186276050947
FR015585,0.2799071967601776,0.6439453235836327
FR012219,0.3156956136226654,0.7642626276867375
FR015040,0.26889845728874207,0.6093039724668017
FR010067,0.3144192099571228,0.7597554624703814
FR009483,0.3204738199710846,0.781285497705947
FR005916,0.26585304737091064,0.599904392298237
FR006640,0.2873851954936981,0.6680868916568573
FR000657,0.5755516886711121,2.2463784371143296
FR001924,0.29719603061676025,0.7005388066932324
FR017328,0.32262343168258667,0.7890220427047152
FR011870,0.2980270981788635,0.7033294554491856
FR002422,0.30056920647621155,0.7119067900294037
FR015334,0.3599179685115814,0.9315180881296217
FR017678,0.266482412815094,0.6018405144846518
FR003906,0.2762896418571472,0.6324456564037444
FR005986,0.26861873269081116,0.6084373448499634
FR002963,0.3359524607658386,0.8381119908855833
FR002903,0.4787624776363373,1.5216256949184688
FR015908,0.670780599117279,3.3753473525019553
FR019062,0.7163576483726501,4.18390894188215
FR015037,0.25863268971443176,0.5779275305007857
FR016769,0.32965153455734253,0.8146627924600212
FR014123,0.2804812788963318,0.6457808763073393
FR002065,0.26847851276397705,0.6080031724467373
FR006385,0.250823050737381,0.5546339356088562
FR002526,0.2722863256931305,0.6198529822683603
FR010848,0.3345066010951996,0.8326918993665968
FR015155,0.24291539192199707,0.5315376309881649
FR012199,0.2731032073497772,0.6224112692151091
FR004655,0.3038269877433777,0.7229904549715255
FR012224,0.3088613450527191,0.7403239072190264
FR002973,0.41977259516716003,1.1985033281593196
FR006098,0.25328630208969116,0.5619284032904378
FR008762,0.2628435790538788,0.5906920403444541
FR003925,0.29599499702453613,0.6965174869815205
FR014165,0.33867862820625305,0.8483960412827818
FR013387,0.28463485836982727,0.659149172259675
FR014932,0.2565545439720154,0.5716813165310574
FR002384,0.2572947144508362,0.5739020146917725
FR005083,0.25117436051368713,0.5556713410519201
FR000038,0.4261876046657562,1.230422568022068
FR018560,0.7090868353843689,4.037936147603255
FR007930,0.3825523257255554,1.0263939578405563
FR000695,0.2853475511074066,0.6614585930562912
FR004609,0.2864646911621094,0.6650878746643932
FR015716,0.3291054666042328,0.8126513147858422
FR019025,0.28016871213912964,0.6447811218052819
FR001247,0.28294020891189575,0.6536762392524658
FR008644,0.3243286609649658,0.7951942501537687
FR016145,0.28066423535346985,0.6463664713469043
FR000334,0.4014156758785248,1.1109445643719564
FR010120,0.2520286738872528,0.5581981647941803
FR010126,0.27956801652908325,0.6428622138081854
FR008279,0.24804458022117615,0.5464633592793802
FR007841,0.2990604341030121,0.7068085321591236
FR014963,0.2487812489271164,0.5486237738956724
FR005531,0.27228257060050964,0.6198412354368279
FR001342,0.2758908271789551,0.6311849159288819
FR011049,0.32073304057121277,0.7822158474173688
FR000348,0.24272014200687408,0.5309734565169448
FR012432,0.240706667304039,0.5251724469091583
FR011795,0.27667784690856934,0.6336741927981174
FR015757,0.2691984474658966,0.6102341230701934
FR000111,0.2631731629371643,0.5916972676508252
FR014044,0.2829606831073761,0.6537422070378925
FR005441,0.2171092927455902,0.4594102427766667
FR010605,0.3813568651676178,1.021209321564237
FR008964,0.4587318003177643,1.4040084912356532
FR013582,0.3255525529384613,0.7996434598355918
FR002821,0.3289116322994232,0.8119381004302495
FR013490,0.372495174407959,0.9833927004671619
FR012849,0.38066214323043823,1.0182055521740543
FR002754,0.2812461853027344,0.64823112088432
FR017536,0.3289244771003723,0.8119853501969353
FR019838,0.23604588210582733,0.5118616019548874
FR005537,0.2636443078517914,0.5931358171933858
FR015228,0.2537670135498047,0.5633575582284208
FR013913,0.26755043864250183,0.6051337053338882
FR009646,0.2670692503452301,0.6036488033415364
FR018722,0.2220335602760315,0.4728040189871178
FR011646,0.5644136667251587,2.1465780069087517
FR017572,0.28334277868270874,0.6549740091852947
FR019986,0.2606133818626404,0.5839135118680335
FR003492,0.6850419044494629,3.6031949646145147
FR008320,0.24868568778038025,0.5483432843557143
FR009609,0.8261319994926453,7.871421778709343
FR006657,0.2942511737346649,0.6907031531543929
FR006049,0.2610431909561157,0.5852167037246273
FR003225,0.24931813776493073,0.5502009690412751
FR013876,0.21493661403656006,0.4535540812555008
FR011953,0.352262943983078,0.9009311779974761
FR019870,0.3030183017253876,0.7202294653392827
FR004038,0.2986612617969513,0.7054633676530745
FR013695,0.26934996247291565,0.6107042013418505
FR000936,0.211039200425148,0.44312995294497115
FR005979,0.24942708015441895,0.5505212797673765
FR014334,0.2867175340652466,0.6659108695768887
FR013050,0.24914084374904633,0.5496798906389946
FR018297,0.26813578605651855,0.6069426649355993
FR000249,0.2510194778442383,0.555213858015666
FR000503,0.2449607104063034,0.5374651147692839
FR015161,0.25524434447288513,0.5677612096590111
FR006197,0.2812063694000244,0.6481034489074323
FR006203,0.605560302734375,2.543315159589559
FR018915,0.3085850775241852,0.7393661635057768
FR013925,0.4197440445423126,1.198362846000327
FR009271,0.5928441286087036,2.4121439429427167
FR000897,0.32129594683647156,0.7842385803651504
FR019221,0.42403289675712585,1.2196220595884404
FR018962,0.2679266035556793,0.6062958744640355
FR014672,0.4117681384086609,1.1596517664677601
FR003738,0.21829462051391602,0.462618857848104
FR008951,0.2950179874897003,0.6932563546677556
FR019703,0.4579673409461975,1.3996919107689072
FR017800,0.6641364097595215,3.275802901858929
FR014926,0.23871393501758575,0.5194614110120026
FR009746,0.34402981400489807,0.8688311414434734
FR005346,0.4017423987388611,1.1124559989626004
FR003636,0.5668977499008179,2.168391481463018
FR003945,0.30835041403770447,0.7385532505439842
FR018550,0.285202294588089,0.6609875278836888
FR001254,0.40014180541038513,1.1050673066729637
FR005550,0.2673020660877228,0.6043670073633693
FR001883,0.3518797755241394,0.89941915347485
FR000167,0.24772337079048157,0.5455226790353608
FR003935,0.299203097820282,0.7072896640968622
FR005178,0.2732642590999603,0.6229163252631159
FR019471,0.29078617691993713,0.6792348574431533
FR016361,0.2876291871070862,0.6688831194632223
FR009010,0.2824462950229645,0.6520859912577502
FR002396,0.6219703555107117,2.725632048946519
FR005379,0.2747189402580261,0.6274883477451754
FR004865,0.31799259781837463,0.7724161073861403
FR002874,0.32373613119125366,0.7930460146233644
FR014105,0.2834703326225281,0.6553855108709885
FR014125,0.2613376975059509,0.5861105305130921
FR010818,0.273536741733551,0.6237713369556771
FR008804,0.35214588046073914,0.9004690428295464
FR010101,0.23710109293460846,0.5148609603969374
FR012362,0.2529931664466858,0.5610578139710284
FR017151,0.46127820014953613,1.4184753064365114
FR013356,0.26126784086227417,0.5858984512654375
FR014893,0.23325014114379883,0.5039548275452393
FR010043,0.4431414008140564,1.3183198610124378
FR012411,0.2428283393383026,0.5312860566742568
FR018672,0.2641802132129669,0.5947743396219642
FR002402,0.5007375478744507,1.6615164756476501
FR015675,0.27146926522254944,0.6172998742759165
FR000459,0.27472802996635437,0.6275169741044365
FR003258,0.2452698051929474,0.5383636886749769
FR002435,0.29826831817626953,0.7041406878269003
FR018245,0.2869039475917816,0.6665180129249998
FR015361,0.260648638010025,0.5840203523377985
FR014486,0.39687082171440125,1.090089685449917
FR001048,0.31505244970321655,0.7619894235806002
FR000557,0.2962551414966583,0.6973873422952125
FR017782,0.3034113049507141,0.7215704435389637
FR000084,0.291286438703537,0.6808836757153627
FR011047,0.3197626769542694,0.7787368271677271
FR010613,0.4811151325702667,1.536036059073976
FR017475,0.26560816168785095,0.5991519452331396
FR018552,0.4170464873313904,1.185151698744825
FR005333,0.6307324767112732,2.829615848886172
FR004743,0.26805511116981506,0.6066931750929649
FR018271,0.3175576627254486,0.7708680295260413
FR015573,0.2666526436805725,0.6023647681126322
FR005534,0.2623756229877472,0.5892663225598301
FR005719,0.20230688154697418,0.4201440422554648
FR002838,0.7454335689544678,4.850999297543392
FR014326,0.747331440448761,4.899880047865792
FR010018,0.24981637299060822,0.5516666327168186
FR003827,0.23925648629665375,0.521013362181561
FR006055,0.2623709738254547,0.589252167071794
FR009497,0.2965714633464813,0.6984459069118503
FR016720,0.24192990362644196,0.5286930317608819
FR008652,0.25683048367500305,0.5725086881001085
FR019629,0.5154978632926941,1.7626032725301455
FR011710,0.8709446787834167,11.179903457643968
FR005079,0.42537060379981995,1.2263178044142595
FR011665,0.23469369113445282,0.5080301898991797
FR012763,0.36429810523986816,0.9493509861124205
FR015998,0.26053860783576965,0.5836869498633724
FR016794,0.3631253242492676,0.9445521841130443
FR016563,0.35854464769363403,0.9259770219931551
FR018949,0.7032440900802612,3.9258175639397392
FR002099,0.23835384845733643,0.5184326152200588
FR002609,0.3381306529045105,0.8463220851910433
FR017860,0.27335479855537415,0.6232003540428377
FR005080,0.8209431171417236,7.595308976375632
FR016988,0.7101218700408936,4.05826905418595
FR010648,0.2202468365430832,0.46792465970759295
FR012186,0.3050617575645447,0.727218562373453
FR017282,0.2745320796966553,0.6269000238346379
FR011251,0.3043425679206848,0.7247540830236342
FR012585,0.2636750042438507,0.5932296065465126
FR017530,0.27632349729537964,0.6325527448405054
FR007192,0.43496453762054443,1.275268241354194
FR015659,0.3452361822128296,0.8734841570525793
FR009283,0.2546418011188507,0.5659630309257913
FR012236,0.36194154620170593,0.939726273939983
FR000263,0.2976415753364563,0.7020340838496951
FR018150,0.2721439003944397,0.6194075266133342
FR007293,0.2718777060508728,0.6185754326571257
FR005296,0.20440667867660522,0.42562521844891454
FR001785,0.25914323329925537,0.5794674163868919
FR010437,0.2921549081802368,0.6837516086443479
FR011925,0.2975241243839264,0.7016397266880341
FR001378,0.25028014183044434,0.5530326568409735
FR018113,0.24369999766349792,0.5338076858989594
FR012925,0.2570978105068207,0.5733108211766781
FR003586,0.2702963054180145,0.6136446661905272
FR003307,0.22524043917655945,0.48161812262316844
FR007405,0.220368430018425,0.4682560098095291
FR017427,0.667992353439331,3.333088185654813
FR018580,0.24725113809108734,0.5441411762082616
FR008404,0.2964641749858856,0.6980867619251666
FR002833,0.2558507025241852,0.5695737123578848
FR009425,0.30457502603530884,0.7255501001251756
FR014103,0.27275359630584717,0.6213156637054329
FR016416,0.28119224309921265,0.6480581555124896
FR016112,0.29427722096443176,0.6907897896027448
FR015015,0.3453053832054138,0.873751588380507
FR015495,0.22936198115348816,0.4930539015625026
FR017194,0.2642165422439575,0.5948855014631803
FR006304,0.2553524971008301,0.5680842791359697
FR002145,0.222751185297966,0.4747700938085445
FR008694,0.24806292355060577,0.5465171030300322
FR004364,0.26334482431411743,0.5922211892596664
FR011264,0.2686048746109009,0.6083944277303655
FR014891,0.5983432531356812,2.467849841666419
FR001817,0.2918183207511902,0.6826392665340464
FR012605,0.2692156732082367,0.6102875564518493
FR006331,0.30860206484794617,0.7394250318115063
FR007801,0.3136306405067444,0.7569792875941355
FR012949,0.28491270542144775,0.6600489647334017
FR011844,0.46830013394355774,1.4590868062678441
FR009203,0.2774270176887512,0.6360487943339651
FR016900,0.4085485339164734,1.1443211977227685
FR005321,0.7255398631095886,4.379307111578661
FR002538,0.3397042155265808,0.8522868955061657
FR006555,0.29728153347969055,0.7008256128591989
FR011191,0.291443794965744,0.6814027892850018
FR005872,0.24647682905197144,0.5418797052787319
FR011640,0.20767788589000702,0.43422205259651947
FR009729,0.3845088481903076,1.0349227251367392
FR019580,0.3978177607059479,1.094408923269802
FR001504,0.26562243700027466,0.5991957944437841
FR008366,0.22123639285564423,0.47062427027489656
FR011261,0.3029271066188812,0.7199185118998085
FR009379,0.2882346510887146,0.6708613128844862
FR006709,0.3187790513038635,0.7752203743629006
FR013295,0.2901485562324524,0.6771366852029395
FR016349,0.2724003791809082,0.6202098267377206
FR012005,0.22960825264453888,0.4937410894350193
FR011785,0.2920556366443634,0.6834234296445187
FR019864,0.24234549701213837,0.5298917343744262
FR001537,0.29322734475135803,0.687302824337572
FR008735,0.4029248356819153,1.1179398311601705
FR013844,0.41823041439056396,1.190934834796203
FR016734,0.2982027232646942,0.703920034343931
FR016372,0.23353762924671173,0.504765226241121
FR018499,0.3624219298362732,0.9416824942565301
FR004155,0.5530495047569275,2.0498778572429806
FR004021,0.2851114869117737,0.6606931369076872
FR010036,0.2749711275100708,0.6282828312610297
FR008008,0.3111538887023926,0.7483011648497331
FR007334,0.2018389254808426,0.4189264493992965
FR016174,0.2044491469860077,0.42573637352430205
FR015316,0.2833136320114136,0.6548799996865051
FR001909,0.28461527824401855,0.6590857894564992
FR017575,0.3075963258743286,0.735944695302844
FR015507,0.2560337483882904,0.5701214467468434
FR007759,0.33251145482063293,0.8252512545846852
FR001026,0.32512789964675903,0.7980978911694271
FR008799,0.309365451335907,0.7420734800519346
FR001515,0.27636486291885376,0.6326836024118574
FR010700,0.23198053240776062,0.5003831900949097
FR006578,0.38641831278800964,1.0432988049469099
FR018155,0.282850056886673,0.6533858145533255
FR007107,0.26414793729782104,0.594675588965689
FR006010,0.2892322540283203,0.6741280678998012
FR002015,0.33266526460647583,0.825823285918795
FR019783,0.28054168820381165,0.6459741975258274
FR011474,0.3541944921016693,0.9085805968751154
FR016318,0.2842116951942444,0.657780123567622
FR000997,0.2815394401550293,0.6491718953277631
FR003055,0.43100547790527344,1.2548681712082368
FR015412,0.27923205494880676,0.6417903871220978
FR001334,0.3514042794704437,0.8975452782743784
FR002086,0.24704474210739136,0.5435379150502778
FR008170,0.24435538053512573,0.5357074811170232
FR009574,0.3331260085105896,0.8275384097698822
FR017037,0.4045220613479614,1.1253819225081507
FR005078,0.4432120621204376,1.3186974073944813
FR003327,0.28569427132606506,0.6625837770559216
FR011995,0.39848417043685913,1.0974567461584321
FR009945,0.19146984815597534,0.3923083680364072
FR013140,0.3134322166442871,0.7562817365548293
FR015370,0.25147926807403564,0.5565725117307023
FR011928,0.2554634213447571,0.5684157253783437
FR010809,0.27260249853134155,0.6208424818533888
FR018500,0.22266213595867157,0.4745259283588128
FR005353,0.5510469079017639,2.0333446717146257
FR000566,0.5367252230644226,1.919272978226724
FR009290,0.30607160925865173,0.7306876888213628
FR001351,0.23114365339279175,0.4980353492970126
FR005823,0.2824851870536804,0.6522111320029303
FR011921,0.32889482378959656,0.8118762728411322
FR002747,0.2381194680929184,0.5177634944728362
FR006325,0.294252872467041,0.6907088031626124
FR015733,0.28566011786460876,0.6624728930022488
FR012906,0.2608407437801361,0.5846026900445138
FR005926,0.3198053538799286,0.7788896269936432
FR003627,0.2798216938972473,0.643672189718532
FR016494,0.2667981684207916,0.6028131282154497
FR008954,0.17602305114269257,0.3538978153531321
FR007307,0.27314427495002747,0.6225400353788498
FR007552,0.24747690558433533,0.5448014360295216
FR013112,0.2546967566013336,0.5661269148596539
FR009647,0.21993426978588104,0.46707336909941877
FR006921,0.2534789741039276,0.5625009960795622
FR002787,0.30875691771507263,0.7399617962974917
FR009442,0.4854508340358734,1.56293807879255
FR018086,0.35681530833244324,0.9190331534054009
FR015084,0.27295708656311035,0.6219532300623567
FR001975,0.296947717666626,0.6997062746829132
FR014497,0.2718633711338043,0.618530640562016
FR011143,0.3541281223297119,0.9083169967542827
FR001964,0.34188875555992126,0.8606149886035759
FR015382,0.2765507996082306,0.6332719863461712
FR009897,0.31775155663490295,0.7715579182578027
FR007485,0.39781782031059265,1.0944091955698148
FR018679,0.33648577332496643,0.8401171821297873
FR013701,0.24184074997901917,0.5284360556740374
FR018772,0.3109137713909149,0.7474631512055951
FR003859,0.2099192887544632,0.4401536284043592
FR014836,0.24934464693069458,0.5502789023206545
FR012487,0.5153028964996338,1.76122790766295
FR013179,0.45702609419822693,1.3943937824278767
FR016891,0.27222588658332825,0.6196639289438927
FR015030,0.22901074588298798,0.4920745857562669
FR017944,0.21218237280845642,0.44617682350437005
FR006268,0.365622341632843,0.9547908437342192
FR012330,0.2267335057258606,0.4857467570351257
FR003914,0.27977195382118225,0.6435133278083466
FR000213,0.34251296520233154,0.8630048205809797
FR008752,0.30987438559532166,0.7438424018732329
FR000189,0.5344691276550293,1.9019431715326098
FR013046,0.28525468707084656,0.6611574140095482
FR007608,0.24958792328834534,0.5509943582767599
FR001009,0.31728360056877136,0.769893564686758
FR010175,0.2899968922138214,0.6766381701932926
FR010415,0.26728546619415283,0.6043157839010835
FR015539,0.22789938747882843,0.4889817609832207
FR019388,0.471489816904068,1.4778908393789865
FR006855,0.3129104673862457,0.7544494707083292
FR005527,0.488159716129303,1.5799773948848554
FR002299,0.30193158984184265,0.7165293227877658
FR004598,0.3184114992618561,0.7739089839943398
FR001492,0.29414013028144836,0.6903338800290441
FR015227,0.22699452936649323,0.48647017865202313
FR008340,0.24856236577033997,0.5479814170141156
FR011583,0.2527773380279541,0.5604172575062617
FR000237,0.3360553979873657,0.8384987716121575
FR004394,0.3876826763153076,1.0488738248568996
FR011874,0.28043556213378906,0.6456345955913421
FR003001,0.364095002412796,0.9485186598007407
FR007966,0.31611382961273193,0.7657430679486185
FR007026,0.3075624704360962,0.7358277152327937
FR019799,0.2940077781677246,0.6898938970530224
FR011431,0.3089061975479126,0.7404794707620471
FR011119,0.266018807888031,0.6004140006775275
FR018238,0.2943418025970459,0.6910046240369474
FR000160,0.3025282025337219,0.7185593004107926
FR002489,0.36207908391952515,0.940286054618172
FR011898,0.3666916489601135,0.9592000746892708
FR003691,0.32523050904273987,0.7984711702207808
FR002122,0.2728263735771179,0.6215436451314176
FR004336,0.2454938143491745,0.539015369045342
FR003296,0.3406277894973755,0.8558010910170715
FR014941,0.2635175883769989,0.5927487229297358
FR011247,0.3960430920124054,1.0863252864750983
FR001910,0.2930089831352234,0.6865788785171424
FR007035,0.2751966416835785,0.6289937529158006
FR006497,0.2627859115600586,0.5905162474980884
FR018583,0.26228007674217224,0.5889754449770954
FR007067,0.29933905601501465,0.70774836406015
FR011723,0.21945475041866302,0.4657687003259105
FR005799,0.24966761469841003,0.5512288251027364
FR000690,0.2520609200000763,0.5582936529692553
FR015783,0.2529982328414917,0.5610728549541926
FR008045,0.5558528304100037,2.073272188164706
FR008341,0.30354276299476624,0.7220193332880445
FR002768,0.2692566215991974,0.6104145864018917
FR002864,0.2444690763950348,0.5360373931918806
FR017780,0.8303194642066956,8.106559807523471
FR000889,0.2954932153224945,0.6948414743236679
FR004835,0.28978240489959717,0.6759335203928422
FR018764,0.41702860593795776,1.185064533452751
FR007411,0.35801342129707336,0.9238399917706569
FR002058,0.3478285074234009,0.883541109559246
FR006277,0.3917209208011627,1.0668350758377216
FR005095,0.1937129944562912,0.39800863398059483
FR019169,0.3455539345741272,0.8747125962130403
FR018574,0.5852256417274475,2.3374097203267405
FR017384,0.4660682678222656,1.4460629601564334
FR014879,0.2681125998497009,0.6068709551668211
FR007849,0.2543199360370636,0.5650036751425589
FR018102,0.3426153063774109,0.8633970742525956
FR002996,0.2393140345811844,0.5211781071349184
FR011144,0.2968032658100128,0.6992222337827969
FR009728,0.22573155164718628,0.48297439168516965
FR015162,0.6970208883285522,3.8111540583172596
FR014741,0.2583026885986328,0.5769333192567895
FR012045,0.2139982432126999,0.4510348406042992
FR018595,0.2709311842918396,0.6156216322219945
FR019426,0.5461275577545166,1.9933505325531107
FR015567,0.26283150911331177,0.5906552442170057
FR015333,0.3489552438259125,0.8879372652894885
FR007140,0.3112044334411621,0.7484776413170171
FR016943,0.2994980812072754,0.708285114105139
FR014131,0.3581254184246063,0.9242902422219306
FR014270,0.27521875500679016,0.6290634878297549
FR002475,0.2617751359939575,0.5874394717787093
FR002247,0.26786449551582336,0.6061039081043874
FR007865,0.15516863763332367,0.30426872786858905
FR011227,0.3179308772087097,0.7721963031141951
FR016151,0.3331867754459381,0.8277647922164404
FR013860,0.2650754153728485,0.5975167363549704
FR000243,0.4427691698074341,1.3163325955781342
FR003877,0.2331347018480301,0.5036295873017111
FR004753,0.15667855739593506,0.30777959260834764
FR016378,0.3005504012107849,0.7118431102291211
FR001281,0.3020405173301697,0.716899690135662
FR014009,0.2475375533103943,0.54497886856485
FR010599,0.2849496901035309,0.6601687903378092
FR008899,0.30553537607192993,0.7288443197188187
FR011127,0.47914183139801025,1.523940490490072
FR012744,0.4847835302352905,1.5587681332673426
FR005611,0.26946529746055603,0.6110621611039366
FR010145,0.5768778324127197,2.2586111676875107
FR002147,0.32775571942329407,0.8076934524996285
FR000151,0.5298112034797668,1.866690255222295
FR010436,0.5031609535217285,1.677701184446754
FR003800,0.3220002353191376,0.7867740826121493
FR016799,0.2696615755558014,0.6116716000900098
FR001379,0.2700709104537964,0.6129436300766856
FR014516,0.27289092540740967,0.6217458978071602
FR013206,0.24087342619895935,0.5256517261590611
FR007163,0.39626505970954895,1.0873337516650134
FR011124,0.26911959052085876,0.6099895449712274
FR001717,0.7192570567131042,4.2442277646759665
FR000283,0.2818000018596649,0.6500084332898941
FR011192,0.34934383630752563,0.8894569566676936
FR013299,0.553641140460968,2.0547907150227793
FR006669,0.2793899476528168,0.6422939917142989
FR003580,0.24988745152950287,0.551875883879135
FR000518,0.7112507224082947,4.080611164411131
FR007262,0.5348284244537354,1.904691793991029
FR005539,0.4045802056789398,1.1256535926017628
FR016922,0.6958009004592896,3.789225589903851
FR017191,0.2840017080307007,0.6571013583771406
FR009515,0.374388724565506,0.9913832854616874
FR010918,0.26183637976646423,0.5876256564952297
FR015486,0.400389164686203,1.1062065946959803
FR008502,0.24342359602451324,0.5330074516787271
FR001189,0.2807273864746094,0.6465686704785394
FR002646,0.2327970713376999,0.502678904260571
FR013224,0.26970356702804565,0.6118020251878349
FR004483,0.22242756187915802,0.4738830145715764
FR019856,0.19430263340473175,0.39951228813161677
FR007394,0.2876253128051758,0.6688704720338339
FR014409,0.16582556068897247,0.3293199157230288
FR019116,0.32550767064094543,0.799480014192059
FR013208,0.3083963692188263,0.7387124034216425
FR008619,0.264536052942276,0.5958636333025619
FR019539,0.4373314380645752,1.2876014203443542
FR016113,0.24113552272319794,0.5264054395696691
FR015309,0.3088342845439911,0.7402300620360405
FR003396,0.24739189445972443,0.5445527734487063
FR007313,0.4134143888950348,1.1675556287714326
FR003717,0.2795337438583374,0.6427528270584559
FR004434,0.22763597965240479,0.4882500220844297
FR002036,0.2077702283859253,0.4344657618793942
FR013284,0.3155679404735565,0.7638110387416175
FR017578,0.2599168121814728,0.5818047096876223
FR016150,0.2951180040836334,0.6935897818526375
FR009141,0.526164174079895,1.8395719532153978
FR012512,0.26152661442756653,0.5866842683292154
FR013202,0.30771616101264954,0.7363588513660111
FR016167,0.3516662120819092,0.8985771845124849
FR016996,0.3524748980998993,0.9017683407624276
FR004984,0.2786577641963959,0.6399605248758496
FR013364,0.27275514602661133,0.6213205178713009
FR006672,0.21300017833709717,0.4483619325444192
FR003095,0.3363666832447052,0.8396691382317018
FR008379,0.25528889894485474,0.5678942897419307
FR005643,0.3238668441772461,0.7935195950202925
FR005983,0.2686658501625061,0.6085832752226401
FR014779,0.31511279940605164,0.7622025425799861
FR019816,0.3546178638935089,0.9102633741296995
FR016802,0.5884903073310852,2.3690959184783744
FR009124,0.27386876940727234,0.6248140598561778
FR012471,0.213694229722023,0.4502199463122255
FR014088,0.2575962543487549,0.574807979887444
FR018012,0.25139015913009644,0.5563090695391417
FR013143,0.383847713470459,1.032034683262782
FR001454,0.6135523915290833,2.6301736863529874
FR012394,0.3028480112552643,0.7196488815589829
FR017641,0.2276310920715332,0.4882364492503999
FR002043,0.2551490068435669,0.5674764984688752
FR005952,0.25438711047172546,0.5652038278550372
FR002430,0.35183119773864746,0.8992275879231649
FR001860,0.18700146675109863,0.38104709073728427
FR000769,0.30495551228523254,0.7268541658482751
FR012399,0.6223669052124023,2.7302338212003083
FR009365,0.2831670045852661,0.6544071844327215
FR006145,0.3128184676170349,0.7541266768037271
FR016008,0.3029152452945709,0.71987807360817
FR016490,0.30921846628189087,0.7415630837061169
FR013014,0.37754297256469727,1.0048018263440763
FR000068,0.28233757615089417,0.6517362444827309
FR019217,0.2885250151157379,0.6718111950503985
FR002314,0.4519842565059662,1.366323921170651
FR017025,0.8056967258453369,6.869337892973017
FR013859,0.30030548572540283,0.7110140716319981
FR017706,0.3041289448738098,0.7240230326511276
FR006377,0.2349848598241806,0.5088540675987802
FR008150,0.2564205825328827,0.5712798709030432
FR015903,0.7774245142936707,5.786344686011067
FR019245,0.3396494686603546,0.8520788925018637
FR000058,0.27775031328201294,0.6370750465389121
FR014601,0.5234019756317139,1.8193092144865266
FR004189,0.33041882514953613,0.8174947022706857
FR015704,0.5159350633621216,1.7656914645708164
FR002033,0.2568953037261963,0.5727031322474944
FR012385,0.2693398892879486,0.6106729430387037
FR004752,0.2702934443950653,0.6136357649620706
FR009980,0.28404656052589417,0.6572463067156435
FR019738,0.24262741208076477,0.5307056153521631
FR008228,0.26199984550476074,0.5881227533889555
FR003485,0.8100395798683167,7.0642574387270285
FR009899,0.24942883849143982,0.5505264503651414
FR015554,0.29874226450920105,0.7057362135752966
FR006912,0.5316368937492371,1.8804242078740725
FR003173,0.2418718785047531,0.5285257735343754
FR019544,0.22739961743354797,0.48759383979535453
FR011559,0.2617550492286682,0.5873784135430932
FR012509,0.289838582277298,0.6761180373826483
FR017644,0.3546223044395447,0.9102810356824982
FR016791,0.24615584313869476,0.5409435860020658
FR015562,0.2940412759780884,0.6900052394568187
FR010801,0.24606922268867493,0.5406911037883059
FR011756,0.2877868413925171,0.6693978892737522
FR003823,0.2596224844455719,0.580914851441936
FR010653,0.2645013928413391,0.5957574857513416
FR002114,0.7187600135803223,4.233799031398569
FR019938,0.22311432659626007,0.47576637483636275
FR018737,0.23736371099948883,0.5156087226473693
FR001256,0.5497285723686218,2.0225409347814676
FR004864,0.26952260732650757,0.6112400730709397
FR006464,0.3493252396583557,0.8893841883075029
FR011957,0.249930277466774,0.552001980140427
FR013827,0.2823887765407562,0.6519009420700473
FR012378,0.15943260490894318,0.3142157868830838
FR013943,0.2761958837509155,0.6321491415944668
FR016735,0.36711618304252625,0.9609547499608623
FR018214,0.35214492678642273,0.9004652786667554
FR010571,0.27793681621551514,0.6376674894433776
FR017704,0.28297969698905945,0.6538034730713159
FR010881,0.29712554812431335,0.7003024365114281
FR017627,0.3481898009777069,0.884949103059502
FR010860,0.2554989755153656,0.568521983616919
FR018665,0.6099093556404114,2.5901395291430016
FR017550,0.2738339900970459,0.6247047917713863
FR008618,0.35380950570106506,0.9070523043881781
FR007516,0.2289828509092331,0.4919968471064134
FR009427,0.32720911502838135,0.805691336189332
FR004363,0.32298046350479126,0.7903117731594892
FR017352,0.24384178221225739,0.534218405591827
FR014669,0.5158982276916504,1.7654310581548545
FR019167,0.8197365403175354,7.53338203123261
FR004143,0.25431692600250244,0.5649947072981651
FR013391,0.3263113498687744,0.8024100295523603
FR006526,0.26186665892601013,0.5877177183574411
FR019083,0.4548667371273041,1.3823082379485339
FR007507,0.28474852442741394,0.6595171890726171
FR019002,0.2914321720600128,0.6813644377828112
FR003385,0.273654580116272,0.6241412957164895
FR015146,0.250590980052948,0.5539491724922457
FR002276,0.3050367534160614,0.7271327939514964
FR017732,0.22580371797084808,0.483173833096026
FR001249,0.22700628638267517,0.4865027744776414
FR015202,0.31075042486190796,0.7468934026510184
FR011802,0.3462262451648712,0.8773157031449234
FR002267,0.2874831259250641,0.6684064065251021
FR010038,0.35458388924598694,0.9101282535135653
FR003789,0.36178627610206604,0.9390946121233112
FR016234,0.37747129797935486,1.0044954044206187
FR005211,0.26481935381889343,0.5967316255852103
FR015793,0.4359920918941498,1.280609791011792
FR012678,0.2419387549161911,0.5287185479784877
FR014492,0.32556477189064026,0.7996879607569058
FR003004,0.252705842256546,0.5602051470228073
FR015516,0.29095959663391113,0.6798061698951673
FR006570,0.258735328912735,0.5782369373448651
FR018870,0.2664756774902344,0.6018197769608862
FR001222,0.3226051926612854,0.7889561931417234
FR016093,0.27336782217025757,0.6232412158818741
FR012908,0.24397578835487366,0.5346067345030334
FR009922,0.2732587158679962,0.6228989380450634
FR015405,0.21009375154972076,0.4406167331349509
FR001977,0.2749793231487274,0.6283086598396779
FR011159,0.24733036756515503,0.5443728386719309
FR007761,0.28981974720954895,0.6760561695474601
FR010875,0.2385987788438797,0.5191322948755428
FR017212,0.31810635328292847,0.7728213265119015
FR015222,0.2654694616794586,0.5987259917356694
FR014444,0.2166188657283783,0.4580855244644882
FR000784,0.3059619069099426,0.7303103414221105
FR008403,0.4199032485485077,1.1991463791069368
FR004485,0.48497360944747925,1.5599548274180546
FR009579,0.24008534848690033,0.5233885756776433
FR008668,0.2988317310810089,0.7060376420504793
FR013159,0.43585091829299927,1.2798747732847056
FR006812,0.4441848695278168,1.3239049170619823
FR010819,0.2748498320579529,0.6279006365582749
FR000146,0.5271216630935669,1.8466510831871528
FR019609,0.27168723940849304,0.617980428394012
FR000240,0.2694060504436493,0.6108782648148752
FR000716,0.25978630781173706,0.5814100608754218
FR006309,0.2351110726594925,0.5092113885801467
FR005073,0.5391068458557129,1.9377510846463697
FR018557,0.30831578373908997,0.7384333321926904
FR014713,0.29807186126708984,0.7034799533492925
FR001807,0.2625231146812439,0.5897154889872923
FR018607,0.26434439420700073,0.5952767982048979
FR000306,0.5346582531929016,1.903389453837065
FR008756,0.26282086968421936,0.590622810111258
FR001801,0.2616012692451477,0.5869110748039367
FR012622,0.25405094027519226,0.5642025375080012
FR017471,0.27508533000946045,0.6286427933950806
FR019484,0.37875956296920776,1.010013757795193
FR016810,0.22721758484840393,0.48708875954602965
FR006294,0.28544551134109497,0.6617763850662605
FR014226,0.2545287609100342,0.5656260072393458
FR018926,0.23232050240039825,0.5013384285872674
FR015256,0.2434093952178955,0.5329663534905583
FR011107,0.2524324953556061,0.5593945676430111
FR005276,0.3384536802768707,0.8475442511918709
FR019444,0.20995429158210754,0.44024652565293826
FR016809,0.5062205791473389,1.6983617870035368
FR009832,0.7308733463287354,4.49892560969652
FR012070,0.3243623673915863,0.7953165671433688
FR012637,0.2766650915145874,0.6336338053804704
FR018703,0.26145318150520325,0.5864612187894274
FR014433,0.23332549631595612,0.5041671870677871
FR016400,0.2931517958641052,0.687052302508442
FR008977,0.2452896535396576,0.5384214152389074
FR013514,0.3117009401321411,0.7502125674359997
FR005814,0.24960072338581085,0.5510320151671675
FR018959,0.2500724196434021,0.5524206053709741
FR006541,0.2548093795776367,0.5664628458022537
FR018094,0.25206974148750305,0.558319776861842
FR012172,0.30030474066734314,0.711011550496915
FR006407,0.24384470283985138,0.5342268676480816
FR002893,0.36929142475128174,0.9699824723300162
FR016038,0.20214907824993134,0.4197332881853188
FR015293,0.21238014101982117,0.44670482789433485
FR018135,0.23203937709331512,0.5005484697755411
FR005885,0.2606748938560486,0.5840999248527625
FR001325,0.24315115809440613,0.5322192651132107
FR006302,0.6860469579696655,3.6200331434232442
FR001178,0.3837841749191284,1.0317574535364165
FR002554,0.25797659158706665,0.5759517387902455
FR017448,0.24761810898780823,0.5452145885412795
FR015524,0.19316501915454865,0.39661319771958103
FR008158,0.30274251103401184,0.719289334192936
FR015118,0.4029976725578308,1.1182783397379799
FR007368,0.43339669704437256,1.2671554465460464
FR014314,0.2664129137992859,0.6016265509099582
FR012242,0.2679081857204437,0.6062389443823445
FR019456,0.2748035490512848,0.6277548352766609
FR019415,0.2702036201953888,0.6133563389690103
FR013485,0.33990439772605896,0.853047753297084
FR014196,0.31101977825164795,0.747833045001636
FR019537,0.306953102350235,0.7337241311177338
FR017637,0.26546958088874817,0.5987263577632884
FR005122,0.5440459847450256,1.9766872642085787
FR010453,0.19368720054626465,0.39794290644251534
FR008946,0.2569759786128998,0.5729451843743893
FR012129,0.5346846580505371,1.9035914708019175
FR002669,0.28596967458724976,0.6634783004187841
FR004355,0.2542418837547302,0.5647711561217778
FR008466,0.7450345158576965,4.840814050698087
FR004142,0.2611784040927887,0.5856269868453715
FR012557,0.2785625457763672,0.6396574120432034
FR004554,0.7155885100364685,4.168114305112502
FR019555,0.24495212733745575,0.5374401733044838
FR011212,0.2999543249607086,0.7098264050420804
FR005658,0.1744532436132431,0.3500747381393184
FR000992,0.2461918741464615,0.5410486266569968
FR016214,0.28278255462646484,0.6531684038599646
FR014076,0.3710578978061676,0.9773596630764257
FR006064,0.27611085772514343,0.6318803088484982
FR017629,0.29476508498191833,0.6924136707734944
FR010216,0.3132319152355194,0.7555779938953908
FR009686,0.2527492344379425,0.5603338761803385
FR010275,0.6391783356666565,2.9346265371156632
FR009202,0.2857944667339325,0.6629091368414474
FR010813,0.40234196186065674,1.115233903526659
FR018466,0.258256733417511,0.5767949379064666
FR008438,0.3080953061580658,0.7376701403982752
FR004459,0.39010438323020935,1.0596165118581586
FR000789,0.2706988751888275,0.6148978394843625
FR004532,0.25313684344291687,0.561484437720853
FR002588,0.4946456253528595,1.621517134714253
FR015198,0.27341464161872864,0.6233881248893612
FR001692,0.29959073662757874,0.7085979618431455
FR000735,0.29753318428993225,0.7016701418311154
FR004257,0.18107986450195312,0.36631272925537467
FR002829,0.2531449794769287,0.5615086011637446
FR008239,0.26473087072372437,0.5964604545447656
FR010373,0.8862442970275879,12.906357011008225
FR015339,0.4038805663585663,1.1223881574765824
FR009454,0.6602724194526672,3.2197025357721856
FR013777,0.2941574454307556,0.6903914536190068
FR017804,0.30532848834991455,0.7281338779277594
FR002943,0.33788442611694336,0.8453912932233169
FR017060,0.7185012698173523,4.228384763002867
FR017458,0.25840896368026733,0.5772534030388788
FR004089,0.27697867155075073,0.6346271072926806
FR010773,0.33335521817207336,0.8283925281250734
FR018235,0.27311113476753235,0.6224361242499084
FR009651,0.23978978395462036,0.52254100251414
FR008649,0.22265267372131348,0.47449998702480206
FR005158,0.4515245854854584,1.3637904245807488
FR009343,0.3184375762939453,0.7740019777242626
FR000374,0.2996765673160553,0.7088878399765833
FR016555,0.1670587807893753,0.3322602232904993
FR005222,0.4356691837310791,1.2789291170812684
FR015839,0.42931249737739563,1.246231051976613
FR004962,0.28777047991752625,0.6693444554948931
FR018807,0.6861957907676697,3.622535784597837
FR017052,0.2090962678194046,0.4379717065231848
FR005938,0.36768287420272827,0.9633006575606033
FR003854,0.4305812418460846,1.2526990135222376
FR000504,0.37279921770095825,0.98467248001545
FR015282,0.2707217037677765,0.6149689448059693
FR009019,0.28111904859542847,0.6478234992554345
FR009415,0.4127625524997711,1.164420778107069
FR006099,0.24122563004493713,0.5266646823103125
FR012545,0.5451623797416687,1.985605190070014
FR007858,0.32958072423934937,0.8144017730330404
FR004958,0.263580322265625,0.5929403416094703
FR016920,0.22630122303962708,0.48454976809421046
FR001979,0.2534802556037903,0.5625048054974816
FR017998,0.29388734698295593,0.6894936865812638
FR014375,0.24690641462802887,0.5431337918870325
FR011584,0.307902455329895,0.7370029783671886
FR006605,0.3041251301765442,0.7240099822592778
FR008714,0.25032463669776917,0.5531638046568463
FR019920,0.20910370349884033,0.4379913990248485
FR014638,0.16599200665950775,0.32971625726438275
FR017885,0.27694442868232727,0.634518597045992
FR006648,0.23462966084480286,0.5078490967819499
FR010086,0.27528780698776245,0.6292812723595245
FR016535,0.2790173888206482,0.6411060554062418
FR005200,0.2972952127456665,0.7008715043234242
FR000118,0.3305042088031769,0.8178102369135316
FR015491,0.3012567162513733,0.7142372405219556
FR011405,0.28007423877716064,0.6444791166642129
FR009966,0.732041597366333,4.5257627034356185
FR016521,0.23663239181041718,0.5135276886564204
FR017962,0.4392147362232208,1.29748907382461
FR019094,0.2919420599937439,0.6830480726345097
FR014504,0.32927441596984863,0.8132733011149018
FR015484,0.253773957490921,0.5633782160529752
FR019428,0.2775970697402954,0.636588483944025
FR019273,0.31788596510887146,0.7720363836282741
FR011142,0.24783411622047424,0.5458469126306283
FR015540,0.7770563960075378,5.774055066323712
FR003501,0.31473085284233093,0.7608543691077354
FR012747,0.2861063480377197,0.6639224787631062
FR009835,0.25279033184051514,0.5604558113319555
FR016584,0.2697802186012268,0.6120401428987354
FR007342,0.34896355867385864,0.8879697636586091
FR002557,0.2657790184020996,0.5996768745358955
FR010263,0.2907845079898834,0.6792293606913281
FR007670,0.22730891406536102,0.4873421381857378
FR012974,0.2597769796848297,0.5813818576912237
FR012850,0.2568092942237854,0.5724451323349888
FR019884,0.3065750002861023,0.7324207532900265
FR002904,0.24606820940971375,0.5406881506152609
FR000076,0.39404550194740295,1.0772828846548483
FR009428,0.28530755639076233,0.6613288715607575
FR000506,0.7060755491256714,3.979594814112195
FR002679,0.5970741510391235,2.4548589259609574
FR001416,0.302554726600647,0.7186496293120315
FR007887,0.22794793546199799,0.4891166802916358
FR004682,0.2819264531135559,0.6504146260812264
FR008740,0.3347412049770355,0.8335697572554466
FR002681,0.30851757526397705,0.7391322680310818
FR001087,0.28603750467300415,0.663698721795037
FR015669,0.2574077248573303,0.5742414639739221
FR006381,0.29251810908317566,0.6849530892530504
FR004432,0.3437512218952179,0.8677590308121779
FR017106,0.3002568185329437,0.7108494023665552
FR012902,0.2517608404159546,0.5574053662087516
FR013537,0.2672189772129059,0.6041106374264269
FR008004,0.2726720869541168,0.6210603824064732
FR013927,0.32108864188194275,0.7834932658765406
FR016825,0.3459898829460144,0.8763999266154606
FR014687,0.30864593386650085,0.7395770700110721
FR018845,0.29122141003608704,0.6806692154097792
FR019825,0.2729228436946869,0.6218459169005744
FR007890,0.7511327862739563,5.000027957864893
FR003506,0.3777731657028198,1.0057864214250885
FR018191,0.6779629588127136,3.487574856027938
FR016523,0.4567621052265167,1.3929111272202113
FR010489,0.5523624420166016,2.0441888844625633
FR010600,0.26340001821517944,0.5923896964905289
FR008032,0.3285098671913147,0.8104611148000429
FR017765,0.40849825739860535,1.1440831229112334
FR015650,0.2778145670890808,0.637279119834502
FR001332,0.495395302772522,1.6263873763691827
FR002640,0.7558364868164062,5.12826533107884
FR005652,0.21443070471286774,0.4521951206750772
FR016300,0.24071381986141205,0.5251929996462922
FR001322,0.3690209686756134,0.9688566328383005
FR013173,0.20645193755626678,0.4309919184864339
FR016771,0.24697719514369965,0.5433405583242352
FR017722,0.3775871694087982,1.004990811088458
FR005332,0.3037955164909363,0.7228828868891151
FR006546,0.27532193064689636,0.6293889110257077
FR003965,0.19291259348392487,0.395971025331222
FR010192,0.2532711625099182,0.5618834232151165
FR003539,0.32299697399139404,0.7903714480267199
FR017347,0.22267909348011017,0.4745724200776769
FR006122,0.26005294919013977,0.5822165401056926
FR002038,0.7747198939323425,5.696987488258671
FR017324,0.22932127118110657,0.4929403480941189
FR010014,0.311486154794693,0.749461743385485
FR014216,0.24346019327640533,0.5331133739532217
FR015835,0.29958271980285645,0.7085708900480473
FR014719,0.3755134344100952,0.9961523832598222
FR006614,0.42588308453559875,1.228891236799006
FR011177,0.18735933303833008,0.38194442835197545
FR011512,0.3538258969783783,0.9071173362343805
FR004424,0.2549048960208893,0.5667478310976877
FR014459,0.2533959150314331,0.5622541205353095
FR003045,0.2369178980588913,0.5143396475101301
FR008616,0.22096343338489532,0.4698789240168136
FR014162,0.2642017900943756,0.594840360589527
FR005362,0.6936323046684265,3.7506776550773306
FR016407,0.2727105915546417,0.6211809688546406
FR008609,0.2078612893819809,0.4347061446849895
FR013057,0.4227462410926819,1.2132111258686493
FR015978,0.27678021788597107,0.6339983817317578
FR007194,0.2155759483575821,0.45527395194003273
FR004520,0.27371764183044434,0.6243393300420748
FR017036,0.20072750747203827,0.4160403225283129
FR008342,0.5874972939491272,2.3594048507328798
FR014224,0.21188917756080627,0.44539453429317644
FR009139,0.19458264112472534,0.40022711435276503
FR015710,0.32307302951812744,0.7906463777848829
FR016830,0.28149405121803284,0.6490262353932083
FR006017,0.2924116849899292,0.6846009070729309
FR013862,0.6054844856262207,2.5425080250891985
FR002125,0.3811143934726715,1.020160180545035
FR005756,0.4460400938987732,1.3338867694226064
FR011139,0.28730058670043945,0.6678109116262954
FR010609,0.3521938920021057,0.9006585592238007
FR010821,0.2973264455795288,0.7009762915314884
FR012249,0.2634586691856384,0.592568785846976
FR009435,0.29263126850128174,0.6853276764405666
FR002076,0.350647509098053,0.8945685929199194
FR014061,0.24530193209648132,0.5384571274863212
FR001336,0.2752540111541748,0.6291746777670343
FR017901,0.3732275068759918,0.9864773419152433
FR018838,0.6529297828674316,3.116538747972947
FR015630,0.4174800515174866,1.187266804437393
FR009335,0.30988961458206177,0.7438953740351566
FR005782,0.336307168006897,0.8394452886617726
FR013306,0.29836395382881165,0.704462468716269
FR000765,0.26107358932495117,0.5853089297377694
FR007542,0.34506911039352417,0.8728387310552176
FR004980,0.31494593620300293,0.7616133733215725
FR006198,0.31199464201927185,0.7512400184841963
FR010046,0.3468886613845825,0.87988574177594
FR005077,0.26118528842926025,0.5856478803056323
FR015825,0.26797252893447876,0.6064378436663783
FR016423,0.2977202236652374,0.7022982297896064
FR017832,0.25689712166786194,0.5727085861126152
FR012197,0.3483978807926178,0.8857607174006888
FR001003,0.39596813917160034,1.0859849208463555
FR011601,0.33703383803367615,0.8421812008661463
FR012016,0.3095930814743042,0.7428643402643029
FR013337,0.2877286672592163,0.6692079136573202
FR006600,0.3303964138031006,0.8174118946431217
FR000656,0.5492095947265625,2.018305256221325
FR019100,0.26223936676979065,0.5888515318785477
FR012323,0.2625194489955902,0.5897043234497836
FR012390,0.2552223801612854,0.5676956101531714
FR016013,0.2647017538547516,0.596371235368523
FR012696,0.2636455297470093,0.5931395504065484
FR013055,0.2622314393520355,0.5888274039786447
FR018128,0.7146991491317749,4.1499570067777025
FR008396,0.6774067878723145,3.4787059380161227
FR009252,0.2685558497905731,0.6082426157038937
FR010757,0.2698671817779541,0.6123103540898781
FR013245,0.7140186429023743,4.13613997632412
FR015060,0.2582324147224426,0.5767217158026531
FR000340,0.7199997901916504,4.259880462235254
FR003581,0.31403207778930664,0.7583917581661583
FR013775,0.2671617865562439,0.6039342099746379
FR013541,0.34625884890556335,0.8774420770844094
FR002229,0.267894983291626,0.6061981370410598
FR006225,0.27158409357070923,0.6176583380042889
FR004637,0.739083468914032,4.692618970003452
FR011422,0.3114735186100006,0.7494175857268133
FR002041,0.2754194140434265,0.6296964656346166
FR009999,0.16955001652240753,0.33822659612745537
FR012084,0.323874294757843,0.7935465944030546
FR013998,0.27052727341651917,0.6143634852863491
FR003464,0.3267531394958496,0.8040236647054473
FR013025,0.2992967665195465,0.707605667379228
FR001983,0.29221245646476746,0.6839418980638694
FR007973,0.236296147108078,0.5125722118691894
FR010942,0.26233455538749695,0.5891412885887235
FR004187,0.32732540369033813,0.8061170087412185
FR008033,0.34457358717918396,0.8709263783641644
FR001751,0.3211369514465332,0.783666910474888
FR007114,0.5221242308616638,1.8100152659452746
FR018869,0.25485140085220337,0.5665882125475661
FR012962,0.2956165671348572,0.6952532632100419
FR002313,0.3979254961013794,1.0949011935653927
FR018624,0.23952384293079376,0.5217789420484555
FR012720,0.24735818803310394,0.544454195703544
FR010822,0.30691418051719666,0.7335898957219708
FR007272,0.22108721733093262,0.47021686514395816
FR005162,0.20389489829540253,0.4242866348577325
FR006810,0.2365676909685135,0.513343768610033
FR011896,0.5787826776504517,2.276316785845117
FR011560,0.2465522736310959,0.5420998466671769
FR008938,0.2930949628353119,0.6868638781845962
FR000935,0.35190799832344055,0.8995304627235049
FR016756,0.29094868898391724,0.6797702275884991
FR003036,0.3769197463989258,1.0021397793649538
FR002198,0.27859756350517273,0.639768876161256
FR000485,0.25795841217041016,0.5758970425479712
FR015212,0.2724210321903229,0.620274456735628
FR016325,0.3651082515716553,0.9526763079216102
FR014202,0.22811256349086761,0.4895743230732971
FR012282,0.7928146719932556,6.3392237468616734
FR003619,0.24886859953403473,0.5488802264261269
FR005765,0.27806225419044495,0.6380661263300974
FR011444,0.24487429857254028,0.5372140372568186
FR016129,0.28084906935691833,0.646958378473964
FR016695,0.3263038396835327,0.8023826169197482
FR010932,0.2743581235408783,0.6263526013262963
FR012435,0.6696727871894836,3.358471735397826
FR000462,0.25922447443008423,0.5797126491446413
FR018876,0.3747405707836151,0.9928733719247628
FR009089,0.21463264524936676,0.4527373581881733
FR008410,0.2844680845737457,0.6586094200489224
FR003564,0.33695295453071594,0.8418763779283222
FR002492,0.309406578540802,0.7422163305823165
FR001974,0.5270137786865234,1.8458520143942687
FR010683,0.28999215364456177,0.6766225980914936
FR018938,0.25954383611679077,0.5806771891264986
FR014277,0.30916765332221985,0.741386689422263
FR013868,0.2660027742385864,0.6003646973270426
FR009474,0.5662798285484314,2.1629419829164642
FR009645,0.2120433747768402,0.4458058831827481
FR001266,0.2288181334733963,0.49153792167441507
FR007998,0.8200303316116333,7.548384243399942
FR018919,0.291913777589798,0.682954621456842
FR009670,0.3319360613822937,0.8231136545024285
FR012789,0.276063472032547,0.6317305135858379
FR003237,0.2742282450199127,0.6259440577999091
FR000838,0.3101843297481537,0.7449209651876368
FR005229,0.27455732226371765,0.6269794814639814
FR000005,0.2460637390613556,0.5406751220054126
FR008898,0.5849195122718811,2.3344640489141666
FR012933,0.2744487226009369,0.6266376746915399
FR007985,0.29275959730148315,0.6857526232883733
FR010847,0.30355989933013916,0.7220778612130332
FR014892,0.25742363929748535,0.5742892744664718
FR004461,0.2509043216705322,0.5548738393096866
FR019354,0.24389129877090454,0.5343618808256018
FR012838,0.3677826225757599,0.9637140169877552
FR010802,0.279429167509079,0.6424191191090207
FR004683,0.39962339401245117,1.102682651524849
FR006339,0.6570313572883606,3.173621149097528
FR008920,0.30433228611946106,0.7247188868602255
FR020000,0.40612155199050903,1.1328746831945733
FR003323,0.7191252708435059,4.241459097636148
FR000625,0.33523306250572205,0.8354122368483606
FR002500,0.24448052048683167,0.5360706060936717
FR018867,0.33781716227531433,0.8451371413337592
FR018761,0.31455737352371216,0.7602425277655035
FR006342,0.4143211543560028,1.171928104679093
FR014780,0.21719707548618317,0.4596475325148563
FR017740,0.7594382762908936,5.229851464780758
FR017428,0.6708073616027832,3.3757564382121807
FR008082,0.43729203939437866,1.287395277030495
FR018663,0.2738136649131775,0.6246409398613301
FR009493,0.2803362011909485,0.6453167327548038
FR006939,0.30855870246887207,0.7392747684473224
FR001062,0.2985988259315491,0.7052531044776889
FR002097,0.35035303235054016,0.8934121705595001
FR003049,0.27365297079086304,0.6241362423604196
FR018593,0.3056941330432892,0.7293897700901233
FR018928,0.31916332244873047,0.7765929308763627
FR008626,0.2796280086040497,0.6430537132351719
FR012661,0.24630261957645416,0.5413715440164073
FR006837,0.15720558166503906,0.30900799094650044
FR011324,0.24360164999961853,0.533522884070608
FR016451,0.27671730518341064,0.63379913859524
FR004885,0.22337517142295837,0.47648257966337215
FR002551,0.2941226363182068,0.6902757147437908
FR008897,0.3226112723350525,0.7889781426020468
FR009138,0.3111955225467682,0.7484465271347561
FR001995,0.3637373447418213,0.947054251197077
FR014321,0.4935789406299591,1.614612325431029
FR012398,0.2809644341468811,0.647327973620645
FR001973,0.27471137046813965,0.6274645086361944
FR011862,0.2775444984436035,0.6364216127064016
FR004557,0.25698065757751465,0.5729592244739082
FR002468,0.2836526930332184,0.6559740782007788
FR011469,0.24538661539554596,0.5387034609570386
FR006802,0.26508912444114685,0.5975587851823859
FR019851,0.25664186477661133,0.5719430708872226
FR019286,0.18443411588668823,0.3746326350121386
FR002517,0.32659149169921875,0.8034330010450685
FR008011,0.2640877962112427,0.5944916057721357
FR010193,0.36698782444000244,0.9604239726800265
FR019120,0.3750072121620178,0.9940037290843112
FR008134,0.28563061356544495,0.6623771116488281
FR007980,0.466697633266449,1.4497245277012092
FR012312,0.24376995861530304,0.534010328653906
FR014443,0.3738884925842285,0.9892676609018715
FR016194,0.4091179370880127,1.1470203249859405
FR010152,0.19447246193885803,0.39994578076754606
FR007824,0.2333570122718811,0.5042560150292267
FR015409,0.20831701159477234,0.43590999099708705
FR012474,0.3016510307788849,0.7155759182382615
FR008136,0.31394264101982117,0.7580769287756343
FR018735,0.529965877532959,1.8678496709886259
FR002429,0.2558481693267822,0.5695661340751729
FR019568,0.2853338420391083,0.6614141265267112
FR003620,0.3976498544216156,1.093642068031777
FR006328,0.3184964954853058,0.7742121166195932
FR016187,0.2721198499202728,0.619332322492142
FR003031,0.23685824871063232,0.5141699589281412
FR017425,0.5984359979629517,2.4688024256074033
FR015583,0.32842135429382324,0.8101359575489495
FR004893,0.3479527533054352,0.8840251309176816
FR010621,0.3087533116340637,0.7399492938506622
FR016689,0.350731760263443,0.8948996437234674
FR004467,0.27737659215927124,0.635888809018483
FR015735,0.22088178992271423,0.4696560889095465
FR004269,0.4261133372783661,1.2300489520032067
FR007711,0.27097663283348083,0.6157632877019398
FR015880,0.3261958658695221,0.801988573482901
FR018495,0.5067088007926941,1.7016822915256338
FR019644,0.33539846539497375,0.8360324425287872
FR001607,0.24564304947853088,0.5394497339865157
FR007839,0.2949706017971039,0.6930984171277323
FR007052,0.25461727380752563,0.5658898952993198
FR019745,0.3296770751476288,0.8147569531511875
FR014070,0.26960819959640503,0.6115058365342069
FR005505,0.26851987838745117,0.6081312383031393
FR010885,0.305061936378479,0.7272191757574578
FR014746,0.2744755446910858,0.6267220850705427
FR004855,0.2894189655780792,0.6747404933913937
FR001722,0.2552465498447418,0.5677677965260018
FR017438,0.6906599402427673,3.698720385590826
FR005663,0.33478277921676636,0.8337253873592071
FR003380,0.2574101388454437,0.5742487159954406
FR002701,0.5746434330940247,2.2380444366477983
FR001690,0.6697168350219727,3.35914056756356
FR000078,0.29213640093803406,0.6836904190881995
FR007666,0.788002073764801,6.157708798593631
FR006826,0.3133578598499298,0.7560204421056528
FR016975,0.2574372887611389,0.5743302821020312
FR017196,0.3392711579799652,0.8506424964422457
FR017162,0.2540043592453003,0.5640638660680687
FR017068,0.24671290814876556,0.5425687125374428
FR010975,0.2606804668903351,0.5841168155461886
FR004477,0.42235809564590454,1.2112827466858158
FR003941,0.2888169586658478,0.6727670263702865
FR011768,0.2655963599681854,0.5991156953983834
FR014376,0.26357412338256836,0.5929214058635509
FR014169,0.5077623724937439,1.7088703122417024
FR008210,0.2770995795726776,0.6350103279657477
FR010689,0.2760966718196869,0.6318354624238963
FR004761,0.5801457166671753,2.289084903492637
FR013500,0.2407018542289734,0.5251586168477439
FR016778,0.30526217818260193,0.7279062617682212
FR019403,0.2803891599178314,0.6454861406246772
FR000877,0.5619181990623474,2.1249136456590008
FR019208,0.26525112986564636,0.598055811464788
FR011031,0.29247865080833435,0.684822500247158
FR012355,0.3338751494884491,0.8303321597479242
FR001719,0.3243348300457001,0.7952166361705002
FR002600,0.3706290125846863,0.9755647348222022
FR006801,0.38789886236190796,1.0498293702557135
FR017449,0.24543094635009766,0.5388324363881166
FR019828,0.4494948983192444,1.3526543022797342
FR009569,0.2957794666290283,0.6957972963032414
FR012449,0.32297566533088684,0.7902944313702602
FR016159,0.2932073175907135,0.6872364086003439
FR001871,0.36829322576522827,0.9658320121292018
FR004372,0.3167116343975067,0.7678623801504633
FR009241,0.18432335555553436,0.3743568119554013
FR008407,0.2695121765136719,0.6112076897196261
FR003969,0.28070685267448425,0.6465029208532597
FR013780,0.6878581643104553,3.6506509907830282
FR019187,0.30734673142433167,0.735082544828019
FR001217,0.34958991408348083,0.8904202465012374
FR013255,0.26253631711006165,0.5897557039974921
FR007113,0.26983553171157837,0.6122120038418394
FR019076,0.27267950773239136,0.6210836213711467
FR006424,0.2214718610048294,0.4712676622017755
FR016050,0.45275160670280457,1.3705626875192733
FR000726,0.46024006605148315,1.4125608932538731
FR014111,0.2461499720811844,0.5409264711477899
FR013244,0.22021885216236115,0.4678484150842642
FR015089,0.24836352467536926,0.5473982019192078
FR011702,0.3516537845134735,0.8985282061876659
FR010260,0.3695332109928131,0.970989784390183
FR005779,0.25909221172332764,0.5793134312313328
FR018001,0.5073136687278748,1.7058052606348197
FR011030,0.39968666434288025,1.1029734698368903
FR005105,0.25824397802352905,0.5767565315964426
FR010128,0.3121080696582794,0.7516370548221115
FR003392,0.2830820679664612,0.6541333860132007
FR016966,0.281400203704834,0.6487251229446754
FR019845,0.6268784403800964,2.783276732736257
FR012404,0.19645634293556213,0.40502327159463275
FR013982,0.38153940439224243,1.0219996859609832
FR016679,0.32375696301460266,0.7931214772108512
FR007303,0.2745700180530548,0.6270194468952969
FR013607,0.2885602116584778,0.6719263879260637
FR000925,0.2951028645038605,0.693539304675888
FR010972,0.3271084427833557,0.8053229460688578
FR014287,0.3144935369491577,0.7600174615483465
FR009222,0.28220275044441223,0.6513026596252349
FR017862,0.271732896566391,0.618123029751876
FR004290,0.22969096899032593,0.493971996982196
FR009018,0.18222376704216003,0.3691424031590647
FR001375,0.29511821269989014,0.6935904774194307
FR012494,0.40280815958976746,1.1173977523862217
FR002602,0.34258827567100525,0.8632934589828758
FR015767,0.32090529799461365,0.7828344767571092
FR001958,0.31119638681411743,0.7484495448629994
FR019753,0.20329900085926056,0.42273020645562537
FR006968,0.2956348955631256,0.6953144618341983
FR012034,0.27664124965667725,0.633558318699524
FR018882,0.26133760809898376,0.5861102590549707
FR007213,0.4298141896724701,1.2487852000021937
FR005790,0.2989540100097656,0.7064497455107543
FR012777,0.6436824798583984,2.9926636636367245
FR008638,0.6477584838867188,3.0464634170301053
FR018696,0.2546972930431366,0.5661285147134755
FR009155,0.23457175493240356,0.507685350971732
FR019157,0.25578629970550537,0.5693810616816631
FR011589,0.2408650517463684,0.5256276522482276
FR002808,0.2719004452228546,0.6186464890163659
FR001971,0.2750779986381531,0.6286196817720378
FR011804,0.5654197931289673,2.1553830555249944
FR018091,0.4265711009502411,1.2323533580989763
FR013231,0.30078938603401184,0.7126526333991048
FR012746,0.28209683299064636,0.6509621547988486
FR018000,0.28914904594421387,0.6738552438449522
FR015894,0.4858381748199463,1.5653635153515595
FR018932,0.31737470626831055,0.7702174164268442
FR001901,0.5145568251609802,1.7559750584802978
FR019875,0.5761520266532898,2.2519066441519144
FR009981,0.26733383536338806,0.6044650465297222
FR018336,0.2649693489074707,0.5971914594189942
FR009785,0.5511302351951599,2.0340296697955176
FR006687,0.2790502905845642,0.6412109161224204
FR002766,0.2334975004196167,0.5046520707974329
FR015070,0.3173244893550873,0.7700389006054154
FR008435,0.27825573086738586,0.6386812591876468
FR003105,0.23604027926921844,0.5118456984217006
FR015413,0.31172069907188416,0.7502816622020709
FR006756,0.7291184663772583,4.45904748741412
FR009027,0.2810267210006714,0.6475275718440403
FR000797,0.24958054721355438,0.5509726590222982
FR009704,0.24043422937393188,0.5243898898748348
FR000710,0.6877948045730591,3.64957391896674
FR005337,0.26586708426475525,0.5999475379185973
FR013504,0.2584533095359802,0.5773869928900816
FR008219,0.3480084240436554,0.8842420657695991
FR009536,0.2442873865365982,0.5355102298890878
FR006142,0.30000075697898865,0.7099833751705938
FR009598,0.2877163887023926,0.6691678203109012
FR016338,0.2955750524997711,0.6951146576145498
FR017662,0.263929158449173,0.594006446478805
FR016847,0.2768746614456177,0.63429754748081
FR005549,0.292606383562088,0.6852452905219699
FR004027,0.2567148506641388,0.5721619018335125
FR000147,0.37059691548347473,0.9754305035751256
FR012092,0.3484024405479431,0.8857785085089089
FR004939,0.2723741829395294,0.6201278554384698
FR003203,0.2950008511543274,0.6931992364400398
FR007357,0.24068666994571686,0.5251149869361932
FR012400,0.3137509524822235,0.7574024359080157
FR019905,0.2408493608236313,0.5255825472224127
FR008767,0.3138529062271118,0.7577611327879141
FR000255,0.5175981521606445,1.777489949699998
FR014947,0.2808910310268402,0.6470927977061183
FR008944,0.22394616901874542,0.47805205523711825
FR000169,0.6668339967727661,3.3157398851367708
FR002524,0.6135565042495728,2.6302193085260916
FR007376,0.25427332520484924,0.5648648148595563
FR006082,0.2539633512496948,0.563941799849947
FR011239,0.2707805931568146,0.6151523910993143
FR018356,0.25792303681373596,0.5757906167216379
FR018964,0.27465885877609253,0.6272991502475912
FR019240,0.26809945702552795,0.6068303093592067
FR014888,0.74839186668396,4.927513044419119
FR010896,0.25593802332878113,0.5698349717670312
FR009122,0.2838156223297119,0.6565001852315572
FR005627,0.2430122196674347,0.5318175226322824
FR013875,0.26464828848838806,0.5962074265383862
FR006598,0.29519057273864746,0.6938317645708467
FR005865,0.2688174843788147,0.6090530383867826
FR010635,0.2827889621257782,0.6531890393201416
FR003525,0.21724580228328705,0.4597792712289286
FR010075,0.20150677859783173,0.4180630896392064
FR019764,0.32334327697753906,0.7916237833335203
FR006881,0.27864351868629456,0.6399151714493067
FR018418,0.7140072584152222,4.135909384376805
FR018385,0.31527888774871826,0.7627892610794126
FR013641,0.27464261651039124,0.6272480084884452
FR016269,0.22423644363880157,0.4788508059225957
FR015113,0.3110558092594147,0.7479587952962178
FR014467,0.25834235548973083,0.5770527789461103
FR009775,0.2393844574689865,0.5213797424647951
FR012033,0.3195001482963562,0.7777972950611654
FR019055,0.17992271482944489,0.3634583176157531
FR007156,0.328986257314682,0.8122126347896322
FR012416,0.5516827702522278,2.0385782667321064
FR016519,0.3671112060546875,0.9609341655433508
FR010321,0.2720799446105957,0.6192075523919918
FR000729,0.2903614044189453,0.6778366700776082
FR005805,0.3517087996006012,0.8987450405451899
FR018078,0.2588745951652527,0.5786568938241411
FR008303,0.28994354605674744,0.6764628736267844
FR008448,0.25945016741752625,0.5803942035842938
FR002320,0.18227125704288483,0.3692600504219691
FR018130,0.39070644974708557,1.0623005320669066
FR017168,0.25342857837677,0.5623511988746948
FR004561,0.7231661081314087,4.327551105651945
FR018955,0.5629076957702637,2.1334743476912212
FR006207,0.3636159300804138,0.9465575001410406
FR000260,0.2477819323539734,0.5456941200514096
FR013643,0.4178202748298645,1.1889287606933896
FR000793,0.25125449895858765,0.555908123429994
FR000297,0.2852163016796112,0.661032944374718
FR014600,0.3241003155708313,0.794365930598479
FR019122,0.2159811109304428,0.4563653301841884
FR007538,0.6620902419090271,3.245935255776734
FR017518,0.24981153011322021,0.5516523770050221
FR016320,0.28824955224990845,0.6709100409220982
FR008916,0.32745271921157837,0.8065832137163764
FR000282,0.2824733555316925,0.6521730609305313
FR006289,0.3649478554725647,0.9520172734499758
FR015723,0.3150636851787567,0.7620290977047812
FR001576,0.26763343811035156,0.605390031225505
FR018585,0.17031662166118622,0.340069782517683
FR010089,0.2598066031932831,0.5814714255307022
FR005016,0.34994280338287354,0.8918029308629083
FR007965,0.23775185644626617,0.5167148472527853
FR007148,0.22722168266773224,0.4871001270220492
FR009336,0.36887800693511963,0.9682619094958161
FR006092,0.3173745274543762,0.7702167807156023
FR001090,0.5746486783027649,2.238092463624293
FR019289,0.25143662095069885,0.5564464217056619
FR000597,0.23435884714126587,0.5070835052176963
FR016665,0.2900647521018982,0.6768611972481486
FR008716,0.2524636685848236,0.5594869783881642
FR005426,0.3265286982059479,0.8032036290722706
FR006032,0.19216600060462952,0.3940740375018529
FR014910,0.30052581429481506,0.711759857335064
FR005186,0.2673123776912689,0.6043988277743666
FR006132,0.7068629860877991,3.9947350562502932
FR007863,0.3368573486804962,0.8415161672677277
FR011429,0.2659439742565155,0.600183906260655
FR009735,0.32602959871292114,0.8013820391714959
FR008359,0.20812247693538666,0.4353959342552837
FR001729,0.6181626319885254,2.681931738672856
FR012735,0.3356858491897583,0.8371107704016303
FR004196,0.30665504932403564,0.7326965764082272
FR017694,0.26989948749542236,0.612410750519169
FR002917,0.29169580340385437,0.6822346380217547
FR010267,0.19972001016139984,0.41343098374009857
FR019694,0.2858369052410126,0.6630469729116875
FR007463,0.5690404772758484,2.1874094180866654
FR002206,0.3179005980491638,0.7720884851425246
FR005581,0.2536126971244812,0.5628985749451354
FR013924,0.24801313877105713,0.5463712457080142
FR009998,0.36707180738449097,0.9607712272677273
FR011202,0.23101328313350677,0.4976700592099419
FR016529,0.3110903799533844,0.748079461376435
FR009930,0.1352289766073227,0.2590550314709789
FR009621,0.30814334750175476,0.7378363959464053
FR017950,0.22085416316986084,0.4695806958909019
FR016478,0.34446072578430176,0.8704912211798724
FR006613,0.23637522757053375,0.5127968521375769
FR002650,0.2716911733150482,0.6179927144911967
FR008627,0.23447558283805847,0.5074134511383182
FR017796,0.3133654296398163,0.7560470402357474
FR005344,0.24084526300430298,0.5255707679643219
FR016392,0.2641265094280243,0.5946100335269248
FR005357,0.32143932580947876,0.784754330957233
FR014718,0.6265913248062134,2.7798628751327645
FR018277,0.25057104229927063,0.5538903626195377
FR005892,0.363984078168869,0.948064310723264
FR012128,0.442644864320755,1.3156695451597087
FR008729,0.3392210006713867,0.8504521792040463
FR013088,0.35532620549201965,0.9130837642812353
FR004991,0.2817429304122925,0.6498251524877041
FR009992,0.46533215045928955,1.4417912610030519
FR013018,0.2593023180961609,0.5799476768549076
FR013664,0.27153539657592773,0.6175063050674137
FR019106,0.27289798855781555,0.6217680301272606
FR009737,0.3923284411430359,1.069557855094458
FR004404,0.24773627519607544,0.5455604548391603
FR008375,0.2920914888381958,0.6835419417934044
FR011220,0.2459404021501541,0.5403157235852725
FR009251,0.3159444034099579,0.7651430990265788
FR016244,0.7921128273010254,6.312229095113938
FR003617,0.2479732632637024,0.5462544340771964
FR012760,0.22865281999111176,0.49107753264278103
FR013068,0.26899421215057373,0.6096007873796411
FR013338,0.36774569749832153,0.9635609834593036
FR014380,0.44714099168777466,1.339841713335746
FR007894,0.6302981972694397,2.8243459778366065
FR006963,0.32052114605903625,0.7814552993405879
FR003645,0.24597883224487305,0.5404276946077367
FR006387,0.2478102296590805,0.54577697096341
FR019298,0.262111097574234,0.5884611952434591
FR000996,0.20511499047279358,0.42748068204630524
FR013411,0.27402275800704956,0.6252979801627772
FR018768,0.24117614328861237,0.5265222991072545
FR018618,0.24251849949359894,0.5303911159235515
FR017417,0.2662299573421478,0.60106348467313
FR003958,0.2757869064807892,0.6308566279096435
FR005854,0.23406247794628143,0.5062462885886643
FR014130,0.7238273024559021,4.341878015103319
FR005408,0.23975799977779388,0.5224498961307401
FR016944,0.3923931121826172,1.0698480178339367
FR009312,0.29839950799942017,0.704582118570509
FR000685,0.2565363049507141,0.5716266506876914
FR015681,0.2896455228328705,0.6754840476049808
FR010135,0.18577033281326294,0.3779660884668134
FR011009,0.3039400577545166,0.7233770061571143
FR007900,0.2728438377380371,0.6215983599943486
FR018619,0.35004955530166626,0.8922215000680247
FR007469,0.28492215275764465,0.6600795717066668
FR003123,0.6060510277748108,2.548546837879346
FR015814,0.3740209639072418,0.9898275909809596
FR009000,0.3387177288532257,0.8485441593053051
FR003778,0.25585582852363586,0.569589047393679
FR004218,0.22824259102344513,0.4899359193424945
FR000186,0.29819169640541077,0.703882945350182
FR014691,0.4759344756603241,1.5044749951069436
FR018272,0.28730517625808716,0.6678258803310612
FR019378,0.3141308128833771,0.7587394142579869
FR005103,0.26423174142837524,0.594932012135355
FR011210,0.28247201442718506,0.6521687456489028
FR001665,0.31453821063041687,0.7601749614679648
FR007820,0.27143293619155884,0.6171864881803178
FR004729,0.25749313831329346,0.5744980888751288
FR018835,0.25364232063293457,0.5629866694144269
FR006227,0.3059195578098297,0.7301647035010966
FR014922,0.37452051043510437,0.9919412088986568
FR010762,0.287921279668808,0.6698370346697246
FR012540,0.2696455121040344,0.611621711133486
FR005248,0.2403700202703476,0.5242055358920834
FR013509,0.26099321246147156,0.5850650898007363
FR015678,0.24241992831230164,0.5301065566209427
FR012766,0.2418900579214096,0.5285781732034442
FR007724,0.3351770341396332,0.8352022191319012
FR009480,0.44365182518959045,1.3210492359997599
FR001008,0.7550383806228638,5.106159580233313
FR014696,0.36083221435546875,0.9352200835746229
FR014742,0.2867184579372406,0.6659138778181763
FR016010,0.24102364480495453,0.5260836475230839
FR013039,0.3354991674423218,0.8364101928395625
FR010197,0.40556252002716064,1.1302513328737471
FR012073,0.42256060242652893,1.2122885148068592
FR014514,0.19826515018939972,0.40967458337062457
FR016915,0.26644861698150635,0.6017364636685532
FR011466,0.25825607776641846,0.5767929637181404
FR004968,0.34956032037734985,0.8903043611712651
FR008472,0.32164058089256287,0.7854786363374371
FR007750,0.22496378421783447,0.4808548618951966
FR000312,0.2855011820793152,0.6619570248951783
FR005893,0.506331205368042,1.6991136051663887
FR007818,0.26330307126045227,0.5920937337719518
FR012060,0.25749319791793823,0.5744982679780196
FR011477,0.2656383216381073,0.5992445889931313
FR013742,0.22226940095424652,0.47344975062537664
FR003176,0.27391287684440613,0.6249526496894553
FR017624,0.26761117577552795,0.6053212731213293
FR005082,0.30472785234451294,0.7260737203456625
FR007690,0.5649681091308594,2.1514251350208022
FR003884,0.41040462255477905,1.1531387679857161
FR008986,0.2284868061542511,0.4906153917141276
FR009080,0.2886563837528229,0.6722412025401082
FR008122,0.15231743454933167,0.2976732195446717
FR015886,0.24818699061870575,0.5468806734841041
FR012524,0.2710866332054138,0.6161062135249944
FR015206,0.653803288936615,3.1285821460333443
FR004012,0.2675352692604065,0.6050868642593602
FR000131,0.28140103816986084,0.648727800003189
FR004805,0.21897852420806885,0.46447457709608136
FR007517,0.6579796075820923,3.1870129803896727
FR000774,0.3125017285346985,0.7530160146757392
FR019069,0.2664749026298523,0.6018173912524899
FR010912,0.23401443660259247,0.5061106370840522
FR004208,0.23036149144172668,0.4958456317838659
FR008772,0.739521324634552,4.703291826173604
FR007630,0.24965934455394745,0.5512044904963845
FR016666,0.33647817373275757,0.8400885859357299
FR004896,0.2607779800891876,0.5844123987328819
FR016637,0.379995733499527,1.015330521885552
FR014089,0.3396278917789459,0.8519969236559684
FR003746,0.6099972724914551,2.591096860633235
FR003214,0.41169384121894836,1.1592960992423853
FR019290,0.20504389703273773,0.4272942993998846
FR019965,0.28337302803993225,0.6550715833672125
FR000248,0.2573043406009674,0.5739309247275849
FR011505,0.24300014972686768,0.5317826291857349
FR012329,0.22464925050735474,0.4799877594920228
FR012802,0.33944016695022583,0.8512839980190288
FR017211,0.2647150456905365,0.5964119630002461
FR000669,0.22924038767814636,0.4927147730614017
FR016198,0.280281126499176,0.6451405826418127
FR011571,0.8205701112747192,7.576075700782849
FR017231,0.30597004294395447,0.730338323156521
FR017727,0.23414431512355804,0.5064774065801922
FR003856,0.32207468152046204,0.7870424035386048
FR004631,0.2962051033973694,0.6972199779836022
FR003496,0.31957492232322693,0.7780648209542647
FR002328,0.3041496276855469,0.7240937927354691
FR015897,0.3628140091896057,0.9432813076687129
FR004901,0.28621190786361694,0.6642656566105822
FR006762,0.296357661485672,0.6977303191015264
FR007074,0.30102407932281494,0.713448158419024
FR001659,0.24443046748638153,0.5359253503171172
FR001331,0.2631332576274872,0.5915755090374536
FR013489,0.3457764685153961,0.8755736288966038
FR009843,0.69178706407547,3.7183046834029208
FR009322,0.2793504595756531,0.6421680223447456
FR009065,0.3447853922843933,0.8717434352849469
FR007767,0.3107837438583374,0.747009596541109
FR012067,0.1823175996541977,0.36937486842457246
FR018246,0.26638177037239075,0.6015306841596227
FR006961,0.3662957549095154,0.957565892234691
FR007877,0.3582570254802704,0.9248195292760253
FR016466,0.26091912388801575,0.5848403736744496
FR007343,0.23019219934940338,0.4953722724174707
FR009358,0.5874351263046265,2.358799692757731
FR013597,0.23308593034744263,0.5034922072339332
FR012877,0.3234719932079315,0.7920895866007354
FR018778,0.6417105197906494,2.967074842337118
FR006393,0.17873182892799377,0.3605290855570218
FR006942,0.29599428176879883,0.6965150962389366
FR003362,0.3077259361743927,0.7363926411252302
FR016559,0.27107059955596924,0.6160562222283142
FR015754,0.2176499366760254,0.46087252927768385
FR003849,0.28833550214767456,0.6711911440729542
FR005574,0.267939954996109,0.606337145958253
FR003448,0.27032244205474854,0.6137259858528683
FR017264,0.27964988350868225,0.6431235475888528
FR012905,0.2508961856365204,0.5548498202028043
FR011155,0.3056800067424774,0.7293412254436008
FR014259,0.27951791882514954,0.6427023224277671
FR006745,0.29452165961265564,0.6916031358223503
FR007003,0.2330058366060257,0.5032666362592115
FR007733,0.37997865676879883,1.0152569305284307
FR006567,0.25793543457984924,0.5758279139186581
FR003092,0.2896353602409363,0.6754506841183919
FR016901,0.2656112611293793,0.5991614655849318
FR018222,0.37039223313331604,0.9745748364426035
FR003357,0.24465341866016388,0.5365725114957887
FR005969,0.27663931250572205,0.6335521856252744
FR015862,0.4614841639995575,1.4196514257226598
FR003730,0.22295300662517548,0.4753236772667326
FR001061,0.34374624490737915,0.8677398860634971
FR010919,0.301681250333786,0.7156785744570077
FR010673,0.28589749336242676,0.663243785523656
FR018698,0.2722739279270172,0.619814199539139
FR018936,0.940827488899231,26.33985607238178
FR017850,0.4382432997226715,1.2923805789389233
FR008648,0.3083091676235199,0.7384104231681716
FR019512,0.20367193222045898,0.4237039955813331
FR002868,0.29722321033477783,0.7006299692990219
FR012361,0.23528102040290833,0.5096927137341973
FR001194,0.35420894622802734,0.9086380113605944
FR009884,0.223728746175766,0.4774541625820341
FR001835,0.26521873474121094,0.597956406963609
FR018474,0.244856059551239,0.5371610494510274
FR011110,0.2889544665813446,0.6732175030291205
FR008802,0.283158540725708,0.6543798977497531
FR010664,0.30884942412376404,0.7402825648231434
FR016782,0.23308487236499786,0.5034892272916608
FR005115,0.528633177280426,1.85788489635577
FR019163,0.1887841820716858,0.385525040568412
FR015173,0.4179738461971283,1.1896795776512084
FR011002,0.3650643825531006,0.9524960260969326
FR012666,0.2855241000652313,0.6620313971157652
FR008818,0.28229954838752747,0.6516139348238302
FR006714,0.2571302354335785,0.5734081537223435
FR016139,0.30015748739242554,0.7105133787315916
FR011176,0.2713380455970764,0.61689037963677
FR009619,0.2720915973186493,0.6192439849652873
FR000724,0.26980066299438477,0.6121036617441729
FR014285,0.2959831655025482,0.6964779407390461
FR005506,0.357191801071167,0.9205417144787073
FR016899,0.2660079598426819,0.6003806427846525
FR002635,0.3855689764022827,1.0395666677199928
FR002261,0.2566245198249817,0.5718910724655355
FR019385,0.3885353207588196,1.0526464481634048
FR014776,0.31886714696884155,0.7755349014946717
FR015353,0.30598002672195435,0.7303726606135372
FR016686,0.4612959623336792,1.4185766987393114
FR003802,0.18327903747558594,0.37175985670359885
FR017269,0.3072497248649597,0.7347476319049551
FR002093,0.3764747083187103,1.0002421014182443
FR012345,0.23410135507583618,0.5063560761009986
FR004309,0.6913502216339111,3.710697368516787
FR003826,0.2515273690223694,0.5567147437186595
FR011196,0.34939703345298767,0.889665139129908
FR011915,0.2702961266040802,0.6136441098617037
FR004423,0.694963812828064,3.774280964412661
FR010209,0.41439181566238403,1.1722694063277235
FR005855,0.324227899312973,0.7948286697372248
FR016345,0.2545675039291382,0.5657415060856211
FR001555,0.31210824847221375,0.7516376808366817
FR007912,0.8196324706077576,7.528079518936734
FR018421,0.3417026102542877,0.8599031950616403
FR015244,0.2965206503868103,0.6982757982004069
FR018165,0.21917876601219177,0.465018532828292
FR008480,0.19875933229923248,0.4109490153843102
FR011347,0.6071151494979858,2.5599364636232544
FR001370,0.2798735201358795,0.643837737846465
FR019232,0.43638476729393005,1.2826561846560545
FR005087,0.4201648533344269,1.2004348188550074
FR019009,0.25438395142555237,0.5651944143638867
FR016808,0.3153575360774994,0.7630671910279354
FR014565,0.23010483384132385,0.49512807025481775
FR002073,0.23025895655155182,0.4955589080548305
FR007141,0.23462742567062378,0.50784277571708
FR005050,0.22056561708450317,0.4687935771157052
FR007030,0.24961495399475098,0.5510738820190773
FR012480,0.39334967732429504,1.0741471107205829
FR016185,0.33441779017448425,0.8323597416743574
FR009257,0.3100733757019043,0.7445347489014774
FR019630,0.6382023096084595,2.9222406699942627
FR004615,0.2163490653038025,0.4573574592804294
FR009567,0.6212729215621948,2.7175620353359387
FR011733,0.5502805113792419,2.0270563572802374
FR005134,0.23449739813804626,0.5074751218372002
FR007524,0.3772329092025757,1.003476756342784
FR014867,0.28338009119033813,0.6550943678846277
FR007796,0.2792927920818329,0.6419840843288562
FR018274,0.46239474415779114,1.4248619280842962
FR011373,0.23117636144161224,0.49812701483783656
FR013184,0.24498826265335083,0.5375451824352416
FR007773,0.6020578145980835,2.5063494136158315
FR018517,0.24111999571323395,0.5263607738950946
FR009714,0.2706148326396942,0.6146361062901907
FR003048,0.29837706685066223,0.7045065963373964
FR014951,0.29067328572273254,0.6788630997453661
FR000315,0.2471078634262085,0.5437223730657489
FR008439,0.25794342160224915,0.5758519425806498
FR014296,0.2933722138404846,0.6877833633809013
FR005602,0.31050390005111694,0.7460340415085733
FR010163,0.2523261308670044,0.5590793159424343
FR018392,0.3442665934562683,0.8697430598855626
FR006514,0.30693766474723816,0.7336708874032285
FR015846,0.27970898151397705,0.6433122357237546
FR007501,0.23852409422397614,0.5189188995808246
FR003227,0.2809269428253174,0.6472078493511284
FR013042,0.271524041891098,0.6174708584493244
FR009186,0.26312851905822754,0.5915610516464082
FR018525,0.3076261579990387,0.7360477831736338
FR010300,0.2715780735015869,0.6176395421337073
FR015581,0.323136568069458,0.7908761078515338
FR011044,0.2733723819255829,0.6232555225469973
FR019881,0.2813931703567505,0.6487025594128195
FR003241,0.22891153395175934,0.4917981241857178
FR016612,0.38411375880241394,1.0331961064061779
FR018821,0.29521235823631287,0.6939044188001087
FR011267,0.826306939125061,7.881018203869154
FR010897,0.2559559643268585,0.5698886579154435
FR002621,0.24858027696609497,0.5480339669811066
FR016453,0.2574281096458435,0.574302704748782
FR015979,0.3492073714733124,0.8889230688909094
FR004486,0.43194782733917236,1.259698081480673
FR005927,0.5089164972305298,1.7167797569616396
FR000232,0.36602768301963806,0.9564604965506601
FR008517,0.3017541170120239,0.7159261400493679
FR014607,0.25643765926361084,0.5713310371289418
FR013013,0.25450506806373596,0.5655553811680769
FR000878,0.27259671688079834,0.6208243797860649
FR004063,0.22939364612102509,0.49314223384039013
FR007327,0.2821112275123596,0.6510084245973328
FR013728,0.30478787422180176,0.7262794329031222
FR007153,0.26973268389701843,0.6118924707012235
FR002817,0.3086985945701599,0.7397596033070823
FR006264,0.2614061236381531,0.5863183057343033
FR007948,0.22906000912189484,0.4922118879454869
FR018386,0.24812757968902588,0.5467065586567292
FR006731,0.2963387370109558,0.6976670004545305
FR019179,0.2958607077598572,0.6960687102097063
FR013533,0.6634571552276611,3.265847640725414
FR008678,0.30377769470214844,0.7228219767006925
FR009549,0.24287480115890503,0.5314203200527721
FR006843,0.698094367980957,3.830595716957476
FR000226,0.22769860923290253,0.4884239599156278
FR018871,0.3034511208534241,0.7217063850040399
FR019756,0.16639448702335358,0.3306752985535212
FR011117,0.29451581835746765,0.6915836930310697
FR004428,0.4643944799900055,1.4363669507266186
FR018057,0.3023736774921417,0.7180331950123805
FR014950,0.4187772870063782,1.1936141017407296
FR005731,0.7324317097663879,4.534776570120259
FR019420,0.3071902394294739,0.7345423061916978
FR019052,0.1774698793888092,0.3574343140736007
FR010502,0.21324700117111206,0.44902231525261715
FR019697,0.25085750222206116,0.5547356266047647
FR001989,0.26651236414909363,0.6019327368465707
FR013710,0.21493427455425262,0.45354779296749814
FR004874,0.2512955665588379,0.556029484136092
FR008665,0.44639602303504944,1.3358094600342834
FR019679,0.23207934200763702,0.5006607354481227
FR013452,0.328918993473053,0.8119651783815403
FR002369,0.2640902101993561,0.5944989900484823
FR010141,0.27457094192504883,0.6270223552324593
FR010445,0.29545605182647705,0.6947174386263695
FR016754,0.31030431389808655,0.7453387539102182
FR005650,0.5307369232177734,1.8736407266532846
FR007448,0.429971843957901,1.2495887565914348
FR015917,0.2752595543861389,0.6291921608546021
FR007895,0.2684783637523651,0.6080027111405827
FR013550,0.4178491234779358,1.1890697727454203
FR016289,0.2803304195404053,0.6452982395391255
FR016048,0.26563218235969543,0.5992257300615077
FR004479,0.3075311779975891,0.7357196012207156
FR017621,0.2552613317966461,0.5678119473442296
FR013243,0.2604605555534363,0.5834505037610374
FR009447,0.26909250020980835,0.6099055354225553
FR015741,0.3171880841255188,0.769554126956306
FR008747,0.5780381560325623,2.2693773956652725
FR016991,0.4597158432006836,1.409582949637974
FR007050,0.3279476761817932,0.808397329223145
FR012304,0.27200978994369507,0.6189882361769955
FR002673,0.21816898882389069,0.4622783190428453
FR002359,0.3173997104167938,0.7703063133283469
FR011530,0.24070531129837036,0.5251685504964064
FR000214,0.334987998008728,0.8344938938841007
FR007835,0.2642063498497009,0.5948543130299264
FR009490,0.5908187031745911,2.3920037706146107
FR003784,0.28544217348098755,0.661765555307108
FR001655,0.2545584738254547,0.5657145848968905
FR004170,0.26653769612312317,0.6020107417381642
FR002806,0.19582568109035492,0.40340645678231873
FR003421,0.6075657606124878,2.564778110642347
FR004563,0.24233785271644592,0.5298696739391175
FR007586,0.27318650484085083,0.6226724610430713
FR001123,0.22481222450733185,0.4804369562340638
FR006044,0.24703697860240936,0.5435152300694359
FR017576,0.2842610478401184,0.6579397094939204
FR004512,0.246410071849823,0.5416849497348206
FR002658,0.2821570932865143,0.6511558680706696
FR006329,0.22264786064624786,0.47448679191139675
FR000522,0.5587254166603088,2.0975528580430116
FR013520,0.24482375383377075,0.5370672015146877
FR006885,0.21830987930297852,0.4626602259643165
FR006300,0.2722424566745758,0.6197157570070995
FR002215,0.2391413003206253,0.5206836911879126
FR006916,0.2286086529493332,0.4909545632432653
FR006228,0.24995099008083344,0.5520629713203449
FR013560,0.21566210687160492,0.45550594099768016
FR006556,0.36745789647102356,0.9623688235659726
FR001568,0.25964659452438354,0.580987718247322
FR001628,0.32457029819488525,0.7960713955652556
FR019449,0.5023795962333679,1.6724656723434443
FR015616,0.23958344757556915,0.5219496942607568
FR002087,0.29102998971939087,0.6800381520364795
FR010559,0.23609377443790436,0.5119975528460928
FR011284,0.2755260169506073,0.630032886528435
FR017937,0.2537512183189392,0.5633105697589177
FR005645,0.25421175360679626,0.5646814109403009
FR011278,0.7546765804290771,5.0961859068850845
FR018780,0.24707581102848053,0.5436287031970761
FR018114,0.2890799641609192,0.6736287858620951
FR004246,0.23352482914924622,0.5047291311828884
FR003490,0.2447955310344696,0.536985221004914
FR005880,0.2576272189617157,0.5749010535621036
FR004169,0.2275295853614807,0.48795460348540487
FR003478,0.2835524082183838,0.6556503723742738
FR012773,0.37404710054397583,0.9899380933672269
FR006046,0.38346484303474426,1.0303650183501525
FR016949,0.4992365539073944,1.6515706504714804
FR004313,0.28856226801872253,0.6719331184295496
FR009763,0.28252938389778137,0.6523533582230009
FR003724,0.313739538192749,0.7573622844288824
FR016974,0.3069761395454407,0.7338035899522106
FR007809,0.23897844552993774,0.5202177587253473
FR006008,0.23919107019901276,0.5208261241042884
FR005477,0.24247939884662628,0.5302782297210117
FR018886,0.6956544518470764,3.786605092207657
FR016753,0.32331016659736633,0.7915039908651592
FR011543,0.35488539934158325,0.9113278870120517
FR000700,0.27515366673469543,0.6288582425165516
FR013865,0.35304370522499084,0.9040176899250246
FR019922,0.7952187061309814,6.433091138463094
FR005873,0.4878957271575928,1.578308932882062
FR002969,0.2083716243505478,0.4360543503162319
FR010153,0.2745060622692108,0.6268181329145612
FR004349,0.1644231230020523,0.3259866980042975
FR009465,0.32424691319465637,0.7948976469895206
FR005961,0.3593578636646271,0.9292553119682141
FR008524,0.3037417232990265,0.7226990454007756
FR001579,0.13328681886196136,0.2547623232504587
FR013790,0.2670038640499115,0.603447177820322
FR009940,0.25536221265792847,0.5681133056778874
FR011265,0.3083515763282776,0.7385572755506317
FR013355,0.2461034059524536,0.5407907346007235
FR018990,0.2583325505256653,0.5770232494042459
FR018050,0.3058246970176697,0.7298385431388429
FR011616,0.2455444037914276,0.5391625958212889
FR001800,0.24945437908172607,0.5506015582203395
FR016091,0.33179256319999695,0.8225811289338694
FR011467,0.48037955164909363,1.531516494278563
FR000524,0.277200311422348,0.6353296977124717
FR016226,0.28099992871284485,0.6474417117191072
FR015776,0.2917862832546234,0.6825334452685974
FR006796,0.24308346211910248,0.5320235027929274
FR006508,0.30442556738853455,0.7250382408799214
FR000468,0.25380975008010864,0.5634847030411072
FR015119,0.2606143653392792,0.5839164920642079
FR010380,0.5128477215766907,1.7440024536945888
FR013917,0.4071192741394043,1.1375689537413214
FR002828,0.2631484568119049,0.5916218830559401
FR003720,0.27671802043914795,0.6338014035995366
FR015209,0.26574021577835083,0.5995576383820939
FR003400,0.29575401544570923,0.6957122807637578
FR017873,0.2728685438632965,0.6216757682741466
FR017070,0.2374776154756546,0.5159332072744987
FR004386,0.24975454807281494,0.5514846559292418
FR018783,0.2704559564590454,0.614141483928305
FR010531,0.4341053366661072,1.2708167365525649
FR002297,0.2045275866985321,0.42594171010407167
FR015407,0.35966187715530396,0.9304830095404659
FR007783,0.25678372383117676,0.5723684411737572
FR014388,0.2667924463748932,0.6027954952943293
FR002213,0.21451802551746368,0.45242955457083495
FR012283,0.30234843492507935,0.7179472747714131
FR016271,0.2889907658100128,0.673336448563613
FR015982,0.28858545422554016,0.6720090099876477
FR005205,0.3378946781158447,0.8454300342448727
FR000119,0.2976589798927307,0.7020925331780047
FR007365,0.27395743131637573,0.6250926612450802
FR000768,0.21138347685337067,0.4440466152874236
FR015013,0.2115744799375534,0.44455552089205846
FR009099,0.2563346326351166,0.5710223788398457
FR017983,0.3297393023967743,0.8149863968712447
FR014848,0.34781697392463684,0.8834961881709177
FR008238,0.3864363729953766,1.0433782769457844
FR018883,0.2765359580516815,0.6332250101487491
FR008657,0.5403643250465393,1.9475846321348993
FR000223,0.31429386138916016,0.7593137434518866
FR001129,0.28305554389953613,0.6540478973432854
FR007415,0.24971356987953186,0.5513640563638452
FR001394,0.2344992309808731,0.5074803033469655
FR003104,0.20649288594722748,0.43109964836743603
FR004381,0.23212051391601562,0.5007764039153507
FR001149,0.6755965352058411,3.450049521153204
FR006953,0.49588823318481445,1.6295975674906327
FR016355,0.30034011602401733,0.7111312599155036
FR003783,0.7566834092140198,5.151881776410266
FR019814,0.3208151161670685,0.7825105669648644
FR001546,0.2745457887649536,0.6269431760523552
FR005430,0.2907320261001587,0.6790565206745938
FR013348,0.2234545797109604,0.47670070750333876
FR013082,0.2638654112815857,0.5938115484468112
FR012306,0.3263699412345886,0.802623912584572
FR019869,0.2472795844078064,0.544224346004512
FR015485,0.42450132966041565,1.2219632071527928
FR004574,0.534797191619873,1.9044526941467206
FR004776,0.24728848040103912,0.5442503569168404
FR013784,0.3805769085884094,1.0178374871731488
FR011761,0.28494027256965637,0.6601382775652317
FR018875,0.22912296652793884,0.4923873828631919
FR019935,0.2834238111972809,0.6552354111582229
FR014240,0.27138233184814453,0.6170285664255251
FR007836,0.27945107221603394,0.6424890100184969
FR004167,0.5467450618743896,1.9983231711882468
FR006899,0.42420676350593567,1.2204905713301695
FR017446,0.3143289089202881,0.759437232076247
FR010017,0.27740421891212463,0.6359764577821975
FR018160,0.6793553829193115,3.509913929244645
FR012153,0.2671677768230438,0.6039526880570825
FR005914,0.25714460015296936,0.5734512761873839
FR013769,0.32249021530151367,0.7885411642830178
FR017462,0.25688570737838745,0.5726743434344711
FR011978,0.2699736952781677,0.6126413995809453
FR009839,0.25940483808517456,0.5802572833722486
FR009872,0.3934890925884247,1.074774817294015
FR005668,0.3090544044971466,0.7409936459504342
FR019089,0.22656771540641785,0.4852875261603303
FR003762,0.25131744146347046,0.5560941330818235
FR004316,0.2611398994922638,0.5855101353632661
FR015095,0.26294976472854614,0.5910158073496483
FR011156,0.23431658744812012,0.5069640857224516
FR000002,0.28489938378334045,0.6600058073787235
FR005608,0.32048168778419495,0.781313725053865
FR012990,0.2965258061885834,0.6982930573775799
FR018763,0.4231901168823242,1.2154195648005797
FR019142,0.2577718496322632,0.5753358884056888
FR002470,0.246926948428154,0.5431937719164409
FR003770,0.2872171700000763,0.6675388841481906
FR013380,0.32417985796928406,0.7946544059468804
FR018360,0.3165813386440277,0.7674001451773175
FR008853,0.7981118559837341,6.549020442836883
FR006662,0.27258747816085815,0.6207954543994906
FR011854,0.2808079421520233,0.6468266475722827
FR002809,0.4839792549610138,1.5537565930747141
FR006183,0.2955057621002197,0.6948833530030771
FR013020,0.29113540053367615,0.6803856221166361
FR003182,0.4249676465988159,1.2242975679725596
FR018868,0.2313738763332367,0.4986807235735196
FR000202,0.24461740255355835,0.5364679415412569
FR018881,0.24844592809677124,0.5476398595781073
FR010262,0.25797921419143677,0.5759596296168957
FR013336,0.31304731965065,0.7549297957535391
FR004202,0.2658032774925232,0.5997514264296986
FR016411,0.2511942386627197,0.5557300696262663
FR001642,0.6049298644065857,2.5366130551768697
FR009627,0.14237840473651886,0.2750247722556476
FR005224,0.3504811227321625,0.893915057926088
FR011818,0.4452002942562103,1.3293600400662677
FR008334,0.32178452610969543,0.7859969505105088
FR015658,0.2578947842121124,0.5757056268034151
FR001356,0.30612921714782715,0.7308858926798328
FR007768,0.3101816475391388,0.7449116273091795
FR011344,0.2197619527578354,0.4666043470372427
FR006252,0.1724786013364792,0.34528633262826813
FR015722,0.3093481957912445,0.7420135500045852
FR011272,0.347080796957016,0.880632163915462
FR000308,0.5499557256698608,2.024397938708093
FR005891,0.3258935213088989,0.8008858582175767
FR017823,0.26848459243774414,0.6080219938981055
FR013482,0.2502046525478363,0.5528101891527393
FR009120,0.24916526675224304,0.5497516567859151
FR002741,0.26866185665130615,0.6085709059481329
FR001478,0.28310713171958923,0.6542141738166322
FR010159,0.2226506769657135,0.4744945128712347
FR000519,0.3498200476169586,0.8913217812345435
FR003145,0.5759730339050293,2.2502567531723368
FR001097,0.2951589822769165,0.6937264189470892
FR018967,0.2834843397140503,0.6554307080679972
FR011282,0.5780198574066162,2.2692071497570065
FR011851,0.23921628296375275,0.5208982858549049
FR003211,0.32174235582351685,0.7858450820619964
FR011948,0.23602266609668732,0.5117957053233302
FR013738,0.2635909914970398,0.5929729336879231
FR013658,0.28338944911956787,0.6551245556585077
FR007635,0.29854369163513184,0.7050674616724911
FR001978,0.25095149874687195,0.5550131252215129
FR015239,0.2265758365392685,0.4853100167054371
FR003158,0.2181037813425064,0.4621016099815387
FR010336,0.21634678542613983,0.4573513090927704
FR019499,0.24518567323684692,0.5381190345594388
FR017027,0.24577754735946655,0.5398413518449275
FR011001,0.3476891815662384,0.8829985608552053
FR001841,0.4005019962787628,1.1067265869854013
FR013610,0.18848316371440887,0.38476754091956367
FR009985,0.38531917333602905,1.0384709508159429
FR014079,0.2976074814796448,0.7019195956149956
FR016334,0.28191983699798584,0.650393369930322
FR006894,0.23275330662727356,0.5025557350434134
FR019919,0.34679853916168213,0.879535779748708
FR001081,0.25409042835235596,0.5643201068357588
FR014509,0.23977409303188324,0.5224960249930088
FR004314,0.3200512230396271,0.779770306823963
FR019412,0.26170653104782104,0.5872309453372941
FR003289,0.4913758933544159,1.6004433476687177
FR003184,0.24465253949165344,0.5365699587798957
FR007190,0.25535157322883606,0.5680815189827707
FR015286,0.33131682872772217,0.8208173005662289
FR016502,0.3669733703136444,0.9603642167234684
FR007033,0.28902262449264526,0.6734408532975086
FR013413,0.35620227456092834,0.9165805763435894
FR007294,0.38502931594848633,1.0372006584356848
FR016116,0.29932403564453125,0.7076976791227605
FR009637,0.2778242230415344,0.6373097907596763
FR018318,0.27865344285964966,0.6399467668479758
FR016339,0.30869123339653015,0.7397340862281601
FR011290,0.5614115595817566,2.12054537000449
FR009893,0.270452082157135,0.6141294249220134
FR007860,0.2613023519515991,0.5860032191911134
FR014101,0.18428567051887512,0.3742629831423079
FR015989,0.2550208866596222,0.5670940019782876
FR014038,0.1524740308523178,0.2980343121865551
FR019847,0.26178213953971863,0.5874607614106412
FR019534,0.2736867368221283,0.6242422739514384
FR008035,0.25267118215560913,0.5601023335791029
FR009982,0.3694501519203186,0.9706436626832887
FR018997,0.2755530774593353,0.6301183007112925
FR005681,0.2569718658924103,0.5729328435412155
FR018569,0.28369104862213135,0.6560979088197286
FR006097,0.23438556492328644,0.5071590124271048
FR015555,0.4554004669189453,1.3852865136407795
FR005811,0.4150664806365967,1.1755322623953581
FR006308,0.23420310020446777,0.5066434531755913
FR000867,0.3285616338253021,0.810651322256268
FR016805,0.21733838319778442,0.46002961997738356
FR015932,0.25129327178001404,0.5560227023811561
FR015521,0.25213801860809326,0.5585219931049399
FR017355,0.3056909739971161,0.7293789139428384
FR006896,0.2660381495952606,0.6004734791472158
FR017379,0.6621772050857544,3.24719728412741
FR001844,0.267183393239975,0.604000861194816
FR016179,0.45999208092689514,1.4111514478523604
FR011849,0.3033619225025177,0.721401861079594
FR011619,0.3265340328216553,0.8032231136855469
FR008605,0.5646066069602966,2.148263356977873
FR012102,0.29383620619773865,0.689323779550406
FR001179,0.28947028517723083,0.6749088812592148
FR018825,0.23389217257499695,0.5057654841152427
FR015965,0.2728021740913391,0.6214678329757157
FR001111,0.2528541684150696,0.5606452397418774
FR003659,0.4452313780784607,1.3295273453685492
FR019950,0.30954861640930176,0.7427098133644346
FR004645,0.2624366879463196,0.5894522660161564
FR019347,0.2739294469356537,0.6250047188697578
FR014359,0.40709224343299866,1.1374415663832107
FR017104,0.27039390802383423,0.6139483697033901
FR010542,0.2989943027496338,0.7065855712702743
FR007266,0.2916514277458191,0.6820881165178511
FR006787,0.2634359300136566,0.5924993489357874
FR009113,0.3828931748867035,1.0278758790713405
FR012447,0.3158198297023773,0.7647021504893486
FR017108,0.42077478766441345,1.2034433498042347
FR000479,0.26351410150527954,0.59273807334793
FR014496,0.26334303617477417,0.5922157304844031
FR009408,0.32866397500038147,0.8110274433518097
FR007087,0.412687748670578,1.1640614721425697
FR002812,0.28446465730667114,0.6585983305672254
FR008846,0.25349095463752747,0.5625366102179704
FR010042,0.2528098225593567,0.5605136445847214
FR003677,0.24787475168704987,0.5459659065723632
FR011631,0.5417553186416626,1.958525137089954
FR003270,0.287151038646698,0.6673232705936925
FR004466,0.590968132019043,2.3934828276356126
FR012453,0.28715983033180237,0.6673519325505274
FR014631,0.6377175450325012,2.9161137644719677
FR003393,0.31426504254341125,0.7592122108174465
FR008918,0.2566060423851013,0.5718356816271782
FR009296,0.2553224563598633,0.5679945331476014
FR001236,0.2233181744813919,0.47632604139041895
FR009778,0.5951598882675171,2.435418029516776
FR002337,0.4495227038860321,1.3528063060610385
FR014925,0.2878994345664978,0.6697656659108737
FR018402,0.2885841131210327,0.672004620238315
FR005437,0.28901517391204834,0.6734164360107666
FR001521,0.3918668031692505,1.0674883938207715
FR008771,0.29163312911987305,0.6820277026537674
FR017232,0.2763557732105255,0.6326548464036483
FR009561,0.27366209030151367,0.6241648783409021
FR002556,0.7686442136764526,5.503872891459451
FR007436,0.24798516929149628,0.5462893103932405
FR015048,0.3239920735359192,0.7939734797109117
FR013648,0.27052396535873413,0.6143531867288375
FR015690,0.2086453139781952,0.43677810136604633
FR013994,0.2675628960132599,0.6051721735218516
FR013954,0.30959057807922363,0.7428556398296497
FR018171,0.2765478193759918,0.6332625532201435
FR010555,0.28794386982917786,0.6699108421664762
FR011236,0.2504798173904419,0.5536213187903648
FR004812,0.19581662118434906,0.4033832485641334
FR006864,0.22113607823848724,0.470350289314177
FR015967,0.4970652759075165,1.6372884675789074
FR010602,0.28311026096343994,0.65422426068103
FR004791,0.23720921576023102,0.5151687602129842
FR001456,0.29344695806503296,0.6880313713057483
FR017729,0.2545333802700043,0.5656397776252656
FR004407,0.2596209943294525,0.580910348086815
FR011040,0.2918844521045685,0.6828577315960849
FR007679,0.22955313324928284,0.49358724792707787
FR017341,0.26379191875457764,0.5935868972300091
FR012589,0.430186003446579,1.2506810298469022
FR001664,0.25083139538764954,0.5546585657875914
FR012479,0.21285684406757355,0.4479786270195324
FR004851,0.2906593978404999,0.6788173742637187
FR006544,0.2478313148021698,0.545838709634972
FR011084,0.2790643572807312,0.6412557507986459
FR001477,0.2996484935283661,0.7087930178512495
FR004944,0.4969554543495178,1.636569361543421
FR003039,0.24630504846572876,0.5413786273631914
FR000909,0.26421403884887695,0.59487784106619
FR014764,0.28143346309661865,0.6488318276630631
FR011676,0.32179051637649536,0.7860185248750398
FR005423,0.24178865551948547,0.5282859268026101
FR007643,0.28325656056404114,0.6546959439254345
FR011526,0.26648667454719543,0.6018536362118978
FR006087,0.23181474208831787,0.49991766363514195
FR012776,0.27989858388900757,0.6439178073356369
FR004668,0.5180363655090332,1.780612329785097
FR013390,0.44562867283821106,1.3316673937267731
FR012486,0.2587704360485077,0.5783427878081839
FR002334,0.2757696807384491,0.6308022204721913
FR013425,0.24547079205513,0.5389483754732193
FR000405,0.2850727438926697,0.6605675580042023
FR011939,0.2981725037097931,0.7038183932325837
FR004783,0.39332351088523865,1.0740293304830453
FR005559,0.24412961304187775,0.5350526642090541
FR001195,0.20474053919315338,0.4264993735317344
FR019705,0.23635879158973694,0.5127501593653421
FR010863,0.3486795425415039,0.8868601638056548
FR007063,0.19686612486839294,0.4060751820804884
FR000156,0.7289953231811523,4.45626855723474
FR012175,0.22322534024715424,0.4760711275789587
FR004552,0.2606520354747772,0.5840306485764477
FR012590,0.5037792921066284,1.6818560707447416
FR009947,0.2413533478975296,0.5270322377112401
FR009815,0.5277860760688782,1.851580247514317
FR018041,0.27111101150512695,0.6161822268110857
FR011821,0.32755395770072937,0.806954055611314
FR016497,0.3123297393321991,0.7524133541745949
FR006451,0.413276344537735,1.1668911562062667
FR012289,0.331874817609787,0.8228863492542294
FR012533,0.29128503799438477,0.6808790558531694
FR019125,0.2309858500957489,0.4975932091639825
FR005808,0.27794885635375977,0.6377057465138236
FR005288,0.2665574848651886,0.6020716810727699
FR019255,0.19770637154579163,0.40823545646314224
FR008180,0.27768242359161377,0.6368594649430656
FR001135,0.2546415328979492,0.5659622311176974
FR005830,0.4302400052547455,1.250956583793747
FR018433,0.38233545422554016,1.0254519098009436
FR006116,0.37885016202926636,1.0104027053078433
FR009207,0.3016856014728546,0.7156933560644261
FR016486,0.23873379826545715,0.5195181902072081
FR006397,0.44958236813545227,1.3531325224918582
FR018822,0.17344248294830322,0.34762083748470435
FR003451,0.2949103116989136,0.6928974996115341
FR004746,0.3151288330554962,0.7622591701401952
FR010139,0.36097007989883423,0.9357792525472656
FR001286,0.6177835464477539,2.6776287241415644
FR007255,0.29490581154823303,0.6928825041804053
FR012669,0.43866047263145447,1.2945722007360057
FR006580,0.7615517973899841,5.290890745444527
FR009424,0.6643083095550537,3.2783286802434106
FR004295,0.3208201229572296,0.7825285478045053
FR003028,0.27929556369781494,0.6419929240872541
FR012702,0.1918608397245407,0.3932996755985911
FR001218,0.2332751452922821,0.5040252874775984
FR017461,0.24692420661449432,0.5431857627828031
FR001798,0.43953990936279297,1.299203018416376
FR019648,0.2657226026058197,0.5995035192172126
FR010244,0.2488207072019577,0.5487396120063319
FR004425,0.24746592342853546,0.5447693094124654
FR018306,0.18167324364185333,0.3677795848889318
FR011181,0.262682169675827,0.5902000713032921
FR000875,0.37563246488571167,0.9966581126056594
FR001738,0.3258710205554962,0.8008038327034315
FR001200,0.22336328029632568,0.4764499195857702
FR013009,0.29915785789489746,0.7071370716990545
FR013371,0.7240353226661682,4.346399641662461
FR015289,0.26489922404289246,0.5969764571199194
FR009041,0.39556241035461426,1.0841439456298958
FR005267,0.4815821349620819,1.5389120766757511
FR014017,0.22882036864757538,0.49154414786501877
FR003283,0.23656073212623596,0.5133239891075922
FR009443,0.2700401544570923,0.6128480046111112
FR003545,0.3053860068321228,0.7283313509622119
FR013596,0.27463480830192566,0.6272234237239878
FR006883,0.32255634665489197,0.7887798585893655
FR004870,0.4170771539211273,1.1853011996706877
FR019216,0.3474806845188141,0.8821870854614468
FR014563,0.368802934885025,0.9679497163314029
FR015570,0.2457144856452942,0.5396577174844851
FR016620,0.24536077678203583,0.5386282936958039
FR012694,0.3455384075641632,0.8746525406552222
FR002697,0.2886766493320465,0.6723075517745861
FR001185,0.3118610084056854,0.7507724221212138
FR003197,0.3122158944606781,0.7520146006889761
FR001526,0.2719164788722992,0.6186965943336058
FR009009,0.2391759306192398,0.5207827952330722
FR016487,0.21910837292671204,0.4648272786113981
FR007429,0.44822797179222107,1.345744688059086
FR011104,0.2626357078552246,0.5900584975375887
FR018142,0.24355243146419525,0.5333803815055803
FR014606,0.3947543203830719,1.0804846293028532
FR009398,0.337559312582016,0.844163351808517
FR009539,0.19288024306297302,0.3958887547081449
FR019887,0.23790542781352997,0.5171528011610921
FR013800,0.1963956654071808,0.40486760352732765
FR002403,0.26734742522239685,0.6045069870809737
FR000239,0.30150413513183594,0.7150770383571808
FR017603,0.2664530873298645,0.60175022645379
FR009591,0.22213411331176758,0.47307928525676485
FR001376,0.23911888897418976,0.5206195598153777
FR012336,0.5490659475326538,2.017134590640689
FR008250,0.24443504214286804,0.535938625351135
FR018561,0.20283812284469604,0.4215280319668142
FR004138,0.2575420141220093,0.5746449629017534
FR000079,0.5216128826141357,1.8063097756066826
FR002188,0.278693825006485,0.6400753396739017
FR018558,0.2757088243961334,0.6306100266829825
FR019587,0.32460519671440125,0.7961981293875464
FR017618,0.2443208247423172,0.5356072300019009
FR010853,0.39641907811164856,1.0880339389144205
FR003114,0.31524476408958435,0.762668693674351
FR017966,0.2880965769290924,0.6704098959102619
FR000313,0.3304580748081207,0.8176397390912852
FR004526,0.5481756329536438,2.0098954968570983
FR005750,0.24695587158203125,0.5432782631233837
FR010289,0.2644669711589813,0.5956520782647198
FR016878,0.28559526801109314,0.6622623779382671
FR014884,0.2605195641517639,0.5836292556610423
FR016094,0.24011550843715668,0.523475100680259
FR003405,0.40370091795921326,1.1215509187077568
FR019879,0.18297737836837769,0.3710109425184101
FR007044,0.27570316195487976,0.6305921454556188
FR001046,0.3612172603607178,0.9367823963009347
FR007008,0.21894966065883636,0.4643961924265918
FR004073,0.33532336354255676,0.8357507973669464
FR010794,0.20391330122947693,0.42433473869204047
FR015186,0.2495923787355423,0.5510074657098513
FR019312,0.3343263566493988,0.8320178678928211
FR011716,0.4096370041370392,1.1494853817534474
FR010369,0.2689896821975708,0.6095867439632413
FR010665,0.33318305015563965,0.8277509127527306
FR006209,0.32118910551071167,0.7838544015426779
FR005905,0.37841281294822693,1.0085261853502034
FR007731,0.3129379451274872,0.7545458969261276
FR003084,0.27899569272994995,0.6410369133585442
FR019295,0.2466079741716385,0.5422624047854033
FR002140,0.3365575075149536,0.8403871400507366
FR000927,0.47241005301475525,1.4833581380494647
FR014136,0.7077038884162903,4.010993360889099
FR014392,0.11848463863134384,0.22266684873113307
FR013977,0.21880529820919037,0.46400423461195583
FR014805,0.2291463017463684,0.49245243749187934
FR008556,0.2732108533382416,0.6227488207316422
FR008888,0.2697470188140869,0.6119370017969745
FR013843,0.29260003566741943,0.6852242756406762
FR005894,0.3199799358844757,0.7795148974931274
FR013711,0.25616922974586487,0.5705270258438239
FR019333,0.36210229992866516,0.9403805679529784
FR011410,0.4338904917240143,1.269705740577442
FR003504,0.2897582948207855,0.6758543387639678
FR001303,0.3005668818950653,0.7118989181728909
FR015461,0.2656846344470978,0.5993868650762573
FR002037,0.3113952875137329,0.7491442400707086
FR000958,0.2984335124492645,0.7046965645213588
FR007791,0.521426796913147,1.8049632688133903
FR019829,0.5833176970481873,2.3191214673048988
FR008012,0.212484210729599,0.4469827811817747
FR011592,0.20052942633628845,0.41552678857053227
FR001870,0.22203747928142548,0.4728147460227466
FR004620,0.2849021255970001,0.6600146897453621
FR014986,0.338948130607605,0.8494173050941344
FR011488,0.3121383488178253,0.751743064594733
FR010093,0.3484775722026825,0.8860716906647941
FR009108,0.5757548213005066,2.248247230825113
FR006865,0.28165557980537415,0.6495446887651074
FR012135,0.5845505595207214,2.33091964134274
FR015781,0.15722724795341492,0.3090585240279712
FR016833,0.27202755212783813,0.61904375999038
FR019945,0.16494940221309662,0.32723620994231445
FR013698,0.25975075364112854,0.5813025682022555
FR015799,0.2832789719104767,0.654768217157248
FR004648,0.291731595993042,0.6823528329474321
FR005476,0.26443421840667725,0.5955517906035719
FR012659,0.2676323652267456,0.6053867174860573
FR003780,0.4808923900127411,1.5346661296291366
FR012553,0.2609618306159973,0.5849699008406122
FR013037,0.2548389434814453,0.5665510456123773
FR016683,0.24570268392562866,0.5396233545405299
FR001864,0.2848059833049774,0.6597032683035006
FR004003,0.31259414553642273,0.7533399739644523
FR011930,0.38050588965415955,1.0175308865897508
FR016990,0.30630791187286377,0.7315009134599774
FR012822,0.25398704409599304,0.5640123233899345
FR001436,0.329069584608078,0.8125192557077279
FR013647,0.2661309540271759,0.6007589094374635
FR002662,0.21659722924232483,0.45802711921052774
FR013310,0.2468315064907074,0.5429150100299202
FR003806,0.3948294520378113,1.0808244398632392
FR008513,0.2810087203979492,0.6474698853595157
FR017102,0.3318978250026703,0.8229717359251173
FR008603,0.23774489760398865,0.5166950062473015
FR009117,0.26486140489578247,0.5968605209297816
FR007102,0.26721838116645813,0.604108798540781
FR013540,0.2753905951976776,0.6296055351885226
FR017399,0.2796015739440918,0.6429693277885192
FR005212,0.18332652747631073,0.37187780819157873
FR000664,0.28582853078842163,0.6630197722212756
FR018864,0.2629552185535431,0.5910324389343794
FR018395,0.3691350221633911,0.96933129064102
FR004491,0.3807467818260193,1.0185711435551783
FR017263,0.2683117687702179,0.6074870883914413
FR006534,0.28713566064834595,0.667273138158824
FR015205,0.31622233986854553,0.7661274786395308
FR000064,0.5561079978942871,2.075416285574849
FR015395,0.27937769889831543,0.6422549159649351
FR011604,0.2884403467178345,0.6715341350748952
FR002950,0.2547279894351959,0.5662200657409262
FR012539,0.337234228849411,0.8429367275006033
FR013152,0.3812476694583893,1.020736745275764
FR013409,0.5936391949653625,2.420104698010165
FR003584,0.31473276019096375,0.7608610978258122
FR004898,0.2781175374984741,0.6382418584635012
FR012817,0.42050912976264954,1.2021322007021324
FR000647,0.2670649290084839,0.6036354769348056
FR003079,0.26348865032196045,0.5926603435571334
FR009857,0.27018699049949646,0.6133046146953011
FR007749,0.5119041204452515,1.7374282679131252
FR009466,0.2640869617462158,0.5944890531940489
FR001098,0.2767064869403839,0.6337648809515267
FR014039,0.24537736177444458,0.5386765406022933
FR016973,0.343114972114563,0.8653139502459094
FR000265,0.31456661224365234,0.7602751038465868
FR009766,0.3034207224845886,0.721602595955371
FR006133,0.37851202487945557,1.0089516392600502
FR005720,0.20692703127861023,0.432242512392388
FR009504,0.30599701404571533,0.7304310878109738
FR010291,0.29519400000572205,0.6938431941450389
FR017192,0.38465559482574463,1.0355646016454199
FR002878,0.30999913811683655,0.7442764070919011
FR019675,0.3257962465286255,0.8005312865820102
FR009457,0.2834014594554901,0.6551633009949472
FR000025,0.2501869201660156,0.5527579381390755
FR017963,0.23409606516361237,0.5063411369380887
FR010201,0.8037922978401184,6.78658336076221
FR003967,0.2150716483592987,0.45391710315986916
FR015626,0.29762667417526245,0.7019840439182501
FR013324,0.266865611076355,0.6030209786463342
FR018120,0.23938246071338654,0.5213740248251676
FR012890,0.23300309479236603,0.5032589152216657
FR004821,0.24621418118476868,0.54111366306321
FR001344,0.8244078755378723,7.777866737983516
FR010828,0.24024079740047455,0.523834612078993
FR009943,0.24672649800777435,0.5426083882864647
FR002908,0.14663784205913544,0.2846663152625228
FR012434,0.1847158968448639,0.37533468335091824
FR006882,0.19132588803768158,0.39194361758879137
FR010833,0.30703988671302795,0.7340234912879946
FR005291,0.3392876088619232,0.8507049240752667
FR015753,0.3245036005973816,0.7958292199583573
FR016251,0.34693798422813416,0.8800773128162858
FR005632,0.2767685055732727,0.6339612864707461
FR004862,0.2779834270477295,0.6378156006391135
FR000558,0.3246438801288605,0.796338623344952
FR017542,0.6113700866699219,2.6061016977442724
FR017951,0.5441955924034119,1.9778798171276906
FR013199,0.3793172240257263,1.0124096336241584
FR019278,0.2783428132534027,0.638958233462605
FR002204,0.2562802731990814,0.5708595574401584
FR012126,0.3023512363433838,0.7179568098869449
FR017535,0.301204115152359,0.7140587766825066
FR006987,0.21997644007205963,0.4671881820897133
FR017724,0.5172396302223206,1.7749396068897216
FR018538,0.2995338439941406,0.708405856078057
FR018298,0.3515188992023468,0.897996730070411
FR010210,0.4588119685649872,1.404461874089518
FR006844,0.2985232174396515,0.7049985303964527
FR002637,0.2700960338115692,0.6130217487190529
FR018023,0.527972936630249,1.8529690336121367
FR006591,0.22700604796409607,0.4865021134624559
FR017066,0.34728699922561646,0.8814337222483954
FR003118,0.28010663390159607,0.6445826659638839
FR014640,0.6462369561195374,3.026235541250267
FR000411,0.24977484345436096,0.55154439048324
FR018522,0.2094532549381256,0.43891756196123716
FR003157,0.2848967909812927,0.6599974078120627
FR015342,0.29882434010505676,0.7060127376493632
FR016986,0.27683013677597046,0.6341564984175881
FR004534,0.19110247492790222,0.391377814901132
FR007206,0.26816412806510925,0.60703032662166
FR005487,0.33531275391578674,0.8357110145303006
FR003183,0.3223755657672882,0.7881274590021833
FR012050,0.25252610445022583,0.5596720880979622
FR014480,0.6009235382080078,2.4945171946552405
FR013592,0.22259636223316193,0.47434561850981655
FR016924,0.2907271385192871,0.6790404255752185
FR001624,0.22197844088077545,0.4726531585543541
FR018605,0.3823968470096588,1.025718521099531
FR015045,0.24100352823734283,0.5260257967353218
FR002622,0.38312864303588867,1.0289005882222766
FR013412,0.5812035799026489,2.299051603228165
FR003025,0.41673868894577026,1.1836520393115781
FR013467,0.5557281374931335,2.072225326066974
FR013614,0.3697248697280884,0.971788808036795
FR016428,0.34596097469329834,0.8762879681047655
FR012954,0.25429558753967285,0.5649311353483604
FR012573,0.2538542151451111,0.5636170058518857
FR011294,0.33723729848861694,0.842948304409133
FR000294,0.2597315311431885,0.5812444561788971
FR002347,0.30509981513023376,0.7273491180519666
FR013849,0.2335784137248993,0.5048802426339782
FR019521,0.4920663833618164,1.6048710345473618
FR001791,0.30672353506088257,0.7329326066861271
FR016598,0.3065437078475952,0.7323129469707461
FR005625,0.47590234875679016,1.5042812215708619
FR019453,0.2854660451412201,0.6618430096496701
FR007800,0.3112119436264038,0.7485038652663752
FR010706,0.2326371967792511,0.5022290293620189
FR009184,0.4472236931324005,1.3402900174088939
FR016352,0.2138882428407669,0.45073991685626547
FR009133,0.24029940366744995,0.5240028209988181
FR015813,0.5172106623649597,1.7747337096657805
FR005449,0.24423985183238983,0.5353723523457764
FR006112,0.3019821345806122,0.7167011669693438
FR017134,0.29539191722869873,0.694503415814744
FR015760,0.2357933074235916,0.5111449057551192
FR005348,0.3873758912086487,1.0475189878797393
FR006079,0.5208683013916016,1.8009283034333405
FR005284,0.2810489237308502,0.6475987288542858
FR002030,0.39530396461486816,1.082972548405531
FR015961,0.6476684212684631,3.045261219431465
FR003862,0.25349798798561096,0.5625575185531532
FR019447,0.44848763942718506,1.3471582872600192
FR016134,0.27253130078315735,0.6206195852036703
FR010702,0.4735237658023834,1.4900004814229846
FR019413,0.2522788345813751,0.5589391641818501
FR016739,0.2904958426952362,0.6782790079885527
FR007492,0.2600244879722595,0.5821304290551027
FR016177,0.2945995628833771,0.6918624699556358
FR014289,0.24857792258262634,0.5480270592717216
FR014639,0.3263617753982544,0.8025941016295086
FR004824,0.2497730851173401,0.5515392151150061
FR012262,0.2201813906431198,0.4677463581638795
FR012897,0.2785933315753937,0.6397554050291588
FR018935,0.2848694324493408,0.6599087816138077
FR016268,0.39701974391937256,1.0907680598115495
FR004642,0.2566562592983246,0.5719862260591323
FR015991,0.3273220658302307,0.806104788512854
FR006455,0.2845122218132019,0.6587522427811254
FR010281,0.38152095675468445,1.0219197895751915
FR001575,0.38994690775871277,1.0589153582525992
FR016959,0.23943042755126953,0.521511384484828
FR018724,0.23198775947093964,0.5004034877038132
FR003772,0.3246886730194092,0.7965013263650619
FR016730,0.4413824677467346,1.3089525870881291
FR018205,0.2384473979473114,0.5186997999691837
FR016876,0.2636888921260834,0.5932720419688265
FR018771,0.3073870837688446,0.7352218880017076
FR017086,0.3038827180862427,0.7231809639792565
FR002290,0.27764594554901123,0.6367436467918935
FR007707,0.6687890291213989,3.345090145246659
FR014485,0.3690893352031708,0.9691411340533596
FR008631,0.34831055998802185,0.8854200598996672
FR007891,0.3623806834220886,0.9415144147511031
FR008979,0.23648032546043396,0.5130954709435684
FR000026,0.29495328664779663,0.6930407106560658
FR007423,0.23697377741336823,0.5144986354013612
FR001758,0.25978028774261475,0.5813918593780792
FR006807,0.32888948917388916,0.8118566509026667
FR008819,0.21866324543952942,0.4636186891802035
FR003964,0.3024110198020935,0.7181603115656041
FR007045,0.2765449285507202,0.6332534031621527
FR012544,0.2627064287662506,0.5902739982430988
FR016117,0.26209068298339844,0.5883990840167778
FR009028,0.32402312755584717,0.7940860587664655
FR015639,0.26645058393478394,0.6017425192733913
FR007523,0.4455178678035736,1.3310702284081886
FR001246,0.2578652501106262,0.5756167887752135
FR016070,0.6010847091674805,2.496194350399285
FR016390,0.4649210572242737,1.439410796010841
FR001050,0.21405477821826935,0.45118644962549154
FR009411,0.27263158559799194,0.6209335564134997
FR001108,0.28705766797065735,0.6670189145156914
FR015188,0.25741490721702576,0.5742630411147706
FR016448,0.2825538218021393,0.6524320073514422
FR007147,0.6655532717704773,3.296698801681517
FR009948,0.23445293307304382,0.5073494251699735
FR011531,0.2637840807437897,0.5935629407243203
FR003486,0.20658205449581146,0.4313342776718421
FR007302,0.24471800029277802,0.5367600442001783
FR004513,0.2584417462348938,0.5773521574373421
FR013889,0.3172115981578827,0.7696376801941092
FR018322,0.5773618221282959,2.2630947487739155
FR017631,0.2958565056324005,0.6960546700234298
FR001457,0.6922919750213623,3.7271242755063447
FR001462,0.5896399021148682,2.380373682162901
FR005901,0.3137768805027008,0.7574936465809514
FR000182,0.645255982875824,3.013286040663934
FR014372,0.5330859422683716,1.8914012845874513
FR015501,0.354341596364975,0.9091650424921346
FR006238,0.3834323287010193,1.0302233216742334
FR019801,0.28744643926620483,0.6682866997056284
FR017758,0.2808550298213959,0.646977471159046
FR003795,0.3688735365867615,0.9682433171126322
FR013877,0.28587615489959717,0.663174466499902
FR007688,0.34537893533706665,0.8740358969282707
FR006527,0.2691875398159027,0.610200289394011
FR008018,0.5059168338775635,1.6962992588784398
FR014586,0.5253423452377319,1.8335185947144121
FR019334,0.27879786491394043,0.6404066589490989
FR019174,0.5286505818367004,1.8580146693628505
FR005735,0.36545637249946594,0.9541078112494233
FR002124,0.27504852414131165,0.6285267702487982
FR000532,0.27407974004745483,0.6254771023862563
FR015462,0.5723490715026855,2.217149420953405
FR001151,0.27831360697746277,0.6388653325189539
FR004979,0.26540061831474304,0.5985146306297308
FR005758,0.3037247359752655,0.7226409960955882
FR019111,0.2564043402671814,0.5712312071270944
FR016587,0.19085246324539185,0.3907450207168792
FR004989,0.7272387146949768,4.416900964260687
FR017394,0.40068215131759644,1.107557249972943
FR013427,0.2532854378223419,0.5619258354811434
FR017398,0.36730509996414185,0.9617363344552197
FR012383,0.27845731377601624,0.6393225156186572
FR018311,0.22968563437461853,0.49395710359254186
FR003793,0.2537894546985626,0.5634243207388965
FR014393,0.30912846326828003,0.7412506611143634
FR013135,0.4643864929676056,1.4363208283437066
FR017464,0.6007566452026367,2.49278192199125
FR005112,0.25163722038269043,0.557039637003312
FR002803,0.3055709898471832,0.7289666582973022
FR018170,0.24399808049201965,0.5346713469968162
FR008606,0.2089136838912964,0.4374882711238091
FR009727,0.2832760512828827,0.6547587983150565
FR007211,0.5486102104187012,2.013425452284441
FR004897,0.246412992477417,0.541693469568088
FR002573,0.20448166131973267,0.42582148343148174
FR007762,0.35104992985725403,0.8961506129609106
FR002779,0.27154678106307983,0.617541845830641
FR014545,0.3093121349811554,0.741888317259152
FR005785,0.43662041425704956,1.2838856078954537
FR005431,0.30143052339553833,0.7148271206568569
FR009781,0.3558054268360138,0.9149953882769067
FR010088,0.2609894275665283,0.5850536088421642
FR002618,0.2601194977760315,0.5824179125327752
FR008084,0.23866723477840424,0.519327929811765
FR010834,0.265715628862381,0.5994820920420142
FR007219,0.272187739610672,0.6195446215096181
FR007345,0.2422380894422531,0.5295818110157452
FR006157,0.2415831834077835,0.5276939863076046
FR013527,0.3522230088710785,0.9007735061904094
FR006696,0.6659677624702454,3.302845230483079
FR009294,0.7270696759223938,4.413139341750083
FR000055,0.3086549639701843,0.7396083683122856
FR000688,0.26970794796943665,0.6118156332125357
FR017623,0.290019154548645,0.6767113324727135
FR002055,0.6716118454933167,3.3880847370612184
FR010660,0.29191523790359497,0.6829594464665892
FR013575,0.31166523694992065,0.7500877275262424
FR018061,0.5398081541061401,1.9432287206680052
FR005850,0.24677756428718567,0.5427574896717424
FR018082,0.22500495612621307,0.48096841616661484
FR018692,0.2459389567375183,0.5403115124124037
FR001287,0.19226433336734772,0.39432368674446566
FR007698,0.2660655677318573,0.6005577991447543
FR006196,0.28897860646247864,0.6732966033865136
FR008805,0.24576538801193237,0.539805941695821
FR004433,0.3169304430484772,0.7686390186788209
FR017527,0.36461135745048523,0.9506357537552715
FR010354,0.27680858969688416,0.6340882459705883
FR017408,0.2935110330581665,0.6882440195558055
FR015785,0.2488820105791092,0.5489196051773981
FR000787,0.2503438889980316,0.5532205552887043
FR000651,0.29753774404525757,0.70168544974926
FR019664,0.21102723479270935,0.4430981079180722
FR004077,0.36002177000045776,0.9319378723847612
FR013389,0.25207144021987915,0.5583248075470523
FR000744,0.21957674622535706,0.466100472543898
FR004619,0.2522842586040497,0.5589552361364774
FR009842,0.2882971465587616,0.6710656919409306
FR003230,0.29923346638679504,0.7073921070678635
FR009491,0.2680419087409973,0.6066523513674288
FR017793,0.2943292260169983,0.6909627842526767
FR019030,0.2809341847896576,0.6472310520296115
FR017582,0.2799731492996216,0.6441560494067904
FR016885,0.2581494152545929,0.5764718456323429
FR014698,0.4279288053512573,1.2392098026538472
FR005219,0.29895541071891785,0.7064544670022789
FR003951,0.7909018397331238,6.266077663279892
FR006730,0.23483261466026306,0.5084232033845622
FR018447,0.21503984928131104,0.453831604304395
FR002531,0.7295933961868286,4.469788769832597
FR013422,0.3103902339935303,0.7456380198126723
FR007853,0.5207833051681519,1.800315055370044
FR008081,0.31321588158607483,0.7555216787207771
FR019073,0.21854065358638763,0.4632860753025956
FR011102,0.4466961920261383,1.3374328631094996
FR017660,0.21911922097206116,0.4648567499181008
FR009699,0.47693371772766113,1.51051381104175
FR006732,0.2591966390609741,0.5796286198313066
FR012956,0.6480537056922913,3.0504084886579137
FR003267,0.2808229327201843,0.6468746607863938
FR019297,0.30969518423080444,0.7432192474793619
FR005752,0.2424883246421814,0.5303039980677269
FR014396,0.2697923183441162,0.6120777352552087
FR008412,0.28608182072639465,0.6638427543406613
FR013608,0.23565803468227386,0.5107612558023807
FR012715,0.43735066056251526,1.287702007553504
FR008607,0.3569490909576416,0.9195690019522533
FR013636,0.28044188022613525,0.6456548105938112
FR003054,0.25302672386169434,0.5611574421652671
FR006767,0.29714488983154297,0.7003672961672712
FR016343,0.240439772605896,0.5244058067881393
FR001213,0.2768367528915405,0.6341774564166502
FR002991,0.59980708360672,2.4829363841080214
FR004774,0.3154449462890625,0.7633761589254798
FR004691,0.25198185443878174,0.5580595362666626
FR012442,0.19617804884910583,0.4043095020093779
FR017476,0.3351050615310669,0.8349324876723252
FR014140,0.2616964280605316,0.5872002403296578
FR016969,0.2822934687137604,0.6515943818167658
FR004292,0.2634982764720917,0.5926897418978422
FR009841,0.26400133967399597,0.5942271712160956
FR005781,0.24047333002090454,0.5245021689764905
FR007765,0.4528179466724396,1.3709297012629595
FR006952,0.4392852187156677,1.2978604089697134
FR018350,0.18655727803707123,0.37993440075202495
FR010876,0.31870535016059875,0.7749573023481936
FR015199,0.2597178816795349,0.5812031939698196
FR000268,0.2687467336654663,0.6088338282638919
FR000490,0.5440654754638672,1.976842584333833
FR016228,0.27607887983322144,0.6317792184473735
FR001032,0.27969950437545776,0.6432819750276171
FR012485,0.28867438435554504,0.6723001360842547
FR010591,0.2508947551250458,0.5548455971170648
FR018608,0.2861124277114868,0.6639422411925922
FR004339,0.650489866733551,3.0832175061105276
FR014440,0.2531070113182068,0.5613958429341779
FR001627,0.13515451550483704,0.25889009632456705
FR018196,0.33359184861183167,0.8292749153777116
FR001010,0.2675938010215759,0.6052676134087165
FR018247,0.2847995162010193,0.6596823232453968
FR006181,0.2619900703430176,0.5880930210761306
FR013914,0.26012295484542847,0.5824283744278677
FR010457,0.2862859070301056,0.6645062904255483
FR003403,0.3962536156177521,1.08728173962615
FR013061,0.27267396450042725,0.6210662620997114
FR004550,0.22315925359725952,0.47588969716564394
FR009399,0.2920573651790619,0.6834291431717961
FR003646,0.2610863149166107,0.585347540331798
FR003549,0.25168153643608093,0.5571707319151827
FR004350,0.4895605444908142,1.5888597805303069
FR013572,0.45447593927383423,1.3801312352061235
FR000666,0.2602766156196594,0.5828934863961575
FR008921,0.323049396276474,0.79056094040973
FR019519,0.6123226284980774,2.616575413340915
FR011893,0.3037770986557007,0.722819939624535
FR001367,0.23141928017139435,0.4988080478859187
FR001468,0.2309620976448059,0.49752667422645175
FR014256,0.2905472218990326,0.6784481035978669
FR012568,0.2354966104030609,0.510303614581841
FR013108,0.27937188744544983,0.6422363768404556
FR003811,0.25604692101478577,0.570160874043116
FR006937,0.35106274485588074,0.8962010242696122
FR018071,0.2825092673301697,0.6522886205826972
FR003234,0.29996463656425476,0.7098612631050414
FR004398,0.2663585841655731,0.6014593168788221
FR002144,0.19269990921020508,0.39543026701673467
FR013335,0.37623926997184753,0.9992392686987066
FR008111,0.2534197270870209,0.562324891222872
FR009267,0.25463661551475525,0.5659475680713232
FR013218,0.19632500410079956,0.4046863517247653
FR003468,0.3540939688682556,0.9081813709238112
FR012040,0.40097618103027344,1.1089140421014734
FR016346,0.2548978626728058,0.5667268437290026
FR016273,0.2476307898759842,0.5452516996324376
FR011883,0.3003104031085968,0.7110307112582082
FR007081,0.29906678199768066,0.7068299362060126
FR010081,0.45603853464126587,1.3888546773785604
FR018285,0.21134816110134125,0.44395254755707914
FR008040,0.20428557693958282,0.4253083161330711
FR012513,0.26953890919685364,0.6112906854750441
FR011186,0.30503764748573303,0.7271358606539906
FR006701,0.3379901647567749,0.8457909239511588
FR013471,0.4135470390319824,1.1681944311330843
FR009690,0.2358764410018921,0.5113807500890357
FR009105,0.2688434422016144,0.609133475316527
FR010785,0.26517656445503235,0.5978270204906425
FR017813,0.2964530289173126,0.6980494570324777
FR015428,0.24034082889556885,0.5241217333743988
FR010485,0.3179699182510376,0.7723353345102603
FR015448,0.3066328465938568,0.7326200665919381
FR008860,0.2389560043811798,0.5201535695549829
FR015996,0.25992095470428467,0.5818172390699473
FR008295,0.27129343152046204,0.6167511869142316
FR010312,0.29644104838371277,0.6980093605781711
FR005877,0.2835988402366638,0.6558002373865423
FR004454,0.26393598318099976,0.5940273141405595
FR016746,0.24640639126300812,0.5416742131002121
FR006775,0.5798484086990356,2.286292839632716
FR012091,0.24283689260482788,0.5313107722999075
FR008426,0.26298877596855164,0.5911347785828359
FR007958,0.2362564653158188,0.5124595071373522
FR015137,0.2580127418041229,0.5760605115769522
FR008994,0.25078871846199036,0.5545326057886715
FR000675,0.27485740184783936,0.6279244847719444
FR004296,0.28718364238739014,0.6674295662826738
FR013803,0.2305436134338379,0.49635509753447205
FR013276,0.2658452093601227,0.5998803010879393
FR010551,0.6645007729530334,3.281159677401386
FR015663,0.55328768491745,2.0518541061133653
FR003243,0.5910537838935852,2.394331103151266
FR018218,0.26036354899406433,0.5831567084556426
FR007520,0.254393607378006,0.5652231879271788
FR015071,0.23118016123771667,0.49813766441545454
FR013921,0.27093902230262756,0.6156460607264589
FR007881,0.26719793677330017,0.6040457265741165
FR006957,0.2603164315223694,0.5830140356833049
FR008351,0.8069641590118408,6.925317570982189
FR016601,0.24599221348762512,0.5404666852581529
FR008536,0.2636352777481079,0.5931082282216851
FR000544,0.294673353433609,0.6921081659817201
FR002577,0.3075694739818573,0.7358519135166052
FR011473,0.7703200578689575,5.5561189583419495
FR016353,0.30633345246315,0.7315888434122668
FR014955,0.46629899740219116,1.4474043126587226
FR011416,0.3863740861415863,1.0431042101036
FR002952,0.27863502502441406,0.639888131032749
FR013970,0.2824997305870056,0.6522579314142065
FR011385,0.5985658764839172,2.4701371502331275
FR018230,0.31935492157936096,0.7772778720619344
FR014673,0.32010114192962646,0.7799491893052546
FR004447,0.3058205544948578,0.7298243019121612
FR013288,0.23094457387924194,0.49747758960473293
FR002820,0.4693593978881836,1.4653063791490533
FR002784,0.6374691128730774,2.912980198100414
FR010862,0.2022833377122879,0.4200827485199466
FR005580,0.2643352448940277,0.59524879179863
FR007663,0.5594261288642883,2.103523697994857
FR015618,0.31710174679756165,0.769247390843467
FR018659,0.301435649394989,0.7148445221265801
FR009779,0.6982730627059937,3.833845466060941
FR006770,0.28758561611175537,0.668740892452085
FR012711,0.30332300066947937,0.721269006049174
FR016597,0.30281341075897217,0.7195309502192702
FR005093,0.29449155926704407,0.6915029493735619
FR006060,0.36391550302505493,0.9477835041125025
FR002941,0.311558336019516,0.7497140146726095
FR011664,0.37083372473716736,0.9764211707338463
