id,fraud,oof_probability
FR016993,0,0.04336609234837322
FR002433,0,0.006735154986831045
FR009253,0,0.004343603774608529
FR004881,0,0.02463617023074045
FR014830,0,0.010660370372194259
FR002399,0,0.00800844209431586
FR015431,0,0.007579528066619046
FR006764,0,0.003220217752893668
FR011935,0,0.011320474385557902
FR017076,0,0.076530980728211
FR001696,0,0.01046957028410722
FR019211,0,0.010786265530442317
FR004666,0,0.0029527252901857715
FR007907,0,0.008358337550331609
FR013872,0,0.009660474490545847
FR003379,0,0.03523654129000517
FR010022,0,0.004393007015516085
FR001242,0,0.02114251174053644
FR011221,0,0.08195193593018539
FR014562,0,0.007372277548844129
FR005582,0,0.00575765296859154
FR008785,0,0.009744636262444047
FR014724,0,0.024192161447286493
FR003159,0,0.006165811629480186
FR012341,0,0.006089629535012682
FR007282,0,0.005452848805800994
FR012149,0,0.0356780115582201
FR003112,0,0.005080582364141163
FR017004,0,0.012315402422550234
FR008458,0,0.020445341681475455
FR019978,0,0.023474357543271703
FR017279,0,0.01602754669650408
FR003764,0,0.03326775427876696
FR007458,0,0.006025545829018146
FR006026,0,0.03876470341617463
FR006065,0,0.004375051732520106
FR002163,0,0.013705296324128272
FR015780,0,0.005210305992400216
FR005762,0,0.005615547014594196
FR010057,0,0.01106548769578225
FR005378,0,0.0054017638048544534
FR017235,0,0.003885144249176095
FR003360,0,0.0067000969683463215
FR002756,0,0.02893261902153499
FR002480,0,0.012794313214888919
FR017073,0,0.0038270344657028495
FR010129,0,0.007165015879843734
FR010047,0,0.01364146131158849
FR018067,0,0.009057666249717055
FR005951,0,0.005314757030187589
FR000105,0,0.01950040094757108
FR002481,0,0.008202598850842735
FR014604,0,0.0326789390917472
FR013837,0,0.1477084483220035
FR018248,0,0.00824217042079664
FR015646,0,0.009546299608239467
FR014568,0,0.009360932473231416
FR000934,0,0.005603044659041642
FR016737,0,0.018920264043165397
FR004502,0,0.011613923179859058
FR011246,0,0.005531248919830663
FR014482,0,0.0029228204973727676
FR015850,0,0.01044004125233893
FR012360,0,0.011473391972937142
FR009488,0,0.004556249547937458
FR018710,0,0.012633740871464691
FR010543,0,0.004878526214179604
FR008336,0,0.018703153703789707
FR016369,0,0.006789635345985662
FR012179,0,0.01745157741302542
FR009180,0,0.07792991641030173
FR000812,0,0.00479308560048028
FR001687,0,0.009550009213038361
FR003991,0,0.005467918788830968
FR002539,0,0.019022172838489285
FR009111,0,0.004478523660267955
FR011023,0,0.006798061332526653
FR018642,0,0.011095857620296577
FR004362,0,0.003846005864854446
FR011593,0,0.03169749611936842
FR007949,0,0.015036115591550464
FR003977,0,0.004827574006264431
FR000125,0,0.008319992799246145
FR010904,0,0.01122133466177169
FR001652,0,0.016759777167392142
FR017815,0,0.015365736339227692
FR007185,0,0.007491323990004604
FR009299,0,0.0221764830097315
FR007816,0,0.006214156991583075
FR001461,0,0.02013416510211565
FR011711,0,0.014406282900278886
FR008913,0,0.006673911414929991
FR016903,0,0.004946900534256973
FR016265,0,0.014552734774698442
FR011145,0,0.016451702820710633
FR003467,0,0.003756888730087027
FR010500,0,0.006424391909008019
FR000217,0,0.004236524230738344
FR002477,0,0.003628018921215623
FR005576,0,0.02385356599457999
FR002137,0,0.0034777294517096074
FR018989,0,0.0077376184983560655
FR018332,0,0.02070717343532102
FR006022,0,0.01957795220763499
FR006208,0,0.007984472880345816
FR017372,0,0.013837549054019743
FR009210,0,0.0027482535745852765
FR017690,0,0.036819984009669696
FR019962,1,0.010507625202846394
FR004144,0,0.002903061642705464
FR000920,0,0.00840024833622995
FR009572,0,0.010340891037921044
FR002027,0,0.0047285917603829275
FR017958,0,0.004982515242397828
FR009901,0,0.0064019765653794145
FR000325,0,0.013150090852030907
FR008506,0,0.013114022959876822
FR014798,0,0.004069350663384549
FR009314,0,0.005225177254421495
FR010040,0,0.005424032426161139
FR008972,0,0.04815733931289309
FR004933,0,0.008725096681018606
FR019325,0,0.007209026167489898
FR003648,0,0.007173123441303155
FR005424,0,0.01882866108178532
FR003999,0,0.004844794178922329
FR014279,0,0.020782016321891795
FR003521,0,0.010110206372623073
FR013717,0,0.01035357130557688
FR004135,0,0.02770239982551863
FR014613,0,0.006681354681979863
FR014599,0,0.01871679611521058
FR014508,0,0.07028218798647594
FR003195,0,0.006327980690253142
FR019019,0,0.002829854708816056
FR005995,0,0.005068543027976123
FR008698,0,0.009600800425758569
FR006468,0,0.011014241849053655
FR013070,0,0.041179512410042175
FR006994,0,0.008796916002867748
FR012959,0,0.018030585728453456
FR000990,0,0.010292539461076541
FR016313,0,0.005745924467914157
FR013941,0,0.008130046640884651
FR004185,0,0.003936714847529819
FR011983,0,0.02574966820885401
FR008738,0,0.006807148811606086
FR009281,0,0.008125854686422658
FR008436,0,0.017122444611034363
FR010546,0,0.009514590655978495
FR011413,0,0.008221325543629143
FR010582,0,0.007273106813557857
FR005033,0,0.006038972688436338
FR017769,0,0.036995246683860776
FR010225,0,0.006047274053882021
FR008734,0,0.007568667243234362
FR006444,1,0.3134956079364701
FR000547,0,0.0064510292235898424
FR018005,0,0.03125968127745079
FR014734,0,0.0024092669341909856
FR016143,0,0.017096313918278764
FR001383,0,0.027492692366521618
FR014337,0,0.03862567988912539
FR017561,0,0.019557948869026943
FR019755,0,0.010243000954856401
FR004869,0,0.020648624136886087
FR018186,0,0.006651398196645397
FR018958,0,0.010300491974089462
FR011123,0,0.005495364887313599
FR007499,0,0.7047662807984133
FR011048,0,0.004719941131517022
FR008743,0,0.0049015654005886014
FR008790,0,0.020351168828408667
FR007022,0,0.016775713248673916
FR005614,0,0.008261053947126323
FR009118,0,0.007053803529697044
FR013694,0,0.027586986624464155
FR012244,0,0.0044868831576508625
FR014282,0,0.019195067569950323
FR003180,0,0.008601328041088098
FR017696,0,0.005764678806682556
FR014901,0,0.009564111878962755
FR019362,0,0.004765356324774101
FR016681,1,0.009409704712117708
FR016578,0,0.004796814581655577
FR004106,0,0.0036880208220833473
FR014007,0,0.007266126806468834
FR000449,0,0.011981012704344074
FR001265,0,0.027361517930402007
FR015364,0,0.005841132878011683
FR004354,0,0.01032597198842375
FR011598,0,0.01047334280394737
FR011555,0,0.015398719476587061
FR005194,0,0.010394737743654474
FR009749,0,0.010570319444916253
FR016707,0,0.0034469470627446035
FR002680,0,0.013899433262988087
FR002079,0,0.015531337864244472
FR015743,0,0.009816946303156064
FR010778,0,0.002745874679292462
FR010315,0,0.006071534716070475
FR002571,0,0.005685709117102342
FR019625,0,0.02761801303576951
FR015012,0,0.005199315964501014
FR016923,0,0.00482603558033152
FR010852,0,0.003631051028042982
FR008653,0,0.008607758840625522
FR011766,0,0.005663642222126117
FR013522,0,0.006458293425504396
FR015887,0,0.015102484432463375
FR010111,0,0.002479632977618205
FR018575,0,0.012629613337797605
FR012600,0,0.011872900698081551
FR008909,0,0.00805584094391526
FR009320,1,0.005170048770366382
FR009615,0,0.026873238624698564
FR006383,0,0.007003351355767431
FR014807,0,0.005515522532365939
FR009544,0,0.008788842869142893
FR016824,0,0.009830820826247305
FR017596,0,0.03599776922754324
FR012577,0,0.011215560413397533
FR011809,0,0.00514318377879911
FR018369,0,0.00995537404346871
FR002530,0,0.0037186127089565858
FR013189,0,0.01075830469751877
FR001410,0,0.010123267862085984
FR000960,0,0.01065718134549244
FR000311,0,0.012343641874499314
FR012538,0,0.005657007138504498
FR016270,0,0.03665067202972492
FR013160,0,0.00751392277490797
FR010572,0,0.010827561040402084
FR012862,0,0.02774557490515676
FR005575,0,0.007013465874062516
FR012064,0,0.017617564905454988
FR019941,0,0.03525720405980496
FR000157,0,0.007717448783912611
FR014347,0,0.004542984946771279
FR006347,0,0.025789636660376234
FR001906,0,0.06408569862540718
FR009006,0,0.0053747744946451475
FR009011,0,0.01089274490437392
FR018442,0,0.038600724948247817
FR007955,0,0.008123337037018195
FR013723,1,0.7223756541974359
FR012490,0,0.004810008165215675
FR018616,0,0.01506878029558754
FR010929,0,0.004378927448028035
FR015941,0,0.006545315152794248
FR003839,0,0.0006127283778846611
FR015940,0,0.010599956350206538
FR005305,0,0.004433355704674446
FR014518,0,0.0039981284529504
FR005725,0,0.05237699936622827
FR004566,0,0.006945545506311349
FR016728,0,0.021879114124086708
FR017238,0,0.005233173737433413
FR001589,0,0.005996068155866135
FR004523,0,0.026365513201108543
FR014721,0,0.004139981259669408
FR005704,0,0.028913512821508395
FR012006,0,0.0049627279330702176
FR007619,0,0.02076579277583031
FR007556,0,0.013817217801244874
FR002545,0,0.011580720502977667
FR000715,0,0.015641462369839904
FR002085,0,0.004057385009676077
FR014645,0,0.004385304976486282
FR002895,0,0.031097859978307246
FR002077,0,0.004314418740245702
FR002423,0,0.004653772280773495
FR009606,0,0.02349496257718232
FR012606,0,0.006309355560024186
FR007967,0,0.009893877048418745
FR015493,0,0.003868539983216826
FR017830,0,0.00488165730348668
FR008569,0,0.008056061251980398
FR000467,0,0.15547374301422662
FR007344,0,0.0041634447448439865
FR002367,0,0.011642856545770202
FR008246,0,0.0031988014759444226
FR015378,0,0.031427043844446965
FR006169,0,0.010789442104896565
FR002141,0,0.010016013423970224
FR006869,0,0.010533690789036335
FR008857,0,0.019630449462028014
FR007310,0,0.015060426925214088
FR019581,0,0.008003343920512747
FR015096,0,0.005195935643780388
FR004070,0,0.004735050771442092
FR005840,0,0.021993110040460756
FR006160,0,0.008459029684072935
FR001721,0,0.04086358778659697
FR001402,0,0.006391315592295634
FR005775,0,0.005511279093542476
FR017243,0,0.01617197242159828
FR015763,0,0.0024197460758407442
FR016827,0,0.003746514058657318
FR003300,0,0.01346155622735163
FR009889,0,0.0041170452889368716
FR014402,0,0.006249925333484239
FR000152,0,0.004640694509693663
FR001680,0,0.0072634790084731395
FR014146,0,0.004994644407669378
FR006690,0,0.002648697644957875
FR013253,0,0.007843264169348442
FR004809,0,0.07031777429087623
FR009084,0,0.0002233286078624555
FR012599,0,0.004800042432985371
FR008358,0,0.007327438989685212
FR018620,0,0.00283352387952941
FR009123,0,0.006560372338100636
FR013434,0,0.006863447811894752
FR002983,0,0.014936752776054033
FR006575,0,0.013010623651898515
FR005300,0,0.006889994087216646
FR003201,0,0.006068478081334546
FR015653,0,0.0039032042122935672
FR018863,0,0.0058134091214899625
FR017994,0,0.008625653348019265
FR002071,0,0.0073969118893122765
FR003871,0,0.007154202578742979
FR001036,0,0.00357851749478435
FR013177,0,0.0044272290153311135
FR005478,0,0.00028940018243845794
FR013818,0,0.003930268000337383
FR012967,0,0.011566091436857127
FR012607,0,0.00928144281323135
FR012690,0,0.07894641228637199
FR016998,0,0.1103867751187775
FR013368,0,0.009812608058004246
FR006795,0,0.016992503544535367
FR016140,0,0.007296267423870575
FR010462,0,0.005318546324907167
FR015594,0,0.00479538248771637
FR015005,0,0.008104991949206762
FR010112,0,0.0433213784344052
FR007652,0,0.015428608661805015
FR010826,0,0.016288629342629684
FR008437,0,0.011151210439418783
FR019218,0,0.15624158049271009
FR008442,0,0.005468363980247956
FR009327,0,0.015410357280120517
FR005593,0,0.004492846121923113
FR010222,0,0.005959575973993342
FR005208,0,0.0038294326315009342
FR015108,0,0.051814544395285766
FR000714,0,0.009194635245077073
FR016579,0,0.002897820760749199
FR014241,0,0.014388129916086104
FR003404,0,0.004274998291525449
FR012427,0,0.054160327443002365
FR010553,0,0.005172227305185353
FR015410,0,0.0033112703582811737
FR009383,0,0.00561030158132651
FR013861,0,0.007507678239413773
FR017375,0,0.008915665180235274
FR001748,0,0.0026042133886391406
FR015708,0,0.00417007172801448
FR017411,0,0.014279373419859834
FR011718,0,0.008835577929009708
FR004005,0,0.003998413956825484
FR008000,0,0.006291470858183576
FR006001,0,0.006112035076792866
FR012401,0,0.004615572186413348
FR019781,0,0.010478605187639047
FR017490,0,0.008943674510755825
FR008915,0,0.006414478094036673
FR019789,0,0.016803969218123608
FR016398,0,0.007220471661567351
FR015572,0,0.009767453104966349
FR006187,0,0.003644351040941679
FR012730,0,0.004542681695235289
FR006563,0,0.06307773123617631
FR010764,0,0.005747731402604066
FR017875,0,0.007891452992518923
FR003459,0,0.007066011177012307
FR016123,0,0.00501298254861796
FR015130,0,0.005314091905189361
FR009514,0,0.011631884416048217
FR001734,0,0.002296444655681572
FR002519,0,0.008412711882626248
FR013238,0,0.006734350895553396
FR009096,0,0.031342550292995285
FR010652,0,0.12292901052708453
FR011765,0,0.011576840226582221
FR012604,0,0.018183537494605512
FR012528,0,0.008158965414359719
FR014016,0,0.012315520652732776
FR013713,0,0.02698808242186193
FR008446,0,0.00957565767970128
FR002776,0,0.014459135490986383
FR007780,0,0.02749335443127542
FR013293,0,0.004640326716175713
FR000609,0,0.0029940085176526202
FR015792,0,0.012902988631635795
FR004175,0,0.023587510781322523
FR002606,0,0.007047378765161478
FR004611,0,0.0065333278388968715
FR005164,0,0.008573408263419473
FR000632,0,0.006569923766209088
FR000392,0,0.008593207893834373
FR012759,0,0.01868037403791641
FR017829,0,0.005264218113425697
FR019391,0,0.008965496594053053
FR007846,0,0.005128358728772501
FR007814,0,0.017675527489107248
FR018714,0,0.002653891910076062
FR007128,0,0.03262285134040655
FR018709,0,0.004760119232703883
FR015712,0,0.01083698506696664
FR010382,0,0.028128620924355863
FR007756,0,0.006612430408858574
FR019079,0,0.012400346633675395
FR002006,0,0.005582555662703176
FR001401,0,0.0029913058803209707
FR008302,0,0.00365611608555638
FR015003,0,0.004828820481955619
FR008503,0,0.005834841686616431
FR002392,0,0.0025662434430434745
FR005241,0,0.06574635918765918
FR009859,0,0.020875373177851663
FR013142,0,0.0074272483643517155
FR015732,0,0.014259382476911992
FR003522,0,0.005194885103737457
FR003851,0,0.004487762551406429
FR019657,0,0.017092133280293142
FR018393,0,0.012794150082096995
FR016890,0,0.00583837526211384
FR004369,0,0.013586839391253313
FR019880,0,0.016567195210668916
FR007771,0,0.009293237899682179
FR000122,0,0.002094017083009286
FR014342,0,0.01774444988811609
FR002499,0,0.04530231659662887
FR011253,0,0.027333277020772442
FR015728,0,0.020135958288454454
FR003596,0,0.004247685999174295
FR011717,0,0.004115988417681064
FR016553,0,0.010034239475148985
FR010001,0,0.008347619251293141
FR017725,0,0.03291065645234346
FR002926,0,0.005309664544774293
FR007291,0,0.01985220647755267
FR008515,0,0.008951922001510161
FR003218,0,0.0029970446451759963
FR015314,0,0.00031150234184208216
FR016793,0,0.06522831482518811
FR011567,0,0.014325189025009075
FR009250,0,0.003913248592643828
FR013770,0,0.00984416014518247
FR008793,0,0.003823792304432599
FR010370,0,0.00350563664493943
FR014231,0,0.007167686214026823
FR014615,0,0.006348405490801336
FR008131,0,0.002384939794708126
FR012506,0,0.0047719488805516045
FR000014,0,0.02409780937142812
FR008307,0,0.009068080705798941
FR002866,0,0.003326629524711274
FR012211,0,0.002374052040868331
FR002924,0,0.008357140479839318
FR018670,0,0.017438913821945328
FR006704,0,0.0296343535107715
FR002559,1,0.7825470452232915
FR018634,0,0.0031865051829660274
FR011449,0,0.021330012549870343
FR010071,0,0.008094579899010537
FR009191,0,0.018522360922420267
FR008584,0,0.009673301699530628
FR013320,0,0.0023857021731145483
FR018087,0,0.01681316676528957
FR011361,0,0.01892323992905622
FR010812,0,0.016304279570169066
FR002357,0,0.0033664086140991613
FR015480,0,0.008417087724999012
FR016518,0,0.008153841184460305
FR017605,0,0.011915982056067803
FR017044,0,0.019061447632615917
FR001622,0,0.003129132132185614
FR017993,0,0.02051446661777209
FR006554,0,0.023246753355696984
FR005450,0,0.0042701020292264516
FR014303,0,0.017645540276231202
FR018056,0,0.012014185321189336
FR014238,0,0.01667658805569878
FR006743,0,0.008240627817400042
FR017610,0,0.007661023545355414
FR005907,0,0.017232202474910543
FR015530,0,0.004709263383177085
FR008146,0,0.0036689140856869273
FR008470,0,0.01219549082932606
FR018730,0,0.008204957747819305
FR008316,0,0.014171078526885143
FR003142,0,0.025883825462609287
FR006793,0,0.01367413790521274
FR016656,0,0.004196941225473086
FR016264,0,0.033960854205347814
FR004756,0,0.026779630558309588
FR010158,0,0.0062808998900211604
FR014410,0,0.004925999482671081
FR007409,0,0.008844956178799655
FR011715,0,0.010084981686990534
FR011101,0,0.004982557437749912
FR008392,1,0.011748477779966604
FR019951,0,0.00904042781268017
FR007452,0,0.029596012506819678
FR012821,0,0.007384277104157971
FR012796,0,0.02458966434379963
FR014802,1,0.0049041187231636
FR019330,0,0.003953020144773995
FR004050,0,0.008486964498399753
FR013103,0,0.004159150187825579
FR008662,0,0.004064708494935015
FR019526,0,0.010378359125757502
FR001493,0,0.006162852539913905
FR006040,0,0.01287893667002783
FR013895,0,0.009658062842801447
FR006368,0,0.00809397533137567
FR011258,0,0.00818540796382418
FR007007,0,0.01121826638511976
FR011611,0,0.005288691850495517
FR008575,0,0.005536488093436942
FR000673,0,0.006068519061787159
FR014869,0,0.009685257457987123
FR013125,0,0.0057120827444375605
FR013495,0,0.004830021162049127
FR014479,0,0.0035956130405539184
FR003931,0,0.01041690087248584
FR003317,0,0.006552492702047444
FR012878,0,0.009009115388790165
FR015977,0,0.005872501533323419
FR007061,0,0.007988295972606752
FR003913,0,0.009146476785611424
FR010172,0,0.006929004123273491
FR009495,0,0.00947826508094571
FR001586,0,0.0050645329584827585
FR001259,0,0.004171890475685999
FR003000,0,0.006659109752534025
FR019022,0,0.0026542993210811835
FR000053,0,0.007464734156813928
FR014083,0,0.0056516619255845635
FR005620,0,0.04042534787354451
FR007245,0,0.004484923820953186
FR007905,0,0.008547400556588087
FR017904,1,0.006333531489668452
FR005617,0,0.022560538245502134
FR003943,0,0.004458100372725145
FR011954,0,0.0815943984642219
FR019834,0,0.009701328438082033
FR010166,0,0.013580622084956667
FR007367,0,0.0043916891748898785
FR007843,0,0.015547156243435117
FR014062,0,0.011965776329301986
FR015884,0,0.004987267224987873
FR011987,0,0.012648625923788707
FR012671,0,0.013973187054239758
FR019070,0,0.01879366483636512
FR017437,0,0.0055269792548861526
FR008902,0,0.006336513662596871
FR016880,0,0.013744982366702569
FR014394,0,0.006392495178308048
FR008231,0,0.003953027497589071
FR014716,0,0.00548770377201399
FR011863,0,0.07015833490828631
FR007946,0,0.004777713397283092
FR013063,0,0.009801698284796427
FR000859,0,0.003365068221664852
FR003493,1,0.004408323669391281
FR003972,0,0.008836670034487714
FR017894,0,0.0038165188005863104
FR000133,0,0.009734707579314246
FR013973,0,0.006056981894083443
FR004474,0,0.00899070348652013
FR000173,0,0.004599624244438753
FR009703,0,0.015114280143846304
FR016078,0,0.003642062442385677
FR009039,0,0.011408705273650297
FR014460,0,0.00272419273022978
FR008500,0,0.007390136081807982
FR014841,0,0.005098756568267088
FR005206,0,0.05235543961233352
FR005918,0,0.005925386166690835
FR001935,0,0.008536190114822569
FR009923,0,0.0063577566009495245
FR012755,0,0.004990072625282594
FR013772,0,0.01723964871185277
FR000259,0,0.015162397830416632
FR008965,0,0.005014696682641267
FR000351,0,0.007307297720314466
FR005141,0,0.019094413517672496
FR006245,0,0.004534531572699447
FR004721,0,0.0052272020066730235
FR017322,0,0.009570975083206066
FR003303,0,0.004333324239610056
FR017319,0,0.16477306261270294
FR012123,0,0.009135535658761419
FR016850,0,0.014916635815242744
FR018030,0,0.021420461373061514
FR000712,0,0.013715186579217017
FR006547,0,0.010685723121082388
FR002121,0,0.005158512033927558
FR016223,0,0.012773448349126283
FR008456,0,0.10320816718608888
FR007776,0,0.00767587519750984
FR018309,0,0.01111696112605984
FR016446,0,0.002990020573553074
FR018252,0,0.01809238055256726
FR006703,0,0.0020849781047090096
FR018239,0,0.009053688014598061
FR001540,0,0.0065934133679732
FR008160,0,0.004202785157499458
FR005904,0,0.008922842134309343
FR007834,0,0.01672741548709442
FR011187,0,0.005605470624821242
FR018859,0,0.006746488048102618
FR014465,0,0.02557504262266363
FR015520,0,0.003675656964258108
FR005888,0,0.008025395295391329
FR007822,0,0.007841079669255742
FR008565,0,0.004855026520624715
FR015896,0,0.009434410033527435
FR003990,0,0.005286309520870408
FR016405,0,0.006838101913666694
FR006138,0,0.0039499479805753055
FR010583,0,0.003624457113200766
FR001196,0,0.002650798785200618
FR019446,0,0.01590506142235331
FR011731,0,0.006348255080972382
FR009996,0,0.004889602483986577
FR006918,0,0.01662989521044962
FR019258,0,0.0068118283152559175
FR011421,0,0.004450954763201853
FR000662,0,0.004967792349099251
FR017127,0,0.012758629699642551
FR004072,0,0.015940870556639494
FR002105,0,0.004998887135049593
FR011725,0,0.011544475341363188
FR014406,0,0.004451955552084333
FR005883,0,0.008278800658287093
FR013642,0,0.005031618339684726
FR007913,0,0.0046797247455486815
FR019467,0,0.0036125954165268093
FR001390,0,0.052079279196546834
FR004659,0,0.011526619583668756
FR017415,0,0.014519462288011294
FR009626,0,0.004387882540789288
FR009719,0,0.010575354237961401
FR014720,0,0.007835230443130581
FR005040,0,0.004419957083827385
FR013217,0,0.029512708828425483
FR011404,0,0.007488304894564038
FR009214,0,0.007257817605964109
FR017565,0,0.004128151702740916
FR019349,0,0.004794933528093871
FR010020,0,0.007386028885578307
FR018307,0,0.0002289344442802661
FR013119,0,0.010676913968192004
FR008213,0,0.012841551332735754
FR017253,0,0.002226563959016773
FR018024,0,0.01090087519768377
FR011892,0,0.005688920149218915
FR008959,0,0.011829888267067287
FR008912,0,0.010348862939990397
FR006404,0,0.0058480058176907145
FR003319,0,0.006269040512658745
FR000403,0,0.005200283599789856
FR001415,0,0.011588734997363478
FR011384,0,0.007314286867443616
FR014954,0,0.012804798636464386
FR001030,0,0.004420462587031515
FR010305,0,0.009054676168496536
FR005287,0,0.010487008539859776
FR018292,0,0.007591228355530763
FR003663,0,0.014657605649072564
FR014251,0,0.00805843994635288
FR002078,0,0.02720219927212797
FR018162,0,0.00537517691986713
FR014591,0,0.0031745089166171584
FR005104,0,0.005073819739793863
FR017895,0,0.013198382242966232
FR013546,0,0.014615181161782814
FR011654,1,0.00964245136230773
FR013191,0,0.0166779371807609
FR003712,0,0.012464922890843744
FR005510,0,0.009356434662218404
FR018213,0,0.007374002450427977
FR009526,0,0.019969328432214946
FR016075,0,0.0069680533273912965
FR004438,0,0.016241952897125583
FR011394,0,0.019781293661524802
FR019236,0,0.0054202542080492785
FR010239,0,0.005105696013240378
FR016896,0,0.004447782604585967
FR008398,0,0.003972905429239291
FR017460,0,0.009723828392768205
FR010055,0,0.008992527195431794
FR003531,0,0.004152777536684465
FR005558,0,0.008232773625121835
FR003846,0,0.008208131167639516
FR010755,0,0.11821530198780329
FR012685,0,0.0056740572990890146
FR001574,0,0.008012502025248081
FR010276,0,0.0068587312690740225
FR004779,0,0.004878328846075824
FR008779,0,0.005225297908891355
FR000253,0,0.006694779209186351
FR004636,0,0.010501364890621348
FR006599,0,0.00765385585913658
FR013512,0,0.007397477579912674
FR016241,0,0.011917156483443556
FR006989,0,0.007060005930421113
FR001595,0,0.004170522294319725
FR001388,0,0.006101061310470321
FR003739,0,0.010089463792893182
FR010246,0,0.018433250188366727
FR002329,0,0.006410172106728823
FR011641,0,0.032305029784311684
FR009130,0,0.005514113721073125
FR012226,0,0.014891252959638354
FR018090,0,0.002177340006853657
FR001876,0,0.005397351040167
FR017573,0,0.014754313227463733
FR003346,0,0.003947155202594172
FR010620,0,0.017680369859535396
FR017412,0,0.0056671991846589526
FR015680,0,0.0108645669566042
FR015759,0,0.011183021756731451
FR003983,0,0.1322584418453865
FR001167,0,0.029169741047683186
FR001634,0,0.01433234890137052
FR002811,0,0.0024206658511773736
FR011801,0,0.005594397326440646
FR003872,0,0.0069108413555245725
FR018503,0,0.007196505678733547
FR014803,0,0.004754868544946191
FR005536,0,0.012930074589868354
FR015879,0,0.01252259301592349
FR003960,0,0.003974027285489858
FR008696,0,0.010856217093715585
FR019267,0,0.0033339601231592813
FR018649,0,0.008462258225018728
FR017954,0,0.019264016490605843
FR002379,0,0.012176906334265596
FR009540,0,0.05032798934502145
FR007068,0,0.006737987695419047
FR013623,0,0.003556511933468434
FR005228,0,0.004601045140636151
FR002467,0,0.00910173625364944
FR003138,0,0.004481082860055199
FR017064,0,0.014951137061051925
FR019481,0,0.004663917929853727
FR011018,0,0.009802212202259901
FR003828,0,0.004400141124420131
FR011172,0,0.003912086580652288
FR002476,0,0.012191452531265952
FR000327,0,0.013441446957098868
FR015656,0,0.006799895587148961
FR019371,0,0.009877638038240108
FR012090,0,0.005095855968389852
FR017664,0,0.0062189126576501575
FR007023,0,0.019322346490906965
FR018784,0,0.014463091337569513
FR014567,0,0.0038569009717592203
FR003090,0,0.0069491364466917225
FR017570,0,0.007195279996554996
FR008788,0,0.003638935208423899
FR010756,0,0.002436702583503362
FR013778,0,0.008980271490788566
FR002494,0,0.0129370815226957
FR006742,0,0.004443116389854143
FR009385,0,0.011480835031785154
FR015588,0,0.022166026666439288
FR003122,0,0.003535135222762714
FR012843,0,0.0036708944505399695
FR000652,0,0.011894190400466353
FR011058,0,0.006041478894818017
FR008266,0,0.005217335533164513
FR014478,0,0.0042316471473579885
FR005121,0,0.003866650462664657
FR000110,0,0.0026899995439257124
FR007740,0,0.00702844796257614
FR019572,0,0.0037102227914562976
FR012263,0,0.00557243738025914
FR017213,0,0.017872803129795934
FR016053,0,0.011356512026085902
FR015400,0,0.01902128895508014
FR007978,0,0.008629428369361666
FR014994,0,0.00796110343420369
FR003740,0,0.01203684060896701
FR009087,0,0.01858899227486115
FR016380,0,0.003947813117554247
FR004542,0,0.005382393015527239
FR013487,0,0.021099736133603973
FR000473,0,0.007380496845161874
FR008531,0,0.0022292989192692785
FR018790,0,0.007416504796679098
FR019112,0,0.0052668036794274
FR006789,0,0.04604863455447917
FR004136,0,0.006564782292587987
FR006805,0,0.013451689984086274
FR007150,0,0.006712381123794517
FR002508,0,0.003703817106007496
FR018349,0,0.004351720210543408
FR009070,0,0.00687027432477368
FR008646,0,0.05116649101933568
FR002242,0,0.049794168364464535
FR009270,0,0.003137936085337261
FR012497,0,0.00787368920280873
FR014708,0,0.01323516672124535
FR011468,0,0.008852978717956018
FR000353,0,0.008016743751648422
FR016427,0,0.007960208200505586
FR015609,0,0.010898921123092495
FR007477,0,0.09261719053589036
FR011751,0,0.004801832206205212
FR000463,0,0.0042593324595924876
FR002516,0,0.0033374824699393367
FR005310,0,0.007450178802623427
FR009100,0,0.23350342675729405
FR012713,0,0.0063169638969631054
FR001913,0,0.007404579105864028
FR009941,0,0.0036911336571843274
FR011924,0,0.006733950844186849
FR019661,0,0.0034459133239969093
FR002388,0,0.0025013618416324193
FR007918,0,0.00919899076461954
FR001810,0,0.003509997062592477
FR003213,0,0.009821298329157653
FR016028,0,0.006585085166233208
FR016916,0,0.002792508453345435
FR012639,0,0.011020039701386977
FR007097,0,0.02210798804808693
FR006095,0,0.029704769036271405
FR005684,0,0.003879417554219437
FR001264,0,0.006167764048944833
FR005502,0,0.017898792208037008
FR001235,0,0.016884365972455354
FR008443,0,0.010946620570132503
FR014873,0,0.006458590731795552
FR014871,0,0.013345041683317458
FR006355,0,0.005672059785247765
FR015253,0,0.004694125940988977
FR018988,0,0.011293390861951295
FR015052,0,0.011856210472269238
FR017465,0,0.0040555830492610655
FR013064,0,0.004537087568096571
FR008571,0,0.028536247047615388
FR008328,0,0.007566545258036847
FR013822,0,0.09266992974306022
FR012854,0,0.004253019212609909
FR016984,0,0.009505479907859755
FR014596,0,0.01137056399722705
FR000219,0,0.0069663931627374385
FR015834,0,0.005494003688783457
FR014793,0,0.03337564130088494
FR002212,0,0.014163167247507396
FR015804,0,0.023616233612004035
FR009608,0,0.00397114073615473
FR002739,0,0.003623481848731454
FR013181,0,0.004698949763712647
FR006505,0,0.011320374206632124
FR017084,0,0.014535876703265596
FR001033,0,0.002699757849202971
FR001166,0,0.009756816072895547
FR014271,0,0.11332436149301585
FR004179,0,0.0070269090855459805
FR015809,0,0.00667739639856233
FR015878,0,0.0036454159780370033
FR007323,0,0.030977037360255366
FR013938,0,0.004657589871487113
FR015761,0,0.009430374000411895
FR002455,0,0.0047547848154153
FR018074,0,0.01745004161355586
FR010752,0,0.008750253539549975
FR005084,0,0.0066897315452084495
FR015622,0,0.009692759578619897
FR011489,0,0.020293714257479143
FR006166,0,0.0034820166812275107
FR016550,0,0.00520504392601571
FR012582,0,0.010001248765959982
FR018268,0,0.009456248942147546
FR001094,0,0.0061397178279116145
FR014838,0,0.015487030231438088
FR019623,0,0.4168101076122601
FR009339,0,0.0045395420304099815
FR000185,0,0.027924591812500236
FR012317,0,0.013765192538202485
FR008711,0,0.01458299350968176
FR005940,0,0.007092296022012373
FR013633,0,0.01029902081494617
FR006178,0,0.0043690767663479855
FR005011,0,0.007669472141594476
FR019529,0,0.020244077207014724
FR004489,0,0.003164328289471009
FR009074,0,0.006737908094877978
FR004304,0,0.014479760001476208
FR018865,0,0.00294800732982988
FR000696,0,0.01006587033059001
FR018427,0,0.012071956494574097
FR002251,0,0.020607968059435634
FR000944,0,0.006672756125292421
FR000805,0,0.016001865679748137
FR005101,0,0.004385711922640388
FR015469,1,0.04913623088970006
FR013174,0,0.009562404376761036
FR012721,0,0.004402478379343967
FR005583,0,0.027037467290759825
FR004961,0,0.01279994461706826
FR015945,0,0.00607703542027365
FR009674,0,0.02058273270947245
FR017822,0,0.0022680056242213556
FR008705,0,0.007026078337890713
FR018950,0,0.010418068638883485
FR017673,0,0.020441183188236664
FR001968,0,0.047531710977823556
FR017406,0,0.011459842715719091
FR007410,0,0.008790206086604037
FR012036,0,0.0084865735754132
FR018137,0,0.020223205208369503
FR006841,0,0.005154136222626437
FR015605,0,0.01266311610459605
FR001228,0,0.01885639782942444
FR019492,0,0.012157522402065838
FR011374,0,0.004566535346454933
FR004075,0,0.016256876080769634
FR015182,0,0.00948042351905824
FR002217,0,0.007588160874063572
FR012660,0,0.001270289175717811
FR007435,0,0.016757943512947
FR019226,0,0.0071783368553968
FR003725,0,0.00540446716756877
FR019507,0,0.007306985007885659
FR019916,0,0.014607511883058033
FR003591,0,0.002677021934024545
FR005336,0,0.00529141968474733
FR012027,0,0.005014238825951517
FR013308,0,0.006146479873286322
FR014229,0,0.010663067667391791
FR005801,0,0.003892484639370515
FR019219,0,0.004493950508258035
FR018762,0,0.003336017371392967
FR005293,0,0.004961095805491027
FR018621,0,0.00025264546066543285
FR013272,0,0.01353793176656218
FR005616,0,0.008339921665814161
FR007569,0,0.015587200099117219
FR007730,0,0.010040991420072297
FR002445,0,0.007949959547122564
FR019479,0,0.010380974454251483
FR007770,0,0.0067884747622212185
FR016455,0,0.003348784270426909
FR007844,0,0.009080155820190937
FR016080,0,0.002896120405927472
FR007279,0,0.007561666068081843
FR004445,0,0.06681568335356793
FR009137,0,0.016946204315399588
FR019775,0,0.011308164390144981
FR006565,0,0.007313617157435012
FR016068,0,0.009900219400188794
FR002051,0,0.0040871399493765176
FR015928,0,0.009519998628539373
FR009132,0,0.01556530284563092
FR013703,0,0.0029648100822557122
FR004873,0,0.003503385727027243
FR010162,0,0.006668857161128441
FR001346,0,0.01561134683714358
FR001853,0,0.0023659845335825855
FR007870,0,0.03198378904872934
FR000570,0,0.0319776519015533
FR011417,0,0.004033177856443231
FR012012,0,0.006422417140568529
FR008052,0,0.01746251034264516
FR003790,0,0.01995119239969512
FR008812,0,0.005856306232374139
FR013388,0,0.0067210448453578825
FR016397,0,0.007361311109476621
FR010440,0,0.008544599953472879
FR017455,0,0.007237888940038656
FR008225,0,0.008779509226896472
FR005209,0,0.004726073766441107
FR015458,0,0.011601779898698825
FR015054,0,0.01353978723835759
FR017795,0,0.009516318079922734
FR011696,0,0.005854158751908345
FR006574,0,0.01228383439321105
FR019109,0,0.019458698893145745
FR006263,0,0.014637545547669018
FR011516,0,0.03911487059735133
FR013678,0,0.06513467512412305
FR017779,0,0.020000093878844757
FR009181,0,0.027986234931463405
FR015062,0,0.022473732311886537
FR019939,0,0.012740358995520349
FR008666,0,0.010089144825128096
FR002088,0,0.01341298998912928
FR015952,0,0.004309821565093328
FR011011,0,0.02412959224941194
FR017074,0,0.011883121371094069
FR018850,0,0.009121849612656061
FR015595,0,0.004660238848994372
FR011276,0,0.01430858296332306
FR003129,0,0.007388158844706119
FR006804,0,0.005518592583539578
FR009604,0,0.005454661494823584
FR014512,0,0.007836429837594744
FR001224,0,0.05240341010063304
FR012706,0,0.020136735177250606
FR011092,0,0.009950842399363292
FR006131,0,0.03516085731590121
FR005592,0,0.0034845717053726393
FR004829,0,0.005602627649047385
FR016381,0,0.0319458957764954
FR004272,0,0.01564162594162588
FR010636,0,0.006540471917924381
FR007184,0,0.0028309018961629735
FR019119,1,0.12141103405500892
FR004471,0,0.01113531688470148
FR014697,0,0.012705277573011332
FR014113,0,0.015475497972654453
FR006467,0,0.12797473409475216
FR019087,0,0.016331481839545067
FR008534,0,0.012389294696056362
FR001077,0,0.00307274891899648
FR006702,0,0.003972711073698316
FR017743,0,0.012949821573058707
FR014663,0,0.007316069077584769
FR003850,0,0.0025841508380467205
FR014655,0,0.013619860118169217
FR002998,0,0.011918212917845025
FR005818,0,0.025178472944766023
FR002325,0,0.00421567044590487
FR005802,0,0.008091827337971253
FR014578,0,0.04434867922904955
FR014939,0,0.009199104949462113
FR013221,0,0.005222743740154166
FR013603,0,0.006698644896910622
FR000684,0,0.010476145182012555
FR007992,0,0.0055734845149398235
FR019491,0,0.0019427217469209265
FR005294,0,0.020701641574103362
FR017226,0,0.005712798055839766
FR001838,0,0.0035432988188914614
FR015951,0,0.042983819230076
FR009049,0,0.028688328612732062
FR017396,0,0.007688084429292966
FR012757,0,0.006554877267050196
FR018922,0,0.011402832250965002
FR015243,0,0.0029693020159604535
FR007460,0,0.008894927179179273
FR011252,0,0.014133741017566469
FR013210,0,0.005432438020007362
FR012340,0,0.0036689801244304283
FR001863,0,0.05601580302101441
FR007808,0,0.007822239136304324
FR008176,0,0.009383477491326675
FR007686,0,0.0044659602425953585
FR017107,0,0.005451106723172277
FR013535,0,0.005787184416911097
FR015329,0,0.041002722876293855
FR019355,0,0.008263680491023592
FR000516,0,0.010519205860673416
FR011984,0,0.009901439302269806
FR016475,0,0.010914693952061488
FR005964,0,0.00323733676920732
FR013274,0,0.0056000842851072095
FR002593,0,0.06409206723604603
FR019516,0,0.04127728773065891
FR010721,0,0.007072005788481398
FR016977,0,0.011524967469852848
FR000818,1,0.016237939723925482
FR008494,0,0.004567984036658455
FR004585,0,0.005719141345873231
FR004694,0,0.029660346054377108
FR013992,0,0.014682266376258475
FR005761,0,0.0022832213726117216
FR009265,0,0.0328857983580834
FR016432,0,0.06326587686475328
FR010241,0,0.03452236678196203
FR015535,0,0.0041520195490458685
FR000162,0,0.0037482547300164448
FR002910,0,0.005726312287792298
FR005774,0,0.012382363718245295
FR011364,1,0.006026422903530734
FR006118,0,0.12420488961136832
FR015860,0,0.034265286957325176
FR009950,0,0.023440755728632207
FR006175,0,0.02103305784158511
FR013832,0,0.019872179425287382
FR006150,0,0.023204601020729854
FR014423,0,0.005011304481198863
FR017447,0,0.06039147063622131
FR005486,0,0.021266437753240247
FR003950,0,0.01143797167119219
FR002439,0,0.014125038522630093
FR017915,0,0.004167948451931512
FR002170,0,0.017013259662998204
FR003709,0,0.13288807033270467
FR002296,0,0.007232747728440309
FR010655,0,0.040158534290276826
FR012313,0,0.013706118531720398
FR012260,0,0.043114371620770496
FR005565,0,0.02051495856728869
FR009392,0,0.002535372167625559
FR012425,0,0.009793627596191498
FR001393,0,0.009662883905310232
FR018340,0,0.014911620318983842
FR010998,0,0.006505895705152879
FR019414,0,0.003776860714431314
FR017122,0,0.014300636821146481
FR013237,0,0.006318500747735478
FR008076,0,0.00905878387908469
FR013996,0,0.006792781002551724
FR013965,0,0.03505747731257516
FR005159,0,0.0028853211797440713
FR014011,0,0.006018574769981449
FR016277,0,0.007331633632296356
FR016009,0,0.009156342831250443
FR015460,0,0.007571807778932244
FR003602,0,0.016426320223280052
FR005460,0,0.009153025429537984
FR019091,0,0.0280891834486667
FR019506,0,0.007893268675719763
FR001017,0,0.006939666081006778
FR002236,0,0.05814624805146663
FR010981,0,0.005445326230825136
FR003729,0,0.009640682958575869
FR007922,0,0.011202464854346875
FR015766,0,0.006515977396359088
FR017383,0,0.002534643613140835
FR003187,0,0.0012719877477216854
FR016524,0,0.005470676574222194
FR009660,0,0.009470948498359824
FR017985,0,0.03598116563184543
FR002262,0,0.0028695983419641767
FR018007,0,0.005014911128750099
FR012984,0,0.07986064911964913
FR019088,0,0.007483118910654827
FR003562,0,0.004344148818834587
FR016779,0,0.02100870711908907
FR018532,0,0.006959136866150961
FR015328,0,0.004390387377603471
FR014862,0,0.01838915465295423
FR004782,0,0.0071883219040758005
FR009773,0,0.0022865165247616458
FR001702,1,0.06057644509178565
FR005152,0,0.004692252925880024
FR010920,0,0.009463515394207441
FR015295,0,0.013108406403849566
FR019614,0,0.022450613042871315
FR004772,0,0.011959479485732227
FR010719,0,0.004284949967094814
FR004992,0,0.0036108425188676615
FR016869,0,0.02237802025506752
FR011303,0,0.004900893204340326
FR018656,0,0.016043981812125175
FR013650,0,0.008666710864347777
FR010077,0,0.011593336849180872
FR011931,0,0.00651534094858075
FR015597,0,0.0037942306860866627
FR012677,0,0.014841130202664322
FR012610,0,0.051817018031013594
FR003667,0,0.008514598104727442
FR011412,0,0.004980680501848006
FR012729,0,0.0057522676831677595
FR014250,0,0.006611574163904188
FR001771,0,0.01081801343925877
FR009730,0,0.0059746510464849766
FR001333,0,0.016316180058541064
FR018543,0,0.00038547886679768053
FR007693,0,0.005403083638333817
FR015134,0,0.015916738947743505
FR000134,0,0.005481841982118805
FR019719,0,0.0025736932688637747
FR001165,0,0.004126448387492115
FR019266,0,0.004571321472043906
FR002008,0,0.005593243042242255
FR015133,0,0.006334479303542665
FR002228,0,0.006107674486094328
FR000128,0,0.021711523126556054
FR002656,0,0.0035310646396021195
FR015175,0,0.017212779484241162
FR000227,0,0.0048594497635371025
FR013621,0,0.006952524146434112
FR006606,0,0.006644090555554249
FR005263,0,0.03666937113973642
FR006170,0,0.018769289030455938
FR004549,0,0.020812928179922776
FR000493,0,0.005894751519727295
FR017418,0,0.005216462420988684
FR007199,1,0.02994207864259449
FR005685,0,0.003570792421642609
FR019733,0,0.00358166152726133
FR003681,0,0.006705381849782796
FR003674,0,0.0002696832833273388
FR017746,0,0.033779303542206186
FR002726,0,0.020808095717345966
FR016806,0,0.008234121188093297
FR003657,0,0.01544684050822838
FR019583,0,0.005202954558592623
FR016374,0,0.003312632552102365
FR016747,0,0.017906364705520813
FR012740,0,0.006185300577172133
FR011973,0,0.019041456950727547
FR014367,0,0.0034495405607751217
FR017391,0,0.008926540217005908
FR001240,0,0.04166809048574118
FR005428,0,0.004814062226304622
FR019589,0,0.0030093593059636776
FR019160,0,0.004692274128382729
FR005948,0,0.01265311114119372
FR005648,0,0.014441908668348824
FR003401,0,0.0063785236662129525
FR014069,0,0.00676068452188051
FR008168,0,0.005187427835612264
FR001025,0,0.01443330639444166
FR009952,0,0.004241716911272221
FR014212,0,0.0035127162227053623
FR007165,0,0.00873200144698875
FR006090,0,0.056577888276945966
FR008761,0,0.004618991424017803
FR010430,0,0.03444489816779097
FR004037,0,0.0039638825851310774
FR002013,0,0.0066723966461285636
FR008186,0,0.020224260373554497
FR003761,0,0.011721717351361663
FR011379,0,0.009605523926451035
FR011929,0,0.007908637349759055
FR007348,0,0.006509462204601496
FR001985,0,0.004195737619382454
FR011476,0,0.027497084420866198
FR016983,0,0.010146917420989632
FR013749,0,0.10883145556229841
FR001660,0,0.005672213380896141
FR000017,0,0.062402974467143685
FR002659,0,0.0029869733246715925
FR003766,0,0.004378153913146661
FR008547,0,0.006954020969323037
FR015381,0,0.007728211885087894
FR011203,0,0.005217181952868075
FR005146,0,0.008753703436992373
FR016567,0,0.002445625959355542
FR010476,0,0.003872102148677692
FR009103,0,0.005829520279443628
FR009144,0,0.0062598411213836995
FR004082,0,0.006010300682691445
FR007439,0,0.012123985076659911
FR006993,0,0.005607516133862528
FR018638,0,0.004382088301673423
FR009575,0,0.011806646089847035
FR016323,0,0.015948767909601074
FR007817,0,0.0172519734652159
FR003769,0,0.004783129979745783
FR014649,0,0.018921606029475357
FR012216,0,0.0065279415662972025
FR006194,0,0.004325015336012191
FR016742,0,0.0029131257597219858
FR003442,0,0.003326020689749675
FR014770,0,0.005733038139958166
FR018689,0,0.007224471205583415
FR009562,0,0.006379632630403305
FR006129,0,0.012912108442090425
FR016122,0,0.0048829653645553845
FR013853,0,0.6925468053730118
FR002103,0,0.009647237077742182
FR007826,0,0.008235952278696371
FR014804,0,0.005627646484854559
FR009329,0,0.00566733036325143
FR017030,0,0.005963775525230033
FR019680,0,0.0074279486989703965
FR012173,0,0.005757030864091656
FR010052,0,0.031395315067837236
FR015811,0,0.005441874945230904
FR005935,0,0.004560457226458838
FR017566,0,0.0037945025061728505
FR000628,0,0.008109127234420881
FR014666,0,0.004289245577752245
FR017975,0,0.003968635364867912
FR008527,0,0.00981580627469194
FR014898,0,0.005420209080621537
FR019918,0,0.006601446838473849
FR006749,0,0.005228740481642499
FR015891,0,0.01050921650483807
FR007273,0,0.019402111235843303
FR009797,0,0.0076818509778718005
FR017600,0,0.026580354767169117
FR005190,0,0.003972412748000469
FR019482,0,0.05724195905794713
FR000536,0,0.004052252327153658
FR007125,0,0.018779362191059027
FR017827,0,0.004975962074189447
FR002781,0,0.006270288504951608
FR006398,0,0.00528455671666873
FR017712,0,0.044908340126256406
FR009968,0,0.0068214421088108506
FR019700,0,0.009922217036539864
FR010195,0,0.01670138944802516
FR016287,0,0.005756406532901866
FR000191,0,0.01894814667914692
FR002243,0,0.007428925545002338
FR014052,0,0.01463678902796535
FR018982,0,0.010047570604070332
FR017802,0,0.04559313827476913
FR013563,0,0.01457782027996028
FR002617,0,0.006435434158754969
FR003198,0,0.021874679911164346
FR019932,0,0.0026731386197776184
FR010274,0,0.003690901159115034
FR017366,0,0.006657525548633109
FR018060,0,0.009768288688212765
FR011777,0,0.008069191962870446
FR010878,0,0.007354023266672655
FR008165,0,0.005553531894046494
FR000627,0,0.013329504395607657
FR006609,0,0.041788631563495805
FR016588,0,0.008003080571287962
FR001330,0,0.017597317499490363
FR002420,0,0.010524734952511834
FR002081,0,0.022778918325005504
FR004802,0,0.025604293337757905
FR008632,0,0.025042038410592007
FR010699,0,0.0153445800781028
FR013744,0,0.014801289139595589
FR002546,0,0.007249308552725893
FR017723,0,0.01832933016016033
FR014588,0,0.009604505811323667
FR003933,0,0.011554704785100107
FR002034,0,0.009476279861560837
FR011684,0,0.004948195314804979
FR018738,0,0.00320767620777627
FR015299,0,0.015689787873432462
FR006734,0,0.008840217471291071
FR018847,0,0.01901671428916187
FR003896,0,0.005229228095827103
FR000619,0,0.006692861489936256
FR005091,0,0.00466108192090228
FR008451,0,0.005916896230177027
FR015788,0,0.0035288533186981913
FR019436,0,0.007909806055572226
FR013121,0,0.014661747746412537
FR019590,0,0.007708699728757091
FR002278,0,0.012829356957126498
FR007797,0,0.024879441737251536
FR009419,0,0.0007529089209140852
FR019193,0,0.02593886607210383
FR011737,0,0.02852618233395843
FR006389,0,0.004132616919455039
FR014693,0,0.004259243805293726
FR009684,0,0.028860510410135116
FR005680,0,0.004530022191614435
FR014664,0,0.0790668510904368
FR019559,0,0.0015804887945356642
FR017170,1,0.003095721765346539
FR016844,0,0.005850700850218684
FR014529,0,0.006006908754678907
FR017858,0,0.018617037883862275
FR014498,0,0.015526218400246561
FR012257,0,0.010594874074193269
FR016886,0,0.008460308525678535
FR015422,0,0.01132981111176599
FR000592,0,0.008446350263075447
FR003212,0,0.008395584036505832
FR011635,0,0.005793444996615081
FR003742,0,0.005560584145928302
FR008051,0,0.004504197354006887
FR012996,0,0.007003268063494103
FR001746,0,0.10234193041696103
FR008089,0,0.0034477791478753615
FR004763,0,0.005064669505312493
FR003565,0,0.005210689365085119
FR016662,0,0.015270269447601714
FR019493,0,0.007839243996499266
FR015770,0,0.010499301833769256
FR017103,0,0.03293421609067992
FR010283,0,0.0064808600084935815
FR007137,1,0.019808735232776452
FR007793,0,0.004617048012537613
FR010782,0,0.004058216042768885
FR019361,0,0.028175141378580487
FR003968,0,0.02425049863039142
FR014075,0,0.033678988079582806
FR003324,0,0.0024376648133439954
FR015643,0,0.004409402245736997
FR011687,0,0.015202735498938242
FR007126,0,0.01898828304911722
FR003144,0,0.003933869798593448
FR015185,0,0.010116499723960165
FR004692,0,0.01874655965736555
FR012718,0,0.005048351278259622
FR018020,0,0.0031579772914469366
FR013353,0,0.019193571308109614
FR015718,0,0.003816223850992418
FR011180,0,0.0032006265231885483
FR002161,0,0.02255126273407461
FR009765,0,0.002331837780402208
FR002853,0,0.01094106853003971
FR016951,0,0.005898530993811481
FR008676,0,0.012806881096396829
FR010148,1,0.006265654429528036
FR019853,1,0.12582625099181097
FR004071,0,0.014485912913209322
FR009407,0,0.006952211016261339
FR019891,0,0.04665738631633919
FR014180,1,0.004252127094179836
FR019996,0,0.008983798319508123
FR009017,0,0.008312807385932881
FR016230,0,0.0037225151621722193
FR010747,0,0.028219295720311576
FR016801,0,0.011656605727318586
FR000548,0,0.17984922779109846
FR003097,0,0.0030733918120336625
FR012536,0,0.01925425151928248
FR005385,0,0.005494154199987213
FR015038,0,0.010529114961124929
FR006938,0,0.0028078298890387107
FR007109,0,0.0037178088366450375
FR019039,0,0.003561084652945669
FR003247,0,0.0059230976172228835
FR013953,0,0.005153392807061813
FR001338,0,0.017447363697665075
FR012826,0,0.005367363382997251
FR008037,0,0.0053253671935063
FR015125,0,0.015822504027185453
FR011736,0,0.013721494025854854
FR007498,0,0.04296080800755419
FR008980,0,0.009046033836566056
FR019593,0,0.0007669898280575094
FR006071,0,0.027475790349430266
FR008566,0,0.006050668804081882
FR019971,0,0.009007781331433033
FR007210,0,0.006012139993265046
FR014107,0,0.015264597651995554
FR018674,0,0.009094347788884486
FR002733,0,0.018147305259585293
FR010441,0,0.010178432610885345
FR019483,0,0.004988499887705783
FR017548,0,0.014624311411865348
FR013640,0,0.007847244692934779
FR010387,0,0.011089816790162148
FR019259,0,0.06173279352343982
FR010259,0,0.003959471098467247
FR010130,0,0.011169539662373204
FR002888,0,0.025231105995060926
FR008171,0,0.014423504063535923
FR005479,0,0.005541550720269645
FR003223,0,0.01027826934342021
FR002740,0,0.014689724178944963
FR001806,0,0.03638823996263862
FR013725,0,0.01537740209330816
FR000634,0,0.003859136604341022
FR009150,0,0.002256730154130594
FR010347,0,0.01814652246669018
FR016347,0,0.007898827345339572
FR007915,0,0.007412460919438253
FR012619,0,0.010669980115759944
FR018805,0,0.007417066148987933
FR006590,0,0.00438193261129621
FR001911,0,0.0053965678239800705
FR003067,0,0.003344997771479693
FR016971,0,0.011662999472356146
FR013474,0,0.01348691506643604
FR001903,0,0.018778869737201036
FR017938,0,0.005546294445868874
FR018727,0,0.00859843055741145
FR012770,0,0.3463259389840165
FR018693,0,0.006606325844470219
FR012985,0,0.025478265018393537
FR017905,0,0.005701573465292467
FR019399,0,0.06103581468722021
FR002284,0,0.010460460115458417
FR000220,0,0.0065921342730002165
FR002348,0,0.024362404039825074
FR003995,0,0.00459538488957971
FR000581,0,0.033019037000639594
FR019861,0,0.005244799899796805
FR011073,0,0.02341955863691632
FR012182,0,0.004241523084827759
FR014985,0,0.003895006933677888
FR012787,0,0.018259712343876567
FR012765,0,0.021858504319929962
FR019762,0,0.02246389102522728
FR007963,0,0.08693661866497031
FR012315,0,0.004496081810009426
FR014058,0,0.004451186780646504
FR019862,0,0.010686378801364284
FR012884,0,0.009269266779480317
FR004661,0,0.03545352652466389
FR002308,0,0.003584418123852816
FR001502,0,0.0031642878125434
FR015029,0,0.007257028194420675
FR007281,0,0.004150030189916211
FR009718,0,0.02339162531599448
FR009902,0,0.006319387535865165
FR015514,0,0.005592540361989622
FR019021,0,0.011920455493912746
FR004924,1,0.7189168285239788
FR007034,0,0.009775838816400949
FR007631,0,0.01352903615462372
FR012812,0,0.005464868604607061
FR004907,0,0.023762023675552715
FR015565,0,0.006842466713914762
FR004697,0,0.003978116084592612
FR015104,0,0.0034947224315424207
FR000296,0,0.0038612793590742937
FR003589,0,0.06507909497634197
FR019085,0,0.003616170097368127
FR012083,0,0.023412051007079424
FR006307,0,0.006733756347485743
FR004010,0,0.004600848005811692
FR015341,0,0.003492748597043977
FR011837,0,0.026281195753507073
FR015943,0,0.00730104066349703
FR005853,0,0.004302207199318546
FR011472,0,0.012005582468025177
FR005694,0,0.005352359517401889
FR001384,0,0.004316182118426755
FR010371,0,0.005330790525891453
FR003815,0,0.003117818429488427
FR018611,0,0.010637388798585862
FR015049,0,0.037187569396395025
FR004556,0,0.03922803668029357
FR016291,0,0.02371667188658023
FR006765,0,0.006504775204603593
FR001522,0,0.03513562901037036
FR011645,0,0.021067493522524707
FR012742,0,0.047455363582969444
FR008190,0,0.0021735752065138295
FR005929,0,0.006335459929470034
FR008305,0,0.008435189792044419
FR001851,0,0.006931958013240657
FR014710,0,0.012292684563183331
FR015738,0,0.004056093614529112
FR003852,0,0.0038335033652162134
FR004435,0,0.008430279116132592
FR003325,0,0.006080712929107233
FR001106,0,0.05060068450355626
FR011234,0,0.007709799551086316
FR000143,0,0.007535861587291702
FR013686,0,0.004105176110786631
FR002907,0,0.015045176867857843
FR002536,0,0.016434519985611393
FR010646,0,0.004338268526425451
FR002302,0,0.006798082920067421
FR005231,0,0.03421707166918077
FR018106,1,0.07329177938173387
FR015948,0,0.038626798637700105
FR015094,0,0.005596286675526127
FR001426,0,0.004471677649613852
FR018251,0,0.005446415439623031
FR016104,0,0.011105695076503113
FR009565,0,0.007365257501812041
FR017923,0,0.042754077378329834
FR004840,0,0.004922500311492266
FR016064,0,0.014227788275147722
FR016542,0,0.003618251278446448
FR002804,0,0.007621086928505968
FR009887,0,0.06964599543335932
FR019633,0,0.01661888919257941
FR003194,0,0.026887928949667374
FR000689,0,0.004564967796406476
FR016932,0,0.018551423567079808
FR003886,0,0.002600782529780514
FR013602,0,0.005196166841720373
FR010865,0,0.02152771832657113
FR016576,0,0.006175553124465977
FR014961,0,0.016515532901210085
FR003765,0,0.003336044043936786
FR005545,0,0.007202203921818051
FR011532,0,0.2090538332490923
FR017001,0,0.005195178927050555
FR009708,0,0.02128770262519067
FR012270,0,0.010068368336403481
FR003361,0,0.00806447755791944
FR001361,0,0.004349652049940513
FR008777,0,0.0049415591241696545
FR012514,0,0.006808813008885062
FR001551,0,0.022701135987692984
FR000731,0,0.00441236090893696
FR019068,0,0.0020915182940038275
FR000830,0,0.0070861296375612295
FR014057,0,0.006735865415281303
FR016220,0,0.01474647597039548
FR017674,0,0.009011494517924762
FR003162,0,0.021399783622044238
FR004525,0,0.003995842150773413
FR009375,0,0.006202857833439874
FR010567,0,0.019602165393446797
FR014339,0,0.011443004041518478
FR012054,0,0.015854404637931054
FR012515,0,0.04340405048906918
FR011797,0,0.024100387453161527
FR008831,0,0.0052842760654289375
FR010288,0,0.0032194235088954487
FR008069,0,0.0038985112464365083
FR015726,0,0.0052436916872805744
FR005481,0,0.004276306418114765
FR018943,0,0.023546383757532725
FR000033,0,0.008011874609772611
FR017798,0,0.013381250715260647
FR018969,0,0.011583264293238152
FR014931,0,0.0021372983403946592
FR019363,0,0.0052178601560995885
FR017051,0,0.02378828824619145
FR019162,1,0.029407436787047492
FR005139,0,0.004915680886807221
FR009316,0,0.04056540617792893
FR016007,0,0.00552112159793337
FR015649,0,0.005351967293731189
FR016884,0,0.0056304231717038515
FR015694,0,0.007095591606410243
FR014521,0,0.004913658647031299
FR003085,0,0.010168916084428464
FR000487,0,0.005424861916533009
FR016476,0,0.014079015152864768
FR016473,0,0.0021220648492515774
FR000826,0,0.009172022951837963
FR010268,0,0.004826852272090042
FR010767,0,0.00472838689190122
FR001921,0,0.01902410255035744
FR017261,0,0.003157449021076558
FR010687,0,0.01519406672121506
FR017335,0,0.00885850664070246
FR017149,0,0.00839993869341358
FR016283,0,0.0034449812261659065
FR015805,0,0.0038921160778068718
FR010945,0,0.006769112702670092
FR019374,0,0.002423561651961231
FR002743,0,0.003962823251187081
FR002123,0,0.014785560544091072
FR015374,0,0.021033794357622395
FR011534,0,0.033733379543577836
FR012278,0,0.004301146924057044
FR009584,0,0.051971966330961315
FR018906,0,0.024430316352982085
FR010632,0,0.02726272492497091
FR016813,0,0.00425561438733545
FR011980,0,0.008695354949015096
FR013787,0,0.03531349825620956
FR001559,0,0.008162766443387483
FR000887,0,0.004597572162430567
FR000440,0,0.05428126853898987
FR009145,0,0.008987500426747279
FR015558,0,0.02023085818511026
FR002666,0,0.06523731094928442
FR000905,0,0.00704422690504727
FR000102,0,0.005273778959836404
FR014187,0,0.013950533178601345
FR003440,0,0.036551955713343055
FR008908,0,0.0030539333951217495
FR004191,0,0.04159002431983951
FR002323,0,0.128992099114883
FR017907,0,0.005971356086249994
FR017703,0,0.030797070652137177
FR012499,0,0.0050753599036161045
FR017291,0,0.007077151662138234
FR010414,0,0.009533642434358188
FR010132,0,0.003731954924604029
FR009366,0,0.005062496508042303
FR019787,0,0.02916845258431634
FR007446,0,0.009813247225613332
FR004147,0,0.011741514527733003
FR010364,0,0.03908919694135502
FR002918,0,0.013318058880542901
FR005360,0,0.03234143218865537
FR012052,0,0.00856916614496007
FR003568,0,0.003609928326605517
FR010196,0,0.007077390054620373
FR008087,0,0.011292043151992179
FR003894,0,0.009760252330686284
FR014796,0,0.00608590553507743
FR019075,0,0.003819672466374999
FR018264,0,0.004578062233557368
FR006494,0,0.0050946178497046
FR014386,0,0.0430957044787982
FR014644,0,0.005610685198550538
FR005315,0,0.11359353880834731
FR017007,0,0.006055451094076607
FR017643,0,0.016030447928001127
FR014999,0,0.004370430154513969
FR012566,0,0.020520240245121512
FR005676,0,0.004191377208439837
FR000937,0,0.009686130320748844
FR017968,0,0.010020582334009294
FR016483,0,0.014757203809997553
FR009434,0,0.0038320554783726475
FR008932,0,0.01164098731828013
FR005671,0,0.01069664722880727
FR009387,0,0.006065521056170887
FR003530,0,0.0033453499229708513
FR015236,0,0.009647809789884351
FR015819,0,0.0028273452479613084
FR000466,0,0.0036106572821543656
FR018968,0,0.005904882078590204
FR019095,0,0.02004675871755972
FR012151,0,0.0015410566006088672
FR018441,0,0.002200736588444773
FR002822,0,0.00778744360733705
FR017521,0,0.003954045750092078
FR012676,0,0.0040508169161059945
FR006549,0,0.042565886170395195
FR017198,0,0.002580994786048046
FR012142,0,0.02716599157316291
FR008602,0,0.005758585881755548
FR011791,0,0.023250356559425703
FR008024,0,0.13344203914086097
FR014255,0,0.0053812182590787195
FR013657,0,0.046244046817830085
FR003519,0,0.004924374608143865
FR010480,0,0.004545878460663536
FR012791,0,0.012962418142519522
FR007462,0,0.0075993370261085895
FR009917,0,0.02826955595534096
FR011657,0,0.02131296470258544
FR013305,0,0.014731206916689813
FR002507,0,0.003855649176619199
FR014312,0,0.014045826013218896
FR000010,0,0.016214382629500753
FR002608,0,0.003338404234400549
FR011414,0,0.04847414958618845
FR017848,0,0.020760476104979646
FR001427,0,0.009247964116778523
FR001677,0,0.0037898858857408086
FR014329,0,0.00987750760598156
FR010194,0,0.03272000751098379
FR017969,0,0.009682027917230683
FR004634,0,0.007197227689687655
FR016636,0,0.003109192364441978
FR000491,0,0.005130547547189424
FR016257,0,0.003607559624097537
FR018223,0,0.018992244744020313
FR011171,0,0.016408305393480496
FR001042,0,0.013213843256155667
FR015696,0,0.005027032174980882
FR017452,0,0.0047544739800998645
FR007725,0,0.002594342103863212
FR012792,0,0.014084956732894163
FR005127,0,0.0305134454041817
FR012459,0,0.011027294375279696
FR007911,0,0.007173339852780289
FR010203,0,0.004190962622685843
FR014858,0,0.0041562094803305446
FR014096,0,0.022151506732920198
FR003777,0,0.014368053553367318
FR007951,0,0.003987932320354894
FR001238,0,0.004962730657973223
FR000372,0,0.0037424386736218535
FR009927,0,0.0031917372212037676
FR010909,0,0.019768806458650014
FR007696,0,0.023693975695192413
FR002196,0,0.002905756414761712
FR012643,0,0.013085466838299961
FR017957,0,0.01504825136495123
FR007617,0,0.0037799017395592667
FR002544,0,0.003255400470173121
FR004311,0,0.004368496852771246
FR006233,0,0.006111581207608495
FR010580,0,0.0066060837418953485
FR008863,0,0.013377127426621593
FR019671,0,0.011113470499889344
FR018684,0,0.1334663643491689
FR019844,0,0.0059534296052021485
FR013120,0,0.007463808459379956
FR014679,0,0.006014284126278059
FR004335,0,0.02005851235565057
FR016218,0,0.004450796479740189
FR015363,0,0.03139516143923096
FR019704,0,0.005139352155097367
FR003479,0,0.021851900276937467
FR003611,0,0.002981708715318745
FR003944,0,0.005749975647172311
FR007239,0,0.0196261000477457
FR003600,0,0.005733607062018986
FR015093,0,0.00800678608148927
FR001275,0,0.010563096668479524
FR000319,0,0.011137704905540753
FR000885,0,0.008273661202917768
FR018601,0,0.004715490392102343
FR001614,0,0.007860207963855016
FR015577,0,0.004166255678943225
FR002994,0,0.0819022165647753
FR004121,0,0.0089554750679699
FR012037,0,0.011035625386813006
FR019246,0,0.010431520368906941
FR016722,0,0.0033053916816412243
FR015336,0,0.004722145440713547
FR000437,0,0.00892762409831739
FR017099,0,0.025330889135916346
FR005318,0,0.006594936445201094
FR007417,0,0.00496281641202329
FR019822,0,0.0055295962656779635
FR014164,0,0.005510964762939576
FR011020,0,0.004785150918016048
FR011433,0,0.010217384258508494
FR001079,0,0.02575468392288852
FR018946,0,0.024587633842128986
FR000332,0,0.06351209250968541
FR019573,0,0.00287068031078221
FR001608,0,0.021081943636222688
FR008726,0,0.003975408055632993
FR006892,0,0.015969606719179335
FR001685,0,0.020327550187312655
FR001840,0,0.0050492705150742175
FR012656,0,0.0038678783655827463
FR001494,0,0.00870840167810189
FR001868,0,0.01712802537667393
FR019693,0,0.006454151797217606
FR017617,0,0.0036744310796615414
FR016120,0,0.007040110738196018
FR006428,0,0.011815785229144844
FR015479,0,0.00641433367504696
FR014477,0,0.006028611334859167
FR003976,0,0.05897782991412987
FR005099,0,0.004523317042738795
FR008991,0,0.005009365232637438
FR003755,0,0.005220705282971292
FR014114,0,0.00475224281913698
FR000527,0,0.09785695705937837
FR018335,0,0.0030472873003122582
FR016981,0,0.010466225074373099
FR007593,0,0.00989288238681794
FR015856,0,0.003546825616210992
FR001912,0,0.0028176678912491485
FR003343,0,0.004904932335785869
FR018377,0,0.0031666071575070596
FR005401,0,0.11714476930126229
FR002589,0,0.0037046086856271543
FR014345,0,0.049538258517823876
FR006275,0,0.177350879967452
FR011459,0,0.011560762074075448
FR003047,0,0.003910920474177266
FR000580,0,0.006768954706341292
FR012679,0,0.03602169618733356
FR011437,0,0.03924024135922587
FR004573,0,0.005278038476885075
FR018290,0,0.01903916235062771
FR011392,0,0.040850457229899995
FR004515,0,0.0087581017497899
FR013630,0,0.008044768083741674
FR019057,0,0.0060003855310133405
FR003311,0,0.002649069374650899
FR006992,0,0.0066407620123417185
FR010136,0,0.008442741507860877
FR011855,0,0.03669828384014918
FR017734,0,0.03957322557414414
FR015482,0,0.002208494277728327
FR004020,0,0.009043575652303982
FR000271,0,0.006560555484050321
FR000645,0,0.027071375357022854
FR010317,0,0.007747172807447639
FR003424,0,0.005012723498645941
FR016158,0,0.014454457239189367
FR003946,0,0.0064110182971940525
FR012168,0,0.007077307105443409
FR004124,0,0.015706869459024123
FR019570,0,0.005451563133026705
FR019390,0,0.003548168813246648
FR005350,0,0.02834337167184289
FR000703,0,0.02025127955259851
FR002882,0,0.0055005670268933595
FR014902,0,0.01115715545916778
FR015802,0,0.005663188170744553
FR009644,0,0.03626979920826867
FR011638,0,0.010751769834823942
FR016591,0,0.0038824594450611503
FR012325,0,0.005839705770306659
FR008654,0,0.042854706406239756
FR005075,0,0.015063473033137183
FR004389,0,0.005360379438365301
FR003835,0,0.0071355592553039695
FR009823,0,0.00772959808360613
FR001823,0,0.0037621095103021022
FR003456,0,0.003728412538164758
FR016967,0,0.005462402942170134
FR001741,0,0.009242368941619249
FR012491,0,0.005444258132347233
FR002850,0,0.003432088786695995
FR010316,0,0.0054620725298419005
FR004675,1,0.04303174958104949
FR006048,0,0.010904132123316847
FR001407,0,0.007009720435142965
FR013670,0,0.007565503345999545
FR018602,0,0.0031659092667846015
FR010804,0,0.00976644811203624
FR003312,0,0.03598992461694059
FR008702,0,0.012489392593612902
FR002755,0,0.016575638824214076
FR010154,0,0.0027959408752598817
FR014982,0,0.06034119513087254
FR011228,0,0.03357760536345059
FR012029,0,0.00383413027579899
FR000390,0,0.016269093644251834
FR002869,0,0.018847067273341803
FR014316,0,0.004719452915979384
FR012028,0,0.00682786889115691
FR014059,0,0.009147729523225047
FR009127,0,0.05061639979289895
FR005028,0,0.028360526205145575
FR009195,0,0.008794579292549407
FR005172,0,0.0026442679216208812
FR016929,0,0.05460502155699851
FR002633,0,0.003962953672293233
FR008811,0,0.0050988075681048005
FR009971,0,0.007762457088687333
FR018357,0,0.0075698904667283
FR008690,0,0.008192626978114964
FR017169,0,0.01513271035197914
FR019262,0,0.009235138864663954
FR019840,0,0.008963875293866037
FR012041,0,0.03193743090080995
FR007535,0,0.0034784602532123344
FR003080,0,0.014850906585257765
FR019873,0,0.005180546403727611
FR017141,0,0.028698589761655447
FR002745,1,0.03811458874111209
FR013764,0,0.02390156439436623
FR014060,0,0.06160753324214991
FR009784,0,0.00727074162078873
FR009682,0,0.011208660227928635
FR009209,0,0.005741953103271874
FR012358,0,0.0037680573479369392
FR005797,0,0.006324155104608182
FR005511,0,0.008632782591573414
FR012806,0,0.024214484315687502
FR012951,0,0.01253311700922638
FR019418,0,0.003748355569662579
FR013109,0,0.0048416286784525074
FR004988,0,0.023575898330100768
FR001567,0,0.008105488596245556
FR001669,0,0.004259402539651367
FR005043,0,0.004544300539084371
FR005990,0,0.00806230745491073
FR018757,0,0.005048429433583808
FR008519,0,0.0052207192134728665
FR017787,0,0.00642867570971247
FR010588,0,0.0046281893770689165
FR003993,0,0.010586743222466319
FR007579,0,0.0123635098230917
FR014889,0,0.012929515341192311
FR010355,0,0.007404846552285511
FR008691,0,0.0043690044523504905
FR003781,0,0.11926393534764618
FR018376,0,0.0031448800236145874
FR018677,0,0.013190796404557578
FR019967,0,0.00953455327145157
FR004954,0,0.0096258476703572
FR011334,1,0.1918063020016096
FR007197,0,0.01617701330948593
FR013836,0,0.010933972954198711
FR008523,0,0.017116725017708556
FR003439,0,0.030287421337206386
FR002710,0,0.0032573609985818218
FR019560,0,0.004554637322869536
FR017965,0,0.005333907960844322
FR014815,0,0.028356582059600486
FR018008,0,0.014565927604085323
FR019260,0,0.02307377105483562
FR016255,0,0.012804318198077725
FR007584,0,0.006541113527536221
FR001420,0,0.006796911692746599
FR014264,0,0.010044348870073355
FR016701,0,0.01918060886407777
FR017651,0,0.008842813757787811
FR001387,0,0.017518366564015012
FR006706,0,0.003352708123395392
FR017495,0,0.01276863755749596
FR007648,0,0.012814654734006102
FR000800,0,0.011768890034507267
FR011426,0,0.003995544691921418
FR011168,0,0.004612622378222111
FR018808,0,0.011883592027190554
FR012554,0,0.008820753922585219
FR002390,0,0.005213587200900742
FR000093,0,0.007102914203540624
FR006109,0,0.14383338543190763
FR000456,0,0.004242592629791636
FR012697,0,0.00803173301130526
FR012591,0,0.006427060816071935
FR004327,0,0.022265036836527825
FR018231,0,0.003423069288865077
FR010820,0,0.002456534568025358
FR013923,0,0.00799724128263503
FR014286,0,0.0060002366274196075
FR014624,0,0.0032657745461824677
FR015194,0,0.006009495099529276
FR000069,0,0.01155814318033186
FR010398,0,0.013305825949101716
FR001430,0,0.006314672379350419
FR005661,0,0.008312089984497563
FR010295,0,0.004602677464486881
FR001085,0,0.004906378758953465
FR013942,0,0.00583521391208106
FR011895,0,0.044920449883421004
FR000529,0,0.004315193481722205
FR008041,0,0.03985066363824586
FR002285,0,0.005961167769902884
FR003280,0,0.009660327323588134
FR013752,0,0.008230427822183044
FR012657,0,0.013179683041148978
FR009876,0,0.037305648397913505
FR001186,0,0.04314328593095105
FR003347,0,0.004966215716324021
FR017209,0,0.014984299661315934
FR006719,0,0.02664994007897117
FR001501,0,0.015617614956649309
FR015490,0,0.019258353521327876
FR019747,0,0.005241343754857006
FR010461,0,0.003034396922042872
FR007159,0,0.009487208331712923
FR013437,0,0.004300035779081779
FR019994,0,0.00430817174202421
FR013367,0,0.00751084993413951
FR011668,0,0.007418617107123872
FR013273,0,0.008938964088486663
FR013916,0,0.002935001666549704
FR009771,0,0.007904462010895744
FR004240,0,0.008817669917099383
FR016872,0,0.014765004301183738
FR000751,0,0.01951646859721928
FR006908,0,0.004509470186626378
FR006659,0,0.0005326015440821988
FR016395,0,0.04416951858498649
FR008152,0,0.030447604795530853
FR013589,0,0.019888445788410383
FR003803,0,0.006032960684058152
FR015947,0,0.02018807025821796
FR002437,0,0.006629153469715311
FR015990,0,0.004105738941676777
FR016811,0,0.00993460793365906
FR001417,0,0.07312352391270173
FR004718,0,0.005009469744041168
FR013133,0,0.0032964543114804485
FR018795,0,0.007742512673140349
FR015724,0,0.026236286090183303
FR008391,0,0.010045257004455273
FR007304,0,0.0054635375752722795
FR004035,0,0.007800617957987745
FR018258,0,0.02117713217098038
FR011587,0,0.003758640587503447
FR015115,0,0.02774653803545755
FR001437,0,0.010312448828990423
FR015187,0,0.009407014205695818
FR012804,0,0.07800902237372814
FR001276,0,0.009582224063883905
FR009109,0,0.006293912782185517
FR015686,0,0.009217659333123983
FR009625,0,0.2009445333185724
FR007332,0,0.022585468599690104
FR012275,0,0.07868594475053294
FR016442,0,0.01787774396364217
FR006380,0,0.006829514073984956
FR010898,0,0.06167481721862177
FR006820,0,0.003015801057541492
FR006449,0,0.011045543436406414
FR019181,0,0.0035107468620619864
FR006351,0,0.004724810472980667
FR016958,0,0.03479363192042986
FR002865,0,0.032300800067887415
FR018884,0,0.00821097492997735
FR014974,0,0.004627167129696435
FR010568,0,0.034003353691437456
FR004676,0,0.017753642320534203
FR010960,0,0.025358750791414864
FR010444,0,0.02410121280368895
FR013966,0,0.006277763226521941
FR003510,0,0.004278724842251271
FR010895,0,0.0056012496655291405
FR016492,0,0.07357256854389511
FR015500,0,0.019637761283998315
FR017995,0,0.005910164656429899
FR017056,0,0.004477536841372351
FR013542,0,0.0047959104255587155
FR018577,0,0.00670791237129724
FR002583,0,0.003627709012770624
FR013712,0,0.004963023164786079
FR014811,0,0.006203563352890354
FR006589,0,0.004045807489270203
FR000840,0,0.02016144662636776
FR016157,0,0.003953262517164755
FR015042,0,0.04498546402951
FR004652,0,0.011845595962345537
FR017225,0,0.023681369869287493
FR000150,0,0.0006329809539096121
FR004132,0,0.0030611684529356195
FR004546,0,0.008253273486816872
FR002404,0,0.00563252574031814
FR018459,0,0.007367925416971194
FR015627,0,0.02137148172461889
FR012896,0,0.02344548041685462
FR004323,0,0.007469048425045442
FR005384,0,0.010627522224134142
FR006678,0,0.006877888448363685
FR018325,0,0.006194970727771597
FR016370,0,0.014639399929474292
FR017312,0,0.028548972464999062
FR012834,0,0.013867523918715369
FR008195,0,0.033428782853505194
FR004879,0,0.008011924565251759
FR003062,0,0.04325792853876783
FR011390,0,0.012665619432414274
FR012667,0,0.010121271395443087
FR016199,0,0.006497612476190896
FR004422,0,0.0073293795128751655
FR001447,0,0.004010331212027815
FR013019,0,0.007471867347614919
FR012024,0,0.0051162567972894805
FR010974,0,0.07233900496582714
FR019910,0,0.006010995931068183
FR014160,0,0.006540990006486919
FR006886,0,0.0054573969250154425
FR013303,0,0.0010911843164374349
FR001594,0,0.008878769004968857
FR014573,0,0.023741531610868966
FR001296,0,0.009622570878557548
FR006501,0,0.009795562143952921
FR013952,0,0.012974805500246656
FR001175,0,0.004614257541828408
FR013759,0,0.02210269707143046
FR000802,0,0.02864537350515871
FR015024,0,0.006497562761246539
FR002029,0,0.021584652245777176
FR002914,0,0.019520227943509254
FR008274,0,0.01002360489584621
FR011671,0,0.005667599775512874
FR018241,0,0.010161791626505209
FR011000,0,0.003146872188094393
FR009933,0,0.044817419849394885
FR012352,0,0.003541948153792804
FR013967,0,0.06871164438183838
FR015933,0,0.0035716389825202616
FR019188,0,0.2922059429410993
FR002565,0,0.00664217344225793
FR013840,0,0.011063178399468028
FR001821,0,0.00161693125606465
FR002962,0,0.003404963194481523
FR009977,0,0.008941340592370122
FR000262,0,0.0057293231248925205
FR001451,0,0.005573942957990256
FR012803,0,0.009474306981105182
FR004113,0,0.04761635801811668
FR012109,0,0.004252890713744767
FR004159,0,0.022602171502213216
FR002280,0,0.01183531697816375
FR008161,0,0.017110906369320663
FR018745,0,0.05189387573830811
FR014413,0,0.006499250200353631
FR012911,0,0.0071011144388248406
FR010496,0,0.023935065646648036
FR015812,0,0.004491606691054078
FR005400,0,0.03274882850628696
FR011799,0,0.01653680149046712
FR002626,0,0.02716706360867843
FR016495,0,0.006714642079374787
FR017118,0,0.006367281791717166
FR006036,0,0.0021957678143987532
FR018921,0,0.005830752433703437
FR005923,0,0.002654713483947816
FR004681,0,0.004636004321196738
FR015861,0,0.0005613138406124038
FR015153,0,0.0060366824106053195
FR013593,0,0.006583986430136572
FR003221,0,0.010531553874242238
FR007238,0,0.012994068156111213
FR016938,0,0.008741632401654887
FR011918,0,0.011978771016875557
FR009969,0,0.009907572186929779
FR001621,0,0.007800777343315516
FR004217,0,0.0047766079944116975
FR014977,0,0.004190964004145598
FR006108,0,0.03023820534399412
FR015571,0,0.013280415787130247
FR018804,0,0.019707031952739887
FR002765,0,0.0037038024522257178
FR008982,0,0.03147375090194716
FR017514,0,0.005971489381982327
FR005637,0,0.006868923437778905
FR005225,0,0.007466868104277412
FR011956,0,0.0074215061484542025
FR001288,0,0.0034491728157945377
FR006258,0,0.011487608468105565
FR001459,0,0.0050940284634210424
FR008525,0,0.005737683615505317
FR003100,0,0.00701446777781705
FR019836,0,0.003351846143686433
FR014597,0,0.003976399751601929
FR017365,0,0.00469855120918478
FR003032,0,0.010115563626047078
FR016312,0,0.028949057162462943
FR004998,0,0.0061273463241281285
FR016142,0,0.007644034525611399
FR019448,0,0.008653354453043037
FR003768,0,0.01871539697805027
FR015842,0,0.006207019119937783
FR009862,0,0.010260320392681778
FR000869,0,0.016793819762842912
FR016342,0,0.024182108042498807
FR011932,0,0.0041163534905319194
FR014033,0,0.01298541187428792
FR005042,0,0.004846643894899799
FR007716,1,0.020833759735191016
FR018664,0,0.0053237857909193415
FR017439,0,0.004102564145577177
FR002301,0,0.007628277538004591
FR002022,0,0.020258348273879966
FR019462,0,0.026064006678173105
FR009378,0,0.012758229870126933
FR001309,0,0.006791180522375446
FR009044,0,0.006036807825705611
FR000922,0,0.011611537082747037
FR010016,0,0.015295385306158404
FR016183,0,0.019622995033542364
FR012438,0,0.0036520728561189077
FR012025,0,0.006886726423975156
FR016023,0,0.00919435176024431
FR014108,0,0.006840354768262357
FR018430,0,0.010370474289774478
FR003265,0,0.005995399445981403
FR008102,0,0.004241916760961633
FR016624,0,0.005324435116543388
FR003734,0,0.02268054844573189
FR010617,0,0.024298536026932428
FR010795,0,0.010706800454723095
FR018359,1,0.003925129045151411
FR008775,0,0.004198632966321021
FR012957,0,0.006963609604988242
FR002936,0,0.006179110574791577
FR014712,0,0.002894795446346318
FR017451,0,0.007518427791505913
FR014700,0,0.04925846260598537
FR010504,0,0.00968367340122534
FR008659,0,0.010654498451446379
FR001740,0,0.012197608160046107
FR013814,0,0.021887419075471263
FR017546,0,0.034307164393865934
FR019632,0,0.007434575740446145
FR009333,0,0.014348311349653841
FR007899,0,0.00485641606271786
FR005528,0,0.0014395705255858156
FR009067,0,0.0062618895591014965
FR006872,0,0.009289284024252857
FR016415,0,0.024032490206063472
FR019576,0,0.01849053799708458
FR015200,0,0.01100514885988979
FR006658,0,0.010503260797044675
FR006491,0,0.006215121661212009
FR004494,0,0.03600835566477804
FR008070,0,0.010547209124115636
FR000121,0,0.003792357770672695
FR006950,0,0.017863007193406867
FR004728,0,0.022863552390359032
FR019626,0,0.033042084898306935
FR015925,0,0.006939431830969976
FR001739,0,0.05241846854135998
FR016504,0,0.025441404577310627
FR009371,0,0.005540950137727453
FR000567,0,0.014456252670749669
FR009837,0,0.0032275910348805326
FR018173,0,0.011304228947670835
FR002796,0,0.009252781560800033
FR015619,0,0.012096108905713226
FR013450,0,0.007520671743829328
FR009422,0,0.11120156548493343
FR000603,0,0.020710363075383206
FR006260,0,0.0037688456740151226
FR006433,0,0.01853688263083497
FR000807,0,0.003380721526743987
FR008377,0,0.006889443653915669
FR018592,0,0.007805462515828493
FR006400,0,0.026034609521643746
FR015877,0,0.004416104629206029
FR018063,0,0.025192040724024537
FR006352,0,0.004421243208199731
FR001350,0,0.01684461319240466
FR018198,0,0.008761668931756691
FR004709,0,0.0032803689273841782
FR006870,0,0.004061017467266004
FR014494,0,0.005883241184306497
FR018025,0,0.05535347862720904
FR012603,0,0.008690387982976583
FR017266,0,0.006813013110319339
FR014360,0,0.01191140654084206
FR005822,0,0.013903328238996033
FR006452,0,0.023580539253147334
FR013216,0,0.016727813443886245
FR011164,0,0.007285983351914924
FR015123,0,0.0066895867136358145
FR004511,0,0.01681453681093255
FR001464,0,0.004102230084531717
FR013974,0,0.012493747058934801
FR015828,0,0.028147977672614937
FR012505,0,0.004500863006798489
FR005742,0,0.014932721521379718
FR013665,0,0.003950428813234566
FR010189,0,0.007535122513935379
FR000962,0,0.005455757693493539
FR008374,0,0.005112428135575742
FR017507,0,0.016956887133817766
FR011720,0,0.0055219484643034165
FR018549,0,0.005631049719404812
FR002181,0,0.002821435348968914
FR009522,0,0.011154924160634396
FR012492,0,0.009994318394706908
FR018358,0,0.01609887793543113
FR006152,0,0.0038044292784865756
FR012710,0,0.007635756467181826
FR016590,0,0.015333476989463144
FR011713,0,0.007510279861507013
FR005509,0,0.003335860211540672
FR012370,0,0.011087768541635451
FR016511,0,0.00421916110859643
FR014542,0,0.021152681277629995
FR002186,0,0.03586368824476003
FR005846,0,0.004144012314510843
FR001511,0,0.022661257086637215
FR018197,0,0.0032212173134649326
FR006450,0,0.008133891543087003
FR018514,0,0.0054539854547944475
FR009818,0,0.0033097209929736277
FR019723,0,0.004492719652443494
FR004999,0,0.009593925987081864
FR015613,0,0.00426930128219688
FR003192,0,0.010152333245708288
FR011879,0,0.005246201893463641
FR016859,0,0.011448270097296034
FR004391,0,0.014698855779785159
FR019320,0,0.010017714625850405
FR013374,0,0.011414845564201914
FR004906,0,0.0187814036913302
FR013722,0,0.020942295509318146
FR003498,0,0.002125990661935318
FR006619,0,0.005124486397027054
FR004049,0,0.03495453670920955
FR013155,0,0.0079167211965191
FR019459,0,0.03618783583659566
FR009958,0,0.01466095911546167
FR003594,0,0.07745950219517642
FR018192,0,0.02138811459414623
FR003009,0,0.006377565704299845
FR003407,0,0.013473954710002622
FR013382,0,0.010056334887459514
FR002772,0,0.017971009524727383
FR002947,0,0.023713491652566292
FR003373,0,0.023871921871905927
FR016377,0,0.006777656908700358
FR001550,0,0.018758415386542937
FR016299,0,0.007211287082760493
FR004413,1,0.009715320285613574
FR010738,0,0.0050292554474911655
FR012725,0,0.0024795247128622175
FR004411,1,0.014264540436482119
FR004633,0,0.006945725807794449
FR012859,0,0.0073730108416962545
FR007104,0,0.006360987577924419
FR015806,0,0.006454772536580865
FR003759,0,0.013179043136162243
FR016631,0,0.035700270478075384
FR002182,0,0.0065670587659447015
FR018842,0,0.027104298934351595
FR006003,0,0.025555929050400796
FR004643,0,0.0036584377273680218
FR019653,0,0.010390374881184952
FR016368,0,0.006230866743188692
FR012596,0,0.003873170552555771
FR011763,0,0.008791118052410311
FR007908,0,0.005383186667605206
FR012098,1,0.03172154564400154
FR008997,0,0.006648558258189034
FR002939,0,0.007671884212723155
FR005746,0,0.00913046906944223
FR009026,0,0.020313177077328038
FR017139,0,0.006304740815265363
FR012548,0,0.005706457727720087
FR019327,0,0.005438074988403982
FR014632,0,0.005047689911197545
FR004131,0,0.007120990013109899
FR017888,0,0.005870489394025805
FR019815,0,0.005332610931808254
FR005874,0,0.00757134503600181
FR002651,0,0.026278820951866188
FR013370,0,0.004915700758581459
FR007758,0,0.008712536465701927
FR017316,0,0.01199101413457962
FR005090,0,0.0132596264539148
FR018249,0,0.006684212243116356
FR010063,0,0.004485209359002575
FR015752,0,0.0243860981042537
FR001231,0,0.015153129655972881
FR011254,0,0.008149045006679666
FR002972,0,0.008028721224905578
FR019366,0,0.009741727771051907
FR017906,0,0.00621781700641041
FR016531,0,0.012887687670116938
FR007587,0,0.00600971426829196
FR004439,1,0.06514720399734064
FR016546,0,0.006506250003579482
FR018394,0,0.007868972626589156
FR005768,0,0.009350900844024691
FR017928,0,0.042962704721926946
FR019865,0,0.004061608416729461
FR015248,0,0.007684273826978585
FR001354,0,0.004187588237865326
FR016449,0,0.003033361905990979
FR014209,0,0.044144060905761236
FR011597,0,0.012107671253200855
FR013997,0,0.009450851705131118
FR004197,1,0.06569529004386095
FR019323,0,0.022691926955383006
FR013812,0,0.0046129602316833255
FR002632,0,0.010822123530417204
FR004856,1,0.02643333743133369
FR003191,0,0.004964892042646836
FR012564,0,0.0042665923804353035
FR008183,0,0.034966159758769176
FR005886,0,0.01749016493520332
FR018275,0,0.006670295992202022
FR007852,0,0.007900260338486833
FR000584,0,0.005070192959175437
FR009235,0,0.011717990658487392
FR017484,0,0.05731905713398842
FR004346,0,0.018374846737289674
FR008589,0,0.007070790399743947
FR008352,0,0.05068691050475863
FR001681,0,0.00976561212452044
FR010983,0,0.024159164432505636
FR009607,0,0.003857751036708115
FR011367,0,0.01685032505627917
FR018330,0,0.003835013357689304
FR010940,0,0.005173428170985989
FR001223,0,0.012590066984418037
FR014063,0,0.00703784886689286
FR009430,0,0.0110240874147199
FR019977,0,0.008227610217463653
FR014846,0,0.007173515092240651
FR013825,0,0.005561905305246646
FR001145,0,0.012171738350703037
FR013102,0,0.006427874774723358
FR016867,0,0.0025392887807560763
FR018505,0,0.005547250794345764
FR017943,0,0.013045430657407382
FR007131,0,0.007616703257101114
FR000545,0,0.0108083324163306
FR014106,0,0.0030217584569743263
FR006101,0,0.0761410940856477
FR015128,0,0.05746273247310655
FR010363,0,0.004763433789717712
FR014426,0,0.023565172189678796
FR002714,0,0.03485444092852214
FR015456,0,0.007270552811693626
FR019998,0,0.00812211099279648
FR014881,0,0.008126911111517648
FR005682,0,0.00876777372660934
FR008347,0,0.00816952651540343
FR000947,0,0.05172157249192769
FR008520,0,0.0028489287252652998
FR005560,0,0.011247680600257095
FR007350,0,0.04004987531951612
FR001187,0,0.04756395718029079
FR012932,0,0.02189387101432801
FR014717,0,0.006571554244765139
FR008701,0,0.011791434243425783
FR008687,0,0.016470093668218486
FR017750,0,0.01030868466918961
FR008184,0,0.007521976929680981
FR009962,0,0.005527928608021915
FR015691,0,0.012709185222551817
FR010388,0,0.023277150089792323
FR015389,0,0.013691862570907562
FR001943,0,0.008445461283783588
FR017478,0,0.008486200750855813
FR010894,0,0.011652601574722003
FR000284,0,0.006345507923473318
FR008737,0,0.06279611003052238
FR012139,0,0.009363971068059388
FR004973,0,0.016057343234208068
FR010167,0,0.3760081476073123
FR018409,0,0.004335285948108944
FR005523,0,0.023781369432448757
FR001038,0,0.145900404806982
FR015522,0,0.013232203951992297
FR008271,0,0.00393869877193355
FR017125,0,0.004278174538944676
FR018429,0,0.004302568803838531
FR008640,0,0.00738313228921178
FR002237,0,0.004511355609797436
FR001188,0,0.010549751733291925
FR006232,0,0.008291290979178386
FR006047,0,0.012459700550869169
FR019907,0,0.00833581121409521
FR018149,0,0.015851863662885015
FR008590,0,0.004658539630007103
FR017434,0,0.013073736019915202
FR001882,0,0.027830891777521318
FR004641,0,0.02213640420208665
FR003245,0,0.005538732957713518
FR019346,0,0.0046741184661044065
FR019538,0,0.004383620241098097
FR011380,0,0.014008941758881482
FR006376,0,0.006818642955216785
FR008441,0,0.0027273143374774438
FR003220,0,0.004348112412085508
FR002981,0,0.006870516331980065
FR001942,0,0.02208442246388287
FR003150,0,0.04157488320139583
FR002116,0,0.019377610550732213
FR004957,0,0.004024220085945992
FR005503,0,0.03816033218133913
FR017921,0,0.00950975326324617
FR008311,0,0.028944697701981072
FR008164,0,0.0022897435212440704
FR009817,0,0.014083432726246542
FR012805,0,0.006902025301992857
FR002579,0,0.01511648984793885
FR016655,0,0.08020666470433742
FR017157,0,0.04855962550662888
FR006388,0,0.003323755690847939
FR010806,0,0.008837390290565414
FR014383,0,0.0361685459802536
FR008890,0,0.022314185094979386
FR013441,0,0.007485300538095999
FR004548,0,0.009878847607923201
FR014357,0,0.0042236885959176075
FR012507,1,0.3404562510896125
FR013581,0,0.00550157135539987
FR004341,0,0.008224538464558286
FR016288,0,0.020771573745385487
FR001071,0,0.00592579261325052
FR009242,0,0.012096605108758327
FR016087,0,0.002942605828331408
FR007721,0,0.014379980483496082
FR004892,0,0.01144950817404581
FR008270,0,0.005088874087085686
FR005696,0,0.010852589959796497
FR004380,0,0.021980763672365344
FR003188,0,0.03000970029061052
FR007203,0,0.0055060649631576974
FR013138,0,0.1913874057410274
FR017346,0,0.02813343946009747
FR018729,0,0.03224222554344345
FR005745,0,0.012236934781230537
FR009918,0,0.0047682427642706466
FR014019,0,0.006192020849027496
FR013653,0,0.0015999220064616393
FR012785,0,0.01560575811852765
FR006561,0,0.0033410079624663024
FR017072,0,0.006076746759775357
FR001671,0,0.010292165705425583
FR013139,0,0.009675844491432323
FR009444,0,0.013951614801153601
FR002523,0,0.010019578660228784
FR015631,0,0.009936785489057473
FR000896,0,0.04141846275882293
FR002389,0,0.00028866436495618685
FR009200,0,0.005788643541727101
FR014706,0,0.006919385221202043
FR019734,0,0.007924193023102561
FR019742,0,0.01992681012256615
FR000324,0,0.01571587523279989
FR007098,0,0.010244929035284784
FR016672,0,0.006910657647667666
FR018983,0,0.010202021458654056
FR010409,0,0.0028094077099291097
FR017469,0,0.02193925487862583
FR008079,1,0.007077649355422347
FR001590,0,0.01681194887617851
FR010512,0,0.0233232434833468
FR008684,0,0.006331556744696022
FR007577,0,0.005350439882697439
FR005988,0,0.014765816891752498
FR017140,0,0.01565600041091083
FR014722,0,0.019362186341918077
FR004716,0,0.06178519931836566
FR014975,0,0.00473809619004551
FR010705,0,0.005170068038126971
FR016822,0,0.010307471817918383
FR017349,0,0.025732878014146986
FR011066,0,0.005059799029663447
FR011409,0,0.011113088371417522
FR015944,0,0.011060255360493173
FR015245,0,0.020407208378537614
FR000574,0,0.02418791335185004
FR005977,0,0.003037512333610635
FR010805,0,0.002994945124944483
FR008658,0,0.011129461112447912
FR000642,0,0.008812258583224892
FR011090,0,0.014296466991176135
FR015443,0,0.02305836703172462
FR008430,0,0.0165415175000147
FR011644,0,0.008119775965914544
FR013869,0,0.006362798119970291
FR010383,0,0.013740553893861399
FR019046,0,0.007617637871109503
FR001598,0,0.003957751355844114
FR014352,0,0.002008692610372771
FR008061,0,0.010980349195966894
FR007638,0,0.0047467564340575
FR004203,0,0.004762104509808857
FR013148,0,0.0027286546523456142
FR007986,0,0.010847674523904735
FR005526,0,0.012698436430032387
FR008792,0,0.0282052131575178
FR013048,0,0.011416228444504522
FR001552,0,0.013065501200882327
FR001411,0,0.002738150922439597
FR001120,0,0.003742999005990413
FR005148,0,0.015519029886835739
FR016714,0,0.01479392741690791
FR001147,0,0.005058494426375631
FR003984,0,0.0035026023935629514
FR001788,0,0.0027811653291218673
FR014598,0,0.026098667637779047
FR012584,0,0.004046822747830174
FR017716,0,0.00934396764712755
FR004039,0,0.015487739389282046
FR015220,0,0.012111434982560529
FR008529,0,0.002254304096388922
FR010164,0,0.020403185642149137
FR011358,0,0.5047410217052481
FR006543,0,0.004380414232265884
FR008512,0,0.045460060664975536
FR019427,0,0.0034882298608795693
FR018161,0,0.004435058512618984
FR007505,0,0.015886947788241044
FR007362,0,0.010952625059522615
FR011982,0,0.0074737173451738595
FR018515,0,0.010451236447820986
FR011323,0,0.005576716590411912
FR008103,0,0.01525000733736658
FR009545,0,0.0021443068120307416
FR017245,0,0.007888060916379057
FR015931,0,0.013152324185435119
FR009129,0,0.010424239319251538
FR000406,0,0.10268526915769
FR013719,0,0.006125546485894761
FR018721,0,0.00530762500938052
FR006973,0,0.035450504948256405
FR006999,0,0.09062644604417154
FR001900,0,0.009980579784076458
FR008223,0,0.006259624332901052
FR006326,0,0.006214093491502652
FR011078,0,0.007207067349654356
FR003124,0,0.020571013592977146
FR004464,0,0.01275645026837241
FR007099,0,0.01504823465659087
FR010451,0,0.008593825692386176
FR016364,0,0.006363157431770208
FR002040,0,0.008266686598262114
FR002457,0,0.007768541116788977
FR014436,1,0.05034913104204636
FR009576,0,0.03751571954856576
FR010484,0,0.01696652389172913
FR013894,0,0.10299406037484275
FR019170,0,0.009526233687493588
FR017761,0,0.011057424065629047
FR005958,0,0.02539628534771707
FR014030,0,0.009464168754695095
FR007563,0,0.004369547070606112
FR008926,0,0.004840995501585556
FR003210,0,0.004618576491337353
FR008421,0,0.0030395644588247783
FR006540,0,0.004405148813791718
FR002696,0,0.008303071917842042
FR012187,0,0.0065121343897386235
FR000342,0,0.03196561571950295
FR017684,1,0.0044311443764910785
FR012768,0,0.003214196278049698
FR005692,0,0.01700582772392977
FR009297,0,0.03559514184400314
FR004660,0,0.00373056026751871
FR019729,0,0.012615435746078324
FR013521,0,0.025364828883878837
FR004465,0,0.0050172680677865655
FR003020,0,0.04044588315342416
FR004727,0,0.07867052666372835
FR008941,0,0.024066350408579015
FR016459,0,0.009181601907367451
FR006038,0,0.005736991665417048
FR015002,0,0.008041001516165979
FR006904,0,0.002162178410759622
FR018984,0,0.008171601755310292
FR009668,0,0.03589941274404958
FR012420,0,0.01331854799213609
FR007567,0,0.007429419008266326
FR005312,0,0.016192072084909817
FR008073,0,0.042934576683491016
FR001763,0,0.018651816166443222
FR013709,0,0.006614895675927206
FR018572,0,0.040507974795982116
FR007082,0,0.017603355619123653
FR003982,0,0.04490243156778446
FR005410,0,0.004340322564184482
FR000083,0,0.008980817636600408
FR013956,0,0.0066932383099626595
FR010586,0,0.020858944977158015
FR019602,0,0.004340118635635489
FR001531,0,0.009279700025094975
FR004524,0,0.008982469305959471
FR014236,0,0.0037553376310228447
FR000481,0,0.021571868563829925
FR015871,0,0.009632220048131588
FR008917,0,0.004446911862254968
FR018095,0,0.009899419972083994
FR006121,0,0.005777908338834771
FR014363,0,0.005082134662760733
FR001439,0,0.004765928764756635
FR013797,0,0.003999620524326266
FR008510,0,0.013627506094812092
FR009455,0,0.010642629008128518
FR010416,0,0.006219411837051043
FR003059,0,0.009184193246751644
FR002938,0,0.005750372131030961
FR015587,0,0.011383641403773617
FR017961,0,0.026429411360283036
FR015899,0,0.00884061724420438
FR008693,0,0.0016836395898433044
FR013948,0,0.004654060341895603
FR013598,0,0.004864824796579727
FR016759,0,0.005735963579727566
FR015993,0,0.013652318207682491
FR015365,0,0.1067612361242506
FR003282,0,0.019368529797640092
FR014318,0,0.01822143927209245
FR019242,1,0.005200897366511515
FR000591,0,0.016714010669590093
FR009973,0,0.006374065607763487
FR004917,0,0.0065656944129081395
FR000316,0,0.013520613220371534
FR010642,0,0.010470987908701608
FR003907,0,0.008944449945043608
FR013166,0,0.003673754200714169
FR000362,0,0.005385640401381594
FR008080,0,0.004810061588389695
FR003098,0,0.00864319497323877
FR000813,0,0.009541778010756142
FR019558,0,0.023536671591290036
FR011314,0,0.006360544045239403
FR003819,0,0.0023006432648440514
FR001592,0,0.02105359939419624
FR007385,0,0.004074390637782842
FR018496,0,0.0037885136291835645
FR002120,0,0.0180748686266393
FR003942,0,0.01005092026934636
FR018975,1,0.010563130966173144
FR000486,0,0.11386081149881962
FR012231,0,0.010668972199342782
FR001150,0,0.009300609717401861
FR019303,0,0.004583648888780167
FR019878,0,0.005785218898414481
FR006066,0,0.005583994841774201
FR015729,0,0.004149231570387597
FR019966,0,0.014163973539876723
FR010349,0,0.0064842034327693915
FR008837,0,0.007440313606238622
FR001278,0,0.003394085715881356
FR003974,0,0.014720366106438962
FR009860,0,0.11486889391740185
FR016067,0,0.013294017344922348
FR017339,0,0.01035659062990099
FR007009,0,0.009109471032050375
FR009255,0,0.03805292812378248
FR019923,0,0.004692651766160696
FR010028,0,0.007546471587679525
FR019495,0,0.008099244751037992
FR019758,0,0.008400073586607796
FR001510,0,0.004244860322938842
FR004014,0,0.004433510686107582
FR019121,0,0.024935749548315105
FR015315,0,0.004887585158976599
FR006485,0,0.003132896709375457
FR002724,0,0.0039389242733855355
FR014549,0,0.004530696238722795
FR005542,0,0.015730434162216738
FR007269,0,0.010295409277679263
FR002638,0,0.006725775097351896
FR010858,0,0.007884481855484923
FR004739,0,0.0028338590545893823
FR004836,0,0.004493160965455899
FR000955,0,0.004967586976317029
FR018242,0,0.005791009062001998
FR008411,0,0.005944985618229963
FR012002,0,0.0042947572176694196
FR009991,0,0.010353853380677036
FR019319,0,0.035145770386560936
FR019901,0,0.005165948299942842
FR014870,0,0.005352728940833278
FR000399,0,0.01089642993756663
FR008287,0,0.014238992224409422
FR005772,0,0.0031124015124689305
FR014570,0,0.005577915650402176
FR002171,0,0.019236848252300348
FR001202,0,0.008641600033073066
FR009231,0,0.004146221980956364
FR001408,0,0.0056173099612728955
FR019784,0,0.003806833399125173
FR008564,0,0.018834001786228422
FR015497,0,0.002888068430002668
FR006705,0,0.0046259835593001975
FR000101,0,0.009253664660835053
FR002675,0,0.006498151669757128
FR016319,0,0.019652262929227376
FR011867,0,0.019045367623026485
FR002634,0,0.013538353195095129
FR018678,0,0.004051662233870102
FR019915,0,0.004614309252360365
FR000870,0,0.010188773377027551
FR001297,0,0.0071619777774440145
FR014132,0,0.004956261996460025
FR003722,0,0.004971207900501342
FR010947,0,0.016360375955533177
FR014490,0,0.01281271088104162
FR017362,0,0.01919892297490069
FR018900,0,0.010994028226167981
FR011356,0,0.0038969904381566723
FR019831,0,0.006969141284663565
FR006348,0,0.1051542366077086
FR004811,0,0.014628859135224659
FR009909,0,0.00667256683258659
FR000065,0,0.031954313601071566
FR017463,0,0.017428228731197353
FR016851,0,0.009924920919642055
FR012368,0,0.01253135127963057
FR005445,0,0.006007059763252707
FR002682,0,0.01244328492522824
FR003978,0,0.007609403944224861
FR009648,0,0.012491420116915772
FR014192,0,0.014097111372055021
FR014818,0,0.1717969193371075
FR007296,0,0.006750351389421795
FR011465,0,0.007966643715208695
FR009086,0,0.013898480391515014
FR019652,0,0.008323693712529884
FR005271,1,0.6082390638057894
FR019377,0,0.005558672612122222
FR013883,0,0.023022998643564368
FR012751,0,0.003564593319228203
FR016155,0,0.0028054597159571284
FR015888,0,0.003333826902246671
FR006768,0,0.005803192555920743
FR007497,0,0.024085647246413603
FR019192,0,0.009049845276566923
FR011036,0,0.004748669867541625
FR010754,0,0.044786167690922966
FR018750,0,0.04350462119831483
FR011615,0,0.005123379707022413
FR004708,0,0.005929422695000477
FR002668,0,0.019893668183716243
FR011576,0,0.005430845896297842
FR018539,0,0.013115975476399594
FR010513,0,0.07151648826930447
FR015349,0,0.009969263292183976
FR013558,0,0.009162506222952968
FR004062,0,0.0036506286293970375
FR009932,0,0.0026702753757978253
FR003558,0,0.00990221071878445
FR014728,0,0.005585486261830541
FR015151,0,0.008721758444428294
FR010570,0,0.00592725301943555
FR011097,0,0.004615229422417765
FR018180,0,0.0077170425694488955
FR016660,0,0.0043775151410549345
FR000375,0,0.0036397576588492447
FR000606,0,0.015400811762325411
FR006177,0,0.005515589645945176
FR017767,0,0.01873260795117172
FR001487,0,0.018179822554815272
FR018873,0,0.03435499576614992
FR009021,0,0.007410605006606998
FR005391,0,0.009810423396511973
FR005784,0,0.005153646738011315
FR016740,0,0.004821553983899505
FR003744,0,0.011571322051249585
FR019571,0,0.013091214512337183
FR001650,0,0.009331640691457749
FR004923,0,0.00873920254956121
FR009126,0,0.012887988152572147
FR018472,0,0.006553532266195706
FR005932,0,0.004516605862592443
FR004230,0,0.004183863042484235
FR019517,0,0.01642888079474558
FR009669,0,0.005948473426661956
FR009050,0,0.0005436359298547968
FR005433,0,0.008059427704826344
FR004024,0,0.006030423066516668
FR009405,0,0.0295333879279991
FR018933,0,0.003997574002127351
FR010663,0,0.005995161544715262
FR008197,0,0.0023828670965698193
FR002685,0,0.5358967042414425
FR009449,0,0.025665972316856415
FR009352,1,0.029587217424439146
FR003924,0,0.003997003281739947
FR009059,0,0.010861265422028366
FR009528,0,0.006398614859349149
FR010644,0,0.005566977147100321
FR010574,0,0.024037570058835153
FR005928,0,0.007821478874465415
FR017710,0,0.0628657317150837
FR006255,0,0.009426014029524761
FR001215,0,0.0053337368048602144
FR019777,0,0.009373276791307244
FR019798,0,0.01186690670424882
FR004940,0,0.02479387824338831
FR010989,0,0.0025089579166569353
FR010662,0,0.02199339118374098
FR002698,0,0.012344061633599074
FR009866,0,0.005263974059754563
FR014324,0,0.008002702048986983
FR018327,0,0.008918155942698736
FR002913,0,0.02095228612764989
FR015526,1,0.0072146002379141335
FR008385,0,0.010349271166130339
FR008850,0,0.013450652297881152
FR000011,0,0.00909957310348598
FR004950,0,0.08322601713230883
FR003550,0,0.008498699797145154
FR014307,0,0.005304424543150368
FR014066,0,0.031125136962319045
FR012079,0,0.006698397895227667
FR005144,0,0.0034239301206263856
FR007639,0,0.02176138948967445
FR016146,0,0.007046953787016324
FR013248,0,0.036831903875143616
FR018924,0,0.0240915311294972
FR001829,0,0.006918450826842987
FR000579,0,0.004674608502858947
FR015529,0,0.0052290660654838355
FR018753,0,0.01581137326187315
FR017320,0,0.005969315376923482
FR001554,0,0.007140675168314403
FR008188,0,0.003658973376084044
FR006220,0,0.07389566168319914
FR014821,0,0.010067052305367691
FR015727,0,0.006644354515577113
FR001753,0,0.08701478625377074
FR019837,0,0.03098575626857881
FR001845,0,0.006546308443226825
FR003685,0,0.007126378748489665
FR012044,0,0.009171856242881816
FR000108,0,0.02087987611950523
FR004596,0,0.012552526609281313
FR004211,0,0.005439339903528093
FR015787,0,0.00739603856042078
FR002463,0,0.0029733136682918906
FR007002,0,0.007772129147671068
FR015275,0,0.008270571059219411
FR007198,0,0.005107828568240511
FR016817,0,0.02285227600144539
FR003367,0,0.0066089271771502854
FR018032,0,0.003658914162211133
FR006110,0,0.6907894610978875
FR011184,0,0.005256514079428107
FR012920,0,0.006098273571876954
FR001523,0,0.01190723612352932
FR004516,0,0.0373639464215808
FR019387,0,0.008129160883803851
FR017219,0,0.01121464516335396
FR014161,0,0.05423914849575682
FR016206,0,0.07098324417903805
FR011539,0,0.0300187171076135
FR006954,0,0.022782179438310107
FR015750,0,0.011058561047599634
FR016033,0,0.01372001146684445
FR014744,0,0.006428605522005164
FR005290,0,0.005102150019085006
FR019585,0,0.003282107290856212
FR017392,0,0.023244847525857818
FR011243,0,0.10253357334924575
FR000598,0,0.0033314842706667247
FR007254,0,0.008043140651450951
FR012069,0,0.00595977546491439
FR008815,0,0.012310874315792303
FR007636,0,0.01589150619824466
FR009024,0,0.007212007497405386
FR009776,0,0.01341095338739478
FR007346,0,0.010247191880758157
FR006839,0,0.013847846828894781
FR004015,0,0.016667233294034106
FR017940,0,0.004013917773176854
FR007529,0,0.01246328418120981
FR011208,0,0.010465192850381904
FR015981,0,0.0029791956895407912
FR000694,0,0.056021920338081004
FR003414,0,0.005670046563213038
FR002005,0,0.007636949288167963
FR004418,0,0.017187542406011266
FR006910,0,0.04508093507711908
FR001326,0,0.003050916819222541
FR013879,0,0.015524561988485055
FR007875,0,0.010346170202491749
FR007062,0,0.05785613482109348
FR009944,1,0.005864154945080361
FR003069,0,0.006207235424618006
FR011873,0,0.05579558640799498
FR014788,0,0.0040575002297574166
FR003208,0,0.01373090190585981
FR018434,0,0.05505365784442043
FR003074,0,0.02866059492091234
FR008719,0,0.0060393293847272244
FR006628,0,0.004811976050316475
FR019974,0,0.03002120187659425
FR010306,0,0.005849978305251742
FR001168,0,0.0026959906139664733
FR002783,0,0.004179228499136767
FR009758,0,0.0078326398343304
FR014808,0,0.010895503695499366
FR010772,0,0.016715217935002327
FR014249,0,0.006253769706319884
FR001693,0,0.004623419174522251
FR010835,0,0.0031744933562556934
FR009581,0,0.0021727022416172886
FR005334,0,0.015226309403769012
FR008372,0,0.011828796952460823
FR014091,0,0.06376460722402831
FR019082,0,0.005838248367162856
FR013416,0,0.03815419409969654
FR001429,0,0.008348406961771686
FR010413,0,0.009522450721116843
FR015938,0,0.015288341486882776
FR001034,0,0.012012323622878398
FR012865,0,0.006829342373936347
FR013531,0,0.0024594291037717624
FR006956,0,0.015014064455284484
FR018660,0,0.003991184494531137
FR019797,0,0.004859801819565221
FR011940,0,0.0038274504797103427
FR003011,0,0.022469576183785544
FR017175,0,0.009024326971403998
FR015274,0,0.007754033837832381
FR010540,0,0.007674824549767866
FR005959,0,0.0044861402011174695
FR008847,0,0.007632802331410033
FR001919,0,0.0038854566092830483
FR013457,0,0.014869093382063022
FR001916,0,0.012970295760564278
FR016992,0,0.0003963657454123137
FR016999,0,0.008056858017855141
FR007957,0,0.0051062891341404765
FR001230,0,0.004418113711044603
FR019958,0,0.003959571184453121
FR003418,0,0.0034755427937566918
FR013692,0,0.007779011458715914
FR014723,0,0.02133008598885357
FR005394,0,0.00821220122640384
FR002068,0,0.0028014181569954097
FR003454,0,0.12833515449587524
FR014142,0,0.009474170442741146
FR002118,0,0.006396829487999411
FR014528,0,0.013273840333771362
FR001784,0,0.018125152160882136
FR016658,0,0.010432964462704796
FR016868,0,0.003157455720355982
FR013132,0,0.006698437299359002
FR019605,0,0.010362297594489958
FR003631,0,0.004090846376640753
FR017584,0,0.008092355090943484
FR011740,0,0.022762008728974003
FR013727,0,0.00349129578914303
FR015902,0,0.00700918365092948
FR018891,0,0.004635689550217842
FR017300,0,0.010234752129575883
FR003383,0,0.007860066033829959
FR005047,0,0.02996825388313513
FR000848,0,0.0031986716743077083
FR013134,0,0.021137673202918372
FR010432,0,0.00708347378637603
FR008495,0,0.012702010200722804
FR010378,0,0.0019462319606493685
FR018387,0,0.01590733520918931
FR015046,0,0.0040756167430366814
FR015552,0,0.007924862158142072
FR016708,0,0.004303240017604283
FR016874,0,0.02029582751272816
FR003352,0,0.004546323903656479
FR018374,0,0.02745666096458119
FR006679,0,0.01979123743697604
FR001588,0,0.010509049944406384
FR010395,0,0.004267665269381801
FR015157,0,0.008226002153595046
FR011943,0,0.06314552992464695
FR005780,0,0.01454759707201026
FR014452,0,0.046849126809134285
FR002350,0,0.009583919040923613
FR008240,0,0.0060033017663404355
FR000791,0,0.008488508991319315
FR017308,0,0.013349763289490344
FR008596,0,0.0031400643229347013
FR018629,0,0.00698498296897133
FR014313,0,0.00371593066528242
FR004223,0,0.005846971508846632
FR017820,0,0.00629432936152495
FR006818,0,0.007264067967900527
FR004544,0,0.013334880033661171
FR019707,0,0.007845996751723849
FR011436,0,0.02800245343116511
FR010252,0,0.004606298713209482
FR019992,0,0.005145922313890877
FR010614,0,0.026690917695789823
FR007645,0,0.008938263737568291
FR007612,0,0.022019728921649145
FR011572,0,0.010086681859665091
FR008245,0,0.003336589342051836
FR001539,0,0.0680063261070825
FR017506,0,0.0030628549007465093
FR000836,0,0.031823588229394385
FR006656,0,0.011354039490114912
FR006299,0,0.0076995606794301105
FR012463,0,0.005450079924292711
FR004116,0,0.021551149106244023
FR004833,0,0.0037197737889549908
FR003796,0,0.00921332200474869
FR008741,0,0.008514874545373896
FR006266,0,0.02594220792832624
FR002596,0,0.004596790125740175
FR017109,0,0.015553390106728626
FR009413,0,0.021027216633558513
FR004674,0,0.010471692369734083
FR001352,0,0.004363836101030977
FR007541,0,0.0027686833883397593
FR013407,0,0.008885686306423283
FR001644,0,0.09673084808857853
FR002712,0,0.00827268310087857
FR009406,0,0.009143117842578674
FR011885,0,0.023774572105458414
FR006873,0,0.031026630182545544
FR018199,0,0.1203968657617673
FR003775,0,0.0049268496051743625
FR004539,0,0.007938089658757079
FR000910,0,0.010067306742713661
FR018839,0,0.009027439344877599
FR003533,0,0.014749788993189822
FR017692,0,0.0045033935088749045
FR013634,0,0.013966676793078088
FR008568,0,0.01316670786271848
FR019929,0,0.011330880566218298
FR014540,0,0.00899582170913412
FR003618,0,0.002377331010708343
FR004972,0,0.09876243720807147
FR000279,0,0.003585502568969702
FR018824,0,0.026944770987970434
FR005578,0,0.004415888647505052
FR014385,0,0.02551276366208972
FR017806,0,0.0038875173869869807
FR014290,0,0.00014011620558090223
FR002089,0,0.038534059867363295
FR011497,0,0.0054991040402341046
FR019351,0,0.01887957526131376
FR006021,0,0.0031378030802767017
FR014768,0,0.0035943446784034
FR005123,0,0.018874690698747386
FR016748,0,0.004732393462662457
FR010800,0,0.03269729261728038
FR006611,0,0.02051702433965146
FR001216,0,0.0036934697525489693
FR012775,0,0.07943044544648842
FR017737,0,0.00447653672934167
FR018316,0,0.009017783097871853
FR003560,0,0.015997946263630835
FR008227,0,0.011486387860370326
FR015242,0,0.055639243669984205
FR000530,0,0.011553372261787306
FR003866,0,0.0038311980686593678
FR010278,0,0.019695792020286627
FR000094,0,0.005539622286085725
FR010335,0,0.09217947276152745
FR005383,0,0.005518701560169666
FR002885,0,0.00956072653554263
FR009221,0,0.00461421948692597
FR007320,0,0.032395801121546046
FR019940,0,0.027540922398445855
FR018719,0,0.00957443179010755
FR007755,0,0.00938816282495028
FR000898,0,0.0056131159834812315
FR005630,0,0.013589196613632283
FR004814,0,0.010797362443745686
FR005976,0,0.004576083356615023
FR007020,0,0.014415675039786786
FR002785,0,0.0033085710976577614
FR007371,0,0.01685219050710138
FR005699,0,0.0059244622023180695
FR004828,0,0.009906297049504386
FR007786,0,0.006465287535000585
FR005406,0,0.013979863788763513
FR007864,0,0.004703740663146665
FR012663,0,0.004568822499584561
FR003027,0,0.016878025347702316
FR018516,0,0.007299581256491601
FR017948,0,0.008830154790335791
FR002146,0,0.012674588246989154
FR016950,0,0.004844346186748173
FR001283,0,0.024750418354552734
FR002563,0,0.005746523615821469
FR010188,0,0.004109751173967033
FR017953,0,0.01371879787953204
FR016676,0,0.010684579988344468
FR013459,0,0.02817070698983114
FR013207,0,0.009320394766389972
FR018085,0,0.008010643376433138
FR013362,0,0.01160694731314711
FR000198,0,0.006019701563019067
FR013505,0,0.006546382130607852
FR017419,0,0.011447045949503914
FR000636,0,0.01081759942910849
FR003106,0,0.010888893507527786
FR003664,0,0.01216797760464406
FR006426,0,0.003837581736240723
FR017811,0,0.003968017787568824
FR005634,0,0.013360591414048913
FR006134,0,0.010026665687332624
FR005912,0,0.009203856911550984
FR001069,0,0.007708247219963728
FR017311,0,0.038309535545562906
FR018485,0,0.007775417554126152
FR019332,0,0.006489120954471091
FR016623,0,0.014193903946303167
FR018706,0,0.01891714773607167
FR013041,0,0.003190123604451299
FR011103,0,0.02194104859738258
FR009986,0,0.0073709690953616125
FR005092,0,0.004024170867209102
FR014201,0,0.01906000767581025
FR003708,0,0.004462654207067176
FR015731,0,0.006279789352555301
FR017040,0,0.005226064603117202
FR018976,0,0.007467811465934303
FR009077,0,0.006006797299588686
FR015598,0,0.05557593815203286
FR017260,0,0.009178326575868744
FR017515,0,0.009991091671824357
FR019969,0,0.024129143478924333
FR019130,0,0.013059075510875645
FR005396,0,0.008886857781923307
FR007751,0,0.0010764224705500502
FR010667,0,0.00674749380485155
FR004985,0,0.008943665877157152
FR013493,0,0.010460229382126754
FR014553,0,0.009689753548969721
FR017708,0,0.009019499818504478
FR014258,0,0.009386472340013765
FR014612,0,0.003785274857380972
FR009519,0,0.03063977806109246
FR010951,0,0.004422591423948569
FR002164,0,0.005124520045425219
FR012354,0,0.007011052698770108
FR010340,0,0.007893199109242986
FR017773,0,0.0027089722690202393
FR001141,0,0.012130560170953056
FR005644,0,0.011662644406380082
FR015064,0,0.013525461503855982
FR002400,0,0.03597187815906706
FR002727,0,0.006916961970047194
FR014878,0,0.006768344047474115
FR014864,0,0.008518383923928863
FR016003,0,0.006166467014823244
FR014173,0,0.00469693291749402
FR005452,0,0.005690460604088027
FR010921,0,0.005552799738958325
FR006506,0,0.016891336652457716
FR006230,0,0.01821601366079773
FR004271,0,0.002881195434842026
FR009845,0,0.003840470410916022
FR005727,0,0.01135781247020716
FR017498,0,0.007870106496316488
FR011200,0,0.01128902568904079
FR014120,0,0.003673114912519409
FR013957,0,0.002505583552713396
FR017606,0,0.010695323427490753
FR001465,0,0.03216513744850538
FR019132,0,0.004651676041752205
FR002690,0,0.003721094758120379
FR006834,0,0.008766665160541502
FR001285,0,0.002713868407876951
FR017486,0,0.005224515231984591
FR008639,0,0.009011089928333601
FR008264,0,0.0025789284931531167
FR006224,0,0.00527106490437937
FR004649,0,0.008429439803828521
FR005710,0,0.06883275768081969
FR003406,0,0.004675635175686335
FR011693,0,0.03920153986989202
FR019615,0,0.008189418594006728
FR014028,0,0.005753530205998164
FR017035,0,0.012615105151853203
FR007287,0,0.006987393459959139
FR001000,0,0.002550171930839579
FR007561,0,0.010870815668282637
FR001112,0,0.005383801599405671
FR015311,0,0.009451792718152956
FR015372,0,0.0037284341574912974
FR011260,0,0.02139016161819719
FR005129,0,0.0064017896773716975
FR016036,0,0.009017461997776791
FR009836,0,0.006426228987637508
FR000705,0,0.01287164268005827
FR014074,0,0.012965093532161876
FR018855,0,0.07479542893892588
FR018523,0,0.006035841006324767
FR011315,0,0.020070643958241218
FR014845,0,0.0070014063929008255
FR011680,0,0.006286016568668627
FR009287,0,0.00659565160235272
FR004883,0,0.005145052735621544
FR001335,0,0.019510741007384317
FR018013,0,0.006220570260020008
FR006676,0,0.009805549530237954
FR011207,0,0.031256730447765495
FR009342,0,0.005122823639671376
FR018756,0,0.023761306135022354
FR014976,0,0.020474473302196664
FR007829,0,0.006580516213005262
FR010381,0,0.018206911089857277
FR011163,0,0.02814854742823661
FR009750,0,0.0025578321998986375
FR009439,0,0.009528349479941139
FR006248,0,0.005797514753182263
FR016517,0,0.00995120919838015
FR006838,0,0.006982207400914615
FR017655,0,0.008501615608539488
FR006406,0,0.007151817826169103
FR004176,0,0.05148525687781872
FR004713,0,0.004931274884171531
FR019850,0,0.006153907887317372
FR016356,0,0.015280961230769441
FR000320,0,0.013202567310282695
FR017911,1,0.016736575453599814
FR012745,0,0.007508037855105648
FR014996,0,0.01979322933648026
FR016946,0,0.02193297556975993
FR012273,0,0.004550371091402886
FR019006,0,0.006070383370801763
FR008348,0,0.003189007737283887
FR017368,0,0.009821022339404425
FR003733,0,0.0058936489553432754
FR013919,0,0.0032503685221599334
FR000087,0,0.05361336098350609
FR015822,0,0.003327499568002904
FR009720,0,0.008153504377213606
FR016894,0,0.003180540549194319
FR000238,0,0.007156075872647207
FR007202,0,0.04002125477888711
FR013435,0,0.10116381655342026
FR017682,0,0.03228317832905916
FR002160,0,0.012941228698421509
FR005573,1,0.5294698229145695
FR011745,0,0.0020634427436925476
FR001561,0,0.005643628070236367
FR014003,0,0.009005766477059309
FR006482,0,0.031147453312443063
FR014253,0,0.018871076960963327
FR000535,0,0.006910222141599029
FR005767,0,0.010794751265953995
FR019717,0,0.00919272239721125
FR015056,0,0.007732223191671002
FR010751,0,0.013469928497283006
FR001263,0,0.05914341541123639
FR006200,0,0.00911896540510593
FR005910,0,0.01960129686230947
FR019419,0,0.0512520937315061
FR008751,0,0.018984754276387048
FR015973,0,0.005627575435904136
FR010585,1,0.15033820533315795
FR008958,0,0.004587139410214967
FR005579,0,0.003155057612931248
FR019350,0,0.004813963422395276
FR014928,0,0.0392207237840487
FR015494,1,0.0254235374697787
FR005165,0,0.005596926794155611
FR001572,0,0.04222377630051636
FR016980,0,0.038765245447945185
FR004845,0,0.0026393675139861346
FR018635,0,0.005801850275415633
FR004886,0,0.005635190274757583
FR004698,0,0.00854818361471858
FR014374,0,0.014423753425947114
FR001745,0,0.004590552816784297
FR008781,0,0.018204642951179125
FR004915,0,0.028023177504412262
FR010098,0,0.12335121766117697
FR006139,0,0.027218549852239666
FR002003,0,0.004152289542279453
FR006041,0,0.0024886008319565203
FR010298,0,0.020099147130911713
FR019859,0,0.12500503930835236
FR013792,0,0.058221741080047996
FR017774,0,0.0037213706584904548
FR016706,0,0.013220123729637476
FR019721,0,0.016190397476545923
FR007243,0,0.02327464359525024
FR011038,0,0.003147516441367116
FR013936,0,0.03788119267166511
FR017006,0,0.14504688554944997
FR018716,0,0.003748230085539274
FR007667,0,0.0092239494852892
FR017714,0,0.004423035253637636
FR011553,0,0.009581578529506569
FR016330,0,0.012233423379967315
FR011496,0,0.00831291290299288
FR016481,0,0.020241738907344445
FR005475,0,0.013107965853834303
FR013501,0,0.03837448892914592
FR018185,0,0.041587762055065064
FR002075,0,0.005354876637568918
FR008205,0,0.0062304185750676234
FR001762,0,0.01150318891933124
FR015331,0,0.007471703334674402
FR007257,0,0.040353731955637635
FR017791,0,0.01835121091561424
FR005504,0,0.050005846772751494
FR011037,0,0.009655119016672865
FR009691,0,0.009903432097781273
FR016237,0,0.004404864818800407
FR007178,0,0.01611358667562474
FR009162,0,0.0038252044306589517
FR003736,0,0.0029834515727473598
FR005233,0,0.0074361398743996695
FR011706,0,0.00660561630719686
FR003334,0,0.007090646888223434
FR012146,0,0.006620087431978052
FR005722,0,0.0042391090822541085
FR005899,0,0.04401168324822158
FR004912,0,0.019613419071911154
FR008487,0,0.004453792576807948
FR002986,0,0.006834109218473848
FR013414,0,0.02570520156538438
FR007252,0,0.009438244254389756
FR014790,0,0.006529134330476562
FR000071,0,0.0075679943948476006
FR012365,1,0.1744667881860591
FR019441,0,0.0033608873693655454
FR018300,0,0.010525129103388075
FR012372,0,0.005339921889384301
FR006560,0,0.007877505713259092
FR005183,0,0.0041651062647190444
FR013470,0,0.005295374785449798
FR003754,0,0.0034231696526540244
FR009440,0,0.006466415129149384
FR011521,0,0.002601088544140242
FR005875,0,0.0059789936520201585
FR003635,0,0.025163660354981382
FR001353,0,0.011220439168135277
FR014137,0,0.007038485264582344
FR005687,0,0.035877759178901604
FR010726,0,0.009539031224735803
FR001308,0,0.010168798925270868
FR008660,0,0.006039230088502732
FR015970,0,0.00979405013330894
FR002066,0,0.015964769506637486
FR014335,0,0.003744989210227817
FR016121,0,0.00913284092999287
FR012346,0,0.01074461501490801
FR018064,0,0.004911453018092741
FR013795,0,0.017290546226045922
FR000596,0,0.035772869542661026
FR008535,0,0.01479754245802604
FR005740,1,0.004763161153154199
FR001538,0,0.004651293262832662
FR011575,0,0.012819074182536533
FR007999,0,0.027852111826710504
FR000039,0,0.010824417653132802
FR000179,0,0.024314263963413366
FR019047,0,0.03878827145097012
FR011454,0,0.01741218705134565
FR003110,0,0.03672313994716007
FR008821,0,0.01089756687858529
FR002091,0,0.0066503843617842845
FR001804,0,0.018533859792319144
FR007127,0,0.0002546138195842974
FR014195,0,0.02109450905446006
FR016604,0,0.005062390127190936
FR015098,0,0.005586645525497627
FR016002,0,0.01461693506069646
FR018452,0,0.020256029901566806
FR002258,0,0.007595457326329502
FR004506,0,0.0036160868638934474
FR013283,0,0.008724334162898533
FR017082,0,0.003780175976244158
FR009754,0,0.0052896456632311
FR011634,0,0.011129138840355058
FR012077,0,0.020251209043701795
FR017287,0,0.007769944377761055
FR001476,0,0.015026811072200318
FR016401,0,0.017814021464410506
FR014206,0,0.005094625791532798
FR007706,0,0.007318382706614585
FR018598,0,0.003922147137186271
FR018715,0,0.027841046891518464
FR004161,0,0.012162427023211209
FR013263,0,0.003531484656530575
FR005683,0,0.052277964666078834
FR007274,0,0.01277795690298022
FR010411,0,0.02781261972526478
FR000184,0,0.03743459996863972
FR010092,0,0.004298717003062833
FR017702,0,0.006418189462047161
FR008293,0,0.006372188698203781
FR002677,0,0.007600227520418439
FR011307,0,0.007149803385990597
FR002358,0,0.003908104390421723
FR007389,0,0.005430956949391625
FR009318,0,0.005788679066282215
FR012825,0,0.006386516177685993
FR006442,0,0.01169163052506358
FR019178,0,0.028654372843106225
FR002185,0,0.011332482441572705
FR006623,0,0.007348339127696911
FR001765,0,0.0035982105329384595
FR006460,0,0.021660305630296212
FR018333,0,0.003251365049724082
FR017010,0,0.013814127740913028
FR002567,0,0.003769245380685807
FR011719,0,0.011131230063560602
FR003992,0,0.01156144698259023
FR011083,0,0.006922620614515503
FR002330,0,0.0386905923985288
FR003328,0,0.008615567409696595
FR013322,0,0.0029259821210685343
FR006797,0,0.013613733723538675
FR002070,0,0.004691129018955893
FR006715,0,0.057034482672310184
FR002418,0,0.007701533953701534
FR001466,0,0.00757649529798467
FR003598,0,0.017137016468317803
FR002424,0,0.01585166453315579
FR015450,0,0.019150772981661335
FR003537,0,0.002779735331331981
FR014558,0,0.007533286274081659
FR005037,0,0.003609505789335723
FR013453,0,0.005041838134870931
FR002835,0,0.01034399381828113
FR015417,0,0.004254278160197937
FR009743,0,0.00784841027017879
FR009323,0,0.018561665419199343
FR004955,0,0.015430682592468353
FR012101,0,0.0062364447020805125
FR000599,0,0.005176987576779874
FR007898,0,0.013955611962448706
FR001716,0,0.007458403326080284
FR007568,0,0.008895272963000127
FR001002,0,0.00934645745038814
FR019000,0,0.004916397721511851
FR019624,0,0.006819161364530293
FR004613,0,0.006208247988805946
FR019983,0,0.004998551302818907
FR002664,1,0.047431512488584106
FR000360,0,0.013426037226492703
FR001431,0,0.026059699819418875
FR008577,0,0.0031791709403478532
FR006453,0,0.019561599855798435
FR011651,0,0.012361953492722863
FR006405,0,0.010350179929897198
FR018890,0,0.013694976687270169
FR003273,0,0.011148438638215541
FR000043,0,0.0033044574668837996
FR016853,0,0.007252209513154924
FR007614,0,0.008787044789358135
FR003276,0,0.013722480948640786
FR011063,0,0.01588638227867073
FR017671,0,0.003579445433338812
FR018054,0,0.017859365083418944
FR004033,1,0.005298926252545673
FR006728,0,0.0076379552533807045
FR006470,0,0.00540721032078728
FR007251,0,0.008535154334189275
FR016834,0,0.0036614956190847373
FR019339,0,0.01898190573265754
FR009726,0,0.046456100577256625
FR016787,0,0.02519044958402561
FR008543,0,0.01184824430538918
FR007937,0,0.006364808331850557
FR000024,0,0.0051445920368209394
FR005061,0,0.005385651013105741
FR000097,0,0.014193421861806693
FR000514,0,0.11243380510640871
FR002179,0,0.12728855113203705
FR003034,0,0.01788897572089692
FR006888,0,0.006079834500962601
FR001700,0,0.007090474289168876
FR011967,0,0.009283958078314216
FR008235,0,0.0032485665645285646
FR000589,0,0.007897714470611564
FR004074,0,0.0064591781321158
FR019066,0,0.05601357966161224
FR015041,0,0.014231899200686208
FR009125,0,0.00343262401748742
FR009228,0,0.009353097010996075
FR018844,0,0.005039097813597138
FR016772,0,0.0052472271795991005
FR016006,0,0.005717563378188804
FR013544,0,0.0032734940781888196
FR003656,0,0.005276462372783051
FR015713,0,0.006261289809463927
FR018181,0,0.0029709061969136197
FR019015,0,0.005214333054095164
FR014756,0,0.016989320688201553
FR015697,0,0.016247813397879146
FR018042,0,0.004872089580579297
FR008071,0,0.013066541549358468
FR000985,0,0.012208941499672688
FR005351,0,0.003264190634454394
FR006791,0,0.003860193368453396
FR006237,0,0.010529321630153882
FR007856,0,0.00861450332227687
FR013611,0,0.010143376380791783
FR012181,0,0.004001590034951885
FR008973,0,0.006654226260396541
FR009997,0,0.04075614563089154
FR003863,0,0.014561917587083225
FR001846,0,0.0023700293998903748
FR014042,0,0.004093880544485993
FR008290,0,0.016247602392766212
FR013265,0,0.0015707309409235205
FR000424,0,0.006116597606267256
FR000681,0,0.010554961961633432
FR003244,0,0.040308384884772806
FR013788,0,0.007158730482422438
FR001732,0,0.025783210781064686
FR007455,0,0.01264053071687842
FR004971,0,0.012016148193580323
FR017874,0,0.004401199280985166
FR004528,0,0.016250778911815613
FR008365,0,0.013598650751705335
FR017919,0,0.10436644838229013
FR009461,0,0.05681169101082371
FR019513,0,0.018056384717173052
FR008886,0,0.009822914396327017
FR004810,0,0.007126188887247094
FR018792,0,0.004268206748483359
FR002849,0,0.010444104965938275
FR018643,0,0.0120634653562824
FR008992,0,0.0038837108475220684
FR006272,0,0.014536644248605292
FR009547,0,0.007541520341746658
FR013440,0,0.0069527876565685905
FR013918,0,0.03809886770245766
FR010256,0,0.015749943588620554
FR002648,0,0.007944713522267157
FR005180,0,0.006402220852258525
FR009675,0,0.002648705127918486
FR001874,0,0.009640316175205365
FR019356,0,0.004928184022875959
FR000564,0,0.00564903539067366
FR019461,0,0.004061192498855211
FR003189,0,0.021051640754548778
FR001442,0,0.004480851791660303
FR018589,0,0.0658847352687295
FR000914,0,0.005743396697866413
FR012532,0,0.008074050954253351
FR004610,0,0.006008596802336064
FR001059,0,0.00498798975224844
FR011178,0,0.00920526882536484
FR016625,0,0.006842384642014819
FR008285,0,0.003330903791068285
FR007727,0,0.006246235745140539
FR016821,0,0.009522173060742899
FR016034,0,0.03089889624988769
FR007449,0,0.009667120733168952
FR004798,0,0.01707336427072793
FR007959,0,0.01753186184238953
FR014515,0,0.006909077901765783
FR005824,0,0.00561517971233575
FR017523,0,0.005905522259060666
FR015028,0,0.013681857146299208
FR009463,0,0.029021300349711027
FR016536,0,0.007958823135561338
FR016457,0,0.013740201177405929
FR017126,0,0.00364499296202582
FR001180,0,0.036208287886131396
FR007135,0,0.03508607609610268
FR014593,0,0.01361778584072302
FR002451,1,0.017225973936242468
FR001241,0,0.0271933499732655
FR001548,0,0.03168813736177869
FR011822,0,0.03215981407437587
FR019744,0,0.03902785277986121
FR004097,0,0.01538395338944508
FR011617,0,0.016267249489301732
FR018396,0,0.00522010266102758
FR018201,0,0.007290382204356707
FR005265,0,0.005283745296162019
FR001932,0,0.004596048957107531
FR004569,0,0.008639056310888984
FR001563,0,0.004173798123768943
FR010796,0,0.008965849702659201
FR006297,0,0.03554174551981823
FR003071,0,0.012272203603248268
FR004083,0,0.01731716196703769
FR007745,0,0.02016357261316007
FR003688,0,0.003968685084407156
FR013154,0,0.019975518784825157
FR005055,0,0.030230858310863844
FR017914,0,0.0036939209786508664
FR006371,0,0.008544323491775389
FR003450,0,0.00412805800454251
FR010967,0,0.05532027876404285
FR019012,0,0.004781603606792233
FR010238,0,0.005099947296374565
FR006295,0,0.004685175687842865
FR006193,0,0.024426829635956604
FR008090,0,0.013877348309208172
FR003155,0,0.010966531024876757
FR003520,0,0.004756272005087293
FR002048,0,0.004167303238164476
FR011197,0,0.0037174703760521643
FR001674,0,0.006070651587897748
FR018564,0,0.062199395693599197
FR017986,0,0.010617835307623918
FR001423,0,0.0041900024452711715
FR009610,0,0.025071309282257672
FR005674,0,0.00398107842442162
FR000419,0,0.0024863583950710325
FR011869,0,0.021981326471786456
FR019189,0,0.019467731793151474
FR005963,0,0.008931074216587407
FR005736,0,0.028133426360566996
FR013035,0,0.07265631095016593
FR005457,0,0.04913774881396619
FR009258,0,0.003041385068759028
FR004225,0,0.0028058490201226783
FR010956,0,0.01331933372134383
FR007299,0,0.028503792074505065
FR014332,0,0.018250157258406383
FR008221,0,0.0037708464211771257
FR004813,0,0.028326472647197717
FR003928,0,0.04136694402707446
FR016477,0,0.006989173858782639
FR013228,1,0.03448854429825551
FR010140,0,0.007161797081133295
FR007540,0,0.004959154570732856
FR000483,0,0.01924595999132682
FR006067,0,0.0071753331405741095
FR006162,0,0.004425664181128704
FR016308,0,0.014417426965805556
FR004571,0,0.009284075445057001
FR004577,0,0.007157594056614186
FR016181,0,0.006934698939539348
FR007490,0,0.02681877222483495
FR006627,0,0.003592369646960903
FR018347,0,0.043191772020118376
FR006004,0,0.018524142095340004
FR006845,0,0.02394546845045172
FR014205,0,0.009483781910056175
FR017587,0,0.019147578241132363
FR009226,0,0.0033970604094393122
FR003554,0,0.010685886805538794
FR013964,0,0.003868917867627259
FR010693,0,0.01871532665086321
FR018411,0,0.012762731837142638
FR004322,0,0.004950835676548236
FR002937,0,0.06621421868239931
FR007710,0,0.03913721869542694
FR001633,0,0.0076091109285462396
FR010511,0,0.008637455665956487
FR001584,0,0.03884679859227367
FR009470,0,0.00837324307737977
FR006488,0,0.006809909915175466
FR004259,0,0.0032870790382064693
FR002649,0,0.01034444141339322
FR017234,0,0.035984008364352754
FR018512,0,0.004250836269977926
FR009230,0,0.1394675462065442
FR004993,0,0.010915886548077283
FR000663,0,0.0029568473641106954
FR005896,0,0.005975776690335066
FR016109,0,0.0040872526276782084
FR008344,0,0.02122652789728897
FR019458,0,0.010238598470814651
FR014660,0,0.00532407039607441
FR013655,0,0.023563636107955598
FR006516,0,0.013036645076826045
FR005708,0,0.008811785323988958
FR016404,0,0.00565012492938369
FR010797,0,0.09141924215549306
FR000883,0,0.0037307364864374096
FR009179,0,0.014589910557607213
FR003457,0,0.02727753783724246
FR019835,0,0.01535137615152108
FR019348,0,0.012143644382829041
FR006997,0,0.01354674493217766
FR013378,0,0.003925247514979955
FR018303,0,0.02573065063788499
FR017619,0,0.013881237325710179
FR010536,0,0.06256251895003978
FR005596,0,0.01737012420044684
FR011376,0,0.009222742986546436
FR008552,0,0.006802232050332576
FR012250,0,0.01645808779545317
FR000528,0,0.02295711799837377
FR004450,1,0.021764716033266473
FR015995,0,0.013620065782845065
FR003472,0,0.01653446461752796
FR003763,0,0.2616835731701992
FR008643,0,0.016328001775936494
FR011309,0,0.0063133050785091
FR009989,0,0.019466561198357425
FR006809,0,0.09835370251617052
FR008493,0,0.01933663414466398
FR010314,0,0.010588450471203584
FR016250,0,0.02951314589163287
FR007133,0,0.007012923496147246
FR014671,0,0.011453836571658252
FR009595,0,0.0195379892165105
FR001268,0,0.06275420260295277
FR019478,0,0.013415543865438126
FR010639,0,0.007558641963047383
FR001328,0,0.023012862642008792
FR001514,0,0.07916118853693123
FR012171,0,0.03597124926554513
FR019594,0,0.008884260412010524
FR017436,0,0.021893748449878212
FR005015,0,0.004997836799398279
FR001339,0,0.008645358505818698
FR010294,0,0.005288311819579579
FR004531,0,0.004970074823281249
FR007046,0,0.04965897754833737
FR000460,0,0.008464625152398073
FR012020,0,0.0005944004814549515
FR017143,0,0.002227715090063573
FR008064,0,0.004917688529270061
FR006059,0,0.008423758773822322
FR000513,0,0.0057726689940410915
FR012727,0,0.008192995332677937
FR017067,0,0.004306187471020639
FR000630,0,0.004903722181828242
FR005407,0,0.008007327250585112
FR003348,0,0.022218044734557584
FR014866,0,0.1172902488450031
FR012767,0,0.013016645733440047
FR008194,0,0.016444112004906124
FR003041,0,0.01174570101469429
FR003930,1,0.8203152384666148
FR011752,0,0.0910418266012416
FR014252,0,0.05633762401042717
FR002845,1,0.05964489217986968
FR017222,0,0.004842604664270399
FR010534,0,0.0072115240426032234
FR008943,0,0.1153174513845427
FR009393,1,0.015463518439158252
FR007743,0,0.00866868879053501
FR011297,0,0.00850086395398121
FR018016,0,0.00859802281717363
FR004946,0,0.016999086339686796
FR002331,0,0.009815070306794939
FR001341,0,0.015241381505563556
FR012732,0,0.0037869366236286295
FR000264,0,0.005267200736512161
FR017731,0,0.006940086411702277
FR017297,0,0.006475823911474103
FR001777,0,0.0109845205923089
FR010377,0,0.006530630530047981
FR010779,0,0.0048752690020108505
FR005569,0,0.020493296259401286
FR011462,0,0.014585569085049968
FR012228,0,0.002752620057722048
FR001158,0,0.004707420151645819
FR012857,0,0.023617152795198892
FR008154,0,0.008626044979128732
FR006465,0,0.019553210992329914
FR019485,0,0.024064740441084777
FR017131,0,0.01310598111896028
FR010478,0,0.003960455822586895
FR006147,0,0.010136563305019648
FR013681,0,0.010209915681686568
FR004348,0,0.004044099757805278
FR013557,1,0.4799032944448089
FR009441,0,0.017229516280647936
FR007897,0,0.0045678066805644605
FR016738,1,0.012138829345567398
FR018234,0,0.003651483700863658
FR017533,1,0.7756240681038546
FR004922,0,0.003198532179963342
FR007315,0,0.010420479216317537
FR001031,0,0.02622004670164933
FR010243,0,0.01242539508080221
FR002509,0,0.008376187676546845
FR015141,0,0.021860977533135373
FR015150,0,0.003359061152881456
FR013430,0,0.02699825292406334
FR019472,0,0.012907817258996592
FR014923,0,0.00639906685771596
FR002562,0,0.056352391438316884
FR012856,0,0.014126221821911691
FR000441,0,0.011604229802736324
FR006650,0,0.006530114456683823
FR011764,0,0.004481436763863496
FR007571,0,0.006846184507421345
FR012384,0,0.004463696093634734
FR006394,0,0.011115976805104894
FR019528,0,0.014450215431459967
FR001291,0,0.0062575865689306065
FR012046,0,0.0028109811477592243
FR018568,0,0.003994414291927936
FR017153,0,0.004006721316385603
FR009717,0,0.004010772319309228
FR012913,0,0.010918911533421843
FR006415,0,0.004549080030946217
FR005416,0,0.005151294403789809
FR014470,0,0.0080066347669595
FR016267,0,0.017581168746278505
FR001280,0,0.008173890425569255
FR010266,0,0.019923247126394875
FR012575,0,0.02643681977266993
FR009831,0,0.025240801323373682
FR011947,0,0.016136297171696724
FR006306,1,0.03911567258599339
FR003743,0,0.005059984479547195
FR009243,0,0.010370255089582914
FR008224,0,0.011811339685563449
FR000902,0,0.00650860904204497
FR011150,0,0.004059878246539182
FR017033,0,0.009053807637428154
FR016752,0,0.023297088732349938
FR009030,0,0.009964568308919659
FR014899,0,0.008480955637793301
FR001398,0,0.01006593324130515
FR001930,0,0.007438533509716009
FR002716,0,0.03250073265661104
FR009260,0,0.018003861628647092
FR003435,0,0.010811603754491932
FR013249,0,0.009365981166574187
FR007076,0,0.0018321961407056057
FR008622,0,0.009691769386522359
FR012815,0,0.011146893405099825
FR002831,0,0.005743599385972086
FR007987,0,0.017707102522140947
FR005269,0,0.011539851804511262
FR011245,0,0.008074561031753125
FR012110,0,0.021255618712979537
FR014662,0,0.005165263875895946
FR011536,0,0.016932465736028583
FR002000,0,0.003873397985054317
FR014208,0,0.019200384181649974
FR010954,0,0.013452439369944377
FR012281,0,0.003937107380225044
FR004505,0,0.00436485590158913
FR007629,0,0.016150077045396376
FR018506,0,0.009467986367358282
FR014191,0,0.01867858474410655
FR002595,0,0.0029286863762028013
FR014006,0,0.003920445867240194
FR008822,0,0.007886391658821747
FR008139,0,0.006590447553368149
FR016274,0,0.03273137862149577
FR019769,0,0.0045118454929995895
FR016569,0,0.019346198089270936
FR010670,0,0.006576024328227157
FR007953,0,0.014849136333335518
FR016611,0,0.004541494718710068
FR005249,0,0.024113299542989564
FR012225,0,0.04165007615267676
FR008313,0,0.008166600102615423
FR006920,0,0.0077640991059101635
FR002894,0,0.004840117165079991
FR006670,0,0.014577930467884722
FR008432,0,0.027358053638256535
FR011570,0,0.003842350173097963
FR003588,0,0.003403812275308992
FR016443,0,0.01685394367977222
FR007527,0,0.011195945425930012
FR008025,0,0.009959927478705924
FR002175,0,0.004677755203489443
FR015496,0,0.0070472651116438405
FR010407,0,0.007454587124490458
FR019696,1,0.1471989319049352
FR003229,0,0.0046899293105374905
FR000799,0,0.0056377943851866055
FR007923,0,0.0076252719474242435
FR015935,0,0.0023699608389587557
FR002993,0,0.004694440602347466
FR000507,1,0.14658217473086865
FR014301,0,0.02631117605017425
FR006558,0,0.04972481444742314
FR017470,0,0.0045906887572729265
FR002525,0,0.023549010773900203
FR013281,0,0.004630648156404041
FR007838,0,0.007543406735811463
FR016045,0,0.003933438269870156
FR017485,0,0.003170808279778288
FR013073,0,0.01532090044419465
FR014466,0,0.036123662967899796
FR012422,0,0.0076787044538606545
FR006673,0,0.015861997778750577
FR007622,0,0.020614718668383325
FR018365,0,0.00819540806443609
FR006638,0,0.00344372250464429
FR003161,0,0.004812591058335292
FR012344,0,0.04476256973008604
FR005404,0,0.012531033134552907
FR004540,0,0.013560656650421216
FR000590,0,0.009716268059717191
FR000141,0,0.010441708558188443
FR014860,0,0.016080848724933074
FR004854,0,0.008796072250169219
FR018256,0,0.010295408567036708
FR015101,0,0.004972251605248851
FR013115,0,0.011998744040132332
FR018909,0,0.004315434842791101
FR006846,0,0.01356227123347003
FR008123,0,0.013060334556542917
FR001877,0,0.027501683252267498
FR004555,0,0.0031258563683893583
FR002718,0,0.01095539677273677
FR012638,0,0.006527477192434165
FR010712,0,0.008018747434449578
FR001080,0,0.007050149126991475
FR006536,0,0.01190136818974911
FR019501,0,0.05158651909836879
FR015127,0,0.006167561132570749
FR000831,0,0.013642996893124133
FR008861,0,0.00706294864937734
FR006874,0,0.022593943803014337
FR003962,0,0.005786524782688184
FR019912,0,0.011333314354174525
FR019331,0,0.0578109765703953
FR006634,0,0.014955876296512072
FR007496,0,0.008686448362185588
FR006323,1,0.8168649556854605
FR015628,0,0.011664845635770435
FR005458,0,0.012890351971886998
FR007514,0,0.005472562324502874
FR014124,0,0.0044022031084712645
FR019643,0,0.002858325502529391
FR002654,0,0.01736273037402791
FR013460,0,0.006323609898633053
FR008181,0,0.09233891052168579
FR000100,0,0.0045513076811193355
FR007205,0,0.01004295559642365
FR006007,0,0.020694131407706137
FR018905,0,0.0052906678412231916
FR017403,0,0.016091413466630566
FR012309,0,0.009263156271466481
FR016196,0,0.027457010026544826
FR000988,0,0.016368861318048405
FR005048,0,0.008852559526607027
FR006682,0,0.009026906154199857
FR010987,0,0.023899865898443364
FR013038,0,0.0045058769965892935
FR010730,0,0.007416537839501358
FR001802,0,0.026553569362905895
FR014446,0,0.005238158877944645
FR007744,0,0.0062723782099175646
FR015912,0,0.018316898995325487
FR015662,0,0.004882439388230966
FR016982,0,0.006748575562543473
FR015401,0,0.027104113576012796
FR010207,0,0.014876199228209161
FR000539,0,0.00704274066970082
FR006535,0,0.009656629774193954
FR010595,0,0.01864430140868726
FR005374,0,0.00842294874710109
FR014331,0,0.004778569648391155
FR004209,0,0.005540145678787119
FR005716,0,0.008352321147822203
FR004117,0,0.02485418726720286
FR003314,0,0.0026474625682391634
FR018954,0,0.015385606595484665
FR003587,0,0.0034743716024453197
FR010988,0,0.003610301620042073
FR015435,0,0.004285097923806984
FR011642,0,0.0453609828103382
FR010997,0,0.006834835553894186
FR012473,0,0.022233086706959348
FR000953,0,0.009509177839849536
FR003133,0,0.005281415869879264
FR012525,0,0.03610387082619008
FR014757,0,0.003533047341724884
FR000371,0,0.01389497396184263
FR007130,0,0.00727440692001662
FR016292,0,0.007214506052007254
FR007169,0,0.043595913657408066
FR006823,0,0.008661237581687645
FR002535,0,0.006062743674400086
FR007960,0,0.004282289109130511
FR005355,0,0.004321159595960426
FR007359,0,0.007423431656283144
FR008112,0,0.013175944995681156
FR000612,0,0.00865897814546746
FR014813,0,0.006024245497596905
FR014791,0,0.0037755809168049555
FR006403,0,0.005281724670861081
FR013570,0,0.0034790246188789995
FR013805,0,0.004340220773882813
FR006130,0,0.0076315272874952185
FR009326,0,0.003845110327629168
FR017742,0,0.005060441154907795
FR000798,0,0.024894523619304814
FR009171,0,0.020606668085270795
FR000347,0,0.008799959741816353
FR012749,0,0.041080775786127254
FR007640,0,0.005914823632604292
FR010324,0,0.003936451748985243
FR000721,0,0.004588448023575908
FR013145,1,0.09891369461750606
FR018368,0,0.0034317148838573772
FR018175,0,0.012741028942149872
FR019431,0,0.05532735935723026
FR015325,0,0.004454301896803708
FR009151,0,0.0067153584653349705
FR008633,0,0.007253863469069086
FR019610,0,0.0019606216120087324
FR019502,0,0.005693733670045463
FR003571,0,0.0060153803872397054
FR017936,0,0.011277504469237315
FR018211,0,0.01029256145364376
FR011969,0,0.006283555143087818
FR004301,1,0.07762516065143533
FR003200,0,0.011706048687000058
FR014829,0,0.0035990202107589186
FR001848,0,0.004006761635841281
FR008675,0,0.011432574576505155
FR013086,0,0.004661345429575086
FR007902,0,0.004411454972922626
FR015026,0,0.002967093594425286
FR009600,0,0.06153300403909498
FR010392,0,0.005740253498070364
FR016680,0,0.020771529096352662
FR015213,0,0.022440108516811625
FR006024,0,0.008552305934903642
FR012339,0,0.008868045545363643
FR018708,0,0.005075279647722354
FR013620,0,0.0028158588344890483
FR008686,0,0.004802839885668234
FR015734,0,0.014744699481295484
FR015855,0,0.0037555343279532228
FR015510,0,0.0032979240116247986
FR007885,0,0.01777855965533599
FR011658,0,0.00026043188034298795
FR000971,0,0.02289042005005344
FR010290,0,0.007878009301394356
FR003841,0,0.01628023289101081
FR019668,0,0.0070366325281294275
FR004507,0,0.24729945614888424
FR019271,0,0.0041880889794554095
FR000384,0,0.006152028122688006
FR015936,0,0.04186286286479729
FR005166,0,0.006050386944953821
FR003704,0,0.007234048189128449
FR007545,0,0.004146277495862745
FR009972,0,0.02354844297041193
FR012241,0,0.012182283236642338
FR008261,0,0.0032467573347115786
FR007386,0,0.043269408604586335
FR005953,0,0.0036052832468148215
FR001658,0,0.011536387209041021
FR004941,0,0.0034344810861597417
FR004624,0,0.006580857224908883
FR019989,0,0.004357454731645051
FR013906,0,0.035218877457355
FR016101,0,0.0059033226208162785
FR005215,0,0.0033592492659792854
FR015208,0,0.017121652868482704
FR001712,0,0.0053769706664295825
FR018046,0,0.004885163285172471
FR002222,0,0.0060338520236257465
FR009360,0,0.004031959614166768
FR003703,0,0.019537733237087525
FR014097,0,0.007832459330420502
FR001013,0,0.004210730548375344
FR006249,0,0.006730609641403737
FR012620,0,0.0066415222277406765
FR016582,0,0.014788683848609402
FR018412,0,0.004677376388287567
FR011256,0,0.004723144861147503
FR008078,0,0.010711158784615968
FR001421,0,0.005962823657808338
FR002333,0,0.004542019414686397
FR002935,0,0.011114462110675663
FR002629,0,0.004783350122068802
FR000301,0,0.007080957708214347
FR001365,0,0.010972942414274543
FR004052,0,0.007417278069279967
FR004268,0,0.01996508924693853
FR010539,0,0.014129129676737453
FR017676,0,0.004360386655278811
FR012616,0,0.009858916698101518
FR001585,0,0.004247438721055283
FR007356,0,0.006200502367027995
FR017370,0,0.0075093227133971
FR014043,0,0.003353312905649474
FR006261,0,0.004906710980155368
FR013689,0,0.005809668058993662
FR005472,0,0.004993985362147696
FR017342,0,0.009883762163952448
FR017510,0,0.01019616982249851
FR016062,0,0.011379851904506189
FR019522,0,0.006333188800116122
FR000540,0,0.007356663622873076
FR017089,0,0.005556276759416698
FR003002,0,0.0037719176018103633
FR013456,0,0.013065247300812979
FR010343,0,0.005221236347668373
FR011039,0,0.00781586317672276
FR015337,0,0.009099330413107476
FR000911,0,0.007250789182787845
FR003285,0,0.01006336295548844
FR004564,0,0.009732062186927414
FR007388,0,0.011993558941465124
FR005223,1,0.6349817004462234
FR004863,0,0.005191138872061814
FR012311,0,0.008799689304026505
FR016997,0,0.13646247961436372
FR019504,0,0.010299454742787907
FR015457,0,0.027333748799765814
FR011071,0,0.013462180099270568
FR010877,0,0.16358692838114397
FR005462,0,0.004712679032151901
FR017277,0,0.022558605722169098
FR000310,0,0.00815818065512542
FR010091,0,0.016831176221334673
FR003786,0,0.010767555279434968
FR010883,0,0.011259813064215885
FR009777,0,0.03167906368386761
FR007361,0,0.007350520331202007
FR016025,0,0.005409883295282354
FR000593,0,0.004675617896277915
FR014199,0,0.05028470763276662
FR013185,0,0.01095522477268048
FR007319,0,0.03176480496253245
FR016049,0,0.014649253084183767
FR014874,0,0.002798762666970322
FR008339,0,0.004118531489428939
FR009599,0,0.01837199700329901
FR010486,0,0.008146984970395314
FR005524,0,0.004617885656775503
FR001207,0,0.01552401560741537
FR015764,0,0.010688046646059053
FR007994,0,0.006177448309557424
FR007827,0,0.011244955581236497
FR014031,0,0.005198415600334594
FR015446,0,0.006890834846436551
FR008903,0,0.006874361175275022
FR015376,0,0.015946570873134395
FR002195,0,0.005743132590122148
FR009215,0,0.010068124599975673
FR017430,0,0.0036453113928675645
FR001418,0,0.023957596607489376
FR002019,0,0.01934907131557065
FR000790,0,0.0072278440747414
FR001662,0,0.12156545069866097
FR010854,0,0.003928400576867445
FR000231,0,0.0062709554526201835
FR012980,0,0.00396973017701785
FR007979,0,0.003580279457673847
FR007231,0,0.0071092001021106415
FR005235,0,0.04221362819192364
FR016110,0,0.005664969441363704
FR003684,0,0.016197082728774147
FR019737,0,0.02472568215239961
FR019832,0,0.0028561395860219226
FR010220,0,0.016233350149153124
FR011782,0,0.003101667525683922
FR003876,0,0.00401938107616
FR006502,0,0.00837053325770678
FR007290,0,0.012110733247231558
FR007519,0,0.008519382450200562
FR014774,0,0.008460971778999854
FR012894,0,0.0034635269203633877
FR005182,0,0.004194691506147726
FR002153,0,0.008295284206023138
FR019215,0,0.006527214881425043
FR009533,0,0.00467472926068728
FR013010,0,0.04733544346027067
FR014924,0,0.005479675393506241
FR005044,0,0.012213056059891592
FR000855,0,0.003824481369480026
FR014010,0,0.008206102651587053
FR004734,0,0.0050509747190394284
FR008155,0,0.007384577088196106
FR005237,0,0.0071953546139121695
FR013227,0,0.08276273661086819
FR010958,0,0.005705166004800971
FR013045,0,0.003914826989027158
FR010808,0,0.01796960366295697
FR015531,0,0.011336189612207462
FR013354,0,0.0036596189223375084
FR010615,0,0.008858020098968017
FR002575,0,0.004688883752222709
FR018092,0,0.004425887322464552
FR010908,0,0.006472055770663547
FR002162,0,0.015873883989485606
FR009475,0,0.005391377210756022
FR003998,0,0.008062388078249046
FR019761,0,0.011173404468289128
FR008647,0,0.006471976042384731
FR013307,0,0.005947338699618239
FR007083,0,0.02033774852898603
FR017816,0,0.010371899087220457
FR014930,0,0.008826486901655899
FR019364,0,0.01179775839985924
FR010482,0,0.004465485476410024
FR008357,0,0.01792374264951435
FR010412,0,0.006909894939657679
FR005869,0,0.008559494798258889
FR011375,0,0.020063510055425636
FR014254,0,0.005923623881996261
FR002288,0,0.006316629874369546
FR012417,0,0.01408024575950618
FR003425,0,0.008076065713846278
FR000199,1,0.08741792256190621
FR006043,0,0.027822642701004485
FR019151,0,0.005563546381217072
FR014859,0,0.0119754356135782
FR005443,0,0.004021283966083655
FR004501,0,0.006158923231904497
FR010115,0,0.004813972420435358
FR015143,0,0.008367453564469711
FR017012,0,0.016069925392816844
FR011029,0,0.010999882397354782
FR011352,0,0.0012428796085091648
FR003986,1,0.09080656110052594
FR015620,0,0.03884311727728483
FR001951,0,0.007938520881811897
FR003915,0,0.0396620130465393
FR010178,0,0.008338396758776357
FR019960,0,0.0022288696743681946
FR010204,0,0.034670335910469814
FR005669,0,0.007329025523497515
FR015968,0,0.011399581752433616
FR001177,0,0.003450589082469299
FR004264,0,0.04038788898114059
FR008593,0,0.018406002517833378
FR011770,0,0.030096531135236516
FR009650,0,0.006349776864923899
FR018992,0,0.02805779758186258
FR012011,0,0.011969451752511046
FR016697,0,0.011040302733213542
FR003231,0,0.011019093229072128
FR014921,0,0.03312376349890734
FR004308,0,0.009091254487275527
FR007182,0,0.015936343292587977
FR012174,0,0.00976744091108663
FR005442,0,0.049977338883440414
FR016551,0,0.004748755556004941
FR017024,0,0.017476811297922303
FR012813,0,0.026414968113926154
FR009741,0,0.01750813687994511
FR006473,0,0.0268098823982155
FR007526,0,0.00910124681563002
FR014170,0,0.005052401396212282
FR009382,0,0.018679722197868138
FR011968,0,0.009451935003337344
FR018740,0,0.012464514103146786
FR001144,0,0.006145473888513807
FR013302,0,0.06537580404502312
FR010318,0,0.01120430553112174
FR005213,0,0.0053344256306474954
FR011490,0,0.0357860863915214
FR010938,0,0.0043082504035462516
FR016425,0,0.027604889522177743
FR010593,0,0.003563484747897163
FR011211,0,0.006752571635369767
FR019892,0,0.008477713726097201
FR016964,0,0.006079388458540949
FR009590,0,0.012483552469152203
FR009232,0,0.008907789674384482
FR017683,0,0.053562780830850275
FR001053,0,0.0033487762761310234
FR010977,0,0.021111955077160783
FR015166,0,0.004263665384405716
FR015169,0,0.014941358151192574
FR008346,0,0.0027829790300052167
FR004725,0,0.004566157663283673
FR011326,0,0.012725452217862726
FR004861,0,0.016494037906906293
FR013172,0,0.006841861420349859
FR005311,0,0.036171017983292246
FR005670,0,0.004938413575137268
FR000421,0,0.028964960979447948
FR002872,0,0.03457854430448173
FR000138,0,0.009079978659381855
FR002797,0,0.007115863765975381
FR004760,0,0.03794107870600595
FR000707,0,0.011566198137207509
FR016877,0,0.004804183768560603
FR018888,0,0.018583873161485614
FR018815,0,0.005975352294405336
FR004584,0,0.004056608641830682
FR016914,0,0.01004072309085846
FR009368,0,0.01926058342268429
FR018217,0,0.028411750968995217
FR001730,0,0.0038647181262512916
FR016907,0,0.005732496110402756
FR016694,0,0.0033389858675638884
FR019674,0,0.003473943183175719
FR007703,0,0.005055408644986969
FR015165,0,0.010315325433383921
FR012386,0,0.009418465571764885
FR015233,0,0.014774300069672987
FR016440,0,0.004152059869325233
FR007753,0,0.003997923431532415
FR011495,0,0.0033111356543862147
FR002964,0,0.08434589814410715
FR007931,0,0.00802685715277939
FR005703,0,0.003671405821082805
FR002169,0,0.023930999017063446
FR002955,0,0.005020068855521316
FR011365,0,0.006064916470721857
FR013203,0,0.00734370510177607
FR018524,0,0.04791137580311256
FR002252,0,0.004110416429984275
FR019003,1,0.007877647366776363
FR001313,0,0.0035532438451633765
FR010394,0,0.03205842028417198
FR000113,0,0.010757502483860629
FR005377,0,0.005556297138646929
FR009657,0,0.007917321994970987
FR002764,0,0.008224356001174105
FR001689,0,0.006102344107988465
FR002722,0,0.007935897626306332
FR009494,0,0.010511078056299262
FR004773,0,0.006653631486527936
FR003287,0,0.0157635019963554
FR018856,0,0.0048745437247963855
FR011663,0,0.005553543709735302
FR015092,0,0.004811488495435165
FR017054,0,0.004157755993302085
FR002283,0,0.007416617710379279
FR015586,0,0.18262398447201034
FR019817,0,0.004964890516257829
FR004890,0,0.01532560904257979
FR012021,0,0.013512443938552046
FR008459,0,0.003680651983777678
FR007100,0,0.006796536069008646
FR011773,0,0.005872807738414368
FR016501,0,0.016605629534742716
FR009160,0,0.004301420804513159
FR018832,0,0.03970523894119773
FR019872,0,0.025820497606904632
FR007053,0,0.004102483407161905
FR016260,0,0.0021001971429344076
FR002686,0,0.020539047282871557
FR006292,0,0.004016598880910852
FR007934,0,0.008003380928854257
FR019846,0,0.004488959398630473
FR006240,0,0.0074356537923164516
FR000336,0,0.008527066866235028
FR018908,0,0.010277108080642522
FR017755,0,0.0445094693833335
FR013645,0,0.007366329806217064
FR007928,0,0.014694785947825228
FR001960,0,0.0047696823455665605
FR003808,0,0.02736666523124144
FR011880,0,0.004666594561382965
FR004462,0,0.004421003741681115
FR014531,0,0.005405467010053801
FR003576,0,0.006735209513669416
FR003633,0,0.08790152853271256
FR011698,0,0.008389731543101854
FR005274,0,0.0058974377899844
FR010169,0,0.005698043821197512
FR004964,1,0.009089580201091687
FR017008,0,0.0038753797975917513
FR018154,0,0.0033477969845128464
FR007647,0,0.0032410783970688293
FR013846,0,0.005965261797630105
FR018283,0,0.012209121304341172
FR001558,0,0.006287040547451391
FR019133,0,0.008386777054663752
FR000573,0,0.00973743754770072
FR016947,0,0.004262100021184924
FR007340,0,0.0006855123522067
FR000844,0,0.013287163782731702
FR002884,0,0.017461445351084744
FR000273,0,0.00987959728058375
FR005125,0,0.0056137053429619445
FR016893,0,0.014082597807562136
FR000732,0,0.00705591028682775
FR014323,0,0.03000917719972646
FR000203,0,0.017179063508324204
FR015103,0,0.01016190584446799
FR014970,0,0.016315255205817735
FR006069,0,0.020291231940763887
FR004522,0,0.004384035441636216
FR010360,0,0.005493517116078089
FR002354,0,0.00819866343445031
FR011959,0,0.015163434316479945
FR005787,0,0.02239384909297323
FR005639,0,0.014288202031916374
FR005289,0,0.018103444074821708
FR012909,0,0.013660647768419501
FR003909,0,0.01421935007891604
FR008002,0,0.007578343051216476
FR017251,0,0.010803644472837227
FR001725,0,0.003814851231744874
FR019731,0,0.007953895977174257
FR019434,0,0.00869567281552667
FR006202,0,0.009305186387592491
FR016820,0,0.01836074656140276
FR001965,0,0.022095742256758037
FR003853,0,0.015808608014179704
FR016114,0,0.014763716336828223
FR012436,0,0.005638146915411114
FR012633,0,0.011358208538150233
FR019550,0,0.008288505793350968
FR002653,0,0.00636856577837742
FR000517,0,0.028662412195911077
FR005057,0,0.062363442100116274
FR019980,0,0.009806314142566821
FR002135,0,0.005877264743911751
FR008005,0,0.0037440100551968335
FR012307,0,0.03840194130663389
FR003680,0,0.09513075817907957
FR015129,0,0.04334831024879437
FR008324,0,0.011617141399001074
FR003782,0,0.01864530032471291
FR010492,0,0.008981756714760182
FR019774,0,0.010137086449558309
FR004717,0,0.004925489402762083
FR018857,0,0.017617102885036536
FR017252,0,0.021309516104359282
FR008100,0,0.0047600499367201265
FR003888,0,0.006297358370691832
FR007691,0,0.007614063326648424
FR005262,0,0.015657379169518232
FR006128,0,0.006370582132915775
FR006091,0,0.06403253748799109
FR005345,0,0.009205838490847685
FR014049,0,0.017395007772117055
FR003341,0,0.02691796075250445
FR008683,0,0.015084721309427623
FR006960,0,0.004740595238259722
FR006475,0,0.004808891637272893
FR000299,0,0.009824053483748487
FR001438,0,0.01235438948827782
FR013351,0,0.01205615079702812
FR002631,0,0.005705348740777618
FR007646,0,0.011832757364611457
FR009652,0,0.0054200063934570246
FR011022,0,0.002805229959016149
FR007513,0,0.02465500931869891
FR011475,0,0.00434727348982676
FR016439,0,0.05078690196022817
FR003354,0,0.0032108807984834223
FR006250,0,0.00446042431151922
FR010925,0,0.00829528899480999
FR011760,0,0.005973831230199465
FR011331,0,0.008860343286222552
FR015765,0,0.003265084111969951
FR018687,0,0.004935636349615723
FR004342,0,0.01818268824301989
FR007821,0,0.02352787368802571
FR013903,0,0.020725186681886356
FR007484,0,0.003004783275903421
FR017113,0,0.003244152300414119
FR016766,0,0.1154009288678008
FR011699,0,0.004706732177650873
FR002725,0,0.012052956884988192
FR007054,0,0.005684869517070294
FR008498,0,0.018027562231328453
FR012623,0,0.009320451773574804
FR017019,0,0.0036715441701533104
FR001709,0,0.016072553407496196
FR017249,1,0.03431639215586501
FR010758,0,0.005812162706738007
FR019416,0,0.019015281063852876
FR019509,0,0.009822858330442793
FR011669,0,0.004224584959481141
FR000903,0,0.04492047308151117
FR012478,0,0.00817041144332543
FR017747,0,0.00976523237808532
FR009895,0,0.014476215617341361
FR004559,0,0.024147623652038916
FR011609,1,0.19681012372279127
FR015966,0,0.006070912858076057
FR013193,0,0.04515099855717828
FR016749,0,0.0062228767359000965
FR008050,0,0.003520971292157954
FR016957,0,0.023554907716921744
FR002919,0,0.003030761814127449
FR010296,0,0.006559124205273461
FR006392,0,0.005127301780997421
FR018400,0,0.00372286134699649
FR006851,0,0.0034734618599329948
FR013346,0,0.026312255120744133
FR009937,0,0.004912071213446882
FR001645,0,0.0035472183436704666
FR014611,1,0.02229673350196978
FR003416,0,0.004709095438020367
FR017013,0,0.022871354445104117
FR009960,0,0.005603444863731937
FR002026,0,0.008000843723923132
FR016115,0,0.018917191980521688
FR013317,0,0.006999986234171248
FR002393,0,0.008590324144059398
FR005259,1,0.013329373962403196
FR004186,0,0.0033312531644595217
FR018668,0,0.06856977084128997
FR016913,0,0.01068530997039579
FR017964,0,0.00317463693716047
FR008855,0,0.006585127115343784
FR009397,0,0.006349132910401991
FR008621,0,0.010483179973576532
FR006550,0,0.0097703175410576
FR000967,0,0.025183323065670126
FR005359,0,0.009059953625231066
FR000188,0,0.004058479113937093
FR014907,0,0.004833876895585793
FR003878,0,0.003856554832643221
FR014468,0,0.010464425874688288
FR012107,0,0.005477980666615045
FR017336,0,0.006513178935805684
FR004509,0,0.011337697215529097
FR007060,0,0.004320984650152449
FR009874,0,0.012321376748732247
FR018117,0,0.007803676191372926
FR017924,0,0.007575240237799419
FR007927,0,0.019665884398337607
FR015843,0,0.013336650616927723
FR017096,1,0.6429083005388428
FR014543,0,0.006598153645002369
FR018507,0,0.008657019062803918
FR018497,0,0.010544725253407989
FR018224,0,0.01168661897467114
FR000252,0,0.0034396337388556183
FR012254,0,0.01622374962248072
FR016816,0,0.005055837731137251
FR019725,0,0.013558775493654694
FR018353,0,0.01729582138933891
FR004204,0,0.0031155235011254465
FR009523,0,0.0075486703286405015
FR004417,0,0.015352260220326513
FR013536,0,0.062159198227189884
FR008203,0,0.004227202053823041
FR010264,0,0.003034571838738438
FR003706,0,0.012002136622601633
FR010096,0,0.10512832648992858
FR004701,0,0.008778432744598523
FR012700,0,0.007925930313735145
FR019553,0,0.024269974401555594
FR008119,0,0.004375836963479974
FR015907,0,0.014631840304619894
FR008901,0,0.05257426004565082
FR013548,0,0.03630107651436826
FR005466,0,0.003533227242484068
FR019306,0,0.004991298142057489
FR010253,0,0.018656731517835787
FR016761,0,0.00881228640314003
FR008557,0,0.1473816134002245
FR009694,0,0.0043270588133447795
FR007656,0,0.006566372320611943
FR000629,0,0.007478924914066473
FR001587,0,0.012223060463696714
FR013628,0,0.004074806949752499
FR010328,0,0.02599790993865733
FR011051,0,0.010856626499190752
FR014652,0,0.0039142757288658
FR010068,0,0.005703280994637349
FR000758,0,0.011534156262460488
FR009273,0,0.005298970287285188
FR017593,0,0.03849343045197139
FR007001,0,0.022909844065725257
FR012189,0,0.03182455992612381
FR012213,0,0.029371723356556283
FR003787,0,0.006729251568155789
FR000190,0,0.006794831012689882
FR012103,0,0.0051613644604269334
FR002304,0,0.0068467742768722395
FR012117,0,0.021139373514338394
FR019979,0,0.00872450437311747
FR017098,0,0.0074375272236299915
FR004904,0,0.011172125554691681
FR017304,0,0.005040788179947593
FR000337,0,0.007410272314853662
FR013385,0,0.04309021689970206
FR002411,0,0.028153177651667107
FR005217,0,0.04803307919472874
FR001226,0,0.004879471672442712
FR001887,0,0.0029644220041668175
FR014957,0,0.0034610277295813604
FR004408,0,0.008084332387905287
FR016685,0,0.013140231024776529
FR001736,0,0.006661068019094126
FR017050,0,0.005525563378491835
FR016670,0,0.0052193385335175466
FR011269,0,0.020574598728374808
FR005013,0,0.004394641301126377
FR015579,0,0.010947568370026417
FR005198,0,0.0046276966487718936
FR019595,0,0.02450702090399047
FR014211,0,0.0033099093657845773
FR005864,0,0.015365201330853423
FR008276,0,0.00620090306319939
FR014537,0,0.014719722344428166
FR003389,0,0.0069895818672670584
FR013260,0,0.005323032650769846
FR004449,0,0.0071831673094306
FR018475,0,0.029714745677213463
FR009337,0,0.012574177969682908
FR013586,0,0.016575740376145492
FR012496,0,0.026435616181306614
FR011397,0,0.006741952095423005
FR017987,0,0.021858336091235105
FR016248,0,0.009554830119721752
FR019113,0,0.007009663528161621
FR013604,0,0.003326575808924014
FR005776,0,0.005093175570289822
FR000488,0,0.007274567517791757
FR004057,0,0.009126205610378219
FR015625,0,0.024205669985817746
FR004013,0,0.01993013216024964
FR008006,0,0.00985873862298336
FR004838,0,0.00788835826658293
FR014054,0,0.02873020826890425
FR016073,0,0.07297045079536689
FR012738,0,0.013117123274694232
FR018874,0,0.0030840698049392086
FR012858,0,0.01987043693388008
FR005771,0,0.012116545422356406
FR009035,0,0.005233838362029356
FR008688,0,0.0120663423576738
FR014614,0,0.003943571623320148
FR015772,0,0.03804474449614074
FR016180,0,0.003814399182637039
FR017083,0,0.007065134762474486
FR006432,0,0.0054033592968596314
FR019324,0,0.006831893175325086
FR018519,0,0.004538170059868016
FR009852,0,0.006683944594273713
FR012907,0,0.04269721578219506
FR014885,1,0.0422843457445358
FR004626,0,0.004915042617796835
FR019575,0,0.00847289818192711
FR012664,0,0.008684807052995012
FR012993,0,0.014980279036183779
FR014552,0,0.012694422513264568
FR001952,0,0.005344059475203809
FR000041,0,0.02161938122564454
FR006649,0,0.016323971089197795
FR017337,0,0.03646318244197191
FR007240,0,0.03145816309257451
FR009560,0,0.011008809468688499
FR013497,0,0.006758361620389705
FR007787,0,0.01824190872121298
FR009790,0,0.022239827630037734
FR005419,0,0.021809427221982463
FR016684,0,0.006583288399361144
FR001956,0,0.010991743679479396
FR014709,0,0.011337196298535288
FR018194,0,0.006753989717642826
FR018930,0,0.004488580350959378
FR005898,0,0.022022126498088202
FR002244,0,0.02558284742258557
FR013870,0,0.03095011437107921
FR015451,0,0.01184077181572417
FR000445,0,0.00406649617790219
FR005393,0,0.00541247925841263
FR002852,0,0.023691694938193415
FR016082,0,0.01308811078638191
FR002425,1,0.7168380279726415
FR017719,0,0.003373936045516744
FR015566,0,0.00023504583837004618
FR009851,0,0.003196425718385352
FR015424,0,0.0033641174948878237
FR008682,0,0.008772538663770528
FR006551,0,0.01332945927910606
FR015163,0,0.006285151979986973
FR012632,0,0.006012859406171693
FR004055,0,0.01062731239017411
FR015124,0,0.02150686727582966
FR015034,0,0.007619719376057581
FR014665,0,0.02248648997563181
FR018345,0,0.016811392225726234
FR000972,0,0.0024151401437368662
FR005069,0,0.018904459819780707
FR007464,0,0.004654314414814846
FR008415,0,0.011901843138234017
FR011708,0,0.0030563397332942755
FR018742,0,0.006461713531806717
FR003987,0,0.002749767916012701
FR010519,0,0.021521060332992576
FR010872,0,0.048625139677185375
FR012099,0,0.023025219172488117
FR017534,0,0.008412339818655945
FR011455,0,0.011991309793748824
FR007396,1,0.023364085127023485
FR010190,0,0.007468396175423106
FR017609,0,0.004202945297747502
FR010576,0,0.10216035801322802
FR011850,0,0.004441871752012148
FR003809,0,0.024262935704464677
FR002303,0,0.008179208177425887
FR015537,0,0.013135889449353967
FR014735,0,0.005530555173055036
FR001233,0,0.007527944349409159
FR007687,0,0.008256698126776948
FR000950,0,0.026139263544729507
FR002365,0,0.0036248662961113165
FR000286,0,0.006544535415271487
FR018752,0,0.003003015905890813
FR010058,0,0.004437232100516486
FR001524,0,0.0035644398874694425
FR008288,0,0.003400306012344733
FR015235,0,0.053226583081047385
FR015506,0,0.014650665178490318
FR014839,0,0.008052967519597474
FR010048,0,0.006314740100682351
FR001849,0,0.02485072464658855
FR005309,0,0.008031047715613344
FR013111,0,0.008718069011542325
FR009014,0,0.02359262716098251
FR019830,0,0.016906706847956362
FR017090,1,0.009751102287367924
FR017101,0,0.00625951451413036
FR002007,0,0.016185350730859565
FR010984,0,0.0005087634591143462
FR017549,0,0.004615186010540658
FR004183,0,0.005777220312205365
FR017233,0,0.005162087926908956
FR019210,0,0.01260065076623502
FR003858,0,0.00660604050233872
FR000346,0,0.026009598953092603
FR002234,0,0.003266943063197251
FR016017,1,0.007555887562874537
FR014823,0,0.020037841637250958
FR018951,0,0.0039118332974321145
FR019108,0,0.005039940454658991
FR016021,1,0.061076429131211106
FR002148,0,0.006915669103860448
FR002518,0,0.013065393147310663
FR009477,0,0.06221812187690275
FR008488,0,0.005007980511785099
FR014369,0,0.009515070261207317
FR004547,0,0.009183677300598873
FR010556,0,0.0158278091857376
FR007108,0,0.003627297341388704
FR016934,0,0.00712619675033111
FR011332,0,0.12359975265799877
FR007795,0,0.00334000103459701
FR007025,0,0.0311106016083971
FR006986,0,0.022477811476778964
FR001239,0,0.011423492776090305
FR010829,0,0.00810022450400059
FR012551,0,0.02590897162685545
FR010592,0,0.0022822118833452096
FR011298,0,0.023799806767609847
FR013644,0,0.00631463987344167
FR003920,0,0.008366516249929347
FR015076,0,0.006156063394597137
FR015651,0,0.004128995447180569
FR001827,0,0.04829253768244963
FR010320,0,0.0033426750654344983
FR017046,0,0.0034230224781440165
FR005453,0,0.005951018576816233
FR006635,0,0.03418626786302483
FR018450,0,0.06363834716887942
FR014116,0,0.004118091466668539
FR007657,0,0.022635103042410325
FR015589,0,0.009207044596233617
FR010849,0,0.044861357544186374
FR000155,0,0.009273883066246219
FR013677,0,0.021076592459071637
FR005488,0,0.0061971976275485875
FR008832,0,0.005585192170081919
FR018455,0,0.05236870772779948
FR013442,0,0.033990200142431766
FR008723,1,0.03350187307062302
FR010577,0,0.0060524873432564645
FR012571,0,0.006279310717642739
FR009334,0,0.012927741884477649
FR019514,0,0.00932587605228881
FR002460,0,0.002165566771030744
FR011131,0,0.002770447309906436
FR000607,0,0.0022672060975170386
FR017733,0,0.006525720273128376
FR011996,0,0.0050532376897413946
FR017540,0,0.010544026182623978
FR001914,0,0.008180379918289009
FR013773,0,0.004286863454158856
FR010400,0,0.10922347700496116
FR016402,0,0.006511321430079692
FR007522,0,0.01632357629167705
FR005279,0,0.008280262755815984
FR002415,0,0.008825991954187075
FR008108,0,0.005687573441102926
FR004442,0,0.004990626994186234
FR005366,0,0.0069523793622893555
FR017872,0,0.013290616882660736
FR012852,0,0.02615409468625785
FR008879,0,0.007392288326841588
FR009128,0,0.010096203520816556
FR006205,0,0.011991184046577877
FR015549,0,0.0043655465389487525
FR007627,0,0.013678236911139357
FR010251,0,0.005146313424323448
FR010391,0,0.0058454682679043345
FR003864,0,0.006315456173339558
FR015465,0,0.00469754049200298
FR002997,0,0.011361870877643536
FR017562,0,0.007065437597455544
FR018219,0,0.0047124330632535
FR014047,0,0.005694894216645687
FR013024,0,0.0064289024611835464
FR013349,0,0.024901347234215915
FR004409,0,0.0058025714094919745
FR016107,0,0.013434492634701504
FR003994,0,0.010894208175414463
FR017529,0,0.002949869503245937
FR013188,0,0.006325202982727619
FR009304,0,0.0159846113521287
FR014623,0,0.010548587618735653
FR019156,0,0.011776689215943006
FR016329,0,0.01341828604969323
FR002360,0,0.005055162061968148
FR013979,0,0.0081967678260972
FR007112,0,0.0056509865375083635
FR018974,0,0.02858646085370918
FR017599,0,0.03969453897824286
FR010423,0,0.02845409920617493
FR019600,0,0.018440276088518046
FR010824,1,0.006350057020669392
FR017701,0,0.006043503570010746
FR003415,0,0.007274285609199152
FR015872,0,0.00829213512542428
FR017273,0,0.004299682876515547
FR006176,0,0.010024149719301809
FR015963,0,0.01765050869422283
FR010957,0,0.021277569542916056
FR005444,0,0.003618011440461149
FR015261,0,0.0027018400253650578
FR011137,0,0.01607552734867734
FR006513,0,0.006054924347963284
FR001852,0,0.01069774805329217
FR001713,0,0.01199003362848205
FR017405,0,0.00648018732116817
FR010144,0,0.008574230816077994
FR006747,0,0.013488125199874565
FR010518,0,0.016336904299920355
FR007878,0,0.007397537431267143
FR013833,0,0.020345887028101087
FR009288,0,0.006345576100715205
FR004597,0,0.003375702044100611
FR008511,0,0.005463876292511619
FR005149,0,0.027366627332701222
FR005570,0,0.006354592555972591
FR019409,0,0.004395672162086521
FR000261,0,0.010825217745451603
FR001764,0,0.017697941365047067
FR015368,0,0.006508661054183837
FR014143,0,0.00496738965833814
FR011086,0,0.0031613369311661783
FR010356,0,0.007212967545459051
FR005297,0,0.004966460692840302
FR013753,0,0.005678160863228692
FR001939,0,0.008674495240265168
FR009566,0,0.016376838717331577
FR008389,0,0.00539231258649626
FR007854,0,0.1708264535240471
FR013096,1,0.7113573099587415
FR015997,0,0.003832629492394209
FR003816,0,0.007421521583158071
FR016295,0,0.017463818790794602
FR001918,0,0.0032227934548473176
FR005054,0,0.01020208336690939
FR006072,0,0.006607256753057948
FR000620,0,0.09650365620034773
FR012097,0,0.035740413843337406
FR012476,0,0.05562491450166877
FR013393,0,0.02068575964820006
FR008450,0,0.006968521217404409
FR003185,0,0.022025006218033136
FR012520,0,0.009568930620519465
FR016051,0,0.007465715594785549
FR017890,0,0.00361324520919907
FR017075,0,0.021235372282630074
FR001317,0,0.010799229266836971
FR001485,0,0.006991295441556193
FR016897,0,0.00930235259590298
FR011026,0,0.010083143529453229
FR015547,0,0.012237324006698308
FR018240,0,0.02031172537739485
FR006637,0,0.004398753624089598
FR005675,0,0.03438577261956877
FR008036,0,0.015094681664096022
FR002514,0,0.02472928218316214
FR016599,0,0.011487658869905298
FR009414,0,0.004659602272892679
FR016394,0,0.01140473973927905
FR004326,0,0.0035355668410113777
FR005056,0,0.012095855465859284
FR012578,0,0.0026217123804358213
FR010066,0,0.005322299358456771
FR010888,0,0.009217284331934484
FR012220,0,0.011522226746420677
FR019739,0,0.010907978873341216
FR018489,0,0.0036731308295720046
FR002851,0,0.03521578293836506
FR014524,0,0.01114931899786656
FR017344,0,0.020959369535452174
FR002473,0,0.053668104307182635
FR008034,0,0.02819329613685342
FR003890,0,0.011022416463215778
FR014328,0,0.024941913362081135
FR010240,0,0.045182641807035455
FR007472,0,0.03725906567650512
FR005451,0,0.015033038371508703
FR001018,0,0.030163478157309895
FR018657,0,0.016674366787281725
FR007705,0,0.008813577571201464
FR002794,0,0.012260338785313187
FR000899,0,0.03419976176021867
FR008733,0,0.01609993422844922
FR012000,0,0.011025165545935347
FR014378,0,0.007959909781722617
FR005690,1,0.7633692213683251
FR017136,0,0.008516574421988297
FR011805,0,0.007961615284645241
FR011955,0,0.006589969606280025
FR014310,0,0.018479813474340547
FR007372,0,0.008433984098567165
FR013395,0,0.007604806170291571
FR010390,0,0.011390974804128132
FR002495,0,0.00437601229975611
FR011501,0,0.0038891709968903493
FR017977,0,0.010051568006847684
FR008260,0,0.006876426756376775
FR000266,0,0.00983231226262722
FR004228,0,0.006854338742057989
FR016437,0,0.007401695701950203
FR018320,0,0.0064018928403246625
FR013028,0,0.015362269868548483
FR001796,0,0.006726938381018648
FR018216,0,0.01128012025137865
FR008044,0,0.015549213544114135
FR011666,0,0.004357790595490527
FR004480,0,0.024293203731601504
FR006254,0,0.004261654097744299
FR010406,0,0.013022910704087528
FR019265,0,0.0700408749056055
FR009076,0,0.014330119218042508
FR006978,0,0.00490672377044283
FR000344,0,0.008528646179508343
FR018584,0,0.045112741957142044
FR006933,0,0.003523082452576392
FR002805,0,0.03781766043870083
FR016095,0,0.004364141066188996
FR003063,0,0.01517934299446354
FR008868,0,0.05920672731698024
FR019410,0,0.03698244477781432
FR000839,0,0.00625210319986392
FR000018,0,0.01110996629036732
FR002428,0,0.007027641955744492
FR008332,0,0.005178068086973175
FR016703,0,0.008327991161524377
FR019818,0,0.007173409579493664
FR004076,0,0.022100087515910218
FR006815,0,0.009058129249492557
FR006585,0,0.004492582885924173
FR007715,0,0.0057462217290217416
FR009499,1,0.013615709641186436
FR010594,0,0.01971474005399449
FR016931,0,0.02107056970873489
FR018786,0,0.008917692438323703
FR001886,0,0.022360583965519838
FR012008,0,0.009570818457594618
FR005495,0,0.017259733272939014
FR015640,0,0.005219975103087637
FR001192,0,0.015647366260874648
FR011273,0,0.003168781915549076
FR001920,0,0.003155781991123664
FR018116,0,0.008056644181219859
FR017477,0,0.019165433346806666
FR007549,0,0.07406166280444705
FR001560,0,0.006188354409825598
FR007550,0,0.010044505772913256
FR015373,0,0.004863956658313246
FR003614,0,0.002790586856282147
FR002841,0,0.002730679611843782
FR007105,0,0.007637297024409663
FR019056,0,0.0035954801334123227
FR015442,0,0.0009463234668166803
FR009492,0,0.008344529033280021
FR006123,0,0.013866555009870177
FR009854,0,0.008907534356065968
FR004133,0,0.011543817606178458
FR002249,0,0.07059878987310407
FR017730,0,0.008219379749371133
FR018414,0,0.01605161264342556
FR002391,0,0.020719465960935744
FR008010,0,0.0295587179930199
FR002566,0,0.006130404730207706
FR018646,0,0.004990235138472541
FR009072,0,0.00825006765550246
FR014462,0,0.004939142651027997
FR007952,0,0.005088255224743674
FR007406,0,0.010373272667035425
FR004044,0,0.005583771826818566
FR006674,0,0.005340015686145835
FR007222,0,0.005329497802660996
FR000819,0,0.0038300818380860376
FR019287,0,0.007806811996193139
FR008496,0,0.011485857104290273
FR018934,0,0.007931880655862736
FR018898,0,0.00798719097228843
FR011574,0,0.011103652029763761
FR003799,0,0.03818236782057913
FR008258,0,0.005921209689469617
FR019708,0,0.025510244571965712
FR012503,0,0.03031066948207101
FR010025,0,0.005601500899234203
FR011810,1,0.2708972353913455
FR002708,0,0.005410978445994692
FR004112,0,0.012600409260314901
FR016296,0,0.004337160017682472
FR001564,0,0.005934138814022887
FR017296,0,0.012168156827426932
FR005120,0,0.005702138560161943
FR000343,0,0.008394838047817675
FR002933,0,0.0055162186425632585
FR013239,1,0.007856950559369094
FR000952,0,0.0026557821868902014
FR000443,0,0.01678630645182544
FR019949,0,0.005209075665940585
FR003919,0,0.022157784138392644
FR018747,0,0.020507735585627046
FR008787,0,0.0334673751025312
FR015215,0,0.00644085082468164
FR013513,0,0.0047805409905122345
FR000420,0,0.005479846964113989
FR002342,0,0.03376321530420482
FR010452,0,0.010292763680999663
FR002815,0,0.006094035330202245
FR002867,0,0.00475598068104665
FR009158,0,0.013599784843004973
FR004396,0,0.004676906426830344
FR002401,0,0.011059596783652393
FR005760,0,0.008573333411690457
FR017254,0,0.011095554756742227
FR001667,0,0.02170594114437001
FR015695,0,0.0049865730086165105
FR010074,0,0.010923214620811196
FR017955,0,0.006000434735426274
FR017842,0,0.00516596572007212
FR000458,0,0.00427245474882777
FR009716,0,0.01680555766331974
FR010474,0,0.008468635839893806
FR017939,0,0.03882948017379225
FR013882,0,0.006728143565582079
FR011853,1,0.3093124061848513
FR008928,0,0.007529423906607891
FR017326,0,0.005125246065761789
FR003822,0,0.005921908321887254
FR008727,0,0.0405724290364269
FR007170,0,0.01822197756279734
FR011095,0,0.00794763370440652
FR008769,0,0.007295046997195904
FR009953,0,0.009443766479520993
FR003865,0,0.006116037132476121
FR011424,0,0.005956803311757918
FR007613,0,0.004027652663828284
FR008471,0,0.016745952466329168
FR006171,0,0.005275526599369065
FR005554,0,0.011656276321910514
FR016468,0,0.08825006835610545
FR004030,0,0.00904665459431804
FR008409,0,0.008885752125213564
FR002189,0,0.008529694003832997
FR017278,0,0.014613199152395548
FR011442,0,0.014066143246878446
FR006603,0,0.02166378425487625
FR011830,0,0.004713556896729248
FR003371,0,0.007357621972868822
FR018423,0,0.0060590303308345065
FR000575,0,0.005271448152544948
FR010284,0,0.003984689270967532
FR018837,0,0.004094754577186599
FR015513,0,0.04125258166475334
FR011482,0,0.004852937170084069
FR014217,0,0.016283609394028346
FR008560,0,0.005175835045014839
FR007289,0,0.005617675722758852
FR011882,0,0.008318351845409367
FR013178,0,0.012889195304870356
FR000762,0,0.005054505086696266
FR013403,0,0.011137681202465296
FR015568,0,0.005346766240610569
FR019101,0,0.0034260601418634527
FR011204,0,0.006793079057590863
FR014690,0,0.0034881857316858256
FR015270,0,0.004323273047381624
FR014732,0,0.03953311370970183
FR003673,0,0.0075477588815272105
FR001133,0,0.008526121116167984
FR003326,0,0.012151546858902148
FR006285,0,0.006211776399360148
FR011606,0,0.003976897450559188
FR002954,0,0.015391267766808082
FR013835,0,0.004750225299343853
FR012396,0,0.011190619201924006
FR018626,0,0.011526085067545058
FR012559,0,0.009911845840836606
FR006425,0,0.033357096500195506
FR002819,0,0.006188410427070246
FR013123,0,0.0019267017916581395
FR014787,0,0.006897116759179623
FR010715,0,0.012103058558342763
FR002719,0,0.010289343161723218
FR019237,0,0.005973358494793919
FR010257,0,0.0043041623406866346
FR003066,0,0.02477649209908069
FR002860,0,0.0072394075158230065
FR003698,0,0.00314065691210876
FR011017,0,0.007240406502435904
FR001509,0,0.024189362578924494
FR016360,0,0.0072548490176160005
FR015020,0,0.011823689972404119
FR019096,0,0.015047217594464578
FR005316,0,0.016368388133138508
FR002876,0,0.005716515079876333
FR017913,0,0.006853594282781414
FR018834,0,0.003613215443013892
FR007217,0,0.02251571702782272
FR001957,0,0.022243691314709244
FR018129,0,0.007253626665942582
FR005007,0,0.006207560650345657
FR004345,0,0.006907991554247601
FR010939,0,0.009267393951118101
FR001122,0,0.003922932571732715
FR014749,0,0.02625484567528336
FR010640,0,0.004584171299919691
FR015386,0,0.007107129918162873
FR005817,0,0.01699738715531592
FR015067,0,0.014902907628244247
FR016259,0,0.11830703987293976
FR017620,0,0.020648138474944476
FR015008,0,0.053461629654402036
FR000391,0,0.02382209549703441
FR004795,0,0.012852412882366658
FR010629,0,0.0066996900376938605
FR004839,0,0.005413027846900263
FR004412,0,0.0008384278012114571
FR009974,0,0.005059904024930473
FR007968,0,0.008200967545821993
FR010769,0,0.043568160504381226
FR010823,0,0.006100370094762921
FR016420,0,0.0037233773592053564
FR013126,0,0.012638999045713148
FR005804,0,0.012065852820968425
FR005354,0,0.019547274880390184
FR014915,0,0.004194284941772766
FR018329,0,0.012158268597630223
FR008067,0,0.0034175691234759713
FR007781,0,0.0041506503767698225
FR016099,0,0.003670502959684582
FR001316,0,0.1819912481689504
FR001212,0,0.022426777967749917
FR010205,0,0.0022300137295058736
FR018779,0,0.005208393061715405
FR006125,0,0.00945589195042993
FR007379,0,0.032737262842893626
FR017654,0,0.017451323109285165
FR002945,0,0.01700847556886929
FR006596,0,0.005758617588388655
FR007080,0,0.007400004343393059
FR016560,1,0.10941784538390291
FR015725,0,0.0032932419743762925
FR014680,0,0.006497945385356317
FR006639,0,0.03280707357412804
FR005841,0,0.007739985463416264
FR003947,0,0.01723338325063647
FR001113,0,0.012350162102045217
FR007000,0,0.012163494875305504
FR003377,0,0.017129975671399345
FR001290,0,0.01140480689847728
FR003735,0,0.48483481433451986
FR017657,0,0.009943101027914488
FR002032,0,0.01984995037588604
FR001525,0,0.012663646950313493
FR009713,0,0.006703366569929409
FR007521,0,0.0145928392914001
FR019063,0,0.006031958146750265
FR011876,0,0.0054923812196046974
FR001096,0,0.002520124550589909
FR007939,0,0.0341576535214019
FR011010,0,0.0047201735609615466
FR019158,0,0.0050854925029871515
FR016961,0,0.010645071943578131
FR018910,0,0.006056708238603908
FR017591,0,0.023227791784140337
FR018566,0,0.01072364613994308
FR018200,0,0.0033660623097369648
FR002133,0,0.006903740311436112
FR018675,0,0.03158514370932706
FR013867,0,0.0062424290045282925
FR007374,0,0.004705093723211466
FR013479,0,0.00676670904410528
FR019285,0,0.005993673581719243
FR015987,0,0.00429895609018434
FR011205,0,0.0034107393520015667
FR016785,0,0.015249194325120364
FR014135,0,0.0029767758129582017
FR014755,0,0.008125509103445392
FR015184,0,0.007548472886869893
FR002187,0,0.008925072789916466
FR004560,0,0.005036403595209782
FR003351,0,0.0028581013528834174
FR004150,0,0.012502059806335028
FR019970,0,0.004984681037375997
FR011919,0,0.028106506928898326
FR019988,0,0.01102540938665293
FR016169,0,0.007625879626358596
FR016131,0,0.00991627425252125
FR005397,0,0.002600084574983855
FR014633,0,0.009190941167303455
FR010420,0,0.0026131329555188557
FR010529,0,0.010157268612240209
FR011577,0,0.004049650495842169
FR014674,0,0.003968313044786933
FR012699,0,0.005242352628844166
FR015258,0,0.03902532987776062
FR016474,0,0.02476842494404256
FR003365,0,0.005299185623717977
FR017358,0,0.005343744491048317
FR012795,0,0.025081805301274473
FR004267,0,0.004060439867473967
FR005689,0,0.005444716757651544
FR016912,0,0.0035246184306621914
FR004859,0,0.016915982934620367
FR010880,0,0.009282821067122707
FR015225,0,0.002675443897134301
FR016770,0,0.009034044382859688
FR016976,0,0.01413893750388582
FR002263,0,0.007450727841086413
FR007286,0,0.013100994172402515
FR007974,0,0.08082537413947109
FR019997,0,0.004706813924930472
FR012864,0,0.008750568610443212
FR014971,0,0.022819607177678752
FR015055,0,0.007249476224452216
FR003838,0,0.00939007318031899
FR015730,0,0.05464251871978867
FR000841,0,0.033428632806116236
FR006907,0,0.05571248025554781
FR019957,0,0.15782022534848283
FR007547,0,0.005192139506328123
FR005709,0,0.025696218817380313
FR019592,0,0.003960443059366602
FR001617,0,0.031839761344240464
FR000242,0,0.013723683467851688
FR012347,0,0.004385146115642034
FR005638,0,0.007241074628987623
FR014812,0,0.01459787893232097
FR002843,0,0.012829241917700906
FR009015,0,0.004439363031152791
FR014707,0,0.01626180926329296
FR000649,0,0.02607050665747485
FR013332,0,0.0034114802120493288
FR005803,0,0.006412235245695758
FR016583,0,0.005541424277798007
FR006906,0,0.0038442442202154176
FR008884,0,0.06645445681239134
FR005606,0,0.01003604362441681
FR010524,0,0.00546476245242625
FR008268,0,0.0038569405401805384
FR012300,0,0.008651235910817337
FR003692,0,0.014289611739122266
FR013204,0,0.014372216542058865
FR016278,0,0.04844544328396519
FR015343,0,0.004326846692597146
FR017545,0,0.013080400660860839
FR006014,0,0.0055554468767849705
FR016212,0,0.018197627027463747
FR007187,0,0.022143145375865026
FR011115,0,0.01455357375436713
FR001360,0,0.006125759694311707
FR013896,0,0.019159618442432344
FR008394,0,0.004320485682691785
FR009418,0,0.00791515367670644
FR002277,0,0.004443783908346134
FR017034,0,0.007585646529046103
FR017057,0,0.08282069878053912
FR000074,0,0.012880516211764644
FR002988,0,0.011568431642030313
FR016866,0,0.007217090688718887
FR010442,0,0.005934116290247363
FR006722,0,0.002230949051442399
FR004226,0,0.004253274158358224
FR000355,0,0.008125086927608249
FR008075,0,0.006729012160157609
FR000137,0,0.006480638685879631
FR002922,0,0.004588075328955947
FR004221,0,0.003772570777237029
FR007857,0,0.005813871902001232
FR019752,0,0.0017363478720547488
FR014353,0,0.006100625982412868
FR008773,0,0.012974146555648996
FR007056,1,0.43713012708083515
FR003419,0,0.006625009928662724
FR001812,0,0.022832677373301538
FR011242,0,0.02788067099414772
FR003603,0,0.015192483999963561
FR000295,0,0.008523102221306056
FR000763,0,0.024985742602322596
FR004164,0,0.009750415483614093
FR005868,0,0.004844704419762068
FR007186,0,0.0051956071318955245
FR008452,0,0.015505852958187877
FR019384,0,0.004302866915743935
FR006759,0,0.005333736509337952
FR007225,0,0.004740285106521143
FR012413,0,0.007546523952736282
FR008942,0,0.005580816519790906
FR019488,0,0.022066589624451943
FR005548,0,0.0030427931677026836
FR006878,0,0.01735548719368694
FR015610,0,0.08818279771680392
FR003671,0,0.009181702579587598
FR011695,0,0.006556328502965049
FR006990,0,0.010471726470590498
FR016207,0,0.00697178081713683
FR001414,0,0.026932104486259694
FR011813,0,0.011878382548511769
FR011306,0,0.041836817452358795
FR007680,0,0.002454943900104665
FR005257,0,0.005709476935380223
FR006379,0,0.03745957551147253
FR006721,0,0.04062082649092309
FR002361,0,0.010449887301633176
FR009816,0,0.0023313978060853615
FR002932,0,0.00912324558413679
FR004476,0,0.02267046843974686
FR002159,0,0.014786716686883679
FR007660,0,0.009822922866443564
FR018143,0,0.0070031125165735605
FR010815,0,0.016445325171539158
FR018398,0,0.04023231147824223
FR018304,0,0.011581270854270562
FR012274,0,0.0042618375360714885
FR006979,0,0.030769911277177864
FR005525,0,0.005041626095798357
FR013632,0,0.008131570069493062
FR003236,0,0.01921888194699102
FR017630,0,0.003780668680472993
FR015721,0,0.019919885279867138
FR012807,0,0.006571088432814569
FR011128,0,0.003696953872898381
FR012927,0,0.004878755062882591
FR004545,0,0.008278685681094978
FR000278,0,0.03187143908648077
FR019393,0,0.004278840792565223
FR012208,0,0.010179603128933372
FR011235,0,0.009056255593690107
FR004094,0,0.01106739317734195
FR005595,0,0.00886688473266231
FR003445,0,0.022708266860222138
FR014987,0,0.00401850958150067
FR002345,0,0.021728304953988004
FR019776,0,0.00553182006662831
FR012948,0,0.007870090672535092
FR004983,0,0.09175911607562999
FR009638,0,0.007428172236969646
FR007402,0,0.018974441167211226
FR014579,0,0.07994059074719177
FR002180,0,0.008191338721956284
FR007580,0,0.003299336838475484
FR019067,0,0.031186733092872326
FR019437,0,0.020952137443736137
FR015478,0,0.005137087876040056
FR012118,0,0.020967861066549326
FR019228,0,0.006308006346378764
FR019711,0,0.003479022121064669
FR014174,0,0.017451648593105756
FR013053,0,0.009718094372254108
FR018088,0,0.041046763857140095
FR016729,0,0.028088521023460506
FR000913,0,0.004872486854297316
FR010968,0,0.009425725198004182
FR015580,0,0.0029762833267724526
FR018970,0,0.009598714098295914
FR011670,0,0.01231801197114564
FR018354,0,0.0028954621859700754
FR000978,0,0.005097719257883709
FR013106,0,0.007565230683757691
FR003320,0,0.03281119220101907
FR012136,0,0.0533336825788878
FR016797,0,0.07826257364199847
FR003582,0,0.004941960163138417
FR012328,0,0.006449675404629052
FR005485,0,0.003336920734450577
FR014525,0,0.02616044439485736
FR008362,0,0.006288573893650773
FR001637,0,0.00986553119318463
FR016540,0,0.01392126892048085
FR015201,0,0.08507670771375475
FR014694,0,0.005030488515905061
FR014875,0,0.017906094827358932
FR015533,0,0.015359101979097532
FR001987,0,0.007960817054511134
FR017182,0,0.010013869257217733
FR003019,0,0.011663700427499734
FR010803,0,0.003488872658045421
FR005446,0,0.041527609273397575
FR003773,0,0.027621631639465887
FR016687,0,0.006665042843418162
FR015023,0,0.002200309341874583
FR007432,0,0.0056174372133155305
FR016921,0,0.007805747623685789
FR016510,0,0.0025292766247835673
FR000379,1,0.05879670286146835
FR000780,0,0.009902497218202216
FR002752,0,0.004792634901048796
FR019736,0,0.012391335351517865
FR010433,0,0.004857606992054757
FR017220,0,0.007073451312400863
FR006327,0,0.013104520961512647
FR014993,0,0.006629589545564313
FR005842,0,0.014852301626485426
FR000091,0,0.022949250520946873
FR013599,0,0.012389316451407518
FR016663,0,0.019594121895383013
FR003601,0,0.0034554798959110402
FR014368,0,0.02939010920149133
FR010236,0,0.0039574869005169116
FR000275,0,0.0055173484176514005
FR017984,0,0.007262439467675409
FR007180,0,0.007565156402595946
FR012366,0,0.004175825995814653
FR009341,0,0.015645784314906267
FR002678,0,0.01520304072123241
FR010065,0,0.012176424474025123
FR018630,1,0.3977999259313691
FR018449,0,0.02449986769885427
FR004943,0,0.012110227762454759
FR011990,0,0.013120635711002337
FR012200,0,0.005407718751164084
FR011443,0,0.004346691665783548
FR006519,0,0.0032646554672383712
FR001825,0,0.007927663339451588
FR004670,0,0.02533298318109789
FR015027,0,0.021230141319148087
FR004536,0,0.00686199454130165
FR008215,0,0.019291697493459145
FR012381,0,0.0021119418184382794
FR007476,0,0.01271339359763776
FR012235,0,0.006015259579872634
FR011541,0,0.01529068454523634
FR011105,0,0.23384174761123253
FR013798,0,0.009665621754864946
FR003818,0,0.013183185155425006
FR000602,0,0.009666879849008386
FR006384,0,0.020154901227577755
FR019093,0,0.02316221411676142
FR004724,0,0.006752499466927728
FR004156,0,0.012526008271309145
FR013267,0,0.005590372576701208
FR009112,0,0.0029641045785626613
FR016436,0,0.011399456088842993
FR019766,0,0.005756726459924077
FR018139,0,0.014344551391251714
FR016616,0,0.004420767278010582
FR016379,0,0.01456346655912367
FR018068,0,0.06711834621934291
FR019311,0,0.015465076153516742
FR004344,0,0.008715078146569022
FR002004,0,0.004525459186076806
FR003398,0,0.029059142533599053
FR013473,0,0.008357591303554495
FR004207,0,0.0039102739814546325
FR007481,0,0.0034485856498375025
FR017224,0,0.06882873755514675
FR006186,0,0.05623668648857119
FR014814,0,0.019511121622888938
FR012026,0,0.026014713292134766
FR019302,0,0.008466188012963605
FR015321,0,0.0052854623785927105
FR001443,0,0.0029265933548252333
FR015992,0,0.003959388246578657
FR017715,0,0.011032781164819983
FR006070,0,0.003173868107927318
FR011241,0,0.02521314823671937
FR001155,0,0.0161765074992777
FR002641,0,0.013969389009484747
FR007684,0,0.004299922985715063
FR003975,0,0.021662209537670268
FR019455,0,0.017212149396225663
FR013085,0,0.004529946775000383
FR004008,0,0.005901151913481516
FR002018,0,0.0025427902359124975
FR019092,0,0.0033214088552090543
FR019010,0,0.0029642416215271833
FR000655,0,0.01890962599972064
FR005181,0,0.007576325645404304
FR007175,0,0.011066875225258893
FR012127,0,0.005860836080294397
FR003779,0,0.004461392992243733
FR007819,0,0.00888831644305813
FR018978,0,0.014016791962552183
FR000019,0,0.006871031663046
FR007546,0,0.005756532189065367
FR012868,0,0.013244175386924078
FR017367,0,0.0096280272752203
FR002183,0,0.039901446815977785
FR018437,0,0.017828988198242485
FR003470,0,0.023122452871678096
FR006559,0,0.011100995562275782
FR005244,0,0.007639533832146568
FR014605,0,0.016834401970067466
FR000977,0,0.0049232753062598495
FR005238,0,0.010114055357050462
FR018105,0,0.002805824741835732
FR002218,0,0.06403375753429395
FR019885,0,0.015696314449297817
FR005020,0,0.027683041482750043
FR014754,0,0.011225723197356458
FR007661,0,0.0028940474921333747
FR005665,0,0.00755340276805306
FR006665,0,0.024858100355953937
FR001980,0,0.011020415786644984
FR003538,0,0.0077902124666245215
FR002268,0,0.004562020103937246
FR016741,0,0.02049513521411088
FR015962,0,0.008669822018090533
FR015107,0,0.010339774828035784
FR015014,0,0.008672875783164335
FR016904,0,0.0040144927512819365
FR016164,0,0.004756630963075092
FR016141,0,0.021533126306114748
FR003471,0,0.006383427279352847
FR001519,0,0.043653533835950865
FR015077,0,0.011841023848023574
FR014896,0,0.0033274270941089893
FR001277,0,0.005370400685476294
FR001103,0,0.004483291257806141
FR009272,0,0.01046243060760308
FR005236,0,0.002180810042275599
FR013054,0,0.03912966488755342
FR001984,0,0.005754151247122721
FR005204,0,0.002771901870347895
FR019713,0,0.17518047898852443
FR010645,0,0.01348884185671728
FR016696,0,0.0033600761705150956
FR019689,0,0.009096806785188892
FR004956,0,0.004242567665131546
FR015844,1,0.0044637658192897365
FR011175,0,0.006882532769250796
FR009984,0,0.0048162947663412505
FR016780,0,0.0032207066748368347
FR010184,0,0.004495466187983718
FR006814,0,0.012241884294508398
FR016286,0,0.02902557607016379
FR014703,0,0.12683248019720908
FR010488,0,0.004672931538816633
FR006137,0,0.05239382297446169
FR015615,0,0.005535072260740975
FR003160,0,0.008504755340204246
FR016069,0,0.02000218657189298
FR006533,1,0.45829373501160187
FR018754,0,0.009642246875483413
FR007075,0,0.03972364017725088
FR017183,0,0.0022738280563578597
FR016396,0,0.011109941239006991
FR003794,0,0.008077481224564705
FR008583,0,0.00608867135618072
FR000281,0,0.004062715995892065
FR000595,0,0.00774543530327743
FR001837,0,0.010534861876152412
FR010791,0,0.00697040177127915
FR015698,0,0.011229223097060814
FR007737,0,0.008859738168901322
FR006758,0,0.017444780852956147
FR006754,0,0.0031538338337257547
FR019902,0,0.008607572759951321
FR015737,0,0.003377801709872606
FR016575,0,0.008565449201310632
FR014766,0,0.0020309761886733737
FR018255,0,0.013309638672850677
FR005012,0,0.006178313120089038
FR009928,0,0.008507483445665006
FR002532,0,0.003240204881556434
FR013516,0,0.036112154310990664
FR001625,0,0.0037171081492670247
FR010561,0,0.0050826003728820365
FR012921,0,0.006210104244383394
FR010123,0,0.01563285723863747
FR010787,0,0.006204418264261404
FR015958,0,0.009047571456895992
FR005201,0,0.004725485634412957
FR018413,0,0.024185278373110186
FR003444,0,0.0042153132886532186
FR002873,0,0.0031740315449791147
FR006962,0,0.016062980218326816
FR015545,0,0.013616798067829125
FR019335,0,0.011495009170039866
FR009066,0,0.005180264177847326
FR000001,0,0.035395086434601576
FR019857,0,0.00970701943515863
FR004625,0,0.008799053379454547
FR012521,0,0.009880674788847249
FR008872,0,0.020316946800247922
FR004914,0,0.004522310142475738
FR019628,0,0.011453622366899804
FR014257,0,0.003476945914402927
FR008970,0,0.0017293569468829993
FR013234,0,0.006861645928156594
FR002112,0,0.0036513160316267077
FR004765,0,0.0002756572152987521
FR001253,0,0.03060737659935167
FR010604,0,0.01753459525021069
FR009672,0,0.0033260877942425855
FR014572,0,0.009589787553445576
FR018319,0,0.002753057430841999
FR007554,0,0.005666495711878092
FR002408,0,0.029032282395916306
FR004938,0,0.047183155656485544
FR009187,0,0.014907242832681813
FR012214,0,0.0040615281754742515
FR005783,0,0.004343517728526091
FR001892,1,0.011312774841524674
FR009220,0,0.01436137058062562
FR000569,1,0.004092693540911081
FR013699,0,0.022401900398456187
FR007916,0,0.00825608385746041
FR003318,0,0.019563870932795078
FR007847,0,0.005496687403830501
FR010790,0,0.0060241462576440695
FR008768,0,0.018028171520105208
FR013429,0,0.004225782222116902
FR019207,0,0.002565762085884236
FR008009,0,0.030790609705699
FR011445,0,0.006360533146485717
FR018788,0,0.006419190805606178
FR004910,0,0.005832374344593942
FR009805,0,0.027181611594900675
FR002117,0,0.010267788401086794
FR016275,0,0.004337366731424275
FR011734,0,0.034383267097731894
FR000049,0,0.005151811478320702
FR013674,0,0.07815305504006437
FR013468,0,0.02742500659368848
FR019793,0,0.04489960348563265
FR000322,0,0.010699319455406047
FR008376,0,0.005650752147514195
FR011056,0,0.05029291093569368
FR004115,0,0.00968774336647181
FR010307,0,0.016148637383908628
FR009176,0,0.00688444670360597
FR001174,0,0.004551797706463283
FR006416,1,0.12683219291504844
FR007774,0,0.0037042001513528447
FR015801,0,0.010018125172050226
FR005939,0,0.01250096303248688
FR016781,1,0.08377524170374791
FR003089,0,0.004428841299350996
FR013476,0,0.17462232476480957
FR007825,0,0.017318480404036787
FR016171,0,0.011909628126785412
FR004178,0,0.009549224421875432
FR011901,0,0.00476954684363605
FR011033,0,0.007522456991107671
FR009420,0,0.0078003787124635475
FR013397,0,0.003084555775948543
FR006800,0,0.005045907931104766
FR004787,0,0.022559774180007392
FR010375,0,0.00692223766888397
FR016586,0,0.007311199237718561
FR000323,1,0.34139706346676735
FR018305,0,0.015662164364091336
FR019888,0,0.012422444698987454
FR001770,0,0.009565295144439554
FR006447,0,0.02237505764409356
FR005757,0,0.004460748338830101
FR016316,0,0.0041299295641154385
FR014283,0,0.006677363022244642
FR010408,0,0.003987720297565001
FR003060,0,0.021048909008060387
FR001648,0,0.01036732038926505
FR010590,0,0.003487745265269982
FR010671,0,0.0073945719818531595
FR013498,0,0.00776080730621097
FR017897,0,0.03249284518825161
FR005623,0,0.01199150936384214
FR015047,0,0.009275437205747684
FR018723,0,0.005509494821900687
FR010678,0,0.04267745168278749
FR018504,0,0.006068355671510407
FR017369,0,0.008174777678946026
FR003820,0,0.006510640310232255
FR003064,0,0.006721943120974137
FR007616,0,0.007874743057685258
FR014523,0,0.013711256506625446
FR000472,0,0.0044198044014232656
FR007534,0,0.010640163115085624
FR014237,0,0.006833686236654449
FR002977,0,0.005875025947515149
FR007682,0,0.0038031866784910655
FR014262,0,0.009867755093818808
FR014197,0,0.003247370146980433
FR004173,0,0.007358845711337959
FR014817,0,0.014576157258624794
FR011299,0,0.002497298894003092
FR003651,0,0.00850237160258162
FR005553,0,0.005425752589164012
FR018389,0,0.008837876556841285
FR004527,0,0.022570333570980445
FR005773,0,0.0035361518490909846
FR018397,0,0.005402400670638273
FR011682,0,0.008295856458338595
FR007347,0,0.005448246310355894
FR002842,0,0.10106318949518027
FR005749,0,0.005118930779521905
FR007738,0,0.0040938176703629
FR008482,0,0.0067853527002579685
FR010174,0,0.003739719206510126
FR013580,0,0.00401722803946485
FR009501,0,0.0037523812480241754
FR010170,0,0.0042366559099249225
FR017088,0,0.006900041018647741
FR004137,0,0.00960247961003388
FR012670,0,0.0020565218741149488
FR019741,0,0.013452064053614439
FR011170,0,0.04222188494026857
FR018236,0,0.013451524488499343
FR001029,0,0.005894461790656315
FR004599,0,0.004462444500379703
FR011833,0,0.0038129940651774295
FR016632,0,0.025240718074401963
FR008485,0,0.003277635737283449
FR005113,0,0.020118741268191364
FR017538,0,0.051089390211886555
FR017197,0,0.016574821853459883
FR002970,0,0.0043872985157528506
FR008420,0,0.040587601970072495
FR011122,0,0.004458316027895007
FR009967,0,0.005687883139354273
FR016376,0,0.028845249105931114
FR018658,0,0.02923018641520148
FR007138,0,0.029202153649748475
FR009959,0,0.004746015180659203
FR016149,0,0.005074924509406832
FR002471,0,0.010771134077873267
FR001347,0,0.007503859286212357
FR003411,0,0.008407001896684124
FR015035,0,0.016183838589247056
FR001117,0,0.00790344433281171
FR011681,0,0.0038605102210987952
FR010021,0,0.014288248440244287
FR014740,0,0.004650021412856883
FR005327,0,0.01119219647319575
FR006829,0,0.007755491239385091
FR009364,0,0.008044894441226535
FR003644,0,0.00792960812338267
FR005546,0,0.012181182861482377
FR014139,0,0.006168804361658085
FR002253,0,0.06659572536581448
FR010429,0,0.01642866161383688
FR001861,0,0.006244069303207493
FR008106,0,0.004713595931229358
FR012936,0,0.012842773510309984
FR007336,0,0.009208198631500145
FR011784,0,0.006290765934106192
FR013458,0,0.031446296196946374
FR015218,0,0.010802573656505892
FR012467,0,0.017549204085010907
FR015403,0,0.005471760783839153
FR003654,0,0.007451411063280841
FR014190,0,0.009678966695827755
FR009791,0,0.004872667828524577
FR010575,0,0.01362128490623464
FR016479,0,0.06179903931064388
FR014121,0,0.011115248405506954
FR008222,0,0.007165618813491939
FR016505,1,0.04198712436694942
FR016391,0,0.010839088946355805
FR018548,0,0.0038603915566503048
FR018662,0,0.008165725732856118
FR014503,0,0.006669448230390545
FR014177,0,0.003217143605281868
FR005931,0,0.00422749626279378
FR015777,0,0.062996007961831
FR000553,0,0.006164410873306391
FR006929,0,0.011211205557817926
FR017309,0,0.0039056176021434364
FR015099,0,0.010686809825797927
FR012898,0,0.009275152554075393
FR014327,0,0.00311213931245901
FR001557,0,0.0038679561549058803
FR008630,0,0.020456201661715478
FR006967,0,0.012483906116690834
FR011951,0,0.004178834225015732
FR018751,0,0.030715017961757466
FR009244,0,0.0038185281436716803
FR019136,0,0.0031544663768504296
FR018986,0,0.00463426143039653
FR016315,0,0.008829963014228559
FR012469,0,0.020000634201249822
FR008241,0,0.007218836995102295
FR016600,0,0.027177564159798568
FR012867,0,0.1320436177452451
FR009695,0,0.012640748486167017
FR001752,0,0.013058283004332828
FR013065,0,0.012408618697850557
FR004785,0,0.006659077575646301
FR001486,0,0.005495499365837764
FR002901,0,0.004573433292396747
FR008318,0,0.001964458083432319
FR000195,0,0.006730962592330009
FR012192,0,0.01128514445397142
FR018416,0,0.00410005467101592
FR012058,0,0.006004220394931967
FR011691,0,0.016466880892712615
FR007961,0,0.013281856531971043
FR010598,0,0.0036110273009706127
FR013735,0,0.016428999326081568
FR011965,0,0.017977961180672474
FR013585,0,0.025127075686549292
FR000211,0,0.003954714571682169
FR004213,0,0.009717237268219575
FR012047,0,0.03534867014383472
FR000879,0,0.00479466489959465
FR016873,0,0.004021168914674547
FR000288,0,0.004517848421561019
FR010494,0,0.0045114533294686055
FR002416,0,0.007351274983505826
FR000970,0,0.01976751742305809
FR005635,0,0.019950026501709857
FR011509,0,0.006885534016723534
FR001490,0,0.014926254981979267
FR005556,0,0.01315255293949974
FR012013,0,0.013032719208237143
FR014653,0,0.011334125916019705
FR016690,0,0.007289225252285192
FR013363,0,0.12063400273744766
FR000665,0,0.004183821693112093
FR006753,0,0.0035724733716551334
FR014073,1,0.01730776942826333
FR010223,0,0.048752546971439936
FR013077,0,0.0045109856053165975
FR012572,0,0.008788829996359895
FR017834,0,0.00631447952735741
FR019369,0,0.006613921819745561
FR005469,0,0.01183804809879345
FR004768,0,0.006480096898134665
FR009530,0,0.0034767731765185162
FR004618,0,0.010856773449241802
FR016195,0,0.007332944124306418
FR003387,0,0.00455655226858125
FR008936,0,0.015490570215657104
FR017491,0,0.009310343309840185
FR016644,0,0.003940670549569734
FR003151,0,0.006222290998742521
FR019013,0,0.004375601638315243
FR001455,0,0.025279068252174356
FR010971,0,0.04475652197627394
FR003316,0,0.007584019405223752
FR014156,0,0.00477125363418595
FR003804,0,0.003918720814924045
FR012989,0,0.02854675503806704
FR015499,0,0.006338736464594167
FR010107,0,0.033685071215225
FR008842,0,0.030755778110297217
FR009592,0,0.022182697458403133
FR017809,0,0.00666201856774561
FR016071,0,0.007610495152992437
FR002550,0,0.009142516762467546
FR012613,0,0.02593766473263386
FR010887,0,0.005730376347439476
FR019937,0,0.011409543533224485
FR013107,0,0.002544301117207519
FR017912,0,0.013530061069424615
FR019432,0,0.002978542450590625
FR001542,0,0.025929977948162156
FR003791,0,0.003783587236186438
FR000495,0,0.004390650859983383
FR009279,0,0.005837358662654506
FR003532,0,0.007545752637271724
FR009052,0,0.008233468263357274
FR012754,1,0.07190851209165978
FR019309,0,0.005455652462330919
FR016327,0,0.006563864405382695
FR008137,0,0.007492056002813577
FR003205,0,0.022141659366471323
FR017011,0,0.004305847294254791
FR008797,0,0.005247503123144485
FR009082,0,0.0043051070679195535
FR009478,0,0.0256123652502
FR014398,0,0.004042917517606257
FR002053,0,0.004551011696790288
FR009317,0,0.014927691797673823
FR016919,0,0.006129627327768621
FR002143,0,0.007626680182728731
FR004719,0,0.004035495704304343
FR000007,0,0.003004224710523022
FR000164,0,0.009909140403091316
FR010332,0,0.008145209672102189
FR019165,0,0.0038224420568229805
FR005483,1,0.7783572532837213
FR006917,0,0.0034204588443582065
FR017298,0,0.012603951366291798
FR010744,0,0.005863095203561551
FR013745,0,0.007677794001450769
FR016953,0,0.010474114175379126
FR005796,0,0.0035631302242211866
FR004278,0,0.011923606154992774
FR018513,0,0.005873707404241685
FR013748,0,0.010219412876593304
FR011268,0,0.007044371226431197
FR017268,0,0.03463764402295313
FR010841,0,0.0038514584598192876
FR019438,0,0.019882105762009234
FR015234,0,0.0033769066718376864
FR004608,0,0.005876356240891874
FR002946,0,0.010996757997846496
FR019375,0,0.015074441731048749
FR003358,0,0.008545121126642246
FR002230,0,0.022655662719760033
FR011057,0,0.004732340437510662
FR014527,0,0.03785414609258866
FR002953,0,0.004621704380062175
FR006105,0,0.012668433170075521
FR005066,0,0.006159276466339782
FR005512,0,0.010036573533628934
FR000708,0,0.00849552431478255
FR005605,0,0.0036824926335154453
FR002223,0,0.026306143926191145
FR016645,0,0.007079242877322911
FR011118,0,0.0128481577463576
FR008538,0,0.04467692341640952
FR012563,0,0.04572697791851917
FR002056,0,0.06797835967174896
FR002438,0,0.01656513446035963
FR016832,0,0.006178825625606492
FR003091,0,0.038897924670727224
FR010825,0,0.007352864233289976
FR018717,0,0.004469022694599681
FR008211,0,0.006699952310599388
FR011108,0,0.004377384796525383
FR009104,0,0.004392667596768399
FR018341,0,0.010974832109472782
FR007799,0,0.005129278847273108
FR017119,0,0.020187797261962164
FR000766,0,0.017808189542903963
FR000330,0,0.012761673330860377
FR017256,0,0.004267505365297291
FR000576,0,0.009889492219933375
FR001267,0,0.00757368018124406
FR000241,0,0.0035273176509542704
FR006853,0,0.00555153563302697
FR006955,0,0.016840338877098144
FR009068,0,0.0040419581963892035
FR017130,0,0.00801753265120117
FR007811,1,0.003891767282519136
FR004831,0,0.00401456113854872
FR017557,0,0.007234569588442395
FR003078,0,0.006363870631906853
FR012511,0,0.032707060285045005
FR017997,0,0.01511412658355331
FR002982,0,0.03022845531945165
FR006622,0,0.022862351934754024
FR011503,0,0.005684767376227539
FR000746,0,0.00811401338626274
FR008922,0,0.024459219852358837
FR007039,0,0.004454112413637165
FR012389,0,0.00833056031001587
FR016594,0,0.003863586042969
FR012465,0,0.002977289457932075
FR012872,0,0.03983269327617927
FR008614,0,0.020266394677720706
FR005045,0,0.004791691464494958
FR019452,0,0.05600865449012376
FR019352,0,0.012637271172628075
FR003797,1,0.010932122839959072
FR001582,0,0.003965160778227588
FR012978,0,0.027499968843389205
FR008153,0,0.002607332179923584
FR001091,0,0.006434811273523956
FR011318,0,0.007251175287847589
FR001601,0,0.00977383016801746
FR008229,0,0.2811602071665555
FR002102,0,0.02362703794304494
FR011778,0,0.010428644298800404
FR014292,0,0.00570693408950651
FR003329,0,0.0037090079197643704
FR009302,0,0.004800359534444325
FR008283,0,0.020554659631028552
FR012860,0,0.0013538319707154256
FR011933,0,0.003659417443020174
FR012032,0,0.010997655281427538
FR000380,0,0.009423911576432957
FR013075,0,0.0039371138845844325
FR019329,0,0.008203676499841807
FR001683,0,0.01027993446944614
FR007055,0,0.02847808090217105
FR008460,0,0.010206699483437756
FR018920,0,0.0030199274025045713
FR005328,0,0.006191894756419282
FR007596,0,0.01596990104314624
FR004639,0,0.014744054217859898
FR014213,0,0.024268761056714026
FR014609,0,0.020032833795074884
FR010710,0,0.0033403170588546006
FR006457,0,0.004711517691877985
FR013720,0,0.0023955005569052112
FR014636,0,0.006248040683399817
FR003344,0,0.021659562442851985
FR006056,0,0.01916513692372975
FR012781,0,0.0066777369263374175
FR019936,0,0.005189493390475686
FR011524,0,0.008356333688535897
FR018488,0,0.004295035022048948
FR014222,0,0.004028855636409229
FR008856,0,0.005711793731149138
FR019548,0,0.02206520768732262
FR003961,0,0.004798406764641252
FR011218,0,0.0022463711165233873
FR009733,0,0.03638732147291171
FR003551,0,0.024836906598065072
FR009078,0,0.018271499880767025
FR003018,0,0.01627592514159692
FR000052,0,0.02091235366026592
FR017520,0,0.03830102975261116
FR003420,0,0.014164756276156092
FR005368,0,0.012658338367734862
FR007572,0,0.007835236008319512
FR015740,0,0.004977164932185749
FR000987,0,0.004351356212526968
FR016777,0,0.00883603769294046
FR007595,0,0.0009508619788853849
FR015882,0,0.0030321157902152497
FR010628,0,0.004061633157801935
FR013785,0,0.002939072245856019
FR004111,0,0.01939943169701455
FR016460,0,0.004885337889633246
FR008885,0,0.014829337635999628
FR001373,0,0.011063226648009543
FR001063,0,0.00529918217341134
FR011388,0,0.004314255212452337
FR013297,0,0.007567762795678008
FR019199,0,0.0034238984191986253
FR012431,0,0.004372312504760282
FR008429,0,0.034776394674606574
FR010723,0,0.01753498365802002
FR006746,0,0.006352531276051224
FR001641,0,0.0037783613851006246
FR019659,0,0.003709645515703424
FR004841,0,0.0029780639959040745
FR006077,0,0.009124969165377205
FR011479,0,0.11618572166124169
FR000469,0,0.006516848672370921
FR014530,0,0.008532390060081513
FR008220,0,0.007021288819890417
FR007040,0,0.01490372548637052
FR001706,0,0.004301744713232453
FR008475,0,0.007546147779067086
FR007416,0,0.0140418869755869
FR009169,0,0.003539306657052316
FR006063,0,0.0056557854302671145
FR014998,0,0.01123737293279156
FR002663,0,0.0033302526289153856
FR016261,0,0.018151942650033868
FR007422,0,0.02190446832214052
FR007437,0,0.004814102527310302
FR011926,0,0.12160200174364273
FR004415,0,0.02870550577747968
FR015517,0,0.015513247474409053
FR004101,0,0.00520482166404777
FR011636,0,0.00580206285934953
FR002458,0,0.009624543042994408
FR008469,0,0.03426659803004923
FR008296,0,0.014158972409453062
FR006484,0,0.00602097778681801
FR017522,0,0.011797344936616216
FR016133,0,0.003281620491825099
FR003903,0,0.05103598158841862
FR000550,0,0.01940815825670644
FR019868,0,0.004205240995363447
FR019640,0,0.007754311264149103
FR004986,0,0.003341883612456521
FR005422,0,0.0069064666891354674
FR008321,0,0.011458968520025162
FR018294,0,0.0055497435606885045
FR010180,0,0.014515883132174149
FR010949,0,0.005747787659075275
FR005110,0,0.18870293172991928
FR017331,0,0.0037818286198916854
FR013679,0,0.010265088411131312
FR012194,0,0.019018730566761705
FR015396,0,0.00982031788222131
FR008371,0,0.12025683720541706
FR009291,0,0.010066082043675763
FR001193,0,0.0038263891231495976
FR011069,0,0.016474651759188365
FR017930,0,0.007460668290252409
FR019310,0,0.00583101205532557
FR019716,0,0.003426128719362525
FR002625,0,0.004782609388055198
FR015154,0,0.003146848328032205
FR006246,0,0.0067181321125776685
FR004976,0,0.011111453769478849
FR000562,0,0.007301986559654823
FR016111,0,0.019910867306593884
FR018344,0,0.005820897652820023
FR014678,0,0.012689235878724428
FR017239,0,0.019165889625404015
FR007134,0,0.09496652224897457
FR011158,0,0.010292807370732552
FR001759,0,0.006359067094139682
FR005239,0,0.00842400291105834
FR010405,0,0.06354011510375872
FR006312,0,0.031221196925498865
FR007735,0,0.00647176567699725
FR019706,1,0.04960538103706447
FR002177,0,0.005251524788444729
FR010094,0,0.005612131629072012
FR004242,0,0.003084010590681495
FR011972,0,0.0069765623421412055
FR018299,0,0.011977142090566452
FR014064,0,0.009218372618583643
FR004436,0,0.009895512883180975
FR009961,0,0.0038401181510768815
FR005275,0,0.07101460881745775
FR003892,0,0.010563415809006686
FR012051,0,0.003081569556304694
FR016202,0,0.003374127869372164
FR016375,0,0.01598343948355914
FR010964,0,0.005936826078504303
FR001067,0,0.007134379934672513
FR000546,0,0.01650656538855029
FR016412,0,0.02326087695645578
FR011650,0,0.005703854873036554
FR019565,0,0.007713270119348939
FR009806,0,0.009857962968683414
FR009701,0,0.003081213028402032
FR007196,0,0.00408836639402856
FR007395,0,0.005835259986629429
FR012087,0,0.021636301871557184
FR017306,0,0.007717148536085347
FR018991,0,0.00928865997442579
FR004387,0,0.02993601022485992
FR011240,0,0.053295289927417895
FR013627,0,0.0060943432544023094
FR012800,0,0.01618530339221644
FR014247,0,0.0073299878216010125
FR010358,0,0.002862026087566336
FR008255,0,0.006083489721463796
FR010097,0,0.02119841390091653
FR017499,0,0.004790442137442875
FR000743,1,0.11447439777553277
FR002450,0,0.006345670165394436
FR011888,0,0.009232387499647941
FR001107,0,0.0074914336313720116
FR017908,0,0.004780330160680136
FR002898,0,0.00938089662630711
FR015637,0,0.00857600564778322
FR009920,0,0.00810460602876817
FR008200,0,0.018955186240842786
FR015174,0,0.007541996908460271
FR005915,0,0.006872678437550826
FR005282,0,0.004563104202046298
FR000926,0,0.005188072428609474
FR010458,0,0.02204756343516602
FR016978,0,0.004377942323275631
FR000006,0,0.017718849797317415
FR006612,0,0.008215269367357577
FR012243,0,0.008460766561579614
FR016191,0,0.022083352920938285
FR012519,0,0.004293007184491728
FR013060,0,0.04675427415657037
FR017851,0,0.016072199081213975
FR011529,0,0.007543835037371105
FR015693,0,0.00894684522349365
FR010990,0,0.07135687968409707
FR017409,0,0.003583328734190742
FR002798,0,0.010289817845458857
FR000389,0,0.011640861711315238
FR015291,0,0.01000464544000289
FR005879,0,0.007210721546372372
FR013426,0,0.006887231915381061
FR006832,0,0.011324535690182382
FR002190,0,0.009454943463653475
FR017799,0,0.025165830414669143
FR011293,0,0.0043426157595142624
FR010254,0,0.005861461626808398
FR009906,0,0.2527085311175446
FR006909,0,0.004677366602229781
FR008623,0,0.004118320137367002
FR000533,0,0.006301515977920366
FR018045,0,0.01262725322629236
FR007427,0,0.028612489594142143
FR012756,0,0.005341516517092962
FR003788,0,0.009004685772096364
FR009976,0,0.013214426117638707
FR009471,0,0.004843117675087742
FR001078,0,0.006217102986536212
FR014451,0,0.14517887907630725
FR019404,0,0.009696182631353493
FR012230,0,0.010248132640466555
FR004127,0,0.004330118559097138
FR001136,0,0.006509013707534942
FR017340,0,0.004694332680821952
FR001210,0,0.004259584526217902
FR014082,0,0.0029641355075906094
FR018741,0,0.026295683673734912
FR006231,0,0.02787483208329739
FR008433,0,0.009672616621784069
FR015798,0,0.0029859377204875907
FR001039,0,0.018249028096835363
FR011538,0,0.005463657942888005
FR006667,0,0.006171642483374862
FR015719,0,0.017989892646664913
FR007615,0,0.010021119643023825
FR016819,0,0.0034701176901048778
FR013163,0,0.01850051824382725
FR008823,0,0.007955529399161885
FR003394,0,0.005816856061070592
FR019031,0,0.035926685910366275
FR009734,0,0.003865019170463887
FR011903,0,0.004455068804894194
FR009740,0,0.006881272334692909
FR014077,0,0.013617370269028104
FR016807,0,0.008262617584881228
FR016547,0,0.017387045931855402
FR008354,0,0.012396438668530489
FR008776,0,0.007161292777322192
FR002372,0,0.02310300979368128
FR012649,0,0.007611919958494049
FR008315,0,0.008538711150465964
FR007208,0,0.0020912450837144146
FR009502,0,0.043222330445773484
FR006094,0,0.019053346916754154
FR013062,0,0.008237298435576912
FR011872,0,0.005825774130154661
FR017270,0,0.007892665356598147
FR009140,0,0.014152028113686316
FR002339,1,0.03990769429978834
FR012160,1,0.009131843400484877
FR018458,0,0.013969404870820226
FR016940,0,0.008351002543590015
FR011927,0,0.007842392245818472
FR007869,0,0.04577164845763774
FR011608,0,0.029235397919229463
FR006944,0,0.007774568408998417
FR013376,0,0.021557560910448036
FR012259,0,0.012692746331598524
FR009472,0,0.004689953954894295
FR018375,0,0.01179148255376676
FR005677,0,0.008941489782627167
FR011549,0,0.02383170907083564
FR013161,0,0.007785144847215844
FR018841,0,0.007867624469731023
FR003147,0,0.0037080040935066542
FR009167,0,0.005062518074288848
FR019574,0,0.014639612879859598
FR010083,0,0.05112756679916323
FR018826,0,0.0071502256210462705
FR016864,0,0.004708187346539691
FR018739,0,0.008104957536119351
FR017559,0,0.00527725263651541
FR014005,0,0.002598068756378597
FR008763,0,0.004255084708991499
FR012493,0,0.012325175050021184
FR015889,0,0.022869531736859836
FR009161,0,0.011533490101874539
FR000560,0,0.0033895309053744408
FR004388,0,0.026230199256398967
FR000505,0,0.004583331488375592
FR015559,0,0.01247316911300523
FR013871,0,0.014120445184118128
FR008989,0,0.01594296561019486
FR001140,0,0.008521087080960325
FR016357,0,0.014915776043028425
FR016732,0,0.027248271910320174
FR013334,0,0.02930546067010861
FR018227,0,0.015755861418705355
FR015358,0,0.011204145000169752
FR017763,0,0.01945955772730136
FR014918,0,0.011079151097659922
FR014777,0,0.004595272393085784
FR012218,0,0.006142706930149892
FR005302,0,0.005749952268947853
FR015121,0,0.01262984381804042
FR013029,0,0.021696415253948925
FR018097,0,0.004192855404008547
FR008839,0,0.011012942906791647
FR005207,0,0.0004057694304402773
FR015477,0,0.00907392202965228
FR017884,0,0.0035755693481620016
FR003622,0,0.00469966769584505
FR002699,0,0.021520544882854348
FR012523,0,0.005908609435885778
FR019299,0,0.006160893921084462
FR005160,0,0.002332900017308237
FR006273,0,0.01236484428980119
FR002858,0,0.00845701241285689
FR007260,0,0.008703325083191724
FR000995,0,0.004423650844838493
FR017877,0,0.006701540633181724
FR018146,0,0.021168442275527406
FR009891,0,0.027660109225030316
FR005214,0,0.008553351013425897
FR018425,0,0.009948422858420852
FR006532,0,0.0036980321492618867
FR019173,0,0.0032630623696674535
FR015326,0,0.07638903934875114
FR009060,0,0.0038743236468393974
FR013726,0,0.005231392174324928
FR002069,0,0.010242364035124706
FR005034,0,0.004808440777821977
FR017525,0,0.006016592509611345
FR000508,0,0.005185409169499133
FR011652,0,0.008483247109490156
FR011391,0,0.005205123376606816
FR019740,0,0.06268864289349797
FR003295,0,0.008381385366537115
FR010361,0,0.011847241446557596
FR005299,0,0.013486094775658512
FR012827,0,0.004766879888221025
FR000422,0,0.2772824166144759
FR016189,0,0.0037803539568972365
FR007419,0,0.004235177780821415
FR003077,0,0.010527361196851484
FR014569,0,0.018717367053546555
FR004742,0,0.0037708046644179317
FR008481,0,0.006185449882141421
FR011963,0,0.05402123198290539
FR018228,0,0.011216977510862704
FR006267,0,0.015377294087306842
FR008645,0,0.0035795230191108585
FR014587,0,0.004319725548700414
FR000551,0,0.007182503698319617
FR017359,0,0.025470988780675264
FR011686,0,0.010209368792220218
FR010686,0,0.007739495634037007
FR009616,0,0.035370331494520506
FR000396,0,0.00843699506127836
FR019933,0,0.0054729271434252645
FR000338,0,0.005707762696746877
FR014619,0,0.11760062812671634
FR007695,0,0.002512430695043786
FR007292,0,0.01632173322313246
FR012316,0,0.00904086705718509
FR005484,0,0.019384528900910348
FR008275,0,0.0070685796390911335
FR006553,1,0.01015820604515779
FR012106,0,0.006356617114599865
FR019964,0,0.009990239357563269
FR014580,0,0.0028849339316063816
FR007259,0,0.004931073763071295
FR006914,0,0.009413981547940374
FR013543,0,0.0060866477975729414
FR017441,1,0.01118987803044095
FR017295,0,0.007204194703035999
FR005532,0,0.004703708790386394
FR018833,0,0.0020611572675765448
FR010428,0,0.0039334257364699
FR006085,0,0.21560748284673112
FR004244,0,0.021707826161477418
FR001086,0,0.009473550770429261
FR004201,0,0.004752368036765801
FR018047,0,0.008798828999252644
FR010024,0,0.024895273557262457
FR013526,0,0.007217373073403387
FR005343,0,0.00922506952809662
FR007059,0,0.03964796256587392
FR016539,0,0.0041193527525832324
FR011125,0,0.031736620852309244
FR013842,1,0.1411437422365587
FR015508,0,0.01120312783269614
FR002338,0,0.004226091683815982
FR005340,0,0.005291780474676887
FR010104,0,0.010351249593263123
FR006472,0,0.003229302790121376
FR001597,0,0.0031609984536018674
FR008755,0,0.01832671633468259
FR003579,0,0.00776178301996441
FR012992,0,0.006668219172776116
FR010926,0,0.011808168793758345
FR003455,0,0.018587103737825027
FR000549,0,0.007991187515885552
FR009521,0,0.00674960638860719
FR016726,0,0.00629908511608231
FR000381,0,0.006453003378665456
FR005833,0,0.007440502069354521
FR013960,0,0.0029020016358312513
FR017526,0,0.0026262675954930696
FR015180,0,0.007025447942182047
FR004807,0,0.003461730514636602
FR000257,0,0.0030880800010399255
FR005361,0,0.02173894482925862
FR007810,0,0.08026079280524515
FR002925,0,0.003940641279658913
FR010003,0,0.018551143193791798
FR015156,0,0.006488896110506892
FR003834,0,0.007712274699098866
FR011858,0,0.02204169827021563
FR005662,0,0.0006807973171031424
FR001826,0,0.008949757048909103
FR018145,0,0.00947846122473985
FR008617,0,0.022735474375031553
FR008249,0,0.004726657537355743
FR008048,0,0.013544736009344499
FR014493,0,0.017731584548535184
FR002201,0,0.026698104112830152
FR014648,0,0.007924160987380323
FR005501,0,0.012596948180937309
FR019549,0,0.011665295603697385
FR017675,0,0.01277650462649657
FR003607,0,0.02204653782130575
FR001749,0,0.006901782125672354
FR004808,0,0.005659052544663044
FR013631,0,0.04971303043233775
FR009238,0,0.007719251637760639
FR007669,0,0.005828479165049717
FR015546,0,0.004685057873027276
FR004108,0,0.006787373124766211
FR016652,0,0.006314329851363965
FR009353,0,0.006488718102732306
FR007049,0,0.0034834760968191804
FR017771,0,0.0052893951233329685
FR003487,0,0.009358075040160264
FR008209,0,0.005077561303872053
FR009237,0,0.02068729515370837
FR000613,0,0.0035397471459402076
FR015421,0,0.014170733978539726
FR014852,0,0.02452189994127198
FR002281,0,0.005069432853998361
FR004265,0,0.004309903555296278
FR018963,0,0.010787294211308482
FR008128,0,0.005701283721607227
FR001205,0,0.008910900006071323
FR015924,0,0.02576674779511426
FR018468,0,0.005761602256571956
FR008423,0,0.04470140714691654
FR000833,0,0.007116050037398017
FR015857,0,0.04711311948421012
FR006363,0,0.004044995345880947
FR008780,0,0.01725985869679479
FR004300,0,0.0036167342932783477
FR006265,0,0.017119627988665637
FR012185,0,0.005524443475009035
FR002318,0,0.004720595546193766
FR009783,0,0.006496446634871383
FR004825,0,0.044302621783372596
FR003306,0,0.007527974953525643
FR011976,0,0.03656373049874675
FR017843,0,0.013505951078645414
FR014792,0,0.03550466725686694
FR003847,0,0.010643990739082879
FR014894,0,0.011253244799372578
FR010424,0,0.008844854836888854
FR002700,0,0.010475749417779562
FR015425,1,0.021461969905474224
FR014658,0,0.004992831543758398
FR006359,0,0.007174685683171926
FR007428,0,0.00020841168787345157
FR019591,0,0.005141615216873665
FR006029,0,0.009464588052600207
FR014981,0,0.0033958620796147817
FR003758,0,0.006416487964799942
FR005800,0,0.012900170630927204
FR007019,0,0.006120307034773562
FR013929,0,0.07737661562877808
FR019145,0,0.00728848395709756
FR012750,0,0.01574544387996706
FR005438,0,0.003882587990414735
FR019622,0,0.00022143071873901023
FR013287,0,0.007339395117790364
FR007321,0,0.011087461610348267
FR012762,0,0.00761209014769518
FR018553,0,0.008378913602472109
FR004815,0,0.012184149463562735
FR005930,0,0.0037266963203471267
FR004730,0,0.003531674419547537
FR003368,0,0.01000780182184828
FR007559,0,0.009585881067446955
FR002770,0,0.005394526244288551
FR001489,0,0.005764561789175021
FR017666,0,0.007761375844597578
FR009738,0,0.06650826297256311
FR007551,0,0.005409019102074197
FR016072,0,0.008150450410125241
FR009292,0,0.009376123248599662
FR010961,0,0.03651567500570976
FR018243,0,0.005005077608362853
FR017345,0,0.007334062279103118
FR019275,0,0.027042993530204135
FR003288,0,0.015502777586994976
FR019911,0,0.020704132118004297
FR017317,0,0.0004004365829832722
FR004452,0,0.012986316797589706
FR010265,0,0.005554447964457874
FR004334,0,0.004466627542335906
FR003386,0,0.003976856468094657
FR016508,0,0.003103223745858717
FR002782,0,0.005923412884630867
FR016647,0,0.011656481209585255
FR015267,0,0.008467981403778942
FR005513,0,0.003794890825761859
FR000605,0,0.0037379673336314125
FR019476,0,0.011412116666289959
FR010229,0,0.003670274119520079
FR015131,1,0.643513329158008
FR005533,0,0.0003528505667681591
FR011655,0,0.006348037619460654
FR019326,0,0.016244574715247987
FR014242,0,0.015398345786384979
FR001372,0,0.005180219580661098
FR018182,0,0.003424805288007574
FR008057,0,0.010227230281313344
FR009634,0,0.02714108591241877
FR003893,0,0.006931456669046382
FR010271,0,0.004423826695238653
FR013702,1,0.0035888141060191367
FR016208,0,0.017178459530660255
FR001479,0,0.005639823086646259
FR016154,0,0.005008171647046007
FR018059,0,0.005539229190446228
FR008179,0,0.009516865444733881
FR007936,0,0.02079443247785584
FR013478,0,0.004628025338075795
FR013011,0,0.008144029184290887
FR012963,0,0.01187928833835
FR006790,0,0.006944653637566346
FR005911,0,0.022871743651999912
FR006271,0,0.03217388925211546
FR009709,0,0.007201797064875528
FR003481,0,0.0037960434068336235
FR001756,0,0.006639612779858321
FR002980,0,0.00553853800855711
FR014358,0,0.008054488017911964
FR016031,0,0.014554494049152926
FR004091,0,0.0049698230713435924
FR002615,0,0.007441847838059918
FR013659,0,0.004335552143400609
FR005743,0,0.010689596088378639
FR007977,0,0.0059720683005721024
FR014295,0,0.0031033926119197262
FR011403,0,0.01304010910482236
FR006785,0,0.00777446233271165
FR012612,0,0.02233824329569618
FR008673,0,0.0048046745148159565
FR006616,0,0.005978712592948868
FR013464,0,0.010923318298040998
FR017649,0,0.004322213962287332
FR012695,0,0.0033987911104602932
FR015791,0,0.0181261390048723
FR003555,0,0.007233284055930652
FR011025,0,0.009646331871759865
FR018426,0,0.010972363182181302
FR001159,0,0.013065198492300185
FR009198,0,0.004742734884112791
FR000683,0,0.009846278766609033
FR012472,0,0.008790029334526285
FR008695,0,0.007198426795908622
FR014733,0,0.0047501190437596215
FR012120,0,0.005261724078192812
FR008784,0,0.006400934861312536
FR008187,0,0.010475419172055404
FR004123,0,0.01022645194784475
FR000736,0,0.00492563712411107
FR017751,0,0.00396880900916475
FR004996,0,0.006636697548180664
FR011485,0,0.03825477014813119
FR004122,0,0.016584620638281148
FR011322,0,0.018769203403167452
FR019496,0,0.016818378941996417
FR019692,0,0.018652816754911965
FR009520,0,0.003438897290725403
FR017876,0,0.09398479037339928
FR012371,0,0.004894164340059942
FR019200,0,0.009962457263486773
FR009628,0,0.007563811907171627
FR002498,0,0.007200284698241711
FR018767,0,0.010488433610327155
FR011165,0,0.009156808287773025
FR018573,0,0.0034014894749336056
FR013455,0,0.005520622146149877
FR011457,0,0.0034944990771139466
FR007263,0,0.08446621288444851
FR017711,0,0.040392987042995036
FR017267,0,0.005791137266759151
FR011046,0,0.006351183582941472
FR004994,0,0.006556042730941367
FR008159,0,0.0005200963600553047
FR019718,0,0.0020091736676871685
FR006366,0,0.005014448750044559
FR000082,0,0.00703272330411607
FR000404,0,0.01495930787103948
FR005193,0,0.0032945453888041584
FR012253,0,0.016947086768591923
FR012061,0,0.06377532605138132
FR009031,0,0.0063872152760020146
FR019645,0,0.005640460203196019
FR005870,0,0.03566781234186563
FR014688,0,0.004411783066794773
FR008919,0,0.008890679787226146
FR017043,0,0.0073540688760388925
FR017041,0,0.007732322603305229
FR009688,0,0.0031948721676925834
FR016016,0,0.007549640080690377
FR005429,0,0.01574821889507637
FR010952,0,0.003824241020295056
FR002614,0,0.0043868892584930435
FR010992,0,0.0046612715857723705
FR004699,0,0.005429259898981787
FR019198,0,0.023727289784695266
FR011280,0,0.031042621940880654
FR007375,0,0.005066094425796215
FR008133,0,0.019604337693673212
FR010506,0,0.0053758681478819625
FR004606,0,0.02400684770548922
FR005737,0,0.7278465780965266
FR013341,0,0.00644308766694202
FR003058,0,0.05661674248455537
FR013958,0,0.008404844291859068
FR003590,0,0.00641358873004163
FR015593,0,0.006402279019703745
FR005261,0,0.028078466546951588
FR016282,0,0.011751853405982365
FR007812,0,0.005123223507319135
FR003718,0,0.004832006836905358
FR015751,0,0.009179035477403818
FR001320,0,0.0060816505588773065
FR017670,0,0.01567073113913532
FR014128,0,0.015881516011922617
FR010696,0,0.008383535090755297
FR010668,0,0.008436208303937015
FR018250,0,0.005869032783924845
FR010389,0,0.009478005065914412
FR009879,0,0.008148705418362748
FR000293,0,0.004060011244711025
FR010376,0,0.009702738217993586
FR006340,1,0.19591608939004826
FR015429,0,0.005111081060694719
FR012641,0,0.053036136836308305
FR007805,0,0.011100985948068394
FR000626,0,0.005078032778212644
FR011814,0,0.052548002730973514
FR004777,0,0.002618295335395334
FR006633,0,0.01288551377942783
FR004614,0,0.01653696953061929
FR006970,0,0.008492997973476751
FR001949,0,0.009573260800428739
FR002275,0,0.003443111643448292
FR012374,0,0.02654907498118243
FR008948,0,0.006275325331052844
FR016815,0,0.014781995918929485
FR008887,0,0.0043615320541630824
FR008193,0,0.003737023952401996
FR018775,0,0.008631281311008045
FR000741,0,0.005929871762065394
FR015079,0,0.007917598196626588
FR001260,0,0.01927388967158572
FR003535,0,0.006133931527893856
FR007195,0,0.0030775942423187414
FR009391,0,0.005765592985362988
FR005882,0,0.011607958206766642
FR018669,0,0.003669875359692218
FR009062,0,0.004373504966285195
FR002934,0,0.008121875218950298
FR001994,0,0.006952749969793972
FR017735,0,0.044938677600552625
FR004200,0,0.003974019694471608
FR012018,0,0.0040583746777838195
FR016603,0,0.005953354699306972
FR005107,0,0.008203030506726142
FR014702,0,0.04347213728882493
FR005323,0,0.019699929936954224
FR015006,0,0.03785196442840717
FR018812,0,0.005991076298550638
FR018966,0,0.009883103122930182
FR009023,0,0.018430192709058883
FR010727,0,0.023593423506535083
FR001170,0,0.02305891974142742
FR002167,0,0.019627183443589605
FR009680,0,0.004455786597001827
FR015195,1,0.28350116983606627
FR019134,0,0.0038020613709189625
FR000572,0,0.005509808261380235
FR003491,0,0.01786058390773268
FR005711,0,0.006870605257279272
FR003652,0,0.016579152074368556
FR010470,0,0.01030763233486619
FR005250,1,0.010498287197343895
FR017333,0,0.006149445789488104
FR010866,0,0.016437782718456986
FR001992,0,0.025193710995808628
FR019616,0,0.005089157572489835
FR008138,0,0.0042622115926903015
FR019527,0,0.0070473862311685965
FR000954,0,0.009150933107399577
FR006625,0,0.0032542319849568854
FR008449,0,0.018821984566935925
FR005594,0,0.0025071873281082564
FR011962,0,0.023502827588402567
FR003615,0,0.006596070855953681
FR000509,0,0.012024598773061841
FR017015,1,0.5711512248614153
FR008579,0,0.013584082892343682
FR001976,0,0.017504059845370273
FR011382,0,0.007023103973079837
FR006144,0,0.008656851600902129
FR003294,0,0.006643567225424397
FR017061,0,0.00883880895843226
FR014245,0,0.007633321139812177
FR016541,0,0.009896799388513794
FR001474,0,0.0073326187221000975
FR002824,0,0.015858053859720955
FR012348,0,0.009208133388751948
FR003927,0,0.007058234837842063
FR012614,0,0.004563892831533588
FR007772,0,0.00576664475162696
FR017898,0,0.014061577863016943
FR010564,0,0.0025819524057710545
FR012517,0,0.013375941552534397
FR004987,0,0.019846380080295333
FR004084,1,0.0075137596898080606
FR015667,0,0.20039213801571756
FR013381,0,0.00398813076291588
FR015858,0,0.003663613734269825
FR007229,0,0.008677108300156314
FR000269,0,0.019986888543355924
FR002790,0,0.008883480297111635
FR007601,0,0.030507559793403572
FR013993,0,0.003224200226043073
FR017386,0,0.02110450204475174
FR013406,0,0.0059179775040120895
FR001517,0,0.017917977903507687
FR004317,0,0.011890930198799337
FR008323,0,0.004474290122744255
FR000776,0,0.00535315329663055
FR017989,0,0.01327777794539898
FR009987,0,0.016741590799606767
FR002555,0,0.003456368395415132
FR005031,0,0.006029117310098153
FR018749,0,0.005184789599505353
FR005946,0,0.005102011876789711
FR016042,0,0.029734610377923357
FR014319,0,0.011393784666262704
FR007351,0,0.014648560992164217
FR005993,0,0.008602061518403344
FR000446,0,0.018945763844955735
FR010999,0,0.009676091319226846
FR008554,0,0.010423954802242036
FR009460,0,0.00602590409248641
FR016245,0,0.003178952251299768
FR010165,0,0.0038762073316608754
FR013056,0,0.011093489923535453
FR005519,0,0.01115240719813395
FR010520,0,0.003506816130911509
FR010619,0,0.021056174199985362
FR008597,0,0.00812322258303668
FR001562,0,0.009337546979079006
FR000968,0,0.005917913369739452
FR001635,0,0.017368874626455134
FR012440,0,0.013849326905221183
FR011798,0,0.01767499997156705
FR011525,0,0.03891032916411539
FR003544,0,0.005761991508398794
FR018445,0,0.02943590695874197
FR011016,0,0.03284632747247294
FR005819,0,0.016008314457539988
FR009751,0,0.020783084517760484
FR011147,0,0.0216560239504139
FR003275,0,0.006797332970394257
FR013127,0,0.0032909407478821534
FR007298,0,0.03891125835996551
FR005140,0,0.4636903515397686
FR018562,0,0.03280737378365484
FR006257,0,0.013198461543843432
FR014816,0,0.005490321250541931
FR014243,0,0.022063343001379753
FR006481,0,0.0029261091500626655
FR015910,0,0.009978459359824195
FR009629,0,0.008881675101063809
FR014421,0,0.00733228079547589
FR015280,0,0.005058333169451171
FR013783,1,0.07116389972296518
FR004664,0,0.006761652346599738
FR004166,0,0.018419263482461794
FR000851,0,0.50573844199057
FR005496,0,0.04450542739391077
FR012947,0,0.016464571049330398
FR009481,0,0.00242667480536677
FR014418,0,0.007369622931216913
FR011794,0,0.0599773173136294
FR017026,0,0.0121574418057208
FR016626,0,0.007227013601325146
FR017945,0,0.00813144052225534
FR000124,0,0.0045720335356817686
FR012941,0,0.01009829627784822
FR013130,0,0.01309983060220459
FR009373,0,0.019974502816725595
FR013629,0,0.014468983477133603
FR015016,0,0.0035293933130217843
FR000559,0,0.0074173061585116225
FR011579,0,0.003673074948274815
FR019253,0,0.0075818596621666234
FR019435,0,0.020472478633776766
FR019367,0,0.015107476008281252
FR006875,0,0.013362703206891742
FR011637,0,0.02864356819718507
FR010641,0,0.008085932301429987
FR007664,0,0.00465288476376114
FR008574,0,0.011090297424517311
FR001066,0,0.00768393955450451
FR014984,0,0.007326671328125634
FR019103,0,0.0044523126538545815
FR019341,0,0.0078115947442377945
FR000722,0,0.009665598645825028
FR010366,0,0.03646988681062289
FR018556,0,0.0055919803127666
FR017794,0,0.009416512389678508
FR018830,0,0.008657171603627153
FR005341,0,0.00888291778616269
FR012816,0,0.015951921268583674
FR006413,0,0.006225824982724406
FR000496,0,0.003501700474465628
FR008047,0,0.012521379880848805
FR004399,0,0.005582550769540523
FR006852,0,0.002526079686000726
FR012892,0,0.03655389096695535
FR008401,0,0.004433535834512068
FR012786,0,0.007283933889498437
FR008848,0,0.0056550034177423394
FR004397,0,0.01025522289929029
FR016482,0,0.006624918041956714
FR014854,0,0.020541799934578494
FR013672,0,0.025842014005409582
FR013261,0,0.006425644074281862
FR015939,0,0.035362052683492746
FR010656,1,0.01280763119349281
FR017177,0,0.013889555849171184
FR005615,0,0.013151133615787874
FR000648,0,0.002800669890445196
FR006214,0,0.009727326792161617
FR003434,0,0.034970392284432696
FR004119,0,0.024317944197211398
FR005763,0,0.0069545974485449615
FR010811,0,0.011216979917094255
FR016526,0,0.004105560336139572
FR009556,0,0.004142455835358965
FR013813,0,0.010072163181989299
FR015782,0,0.004154223363414193
FR002363,0,0.003803108752189929
FR017589,0,0.016362970919847484
FR003465,0,0.011354243576847979
FR016554,0,0.004569023921843285
FR016046,0,0.0026892776234231732
FR018544,1,0.07987274484323585
FR014322,0,0.009249452263518651
FR000442,0,0.004918555441664624
FR010973,0,0.006854060094392323
FR014872,0,0.028412503604539684
FR009655,0,0.020103152765879765
FR012798,0,0.015187569851130595
FR002368,0,0.01858419711500944
FR011079,0,0.007931143919925472
FR006361,0,0.004174018667881865
FR018944,0,0.005364678232612323
FR008417,0,0.007886356848430677
FR006421,0,0.007051244527401181
FR019171,0,0.004051741273139701
FR015214,0,0.011089055855204867
FR014737,0,0.012116711618990306
FR004358,0,0.02804494165507836
FR000314,0,0.0115952733020104
FR013205,0,0.0025994907905027985
FR013226,0,0.012201796792958824
FR016210,0,0.005811995969439796
FR007249,0,0.012168670427171457
FR015231,0,0.012117131256029577
FR017421,0,0.005924639722618463
FR013669,0,0.006132839043976355
FR008526,0,0.006599675127803295
FR002510,0,0.007148744048041673
FR012403,0,0.0040125758523501705
FR003353,0,0.009737733588061136
FR008522,0,0.005449968197538002
FR015898,0,0.003215783604614953
FR004181,0,0.021466834679720298
FR007489,0,0.006429497044664883
FR002605,0,0.020565191696763244
FR018939,0,0.027443781031764758
FR005372,0,0.003512630860697731
FR004731,0,0.0037910239761743147
FR012133,0,0.003013315072081865
FR016324,0,0.009274743164806245
FR002225,0,0.00471014955747485
FR013605,0,0.0056431535658159546
FR016462,0,0.00601614569746125
FR018220,0,0.007092952206826337
FR013757,0,0.006258864971319294
FR011721,0,0.005062562369796369
FR013949,0,0.003043569217285601
FR017454,0,0.006232614693543993
FR002521,0,0.007443977142258604
FR013908,0,0.004562332655516306
FR016836,0,0.005606205630994642
FR013313,0,0.0033010666989751586
FR016568,0,0.0034029739458772273
FR017878,0,0.0021519697267932472
FR016162,0,0.012462131223816097
FR003757,0,0.005805464947697455
FR007450,0,0.02519441927093879
FR002324,0,0.007437247863389103
FR011271,0,0.011835509023768322
FR006782,0,0.013110710395277754
FR011540,0,0.008406681991384788
FR005119,0,0.00465499062597959
FR001005,0,0.00938832297475539
FR000933,0,0.016138462582492023
FR017014,0,0.011232344372137026
FR008968,0,0.000565276776848095
FR019968,0,0.007397919732792431
FR019959,0,0.012896040053336714
FR001605,0,0.005567022035233272
FR009042,0,0.005923111595513211
FR010330,0,0.004152467145664759
FR018378,0,0.037686884609500586
FR011230,0,0.02101325694781707
FR000356,0,0.004359506146506726
FR019531,0,0.009379765239438337
FR003146,0,0.014931113048367714
FR019621,0,0.010408368927513357
FR016061,0,0.005576849666405245
FR012818,0,0.024239609785411575
FR013863,0,0.007134624520452545
FR010177,0,0.024395283096035742
FR011059,0,0.06245056927429071
FR003595,0,0.0142222977122822
FR010013,0,0.0006410105240880522
FR019540,1,0.014002724303024077
FR017926,0,0.011197766567496222
FR005697,0,0.008102076890900428
FR012734,1,0.010882262448199431
FR014014,0,0.00585476138144142
FR007475,0,0.006835930992449509
FR017416,0,0.14580762641545564
FR004457,0,0.025541146339548185
FR009712,0,0.029777471038780697
FR014330,0,0.01065276500459189
FR012626,0,0.006555057573091518
FR002287,0,0.0034290195270852836
FR007914,0,0.007349363215258757
FR018823,0,0.005641034669043637
FR009248,0,0.0026826778208862913
FR016837,0,0.015345041099743441
FR017687,0,0.015311595915929949
FR003756,0,0.01076126037240383
FR014356,0,0.008079334892377579
FR007421,0,0.02118818436217212
FR006777,0,0.005112158027190361
FR017788,0,0.005774447106919185
FR009593,0,0.006577453209010095
FR006971,0,0.018172412513512284
FR015736,0,0.003230513998685486
FR004706,0,0.030364190882689757
FR001306,0,0.04606529750687843
FR011757,0,0.008435746349296403
FR018203,0,0.004711844450150095
FR012119,0,0.003507125377146728
FR010313,0,0.005814916665644633
FR004058,0,0.006153412660182372
FR018981,0,0.00839554345257921
FR011231,0,0.012526322836101736
FR001850,0,0.00377408141173835
FR016574,0,0.012681622119398517
FR000497,0,0.004162883014772376
FR014781,0,0.016325600492937395
FR018026,0,0.006867944504691618
FR006985,0,0.005335681618750361
FR012500,0,0.006212782299264975
FR010095,0,0.003374789433618419
FR005862,0,0.003938915424656721
FR014391,0,0.008188613184167972
FR000012,0,0.006017578178635967
FR001432,0,0.013459527955794262
FR015503,0,0.10491448576604533
FR018651,0,0.02115053791471846
FR004703,0,0.0037755370806671
FR003653,0,0.0028660243519744977
FR014152,0,0.01853404705167773
FR001040,0,0.01059106384893598
FR018313,0,0.013737289020371161
FR015066,0,0.04755269005344049
FR009134,0,0.005339835477056174
FR011305,0,0.004933864412719165
FR017146,0,0.004337547694093927
FR001232,0,0.00696920213715006
FR011564,0,0.002685855399147072
FR003695,0,0.004075159527052861
FR004688,0,0.006524492489313216
FR014040,0,0.03873240648292997
FR015176,0,0.008193503280384973
FR010331,0,0.007805356960931409
FR011368,1,0.015100748828522378
FR010713,0,0.019696144428541614
FR006647,0,0.013681739372316565
FR001885,0,0.007383490090237689
FR015749,0,0.011524826136202758
FR012668,0,0.004293102692123368
FR013559,0,0.011948341298147043
FR002245,0,0.012355893657904076
FR002166,0,0.00636097803763646
FR014422,0,0.011353946771458047
FR007285,0,0.006340173407981036
FR013454,0,0.012203824746255804
FR008058,0,0.0005509751072203524
FR018366,0,0.006881450847256355
FR007116,0,0.011048611647578777
FR011649,0,0.004088993602295604
FR001675,0,0.010441704799334886
FR003108,0,0.002964020887138515
FR003842,0,0.0025737170572511675
FR012886,0,0.011989897858665019
FR001295,1,0.1764858203946329
FR014280,0,0.010903212317324273
FR005807,0,0.008004283717119004
FR009873,0,0.008322061655316635
FR013033,0,0.0038163527094763217
FR011878,1,0.1222236324030661
FR015921,0,0.008929881710492629
FR018586,0,0.006860189841120999
FR008786,0,0.014397099704441411
FR014483,0,0.003862270837051925
FR014491,0,0.018429765787287788
FR001936,0,0.004970103852354933
FR017844,0,0.03155641827918367
FR000966,0,0.013323592154598878
FR013289,0,0.06595064676701834
FR017482,0,0.010131454186673905
FR001591,0,0.005747561117002274
FR019637,0,0.006454138446437267
FR010186,0,0.009503103976370768
FR000418,0,0.005185665502856168
FR015706,0,0.0367837743243458
FR011824,0,0.01829702110409867
FR011419,0,0.009433361381155067
FR003291,0,0.014430482692762092
FR017228,0,0.012902573459281919
FR014228,0,0.005453038925785361
FR016908,0,0.005450095787669781
FR007218,0,0.019735541742505053
FR011458,0,0.006144352732294751
FR012602,0,0.011033010913520228
FR011406,0,0.004203732149532667
FR005133,0,0.03356698375596536
FR009381,0,0.0036726046018430727
FR011013,0,0.010822088298229652
FR001917,0,0.0044668089100371455
FR002119,0,0.02705231318099531
FR017038,1,0.07345366096165737
FR015257,0,0.016092946345022365
FR007976,0,0.028940141540404817
FR008615,0,0.002496011229154912
FR010558,0,0.016259602680580913
FR003384,0,0.009320555265027482
FR008976,0,0.0027748978024619985
FR014182,0,0.0087050769949781
FR019373,0,0.0033447204025067096
FR012910,0,0.0030204108269512807
FR008120,0,0.010561484940503253
FR012287,0,0.005712539763089357
FR013718,0,0.030721330559417004
FR006940,0,0.02004629210863045
FR015557,0,0.11451049458528233
FR012621,0,0.0038980490760847906
FR007625,0,0.022750305195643517
FR002335,1,0.02253501868207397
FR000367,0,0.02309108083949744
FR005732,0,0.0037727054422444263
FR005827,0,0.025607925716239998
FR002834,0,0.00558558154945183
FR016725,0,0.007750176193250517
FR009819,0,0.00234306034211508
FR012212,0,0.05655330842662299
FR010465,0,0.015033905958221239
FR011618,0,0.08653887517497118
FR001258,0,0.010620718509109894
FR006689,0,0.0032982301432001823
FR016841,0,0.006295767799392028
FR004390,0,0.010270525770524199
FR012350,0,0.005192002647342083
FR016962,0,0.007745981630716647
FR006713,0,0.014079481697866667
FR017474,0,0.0067432711620733455
FR018644,0,0.003358418323631216
FR017531,0,0.0036399089682068674
FR004967,0,0.006794138254311823
FR007760,0,0.009353876863459969
FR000963,0,0.008332208413715994
FR015867,0,0.008638849351969435
FR005897,0,0.008694530576173937
FR019896,0,0.004070006016687629
FR002346,0,0.012944952033626514
FR007142,0,0.004936306353962973
FR013311,0,0.020011799432304838
FR011112,0,0.012362350013378156
FR010624,0,0.0029742793529307955
FR017077,0,0.00424706939145418
FR008955,0,0.005327994453645545
FR014616,0,0.006093567381132312
FR011430,0,0.011693679070648826
FR004361,0,0.011008638473573916
FR012543,0,0.006936200299603079
FR011098,0,0.0050165333575930135
FR002173,0,0.004731470537825755
FR000194,0,0.009801976683650153
FR016348,0,0.010176369480388608
FR016814,0,0.014803573228888936
FR004740,0,0.010220897809521214
FR014147,0,0.030409577416303017
FR015444,0,0.0034353725725662153
FR003226,0,0.04569746406266156
FR001496,0,0.006437047787476324
FR010234,0,0.004232504150882505
FR000749,0,0.008431153798474233
FR006414,0,0.011467562694788944
FR016883,0,0.029236343835311845
FR006188,0,0.004663524220208968
FR007149,0,0.009489527968611028
FR013486,0,0.0067427323775353125
FR015356,0,0.024175046763930005
FR016166,0,0.0036562285329990833
FR014840,0,0.009858833196647475
FR016188,0,0.01023319538758329
FR011348,0,0.004732005617908755
FR000706,0,0.010649660042849013
FR003340,0,0.006082778733909872
FR019190,0,0.008437482956627149
FR008604,0,0.01606283469120327
FR010322,0,0.008448818193412977
FR004088,0,0.007102767173479634
FR007718,0,0.019436185530039694
FR016438,0,0.005005469950059927
FR007921,0,0.006782162997432085
FR004172,0,0.004968641439299829
FR011452,0,0.014805636668023724
FR018590,0,0.003066079002951525
FR014617,0,0.010775227993012044
FR006163,0,0.012885539093699447
FR002084,0,0.01193762635258805
FR017882,0,0.00857700497740872
FR012901,0,0.008230644234736817
FR005890,0,0.007550557423003523
FR017093,0,0.002455427826502983
FR011460,0,0.012565893528314753
FR004704,0,0.002152905432976402
FR003561,0,0.025481343325051493
FR015905,0,0.009835788543503456
FR019627,0,0.019887045792948376
FR010399,0,0.006215876597308868
FR008634,0,0.024388681210089663
FR001649,0,0.005113123276223149
FR001127,0,0.07437104357163792
FR015164,0,0.003060881988452764
FR010213,0,0.019390771297371417
FR008598,0,0.002502370650104191
FR013652,0,0.02135098784674643
FR007284,0,0.004566768519193143
FR011551,0,0.013813111583866186
FR008405,0,0.005193429932408446
FR019380,0,0.00726099330620443
FR001570,0,0.007416162987501276
FR018058,0,0.0044706201525245475
FR011360,0,0.002189136374912623
FR019946,0,0.004435832772329586
FR015078,0,0.018383861381257693
FR002307,0,0.0027039162221130283
FR007270,0,0.011295873401246182
FR000801,0,0.003713980002430245
FR009417,0,0.008183744496125047
FR014336,0,0.006585412807792991
FR004837,0,0.02243365993898827
FR000096,0,0.008943351197632864
FR018259,0,0.03203755618394906
FR002250,0,0.015066358435313556
FR007073,0,0.005606297507371819
FR016852,0,0.005759335252191314
FR013963,0,0.010068326236387953
FR011812,0,0.030219791114905335
FR006537,0,0.0068510131882560015
FR010250,0,0.0038061252884713168
FR003509,0,0.025452058417336925
FR001458,0,0.0046820400267019065
FR006301,0,0.009786755117936438
FR006998,0,0.010705312193526268
FR008124,1,0.27816806908377717
FR004789,0,0.0032480339530120885
FR018254,0,0.03758804606138368
FR016138,0,0.023797286930663575
FR017764,0,0.028838745892850265
FR007271,0,0.031555357223819434
FR008930,0,0.013646682907050225
FR002989,0,0.003827468706322093
FR003382,0,0.010788286245709012
FR017571,0,0.026564393024830383
FR002762,0,0.0022681660846651437
FR016987,0,0.02000509764601961
FR001102,0,0.016495109129546815
FR008126,0,0.005038867813106532
FR000740,0,0.007930781650273678
FR003261,0,0.005575838182915856
FR008049,0,0.005882564719600827
FR015838,0,0.02702001556421039
FR016758,0,0.005570570976474505
FR002732,0,0.0024964437034477207
FR007036,0,0.030680317343514632
FR005754,0,0.024263322598811907
FR004920,0,0.0036881571586849272
FR012594,0,0.004478822357232573
FR014055,0,0.008048846852585858
FR014223,0,0.030773479038238325
FR003682,0,0.022491652137720374
FR017424,0,0.007716463553669656
FR018052,0,0.00533960084076237
FR019921,0,0.015729479719041716
FR009516,0,0.00440589304180596
FR011213,0,0.012046368265468016
FR010596,0,0.007895060372197418
FR002759,0,0.023159326482408548
FR004085,0,0.05539663616903883
FR001495,0,0.008486550394371744
FR002839,0,0.00516233914132424
FR013258,0,0.003268028243274338
FR000500,0,0.006330722542865384
FR014966,0,0.005921861228116964
FR008390,0,0.006581781981355975
FR009885,0,0.025462417946302777
FR005375,0,0.028211159207846174
FR010339,0,0.007291198849498168
FR013705,0,0.007461309167439982
FR017760,0,0.019524230063703945
FR002769,0,0.006549703018560213
FR004847,0,0.00809467596830053
FR019065,0,0.004027079858280877
FR014634,0,0.017684413978357478
FR011588,0,0.030132397976176794
FR004503,0,0.01721253997023137
FR008020,0,0.007082652886214684
FR003508,0,0.0038480211789659654
FR012930,0,0.11422403774481736
FR008671,0,0.005554670573266245
FR003534,0,0.013449748788398419
FR018733,0,0.0037253926451704263
FR018720,0,0.016051698255487332
FR018280,0,0.024378422916427455
FR019993,0,0.005472362723610627
FR001262,0,0.02034042042080784
FR008182,0,0.008082973887301228
FR018781,0,0.04830463707442572
FR016906,0,0.012204325299073213
FR001125,0,0.006986828762155117
FR011500,0,0.02951728243356952
FR008803,0,0.010379159763563817
FR003253,0,0.013078981012492184
FR015575,0,0.002225464145099805
FR018816,0,0.032136170349696215
FR019191,0,0.03811495901124685
FR016279,0,0.0075541639003427015
FR014980,0,0.006575068089787969
FR002092,0,0.012775761434389169
FR004299,0,0.005558913184822111
FR010587,0,0.4529492210336526
FR004826,0,0.006106407968663077
FR015488,0,0.009318975179164381
FR009115,0,0.009076686750700771
FR005724,0,0.016787125280753833
FR008610,0,0.017923252114979683
FR002971,0,0.013761369029202114
FR014906,0,0.0041918770474510475
FR006369,0,0.00592135335104984
FR008700,0,0.005832823530567091
FR010448,0,0.004351619037497429
FR007763,0,0.010737729629119222
FR011438,0,0.009808088704421278
FR010527,0,0.007240908303735499
FR003616,0,0.02114823807140626
FR017299,0,0.003663615036182927
FR008728,0,0.009489738829423345
FR006180,0,0.009585265773288632
FR013525,0,0.012192585670116982
FR011024,0,0.002917379601203919
FR003412,0,0.0023441532100918834
FR006408,0,0.13550640138777711
FR015511,0,0.013511307965774363
FR001463,0,0.004962724497782872
FR001366,0,0.00948997716932204
FR002703,0,0.006306938279344361
FR008491,0,0.01745522077744557
FR003186,0,0.0067917720014763205
FR013855,0,0.016102223208379673
FR009632,0,0.02143706781944497
FR014475,0,0.008404006447727175
FR014267,0,0.008269342624340877
FR015601,0,0.03695215661690515
FR011302,0,0.055695685857999305
FR006204,0,0.008755700460072848
FR008428,1,0.0050150618661576685
FR008679,0,0.0049752192286167144
FR009894,0,0.010391577457244247
FR011605,0,0.06077165816722744
FR015357,0,0.02167814098571094
FR001553,0,0.011193761854562593
FR006988,0,0.012225091247900235
FR009568,0,0.006576401856752938
FR012918,0,0.0047669441659418535
FR013688,0,0.11518088393954574
FR014354,0,0.06454738574339612
FR008284,0,0.023362075383883383
FR012166,0,0.004475002579914238
FR012743,0,0.011834824396545566
FR006900,0,0.018663654674138847
FR002887,0,0.004006754829618213
FR008257,1,0.010574901871746705
FR013969,0,0.012178454522065759
FR006279,0,0.06203871319379586
FR016823,0,0.014258746207143574
FR012320,0,0.015434264528790537
FR001703,0,0.004505590736282594
FR014676,0,0.0047191347630154866
FR019511,0,0.017279902228882083
FR001569,0,0.005107389554642783
FR008650,0,0.004929545374496477
FR009268,0,0.014488606037828195
FR005863,0,0.005641159530046263
FR019214,0,0.004236308621318506
FR009348,0,0.0064992827700908916
FR000224,0,0.009732603714334676
FR001750,0,0.0381587801868405
FR013118,0,0.010042869254708311
FR000577,0,0.006721468653933465
FR014366,0,0.002862277547892089
FR011337,0,0.0026234479228291435
FR008559,0,0.010053141774501357
FR015473,0,0.004148307901818269
FR004867,0,0.006821030206144333
FR009154,0,0.0046642186548877555
FR009844,0,0.0027438767533510527
FR015019,0,0.041543093046687296
FR011327,0,0.0021371459432696772
FR008233,0,0.005006788887675816
FR006686,0,0.006225709213875479
FR016161,0,0.004308746535347432
FR015455,0,0.005700394913782335
FR006031,1,0.16486271220706042
FR004959,0,0.011912837183944246
FR011845,0,0.007313040039783429
FR009671,0,0.016067336615571824
FR019123,0,0.015233608929645974
FR005535,0,0.02388055237844576
FR000983,0,0.013803347436502312
FR008178,0,0.010105748646871592
FR014414,0,0.02332796109837849
FR001898,0,0.007536127533240373
FR009159,0,0.005210270083975655
FR016085,0,0.003819754262147264
FR004843,0,0.031785033117786375
FR004377,0,0.013920173856143485
FR019251,0,0.006317893134319301
FR017301,0,0.005763469494114062
FR008113,0,0.007613015670037912
FR005944,0,0.003019513236879351
FR015831,0,0.014598516344191162
FR002723,0,0.0037901208469668323
FR009764,0,0.05282334863524587
FR005132,0,0.0030221900256666248
FR008789,0,0.009402257163891573
FR000104,0,0.005975735324766216
FR001324,0,0.004708130549404045
FR016001,0,0.00290990754724314
FR012555,0,0.019557125197565417
FR019823,0,0.012102548927477872
FR012887,0,0.008337620183244075
FR002327,0,0.015947402625702153
FR006083,0,0.007806909016006217
FR016165,0,0.00798968175967413
FR006062,0,0.06880436495579739
FR001089,0,0.0070124544716950975
FR001612,0,0.0042890251192675664
FR010737,0,0.009238898062147045
FR017744,0,0.031500242567227575
FR008873,0,0.0045580171265371455
FR019771,0,0.00425139375496125
FR002645,0,0.03831943875132293
FR015676,0,0.0046986050333212665
FR016469,0,0.004983028112156403
FR003676,0,0.00800823142928575
FR015472,0,0.009602521146121234
FR005721,0,0.03627532816579817
FR013549,0,0.0351765369479213
FR011839,0,0.0032197099947034644
FR001668,0,0.02081182496058922
FR019235,0,0.013740579563477776
FR001867,0,0.012116292530012215
FR013984,0,0.03467067803682809
FR017933,0,0.007427213666961623
FR006002,0,0.005614952076834985
FR012238,0,0.022406661324690005
FR018851,0,0.02264915182111417
FR008097,0,0.03821454148269159
FR007488,0,0.00534931063346034
FR013971,0,0.006500062550912524
FR014972,0,0.01562734370976854
FR019796,0,0.013157418819667845
FR018104,0,0.010226886950045701
FR000638,0,0.03424458679396034
FR009295,0,0.019681958534731103
FR012217,0,0.1118456700989564
FR008985,0,0.008095583305430596
FR018892,0,0.0033854687019336596
FR009681,0,0.004641552539634772
FR019913,0,0.02524911997407199
FR010072,0,0.007685694673824211
FR000809,0,0.00993965563252542
FR014320,0,0.01944714904265039
FR011922,0,0.00806482341733325
FR018612,0,0.007690322637429401
FR006836,0,0.07989367633621262
FR008956,0,0.010958015117589157
FR003732,0,0.005778610159036757
FR009004,0,0.0024422668201140286
FR009756,0,0.007677549321762037
FR010463,0,0.006823538545919094
FR018940,0,0.010919038365257783
FR009416,0,0.007965036856526268
FR004875,0,0.008551402380881354
FR002373,0,0.010453646597528175
FR002848,0,0.0062272746372796514
FR019314,0,0.007599930712047409
FR012508,1,0.4303324226023842
FR003321,0,0.008667222935244216
FR019802,0,0.011148610129140151
FR016711,0,0.005582598337604351
FR012945,0,0.0003302285915061749
FR017981,0,0.006484138701587158
FR010508,0,0.013346700997303904
FR012376,0,0.010801889186731048
FR002527,0,0.0130779719441652
FR006693,0,0.017124728629118312
FR011439,0,0.003972911295750133
FR007322,0,0.029187932279406973
FR008173,0,0.0075768349938894865
FR019032,0,0.1790855243990327
FR018422,0,0.0060503689396214965
FR005342,0,0.025339187277205466
FR002800,0,0.02155869651609525
FR010029,1,0.010807499802867859
FR019586,0,0.01246112877296613
FR010618,0,0.10847756425259457
FR017705,0,0.015947598061292884
FR013447,0,0.006116776253458099
FR007537,0,0.021069598990952353
FR010105,0,0.009980593400952658
FR010610,0,0.042960567820394445
FR005521,0,0.006000202358337768
FR017325,0,0.007913909229773487
FR018109,0,0.008567303349882155
FR012481,1,0.03653824050487683
FR001169,0,0.0028288835218516933
FR005518,0,0.004296304098141722
FR019469,0,0.025465664073271152
FR004857,0,0.00778807662035372
FR002241,0,0.017555226861791274
FR012291,0,0.0041390730965682986
FR013350,0,0.011341454678548218
FR003397,0,0.008112909740190235
FR003785,0,0.003946603094615512
FR017395,0,0.004436031912609737
FR005232,0,0.010542064312727731
FR012733,0,0.007024360206716732
FR013151,0,0.005449813575791484
FR007300,0,0.009892272239676392
FR003749,0,0.025654107071677663
FR019811,0,0.009218143408918111
FR001808,0,0.031044643293641334
FR000183,0,0.0027708701838206743
FR002322,0,0.005206212585198049
FR004823,0,0.016217515024900705
FR012301,0,0.009424394053798088
FR012161,0,0.01104791763002931
FR005974,0,0.015189862053555775
FR013333,1,0.013833228175095738
FR014683,0,0.009789467555959818
FR008335,0,0.025901253121162815
FR003868,0,0.0025872679733934985
FR016995,0,0.034646145955003954
FR010907,0,0.004211188105718785
FR014035,0,0.004625300603587728
FR007479,0,0.004900831704924982
FR001701,0,0.03483435052260066
FR018828,0,0.006603239839491987
FR008053,0,0.0028263195092953822
FR019710,0,0.08781525678114321
FR016311,0,0.007123399474187535
FR010966,0,0.004444071600553851
FR015087,0,0.005012199689486773
FR003050,0,0.003000284876684644
FR010357,0,0.04637238336037323
FR006148,0,0.0179576347799924
FR002240,0,0.005427748453814201
FR006727,0,0.02096818150737698
FR017749,0,0.013293488603837214
FR006479,0,0.0030615294140177644
FR011483,0,0.0030277852710771554
FR004287,0,0.004988068967186253
FR012462,0,0.09455180840535919
FR016106,0,0.03845129872595218
FR005714,0,0.0038057592053812633
FR002892,0,0.0031289833710894123
FR010711,0,0.005827371886206974
FR016525,0,0.00960730653558697
FR000333,0,0.017213987240665207
FR003499,0,0.041104078806166046
FR008563,0,0.04784912027012173
FR009349,0,0.014458846782147705
FR014715,0,0.00702213112055355
FR009813,0,0.054338457920226436
FR011506,0,0.0071368563011780075
FR005039,0,0.0064721758291999415
FR008479,0,0.02397464556672337
FR011484,0,0.007866868420589323
FR007677,0,0.00992688710131326
FR006726,0,0.02196469321995101
FR019556,0,0.02133764987237659
FR019288,0,0.005082235139031233
FR005967,0,0.02310592752461621
FR019074,0,0.0133412305339479
FR003500,0,0.005119237868613215
FR001945,0,0.16922217713269605
FR011865,0,0.00971130930016669
FR013851,0,0.008278883780960356
FR010694,0,0.015027457723806224
FR015608,0,0.016634078729523234
FR000465,0,0.005993493291414138
FR010901,0,0.004555135256073854
FR011401,0,0.007575443719779644
FR006983,0,0.00722806698575051
FR004926,0,0.016120965984026087
FR009219,0,0.0034167960236075622
FR004848,0,0.012104247222906943
FR010248,0,0.007409071209284521
FR008715,0,0.02235667813743915
FR008770,0,0.004028344985443921
FR001409,0,0.003352748004732875
FR015088,0,0.005627625337099931
FR000635,0,0.006810218557591673
FR001549,0,0.08051342426309001
FR016585,0,0.035419753882850936
FR018712,0,0.005368319000144921
FR000181,0,0.007993569531214892
FR007880,0,0.0053241727965990205
FR005467,0,0.004336659989411875
FR009663,0,0.009184707088675574
FR011899,0,0.005853344911399705
FR012692,0,0.008886205228571437
FR014753,0,0.007552258496305689
FR008587,0,0.009404304200439884
FR002319,0,0.002826743342035249
FR016948,0,0.003063465482780824
FR006858,0,0.0061517528763676554
FR019665,0,0.013275501148327174
FR010874,0,0.015746456651284175
FR005738,0,0.010484529800625336
FR015359,0,0.0030849255918756775
FR009689,0,0.007736634034304063
FR014225,0,0.006357103779867826
FR019148,0,0.03440420222078618
FR014651,0,0.007617842821788502
FR014086,0,0.007028151020226196
FR008343,0,0.0062362691430324435
FR016429,0,0.025818645723957995
FR008063,0,0.007381917309993251
FR014695,0,0.009666820018003347
FR006876,0,0.00371409944178753
FR013269,0,0.005944778879429208
FR007316,0,0.011309604126321085
FR008731,0,0.007737573876514436
FR014685,0,0.005448901362448743
FR009236,0,0.0044608846484786345
FR009861,0,0.010736835073847878
FR011028,1,0.0022529445449544563
FR002504,0,0.009632864565163528
FR012057,0,0.002689600950168165
FR018053,0,0.004737343469002237
FR006934,0,0.006770037574951007
FR003546,0,0.004367416282724906
FR009736,0,0.030781202648660504
FR001101,0,0.005117536029084907
FR019044,0,0.00965073505843921
FR018148,0,0.024761361072924187
FR003056,0,0.00905800327222125
FR002751,0,0.014670185593214785
FR008545,0,0.009585435014100576
FR009293,0,0.03688277632932448
FR015251,0,0.003605135519010162
FR014748,0,0.004287790238601309
FR012708,0,0.03250072749153146
FR001629,0,0.014193900048284745
FR004307,0,0.018005150201476475
FR016130,0,0.03236869732297539
FR013624,0,0.019878735726740333
FR002011,0,0.002835370847193819
FR012284,0,0.00455335777412104
FR018221,0,0.019436363035999858
FR003473,0,0.00456864299430788
FR010106,0,0.019765488623049273
FR000109,0,0.014227341187670876
FR012023,0,0.0023545249708137234
FR007815,0,0.005179159912904227
FR004104,0,0.013557475125710676
FR000884,0,0.004307310702729055
FR010774,0,0.008679157341950646
FR001491,0,0.013194301243364731
FR000498,0,0.005416007708703864
FR000140,0,0.015853912756314505
FR019489,0,0.005073703172014546
FR015687,0,0.012993337258610516
FR005258,0,0.012053842847152949
FR005292,0,0.020126712360850802
FR011550,0,0.00605563936364444
FR012845,0,0.008528522931288666
FR016945,0,0.013070089856262445
FR012741,0,0.018449787281060465
FR016413,0,0.025004082109379742
FR017513,0,0.009715108773736162
FR005459,0,0.020161343869203426
FR008121,0,0.004230531636356642
FR011753,0,0.009374547770572028
FR004065,0,0.004146673887204826
FR006691,0,0.030793314005503086
FR009658,0,0.005554040901982989
FR018918,0,0.0036845606798576545
FR019440,0,0.03019668615733236
FR016014,0,0.0053491981614789295
FR015810,0,0.007950647872847194
FR017217,0,0.008486053497237824
FR012105,0,0.02102549166067681
FR016776,0,0.007117273851681695
FR005313,0,0.038612158989169545
FR016709,0,0.000642525081438368
FR017137,0,0.006726335582630226
FR012132,0,0.007530219194529245
FR002016,0,0.05672855528905733
FR009354,0,0.0039523362267990594
FR014141,1,0.0475629189734347
FR018019,0,0.01460761586632575
FR015346,0,0.0005459153637303104
FR016795,0,0.0037641882609867803
FR009833,0,0.00414935799232921
FR013383,0,0.006563996905561298
FR002916,0,0.007958748720168054
FR006548,0,0.048235811920056326
FR015120,0,0.026461149402063525
FR008337,0,0.004552739773074746
FR001054,0,0.003301650207321719
FR014656,0,0.0037669088826695007
FR016743,0,0.009919167392733746
FR013622,0,0.016009811751620154
FR000357,0,0.042687706458039175
FR003460,0,0.03659429963272604
FR019928,0,0.009468486007006798
FR016236,0,0.024897316565670475
FR000624,0,0.013369092123457556
FR015955,0,0.004437007528611428
FR000943,0,0.012677289306871549
FR011304,0,0.0042040427657519495
FR019579,0,0.007614553488471204
FR000388,0,0.003442564303367868
FR003264,0,0.01480873184104232
FR004913,0,0.009948826095531283
FR008267,0,0.00642846506239482
FR008962,0,0.03342049595251304
FR007938,0,0.05380221558679015
FR017932,0,0.006946124804772208
FR006199,0,0.00918779747883558
FR007752,0,0.013798286355407354
FR002684,0,0.014258832169514374
FR009798,0,0.007495069432046179
FR006493,0,0.00992808847413927
FR016417,0,0.014162819859969108
FR009905,0,0.054559736728547366
FR018176,0,0.006025350019887428
FR003497,1,0.03546766452469902
FR009212,0,0.007104148548609333
FR006251,0,0.003929018354666144
FR004832,0,0.013233293858224146
FR008001,0,0.009223020044658614
FR014371,0,0.004644994957907538
FR013327,0,0.005991876925464317
FR016721,0,0.028602638179462125
FR014592,0,0.004422531061768948
FR017489,0,0.006898827865039402
FR017836,0,0.0072084256597676165
FR012349,0,0.014079150846814395
FR004630,0,0.008795131369877798
FR014167,0,0.004816212579133737
FR019358,0,0.015319486680061263
FR013615,0,0.003897426154243287
FR004374,0,0.006217693663869518
FR015172,0,0.0064850091907149715
FR010931,0,0.01950933303118022
FR006317,0,0.032443076234943
FR000882,0,0.003497286462857374
FR010533,0,0.007216006900140265
FR005330,0,0.002586991192363238
FR019541,0,0.004053304749040244
FR000144,0,0.004400242283424741
FR016485,0,0.01071864317586374
FR000641,0,0.007374119257376021
FR017158,0,0.04605991276690308
FR002897,0,0.017806942055137286
FR006023,0,0.0020821522167164754
FR007747,0,0.004921141215188596
FR004497,0,0.003019908215133633
FR001966,0,0.009727422390162053
FR002482,0,0.005836566334060135
FR003956,0,0.010702389492555748
FR010830,0,0.005252298930460514
FR018279,0,0.024849674106655017
FR013446,0,0.008076174703747559
FR013001,0,0.006861694643940662
FR004899,0,0.004849995945078424
FR019678,0,0.02179171832233714
FR000858,0,0.021877805598583457
FR000847,0,0.0072385575997507895
FR011823,0,0.011207462750079708
FR015179,0,0.008741521413375544
FR008669,0,0.01617734448812642
FR005256,0,0.00469285245881469
FR007576,0,0.008126645620967224
FR019398,0,0.03676745692848985
FR007373,0,0.019682703557897877
FR009147,0,0.00450877930442137
FR013899,0,0.003351453821078501
FR019400,0,0.0034294092315103955
FR011149,0,0.004696449775321659
FR017429,0,0.0047940834923876526
FR017626,0,0.004959667710058429
FR016910,0,0.008461899816582947
FR013399,0,0.013106712639132363
FR014117,0,0.004266011433969044
FR018035,0,0.022099434894826686
FR012303,0,0.004108992039466347
FR009795,0,0.009942721174257154
FR010060,0,0.025756815714587527
FR013881,0,0.011465894547265437
FR003701,0,0.04422024217455151
FR007892,0,0.01815739725931662
FR015380,0,0.01918768477881333
FR002906,0,0.009380007517632745
FR018115,0,0.02722983238257125
FR007845,0,0.014076003126322097
FR018144,0,0.0030496163898408994
FR006771,0,0.0033850752825671827
FR013666,0,0.0221227941883201
FR008077,0,0.0073496708099311985
FR005168,0,0.022810066203216448
FR004990,0,0.017984722149880197
FR009388,0,0.011048195722917637
FR003463,0,0.002375776468639909
FR003553,0,0.01051918579243939
FR009983,0,0.0033982074106534434
FR002886,0,0.009426612477144417
FR001095,0,0.013430484188910715
FR016846,0,0.012179172693051745
FR016030,0,0.01118695336516203
FR007425,0,0.004445282916791498
FR018112,0,0.014397247808910253
FR001105,0,0.0049153321337758885
FR011786,0,0.006724849998551123
FR001847,0,0.006915289169650246
FR016079,0,0.009666910475465215
FR005587,0,0.03265773123164323
FR013432,0,0.0021238011558293627
FR017978,0,0.017924918812020987
FR018555,0,0.00588588657929947
FR018122,0,0.020847765375542403
FR016431,0,0.003305919276869304
FR000701,0,0.01074565456207339
FR017138,0,0.005669622244688477
FR002753,0,0.004106701669105703
FR017677,0,0.0067906708968861786
FR018831,0,0.007503637566663988
FR007223,0,0.01856003418719144
FR005111,0,0.012155767377828473
FR007146,0,0.09712226380235345
FR000326,0,0.00395903030221034
FR009883,0,0.02550737366279271
FR012712,0,0.0041766922905606164
FR018293,0,0.011287174306406475
FR014297,0,0.007330795301482056
FR002522,0,0.005025793278740315
FR015746,0,0.012257143269577183
FR008086,0,0.00898312930169232
FR002760,0,0.039677936491134325
FR011677,0,0.00594261928483701
FR011781,0,0.00318326587969869
FR017172,0,0.003977428387547657
FR018849,0,0.006973304447563724
FR009955,0,0.017362419298710432
FR001728,0,0.07418344558173486
FR001022,0,0.031536871227793355
FR005713,0,0.008810573383495121
FR012302,0,0.0061389379636978755
FR016284,0,0.05905536732176513
FR008834,0,0.012478445752551451
FR006395,0,0.04023022355276219
FR010745,0,0.003269565187807824
FR014233,0,0.005936504179209718
FR007078,0,0.027052339865866554
FR010487,0,0.004332498128636684
FR006057,0,0.009935642611263779
FR017910,0,0.012321956032361941
FR006117,0,0.00724024019502049
FR002257,0,0.013511384740980202
FR008074,0,0.007506739488282475
FR004593,0,0.011126170195107978
FR016406,0,0.008212552330076965
FR012426,0,0.013377386185445933
FR017971,0,0.0008075465113778282
FR000209,0,0.005296399239299604
FR012001,0,0.012308607511126389
FR000387,0,0.011302615568096796
FR003934,0,0.0036754199825982307
FR003217,0,0.014547703274548707
FR002844,0,0.020457416426079376
FR001389,0,0.005446408613894601
FR019466,0,0.006871866165009605
FR006418,0,0.013273205360683098
FR006849,0,0.011410018726673585
FR001889,0,0.0036381851877550684
FR004460,0,0.012264760890440788
FR019898,0,0.004178324866207706
FR014747,0,0.04089825311129843
FR003249,0,0.009210748915931379
FR013212,0,0.012479248777893746
FR001440,0,0.04096534818306482
FR005997,0,0.027744319014089917
FR010948,0,0.012082422921678687
FR017553,0,0.003624187154327731
FR016710,0,0.015981933732513845
FR001453,0,0.01399327082732077
FR012285,1,0.07708972218645445
FR007990,0,0.01317181010366498
FR000285,0,0.013345084233871323
FR019806,0,0.005474828259608863
FR015296,0,0.03867454185109045
FR019871,0,0.0032645187289446717
FR019128,0,0.006643750892737515
FR015211,0,0.12675530755897252
FR000739,1,0.01949500748714277
FR001244,0,0.010726541145445778
FR011072,0,0.004413379196847078
FR000474,0,0.01319242103952148
FR017216,0,0.01675311952750894
FR015170,0,0.09261187165822997
FR005126,0,0.010861632958686538
FR011887,0,0.0035598638821901733
FR006925,0,0.01011187597400137
FR012322,0,0.004199306643801624
FR008425,0,0.006829301040423515
FR005018,0,0.01433915490275284
FR004695,0,0.011892603648184228
FR009938,0,0.00695932078429896
FR016384,0,0.009356525934126128
FR008314,0,0.003904804862911239
FR015065,0,0.01371508623068522
FR011366,0,0.008378339479494132
FR006372,0,0.045491119852766417
FR014230,0,0.020144992002861954
FR006420,0,0.011567753579560275
FR003272,0,0.05396307626898266
FR014675,0,0.004941171617273044
FR002321,0,0.003998711008006604
FR009081,0,0.004476002807437005
FR008697,0,0.014372422610793021
FR000061,0,0.0162015277029443
FR010647,0,0.0143762364874049
FR016865,0,0.008473799403330274
FR010208,0,0.013629057491565963
FR012388,0,0.005869846468993829
FR001996,0,0.008505738730257803
FR006286,0,0.018129300064638105
FR004793,0,0.025975552560927605
FR009796,0,0.034593437725141035
FR001506,0,0.0032163389617163615
FR014751,0,0.010264689478047519
FR012689,0,0.007416081784028678
FR003807,0,0.02879067111985827
FR017334,0,0.0043428615302222974
FR004600,0,0.009620497017103493
FR019166,0,0.012609508862640742
FR004764,0,0.00936880960010602
FR012922,0,0.012761841411285115
FR016463,0,0.004310477053145813
FR000056,0,0.011795917726828002
FR000824,0,0.02645366557385467
FR009586,0,0.02752448865354414
FR006595,0,0.013062230977086961
FR010221,0,0.006133439769727504
FR003844,0,0.004159219098632272
FR016617,0,0.014981305729599154
FR008022,0,0.009717509632226342
FR017640,0,0.0054134793620267616
FR006215,0,0.034059955084558134
FR008085,0,0.04745323554346525
FR003699,0,0.006008113684045882
FR017318,0,0.003967742876818396
FR014554,0,0.013149038092227448
FR002862,0,0.016334758713283302
FR001718,0,0.019883930367050943
FR002017,0,0.011567688522336403
FR010346,1,0.5455285008257944
FR011425,0,0.00509998034199422
FR016222,0,0.0033708083078557564
FR012483,0,0.0039190718857557046
FR003117,0,0.005584466059176917
FR009757,0,0.004850155403106728
FR017555,0,0.005954079064857245
FR013002,0,0.009639110118669728
FR019601,0,0.004439119556482855
FR008745,0,0.023693987098043212
FR010607,0,0.005992533130966625
FR004214,0,0.0027748145541022597
FR005197,0,0.006039799204666796
FR000331,0,0.0074356655122390395
FR001270,0,0.015024736466403068
FR008216,0,0.011644135036429339
FR011907,0,0.009225048617337488
FR001988,0,0.020519898525288977
FR014050,0,0.006532897818746428
FR003979,0,0.0027911253758463716
FR002294,0,0.004782183267066912
FR001191,0,0.011881002233518853
FR013617,0,0.010773821131037559
FR015599,0,0.005558213956052574
FR008191,0,0.0035325119266685578
FR000678,0,0.02077812150319372
FR011019,1,0.007406709288313332
FR008532,0,0.0335041677131759
FR000016,0,0.0028806959075177913
FR019098,0,0.07443140444589555
FR011905,0,0.007086813045085225
FR006695,0,0.008188331883536924
FR001470,0,0.01007305435997137
FR005411,0,0.003583790552119682
FR014377,0,0.01666065328557004
FR012609,0,0.0027326656289134847
FR011945,1,0.010041998300172538
FR002597,0,0.007296437113413645
FR019049,0,0.009451235896409798
FR012286,0,0.040413069411874315
FR016470,0,0.010010832506799338
FR007011,0,0.009968673374041242
FR008817,0,0.007030869148138198
FR009731,0,0.0064203204583525115
FR010522,0,0.003626425906503124
FR006222,0,0.009268583300368947
FR018226,0,0.015188758502792284
FR014068,0,0.017478985285418084
FR010352,0,0.011616366225954603
FR018829,0,0.009894180194994018
FR006025,0,0.007087964004774713
FR002049,0,0.004810240402575634
FR006050,0,0.032383146567702435
FR013765,0,0.011076689796320913
FR001813,0,0.0041454177930835626
FR007120,0,0.01358088378870898
FR000730,0,0.020615101831286783
FR010638,0,0.03668110354073245
FR015063,0,0.004789610851267424
FR011992,0,0.009493218718002844
FR013359,0,0.009778734107651553
FR015255,0,0.003597910889836558
FR015972,0,0.009765996644925702
FR011266,1,0.036821768710811685
FR012940,0,0.0050360175666466596
FR010798,0,0.01300435373685632
FR003391,0,0.03267172032405713
FR019791,0,0.014807481258529506
FR010734,0,0.0037761462505278686
FR015701,0,0.013218167794757483
FR001225,0,0.14963652717928186
FR017642,0,0.033114528321621706
FR004602,0,0.016157862710398135
FR002220,0,0.03293475202812263
FR004686,0,0.06469052871031701
FR011136,0,0.009227814574172639
FR005604,0,0.004464278321876747
FR005514,0,0.016682279470340913
FR014210,0,0.011955491034404797
FR006042,0,0.01778080122106297
FR000428,0,0.011666507248129647
FR007066,0,0.015504941030694821
FR010946,0,0.002723281296561511
FR010279,0,0.01918148923681794
FR009656,0,0.0037205462279934153
FR011724,0,0.040054872463575454
FR017776,0,0.048723529515720426
FR017210,0,0.005976668757074788
FR006798,0,0.022938504658632463
FR007508,0,0.0035607186383313193
FR004786,0,0.025522595853522484
FR006824,0,0.007964369175319416
FR005185,0,0.05826584762536117
FR006315,0,0.005114250606675054
FR016784,0,0.0051046902238996135
FR017797,0,0.012343196009969174
FR007248,0,0.04066076085765669
FR019821,0,0.019789453207782474
FR016175,0,0.019062996574008294
FR004043,0,0.01753664868253497
FR013662,0,0.014233985457168427
FR014686,0,0.009186336204611546
FR011508,0,0.003969529759223651
FR016233,0,0.012567241361328677
FR007459,0,0.004500670854422405
FR000931,0,0.022942173175550362
FR017941,0,0.008134101725469495
FR013654,0,0.020284112941473243
FR018084,0,0.016858771794100152
FR010622,0,0.006056476800169335
FR008661,0,0.006439204274950935
FR003916,0,0.010285082257727696
FR019497,0,0.012412895252454316
FR003697,0,0.026260251237920446
FR019417,0,0.007851279517340949
FR005304,0,0.0034069506847245567
FR018465,0,0.013452956924303231
FR006981,0,0.013795622075923058
FR013704,0,0.0044999375312320825
FR002923,0,0.008653959563090959
FR008854,0,0.005080994729988431
FR015191,0,0.02829194719842391
FR007297,0,0.0044646791388034774
FR007333,0,0.004351011573720896
FR019229,0,0.004590401442137736
FR007032,0,0.07549750165165385
FR012359,0,0.013026081412280864
FR004623,0,0.0051200464220117065
FR008549,0,0.01203228587793583
FR000303,0,0.013163186429971755
FR009924,0,0.004947232876715107
FR009400,0,0.021801656159911875
FR013087,0,0.0077884699154065025
FR012477,0,0.013343342390168635
FR016682,0,0.0038884342064246014
FR015489,0,0.018752321750737672
FR019763,0,0.01102387602960623
FR017290,0,0.005882123648023495
FR009614,0,0.019814230557442573
FR008869,0,0.002514863968933281
FR018444,0,0.01604333797608482
FR012209,0,0.005743338727811113
FR013852,0,0.02344615922859543
FR008349,0,0.0028806609576533075
FR005308,1,0.004742917334389321
FR002958,0,0.00469316329061067
FR011750,0,0.03007348683578695
FR002729,0,0.020634944985375474
FR009553,0,0.01227822966793543
FR005925,0,0.011139083579205372
FR013278,0,0.018311784579004318
FR005691,0,0.014375814548610547
FR009310,0,0.007030970670650988
FR011788,0,0.004573261604248585
FR004948,0,0.02210752168093009
FR001790,0,0.004210658840825543
FR008530,0,0.017603168750420617
FR014809,0,0.009801829261020812
FR012771,0,0.12587303029944183
FR010333,0,0.010804896781752074
FR009538,0,0.011174298614569861
FR008286,0,0.0023557549114848237
FR015596,0,0.02905925131740826
FR017602,1,0.06392447631057464
FR007057,0,0.0037737188948090005
FR019765,0,0.010986942079356507
FR013169,0,0.006143409349544122
FR008537,0,0.05472689430091519
FR014532,0,0.022497295398327014
FR002479,0,0.06355260908427217
FR004238,0,0.01591389356033505
FR016178,0,0.009493513421015592
FR012982,0,0.0061210645524573185
FR003313,0,0.005711463295011686
FR015305,0,0.012329071334349816
FR019464,0,0.0753927902643314
FR019843,0,0.006394395955740825
FR003305,0,0.010646189122856344
FR009185,0,0.017902876191072312
FR014988,0,0.015898331315599652
FR014029,0,0.01600069004372757
FR005978,0,0.003995801806071469
FR001897,0,0.03315151138998957
FR002421,0,0.009538336267484902
FR004023,0,0.014327384958229411
FR010464,0,0.004649695985706161
FR003251,0,0.02748073640805371
FR003488,0,0.009507212136419169
FR013591,0,0.0194256089898185
FR008259,0,0.03182213805959103
FR000520,0,0.00549813666376824
FR010000,0,0.016856958716161958
FR013565,0,0.008776298428773156
FR010410,0,0.0050112346398370365
FR006290,0,0.006985147244608084
FR012937,1,0.01308936166534321
FR017201,0,0.004273447182233869
FR009053,0,0.007290524438313028
FR006835,0,0.008312058650207666
FR004061,0,0.0055496807833821825
FR019786,0,0.0096625564874875
FR000413,0,0.0038486788453025596
FR013612,0,0.0761269245562458
FR016410,0,0.005034163443060083
FR002574,0,0.021253887262048007
FR006235,0,0.008203697251919478
FR003052,0,0.008539290809248689
FR010245,0,0.00751546616258728
FR018791,0,0.015422165545269012
FR018999,0,0.009778971559271252
FR009390,0,0.004981819724558624
FR015986,0,0.006159707688164077
FR003905,0,0.008086818832769441
FR016831,0,0.00570356473244385
FR014172,0,0.00626673211166462
FR015794,0,0.020766611822523064
FR000817,0,0.034047640612524216
FR018731,0,0.0074389466305517585
FR002861,0,0.0002673347497660934
FR008378,0,0.014453492279796734
FR000435,0,0.0361578445559969
FR012567,0,0.03422663353540408
FR005272,0,0.00349273176817095
FR016842,0,0.0790541908651526
FR008017,0,0.009454367678017649
FR008570,0,0.027628442504718933
FR013983,1,0.0040288925816678615
FR019641,0,0.0194816560029615
FR007037,0,0.2474594962202693
FR003356,0,0.004858883439299688
FR012115,0,0.015752916239853452
FR019903,0,0.006731640895415035
FR008541,0,0.004047643541482894
FR001611,0,0.00714728480333793
FR008218,0,0.0075375299343094365
FR015841,0,0.019455979987248403
FR013555,0,0.0039058451414109388
FR003980,0,0.00033617688473467125
FR009175,0,0.04168816038856335
FR001893,0,0.019905576402836963
FR004453,0,0.010401582299342495
FR013922,0,0.005033964094251504
FR008157,0,0.01956229902281208
FR017361,0,0.006798889637427909
FR014168,0,0.009166667920290082
FR017579,0,0.013689471298475836
FR005544,0,0.03293864565791275
FR005843,0,0.006020866582355902
FR003238,0,0.004109229223364055
FR009824,0,0.014350528068941345
FR007991,0,0.04618104648918475
FR011325,0,0.023275503269402382
FR008381,0,0.012126199820930753
FR009782,0,0.008885628361951288
FR000868,0,0.04741778785341735
FR011146,0,0.005598609670954851
FR013264,0,0.013666348872463962
FR010348,0,0.004119343201446692
FR003081,0,0.008848648473350677
FR014001,0,0.01789524480606895
FR008060,0,0.0049982728325107945
FR003310,0,0.021095396400733605
FR000718,0,0.008281190138198408
FR017688,0,0.01409681247274483
FR000737,0,0.006406699157354236
FR015440,0,0.007053691157521428
FR008338,0,0.02071659310628045
FR017792,0,0.005783381111198652
FR009073,0,0.004503070600378246
FR010718,0,0.02624976758230461
FR017229,0,0.011105317360910354
FR002194,0,0.012669607643375424
FR004759,0,0.00910633840586405
FR002847,0,0.004595022272844952
FR008129,0,0.006405693087071223
FR008202,0,0.007854290250191532
FR012938,0,0.015890386929548386
FR014078,0,0.02097581413386933
FR011134,0,0.0032994948778361497
FR019222,0,0.008696482871186207
FR017200,0,0.005545559721544367
FR007532,0,0.02542280014879515
FR015447,0,0.004054547801391537
FR015277,0,0.005858400681713137
FR001743,0,0.018975040949632274
FR016302,0,0.05046295415457086
FR000608,0,0.008023572768521238
FR003776,0,0.007472316585677365
FR000393,0,0.003525595430946
FR000499,0,0.006096460723159689
FR007004,0,0.005835467736089998
FR006033,0,0.0030160864809785394
FR002506,0,0.005360914847634457
FR003266,0,0.004878042917336601
FR003484,0,0.007185830318829565
FR016491,0,0.0035072087249887213
FR016862,0,0.006970637591774114
FR016125,0,0.004065543863668814
FR000484,0,0.0074851703635751025
FR009172,0,0.004067813305582386
FR004932,1,0.031217892563302804
FR004157,0,0.004611030697582573
FR017845,0,0.2848993596823252
FR002832,1,0.16248281785050936
FR010969,0,0.016623012523263557
FR010299,0,0.0114664526567166
FR019424,0,0.0084728540552208
FR011255,0,0.002973089096428117
FR012397,0,0.004098077942159524
FR009445,0,0.012836601861629826
FR012764,0,0.007319988614643367
FR012444,0,0.12394143909498795
FR013848,0,0.0042307248991865914
FR006419,0,0.0763963835533793
FR008026,0,0.0059785975617692695
FR006356,0,0.022655847703142107
FR015614,0,0.003062410770367053
FR017645,0,0.004494221982547393
FR010124,0,0.0060237375662745155
FR009007,0,0.005649741965340792
FR000036,0,0.005544364253964846
FR002944,0,0.016919757255327107
FR012451,0,0.024827373616549426
FR012258,0,0.0038458188974236896
FR000291,0,0.006848530621678441
FR019129,0,0.0058848192526531305
FR005934,0,0.012830566088733638
FR005234,0,0.00431140524329555
FR008553,0,0.0053577499206473285
FR005116,0,0.03238135662806069
FR014582,0,0.008724948833027941
FR016298,0,0.005211211437960203
FR012977,0,0.00561155323678192
FR005747,0,0.01924372324552165
FR005277,0,0.0031478454946376987
FR007183,0,0.020201338940943576
FR012096,0,0.028565364992614157
FR007970,0,0.019090464625068724
FR011065,0,0.004954225532315657
FR002364,0,0.007793833071764195
FR007179,0,0.0030806794127897735
FR007325,0,0.0065843135456720514
FR004605,0,0.005895856037389031
FR011672,0,0.0231998597752421
FR009485,0,0.019770983660801173
FR002205,0,0.0390236385057269
FR016344,0,0.006331959829986698
FR006576,0,0.007503717570339907
FR014782,0,0.004843775086540464
FR006305,0,0.007875830868130606
FR007701,0,0.0036620894826618236
FR001019,0,0.0034032167078843763
FR007944,0,0.007394247130875278
FR012337,0,0.02423989831919277
FR017321,0,0.00507716763516784
FR010053,0,0.007166836582424216
FR006631,0,0.030977763675766868
FR002748,0,0.01790301337987894
FR008254,0,0.03246572309153791
FR008055,0,0.0037475717560133508
FR007717,0,0.007541924729933452
FR000521,0,0.005172192908624487
FR019525,0,0.0063712759095203705
FR012288,0,0.006801801991496349
FR002709,0,0.0029451060216699036
FR018362,0,0.016871219304729616
FR010056,0,0.013219222734568013
FR003153,0,0.003305707023987314
FR018178,0,0.005685112458174127
FR003518,0,0.016285038756246546
FR001209,0,0.017695052501841932
FR017028,0,0.009426076426174464
FR006243,1,0.116885057880951
FR019909,0,0.002590639387010714
FR000130,0,0.00761212686240368
FR012495,0,0.008338481141632824
FR000904,0,0.004420530725345455
FR014365,0,0.009485494270156374
FR019474,0,0.004846654443838874
FR000894,0,0.0050221180488445255
FR002432,0,0.009988110727241921
FR017494,0,0.006822026054050651
FR017397,1,0.08210424329766665
FR000999,0,0.006448142179895126
FR002192,0,0.0713412864905462
FR001990,0,0.004419792405340586
FR016039,0,0.005029756615018736
FR012914,0,0.0038451667927324475
FR012675,0,0.032868745920893644
FR006969,0,0.00691623550297846
FR019520,0,0.015732104253078017
FR009213,0,0.0036718599185048702
FR008016,0,0.013932737688787592
FR017826,0,0.00884967229702568
FR019292,0,0.014420089793594404
FR003345,0,0.6665848211419144
FR003370,0,0.0027831753644144397
FR015308,0,0.004819044280968109
FR011154,0,0.006521018890644745
FR019688,0,0.011789828850630952
FR019149,0,0.011805803634384743
FR014053,0,0.013373174042245478
FR001695,0,0.0033581724140306353
FR017544,0,0.03510723770703049
FR009801,0,0.007921214110074034
FR006338,0,0.010128993180710305
FR011338,0,0.008816835623047142
FR018848,0,0.011447520394118971
FR003860,0,0.0032718725341239307
FR003897,0,0.005449205854424227
FR016804,0,0.005194769160694948
FR009040,0,0.003342421256209883
FR014944,0,0.02502754772137584
FR008175,0,0.0033227082326085203
FR012707,0,0.18976913453474634
FR002738,0,0.025533860248990004
FR012003,0,0.005424831141824692
FR019277,0,0.0070825160445351955
FR002156,0,0.004302148431624481
FR008117,0,0.011697193632419485
FR000417,0,0.013615560210286924
FR006256,0,0.00649471247864592
FR001109,0,0.02521600684675424
FR017718,0,0.0007840327304506215
FR017991,0,0.024756854512286194
FR015679,0,0.0046011792888354915
FR013625,0,0.021897413941047758
FR010255,0,0.011355586578449178
FR010786,0,0.021462969107288427
FR004416,0,0.012833065901790277
FR016609,0,0.00591876868679263
FR002454,0,0.010274235565741202
FR008135,0,0.0074410456864305715
FR009826,0,0.0036084964745549467
FR011808,0,0.009154453284916762
FR006126,0,0.016291963693941904
FR004589,0,0.03273752762081947
FR010807,0,0.026963363703961702
FR010037,0,0.009608232064430398
FR000757,0,0.007229768521273004
FR010879,0,0.019310452226721245
FR008578,0,0.01607993890219807
FR005567,0,0.0557744291877544
FR015584,0,0.0048600840111153246
FR015778,0,0.01506191214079324
FR010589,0,0.020344836364431202
FR010367,0,0.005483571539089364
FR010023,0,0.009155759441149542
FR011585,0,0.014033227649133458
FR018491,0,0.013790704197482045
FR017302,0,0.005433135848676985
FR003040,0,0.012566742529737732
FR000512,0,0.006208910683680141
FR016879,0,0.014802616814079137
FR019368,0,0.00980341522929421
FR000693,0,0.0158229874087839
FR018244,0,0.005576601448874123
FR019619,0,0.007877139667942824
FR016488,0,0.010716237987030225
FR000476,0,0.011927700404556473
FR010991,0,0.004401886021398602
FR001926,0,0.005136127401933245
FR018158,0,0.0005292516489852571
FR005145,0,0.009553705832344038
FR002427,0,0.004013937323347319
FR016063,0,0.007236188239695879
FR012078,0,0.007393946202454864
FR009432,0,0.007417404197788882
FR017023,0,0.040571862047532145
FR015538,0,0.01698228610590091
FR000862,0,0.011546273882304245
FR012797,0,0.027831357138864643
FR017276,0,0.022668818505132412
FR004866,0,0.004764786531638101
FR005715,0,0.0057029566298618314
FR013912,0,0.0035161894134883216
FR002174,0,0.027051660472406563
FR015279,0,0.005424277092128309
FR010235,0,0.05414538213028147
FR002012,0,0.0257463498430576
FR001500,0,0.007090874541973447
FR005088,0,0.01264408290883602
FR011188,0,0.002974706297438932
FR009659,0,0.011574239502011618
FR015892,0,0.008077817762889905
FR018291,0,0.002855482239868081
FR018208,0,0.005806183208368794
FR007339,0,0.003679571314279474
FR000828,0,0.013703160868721517
FR000067,0,0.042113897548863764
FR017647,0,0.00658871785959828
FR003861,0,0.007120193447225614
FR007457,0,0.007549204269575706
FR019906,0,0.0314732961807375
FR001737,0,0.004831039328996154
FR007494,0,0.008014357754153894
FR008877,0,0.002667327884266553
FR010691,0,0.003083475657014984
FR018559,0,0.018989710134296806
FR003665,0,0.019897833557268037
FR013375,0,0.00537383304053636
FR007237,0,0.0024082133073703793
FR005338,0,0.004587925477051705
FR002940,0,0.005071871616581461
FR014080,0,0.009502368980368114
FR016213,0,0.0066562740464107305
FR013774,0,0.06421735227231591
FR004543,0,0.006554847157617161
FR000523,0,0.003187075709600831
FR005845,0,0.002669551484549093
FR010472,0,0.004121048189074448
FR017045,0,0.00635982774170077
FR009188,0,0.0020914565939508267
FR009666,0,0.010408458078344507
FR007306,0,0.007200684069310036
FR012406,0,0.006816769270831993
FR011389,0,0.0054240789794221984
FR017377,0,0.028078916805679806
FR001842,0,0.01907890319732469
FR007337,0,0.009936843974212572
FR005102,0,0.026967867794671998
FR013256,0,0.003985238215078924
FR019033,0,0.011051642168942923
FR008794,0,0.010281863118998202
FR010374,0,0.008669192515245268
FR016649,0,0.023876798601661225
FR017214,0,0.006449951406014382
FR013999,0,0.025214872674980914
FR011732,0,0.006608425212695571
FR003086,0,0.004594616518071439
FR005980,0,0.003832360649836037
FR009446,0,0.02236050756740299
FR007247,0,0.018074248049417985
FR016335,0,0.00476656910122544
FR018551,0,0.0059521620273759535
FR004458,0,0.0034502902527945526
FR009047,0,0.006180262094205404
FR019104,0,0.004742668700411548
FR007079,0,0.006053442982499242
FR008636,0,0.010276538125942898
FR011675,0,0.01792679611538284
FR008838,0,0.01062698346685797
FR009919,0,0.010178048034167669
FR012464,0,0.03693826671601354
FR003696,0,0.013752015664601597
FR013098,0,0.019104588290461074
FR004347,0,0.0026839799820063304
FR012560,0,0.004373610454779628
FR018789,0,0.00843932774800543
FR018233,0,0.007375372623298609
FR018682,0,0.016452339619598952
FR002028,0,0.0057988160647971495
FR017456,0,0.0060957961817326755
FR006528,0,0.008311394073625493
FR002533,0,0.05236301422938838
FR001293,0,0.006393298203829713
FR012662,0,0.0040390428705240405
FR014786,1,0.0195159189896383
FR004751,0,0.0077736029630374875
FR018765,0,0.010806306430283803
FR003206,0,0.006581995038843612
FR007972,0,0.002407868700588198
FR003880,0,0.006169564497994811
FR014618,0,0.0032036776012247235
FR007574,0,0.008402276899251344
FR010509,0,0.030082537801573796
FR015292,0,0.009751932345657627
FR008127,0,0.02668358708437941
FR010672,0,0.008418771132699121
FR016528,0,0.004572357011442274
FR008367,0,0.0019593545092822817
FR005161,0,0.003215417203986047
FR017949,0,0.0030799999933579427
FR018141,0,0.003012020537616844
FR010612,0,0.03643928298111793
FR002667,0,0.01911532398706112
FR003215,0,0.005921994301274973
FR002431,0,0.010019080774000662
FR002441,0,0.018487789782049947
FR003814,0,0.004407582364631429
FR005098,1,0.041354616671745205
FR005439,0,0.01264643950461649
FR010116,0,0.06320032143226718
FR016845,0,0.017301331422002148
FR004928,0,0.019692111249149675
FR004565,0,0.00418681894884629
FR017852,0,0.00573930249300518
FR004834,0,0.01287216242933231
FR002414,0,0.01219037324430728
FR001742,0,0.00709235624895933
FR019118,0,0.011204434138649813
FR005791,0,0.015415979531207736
FR016204,0,0.01493641501709019
FR001358,0,0.0002516455172193046
FR012419,0,0.0571723641131792
FR000738,0,0.011139621510756315
FR014134,0,0.028502363874393092
FR000208,0,0.008543747767968792
FR016499,0,0.0033703824607303826
FR016669,0,0.0031150494925198673
FR014207,0,0.0030455528764929047
FR018846,0,0.013193276392866984
FR005303,1,0.3690145128178277
FR012414,0,0.01016441912029911
FR007397,0,0.06699317414659768
FR018952,0,0.005486302576380658
FR011034,0,0.006898973892844897
FR001130,0,0.03513174383369126
FR019778,0,0.017831439519812746
FR016266,0,0.024934222584254758
FR019749,0,0.006576435212493334
FR002643,0,0.0049427973749568985
FR012736,0,0.008048976481644354
FR016382,0,0.007559461949771344
FR000359,0,0.003745751815184529
FR012999,0,0.030667456754338265
FR013318,0,0.005910887625076471
FR002749,0,0.023539058234201066
FR019582,0,0.011778823061892365
FR009216,0,0.03284724363610852
FR004977,0,0.006660689159153466
FR005493,0,0.0098388523085406
FR008422,0,0.017479246485947737
FR010477,0,0.009498865998071633
FR017472,0,0.009757301201891692
FR010303,0,0.0029342674033921556
FR013438,0,0.023338485699937295
FR007438,0,0.0002847318195606794
FR018796,0,0.00521057696667821
FR010232,0,0.005205599377645004
FR003298,0,0.004491656980788054
FR015080,0,0.07399838424110515
FR003548,0,0.005999600360233504
FR017242,0,0.011446420804661983
FR007424,0,0.011146867130332368
FR001114,0,0.007247217736976425
FR007544,0,0.005699411849551766
FR004927,0,0.00479649929712438
FR011372,0,0.003980447890321081
FR004378,0,0.015393493301766021
FR015937,0,0.012472373864103
FR007789,0,0.010248622470726635
FR019494,0,0.007749879334010249
FR019883,0,0.00236795497435897
FR000225,0,0.005759895035385205
FR017388,0,0.007932541917547227
FR002395,0,0.0036830301594453635
FR009665,0,0.013887667393260162
FR005435,1,0.061302780546802736
FR006303,0,0.015503279350300858
FR007486,0,0.017163509723664178
FR015470,0,0.009566947713512337
FR009772,0,0.027955158979360028
FR000235,0,0.010146985014162788
FR000350,0,0.012368710271190603
FR012823,0,0.01012930841933229
FR000289,0,0.004109077286341703
FR013740,0,0.00629153230486251
FR005962,0,0.0033968821925671328
FR005820,0,0.004576329111668335
FR019882,0,0.007311142964395362
FR011578,0,0.008129952669195096
FR016350,0,0.04562987692385903
FR011558,0,0.0046184495068382105
FR000378,0,0.03495185645219241
FR005498,0,0.004035981304667399
FR008361,0,0.005493530986024638
FR011552,0,0.009741006400616035
FR000159,0,0.02750638810705125
FR009678,0,0.0040239969015353925
FR005741,0,0.0037555873923197734
FR002412,0,0.0041079753254533715
FR008713,0,0.007998286662996151
FR017058,0,0.006994021749835752
FR015091,0,0.0025077694989077753
FR019007,0,0.014682177938000376
FR005851,0,0.009867323918865032
FR012379,0,0.0075374746357134365
FR002449,0,0.009770940134601775
FR019060,0,0.0060393904450398396
FR004877,0,0.014449523924585076
FR009396,0,0.006408537993738419
FR017667,0,0.004120226797125925
FR015050,0,0.006580878722330219
FR013044,0,0.06719746719783591
FR003917,0,0.006920475588354691
FR017726,0,0.015558308496543478
FR014448,0,0.007813920092323826
FR003070,0,0.005628520441772325
FR017996,0,0.007744706054751409
FR002890,0,0.0220691707385943
FR019662,0,0.01725693412450847
FR010930,0,0.004738236916032947
FR016365,0,0.008910726797634832
FR007699,0,0.023955607327102908
FR001471,0,0.03761636372414496
FR018190,0,0.008203983420986357
FR012704,0,0.020080462059490958
FR009136,0,0.0076734689312334915
FR000653,0,0.008966056315799704
FR007352,0,0.011058527333462872
FR011683,0,0.004655787279154445
FR018526,0,0.007657425359411228
FR010816,0,0.004856244982210544
FR017274,0,0.04407108290874226
FR008109,0,0.006836417556720149
FR013793,0,0.003228681553842453
FR017121,0,0.027673198072956335
FR019041,0,0.008229308284718214
FR003005,0,0.003197196615762544
FR010606,0,0.005092495238796795
FR013294,0,0.028011678052990655
FR012535,0,0.010883170563485737
FR018126,0,0.014102534638915783
FR001006,0,0.004337993318703052
FR011769,0,0.004725905440088784
FR018591,0,0.009896671771296378
FR016570,0,0.0073365629322714385
FR002072,0,0.006758902243089886
FR012837,0,0.007198698806244815
FR009723,0,0.0076659205518265034
FR016168,0,0.005444728856247202
FR018439,0,0.009847844151563962
FR004737,0,0.0036570213932981092
FR013587,0,0.02100110241290527
FR015207,0,0.0028966951302547735
FR006226,0,0.014295395365089331
FR007642,0,0.004794864213943837
FR018229,0,0.011373267576000892
FR017805,0,0.0036866753461313843
FR013418,0,0.01639626140704577
FR003364,0,0.007170741390665899
FR013052,0,0.00292308621476715
FR014760,0,0.012702778126366944
FR007491,0,0.00691776658944875
FR012752,0,0.016049954180367452
FR017636,0,0.016002966744670926
FR015883,0,0.00637221905220253
FR001154,0,0.004243782925327078
FR019304,0,0.01061574223833388
FR003825,0,0.00596105013206753
FR014382,0,0.004556910520467713
FR004419,0,0.00450894960866097
FR010323,0,0.0012585096882468897
FR003840,0,0.004612139205188887
FR011064,0,0.00771617934347271
FR016534,0,0.014173471507663968
FR005989,0,0.10125332660890281
FR015528,0,0.007328697050096728
FR017181,0,0.02065512187243965
FR017389,0,0.013182529153456649
FR004017,0,0.016856158644622938
FR008427,0,0.0035859341456554636
FR018567,0,0.005628889651042993
FR019562,0,0.0050264777462530365
FR008551,0,0.025041451164303116
FR005577,0,0.004532064022123877
FR012298,0,0.005475893993111502
FR013618,0,0.043924608281345014
FR015481,0,0.030969677355202636
FR005137,0,0.008718359603412601
FR017707,0,0.011089125455858953
FR003374,0,0.00562835511550825
FR017293,0,0.003304575949798286
FR014581,0,0.003915108615521929
FR013093,0,0.015155437955214318
FR002272,0,0.01793398823704399
FR012162,0,0.006494810419752598
FR013823,0,0.0028871663894751436
FR001809,0,0.007420992294351187
FR009799,0,0.0033291822139618985
FR006984,0,0.012319826318625535
FR008591,0,0.01322569183131825
FR004495,0,0.0830639407546364
FR019924,0,0.005291247531910035
FR010679,0,0.06819951805712511
FR014822,0,0.022388601930066736
FR010995,0,0.030127986865325123
FR017783,0,0.010182271580707454
FR005751,0,0.002663281998918049
FR001799,0,0.031231339636230305
FR007215,0,0.009817049889583469
FR017741,0,0.005413113662829355
FR009653,0,0.013982884090761255
FR010934,0,0.004039575896044561
FR014489,0,0.002816225823547392
FR001632,0,0.01609133220783625
FR007305,0,0.003639729955259907
FR010792,0,0.18270286718673368
FR005358,0,0.007485398266770388
FR004849,0,0.01674514255505968
FR019730,0,0.007951486744055084
FR004451,0,0.004734077355566666
FR015881,0,0.01183168667702992
FR009106,0,0.010916047834698068
FR013083,0,0.013851565005302926
FR003332,0,0.004971169677587571
FR003668,0,0.01500472368584684
FR000193,0,0.04578961158288448
FR017569,0,0.008545860251969902
FR009911,0,0.00917213294023178
FR003845,0,0.005031620412668687
FR006201,0,0.0026675813955232236
FR008663,0,0.00609541230660144
FR001905,0,0.004856565165624702
FR005471,1,0.004611671943423628
FR000349,0,0.0024597761612739216
FR015592,0,0.025422595340180435
FR019313,0,0.02474402924107046
FR012783,0,0.01179488084186798
FR009347,0,0.039661030171069894
FR009315,0,0.004281902161182915
FR004379,0,0.023903764990187395
FR010563,0,0.008473509479761094
FR007191,0,0.01768259516557945
FR013890,0,0.004694831796675074
FR000280,0,0.006667738646011094
FR010418,0,0.017317854285807243
FR016557,0,0.004767290105948618
FR001475,0,0.006591774460177197
FR002984,0,0.015505548026891275
FR003469,0,0.004052516889501884
FR006223,0,0.005586311726564183
FR016882,1,0.008869509743364824
FR013590,0,0.011566707650817696
FR007732,0,0.004144993762016364
FR004031,0,0.007394090420686551
FR004365,0,0.00469559222494317
FR000702,0,0.006535484175668315
FR015287,0,0.0037655048473786285
FR004406,0,0.006445151400593023
FR002409,0,0.006092694006095104
FR011383,0,0.0031886357724392102
FR003503,1,0.05191383994326504
FR007769,0,0.010526196535244834
FR006965,0,0.02212475654089811
FR007592,0,0.011145786095824341
FR002098,0,0.005843015036955078
FR012382,0,0.0024700074207109055
FR010884,0,0.013727325616304221
FR004009,0,0.03735864768256155
FR006051,0,0.01216159266813222
FR013259,0,0.006077739952422841
FR004745,0,0.006180418499822465
FR018961,0,0.005664213921129833
FR008960,0,0.007186022863666931
FR005613,0,0.021504564847810857
FR011215,0,0.0038174435180373906
FR002818,0,0.024234218400737587
FR014204,0,0.005595699748530607
FR009907,0,0.0030170328151508264
FR018862,0,0.06253762698744741
FR002655,0,0.0819232020473923
FR018267,0,0.013607068243560673
FR008830,0,0.01909534644809446
FR001857,0,0.011242890819895756
FR002020,0,0.011614126054789628
FR001602,0,0.017502114113180908
FR008835,0,0.002639311101941849
FR006360,0,0.014811415096972253
FR006655,0,0.003917591222417076
FR000617,0,0.005043528653837639
FR001469,0,0.02202910089442157
FR006241,0,0.006312548139701879
FR000210,0,0.00556686125210997
FR011856,0,0.008817755508444504
FR013687,0,0.01914633000214235
FR007775,0,0.015444258592111383
FR004617,0,0.0042814890654796585
FR006898,0,0.012582802662577849
FR017781,0,0.008295052078824404
FR015344,0,0.004441106165169706
FR013233,0,0.003960352137103762
FR000803,0,0.008387473070280113
FR007398,0,0.011134789174239363
FR016108,0,0.004700375559479651
FR012811,0,0.005857137803592771
FR013323,0,0.006630404024638981
FR005876,0,0.005787038731574559
FR012580,0,0.010812846501635836
FR015193,0,0.008712630969289217
FR018980,0,0.006675479924873732
FR018798,0,0.021369907434532116
FR002352,0,0.049084920203343006
FR000704,0,0.007935275291608524
FR018889,0,0.01008412289564254
FR002446,0,0.005738594307263614
FR015476,0,0.026941929630137158
FR018700,0,0.005755518109729885
FR005175,0,0.013491253555440301
FR017129,0,0.0199469869735095
FR004937,0,0.011309631502907784
FR019405,1,0.06375560052935868
FR009649,0,0.005822385555879584
FR004193,0,0.01052853175456081
FR004019,0,0.016913276915038158
FR001830,0,0.006509438089072006
FR018163,0,0.003116720052828146
FR011796,0,0.006662095941747613
FR002208,0,0.007108478837807661
FR015260,1,0.051473418183839416
FR003235,0,0.012122396409957202
FR018373,0,0.05157399470853145
FR001340,0,0.04222531534700186
FR010915,0,0.036521330518616564
FR018262,0,0.02697109771005385
FR012819,0,0.008881496866545938
FR004431,0,0.004378529573810601
FR012134,0,0.019622577343472114
FR013357,0,0.1211841141007748
FR010963,0,0.00942377361911851
FR014194,0,0.006617790620315055
FR004500,0,0.0080454806401599
FR008294,0,0.006570743671233598
FR014281,0,0.0034347347219132163
FR009498,0,0.01664872763789604
FR005612,0,0.05116224165678481
FR000307,0,0.012618348842599353
FR003431,0,0.009823063879494059
FR015388,0,0.013651127478481994
FR011076,0,0.02919123093789831
FR012296,0,0.004547575112430276
FR010034,0,0.004594724451155186
FR002134,0,0.006643177285170931
FR009594,0,0.00956374132603248
FR006135,0,0.010029939390118384
FR007685,0,0.003960765458837036
FR012518,0,0.0035972000254482724
FR016838,0,0.004796444471441256
FR002746,0,0.015985533873326924
FR015379,0,0.013332908249764547
FR016076,0,0.03598000677981807
FR001998,0,0.037639235740230974
FR002788,0,0.006392653017971602
FR002995,0,0.009845883983361232
FR006474,0,0.004949919426207954
FR010297,0,0.03426248941454999
FR008766,0,0.013890530629385821
FR002767,0,0.004379336533619012
FR019546,0,0.01193120966431973
FR011890,0,0.006091340520896475
FR008939,0,0.005267191661510671
FR005945,0,0.02506632786296771
FR003855,0,0.006446013844939391
FR011080,0,0.026989812839993733
FR012964,0,0.006264463432766896
FR001654,0,0.003008444953735987
FR014643,1,0.010669236853365604
FR002219,0,0.0069260831134635254
FR014571,0,0.008713763835212857
FR010953,0,0.004917830385345289
FR005216,0,0.009140724610449886
FR004654,0,0.007596995820554939
FR019961,0,0.00841854308708491
FR014667,0,0.0033593735232685614
FR005552,0,0.044469903668221934
FR019557,0,0.0058188818285260764
FR007713,0,0.013488997430283414
FR017115,0,0.005519376252136794
FR015742,0,0.012007134686728907
FR019360,0,0.0115276709310308
FR002306,0,0.01818883866856666
FR017801,0,0.041520103556273225
FR005848,0,0.005331441543594204
FR003954,0,0.003477947585421984
FR008292,0,0.018117210495586875
FR006354,0,0.022529178492050522
FR018600,0,0.019665900814004145
FR015665,0,0.0034160090003561676
FR012424,0,0.011605402640986829
FR014795,0,0.010623142473640096
FR005695,0,0.007029115888412208
FR002552,0,0.008007333251419476
FR017338,0,0.002713694047563869
FR016727,0,0.007252131695000869
FR013887,0,0.013011589970648428
FR000842,0,0.008430088936804001
FR008625,0,0.008818736153317267
FR008540,0,0.029992362906333017
FR012831,0,0.005518243484885846
FR005386,0,0.008826568963459154
FR008642,0,0.007699377951908483
FR019759,0,0.009407981932518456
FR013523,1,0.028495614321796148
FR010345,0,0.002487483925897665
FR004685,0,0.010753071667804379
FR007943,0,0.004732002220321833
FR005063,0,0.009314247830102875
FR006621,0,0.005604855270350617
FR011491,0,0.002647673243770016
FR001272,0,0.012455139603006827
FR004934,0,0.027700822921933026
FR008497,0,0.03358132444924362
FR018284,0,0.005132626876556652
FR017195,0,0.4570226699001479
FR003918,0,0.014428829387798521
FR015471,0,0.013064332564565545
FR006668,0,0.002886608265905479
FR013377,0,0.005485734731443069
FR019443,0,0.021291587836106473
FR003076,0,0.0067613043473210704
FR011407,0,0.004521044530376772
FR017164,0,0.009384946442438638
FR015044,0,0.014154092904988763
FR006503,0,0.01075255523194204
FR019670,0,0.013898431732202335
FR008499,0,0.0043060821222039684
FR000822,0,0.022437361812270327
FR012295,0,0.03113436969211779
FR005301,0,0.017412250945974296
FR018077,0,0.006835658152599992
FR019389,0,0.013848673908285244
FR014232,0,0.019601436373530626
FR018380,0,0.0035611299612402993
FR011100,0,0.007982396113034104
FR008132,1,0.7025232623453492
FR018210,0,0.009966729236849154
FR018179,0,0.029016150741877605
FR017748,0,0.006733413148146135
FR007515,0,0.03426763688567886
FR016956,0,0.007551620965510272
FR018810,0,0.02581361393521989
FR013817,0,0.0037203580636786422
FR010859,0,0.005415757048056066
FR015895,0,0.005829930953490826
FR012665,1,0.0872935345009801
FR014506,0,0.007408266592178009
FR011934,0,0.009956638408388431
FR019676,0,0.02098973109490718
FR004190,0,0.01195559706884257
FR005960,0,0.00420839381304905
FR003196,0,0.003736184989619378
FR010439,0,0.00443103666559734
FR003578,0,0.005710612072861
FR015404,0,0.011113641085788805
FR012195,0,0.01684612306907149
FR000939,0,0.011544774936541402
FR003751,0,0.021870887738359778
FR018370,0,0.022421677437615972
FR010526,0,0.010948555744219898
FR012484,0,0.004238078907077446
FR005324,0,0.008090599634706498
FR001321,0,0.0033874557289795618
FR016156,0,0.00544025134434862
FR006739,0,0.021954460717126898
FR000783,0,0.008260214006090385
FR001229,0,0.002497106817386112
FR012081,0,0.007326276583183037
FR003572,0,0.01139966625779743
FR014847,0,0.008229321906930443
FR012356,0,0.009646388770251922
FR001616,0,0.011304485514832008
FR000095,0,0.02731184799214996
FR004437,0,0.005267624315708795
FR005251,0,0.0035244214072632806
FR011096,0,0.03427643321106234
FR016430,0,0.01845864270233045
FR017653,0,0.014547937724940998
FR001399,0,0.008440240939018498
FR003629,0,0.008346801614018415
FR003483,0,0.010075663479552043
FR006930,0,0.008463881766716497
FR015178,0,0.00415295896757728
FR016731,0,0.06629849957829778
FR004410,0,0.005829060760476839
FR006334,0,0.013713049076699966
FR007224,0,0.01403987559783332
FR011779,0,0.0050903808255419875
FR004587,0,0.010659169785059083
FR019953,0,0.03195837286448492
FR016627,0,0.003405638231134574
FR015149,0,0.017123202151672328
FR015541,0,0.012017502858071847
FR007176,0,0.007429195489947309
FR018972,0,0.012207038461973435
FR014594,0,0.010766757535126478
FR002059,0,0.007355259781001246
FR003609,0,0.012603790397306839
FR001363,0,0.0035785519628670024
FR001513,0,0.026209900809079246
FR002353,0,0.016866540360028506
FR006780,0,0.03926211033498966
FR007474,0,0.0034802646869005623
FR019827,0,0.008435941311552808
FR006936,0,0.0076018010064127185
FR005698,0,0.06126188816824884
FR009036,0,0.00673396305897644
FR011185,0,0.0028975563951230353
FR017105,1,0.012786943849057828
FR010658,0,0.01929204144170125
FR015273,0,0.016357893134177393
FR013830,0,0.00795589804230725
FR014269,0,0.011058674794323318
FR001768,0,0.009388841487146103
FR009685,0,0.00885977239090424
FR004632,0,0.006146069497229429
FR001404,0,0.009824088281711838
FR000035,0,0.05257633709716881
FR010004,0,0.010379673548019842
FR012331,0,0.01538096940991916
FR017053,0,0.03427145234800269
FR015865,0,0.010414684415524652
FR012799,0,0.01111052283280724
FR014431,0,0.04059248346208653
FR018206,0,0.0030158336897885807
FR001704,0,0.010545658488640766
FR007502,0,0.012140734538791489
FR004871,0,0.006209102478275041
FR013976,0,0.008346161741469101
FR011613,0,0.01809669608065624
FR005074,0,0.005638229888082129
FR000450,0,0.004521695278594467
FR014306,0,0.00535267510678721
FR004093,0,0.005878138051113702
FR019701,0,0.008163245518945017
FR002512,0,0.0029558039315971357
FR013661,0,0.0053947731277735785
FR009022,0,0.0045678576797229045
FR011062,0,0.00982912438359027
FR013601,0,0.0036877675407350065
FR001164,0,0.03495978947838623
FR002692,0,0.03098311549941508
FR009450,0,0.009501085439180823
FR016249,0,0.005547478901865149
FR019241,0,0.003870070986790538
FR017247,0,0.008174939860646515
FR002856,0,0.005378023004463069
FR007674,0,0.01727466249018561
FR015171,0,0.003969873125415715
FR018758,0,0.007361716578698808
FR012267,0,0.013514919730827432
FR010292,0,0.015156272725722111
FR003113,0,0.005968596197346611
FR004792,0,0.05080287235177678
FR016760,0,0.02138721633266058
FR014400,0,0.023338836228362886
FR017443,0,0.006082470779157695
FR005448,0,0.0039442771105852115
FR012141,0,0.022546653041286405
FR012714,0,0.00513137995916627
FR007668,0,0.005580044823250702
FR000654,0,0.0268829845584042
FR007926,0,0.01958624836249704
FR006471,0,0.004336544303245957
FR016552,0,0.0073806707191643355
FR003552,0,0.007546371825513802
FR018948,0,0.017684718337977568
FR000196,0,0.0035366210503038962
FR007658,0,0.004885235881786778
FR016132,0,0.006268113528047206
FR004818,0,0.017165749317428643
FR005857,0,0.0028857309255425536
FR014234,0,0.020759083353606423
FR002168,0,0.0040081905242943805
FR010697,0,0.022013540732101832
FR000200,0,0.007915841270022518
FR002976,1,0.014790688149241811
FR003727,0,0.018019669706538847
FR007084,0,0.006031221383078443
FR008444,0,0.023967026943749272
FR003304,0,0.008712970872005885
FR018372,0,0.007600734076021308
FR006018,0,0.003040054231402444
FR012335,0,0.0022186548810525938
FR006283,0,0.10539327577794994
FR002326,0,0.006113670145082951
FR004558,0,0.005561562541832492
FR016450,0,0.02977103299491866
FR008816,0,0.006856933334409226
FR016716,0,0.005380541895773395
FR007950,0,0.00721847061326444
FR011498,0,0.005803817831381816
FR009770,0,0.003333891837134645
FR006168,0,0.014347175099033499
FR016467,0,0.02776736954489972
FR014637,0,0.008777007951927783
FR010980,0,0.006552987130834904
FR014917,0,0.011253818479801175
FR015360,0,0.023799815442762287
FR004616,0,0.020713505824428057
FR006100,0,0.004688209392592998
FR012391,0,0.04401243440596591
FR000192,0,0.021426435206639994
FR011937,0,0.006198876289172191
FR007014,0,0.02302634514123335
FR008380,0,0.02384358036064008
FR007518,0,0.008997579252577369
FR006996,0,0.008622618758819764
FR007739,0,0.015725004679276688
FR002775,0,0.002965029781151617
FR008655,0,0.005442450094702727
FR013696,0,0.013030217116143912
FR009552,0,0.005540822958927699
FR009537,0,0.006527219275345349
FR009239,0,0.011512724509514712
FR008963,0,0.12434470950688668
FR013986,0,0.030028134081672746
FR014151,0,0.014314580024804652
FR009247,0,0.012210681712125582
FR011981,0,0.03113710047293707
FR005243,0,0.00967829089965628
FR019663,0,0.009783035939069448
FR008445,0,0.008858306081935781
FR013758,0,0.0045029096668619565
FR015352,0,0.003783685925085509
FR016736,0,0.005418107649781965
FR019254,0,0.008672222357694633
FR009377,0,0.01441560551438599
FR017590,0,0.007135504510420383
FR015611,0,0.005026534773254157
FR016789,0,0.005997014773292405
FR002966,0,0.004769161520367546
FR009970,0,0.24451828371397397
FR017167,0,0.0025567688560942515
FR003988,0,0.012194830443966216
FR006458,0,0.0026624408665571566
FR015061,0,0.00455723825296875
FR011330,0,0.004876327937942776
FR008252,0,0.00980513110863322
FR012839,0,0.003913609798392749
FR013100,0,0.04369871238587595
FR002082,0,0.0029251043115463803
FR005826,0,0.00664762275933416
FR018096,0,0.004725654110439674
FR018647,0,0.0061815405048575795
FR013794,0,0.019846373844796806
FR000454,0,0.009054912056253852
FR015069,0,0.007356177178159943
FR007172,0,0.008231071034432233
FR014122,0,0.002419727511769874
FR018478,0,0.003940541375164835
FR018899,0,0.015030236130426963
FR011151,0,0.00640780356012875
FR007558,0,0.003106600460825946
FR003774,0,0.016097479868630946
FR012981,0,0.0032632618797638854
FR015930,0,0.013065290560172665
FR005861,0,0.0072342875175717
FR018167,0,0.05650798913660469
FR019115,0,0.005667615876859514
FR008558,0,0.010309988678788034
FR000583,0,0.008229128738251814
FR007366,0,0.007894290755167985
FR000961,0,0.005668002731701797
FR009786,0,0.006546126004253801
FR007308,0,0.002982801936802818
FR015330,0,0.008626750074059735
FR009249,0,0.009504963020784381
FR018461,0,0.012580343302075565
FR018326,0,0.007336096302384035
FR004158,0,0.005628734162349298
FR014268,0,0.030562226470468853
FR003624,0,0.011809180697535613
FR018622,0,0.013385747477632074
FR008935,0,0.0032077768638151143
FR009662,0,0.0124131317330011
FR007447,0,0.023173975537491103
FR011055,0,0.0324613687025648
FR019530,0,0.005117983473340931
FR009321,0,0.005452710028634174
FR013462,0,0.009361604901516614
FR019470,0,0.00587497442235791
FR000114,0,0.005215817745573353
FR009437,0,0.007047042393127201
FR006831,0,0.009008164985219997
FR008875,0,0.007674640189057779
FR004679,0,0.003590775719204992
FR012608,0,0.009747992178012132
FR002387,0,0.009177391799507332
FR012159,0,0.05440275270425456
FR015660,0,0.030484068455617467
FR015459,0,0.010682822194757434
FR007167,0,0.006166965622045692
FR013750,0,0.01279385491137805
FR019406,0,0.009691045849827823
FR015774,0,0.010718108553240346
FR006373,0,0.006543022806754226
FR010788,0,0.00583882342575555
FR004376,0,0.011435483057746677
FR005163,0,0.005709652363611796
FR006291,0,0.005499318728524588
FR002652,0,0.004200030666587921
FR000888,0,0.003697676008073586
FR009264,0,0.0033383332998924305
FR006320,0,0.00510290108820818
FR006234,0,0.006985502658181757
FR019613,0,0.008516427582264292
FR014100,0,0.02729600303812227
FR016239,0,0.06921981698900097
FR007689,0,0.009678452129879656
FR004320,0,0.01119234192979395
FR011004,0,0.00466340290964586
FR011886,0,0.018326291161464215
FR005628,0,0.004600267713440838
FR004414,0,0.011378675107888064
FR008581,0,0.0030418403116850012
FR001381,0,0.020186856032952116
FR001534,0,0.006605160987621021
FR012722,0,0.004512702680800589
FR011328,0,0.013830601496931173
FR016098,0,0.002216115254110422
FR008760,1,0.013931523195639223
FR010302,0,0.0174380901238365
FR011771,0,0.007420794580606277
FR005447,0,0.004678445835534978
FR012570,1,0.0071266837226531985
FR013732,0,0.009105019928825947
FR011480,0,0.046200335989860286
FR012004,0,0.015244911513465999
FR017048,0,0.008862280444967924
FR009183,0,0.01995218043723088
FR001023,0,0.00563508412770491
FR007151,0,0.004662238811232127
FR013637,0,0.005580207509109809
FR014189,0,0.002690413786196399
FR006192,0,0.02733323497989237
FR000427,0,0.009231673142383894
FR001060,0,0.005210395647513463
FR012929,0,0.007452420433704696
FR009752,0,0.010767726561721966
FR003556,0,0.006107574993040256
FR011790,0,0.007365198804455139
FR012206,0,0.020781005796433976
FR001950,0,0.012954052176014736
FR000907,0,0.008884318969809606
FR006819,0,0.008205253937030648
FR016863,0,0.009830036616272905
FR013146,0,0.005123403103080158
FR012950,0,0.005833214565274195
FR005038,0,0.009431453451618018
FR002021,0,0.0050441667542942105
FR013940,0,0.003925151783636668
FR012357,0,0.003786556200947399
FR008907,0,0.016248879020303208
FR001007,0,0.044767151728754166
FR014387,0,0.011929072848357184
FR018613,0,0.00836961418588126
FR004001,0,0.021339651550966537
FR006928,0,0.004073292367786851
FR003908,0,0.003566182646841344
FR005813,0,0.013336999588258692
FR008281,0,0.009448517866600928
FR009083,0,0.004552439809681448
FR019004,0,0.010867793064069514
FR003111,0,0.00657165257136494
FR002503,0,0.024311097254877744
FR012541,0,0.012736856587846263
FR015576,0,0.03193798290673595
FR016755,0,0.07012250372759876
FR018565,0,0.009501341913154033
FR019813,0,0.021786861654063402
FR012829,0,0.02251488753928012
FR015550,0,0.010616234316206197
FR005325,0,0.012800570046222814
FR000781,0,0.0067888196457826545
FR005522,0,0.005526520295802186
FR018111,0,0.009801008856601888
FR017709,0,0.04212068934839763
FR006949,0,0.016744623095271794
FR014071,0,0.01589233462641138
FR016664,0,0.1714889587308007
FR007431,0,0.005474615516384656
FR017246,0,0.006409885750065626
FR009802,0,0.04865587830426524
FR019168,0,0.003073125304096038
FR008585,0,0.006892381846815672
FR019353,0,0.03484443398748792
FR001904,0,0.014737951391834944
FR007621,0,0.012236678233606435
FR007277,0,0.007320136342456918
FR012726,0,0.006224480122937483
FR014176,0,0.0041549248849404785
FR001619,0,0.010898748536404297
FR009045,0,0.024135974957563117
FR009812,0,0.008659423137158484
FR004284,0,0.015049511198485818
FR015144,0,0.0040841758012231605
FR000212,0,0.0038958007690013743
FR018578,0,0.011428863901130204
FR002127,0,0.004315542480765437
FR000272,0,0.009574978240449486
FR017371,0,0.0037303590345303347
FR015953,0,0.007991582449945073
FR012644,0,0.015172374202210204
FR009995,0,0.013625480177580715
FR011755,0,0.0048258868151971205
FR008386,0,0.003437308611171071
FR018136,0,0.007842181336155067
FR006441,0,0.004052823086354772
FR003007,0,0.0182867778587834
FR004672,0,0.013405094530994865
FR014919,0,0.025153485659384845
FR009570,0,0.006582163751742319
FR008635,0,0.01948229224647642
FR001110,1,0.015582683524011627
FR013448,0,0.015319313845001514
FR011884,0,0.005014708970770813
FR000728,0,0.01267244750706419
FR004068,0,0.010543966231515914
FR006698,0,0.014675829848859456
FR018133,0,0.007567012017800479
FR010113,0,0.004875737907192345
FR019990,0,0.009679242062566587
FR017091,0,0.003909119357091779
FR019944,0,0.023809393533474305
FR001172,0,0.00988354483159282
FR015441,0,0.006316376444087942
FR019270,0,0.013688762692693618
FR014887,0,0.016268517296800854
FR019735,0,0.021788350754277905
FR001190,0,0.006916337635254858
FR008046,0,0.0034707504377779544
FR017123,0,0.003941882166817315
FR012881,0,0.03578215994418976
FR014507,0,0.004251356076531637
FR003613,1,0.15558680964537588
FR006167,0,0.012703176534448121
FR018062,0,0.0036675854657123516
FR013292,0,0.010925668911650513
FR008092,0,0.012540985172840675
FR001839,0,0.04189882631710166
FR003204,0,0.00977702976789768
FR009551,0,0.005296499361557072
FR016674,0,0.017606343167277164
FR000116,0,0.011895238642328054
FR014272,0,0.007821366173071899
FR008156,0,0.004581100741266032
FR012297,0,0.0021052990384209627
FR014293,0,0.01588540199333256
FR019023,0,0.03334410961351548
FR018296,0,0.04424403596381691
FR013084,0,0.005549552019810413
FR003103,0,0.010979752050722305
FR003669,0,0.01393401725525265
FR006788,0,0.012557068595909807
FR017378,0,0.004931040496045627
FR011647,0,0.006520755901890698
FR010698,0,0.018093308967155153
FR000009,0,0.003932154764356679
FR018263,0,0.008130375662249193
FR008148,0,0.0036971960006402112
FR015502,0,0.007670166106918876
FR013946,0,0.010010055906833274
FR019176,0,0.007829913744209757
FR009355,0,0.001492135953225134
FR017323,0,0.003771778521213768
FR008990,0,0.005636246395393102
FR009722,0,0.0072194216552263985
FR008677,0,0.038834740663134824
FR012423,0,0.020459137983801945
FR015582,0,0.004365191574328557
FR012853,0,0.006510294980108257
FR009787,0,0.017002262681261936
FR007204,0,0.006528300262220282
FR008454,0,0.010964795261045171
FR006422,0,0.007092848541549302
FR013578,0,0.10636813325535409
FR006221,0,0.04299937356349174
FR004337,0,0.010385030155325268
FR006710,0,0.0023919725627045735
FR014024,0,0.00447027328370599
FR008742,0,0.05942536640703947
FR008265,0,0.021813534987229127
FR017095,0,0.006366411203198773
FR001163,0,0.007968531358053876
FR006262,0,0.005400115453591674
FR017178,0,0.006241485662717802
FR001711,0,0.008952045635387616
FR003639,0,0.0027271362072656294
FR003426,0,0.003148176415289661
FR008453,0,0.011420992678236671
FR006336,0,0.016909803936359376
FR014453,0,0.002782845004239813
FR007536,0,0.017159840594444472
FR013481,0,0.004703388938234013
FR019131,0,0.038069024222905735
FR002315,0,0.004129633737592051
FR010684,0,0.0033504541161642385
FR002691,0,0.0037984237862235086
FR018641,0,0.03738160872225211
FR016917,0,0.01731946165550774
FR013511,0,0.0169426147461435
FR005030,0,0.018217326222491653
FR019016,0,0.007782771195360415
FR006607,0,0.006037937821708626
FR004887,0,0.006811140018817299
FR006926,0,0.0029630474718839537
FR013926,0,0.032738341360245816
FR003429,0,0.022331216966603663
FR014333,0,0.023579206261215815
FR006620,0,0.0035699691162229125
FR010780,0,0.005682614514761219
FR007924,0,0.004795864399415341
FR010832,0,0.01625587177063294
FR003224,0,0.009934691597959565
FR009721,0,0.015170653348264231
FR017094,0,0.009380912799940602
FR010403,0,0.00756632400888716
FR005143,0,0.007409294650269734
FR007700,0,0.0076683436274072704
FR009075,0,0.007187463867652508
FR019301,0,0.01072794105536399
FR018404,0,0.010508525645679404
FR011860,0,0.043753583309617185
FR019029,0,0.004649193490398232
FR017784,0,0.00354279300258678
FR009583,0,0.009742926980691657
FR000398,1,0.043029900784617325
FR002505,0,0.009772973274982635
FR010233,0,0.003298080404320988
FR009542,0,0.006901611100148816
FR002951,0,0.006695123634107465
FR014390,0,0.0074169969562836655
FR009240,0,0.0040875245221540756
FR013539,0,0.004122588487606467
FR014602,0,0.003981325863215913
FR008167,0,0.009604121449780095
FR012846,0,0.006770439732792313
FR019584,0,0.007155101679515364
FR015433,0,0.027501279854710143
FR008739,0,0.005719378179808524
FR005474,0,0.07633684977734496
FR012094,0,0.006055816588741945
FR001015,0,0.0049455394507099
FR011224,0,0.026382135933611026
FR015623,0,0.010663918504987503
FR006027,0,0.017229939392597104
FR014620,0,0.006824065287669298
FR019715,0,0.012222845195949433
FR015475,0,0.015475235122712963
FR019536,0,0.011194240253152583
FR017803,0,0.00641903363753242
FR009088,0,0.005299431869677486
FR012248,0,0.006623671944417383
FR001516,0,0.008460793076513425
FR011087,0,0.012035643528608033
FR016564,0,0.0074632801102634885
FR019722,0,0.00945633808309033
FR013153,0,0.007616605762462714
FR019842,0,0.004533006316171268
FR000915,0,0.01242435564452543
FR006850,0,0.005231212006467356
FR007015,0,0.006056888375372362
FR002630,0,0.009090643962138331
FR008099,0,0.006388082406418236
FR006748,0,0.02881391440601354
FR017356,0,0.021344222473137314
FR000023,0,0.026548674258422302
FR001818,0,0.007960359617818156
FR011166,0,0.004904806954082876
FR016733,0,0.024277816611930365
FR014420,0,0.0046441182005742335
FR002203,0,0.012211241484677221
FR017567,0,0.011031238149967685
FR015657,0,0.0037210882260725344
FR013219,0,0.002195080735243124
FR018811,0,0.00815628717470229
FR012986,0,0.012259103022327545
FR018480,0,0.01048531398789386
FR007324,0,0.008659760279708184
FR005700,0,0.0064662401618267055
FR019508,0,0.011522095527386228
FR007919,0,0.0048478924948075555
FR000451,0,0.008788700884682843
FR009282,0,0.010544152216606243
FR004294,0,0.007853631722106345
FR000201,0,0.004574223941222818
FR013874,0,0.005719314515437115
FR016889,0,0.017501161930145937
FR005759,0,0.013191765864412083
FR002603,0,0.0035111152844021615
FR014065,0,0.003202541465130715
FR010365,0,0.0027552783203023622
FR002921,0,0.005938095079366205
FR007404,0,0.01112548853475497
FR001997,0,0.027522790089674638
FR003057,0,0.009908098281538047
FR002990,0,0.010519055529944593
FR006958,0,0.00489049297035869
FR006151,0,0.005121364482268842
FR018237,0,0.004782788853837833
FR002786,0,0.007321235044107174
FR009858,0,0.0027931962244005814
FR009438,0,0.004261037328057372
FR001257,0,0.008888133056497218
FR016596,0,0.02691376278264725
FR016661,0,0.006599157736992547
FR006586,0,0.0020418598116087815
FR005023,0,0.004085461709974966
FR015800,0,0.005757551345631481
FR015635,0,0.0073387262502586
FR011673,0,0.02477166938008299
FR006720,0,0.004031193674876863
FR010155,0,0.008764124322205503
FR004405,1,0.015561493483592802
FR002239,0,0.02284040986798026
FR018324,0,0.0051141309362459095
FR006288,0,0.039073136390186954
FR013562,0,0.006800191255675593
FR019956,0,0.1820200134500283
FR005834,0,0.011044568936858434
FR015323,0,0.009021238842767355
FR002706,0,0.031669651045377195
FR004921,0,0.0043392820944405325
FR013114,0,0.006019020379531171
FR003875,0,0.013302311848741354
FR005010,0,0.013916872543834516
FR005347,0,0.015756564237628105
FR003342,0,0.01716864723973957
FR018609,0,0.0046328104326461865
FR014438,0,0.010775922626063479
FR004011,0,0.009524040235736017
FR007945,0,0.005405969054755571
FR008322,0,0.006338667373385798
FR009978,0,0.0063580537175849305
FR016272,0,0.0072157814655238505
FR018315,0,0.014381978341473837
FR010688,0,0.00540902639500664
FR004046,0,0.006204679300863664
FR018204,0,0.07710992231274129
FR001392,0,0.006752683772811386
FR004470,0,0.02540024499750418
FR007461,0,0.004022560914593162
FR009362,1,0.010973849887746823
FR007440,0,0.006065508060908663
FR018469,0,0.005230959178801383
FR009275,0,0.005316732216234222
FR006440,0,0.010164510459579642
FR002942,0,0.004607919355894888
FR016593,0,0.009565705371173669
FR014826,0,0.002874090040405878
FR011377,0,0.0021759585980086443
FR005589,0,0.004721255597681232
FR012579,0,0.009042277758486554
FR011749,0,0.014339299826806762
FR007250,0,0.005058566297844075
FR008395,0,0.0168495128435085
FR004966,0,0.02553284806451478
FR012373,0,0.002384044660025644
FR005203,0,0.0039429467026256175
FR002642,0,0.012887389106524512
FR004331,0,0.013416050012086478
FR012138,0,0.006333365888908382
FR003837,0,0.007344845058991956
FR008387,0,0.009330801339832941
FR018945,0,0.010676348348849028
FR016307,0,0.02967261964424393
FR019365,0,0.0035080426892439343
FR009642,0,0.009756860638274334
FR012377,0,0.012247380097996398
FR019024,0,0.014602494287187314
FR003948,0,0.006657349652930709
FR011141,0,0.010229412547362903
FR019381,0,0.016656695996973583
FR001880,0,0.02828540201031521
FR000778,0,0.00289491208331362
FR001747,0,0.028043215148186168
FR003873,0,0.006746233293052413
FR019899,0,0.011735207115025069
FR002405,0,0.0665918129531357
FR010319,0,0.002867247296796212
FR018903,0,0.010285880497777894
FR012207,0,0.006370559008812876
FR006153,0,0.012444738676142653
FR017479,0,0.010224160776917155
FR008894,0,0.026798406195553886
FR010285,0,0.012831737709117505
FR012943,0,0.011203183940367857
FR019425,0,0.006420081062460599
FR003836,0,0.0059775481518878106
FR004016,0,0.002594351867128375
FR001424,0,0.00045972456935771435
FR001450,0,0.018250060945144753
FR014110,0,0.004378676559570115
FR004880,0,0.01358576210253293
FR018034,0,0.005822709518844917
FR005283,0,0.06815709225624143
FR011861,0,0.0027672495026638214
FR009963,0,0.029060218172604926
FR019234,0,0.007898579675486466
FR016642,0,0.0038925167251249258
FR000302,0,0.01177578295309232
FR013092,0,0.0047942043393371615
FR018650,0,0.008455674344584543
FR004053,0,0.003406194246950566
FR010917,0,0.004637572839563287
FR001211,0,0.006336665715210477
FR014348,0,0.008283676757526596
FR006629,0,0.007139698175210162
FR011313,0,0.004615727468984893
FR011259,0,0.00839005412523589
FR008003,0,0.014054704173238605
FR009107,0,0.0035118786690400195
FR015654,0,0.006842505132710028
FR002689,0,0.0030988159226326985
FR004373,0,0.004697676624348506
FR011006,0,0.057558085349673015
FR018048,0,0.006340038555267029
FR017480,0,0.006299727787410667
FR006699,0,0.015952362329669036
FR013431,0,0.06223074121039043
FR014647,0,0.0366743094773185
FR004120,0,0.013111526663949338
FR005631,0,0.010799601362635533
FR001488,0,0.020065483195534792
FR004263,0,0.008482159738594612
FR011198,0,0.010218528894808001
FR002094,0,0.011671664664473147
FR011789,0,0.026563309509059968
FR012988,0,0.01590700223997645
FR003559,0,0.006688039415966501
FR001386,0,0.008211046519346551
FR014428,0,0.00841487622544848
FR012595,1,0.011310722262495554
FR012737,0,0.005233100834139461
FR013503,0,0.005404567938672357
FR009559,0,0.0041249604371620925
FR018424,0,0.005838294018363121
FR010231,0,0.005010437951814785
FR004036,0,0.00929740247543801
FR004918,0,0.005402148630507171
FR005058,0,0.0036602037184606767
FR003216,0,0.014253820308916934
FR019061,0,0.007002159813458905
FR015604,0,0.00753494008479868
FR010911,0,0.009560405080289784
FR013866,0,0.009772298644020029
FR018947,0,0.007613208445565293
FR014946,0,0.011216713187512424
FR010131,0,0.003432372512882181
FR018540,0,0.0057437046704573195
FR014714,0,0.013097746413739236
FR001879,0,0.011530323922985019
FR015252,0,0.01097067832274949
FR001012,0,0.020083152447284418
FR013266,0,0.003812376676584451
FR015399,0,0.01336858444100955
FR015240,0,0.04895469492467704
FR014183,0,0.006837792362483903
FR008876,0,0.002317590854516209
FR013463,0,0.0091438704582936
FR017672,0,0.009797327556438645
FR010084,0,0.006221514458881055
FR001780,0,0.0973439266646628
FR011803,0,0.002180835432848092
FR006140,0,0.004312933090060843
FR000849,0,0.017935106069561137
FR012625,0,0.01582256283051913
FR013682,0,0.002156491554023199
FR011966,0,0.025633537579240306
FR010943,0,0.005189223551953547
FR013567,0,0.003527044717423345
FR010650,0,0.006264420763669232
FR001571,0,0.004013202742809245
FR014389,0,0.012381804013623017
FR006889,1,0.0452262933605447
FR017595,0,0.00724728206087676
FR008277,0,0.006074496728289681
FR010739,0,0.003342485590545948
FR016723,0,0.011113984513158252
FR007830,0,0.008995582634133517
FR007788,0,0.018470194388782377
FR008927,0,0.007608695466612338
FR016887,0,0.035784769280032276
FR006632,0,0.014257516498670192
FR000582,0,0.009889012889232746
FR008054,0,0.004228349520870671
FR012140,0,0.009186012040399384
FR013854,0,0.003291114955447006
FR010550,1,0.01766568636589366
FR009908,0,0.0030389835658510985
FR011620,0,0.00432829185405597
FR000745,0,0.004744889583959223
FR009319,0,0.005071365712625971
FR009173,0,0.0146090615039052
FR004684,0,0.134150546875802
FR012042,0,0.007104707522965493
FR015642,0,0.00039205160036341396
FR017999,0,0.15378406729415736
FR000969,0,0.0010565869998366163
FR006641,0,0.008274830381168856
FR000236,0,0.03475926938995716
FR017186,0,0.008455596339172184
FR004297,0,0.02922080816727862
FR012439,0,0.013399449684652889
FR008544,0,0.02308386161320713
FR005551,0,0.007556323268181879
FR001156,1,0.010561593753652176
FR007408,0,0.0021662858902179627
FR012903,0,0.005119061784308764
FR013477,0,0.0073771715120487255
FR009524,0,0.0890289378510093
FR008911,0,0.02673200914146626
FR002485,0,0.006853957986314496
FR019985,0,0.003669476550267867
FR000543,0,0.006416427660277793
FR007029,0,0.004325369955086596
FR004647,0,0.004729555463831847
FR019038,0,0.03859593391512089
FR001058,0,0.013335451114874027
FR016790,0,0.09412161818790717
FR002810,0,0.022288398050161806
FR000622,0,0.25235642509410344
FR017305,0,0.028517807051719055
FR015230,0,0.008542234589723127
FR008400,0,0.02812666117297964
FR010720,0,0.004222415090754754
FR001134,0,0.00465782638465302
FR012280,0,0.0027564438540171534
FR016514,0,0.019810234661297554
FR019767,0,0.008015142306677677
FR000618,0,0.007362345336178418
FR007188,0,0.00540868538446809
FR013369,0,0.011292752863613349
FR002292,0,0.009344529407311779
FR013838,0,0.02574275145887962
FR000216,0,0.05608353335686054
FR008151,0,0.0056187566016914344
FR008833,0,0.010229587932541313
FR003541,0,0.006959499350048352
FR011346,0,0.002162439343020411
FR003573,0,0.003773530264910349
FR016385,0,0.011775117885115495
FR018334,0,0.0029142034860034464
FR012240,0,0.030216363007754956
FR012681,0,0.00452984081491476
FR015310,0,0.010698871233855678
FR005950,0,0.0038260927307932836
FR009058,0,0.013998928699182761
FR018637,0,0.010317949166124345
FR000924,0,0.024991400290209364
FR000048,0,0.02164430398302585
FR003666,0,0.007835717846688137
FR006410,0,0.005429965426918382
FR009753,0,0.10270126898893202
FR019746,0,0.004569396679959405
FR013829,0,0.004568852165628605
FR008664,0,0.003316147502468047
FR000639,0,0.0021696644675099253
FR012919,0,0.005158571999995286
FR005184,0,0.007524395745944296
FR012203,0,0.005432785957503373
FR010985,0,0.006582045474128239
FR011612,0,0.010107270366503251
FR000258,0,0.003122570451384661
FR005981,0,0.005853220828838764
FR011960,0,0.002974961615722128
FR007089,0,0.0038047753928686693
FR004592,0,0.007169282641849815
FR012841,0,0.0034133889092025312
FR004657,0,0.008594732348142318
FR019227,0,0.006802761986846401
FR014727,0,0.005268390892690021
FR006517,0,0.0057955145992189755
FR005220,0,0.008241665177236146
FR015683,0,0.01377442793647077
FR006915,0,0.010890924304545536
FR017976,0,0.006580727562042886
FR012095,0,0.06603213414979786
FR007480,0,0.023250545956600848
FR001182,0,0.028283692480079267
FR015203,0,0.004643080315376668
FR011321,0,0.004776516756246341
FR009877,0,0.003925592907458007
FR003148,0,0.003966687463245049
FR011783,0,0.005504944028426527
FR001581,0,0.008110074023667377
FR008966,0,0.015239466116446873
FR014150,0,0.010324054060840996
FR011678,0,0.0070499317231329265
FR001894,1,0.020129987139719186
FR019274,0,0.03338171683927497
FR011085,0,0.004002348750220684
FR009174,0,0.017077187207124787
FR009803,0,0.011833476214573008
FR000991,0,0.023094579461784576
FR000511,1,0.015224758856754192
FR011562,0,0.008005812904264812
FR010200,0,0.00692891192624426
FR013530,0,0.011114858794482181
FR005492,0,0.017788041792283025
FR011456,0,0.0050879445259579565
FR009618,0,0.006445880378355262
FR009900,0,0.062986744392087
FR004931,0,0.0412451143445524
FR015553,0,0.0039277663100741
FR014048,0,0.008600893329255897
FR010026,0,0.028483901688951204
FR019876,0,0.007086558982922713
FR000354,0,0.009825763939269575
FR003577,0,0.004003195995805882
FR013230,0,0.004884007797859005
FR002979,0,0.0061482814747650895
FR017665,0,0.01122476500215973
FR012031,0,0.005494686590189005
FR019552,0,0.0255455155148555
FR013884,0,0.006671507438998709
FR015097,0,0.006874211000991168
FR018603,0,0.0030856236060512634
FR015505,0,0.005007298233832497
FR003274,0,0.004620354374242513
FR001928,0,0.003773460677823507
FR000578,0,0.5649620006500288
FR005917,0,0.005140758534500868
FR008406,0,0.022618021687165313
FR006520,0,0.004377404152387677
FR002960,0,0.006300120513843222
FR003046,0,0.01064885046354054
FR004324,0,0.003583375807569506
FR006477,0,0.0034530262468651647
FR018448,0,0.02965837936106765
FR019442,0,0.007393067760530863
FR004215,0,0.012273296156726668
FR003175,0,0.023601747315342977
FR016184,0,0.008045301119322414
FR018257,0,0.024280167623063082
FR018281,0,0.006888799804272624
FR013975,0,0.00581881396646395
FR005601,0,0.016840257259404776
FR018381,0,0.010038444414138209
FR006847,0,0.0182001150123285
FR005356,0,0.000934916984655695
FR008306,0,0.03494904254536837
FR019422,0,0.0189178692209728
FR012915,0,0.014899195319270864
FR009541,0,0.007001598285973317
FR012961,0,0.004473441537250838
FR000660,0,0.0031431189803747725
FR017979,0,0.0033962077218028575
FR007442,0,0.030244985057205156
FR001364,0,0.011762691838984622
FR019336,0,0.004507871355560838
FR013315,0,0.011445219697246184
FR004064,0,0.0075674278976399015
FR018885,0,0.0023573207441525035
FR002695,0,0.02679804923996039
FR005281,0,0.0024983886419274446
FR003647,0,0.004347988759086838
FR018436,0,0.00450776450501228
FR013251,0,0.013682633558261955
FR008301,0,0.006471363208890232
FR014450,0,0.015507210110761269
FR016321,0,0.016190050298973146
FR018931,0,0.0055368042139660465
FR011395,0,0.007755261298009772
FR015221,0,0.006472234683817982
FR004797,0,0.024549852368288688
FR012769,0,0.00823044921148404
FR009330,0,0.007346326112785975
FR006349,0,0.01391814960067074
FR013734,0,0.008893831692820585
FR007380,0,0.0434135914880007
FR013968,1,0.06932927642653265
FR001126,0,0.0063154347230787245
FR007925,0,0.015012437379871188
FR016190,0,0.011103244270488581
FR006156,0,0.019174938085853355
FR001672,0,0.005868991461498167
FR012880,0,0.011186954577977548
FR011075,0,0.012539188610266332
FR006577,0,0.007293179793947831
FR012409,0,0.026585219648824116
FR004255,0,0.004623730657151183
FR008269,0,0.012189806631853732
FR010497,0,0.008278826828878373
FR003284,0,0.011312859007801346
FR017942,0,0.005401879084516864
FR014962,0,0.00953163105734967
FR013714,0,0.009815018112434922
FR010597,0,0.008626827117023799
FR004048,0,0.02286388639358043
FR000013,0,0.02419238474529566
FR011994,0,0.0004621302193450172
FR008492,0,0.04111801223727642
FR011952,0,0.011409661347863463
FR014762,0,0.06744649297786787
FR003737,0,0.003858308324804665
FR012801,0,0.033032397857009684
FR000974,0,0.009052808407905419
FR019238,0,0.003181095037298786
FR005679,0,0.004925630226430534
FR013566,0,0.004082018909793573
FR013804,0,0.006061159440283021
FR009529,0,0.003304911315747541
FR005500,0,0.003617708656865425
FR012294,0,0.1170071350177412
FR011194,0,0.011664375650795014
FR004700,0,0.007368236490220209
FR009661,0,0.005131696291968922
FR010311,0,0.006724635201787469
FR019439,0,0.004528367747354998
FR006542,0,0.01785094766295849
FR016065,0,0.04587984297066953
FR003233,0,0.01796156512277559
FR017202,0,0.003318168900879185
FR013651,0,0.0185889012533814
FR015561,0,0.011848774920376235
FR010510,1,0.5941151849002292
FR002541,0,0.014262408679803848
FR009079,0,0.022173640504796737
FR006821,0,0.006917656017487382
FR016472,0,0.004794119619748593
FR000832,0,0.00563966317867083
FR013171,0,0.00983783570175109
FR011121,0,0.007813180380202843
FR001043,0,0.01824767158530025
FR004925,0,0.00812935073151351
FR014824,0,0.003862877630021383
FR008490,0,0.005674603176934036
FR002836,0,0.004520670163113624
FR013824,0,0.009410386487042142
FR001779,0,0.0052802400756633535
FR009531,0,0.008095990167113076
FR018049,0,0.025290617806545592
FR006054,0,0.003901573757737657
FR005076,0,0.003906814794687759
FR002594,0,0.011349094772415613
FR011599,0,0.0027709665879523
FR007851,0,0.01948250730132135
FR017049,0,0.003113172162336267
FR005947,0,0.0030429898593473336
FR007042,0,0.004813466633440237
FR016871,0,0.00905998386581409
FR002343,0,0.004646825299560226
FR006459,0,0.01212562951275209
FR000409,0,0.008415834371715262
FR008501,0,0.008443500504284105
FR002879,0,0.01099984608223318
FR001967,0,0.01227075485167508
FR002705,0,0.008548322134734682
FR004219,0,0.013312766618371975
FR010573,0,0.0023430328847629804
FR004126,0,0.004872003112073048
FR017819,0,0.012833569333027062
FR011580,0,0.004033088711575094
FR013420,0,0.08218936922221169
FR013445,0,0.025905743359333395
FR010851,0,0.0052384574968713455
FR012761,0,0.05426653654305677
FR003702,0,0.027226668814739157
FR013360,0,0.010026803247087624
FR017775,0,0.003850699768996879
FR002497,0,0.005203675945588559
FR005436,0,0.002506222390956113
FR004018,0,0.019064177449201875
FR018897,0,0.00937182433129989
FR015779,0,0.02137256398182065
FR007500,0,0.014236287738589481
FR005147,0,0.014681748006220402
FR001348,0,0.004459696989527907
FR009029,0,0.020404456358123112
FR006068,0,0.0249170124157605
FR019699,0,0.013208788192327084
FR012019,0,0.011974033644052695
FR010149,0,0.05766996539279288
FR016422,0,0.02408248305370762
FR012065,0,0.009382380721684616
FR015748,0,0.019907718195899916
FR012874,0,0.0077601425234211955
FR017693,0,0.005598809771959532
FR015974,0,0.033723497745861045
FR012502,0,0.01338983232682629
FR006173,0,0.005364757895993194
FR018339,0,0.020856771108140677
FR003623,0,0.03397634670724766
FR013021,0,0.03152025222149052
FR006219,0,0.03026730215708522
FR000754,0,0.06917593548608907
FR011420,0,0.0047430838015759934
FR002035,0,0.005180394828819635
FR005653,0,0.009248720811778252
FR017632,0,0.0067507459857357
FR000525,0,0.005937665079820989
FR002672,0,0.023091080659313853
FR017373,0,0.005059020999286124
FR017087,0,0.011011006202292837
FR003263,0,0.002761489354248648
FR000046,0,0.007258398653579339
FR019008,0,0.017247511032447177
FR003135,0,0.00982770037765598
FR005389,0,0.00616718547760984
FR011993,0,0.005247561170074088
FR010916,0,0.011463651015352927
FR014590,0,0.026477032490695555
FR017512,0,0.006520183056064104
FR013214,0,0.012182064271075389
FR015629,0,0.00792758702558982
FR010725,0,0.03311583792434867
FR008247,0,0.0037327922583665547
FR016671,0,0.0059300547910175715
FR003271,0,0.0027936663150568523
FR016724,0,0.032656832203751006
FR007207,0,0.009701615829602108
FR010171,0,0.006689866290472906
FR002891,0,0.00956412488943261
FR006020,0,0.005243509094359364
FR019646,0,0.014826298894849996
FR009589,0,0.011902705244293509
FR019014,0,0.00394116022843851
FR000370,0,0.029174462985747326
FR002478,0,0.03387628092620063
FR001599,0,0.025914215567732823
FR012960,0,0.005992412567622312
FR003505,0,0.005761143533465462
FR002549,0,0.010813140870564198
FR008829,0,0.0025456641447359368
FR003710,0,0.022585496758407375
FR015419,0,0.0073669483071476215
FR000098,0,0.013948426413049914
FR001613,0,0.013262506052777406
FR010630,0,0.024781405450162514
FR001831,0,0.009435371247359686
FR004248,0,0.0121688785560234
FR015366,0,0.006934816439730193
FR013137,0,0.01545297772808442
FR008350,0,0.04424997763469273
FR006030,0,0.00531658750262583
FR011289,0,0.004453794947347842
FR013209,0,0.004289153385615487
FR003094,0,0.008941863968863652
FR016301,0,0.004916585048681628
FR018027,0,0.006020170250118215
FR007649,0,0.00714077009435142
FR001726,0,0.00872779055906992
FR006884,0,0.008991978265461895
FR016854,0,0.027367915269899044
FR006977,1,0.025292204549151587
FR014533,0,0.014985390680375688
FR002572,0,0.006132371912353406
FR015768,0,0.04731877619691905
FR006319,0,0.005210295672529955
FR000810,0,0.005041320092698867
FR009182,0,0.009154535113305317
FR012222,0,0.017653691084214742
FR004222,0,0.05458529512101253
FR015515,0,0.012189654486737098
FR002713,0,0.003810188925259484
FR014276,0,0.007119630368279621
FR015739,0,0.005591752558897593
FR014595,0,0.013401910267926228
FR003658,0,0.005835705863293566
FR002731,0,0.004192171114363616
FR015705,0,0.0067717346274848295
FR017646,0,0.008733970499929479
FR003661,0,0.0057001936237375435
FR001507,0,0.022220588197716606
FR018818,0,0.05096029922061598
FR016657,0,0.0052307532118998044
FR012158,0,0.007927254860944043
FR008826,0,0.0074612198432688
FR007181,0,0.022241125375376574
FR002397,0,0.003996004975914056
FR019486,0,0.012388152602432985
FR010676,0,0.008333507766032708
FR018017,0,0.02041014165136204
FR008937,0,0.025047427514442725
FR006074,0,0.004849844840381041
FR008384,0,0.0073175982149020725
FR010741,0,0.020821373233463145
FR014561,0,0.003976615840837034
FR014439,0,0.012332196138296676
FR010626,0,0.005426418694745464
FR008424,0,0.0077155193405463824
FR002496,0,0.01307274707669843
FR002728,0,0.020341032271338436
FR003260,0,0.00840342281471023
FR014023,0,0.008769290684608598
FR018351,0,0.004382033132035705
FR010521,0,0.047133062098904305
FR005004,0,0.007605252262257853
FR005706,0,0.006676408380869202
FR004305,0,0.08185169492109062
FR006736,0,0.027154086453889004
FR000981,0,0.00504600230680228
FR000304,1,0.007656154370460737
FR006124,0,0.00343927810917535
FR005432,0,0.024788060033435987
FR018809,0,0.00676312203838321
FR007041,0,0.0038809723866913785
FR016240,0,0.003856669848362363
FR010179,0,0.004410616334706245
FR012794,0,0.005678563452232625
FR012634,0,0.020365703682999486
FR016930,0,0.009541402699621919
FR014067,1,0.04939757214913324
FR017891,0,0.0027176392220149303
FR010810,0,0.02010753159425856
FR000132,0,0.008530038169267099
FR015402,0,0.00628810196022266
FR002580,0,0.013194749869481834
FR006448,0,0.011792854250912888
FR008595,0,0.021110765749658523
FR014350,0,0.007244324435744037
FR000386,1,0.028679241509045456
FR015775,0,0.009542333852833497
FR012779,0,0.007666262897105443
FR015347,0,0.005767540336002505
FR006935,0,0.0054260931048803
FR003678,0,0.005443178988195497
FR017685,0,0.008713386845673588
FR009834,0,0.004514852172987753
FR010838,0,0.011589609347281421
FR019751,0,0.0025329066331841485
FR013058,0,0.010135703561181122
FR011270,0,0.003121326852676933
FR004487,0,0.10295354255826177
FR002624,0,0.004242810144788801
FR001076,0,0.026249679784276964
FR015673,0,0.004075166432744976
FR012038,0,0.006823961978691046
FR004261,0,0.009999195364499702
FR005568,0,0.013579716010169246
FR006566,0,0.005124700000067795
FR011774,0,0.10634082218970493
FR017500,0,0.04289580101981955
FR002131,0,0.0028409591333377446
FR010191,0,0.04297138174723519
FR003033,0,0.007929875230158477
FR015487,0,0.00617131198050503
FR002231,0,0.011859873969690534
FR005387,0,0.0029098803287995103
FR013475,0,0.01068434352096808
FR013507,0,0.011339238858212862
FR000415,0,0.008628992773804543
FR010372,0,0.008759138372794325
FR000432,0,0.004820629730494595
FR005832,0,0.007097934913715155
FR002464,0,0.011538746057658554
FR003753,0,0.005206602004149811
FR011070,0,0.009238478012501309
FR017002,0,0.00736740055536899
FR016205,0,0.011098465004629915
FR004237,0,0.006588078485149216
FR000030,0,0.07277285762915936
FR005507,0,0.006743857875014324
FR002644,0,0.0038537498174217623
FR002502,0,0.010972338733435847
FR004177,0,0.007143439632548765
FR010842,0,0.01827904855702375
FR003898,0,0.016385949788525308
FR015025,0,0.0064571191478024065
FR015268,0,0.0016980462109481094
FR013304,0,0.026460003963057966
FR000318,0,0.002778869306217586
FR006182,0,0.01777064298334938
FR005461,0,0.03091981565424425
FR011667,0,0.0074769887925216945
FR000438,0,0.020238279050911946
FR017857,0,0.015284198648082004
FR006333,0,0.004186529285419342
FR009479,0,0.004153203758650323
FR007876,0,0.04019556434805932
FR003547,0,0.0061638259240896845
FR006454,0,0.0037377281124047292
FR011250,0,0.016603423708147408
FR012701,0,0.02275005390399461
FR006684,0,0.02095075431582839
FR014004,0,0.0014917485615087431
FR010750,0,0.01654809949671093
FR007868,0,0.0038274268182334026
FR019649,0,0.006634030369090646
FR016643,0,0.002551903413340804
FR008865,0,0.004793794941507813
FR014806,0,0.005340011626505181
FR004970,0,0.012666577755794014
FR005319,0,0.017137038207953658
FR016580,0,0.0038421376638553915
FR018502,0,0.02467818832000281
FR010799,0,0.03574712392601626
FR011738,0,0.0029013987017768275
FR007778,0,0.01207418811779617
FR017615,0,0.017777910106402492
FR014677,0,0.01783439938941518
FR013754,0,0.008132348299464872
FR019102,0,0.009302283497752325
FR005609,0,0.004646089568237012
FR005786,0,0.010016152722437712
FR013930,0,0.020100742542374875
FR000251,0,0.004379231571717098
FR017493,0,0.0067482648772277205
FR011729,0,0.004032417788803582
FR016717,0,0.0091322327623099
FR004247,0,0.038324532374624194
FR011396,0,0.012318730345527157
FR015411,0,0.004656485509127201
FR014576,0,0.006240825632142309
FR000795,0,0.007577950486395569
FR015817,0,0.005974343262962106
FR009484,0,0.007412293663150751
FR007872,0,0.0029846465249928427
FR013342,0,0.017397123416995803
FR003408,0,0.03806676788856119
FR006016,0,0.015203899751231232
FR001391,0,0.02578348436199808
FR006959,0,0.007733469304734582
FR011964,0,0.012887345983766244
FR002757,0,0.00499502464108496
FR004473,0,0.07919979933513469
FR005409,0,0.006923910497154888
FR001774,0,0.006229280556868729
FR002197,0,0.15952701206046957
FR002676,0,0.011673903618237225
FR019140,0,0.02849329727450389
FR004110,0,0.005687268013610333
FR016227,0,0.004362656161416061
FR000711,0,0.0306691301201136
FR001041,0,0.007470871349586842
FR010882,0,0.005969265917039396
FR005728,0,0.006899055134737501
FR018521,0,0.005247725402978131
FR014447,0,0.005740923760738487
FR003163,0,0.061548885056148694
FR005794,0,0.012183544024485267
FR010401,0,0.00404141106210941
FR016144,1,0.0068613422264347705
FR003335,0,0.01118103771290239
FR018317,0,0.029070162530114473
FR001294,0,0.007057892533961275
FR002341,0,0.00442371784384644
FR017078,0,0.008677233397430687
FR018481,0,0.004546252885572291
FR008408,0,0.005210593227230654
FR004028,0,0.0061353275165100555
FR003527,0,0.014581342124785764
FR001072,0,0.0063714400281475935
FR010079,0,0.01462957173682184
FR015294,0,0.017449013236186316
FR004741,0,0.0037834512464031233
FR005789,0,0.004341642582024252
FR005427,0,0.011770096856513321
FR018699,0,0.004005863183030375
FR004562,0,0.005462076490028593
FR005540,0,0.00444290637322867
FR011556,0,0.0039314004109728745
FR019841,0,0.0028688209972279285
FR012576,0,0.007789990048494883
FR016839,0,0.006276501111024048
FR011345,0,0.00874630597010327
FR010479,0,0.00387547294183462
FR001566,0,0.00031399639108478964
FR000773,0,0.016094351721468832
FR006707,0,0.0036613543877398735
FR010517,0,0.0038195945991275904
FR018051,0,0.00936396912363087
FR001859,0,0.005062915993888556
FR017165,0,0.00484249195732664
FR019760,0,0.029610720358885043
FR014913,0,0.007324010346012777
FR018038,0,0.01220458806574864
FR015285,0,0.03470404143741012
FR001380,0,0.011218217242256518
FR007434,0,0.006777861931466236
FR010523,0,0.022674079183032575
FR009936,0,0.01788797355526466
FR011248,0,0.022240259095647922
FR008883,0,0.02052659967052696
FR015474,0,0.006564752610758719
FR008971,0,0.0025139571306472866
FR003957,0,0.005646271146816063
FR011333,0,0.01996413712260155
FR010344,0,0.008630606104327995
FR014408,0,0.012664255637336667
FR001274,0,0.0027066858231246456
FR001044,0,0.7098665411424112
FR015808,0,0.006679438726947848
FR012039,0,0.013069988467446622
FR012227,0,0.008320577400540966
FR015534,0,0.0035788529482182288
FR003910,0,0.01247833888991263
FR009166,0,0.006753128512783253
FR019727,0,0.004750676598078399
FR011998,0,0.010762081086745041
FR006675,0,0.014770261791167154
FR012055,0,0.00586477671947563
FR007802,0,0.0054372352571168394
FR012072,0,0.003977555415628976
FR012144,0,0.005684623604613071
FR004243,0,0.013942121699892252
FR002534,0,0.00673855488116902
FR003277,0,0.0085586860877504
FR001137,0,0.039643247880075005
FR018253,0,0.007753721365015251
FR009828,0,0.012626466899800176
FR015544,0,0.007970175013959906
FR008910,0,0.004490813438437363
FR005686,0,0.00454630415287123
FR014499,0,0.009287288912687116
FR017187,0,0.008995254616327414
FR003297,0,0.019063976912519362
FR001252,0,0.006534920982694718
FR008542,0,0.030908940514603734
FR005373,0,0.007224940713457689
FR005226,0,0.03219212527163361
FR010845,0,0.011099413028721139
FR012912,0,0.007847524973949136
FR009409,0,0.006490810892097011
FR007903,0,0.005352566259584349
FR009056,0,0.00561673312802179
FR013229,0,0.05166594270791738
FR003585,0,0.005847298189354748
FR016386,0,0.007886434593672545
FR012952,0,0.009742852801392914
FR001543,0,0.01237578242831098
FR009229,0,0.014167963901191913
FR008988,0,0.006426742809048307
FR006386,0,0.012849513951643209
FR016252,0,0.006040821495289583
FR019702,0,0.0073460696168798955
FR002693,0,0.0041018220787486515
FR002298,0,0.01457324780719346
FR017152,0,0.00443928530413266
FR019184,0,0.011585726008624621
FR006833,0,0.015926848728436267
FR017473,0,0.00533733048669648
FR016310,0,0.004174961947193037
FR004622,0,0.003476382506041211
FR012683,0,0.006357115071535642
FR004900,0,0.0036142895661682296
FR010362,0,0.0025650483363262072
FR008304,0,0.002608024829132087
FR004468,0,0.013666996397939042
FR019564,0,0.006009764136637533
FR007017,0,0.013759363971897268
FR000088,0,0.0032728084665438854
FR011312,0,0.0044375143115913465
FR000682,0,0.0054936820332559975
FR014186,0,0.0034372371203341156
FR000086,0,0.007093706267392294
FR013366,0,0.014554492302262736
FR007143,0,0.003253846820438953
FR001970,0,0.0036298188269002067
FR010890,0,0.008353567547428878
FR004194,0,0.005789273700913142
FR011999,0,0.10516101916259746
FR010287,0,0.006455226879440744
FR003030,0,0.008387796755243107
FR016783,0,0.006490574493099643
FR013915,0,0.008668861540985208
FR000276,0,0.0014462256699742677
FR016363,0,0.0071781150375431245
FR004224,0,0.010539808320205462
FR013683,0,0.009352308388542391
FR009506,0,0.004709676023378133
FR011607,0,0.007369510547631794
FR011279,0,0.02103945237518685
FR005984,0,0.023781742108001904
FR009448,0,0.0016919943339763755
FR012143,0,0.02240791962235904
FR005571,0,0.024942780694784308
FR005996,0,0.005478906985976262
FR006653,0,0.010868155083893166
FR016911,0,0.0019771490415773766
FR010329,0,0.005454359874351603
FR009710,0,0.007367341982968018
FR011354,0,0.05819618150811128
FR000552,0,0.0046468631917921015
FR018878,0,0.0048025124093843885
FR014783,0,0.06455930646129444
FR010625,0,0.009808254149568174
FR009146,0,0.023238027630248178
FR012552,0,0.011030708962734349
FR008859,0,0.010403326893372646
FR015976,0,0.006913723762986021
FR014051,0,0.0040167761099686936
FR006531,0,0.008100394324517922
FR001604,0,0.009350406382967432
FR013626,0,0.04105245716208705
FR005585,0,0.00664755265842746
FR015919,0,0.00950577759097544
FR005456,0,0.007958125299508808
FR000616,0,0.0517311137344102
FR017018,0,0.0048968376596652
FR005994,0,0.005603781389034702
FR009739,0,0.017633877445188184
FR006738,1,0.0326131572911682
FR000863,0,0.02928264602688102
FR006107,0,0.00985395199390571
FR017390,0,0.009709221251941522
FR012445,0,0.02258082580673686
FR011161,0,0.02028940847401094
FR012332,0,0.009483191691423707
FR000452,0,0.009013973391349508
FR017112,0,0.010100978345099066
FR002902,0,0.003289697086150752
FR005286,0,0.003516357002644084
FR008827,0,0.008665514954837583
FR000643,0,0.0066624987873875495
FR004252,0,0.015041584817768352
FR000646,0,0.006141218759454497
FR011300,0,0.0053127730309836104
FR013250,0,0.0034317019418341342
FR016403,0,0.024694120537607972
FR016803,0,0.00446757353546002
FR010273,0,0.008282728969770255
FR004541,0,0.01280946650567217
FR014412,0,0.00562385652013593
FR018802,0,0.025090217905983588
FR014090,0,0.006138753443292529
FR001314,0,0.0238108346983603
FR003672,0,0.008780948803855104
FR006817,0,0.00035582888432283684
FR002915,0,0.04158011668722152
FR017818,0,0.01572835211080822
FR005403,0,0.021407495161908225
FR007604,0,0.01206643732032849
FR015051,0,0.011201500762523455
FR000080,0,0.007708913646539285
FR002793,0,0.017127402071636332
FR015523,0,0.0036816805634868905
FR004822,0,0.008664351357661075
FR014425,0,0.00200109302333335
FR012861,0,0.04296433507698533
FR010910,0,0.0036803495717798087
FR000158,1,0.4527949119011605
FR005470,0,0.0066500445391903555
FR006367,0,0.016411372719128844
FR018493,0,0.008195647979793592
FR016994,0,0.04400404010361031
FR018273,1,0.027493996003369325
FR016414,0,0.07774785682777739
FR004338,0,0.009687500751541555
FR011082,0,0.0038125618994338736
FR002300,0,0.01433232838568773
FR019027,0,0.007627436304897313
FR016618,0,0.006129011291428954
FR014964,0,0.030554904306079197
FR007982,0,0.025417214540694996
FR018627,0,0.045601274599552426
FR001999,0,0.004096984530537411
FR011398,0,0.03428993189772147
FR010402,0,0.00697142319764647
FR005314,0,0.00434410498255946
FR016371,0,0.006455831026309267
FR013392,0,0.007598279406461462
FR001698,0,0.004430600881670274
FR000587,0,0.017574999476799667
FR013733,0,0.010728983900931903
FR006293,0,0.005749211641779148
FR015720,0,0.024842074424890292
FR003427,0,0.005716365650771602
FR009643,0,0.008038310371440966
FR016895,0,0.011796030784009691
FR015102,0,0.05781377826226378
FR014544,0,0.004351358438267965
FR009761,0,0.021111097286708274
FR008981,0,0.003375707399603358
FR013667,0,0.004616191292059669
FR000771,0,0.014864522559758732
FR004174,0,0.003906816527902214
FR006511,0,0.012792868171319615
FR009532,0,0.030963980268599544
FR000973,0,0.005284960020246819
FR007623,0,0.07199622091322762
FR015265,0,0.0029280319454649526
FR011167,0,0.006645966737394746
FR004696,0,0.007000692470959145
FR013017,0,0.00434833771722469
FR013834,0,0.003673058220848712
FR011561,0,0.006118420979444321
FR009550,0,0.05802629057071728
FR006784,0,0.013912367759866859
FR012268,0,0.004105359553085239
FR009384,0,0.004447719282215659
FR009003,0,0.0042925533637858315
FR002670,0,0.008584566867868125
FR017990,0,0.020453504667777494
FR011852,0,0.008604788696155176
FR012650,0,0.008961030046278372
FR012646,0,0.01717568206976869
FR005730,0,0.007423816965026388
FR019728,0,0.020966936181793485
FR011418,0,0.007355256391567391
FR003526,0,0.003999509073665925
FR007236,0,0.005317210463665391
FR015532,0,0.04311508616280726
FR007414,0,0.004188865697697888
FR005707,0,0.15009047282806873
FR005517,0,0.008883451084264027
FR015288,0,0.004737305539012606
FR007278,0,0.4242777706764915
FR011199,0,0.015865688876052487
FR019155,0,0.0038633062189182255
FR000089,0,0.003228487830909972
FR000687,0,0.0062336923306953425
FR003302,0,0.00507907381175977
FR004667,0,0.03528473287352784
FR005247,0,0.011860426301712725
FR004493,0,0.008573508832439925
FR019984,0,0.08045378375660762
FR004180,0,0.004185308306302779
FR012998,0,0.006297185351551895
FR004359,0,0.07575071557519701
FR006724,0,0.008492577648601668
FR000856,0,0.022489961886536725
FR008234,0,0.0046868672485465765
FR003711,0,0.008766700365939082
FR005380,0,0.008183724723683644
FR012574,0,0.004475386637019343
FR001529,0,0.007075687456346143
FR011238,1,0.3222889852344178
FR000949,0,0.006308044002795388
FR010228,0,0.003979906838307947
FR011287,0,0.005980245237244352
FR005174,0,0.034707243797963416
FR015338,0,0.0033812056854182018
FR000861,0,0.005341474522702785
FR019973,0,0.01764903780747895
FR010069,0,0.012991952924227399
FR005852,0,0.009630925071119062
FR008455,1,0.011221067410888094
FR006861,0,0.007369913442348958
FR014865,0,0.011034679052245117
FR010986,0,0.0061504528782346975
FR007085,0,0.04745625609337517
FR019809,0,0.019850740226063077
FR011387,0,0.010026517304047453
FR001021,0,0.0555223066825698
FR003338,0,0.017548457789826413
FR018904,0,0.012683240133453658
FR012501,0,0.02275084401962299
FR007570,0,0.005180567650244786
FR010763,0,0.012428294579141096
FR004803,0,0.11897848823677652
FR008507,0,0.01722455957096063
FR010870,0,0.025725889798333595
FR019294,0,0.003210940851368324
FR003870,0,0.012453285350985159
FR006763,0,0.012120538339279277
FR017159,0,0.006997630956212505
FR006311,0,0.007525813265448056
FR014200,0,0.002682120875608842
FR013240,0,0.013909336633012031
FR001049,0,0.0249840278254299
FR010681,0,0.025910378430771625
FR014903,0,0.009353087247261948
FR005177,0,0.012373079753938471
FR016337,0,0.006112090873407155
FR003529,0,0.00347206012420965
FR013128,1,0.004515416979424428
FR003012,0,0.00945537575988
FR008528,0,0.009193287703954764
FR015864,0,0.014066838734583116
FR010117,0,0.004667434177456951
FR006009,0,0.010587311438646703
FR017770,0,0.00272190116837855
FR018156,0,0.003959956486348409
FR008710,0,0.0041631423325725865
FR007454,0,0.01123077126036183
FR008814,0,0.019696657530087838
FR001776,0,0.012379686265106582
FR001754,0,0.00878565260029837
FR002875,0,0.01246060028373415
FR014179,0,0.019020870146058654
FR005701,0,0.01268564632841482
FR007503,0,0.006255673338511902
FR006423,0,0.005102047743426786
FR002155,0,0.0360504860094156
FR017721,0,0.008299146392878036
FR015926,0,0.006447890555945177
FR009001,0,0.039802962085358835
FR013746,0,0.003989400931478023
FR009433,0,0.008387582069346753
FR014148,0,0.032838689340195036
FR012917,0,0.012134120533546046
FR013933,0,0.008530027687709113
FR017946,0,0.00840169448325379
FR013005,0,0.012059275659333199
FR001927,0,0.009597424487211756
FR001673,0,0.02222767110232179
FR009101,0,0.018738679483313526
FR010473,0,0.005068502582431727
FR017248,0,0.030463215238997986
FR017899,0,0.00977693085056837
FR012154,0,0.018618229708346687
FR011138,0,0.007494801183905663
FR003955,0,0.006052743377857589
FR019382,0,0.003990474396850885
FR001963,0,0.1290967223225179
FR002255,0,0.0116826867118135
FR007412,0,0.007055271063939795
FR010714,0,0.016084556838067702
FR019421,0,0.007517875167022719
FR009882,0,0.005769513387947639
FR014729,0,0.007221265884661698
FR008177,0,0.012301388860982131
FR013891,0,0.002019027393579263
FR004429,0,0.010128618748629675
FR007597,0,0.015751194549602682
FR010443,0,0.007050968733758034
FR011881,0,0.0063525212608111685
FR007031,0,0.004516541055929726
FR014912,0,0.02498638846359152
FR000335,0,0.007285469781238447
FR003359,0,0.005508824482547547
FR005538,0,0.0054872708078417655
FR016136,0,0.0072343343320185605
FR005729,1,0.24411533494238472
FR013279,0,0.003529780737179812
FR003255,0,0.0045855983639444525
FR007624,0,0.012405917632067274
FR018266,0,0.019530508925311343
FR000361,0,0.005960179948605658
FR016192,1,0.16339287221359525
FR006274,0,0.017163774114928074
FR000433,0,0.004917043364181629
FR005352,0,0.01064292711038259
FR011581,0,0.009943260345677251
FR007583,0,0.006489862650904506
FR004356,0,0.006317583543498498
FR008813,0,0.009649840413409091
FR009423,0,0.009425559690320296
FR016172,0,0.007455843370155459
FR000429,0,0.002706672138750456
FR001714,0,0.005852589218784242
FR008206,0,0.019831955381202606
FR014855,0,0.027102696192246447
FR010483,0,0.007926096444532705
FR019608,0,0.0071286370180262335
FR002064,0,0.007029610298653485
FR013012,0,0.0036424811784028844
FR018286,0,0.011452375582785848
FR008929,0,0.05249083303503457
FR004884,0,0.007909232975742779
FR019477,0,0.028426356180464418
FR003193,0,0.007083757967588877
FR005591,0,0.010982607817163143
FR011661,0,0.0039673050071306224
FR001891,0,0.004555399685657945
FR017292,0,0.006921586432810489
FR004665,0,0.01232890093255934
FR014235,0,0.002707881560996113
FR000475,0,0.006416161353827225
FR017289,0,0.004965586148849469
FR009196,0,0.009559302271838169
FR012655,0,0.0015785634070615588
FR017402,0,0.005849732198261408
FR012546,0,0.006974545407211814
FR012635,0,0.006781806736833732
FR007662,0,0.027433670877883353
FR008273,0,0.003889538557493482
FR000256,0,0.01193433995416284
FR015452,0,0.003978354783540065
FR014221,0,0.006654222114522498
FR001045,0,0.04641501256939238
FR003981,0,0.02304268983769374
FR015033,0,0.004991653211153487
FR016614,0,0.004578308475854011
FR013051,0,0.014415558690057784
FR004872,0,0.0035607664529885377
FR017062,0,0.007975035325742539
FR016484,0,0.15195204002183163
FR016972,0,0.004194471394619283
FR019788,0,0.010477628611347772
FR018518,0,0.02222951975232401
FR019874,0,0.009957062486819532
FR001310,0,0.02644388494422441
FR017079,0,0.009193265861005877
FR009939,0,0.005640100026102644
FR018655,0,0.00480764836637283
FR002158,0,0.003761396888797435
FR006229,0,0.004888179357823448
FR016170,0,0.0076957367777265055
FR014628,0,0.005791093763924807
FR007010,0,0.0487482740250614
FR000998,0,0.012379420673949084
FR019201,0,0.017447463836707127
FR004662,0,0.013692287962794704
FR016231,0,0.009309119931124668
FR011232,0,0.011503225885222318
FR004233,0,0.0031153713720092745
FR005051,0,0.002058644927181613
FR012450,0,0.01480058704099313
FR003409,0,0.007497687208697074
FR011434,0,0.0012136543960867142
FR005131,0,0.0053853621660511315
FR001787,0,0.003352301951446885
FR001219,0,0.005190186735663523
FR013845,0,0.00799101439038602
FR001065,0,0.012186644851715007
FR019930,0,0.013622834932021795
FR017831,0,0.003920119157817293
FR007314,0,0.00559585700669508
FR015984,0,0.004710693056612967
FR017508,0,0.00924224267946912
FR015327,0,0.012672277379290898
FR011523,0,0.0032839236019805893
FR001138,0,0.004763048869076784
FR018713,0,0.009068630387005096
FR019048,0,0.008042360342391855
FR006615,0,0.004080386188521899
FR010114,0,0.006643651779133643
FR002178,0,0.005731955429594048
FR000928,0,0.003991344938419276
FR001820,0,0.02417438306558864
FR011970,0,0.007657664644265935
FR003650,0,0.007814244637005273
FR003557,1,0.016487478928921977
FR002491,0,0.01591007003056028
FR016640,0,0.010104791271845727
FR005317,0,0.000644096161621209
FR000477,0,0.014849776214372926
FR003014,0,0.01233033386291437
FR016909,0,0.013663956527911414
FR005867,0,0.006617572789720219
FR018615,0,0.005429785659245471
FR012561,0,0.01318235126163323
FR012239,0,0.0052314602213754694
FR017410,0,0.00629430377283479
FR009867,0,0.013246211243636735
FR004270,0,0.00269476229995352
FR015863,0,0.009781004281706614
FR001056,0,0.033243961587581465
FR013419,0,0.0144744061267457
FR013737,0,0.013736509497643967
FR014481,0,0.017306944977546552
FR002382,0,0.017534639501879588
FR014585,0,0.010701131290490771
FR003516,0,0.012576119229879593
FR007288,0,0.011595317102349801
FR019305,0,0.01745416072210872
FR004952,0,0.012186753184778703
FR004687,0,0.010944993730974933
FR001993,0,0.004044364945326568
FR008712,0,0.006161666423283971
FR007997,0,0.010604527370950472
FR003536,0,0.005505919179935399
FR001161,0,0.016406702042472597
FR001047,0,0.05980370858535932
FR005913,0,0.003361493127346795
FR018893,0,0.005215048850243181
FR011381,0,0.03257553891345352
FR004420,0,0.005008899613431793
FR008353,0,0.007013314723605631
FR009870,0,0.007397886856957147
FR005788,0,0.022959887890346666
FR004141,0,0.018680372285932303
FR004328,0,0.0048954332455533175
FR002009,0,0.026018980153906985
FR013167,0,0.026424201860479234
FR000050,0,0.03780672994021742
FR002165,0,0.05988047119073366
FR008667,0,0.014261251005403366
FR008599,0,0.013382575126463537
FR012170,0,0.008245696726456794
FR010549,0,0.022957805506274086
FR011007,0,0.012388157667675601
FR001836,0,0.01311957678925804
FR010449,0,0.0628453231764379
FR001234,0,0.007650678849826895
FR013600,0,0.020924256188207088
FR005109,0,0.007885717314972581
FR019284,0,0.008234717115408248
FR000814,0,0.0030985699327973105
FR003655,0,0.03439559267096972
FR014584,0,0.0038867016526175323
FR001630,0,0.008399110996539077
FR015845,1,0.00826573014144522
FR001815,0,0.004090070164020055
FR015602,0,0.12916876054700088
FR008434,0,0.003207571044997278
FR011233,0,0.0025822702560832004
FR013928,0,0.008197093924836857
FR019402,0,0.006319233198518945
FR018636,0,0.002953530240199001
FR009827,0,0.03272479796210623
FR000697,0,0.005999109083467153
FR011132,0,0.005824662963934528
FR011817,0,0.009528504799738496
FR015229,0,0.006889266559317818
FR004041,0,0.007855535731650364
FR017208,0,0.00497594189060712
FR012156,0,0.007354365752564252
FR007139,0,0.012660557702315245
FR003714,0,0.009171679699544374
FR014548,0,0.0069686298526784535
FR012082,0,0.008048369360570332
FR013761,0,0.014393009080516895
FR015085,0,0.009561723187294922
FR012056,0,0.006694814501228438
FR008504,0,0.011320872790705152
FR019209,1,0.574282783298763
FR010011,0,0.01948541855330066
FR003096,0,0.004648277367962855
FR013372,0,0.006812484717516357
FR013451,0,0.04952058503770912
FR002406,0,0.0036885014374950648
FR013325,0,0.011090691022186969
FR007051,0,0.01938326857378538
FR016712,0,0.00901205974690756
FR007525,0,0.003787772962038083
FR010777,0,0.006426946313602412
FR007264,0,0.014363017385699598
FR018673,0,0.004593484905183188
FR019886,0,0.005474195996548195
FR004469,0,0.09948791847347908
FR001959,0,0.008400923788811946
FR003190,0,0.006085276669993493
FR003430,0,0.012566109594873046
FR008567,0,0.11342694800711224
FR009370,0,0.0037099098085687163
FR014832,0,0.03383515045892147
FR001953,0,0.007732156769974699
FR001731,0,0.004442785930298481
FR011081,0,0.031419909348007924
FR014905,0,0.00651834807771282
FR016538,0,0.014217018104328148
FR003643,0,0.012057956677885276
FR007862,0,0.006114623618068048
FR019782,0,0.003203906768315773
FR019451,0,0.0058558495397066585
FR017042,0,0.006360434960427875
FR003171,0,0.060981992747859336
FR007482,0,0.012209985797755759
FR013897,0,0.010804986152064674
FR008059,0,0.02486086304424191
FR013402,0,0.004451317244003344
FR004153,0,0.05803147048665891
FR011811,0,0.006910449094883355
FR002487,0,0.006190661567691824
FR010608,0,0.3452104068288016
FR013081,0,0.012132146963978076
FR013116,0,0.008551459912012489
FR016408,0,0.005481349491973625
FR007883,0,0.0030537469631950662
FR002547,0,0.0026103335839341556
FR016092,0,0.044569045540024915
FR007331,0,0.004189435159221597
FR010211,0,0.0038085151848345645
FR003402,0,0.0026239666128055027
FR000044,0,0.014098792446228359
FR014227,0,0.00477260376890198
FR008670,0,0.005222299273905742
FR010044,0,0.010704708449643932
FR014084,0,0.009203771127995562
FR014911,0,0.008289609693646094
FR006239,0,0.029964732626902107
FR016193,0,0.00440493017070825
FR011283,0,0.01679547062974625
FR011544,0,0.0062888593943165256
FR019925,0,0.10208899987221813
FR012457,0,0.005552337442768479
FR007984,0,0.006236437136421652
FR000206,0,0.004857747691962216
FR005169,0,0.10004104772283497
FR004199,0,0.010581076540042008
FR001052,0,0.01602671837950022
FR002216,0,0.026303320397322638
FR018066,0,0.02936236574933743
FR019308,0,0.005928394681266169
FR003899,0,0.006120366062993211
FR006438,0,0.06963067310075875
FR013358,0,0.0057263093123847975
FR018793,0,0.005041789323715949
FR018464,0,0.037328813029254525
FR002031,0,0.018822993178609637
FR019154,0,0.008691600713764965
FR002855,0,0.0031207210891711855
FR009863,0,0.006202874564225437
FR007832,0,0.008469919856255994
FR016027,0,0.010957119446305404
FR019606,0,0.004169238646976106
FR010002,0,0.0071236829897366105
FR006436,0,0.0033700808618135313
FR009206,0,0.009630064352769354
FR015543,0,0.005151221841735681
FR018632,0,0.015436882584352255
FR005584,0,0.006011223572931983
FR013373,0,0.003597628630349461
FR007564,0,0.010886035402634484
FR004298,0,0.013907256164512096
FR002671,0,0.00940890903565008
FR008969,0,0.025265857487475025
FR012586,0,0.006623042670625752
FR011451,0,0.01919814850030906
FR009654,0,0.005779729611988363
FR011714,0,0.0052315389637789846
FR019698,0,0.019861187243047054
FR012015,1,0.010035907096099037
FR017691,0,0.0037123985098437896
FR008473,0,0.01215490710296567
FR003355,0,0.0184753904849344
FR004790,0,0.006171754320884264
FR010634,0,0.02198662454116367
FR015606,0,0.009340237158396434
FR000994,1,0.031999133088601535
FR017759,0,0.015489819695161743
FR003109,0,0.04066634336733177
FR018998,0,0.028239919290375084
FR012642,0,0.006589345203655929
FR004446,0,0.012508634292923542
FR010514,0,0.004591648221869118
FR006164,0,0.006424595834372454
FR006184,0,0.008816030286151367
FR003447,0,0.03256348284805997
FR008509,0,0.015508471523646622
FR010134,0,0.012513003096780773
FR004139,0,0.006215361364386413
FR012870,0,0.006899710351850978
FR014015,0,0.002954551706087128
FR010019,0,0.04000120899770323
FR009822,0,0.005798077595441288
FR005264,0,0.006417028397412764
FR012334,0,0.007178334278793052
FR005972,0,0.009109403710141989
FR011099,0,0.007598727783300371
FR013282,0,0.009443860335389895
FR012863,0,0.017115532652637055
FR004853,0,0.016474370959728087
FR006158,0,0.011560872643148956
FR003170,0,0.012160556527172966
FR002568,0,0.008786241289886925
FR014927,0,0.012265693605579345
FR000917,0,0.0161253027654366
FR003805,0,0.015779903726777497
FR005117,0,0.0043630232310357155
FR004329,0,0.010257824141867477
FR003940,0,0.007196944858395044
FR008620,0,0.005619772363114959
FR014668,0,0.005480577270761628
FR011623,0,0.005323112881934838
FR014102,0,0.018527425426611753
FR006480,0,0.03699507239172669
FR002474,0,0.008058007501258154
FR016965,0,0.005848726445877861
FR018594,0,0.024895955569092815
FR005335,1,0.2537448516313113
FR012256,0,0.007224332700921506
FR001520,0,0.004204575980952416
FR017736,0,0.03407493295886907
FR006538,0,0.003623558314214862
FR007173,0,0.004871964617655693
FR016493,0,0.011327453526080325
FR018527,0,0.0026331019639393043
FR000447,0,0.07794189231788919
FR004079,0,0.007297459952408623
FR002039,0,0.008226779254138063
FR013990,0,0.002505904152009972
FR018399,0,0.00468300455017048
FR008072,0,0.007870275333950696
FR013000,0,0.004529768640272118
FR019690,0,0.002950034876592971
FR005455,0,0.011354956918943615
FR004707,0,0.016260028614294108
FR006080,0,0.0038319137371463237
FR013141,0,0.005030567516883805
FR011744,0,0.014263316802000894
FR011843,0,0.01856536459029649
FR001833,0,0.017673285266012456
FR007157,0,0.010183059988077106
FR001480,0,0.009757135272375584
FR013839,0,0.004092239919440017
FR003369,0,0.054714946327664125
FR006630,0,0.004330756678822614
FR014959,0,0.005216023154600809
FR017275,0,0.1106517720237738
FR015464,0,0.0038742096599045785
FR007969,0,0.003362630934171619
FR016918,0,0.00910408541411184
FR000796,0,0.037966178860476985
FR019072,0,0.008021091429018204
FR011350,0,0.01381377625090374
FR000245,0,0.00563864807253367
FR009820,0,0.036518166136097784
FR011275,0,0.012255948747059674
FR004302,0,0.0030560563332279497
FR013158,0,0.009082711013562469
FR018987,0,0.03861879110477451
FR015136,0,0.008810880611602373
FR008440,0,0.007917742388923349
FR001761,0,0.00722321616582202
FR014085,0,0.0037776820718085796
FR003612,0,0.007258646288216687
FR010923,0,0.010898206853159939
FR008399,0,0.0050417442362315785
FR001636,0,0.009862160043645355
FR015859,0,0.01790363712191609
FR019081,0,0.0042559088008119516
FR019748,0,0.006026806211010455
FR003767,0,0.02600458019573922
FR010654,0,0.042020466024203194
FR018579,0,0.00423309751718291
FR001319,0,0.0053518777718083235
FR006078,0,0.09628166754645308
FR018278,0,0.004854654677921511
FR014577,0,0.011050196530450187
FR007021,0,0.015437912448909708
FR002226,0,0.01016517256100463
FR009809,0,0.005488556731434579
FR005029,0,0.014069436584090498
FR013483,0,0.07946644756392662
FR003649,0,0.01121984604806645
FR006927,0,0.016677845074241582
FR009148,0,0.006710301491433874
FR010039,0,0.007064761180025477
FR013708,0,0.008865142114502149
FR014784,0,0.005035759919672005
FR000692,0,0.004829987514997726
FR003630,0,0.013327733485175722
FR007493,0,0.08194364619500441
FR006697,0,0.003095856647861213
FR012122,0,0.008987635667702184
FR012190,0,0.026825258070775796
FR008858,0,0.0034354551822767935
FR006557,0,0.00673221051275992
FR001647,0,0.004708457533707294
FR016651,0,0.0038602962863799628
FR013122,0,0.011658666512281405
FR010753,0,0.006186170713729047
FR015548,0,0.008869007816089665
FR013656,0,0.028761177900136183
FR002248,0,0.016656841686549153
FR007954,0,0.017919651414181708
FR007917,0,0.020693265134960188
FR000004,0,0.0021232569702588477
FR015893,0,0.007189807390561021
FR002711,0,0.006783481095731933
FR008533,0,0.011574368001549604
FR004690,0,0.010191871861107793
FR006019,0,0.009432029727630227
FR015090,0,0.005120191725348256
FR000081,0,0.013667808174500267
FR019686,0,0.04353227359996067
FR016979,0,0.013141108329038191
FR019401,0,0.005228345518095873
FR007094,0,0.00519066526496303
FR018639,0,0.0058562584020603325
FR017400,0,0.005199175245683459
FR002558,0,0.004586438016765514
FR015083,0,0.006104240020660803
FR006827,1,0.5622842287502329
FR003813,0,0.0076507606470470986
FR008878,0,0.0319978396019089
FR019908,0,0.0028962950772494535
FR005246,0,0.005360091738391762
FR018473,0,0.006719482299387895
FR014767,0,0.003073295742549338
FR007401,0,0.006808994530020024
FR019596,0,0.003536525190727968
FR019028,0,0.027230698820960242
FR014340,0,0.004340069094053337
FR014726,0,0.017458535483676027
FR019743,0,0.014097524478035119
FR008278,0,0.04896012472191935
FR013186,0,0.016732903945808345
FR000786,0,0.00907131137122468
FR010475,0,0.00849276355281424
FR018588,0,0.006874063539570181
FR006523,0,0.050992686044088485
FR002704,0,0.014482844514972226
FR004929,0,0.013067037171001617
FR010557,0,0.006281039750884429
FR006966,0,0.010464125222168967
FR012601,0,0.0990212971491164
FR014895,0,0.010773976389337046
FR019263,0,0.0055328591769798095
FR013751,0,0.021072721212169705
FR008256,0,0.007132757385899836
FR019244,0,0.0034991550945702846
FR011274,0,0.01554561890498298
FR016843,0,0.0065387721036963735
FR000932,0,0.0038798429035335025
FR013932,0,0.013368841746058749
FR009587,0,0.028738411786947502
FR000979,0,0.011772992241155937
FR004627,0,0.004272654584713385
FR003299,0,0.008191183180593383
FR006857,0,0.007709694495734747
FR014935,0,0.006065273310160535
FR011974,0,0.007105154165273634
FR006165,0,0.0037205994537900973
FR006253,0,0.004072707664326966
FR011762,0,0.010770921629081458
FR001938,0,0.00289454306792146
FR001497,0,0.011679303497024023
FR018769,0,0.007229649054734247
FR019812,0,0.0063798879634604745
FR010242,0,0.0073367895497156695
FR010338,0,0.03637407949532791
FR006499,0,0.011194619460775886
FR017272,0,0.013301023223778692
FR016018,0,0.003958373484357056
FR000154,0,0.0029707816928618088
FR006601,0,0.0062801951520365315
FR019017,0,0.02372839642123102
FR011206,0,0.004790344028349804
FR017032,0,0.012476390311610788
FR002968,0,0.003315598637859124
FR013316,0,0.019934579239948964
FR016304,0,0.008607137966629106
FR011985,0,0.011191402952860002
FR008952,0,0.0020862989457514705
FR002734,0,0.009990548658820299
FR015317,0,0.015517608844602635
FR003891,0,0.007407054702045922
FR016019,0,0.035086042572056914
FR008309,0,0.0034119086272994376
FR014849,0,0.023374340651098374
FR003165,0,0.015156264674940433
FR017828,0,0.005804691622536168
FR015238,0,0.004175181915134686
FR005821,0,0.003049753643981722
FR012279,0,0.004882131720950225
FR013326,0,0.011186418958703695
FR009617,0,0.013872033662866429
FR002857,0,0.004829178387294158
FR005298,0,0.006963842989499182
FR018797,0,0.009967526703664726
FR006478,0,0.007242098651251903
FR004029,0,0.0011773526793145278
FR013904,0,0.0066249515611522805
FR012048,0,0.03250992356660368
FR005008,0,0.0030157425622084504
FR010507,0,0.010867901455058912
FR003061,0,0.025275061344948387
FR012875,0,0.0319135688198661
FR012953,0,0.017475172240786156
FR018782,0,0.011128488576184986
FR016297,0,0.019656922639505817
FR015223,0,0.01670842700367238
FR016589,0,0.007665191208797537
FR012196,0,0.002983858572710675
FR002628,0,0.02298839540244042
FR003675,0,0.024439443131936495
FR005255,0,0.007895734572883813
FR017681,0,0.013501776881853866
FR012630,0,0.004923403754291111
FR014538,0,0.03287057874401251
FR017173,0,0.009833445945060587
FR014149,0,0.014491456380295038
FR007043,0,0.014937290909555164
FR018443,0,0.0033138396633954413
FR011370,0,0.013225514510048317
FR016705,0,0.006602495773251279
FR003436,0,0.00993485132108063
FR018348,0,0.012581193251507798
FR018140,0,0.0051354219904963345
FR010422,0,0.004750069365838494
FR018289,0,0.006216555411950361
FR012111,0,0.02357703128245305
FR019468,0,0.02129857563487189
FR005838,0,0.03435899189874784
FR018410,0,0.0029970888934202473
FR017156,0,0.0032586990246581894
FR000886,0,0.0038289892939330646
FR007121,0,0.049860837021519056
FR003610,0,0.026724300060763474
FR006651,0,0.03879970269676961
FR005866,0,0.020243450148118344
FR014198,0,0.004695450089443431
FR017837,0,0.004338950984249791
FR018760,0,0.0033220280422973387
FR017433,0,0.007234486905231037
FR002370,0,0.004570902115779216
FR013124,0,0.023784957636625994
FR002883,0,0.004776447753559742
FR004163,0,0.01538051674291025
FR005809,0,0.005138215167847603
FR009197,0,0.025730160639615484
FR018860,0,0.006390634291581452
FR015117,0,0.011803600523564483
FR008345,1,0.04179081552384245
FR000015,0,0.004454600160103901
FR001670,0,0.03461873333327561
FR013196,0,0.006308196495078754
FR013347,0,0.0042203920360728425
FR006974,0,0.03191356011313539
FR013547,0,0.004214885173215179
FR002259,0,0.0066311897777832874
FR005000,0,0.004215995976553494
FR007226,0,0.005734148915265775
FR019805,0,0.004598322658733078
FR010467,0,0.01239126439337463
FR001651,0,0.052071687099502356
FR003570,0,0.007314773392865754
FR010759,0,0.002534177754394668
FR013241,0,0.009966547194849436
FR009305,0,0.006258259012554907
FR007400,0,0.011319696516089212
FR000501,0,0.0255610765283498
FR015420,0,0.006434111502998163
FR002620,0,0.01066201657486566
FR010280,0,0.011572622606635878
FR019124,0,0.0062808303993772095
FR010771,0,0.05532911327393892
FR013690,0,0.010801483790480758
FR003101,0,0.004358967119592792
FR015820,0,0.007669727607795135
FR016029,0,0.004461539694156154
FR005726,0,0.008623338964152955
FR015578,0,0.011145798236382945
FR006075,0,0.017560315006491176
FR010146,0,0.009643406919441648
FR001092,0,0.01247758253942739
FR004182,0,0.006481102434971374
FR013561,0,0.01780803393590184
FR014953,0,0.019315673675841357
FR013900,0,0.057045972661914725
FR010547,0,0.004436017945393842
FR000923,0,0.005537192744130524
FR004281,0,0.008391288679793689
FR004754,0,0.006571269771081127
FR011594,0,0.038162070614668094
FR003202,0,0.0033471538886928657
FR015832,0,0.006029833239221954
FR009517,0,0.0031424177410116403
FR007390,0,0.0206615545837382
FR016667,0,0.04490018377389918
FR004749,0,0.01700468949017923
FR015301,0,0.0033971176411592458
FR009810,0,0.01162583811443508
FR015638,0,0.0044874337317888395
FR010078,0,0.008509371372444213
FR001505,0,0.006899298525078083
FR018260,0,0.0032196979249541698
FR004393,0,0.021898602269835313
FR008692,0,0.013055097363375926
FR010941,0,0.028267532549435426
FR007214,0,0.028109228959487212
FR009577,0,0.003182798741110364
FR001282,0,0.0072955022134740186
FR017180,0,0.008409526422939932
FR019202,0,0.010096445234303435
FR014983,0,0.006053451524475823
FR007578,0,0.008231235097494544
FR014476,0,0.002618225763196184
FR015670,0,0.0054413831134710435
FR004060,0,0.0032347303906776446
FR013386,0,0.02640517367997681
FR012441,0,0.004553043567402912
FR014785,0,0.016819424339452046
FR012131,0,0.010839820099049519
FR012104,0,0.007400572545172293
FR004130,0,0.004169900285382591
FR000233,0,0.025155278730519953
FR013271,0,0.006016538378797942
FR007879,0,0.004135169109699187
FR006443,0,0.009724520140066363
FR018902,0,0.013838194244812793
FR007859,0,0.0037955249967924196
FR008629,0,0.004016608927532676
FR012705,0,0.007657213518862915
FR004352,0,0.018405303698177274
FR004671,0,0.01872917358244641
FR001227,0,0.004083455219496205
FR002721,0,0.01123187085036511
FR017524,0,0.014546085538427548
FR001895,0,0.08318040212524665
FR007850,0,0.009933762630424876
FR014284,0,0.006442232342665608
FR002459,0,0.00671677379942676
FR018726,0,0.016821286904514145
FR010905,0,0.004616041168232959
FR009369,0,0.004029379293233334
FR017917,0,0.006075482445712841
FR001121,0,0.028872810574448377
FR008906,0,0.004105618635249945
FR003686,0,0.009740973656297058
FR016963,0,0.007457521746475554
FR016148,0,0.01748859738852575
FR007234,0,0.004070447606984031
FR018189,0,0.00981157515965222
FR012293,0,0.0037141516968771
FR003480,0,0.009378691716737553
FR008546,0,0.03497751974292495
FR005179,0,0.004705432621944061
FR017980,0,0.005612953899524971
FR019127,0,0.020387923863812784
FR014622,0,0.023198027689674508
FR001503,0,0.008090248065931562
FR013606,0,0.016976069525128368
FR009620,0,0.004063911574131731
FR014472,0,0.0052927034240533724
FR003016,0,0.005421558307876203
FR011621,0,0.00511076968761726
FR009489,0,0.016142204345136673
FR000352,0,0.0024977049628528668
FR003131,0,0.022867653994517373
FR006744,0,0.006243212940364296
FR011447,0,0.00856755551823418
FR013584,0,0.0025894662184370643
FR016004,0,0.011136727804807478
FR016102,0,0.006596461600404579
FR005130,0,0.01598109180013085
FR010237,0,0.01125900572168799
FR017695,0,0.0069634198787470155
FR007487,0,0.010996830317745829
FR011894,0,0.003965525115583106
FR016058,0,0.01304141175588285
FR002154,0,0.0035350088023170002
FR005414,0,0.007147670814753707
FR000806,0,0.020872039128530834
FR012526,0,0.018691611708007233
FR016328,0,0.003484926609063231
FR009789,0,0.009421905469345319
FR006088,0,0.00555513738424846
FR002138,0,0.03571247667696221
FR001279,0,0.00396536893415671
FR015057,0,0.005316446727864448
FR014397,0,0.010477041437729429
FR001301,0,0.009688342428288333
FR001329,0,0.007618153826208086
FR010031,0,0.007089645355845664
FR018800,0,0.18149081104630968
FR016367,0,0.06114810212820576
FR011378,0,0.02575748184038877
FR007145,0,0.00258314184524795
FR001772,0,0.016476519282264745
FR003219,0,0.02037744437068365
FR018498,0,0.005412533509541753
FR012392,0,0.024055345578070788
FR016211,0,0.03478724529492314
FR009605,0,0.007920498601312947
FR017879,0,0.013634246820253266
FR000117,0,0.01779229295562382
FR004736,0,0.005821378157828456
FR011088,0,0.003593928847378497
FR009705,0,0.006853400847648495
FR001981,0,0.004119367122699765
FR007988,0,0.006586461290521109
FR006119,0,0.006612501181850882
FR004575,0,0.0048873961504220164
FR018301,0,0.007550526298166047
FR016648,0,0.011736699082448477
FR017720,0,0.006584282409507039
FR008514,0,0.004836965110291133
FR011949,0,0.009041096580876451
FR013721,0,0.027387954300305134
FR011351,0,0.021542192374226707
FR017241,0,0.0035058628702901197
FR012748,0,0.011219598721073044
FR004601,0,0.00745874042434962
FR009462,0,0.015634905881326915
FR005240,0,0.008216889264621411
FR005218,0,0.004878810788893163
FR013528,0,0.01801235315459733
FR013036,0,0.05164829798151963
FR009178,0,0.006720633143224156
FR017838,0,0.026968084157072667
FR019543,0,0.015401567244352266
FR005032,0,0.0019581222591401196
FR014411,0,0.03493008098682105
FR002286,0,0.003837418488933597
FR019635,0,0.00802080709271055
FR014008,0,0.00430516536226543
FR004149,0,0.01512608397593392
FR004096,0,0.021244211120143325
FR007168,0,0.009683278310667396
FR003102,0,0.005722293980330299
FR013556,0,0.02012397834937554
FR002569,0,0.09501154553225882
FR012053,0,0.006052569434391354
FR005777,0,0.00807074400923369
FR011510,0,0.004967047024222196
FR018352,0,0.008230924401745643
FR015307,0,0.006073276568053267
FR018942,0,0.008833551022692092
FR019487,0,0.003711894154596121
FR007132,0,0.005259243804593066
FR007244,0,0.003228857881133419
FR012007,0,0.0051636909299339505
FR016215,0,0.010594140238182606
FR017814,0,0.016574589707210433
FR010846,0,0.004971856300527059
FR003239,0,0.00568705342123649
FR007533,0,0.02545404900334607
FR019337,0,0.010429381864355868
FR009511,0,0.18328345669684212
FR011910,0,0.007338932133377749
FR013568,0,0.01298943293411888
FR007154,0,0.01597901991631427
FR010325,0,0.011082294457619872
FR012673,0,0.005093307169969626
FR007393,0,0.04329289734230426
FR005260,0,0.007849584142233306
FR018174,0,0.06151415512304333
FR010176,0,0.013755287118957385
FR008681,0,0.004654033087669966
FR003801,0,0.007138003508510175
FR008419,1,0.008237753586644143
FR012412,0,0.0050851889813797535
FR015068,0,0.007580665644945648
FR013330,0,0.007137384651849615
FR017154,0,0.03173396555714641
FR007510,0,0.007240376972643461
FR015438,0,0.00910243944275872
FR009359,0,0.01390585564025438
FR009199,0,0.012649116422733087
FR004488,0,0.03107341671643445
FR008143,0,0.00636963854454516
FR016615,0,0.005172365916476614
FR008806,0,0.004358482503366283
FR019503,0,0.05816507396173914
FR012782,0,0.0077481632633427345
FR013421,0,0.014308316526965867
FR013129,0,0.004742666753974545
FR002025,0,0.05488510024900297
FR018033,0,0.009011220262163427
FR002999,0,0.004918130294181988
FR001512,0,0.016178099598432236
FR015717,0,0.016843981737591097
FR016434,0,0.01716723496280893
FR017483,0,0.029045308193162447
FR008798,0,0.003924032405572222
FR017360,0,0.03869441784448838
FR000604,0,0.01009288488826667
FR006469,0,0.01627259756496667
FR007403,0,0.005997051271762771
FR001369,0,0.005383341524153647
FR004306,0,0.011621869380182106
FR007317,0,0.03633689068800411
FR010864,0,0.007753522319521411
FR012475,0,0.014502284466129223
FR007671,0,0.00392995039327788
FR010118,0,0.003691363011398841
FR006330,0,0.005451192230065908
FR005649,0,0.0033761114405988224
FR016084,0,0.004500955700116481
FR006343,0,0.003432644139915787
FR015319,0,0.006422867350221915
FR006945,0,0.00816952642280677
FR000671,0,0.038550984562367045
FR018002,0,0.005606673785117318
FR017497,0,0.006277741177739781
FR009512,0,0.005393977975245871
FR002975,0,0.004208306192009408
FR000168,0,0.1152753682958255
FR017069,0,0.007711921837009081
FR007465,0,0.0479474092149168
FR003626,0,0.011849661177297029
FR016219,0,0.015913867255734033
FR006588,0,0.01675962608227619
FR015281,0,0.01273449772681131
FR002863,0,0.007097808989186722
FR011630,0,0.005372320594467774
FR006429,0,0.03978869122414149
FR005094,0,0.0028931959262382388
FR017652,0,0.006384929971342765
FR002660,1,0.08395621133640847
FR009331,0,0.01060058173342474
FR012223,0,0.0044081635605117565
FR009760,0,0.00942366060306459
FR017265,0,0.006218233306051553
FR012844,0,0.022879484582224312
FR008236,0,0.003021748956358421
FR006463,0,0.016444073816850337
FR001896,0,0.01697348821941931
FR006822,0,0.02529613936453273
FR012778,0,0.011149691134694918
FR016857,0,0.004112067802552001
FR010450,0,0.025331497885141455
FR005543,0,0.014709730391147306
FR004784,0,0.008588839666666796
FR013553,0,0.007718129150359051
FR017880,0,0.012157212727225315
FR014550,0,0.021749757047838825
FR006495,0,0.0016155512016936826
FR004629,0,0.009666065593284057
FR013484,0,0.665957614548475
FR010703,0,0.013744377388328718
FR004903,0,0.0038556722706811902
FR013886,0,0.0034675026955240094
FR015414,0,0.00402542547883374
FR017616,1,0.005785513893710411
FR010976,0,0.21941458103086575
FR011195,0,0.007224786658863586
FR010906,0,0.0032007207632769076
FR006564,0,0.006289431856803802
FR016513,0,0.010086609443385392
FR002889,0,0.006923625958430664
FR005490,0,0.00492095886975931
FR008066,0,0.00910114237306547
FR013595,0,0.06408377930982471
FR005770,0,0.0035524769664198983
FR017992,0,0.05379735603608455
FR013034,0,0.005323664523417951
FR009639,0,0.028788863576289594
FR000410,0,0.019519565409479588
FR019914,0,0.015375446854674455
FR006391,0,0.010896286229878996
FR011515,0,0.009019332802076773
FR000982,0,0.004904172615308642
FR009469,0,0.007241212149600333
FR003882,0,0.0862863090366507
FR003583,0,0.01530503742195994
FR003985,0,0.004955073312145589
FR012537,0,0.003904508746501617
FR012832,0,0.0033188924186277773
FR006794,0,0.004757151126839018
FR004229,0,0.006964751939344488
FR011336,0,0.0024678545891214446
FR000834,0,0.026558423583545657
FR007201,0,0.009918768456682
FR011679,0,0.0029883865611573953
FR002472,0,0.014468849058272795
FR007842,0,0.006220881569427656
FR019194,0,0.0039013296033483806
FR000680,0,0.004875767412328098
FR010455,0,0.017845716123214884
FR002214,0,0.012868031065741093
FR006766,0,0.04645092175986149
FR016281,0,0.004422068734223813
FR018454,0,0.012139663787742153
FR013003,0,0.02683218200752913
FR018379,0,0.002367982918086722
FR003290,0,0.0032379522316583562
FR012565,0,0.01409409100398303
FR018081,0,0.004354270688314113
FR014133,0,0.005862557345250991
FR017856,0,0.013778207705107834
FR007906,0,0.025746178907865375
FR006692,0,0.010648985432604114
FR016566,0,0.004646538351650184
FR015816,0,0.014270750029357302
FR006212,0,0.00896116944680061
FR001792,0,0.007633788583174576
FR000640,0,0.002531766410678633
FR011829,0,0.004569944912944085
FR006854,0,0.004414905885463917
FR010293,0,0.008744815498086382
FR005672,0,0.022110663862299946
FR006569,0,0.003907273458129302
FR009269,0,0.005010199088988205
FR008114,0,0.004400081760442156
FR015148,0,0.005229564209928718
FR005417,0,0.02581016288139727
FR018462,0,0.013051257395831371
FR005494,0,0.0033707525676578303
FR003388,0,0.012348029926301475
FR010173,1,0.0050915341045294805
FR010064,0,0.004123124280827285
FR007794,0,0.022204424525061592
FR009687,0,0.029286930651050768
FR005887,0,0.004004443872653826
FR008098,0,0.01989780643608077
FR010493,0,0.00852413560559595
FR010050,0,0.020635611109788617
FR003375,0,0.005954493583793294
FR007048,0,0.019899054399572066
FR006185,1,0.012111829189576172
FR005390,0,0.0026293288370583443
FR013779,0,0.018262758721668267
FR004283,0,0.0830354521772753
FR018695,0,0.011314250003736315
FR006830,0,0.012189609200902651
FR001452,1,0.013420008970266352
FR013026,0,0.0031614445344913503
FR016767,0,0.00600727740209914
FR017236,0,0.010457593721838417
FR018582,0,0.004366924655168887
FR005530,0,0.014830009543881426
FR004098,0,0.020642903497361333
FR009340,0,0.0034414929930616065
FR004882,0,0.006442306073417733
FR012402,0,0.004134025787454477
FR018671,0,0.008632536535789485
FR000414,0,0.013068851858166542
FR011504,0,0.00630663409735924
FR010466,0,0.006824706700694477
FR007605,0,0.0048227671183906475
FR002074,0,0.0024155492374013095
FR002899,0,0.010174129336650425
FR000631,0,0.005264072431289113
FR008757,0,0.01801725285109548
FR019634,0,0.02045217196251589
FR000929,0,0.0026999797550683762
FR009164,0,0.01769918655616336
FR006427,0,0.00793958419662623
FR003452,0,0.004368734631441387
FR013893,0,0.015055247794501653
FR010157,0,0.012318287451701075
FR018153,0,0.005725437310183275
FR011453,0,0.008110607338578412
FR010054,0,0.010837611295075178
FR012112,1,0.015585089796678891
FR008185,0,0.008024487857523873
FR017614,0,0.005214233036150313
FR003022,0,0.01838594810424257
FR015918,0,0.006416073195253266
FR007092,0,0.012161583267848377
FR010616,0,0.003340022494251244
FR018310,0,0.003359612869575118
FR006890,0,0.011406902512192266
FR008093,0,0.005644558321865149
FR019317,0,0.004388984542930934
FR007632,0,0.002386722703979815
FR018676,0,0.05196107997283909
FR012353,0,0.0031361688618753727
FR002336,0,0.013547407620494036
FR007777,0,0.007320699539118343
FR007837,0,0.014722485820338966
FR006718,0,0.015622585160042215
FR018914,0,0.011269317360614319
FR007095,0,0.004143069849840811
FR002576,0,0.0054409999154949144
FR000976,0,0.0076650740880659
FR013554,0,0.014897228360567538
FR009706,0,0.007505698592409478
FR012489,0,0.0044881462955069775
FR003713,0,0.032695737150691344
FR016848,0,0.015363169314844743
FR009256,0,0.03664283250090777
FR009596,0,0.014221746097744431
FR005071,0,0.009282568860417088
FR006012,0,0.023958836051197696
FR016572,0,0.004281531940235373
FR001708,0,0.0487622850257049
FR005001,0,0.024406332000112274
FR005398,0,0.013753873153103918
FR000792,0,0.006208876593585907
FR017931,0,0.02749029108428112
FR009510,0,0.0271229814345403
FR017207,0,0.008945760861832588
FR006434,0,0.004761164991170799
FR006217,0,0.024347890944975626
FR011936,0,0.004586570206862917
FR002920,0,0.008011479968022752
FR014989,0,0.020052815693319927
FR007360,0,0.00764886840075757
FR013518,0,0.004047152942133232
FR015617,0,0.007783438860826014
FR010481,0,0.09444859215980868
FR009344,0,0.01461303620525091
FR007124,0,0.005659026051756971
FR004266,0,0.030791079701438434
FR009193,0,0.004833311738437997
FR014464,0,0.006608422588876096
FR018484,0,0.05604006777783899
FR008754,0,0.006365453351480446
FR012983,0,0.005306933883509351
FR005128,0,0.04060882421671614
FR018806,0,0.010519853313544101
FR002044,0,0.006486431982712687
FR001119,0,0.013221366553640377
FR013280,0,0.011094637619100844
FR016605,0,0.0027913840825677274
FR016668,0,0.0241116300784423
FR019272,0,0.005004121157388061
FR013613,0,0.009116714098854738
FR001074,0,0.006604042426663075
FR001359,0,0.033988320875412224
FR011595,0,0.01808984104349343
FR016955,0,0.03460981939289909
FR004769,0,0.004201696492374404
FR009063,0,0.007685598596368589
FR000401,0,0.0048899266416390615
FR013902,0,0.06085431713703613
FR018003,0,0.009305067733757964
FR010914,0,0.01521501686818708
FR006483,0,0.009228428688505375
FR002377,0,0.013649294459484472
FR000865,0,0.003528079089984189
FR006000,0,0.0046806847365886755
FR011864,0,0.014026473843224722
FR003540,0,0.006386914315277911
FR004234,0,0.010051020322503502
FR005778,0,0.0062031568173123415
FR018702,0,0.006615170382609374
FR012387,0,0.004466282759220123
FR015454,0,0.009378427370948133
FR005903,0,0.0050790141051600774
FR009401,0,0.010647198345246701
FR012201,0,0.03302764446317797
FR008242,0,0.006158180455952873
FR008987,0,0.010235493548594255
FR009013,0,0.005172029628858957
FR014415,0,0.007158134580051721
FR011263,0,0.005099584235260223
FR010729,0,0.021861807143451418
FR016229,0,0.007695386122092869
FR018879,0,0.007543040469885697
FR001884,0,0.05522081403627624
FR013215,0,0.07269817356902308
FR006594,0,0.017474141410728988
FR002199,0,0.0039381922287993094
FR017100,0,0.005119247904444115
FR011286,0,0.007589469739128044
FR013700,0,0.004304570003635363
FR001596,0,0.008778113539076206
FR004997,0,0.0042837487503099465
FR011712,0,0.03360181001152803
FR000755,0,0.006236753601147646
FR016675,1,0.013469370440092011
FR014424,0,0.011856247215290957
FR009163,0,0.0028775834280150617
FR007495,0,0.005730115660659882
FR001781,0,0.014741582294424536
FR002590,0,0.01074484336486839
FR007258,0,0.00590017450738788
FR009846,0,0.006070218102068917
FR012958,0,0.005730794749283887
FR013220,0,0.03196518157151757
FR008931,0,0.008308687060859991
FR011624,0,0.007488413063703771
FR017864,0,0.008375503709657972
FR004054,0,0.005113669718683594
FR006654,0,0.03237666076788504
FR013767,0,0.0042210159814091075
FR003073,0,0.027775025909811717
FR010041,0,0.036844740633760066
FR004067,0,0.016030927974411913
FR006562,0,0.010620421402171858
FR000008,0,0.07139912222012978
FR008880,0,0.007377192876578183
FR007833,0,0.010915803193772078
FR017314,0,0.02077240221611162
FR006991,0,0.025825982622838695
FR005022,0,0.007722883248946915
FR011189,0,0.004393933956857324
FR018440,0,0.031309901573086794
FR003072,0,0.036053485966231015
FR002316,0,0.013087181427625003
FR010537,0,0.005072224984829951
FR018463,0,0.005224056090032341
FR018482,0,0.007284901715534333
FR006278,0,0.00811883737643312
FR013066,0,0.005586720105367507
FR019780,0,0.035372154070265616
FR007016,0,0.0034930447511037186
FR000908,0,0.041612815793579665
FR003010,0,0.09094725467770193
FR016333,0,0.012984815698064584
FR000698,0,0.004667855816460374
FR016373,0,0.026213319694823132
FR001371,0,0.018826269815395636
FR004385,0,0.0060176254989394344
FR010185,0,0.005278328483042487
FR016549,0,0.046830318278854026
FR014429,1,0.5496191468981088
FR005005,0,0.008049562814187531
FR003515,0,0.0031766492621807998
FR006076,0,0.005506951380664896
FR010704,0,0.017026482913561597
FR000145,0,0.013680432663053882
FR017240,0,0.013581212774818231
FR003166,0,0.00984283486874917
FR017357,0,0.03502940111682569
FR008656,0,0.006103618131933945
FR007468,0,0.004215217927588274
FR007790,0,0.004751874566640642
FR002540,0,0.019090353365842642
FR011183,0,0.004992469445912897
FR013198,0,0.0029522987252609163
FR014630,0,0.006590522951754936
FR010490,0,0.0037797487008328265
FR007318,0,0.008336117903672387
FR016362,0,0.04567027391708975
FR017203,0,0.007184870172556837
FR006922,0,0.006009512819805575
FR007531,0,0.009439311293059251
FR001422,0,0.0172711200141977
FR002791,0,0.007262803839489099
FR001940,1,0.11314446015815056
FR004842,0,0.007132028956417724
FR019598,0,0.012403959354703323
FR004277,0,0.006083773596945563
FR016040,0,0.01854215684617135
FR018766,0,0.002815212385564521
FR014370,0,0.008782764335124012
FR011622,0,0.01882080377027001
FR000287,0,0.008077350243233158
FR014546,0,0.009934090478063403
FR008808,0,0.01114099557142783
FR008548,0,0.008512988578685566
FR019792,0,0.01627896041706009
FR017262,1,0.02933881875355097
FR002107,0,0.011207115794424074
FR005712,0,0.0033342283752884946
FR010310,0,0.005641356591151374
FR001068,0,0.012759144797679797
FR001822,0,0.007247664653323033
FR009095,0,0.004930731541068136
FR003832,0,0.005023232942476404
FR004916,0,0.005118116685270434
FR009338,0,0.025387500797745
FR006799,0,0.002841358772892716
FR014535,0,0.06367871265769576
FR015624,0,0.005205293987513996
FR019824,0,0.015610093733771488
FR013789,0,0.003812251523753749
FR004860,0,0.01256347532565691
FR000761,0,0.011523302897305557
FR011920,0,0.07731990690163283
FR004712,0,0.03220910691187933
FR002871,0,0.0076708294862490424
FR006324,0,0.005594890394918387
FR017215,0,0.005687839409024561
FR000075,0,0.00616811833951348
FR005831,0,0.0066866063749064395
FR005563,0,0.011164065876230684
FR011162,0,0.007414769660554602
FR006943,0,0.003964368438426177
FR018913,0,0.009456194444306681
FR011602,0,0.018583885507230353
FR003115,0,0.011128332648093126
FR001118,0,0.0030541937450519695
FR001535,0,0.002903195336486876
FR002246,0,0.009109107468599225
FR007582,0,0.003233363230475409
FR018006,0,0.009196052624823226
FR007692,0,0.009303272117427265
FR000376,0,0.009596208101382115
FR013176,0,0.007040808637339631
FR002877,0,0.0221729125711021
FR018794,0,0.004390835916598574
FR001245,0,0.0083699757082017
FR012530,0,0.0071167873515395426
FR003053,0,0.010022453459168813
FR009233,0,0.06557693067585442
FR018529,0,0.004467505479680443
FR006848,1,0.01686626761961923
FR014341,0,0.003004222221200776
FR000492,0,0.00838420287626105
FR015082,0,0.00768425773502063
FR009509,0,0.03466005055097051
FR010350,0,0.013120824325335866
FR013424,0,0.02133080825106613
FR017150,0,0.004397614801021254
FR015283,0,0.0051508492835950735
FR009929,0,0.006274725984662986
FR019213,0,0.0023315653525469264
FR007090,0,0.01614902729485765
FR017496,0,0.035233652910266866
FR017821,0,0.008941637283372057
FR003528,0,0.548701120312067
FR012265,0,0.003506061490930429
FR018127,1,0.1306525906795828
FR002413,0,0.006412522796573447
FR015142,0,0.021939800352523395
FR007855,0,0.004031523906287843
FR004343,0,0.003306728880343795
FR000699,0,0.017896094085936533
FR010928,0,0.0064741879800314685
FR010868,0,0.008266447335933347
FR018166,0,0.0059397465015923225
FR018746,0,0.004606508154724708
FR004321,0,0.056611818369493666
FR016074,0,0.0237197131080284
FR018711,0,0.007761719379242814
FR016942,0,0.004749439870739015
FR018732,0,0.019192334323715834
FR009116,0,0.008639782981367979
FR004551,0,0.007303753305584565
FR002717,0,0.006099753095903079
FR000436,0,0.01577446172956562
FR013959,0,0.006926042966601518
FR001508,0,0.004917394726185395
FR010669,0,0.05207592181758514
FR000365,0,0.009275117955727781
FR004105,0,0.005366357365714312
FR010554,0,0.006030849769249311
FR006671,0,0.005457171311225316
FR003381,0,0.00687085914849167
FR016699,0,0.002842249639027282
FR018476,0,0.004372642756832253
FR007618,0,0.09452476969167352
FR014381,0,0.0073098286520950385
FR019212,0,0.004516451644063119
FR012147,0,0.004682215276936409
FR011793,0,0.004986335815125246
FR000171,0,0.010889601457518388
FR006280,0,0.040881723730494174
FR016090,0,0.01796551590739281
FR007633,0,0.015505832014002513
FR003068,0,0.00557115806391737
FR001419,0,0.012423068403358564
FR015836,0,0.023253942612501702
FR018777,0,0.00862296607919505
FR011481,0,0.03890436189255982
FR004908,0,0.01491532509291812
FR017568,0,0.05469957998055499
FR003256,0,0.005128749757731635
FR011193,0,0.0027189648784180665
FR001934,0,0.02986458302438066
FR019720,0,0.004315327902838451
FR018169,0,0.021909811464228646
FR000247,0,0.023049827248055422
FR019433,0,0.006402094359312871
FR001931,0,0.010206225841261123
FR010817,0,0.007228317885566767
FR014897,0,0.008364917965328423
FR018563,1,0.035379894950138
FR001237,0,0.020754203485663435
FR007103,0,0.004668329812598357
FR004368,0,0.002741057367060946
FR018446,0,0.0026862549595032745
FR002647,0,0.012460553170628894
FR009038,0,0.006598188796825649
FR003771,0,0.012541978226699382
FR016602,0,0.005581863605048407
FR014969,0,0.0003226021646166261
FR013901,0,0.016936638883819726
FR014861,0,0.004502550396815924
FR013170,0,0.010754735527543012
FR018697,0,0.015842819945817408
FR016081,0,0.005788189568878788
FR005491,0,0.004210472680240328
FR008021,0,0.016478615100990357
FR005654,0,0.020925293428238765
FR018541,0,0.0036534261390161874
FR002375,0,0.009917435168347232
FR012433,0,0.003808511735847575
FR013405,0,0.16617262789403134
FR005816,0,0.026675531558164007
FR003567,0,0.026491292521694517
FR001093,0,0.004008260419499365
FR000300,0,0.004259686801248055
FR014403,0,0.007750951890523525
FR014184,0,0.006977963548811102
FR000246,0,0.016168878563053626
FR007335,0,0.004884196939957197
FR007611,0,0.0043528501883551085
FR002461,0,0.005450088679650564
FR017190,0,0.022638233433265903
FR013685,0,0.004661639251707918
FR009131,0,0.08784317717347606
FR004312,0,0.007320062130498517
FR014434,0,0.0111178424925912
FR009227,0,0.006144338604205996
FR002232,0,0.005444271805250846
FR016856,0,0.0042814972581263445
FR014104,0,0.007813901757821195
FR014835,0,0.008851719300393515
FR011917,0,0.01358524224222761
FR005468,0,0.00923674576939279
FR016127,0,0.008139923491104865
FR009767,0,0.0040401790092887135
FR000382,0,0.012491385769729213
FR004894,0,0.0027697157211947214
FR002279,0,0.03866607490391221
FR014725,0,0.005637681071863471
FR005454,0,0.013137510365732291
FR002826,0,0.010387604296978313
FR015278,0,0.0062459057350653805
FR016798,0,0.0032091492959609776
FR010006,0,0.018656055492938483
FR018453,0,0.006889197120647413
FR009263,0,0.007680826067028151
FR008874,0,0.004715464846136721
FR011828,0,0.0025072410844214194
FR014758,0,0.01276548382878162
FR013049,0,0.03654296901051161
FR013480,0,0.07647239966766732
FR012277,0,0.003179086042331357
FR010692,0,0.006823589732700337
FR019611,0,0.003959182004154476
FR014534,0,0.029847399937583327
FR004315,0,0.005912881955207638
FR013660,0,0.012003983648993272
FR018528,0,0.05334858891118326
FR018172,0,0.03091534178915321
FR004529,0,0.004445318548553834
FR019790,0,0.004525159392320763
FR015956,0,0.2929862800263073
FR004239,0,0.011140396986309123
FR011052,0,0.005812194375855311
FR010742,0,0.003402523620731255
FR001626,0,0.009740611683558597
FR014882,0,0.007124391597115777
FR000614,0,0.007069661324697077
FR001527,0,0.005646303583058971
FR015249,0,0.013979177163877277
FR012624,0,0.02534523804837883
FR011342,0,0.0030422401630196736
FR010899,0,0.003426098859297592
FR000733,0,0.0029720763410538767
FR010059,0,0.0041925831028351195
FR017440,0,0.003575111499830899
FR009204,0,0.00927939377524547
FR012326,0,0.01894059968301159
FR001075,0,0.006679337259521208
FR016763,0,0.0019116629398269658
FR018596,0,0.005134570541858661
FR008582,0,0.0032503441419534187
FR016294,0,0.020304446649390698
FR004042,1,0.49879490809575855
FR008130,0,0.006313221373846103
FR002211,0,0.004264283001021657
FR009994,0,0.009716288655606564
FR011126,0,0.04861149810846937
FR015335,0,0.012304925415624147
FR009840,0,0.006555446897925654
FR017847,0,0.008141048807173961
FR002452,0,0.01059808342728795
FR001694,0,0.0028579405129318474
FR006313,0,0.0179247132814284
FR013538,0,0.03732955934470459
FR002282,0,0.018986273441241642
FR003929,0,0.01721476184868423
FR015815,0,0.009532098519712538
FR006284,0,0.05160982488923114
FR000942,0,0.0033116895611137493
FR019982,0,0.01955359381120799
FR011662,0,0.006530967803109741
FR014851,0,0.03772863900784696
FR015688,0,0.016739936888414714
FR016424,0,0.023880346102993184
FR016608,0,0.006237182324712341
FR017849,0,0.01774354269844731
FR009152,0,0.008567202436573948
FR011415,0,0.0074128173788031255
FR002985,0,0.003273472019856288
FR000358,0,0.0027693046658391917
FR018036,0,0.03399151344763319
FR017431,0,0.0949105135657984
FR008949,0,0.03443791439663107
FR016606,0,0.005561355931952553
FR015821,0,0.03338104045024664
FR012946,0,0.009084049415455705
FR003422,0,0.007493646178561368
FR004590,0,0.0036598365147681605
FR003228,0,0.07137407420405636
FR018083,0,0.07922168004826387
FR009225,0,0.0060557137345691485
FR018853,0,0.01727504910727932
FR018490,0,0.0062087600566916035
FR010922,0,0.0045062276752902575
FR002778,0,0.01679204205251084
FR015204,0,0.0076793215815140065
FR018009,0,0.0048231390477012194
FR006593,0,0.05192378534301025
FR002136,0,0.005501556799922154
FR014828,0,0.0076026632917850995
FR003748,0,0.015593553014624081
FR002564,0,0.01725018923121402
FR009912,0,0.007677587920464569
FR016786,0,0.008280905058271537
FR000537,0,0.018897559703273583
FR014379,0,0.004058818542314157
FR013820,0,0.006054405465140509
FR017580,0,0.005243810732011131
FR002587,0,0.01513624178003963
FR018501,0,0.005906543361826468
FR006210,0,0.01520353831830938
FR002959,0,0.010992705104714335
FR015183,0,0.013256751438304815
FR015053,0,0.009919098883963749
FR019772,0,0.011279657159500446
FR014349,0,0.005662467304787183
FR016835,0,0.011411049894503852
FR011111,0,0.013704322911893682
FR005096,0,0.006779327342249986
FR000107,0,0.08342761357440054
FR017974,0,0.004129017564290003
FR002448,0,0.0026090451632427955
FR016293,0,0.008366366140396181
FR004858,0,0.002476024787775911
FR002846,0,0.019651431307749392
FR001445,0,0.01074324278765342
FR016454,0,0.021018367569510518
FR016173,0,0.023722264898127735
FR008253,0,0.008942503141187682
FR011548,0,0.00366107887617124
FR009386,0,0.03625150152645893
FR010119,0,0.0033517769555876415
FR000586,0,0.10600470175126069
FR015001,0,0.004944252658152786
FR008573,0,0.019576491479674024
FR003731,0,0.018360403836149203
FR014646,0,0.006425235212499884
FR007675,0,0.008120587331548782
FR019143,0,0.00027317302581573283
FR008703,0,0.0032895729259042983
FR013242,0,0.006464080829548556
FR001832,0,0.00581226825892519
FR001315,0,0.004121523126519097
FR015159,0,0.006750752914737188
FR002735,0,0.015250713123746618
FR010515,0,0.01100198564094046
FR002063,0,0.007611878680114217
FR017420,0,0.009339632994121248
FR000843,0,0.005069038154935067
FR003660,0,0.04290802902212482
FR009759,0,0.07944641784539805
FR009597,0,0.003656755406793445
FR015408,0,0.01563047612878596
FR008125,0,0.007483227140121665
FR003973,0,0.003246887305633091
FR008725,0,0.11670573024282116
FR011563,0,0.003928144635079148
FR015848,0,0.007262844532385233
FR015920,0,0.005235037359780589
FR014629,0,0.017699849593581722
FR001972,0,0.0026186679344868025
FR010214,0,0.005292267104672006
FR012059,0,0.009711598850769776
FR001793,0,0.0037728506746363424
FR005114,0,0.015438872464112874
FR001697,0,0.006068718690107333
FR004273,0,0.007318016856412433
FR017812,0,0.009120668706281856
FR007309,0,0.009001597953087625
FR013396,0,0.011936281206296848
FR006786,0,0.03590188503124405
FR002271,0,0.0064204859982463875
FR009631,0,0.012216509910510964
FR000676,0,0.026165510030909972
FR018177,0,0.03230821660395696
FR018075,0,0.06683217059177417
FR016861,0,0.013266698023810357
FR012971,0,0.009632898569749105
FR018705,0,0.003079429969017122
FR007441,0,0.002362070274663929
FR003441,1,0.014435775866921604
FR019895,0,0.0053877997527207845
FR016057,0,0.007376996277421478
FR005982,0,0.01228252809735983
FR014659,0,0.002526204243202696
FR012895,0,0.01222357560517974
FR003378,0,0.004355338745248477
FR011402,0,0.009199393104858695
FR002355,0,0.005464827548139301
FR006840,0,0.01162125342918791
FR012684,0,0.005987003034407219
FR002349,0,0.00738017137114965
FR016052,0,0.007630141272560444
FR019685,0,0.003654398279220193
FR017762,0,0.0032846075352548202
FR018157,0,0.01617760251321665
FR018907,0,0.008153980465834256
FR001707,0,0.019530902848602802
FR016276,0,0.004582043265456474
FR005440,0,0.008285339760768527
FR012150,0,0.0052574483766902776
FR002356,0,0.019432973596577325
FR002758,0,0.0053082594305069175
FR019463,0,0.0038833175833592874
FR009641,0,0.0071199823748156095
FR016012,1,0.01739949500369312
FR002816,0,0.0066048539437894805
FR003625,0,0.005573892104983637
FR000825,0,0.00819433083600877
FR005667,0,0.004850205485320516
FR014978,0,0.007080316892417837
FR014159,0,0.004939022013909591
FR009487,0,0.024557244063798254
FR006645,0,0.010792079963439873
FR006058,0,0.006559886858260383
FR007683,0,0.013501394811259499
FR010566,0,0.005720990367427189
FR019833,0,0.017406372814188702
FR005463,0,0.008707097735222455
FR013319,0,0.04950403596585886
FR010103,0,0.00024842722541094
FR001948,0,0.024220195335665138
FR000020,0,0.005573510890828429
FR010781,0,0.019883977792455567
FR016641,0,0.01094206237718451
FR013551,0,0.010141690640091879
FR016952,0,0.0058574568445740405
FR009496,0,0.004139593781305176
FR012672,0,0.011242588455441483
FR019854,0,0.004060961211408459
FR004382,0,0.006067434826144916
FR008368,0,0.006225912421926467
FR002149,0,0.0061470936415439735
FR014304,0,0.0414562266702925
FR006461,0,0.005248967577271265
FR012842,0,0.0034449853265186257
FR013095,0,0.005939959685297809
FR018188,0,0.006691454464310318
FR005295,0,0.0026195566930153325
FR003152,0,0.0025134651562697887
FR004510,0,0.003915287819861929
FR016764,0,0.1313977880331797
FR006350,0,0.004642500308701788
FR015385,0,0.034760053714391094
FR017271,0,0.00444966265128328
FR019107,0,0.015553651873224078
FR011743,0,0.01248078821665305
FR006868,0,0.0035724876844782038
FR001783,0,0.0061259659979453615
FR010814,0,0.006602003133874597
FR001699,0,0.013528013170277626
FR010996,0,0.011992062489880932
FR010102,0,0.03630849601868907
FR006778,0,0.011686708010692813
FR003178,0,0.00410735744797341
FR000759,0,0.02556813649758806
FR010962,0,0.02347718260086372
FR004771,0,0.006282950899445743
FR015664,0,0.008602064131018423
FR012066,0,0.019703470499057848
FR012155,0,0.006490062700556687
FR000407,0,0.00482524030495843
FR019316,0,0.00847560503939535
FR000892,0,0.0035790665670657994
FR014940,0,0.02673014924749581
FR017185,0,0.004111547231210777
FR015355,0,0.004978612248489822
FR011116,0,0.047084527808899435
FR005985,0,0.003732286275824653
FR010010,0,0.020994433817192557
FR009679,0,0.013977306938246703
FR009588,0,0.00026377051770635937
FR005909,0,0.003768172804530173
FR015377,0,0.04181017798135767
FR013006,0,0.007190207220215668
FR003700,0,0.02552285799923032
FR011464,0,0.00793186495250046
FR013892,0,0.016943597501902663
FR014457,0,0.009707367896905385
FR002046,0,0.007674559966181674
FR000857,0,0.005515663791648938
FR018894,0,0.04140405861004876
FR001467,0,0.005416516598175657
FR000073,0,0.004425090619840459
FR015135,0,0.021960368623934065
FR010082,0,0.017140816324793934
FR018314,0,0.003158465655660259
FR014765,0,0.01568088136108661
FR017556,0,0.006119835666889985
FR002371,0,0.03560017441188446
FR018212,0,0.00391367281098823
FR000142,0,0.009311655613334144
FR008169,0,0.004879051578547764
FR003120,0,0.004870529357467798
FR008555,0,0.003880488662558692
FR017163,0,0.01285302757906781
FR016280,0,0.010779362359955233
FR010181,0,0.008125721261288856
FR006396,0,0.0046895009621586445
FR019465,0,0.004441989116770201
FR002024,0,0.004556311842878057
FR008974,0,0.01916725619435022
FR008791,0,0.01180482551884956
FR017039,0,0.007034301142398045
FR012793,0,0.005792362077990418
FR001962,0,0.10357207447863674
FR002083,0,0.006094676613737206
FR015556,0,0.014323552872140983
FR013747,0,0.002916984297119042
FR016700,0,0.00658008947547728
FR012075,0,0.0040934524879019515
FR015322,0,0.017225357878844827
FR008891,0,0.007795432118082465
FR004102,0,0.003953672835381761
FR017982,0,0.0065490987531871886
FR000667,0,0.01470203239167745
FR007311,0,0.03118024428928368
FR014275,0,0.041598533509911106
FR000423,0,0.013324658674662988
FR010359,0,0.007673818721319409
FR010460,0,0.003595462900980529
FR007910,0,0.014158548003038493
FR015632,0,0.010847838261012892
FR013935,0,0.020491803201222705
FR012640,0,0.0027678088002464716
FR015655,0,0.009371754755183764
FR001866,0,0.007096426025757985
FR015132,0,0.01996646431939218
FR004817,0,0.06538752704444512
FR007471,0,0.007283659728895299
FR009769,0,0.010595052054454704
FR010643,0,0.0024586741070956298
FR011349,0,0.011783767993007281
FR004162,0,0.005852114419708149
FR003641,0,0.00843029019071566
FR017766,0,0.032182803417484744
FR001004,0,0.14194138503893824
FR003512,0,0.016803551090118527
FR015542,0,0.020831207577370676
FR016128,0,0.008476370011870661
FR012470,0,0.030123878417979907
FR007115,0,0.013610270556734324
FR018707,0,0.015275091178896546
FR012991,0,0.0218265778408233
FR002956,0,0.006833297359913305
FR018308,0,0.001825120292185594
FR018661,0,0.004482467877254801
FR017786,0,0.007605842005601775
FR006860,0,0.005860928404909447
FR000057,0,0.005801652257906158
FR009513,0,0.002535103842050487
FR010873,0,0.012912650001989892
FR016970,0,0.005783589865592335
FR006941,0,0.018372885482095758
FR002344,0,0.02702475546878315
FR015847,0,0.0053464919952719145
FR017509,0,0.015158432382733655
FR009254,0,0.007083529608501946
FR013807,0,0.002107497771069282
FR003315,0,0.05974707532467968
FR008704,0,0.006486272206079857
FR008764,0,0.002376441937011024
FR002202,0,0.0034346460244037286
FR013880,0,0.004134612154446326
FR000029,0,0.016894615280385685
FR009557,0,0.014160260008715925
FR000502,0,0.014668243238052677
FR016621,0,0.032145139960734655
FR019110,0,0.0056489867090362056
FR018479,1,0.8112439800015849
FR007330,0,0.00423600894557152
FR001116,0,0.15833734033024857
FR013187,0,0.010735597377674386
FR004360,0,0.05770560136232838
FR014239,0,0.01055661223867132
FR007650,0,0.04005125494275086
FR003566,0,0.00837180255428866
FR008680,0,0.009614306985005518
FR003339,0,0.01576523216501009
FR016653,0,0.007090252229552628
FR012597,0,0.002915468967670624
FR019291,0,0.011437674634868352
FR015250,0,0.01006440738619753
FR011068,0,0.024818870623631653
FR014261,0,0.004826720385046722
FR009149,0,0.004900638957182517
FR011857,0,0.015885029275771956
FR015504,0,0.002675903146220156
FR019224,0,0.013328946103831013
FR010272,0,0.005954986096778085
FR008147,0,0.00886402326728126
FR007129,0,0.019777044857572326
FR013030,0,0.007231466441000156
FR015126,0,0.02101253814612243
FR009853,0,0.00034047728297286075
FR014118,0,0.010702368326643466
FR001715,0,0.005877623233873287
FR001100,0,0.010327239469737152
FR012428,1,0.007155855688352197
FR015869,0,0.009718094960065942
FR013609,0,0.011008472651167759
FR013080,0,0.003895910653469416
FR019037,0,0.01571395611241833
FR010532,0,0.005370756270382235
FR017453,0,0.004900047792618362
FR011546,0,0.018430049638321653
FR017959,0,0.006441649955910557
FR011217,0,0.01933920757879951
FR002736,0,0.006549833232490084
FR018858,0,0.018536460203359705
FR010581,0,0.004426809891978243
FR019220,0,0.01251659012136005
FR004868,0,0.007470447058048453
FR007591,0,0.01704111797534696
FR017586,0,0.006900710134279763
FR011820,0,0.0037073641523679515
FR013321,0,0.005546551450761224
FR007070,0,0.006459097538964245
FR007378,0,0.03215868431150911
FR006711,0,0.006312782360095664
FR016137,0,0.005569338606931068
FR016941,0,0.035888344614985336
FR019322,0,0.011823444563097385
FR011043,0,0.018460987418323558
FR011008,0,0.013664243065014478
FR012934,0,0.010072798164255853
FR015217,0,0.026249724260666987
FR004499,0,0.003570377994055168
FR009061,0,0.005405282219323223
FR019058,0,0.023100228110738377
FR000461,0,0.3372301314936863
FR002591,0,0.00874327161433445
FR006035,0,0.007837048631423605
FR005136,0,0.003836226109658945
FR017193,0,0.004179531289724151
FR004750,0,0.009241169500770195
FR001057,0,0.004361944475997947
FR017988,0,0.009495946859352884
FR008013,0,0.04046230244325916
FR008189,0,0.008727707999195708
FR010085,0,0.0050349129050894495
FR015915,0,0.020271142799878947
FR019987,0,0.005484888145548484
FR000611,0,0.005016842130727469
FR004651,0,0.017951847301315885
FR001323,0,0.011189125903632724
FR005268,0,0.005009628621193041
FR011527,0,0.0027530363401317265
FR003959,0,0.017634940259945886
FR011319,0,0.03292776334252661
FR007506,0,0.009844199387542303
FR018872,0,0.008529307481768124
FR017145,0,0.02120331473162197
FR014908,0,0.013737103964950164
FR006712,0,0.00444407058888946
FR018571,0,0.004498018328693957
FR009925,0,0.02084888150103537
FR011487,0,0.01312777286438111
FR011386,0,0.0051416106311075295
FR015994,0,0.0063409002211670855
FR019386,0,0.020624542840747672
FR007528,0,0.008357220307165672
FR013951,0,0.007936958566351682
FR013716,0,0.01068547609341689
FR007575,0,0.022642912713162277
FR007714,0,0.027284909107755273
FR019542,0,0.003961156075763768
FR005108,0,0.0696964408307985
FR005025,0,0.05720640680702849
FR013300,0,0.0105174505476086
FR005561,0,0.0043014089020196045
FR004638,0,0.025278001723445676
FR010396,0,0.006570038176287717
FR011317,0,0.03626584211466141
FR017772,0,0.01104270697739968
FR014510,0,0.007515148942737203
FR009410,0,0.0030317989932700413
FR013978,0,0.08178284305421346
FR002115,0,0.008863303197706014
FR009697,0,0.019091376088637868
FR009624,0,0.007970086436862478
FR009303,0,0.01756379850328321
FR007353,0,0.006748972047365564
FR006430,0,0.0055100024142011
FR003174,0,0.007736672682906315
FR003911,0,0.07260826201100436
FR015790,0,0.0034229129398555633
FR018801,0,0.003675974817313327
FR018010,0,0.005467858472774284
FR007590,0,0.03082579700534316
FR015745,0,0.004910480826033257
FR011427,0,0.004732701286190642
FR003130,0,0.011564291796544423
FR012229,0,0.0032930132988026255
FR009394,0,0.01267009157485076
FR001593,0,0.008438724143247102
FR012177,0,0.01915333422924385
FR007144,0,0.06914098411938391
FR002381,0,0.01167748282413124
FR016306,0,0.028818589406064892
FR000120,0,0.024696815683325813
FR017855,0,0.010825542831182427
FR004723,0,0.005232895709819753
FR012615,0,0.015496212934289816
FR009956,0,0.016881251018692787
FR011566,0,0.0028906806024561076
FR013067,0,0.0043555939131114454
FR013183,0,0.010038724149060397
FR006120,0,0.013122226639865398
FR006061,0,0.014435025760463712
FR019651,0,0.0043320387683973005
FR010651,0,0.12733310677368634
FR005828,0,0.004996551824155701
FR008464,0,0.005831913116015625
FR004427,0,0.029775807294847797
FR007779,0,0.048388489310586834
FR018209,0,0.007116255603430234
FR014799,0,0.07450652827957334
FR004644,0,0.010656991792301805
FR019283,0,0.006864827359309173
FR003015,0,0.021490017017755787
FR019042,0,0.016484310908474038
FR014034,0,0.07809197496753029
FR015644,0,0.042894991066499084
FR008329,0,0.039062606323725664
FR001922,0,0.008182455939886764
FR011173,0,0.0032806923689436933
FR017558,0,0.009947619379037426
FR000028,0,0.011292679494391306
FR006005,0,0.004397643086573005
FR000317,0,0.017070310946574886
FR015324,0,0.009667163388100579
FR011975,0,0.011695958437940919
FR003640,0,0.0033387061668805067
FR018691,0,0.004147859714996306
FR004766,0,0.005783627175311552
FR007338,0,0.0066558059541836035
FR004198,0,0.003246463221120962
FR014626,0,0.010234686455292233
FR006011,0,0.0033675391896777237
FR015946,0,0.0066196100054433825
FR009934,0,0.005612111223528244
FR010419,0,0.02699194586206748
FR000045,0,0.017023946362013417
FR016340,0,0.011972915021927122
FR006975,0,0.03592649502938961
FR010731,0,0.00832212315518191
FR012148,0,0.008785189956606203
FR013444,0,0.01444598979894623
FR000215,0,0.016756256666866736
FR010503,0,0.004372948796147055
FR018623,0,0.009509936127837305
FR010080,0,0.006632212083582144
FR010886,0,0.004656955926781217
FR009745,0,0.040235464544811333
FR007509,0,0.00564117054046732
FR010127,0,0.009057000531181586
FR000670,0,0.011067567877991314
FR000876,0,0.007398995516632149
FR015241,0,0.018592473001566214
FR005847,0,0.004124265259181859
FR015189,0,0.023386042942728707
FR004236,0,0.002308018766281655
FR009548,0,0.012907231984047508
FR016389,0,0.015476502865597668
FR013180,0,0.04398811806065853
FR014473,0,0.0023901295987732783
FR015021,0,0.01843129684614622
FR002604,0,0.06524575513652184
FR019732,0,0.011926731088920122
FR006725,0,0.0729855629852336
FR002002,0,0.003472115898186589
FR003752,0,0.0032967784675608206
FR000395,0,0.008997755741750322
FR016926,0,0.0007610948554784814
FR004498,0,0.0331224639982561
FR012342,0,0.009287874275026805
FR003857,0,0.0026052116941104124
FR013136,0,0.0035551999009554454
FR019681,0,0.005174169873902012
FR002128,0,0.013447799555104492
FR013583,0,0.016273125815466027
FR010724,0,0.002709259466584467
FR004788,0,0.0023301876058904655
FR004581,0,0.0049529122717791975
FR002376,0,0.003923223574212593
FR013506,0,0.010937829717529204
FR018776,0,0.00048132474975484386
FR015272,0,0.01273078085802288
FR003694,0,0.009811911179078118
FR002774,0,0.016116022577673795
FR007896,0,0.009489130636451905
FR006028,0,0.005202233381618821
FR001104,0,0.017233837354530216
FR005966,0,0.00773241013752862
FR018098,0,0.005480517557266223
FR002859,0,0.003861693254551874
FR012272,0,0.06221415166276845
FR000165,0,0.005851603591760547
FR019972,0,0.013304498141290177
FR011707,0,0.014841476894754973
FR002207,0,0.04888721571254323
FR007512,0,0.007603075607606542
FR017680,0,0.020638541233549797
FR015762,0,0.003190756053542869
FR004911,0,0.007065174993767042
FR009234,0,0.009986919490336673
FR002291,0,0.020239359836190362
FR000174,0,0.029290784624169147
FR007598,0,0.005819770580065144
FR003127,0,0.02226413984704952
FR007606,0,0.005425631206875861
FR019247,0,0.007465813904278647
FR016881,0,0.005122605474740252
FR012928,0,0.027709143420537107
FR002802,0,0.009565499819700314
FR000866,0,0.0029732935930734013
FR005280,0,0.004094066924395736
FR019607,0,0.0038086845016902927
FR014263,0,0.01527355776545542
FR016933,0,0.00401851654962703
FR008483,0,0.007141777122703545
FR001899,0,0.019743733552630458
FR005081,0,0.004201867056998126
FR013931,0,0.00866771220102005
FR014037,0,0.00452814120117286
FR005529,0,0.022976966305556092
FR016452,0,0.003990646922929498
FR006174,0,0.03955647157293524
FR018055,0,0.014409420809298723
FR002720,0,0.005669919103441932
FR007363,0,0.11354675747509395
FR015833,0,0.004516825134611952
FR013934,0,0.007353923806676525
FR014819,0,0.025359831359617353
FR010199,0,0.007676959606012046
FR012233,0,0.005349746125435661
FR016630,0,0.007550257109892433
FR006571,0,0.003933538364026611
FR011320,0,0.005957979448487389
FR007456,0,0.010013910188616231
FR005598,0,0.027779870633086855
FR003132,0,0.008169363826353875
FR016387,0,0.020429164174141323
FR009847,0,0.003887025225275479
FR004775,0,0.005300813077474647
FR009558,0,0.0035274240320364515
FR018916,0,0.015213800539982529
FR002096,0,0.010401323864233985
FR019639,0,0.005865019953972001
FR009993,0,0.01150410654227918
FR006242,0,0.0035821967416072697
FR004478,0,0.0021390153640049032
FR010334,0,0.00964517739345581
FR008056,0,0.008067619987741888
FR003423,0,0.056089314832578875
FR011169,0,0.008210705633373866
FR006737,0,0.005423659895462667
FR009910,0,0.003326028061345979
FR000329,0,0.0031280465628987404
FR007644,0,0.0048192225708145854
FR002108,0,0.006367448438889669
FR015139,0,0.009899326838416338
FR018547,0,0.010045965387199688
FR006216,0,0.006983534060419634
FR001767,0,0.009980294989959513
FR008889,0,0.05470929906610278
FR014022,0,0.012321936000819142
FR017608,0,0.00590465212707209
FR018531,0,0.003606637414218117
FR014395,0,0.006777181078736005
FR009277,0,0.005035216803694925
FR001646,0,0.014410434795716126
FR005100,0,0.005294278021088575
FR011249,0,0.01664978982335562
FR018542,0,0.0028636833900304256
FR001143,0,0.007836006349804749
FR011288,0,0.0106374506743193
FR015525,1,0.09389969464870128
FR000397,0,0.008412083092803871
FR006189,0,0.0373530117122138
FR012321,0,0.01739853345380613
FR007655,0,0.006244656857486251
FR017442,0,0.004586440103653947
FR018927,0,0.0036372176714937164
FR019040,0,0.0028572646946830836
FR010341,0,0.004264463523885965
FR004251,0,0.00359532131239561
FR006646,0,0.00396156790588587
FR013291,0,0.01037708762208864
FR019223,0,0.04283799870310089
FR009535,0,0.012087062466168924
FR000366,0,0.01845392395554762
FR002111,0,0.03492641175103101
FR008457,0,0.02173808591153184
FR019059,0,0.008556825119972078
FR019315,0,0.0037136763048183905
FR016654,0,0.028352597063760948
FR015980,0,0.0034962294690571998
FR011730,0,0.011886034927706712
FR001929,0,0.002209907572351817
FR004056,0,0.002782611207227967
FR011656,0,0.0039108145596209514
FR017426,0,0.04358340801749753
FR011689,0,0.012916911384394722
FR009313,0,0.010757384840745421
FR015795,1,0.014155283817285666
FR019687,0,0.014084885819847003
FR016471,0,0.0040225652583443594
FR012522,0,0.04280726333337154
FR016673,0,0.005390362768521661
FR018744,0,0.0171340649329009
FR018073,0,0.004003784039871025
FR009016,0,0.018634714146768098
FR004235,0,0.01043932784488009
FR011148,0,0.00660799789702201
FR007407,0,0.026248085661109682
FR008518,0,0.006242894484116291
FR001766,0,0.007672140536931174
FR007653,0,0.002499024228680952
FR002780,0,0.011085120497515415
FR016103,0,0.0040524555085885644
FR019533,0,0.03081768842653558
FR018895,0,0.006101395429574892
FR004059,0,0.008265661015505863
FR001199,0,0.007243990324110478
FR009800,0,0.020589970292998003
FR016388,0,0.022257817674631558
FR007096,0,0.020700772840673193
FR007005,0,0.024414987630001942
FR018610,0,0.0042694031930632795
FR008925,0,0.0063638066520013345
FR002394,0,0.012334637875143264
FR002807,0,0.014181475031802128
FR003721,0,0.01917676525533368
FR008263,0,0.003664670417013244
FR015512,0,0.028938576905890353
FR015269,0,0.0015591701661352242
FR003716,1,0.01354547329632271
FR002586,0,0.002245654118267388
FR002542,0,0.020056818765400015
FR006525,0,0.02116333029232505
FR002176,0,0.015725411976826368
FR002453,0,0.005287669573253225
FR015000,0,0.01952114934902142
FR009942,0,0.01198895116645903
FR004118,0,0.059757955420567
FR005322,0,0.008019254408540089
FR016366,0,0.0368113122065373
FR000989,0,0.00962957600311023
FR011130,0,0.029213811973072167
FR007964,0,0.008521946735705655
FR019500,0,0.007964365369159954
FR003083,0,0.003287415661682183
FR016691,0,0.004491963491710912
FR012617,0,0.016539631541255026
FR002266,0,0.0051371256837316305
FR019820,0,0.009510019342655593
FR018076,0,0.03762901744933656
FR009571,0,0.011849323714740618
FR010993,0,0.006437256615044076
FR005187,0,0.0037805693854961963
FR005189,0,0.012032765448680123
FR013031,0,0.029403246649832866
FR016522,0,0.006125720643079503
FR015699,0,0.0021137982616696856
FR012251,0,0.0077829408559642365
FR003279,0,0.022817324396229577
FR013275,0,0.01890206990046652
FR012516,0,0.03846923137945533
FR013286,0,0.006378289196991026
FR010393,0,0.030893101589946122
FR002469,0,0.02161554182735902
FR006757,0,0.007000191277986522
FR003269,0,0.003947804491223623
FR012198,0,0.006050366665046978
FR004129,0,0.003204345996407166
FR019804,0,0.029167970157091692
FR008355,0,0.0031847950730274177
FR015271,0,0.0061731969590734966
FR008105,0,0.0071598692105762085
FR002270,0,0.006554508407593571
FR014027,0,0.0051126067490982465
FR004125,0,0.03032756318476672
FR001797,0,0.013627789914092678
FR016465,0,0.014712280501699255
FR016762,0,0.01516394762544053
FR014511,0,0.02454557022130535
FR013408,0,0.03354337943833366
FR000416,0,0.009664628850257142
FR000489,0,0.007885342863893361
FR014853,0,0.06992320411121551
FR005026,0,0.003900566198697882
FR003543,0,0.048100540375702557
FR016849,0,0.05654617157518682
FR003443,0,0.04072112984156993
FR016426,0,0.00769904931987114
FR004151,0,0.005825950198911097
FR019523,0,0.011430981692183553
FR001425,0,0.006716813947247556
FR019250,0,0.012097018010152992
FR002436,0,0.026103237075862745
FR019185,0,0.0035964985587437106
FR008312,0,0.006154484083620959
FR006390,0,0.004736362593154458
FR019183,0,0.008016037334692786
FR011507,0,0.012983425987247993
FR006149,0,0.02142022036292414
FR019195,0,0.031044395010686236
FR002773,0,0.0035613678906015835
FR017435,0,0.005896700592208513
FR015362,0,0.013853358339171213
FR006866,0,0.004571019037187961
FR002825,0,0.005374431899286704
FR019248,1,0.27018321541666307
FR016105,0,0.005451379845650817
FR009755,0,0.002723328591930009
FR012814,0,0.010565540076587126
FR006053,0,0.005426289628945186
FR014032,0,0.0034479122921691565
FR003963,0,0.014074098426723997
FR015934,0,0.03022547142062806
FR003996,0,0.03295496872441244
FR009429,0,0.0025145102650766305
FR002310,0,0.006996209657064586
FR018654,0,0.0090986881627659
FR009880,0,0.005867642402374996
FR014405,0,0.02758861889036747
FR017071,0,0.027151339039715283
FR006813,0,0.00033124864815981095
FR002417,0,0.04808003487380144
FR016860,0,0.005448026342048285
FR008027,0,0.005247409815940498
FR019249,0,0.007286602868423912
FR001686,0,0.0074396076047358655
FR000808,0,0.027021328326557948
FR012531,0,0.012483345953823763
FR016715,0,0.004869566661083267
FR019660,0,0.007358328178876518
FR017081,0,0.11421326914993901
FR018470,0,0.008203606152043812
FR015105,0,0.003178079501759182
FR012876,0,0.014489079666788543
FR007806,0,0.007500411551246968
FR002585,0,0.030756632820403956
FR009020,0,0.005250790671125918
FR012210,0,0.018487709386033353
FR005171,0,0.012593801329629966
FR018435,0,0.058277773128777466
FR018331,0,0.004862036646654634
FR006919,0,0.00801686138030498
FR002730,0,0.016988650126748866
FR009850,0,0.021567772387751854
FR008325,0,0.010019400067509643
FR011311,0,0.00891922737866871
FR006776,0,0.011125623980153295
FR012648,0,0.028601626306917535
FR010565,0,0.03183216657492525
FR014474,0,0.0035088611299966626
FR016359,0,0.022667634572228233
FR016253,0,0.0060780032154669796
FR009603,0,0.004169566719651851
FR005085,0,0.018597918368639218
FR008750,0,0.0033519515529064673
FR014831,0,0.004028235497674226
FR018015,0,0.013137463190987726
FR007566,0,0.01999821350871893
FR015463,0,0.008695892303367384
FR007726,0,0.0051677409432821135
FR010110,0,0.012222236692995048
FR002311,0,0.012615101510165339
FR001311,0,0.012173110894852998
FR000555,0,0.013377012704009069
FR001888,0,0.013110407567861282
FR012830,0,0.008885621585149923
FR008601,0,0.006923691696966688
FR016256,0,0.01826278404368947
FR014603,0,0.007061712281848359
FR014877,0,0.005994546607615639
FR010108,0,0.015321404418498693
FR005755,0,0.009296093042169535
FR015018,0,0.0029593545698431444
FR010151,0,0.002821874401439601
FR010746,0,0.0025691471668975742
FR013494,0,0.002104591574449991
FR018819,0,0.004755760050816205
FR018734,0,0.01274198988527172
FR018597,0,0.00608980197751777
FR004455,0,0.005780585125054564
FR003792,0,0.005036281045801312
FR008674,0,0.02205961807586253
FR018456,0,0.027148574182288016
FR003495,0,0.07212030808381507
FR001600,0,0.006935820719710275
FR012728,0,0.008454617766646846
FR003887,0,0.006850476380604119
FR007678,0,0.1770928359884485
FR014094,0,0.03575187212272002
FR015636,0,0.01015017067668715
FR007164,0,0.06553698702516511
FR008895,0,0.004172098363987834
FR004171,0,0.07321352746125186
FR005657,0,0.006502336847536076
FR011340,0,0.027087265408095234
FR010009,0,0.0056125684914400875
FR002067,0,0.011264952648703128
FR001082,0,0.006971993698179527
FR017144,0,0.0029906059738601816
FR002101,0,0.00497728004349398
FR008331,0,0.020279157020292368
FR008413,0,0.005867910133117718
FR004086,0,0.005827407518600042
FR014126,0,0.01963430164205178
FR009856,0,0.006259088848897352
FR005812,0,0.005304107548513921
FR019280,0,0.003508372688230892
FR018743,0,0.04115498093608647
FR011643,0,0.05644743992063061
FR010891,0,0.010287611994858318
FR013815,0,0.024833006828772302
FR007628,0,0.012790025288195677
FR015190,0,0.017177625185169583
FR018099,0,0.013629142646450708
FR002661,0,0.005278601698828458
FR009640,0,0.010175564862559607
FR017407,0,0.0025543710787907345
FR007813,0,0.006553032788919908
FR016532,0,0.007535214865855963
FR014759,0,0.11949871802935125
FR010446,0,0.021813541709882218
FR006081,0,0.012735952221583427
FR000092,0,0.008569764952109177
FR009564,0,0.011239646019159834
FR013252,0,0.0022460832376384257
FR000772,0,0.016519508887276296
FR018467,0,0.015708464768976804
FR018755,0,0.007283921570091438
FR003292,0,0.00796037966384947
FR019394,0,0.022182447759956203
FR000938,0,0.03372081931934873
FR009189,0,0.029145278912122496
FR003679,0,0.007264796220157026
FR017401,0,0.02954090685867064
FR007557,0,0.007387554519621399
FR011277,0,0.013669179688006008
FR016775,0,0.04871745815869347
FR017111,0,0.0041112234787992
FR005156,0,0.0035952974987730466
FR006947,0,0.009493044307369688
FR011819,0,0.005636529366289527
FR002987,0,0.012556350656447092
FR005943,0,0.006298638975945092
FR007088,0,0.01888623261524804
FR009357,0,0.08493089626652688
FR000032,0,0.012348580771744944
FR007708,0,0.0051274500208657444
FR004430,0,0.02572930601994032
FR009284,0,0.026994072850021453
FR002513,0,0.01937010902865707
FR016818,0,0.008865138835523036
FR008934,0,0.013628101771214457
FR004895,0,0.019222209741755026
FR009855,0,0.0035976546527130607
FR005992,0,0.003094179937340309
FR019279,0,0.00840407032503467
FR011094,0,0.008024179475939875
FR003477,0,0.04474663640420177
FR006417,0,0.013030291544003786
FR018533,0,0.009805747639290504
FR012987,0,0.02727175496263631
FR004078,0,0.0028172038111862873
FR013517,0,0.003269071941881674
FR017867,0,0.00396370571563705
FR016433,0,0.006014760499990949
FR014427,0,0.004975831397328271
FR000439,0,0.02178487156967247
FR001037,0,0.007910874242567966
FR007588,1,0.012538139632202792
FR016461,0,0.00428874349170153
FR005418,0,0.006626252671880638
FR002442,0,0.005559541012165642
FR019407,0,0.006580020164699385
FR005764,0,0.012117785528422726
FR003687,0,0.003403854730275371
FR005150,0,0.11716806265928288
FR001803,0,0.4072734240490529
FR010142,0,0.0048110571936490236
FR018960,0,0.002996652217158873
FR019682,0,0.004350531475981043
FR012923,0,0.004403170517318289
FR009453,0,0.00826372477755236
FR000713,0,0.003939300534008407
FR005230,0,0.01787712550737907
FR001769,0,0.015173810709760269
FR017364,0,0.008775100036479062
FR001139,0,0.01833261852601264
FR009979,0,0.006520946853855213
FR018979,0,0.025992991521146553
FR007430,0,0.0066791012683013835
FR003475,0,0.0034617539452853146
FR016351,0,0.011226515322891277
FR013821,0,0.006673306642960053
FR014900,0,0.012565449307969927
FR005221,0,0.010672703580148102
FR007736,0,0.03591954562016528
FR019866,0,0.1628254655455081
FR002150,0,0.014744274763019946
FR018666,0,0.004307469695866729
FR014399,0,0.009716854093651422
FR003259,0,0.447269707035104
FR019897,0,0.003266594797584108
FR015297,0,0.010334353375961171
FR008174,0,0.02102832556323384
FR009612,0,0.021034483298181365
FR001573,0,0.010188815068453577
FR005607,0,0.006269658665040884
FR017886,0,0.006586975155433509
FR000250,0,0.01727817168950779
FR010161,0,0.004485233852627754
FR013032,0,0.006673230016543974
FR008319,0,0.02160894664850474
FR008718,0,0.002468094506737125
FR013162,0,0.008529444695824602
FR016968,0,0.004552217492621544
FR011441,0,0.04490620002462631
FR019532,0,0.04706797668056889
FR007782,0,0.005518142202490208
FR019328,0,0.13109847822900852
FR009747,0,0.006106497667628288
FR007995,0,0.021537704526657143
FR014219,0,0.03200871973898152
FR001545,0,0.011471321160038376
FR000127,0,0.0057651396215514196
FR000464,0,0.016755688147480637
FR009848,0,0.007131034600891358
FR012658,1,0.4989104821034127
FR010661,0,0.010843970524974503
FR009119,0,0.007845042055214068
FR002132,0,0.020969842582674942
FR003604,0,0.0051998454701971675
FR019976,0,0.03203947486295691
FR007006,0,0.008260495424474889
FR006773,0,0.005802756030934285
FR004282,0,0.005522984999616731
FR001337,0,0.004826098093299349
FR014416,0,0.012626369758379573
FR016047,0,0.022261894244475642
FR019064,0,0.010317227435604703
FR005339,0,0.006635207970283445
FR013099,0,0.012226911756002169
FR013222,0,0.004590769167097956
FR011913,0,0.0144158061998615
FR000821,0,0.037345875824587156
FR000163,0,0.122523364544883
FR007709,0,0.003643509079723477
FR017554,1,0.01776584484869265
FR006700,0,0.006808604338903279
FR007012,0,0.007647756954847418
FR015439,0,0.0027583086984539055
FR017205,0,0.005085456459889699
FR019975,0,0.005542743239157711
FR003833,0,0.012358502308714171
FR003363,0,0.0033716345574046117
FR004726,0,0.005710113287528543
FR016693,0,0.03809569179395756
FR012408,0,0.004452689639941672
FR009473,0,0.012555052731107552
FR002501,0,0.01129244097382906
FR017393,0,0.006682919896433683
FR005705,0,0.012213520427951423
FR017285,0,0.005189778238701135
FR004677,0,0.037375737926721886
FR004621,0,0.08826487093241799
FR019161,0,0.01561703451449699
FR012587,0,0.0028397375434729886
FR002340,0,0.002687503078683125
FR008998,0,0.03689512496452958
FR001055,0,0.028056517893442906
FR012731,0,0.07436759225974086
FR010227,0,0.008575811593879337
FR004715,0,0.04099531787826469
FR019826,0,0.008100014144420058
FR006729,0,0.005327457220826624
FR016677,0,0.0312903722642928
FR013826,0,0.0049946670520188245
FR012882,0,0.009486583175143684
FR006259,0,0.006763353957794535
FR010955,0,0.0045648954461179015
FR001691,0,0.010062213879076286
FR007866,0,0.004425370429617266
FR012631,0,0.007023772985943256
FR004800,0,0.026179301480120126
FR009034,0,0.00789113896596636
FR017892,0,0.024548963659611543
FR017585,0,0.0035824198796458595
FR017881,0,0.002566563044735294
FR000175,0,0.00554445243845962
FR007354,0,0.007868063391965822
FR015672,0,0.030349919857040913
FR018195,0,0.008748812845057964
FR014730,0,0.024086917673806645
FR017745,0,0.01880923312064216
FR017097,0,0.007552543593700147
FR010459,0,0.010551062651197556
FR019563,0,0.019077539907862814
FR014317,0,0.006205444276468505
FR008327,0,0.012924770236562489
FR014154,0,0.01445046961438109
FR005154,0,0.018762925916976293
FR006345,0,0.004199471685156836
FR009869,0,0.003581764672263619
FR009285,0,0.0058304485060146375
FR012547,0,0.006281220657072023
FR019684,0,0.008998084710804106
FR010501,0,0.007413936405778587
FR002771,0,0.004176601762813575
FR019524,0,0.008508100223392143
FR006828,0,0.02033148320279132
FR006740,0,0.020819685689241568
FR006143,1,0.03627933042249575
FR017423,0,0.017677560678043647
FR002269,0,0.005487085640007043
FR007101,0,0.006063910152467202
FR006774,0,0.0038095199822875615
FR004794,0,0.006260090030935057
FR006680,0,0.0025669464145675366
FR017824,0,0.017823499218233844
FR018546,0,0.00943128916854468
FR019411,0,0.0032430450544593237
FR019034,0,0.0409534480936766
FR003035,0,0.006812586830256639
FR019001,0,0.006804812981558457
FR001541,0,0.005142569941134228
FR006335,0,0.006132943453694637
FR013858,0,0.011945009499809133
FR002582,0,0.04663520517454408
FR004443,0,0.006062099186768755
FR008104,0,0.0047938766978487925
FR005849,0,0.012284464627103068
FR008297,0,0.005628400047412348
FR017659,0,0.008011725854144029
FR006136,0,0.024348956427809862
FR006498,0,0.0034005368692162073
FR015387,0,0.00741449212405703
FR011201,0,0.005770066685246667
FR017916,0,0.006095643782210711
FR001357,0,0.0036490118591848003
FR013534,0,0.007491482814911518
FR018759,0,0.007043209410984294
FR015426,0,0.00270476671724793
FR001925,0,0.010591188925231637
FR006842,0,0.010263583788349078
FR013907,0,0.003409430079750652
FR011826,0,0.015665046005468797
FR016147,0,0.005875194533299735
FR008484,0,0.014080245382448028
FR012458,0,0.006690402586552364
FR017155,0,0.01714679262017225
FR012820,0,0.006341737605328989
FR011542,0,0.003734904736806185
FR009500,0,0.003706706872635601
FR011866,0,0.008576133332891268
FR009464,0,0.012164534845268781
FR010206,0,0.006674430898650375
FR003099,0,0.031566642239588334
FR003126,0,0.08852463030461181
FR007391,0,0.004829933841208541
FR003949,0,0.004800829316923465
FR013091,0,0.011508683218382146
FR004806,0,0.012819192155383186
FR015633,0,0.005442845914550638
FR012125,0,0.011434126292730494
FR015652,0,0.02784424982798368
FR019599,0,0.026421314712005723
FR009990,0,0.03302304204049573
FR008576,0,0.004509469340093608
FR005196,0,0.021916958829387365
FR019359,0,0.008287690444199419
FR013078,0,0.004642028926424403
FR007326,0,0.01659354856329603
FR008759,0,0.013552462758718109
FR008418,0,0.00785457038619994
FR004490,0,0.03440475458295613
FR017597,0,0.05266666111459629
FR018451,0,0.03674352881485644
FR016718,0,0.02753902039632093
FR007071,0,0.014277429852132435
FR010076,0,0.006307063727002173
FR000600,0,0.49613488399766076
FR017258,0,0.020874276244443435
FR008594,0,0.00437969811478203
FR012627,0,0.003714092872188281
FR003608,0,0.009090021062818561
FR001869,0,0.010028512733186721
FR006353,0,0.10833498569573334
FR007261,0,0.012275831334354649
FR002627,0,0.005446087570341704
FR010426,0,0.035880127243158144
FR017863,0,0.010847761898320438
FR006089,0,0.01271470837979601
FR015384,0,0.002698053419113847
FR004310,0,0.00468541672679414
FR005270,0,0.004438305844358614
FR007940,0,0.003621830860134137
FR018814,0,0.01372588631557276
FR005815,0,0.021030060916469695
FR002233,0,0.009412934808680351
FR003169,0,0.021110447468427617
FR004402,0,0.0029179216795433872
FR014193,0,0.015342725590635339
FR017148,0,0.02337114283413876
FR005858,0,0.006447832388590769
FR019554,1,0.13325965361388223
FR002484,0,0.01739590437072861
FR013947,0,0.00618092205484821
FR011701,0,0.0069233331552709665
FR012452,0,0.018264223740291862
FR010827,0,0.0037000876981015895
FR018164,0,0.004835824916155974
FR005072,1,0.6216101025135703
FR003932,0,0.02180043508921577
FR010434,0,0.059392717835856514
FR010226,0,0.005519333805002954
FR003222,0,0.00455511280078552
FR014856,0,0.02636682129541335
FR003997,0,0.008579424332092288
FR018265,0,0.00884722875370088
FR000788,0,0.012242659788241872
FR010627,0,0.004824496387701168
FR005252,0,0.014560571914833578
FR004594,0,0.0033781923450289983
FR007888,0,0.006204996123094127
FR017635,0,0.014476697223838353
FR006624,0,0.008580516606414415
FR015647,0,0.005474673514012322
FR011806,0,0.008322259539904921
FR000900,0,0.007435701927112066
FR009286,0,0.005520300791614961
FR013076,0,0.01041879722613199
FR002801,0,0.0065912743831874785
FR003466,0,0.02485128799830096
FR012583,0,0.00980413871653005
FR006316,0,0.019413713146409283
FR001666,0,0.012410833503780756
FR002702,0,0.002745310643807851
FR014384,0,0.04271752618635418
FR017778,0,0.008435189218531593
FR009636,0,0.0072314769395552085
FR004770,0,0.028317275641514584
FR011537,0,0.005964671840103207
FR015224,0,0.013585503089069847
FR009298,0,0.005356054373895073
FR019785,0,0.00579901415075901
FR009311,0,0.008499623520538221
FR011005,0,0.01556675422719483
FR001735,0,0.0599723670542722
FR011547,0,0.0070064839600586975
FR010308,0,0.01813166024850227
FR006663,0,0.04294326268865092
FR005810,0,0.0066506140815895615
FR018417,0,0.009324556442140622
FR011728,0,0.0392776533059945
FR008251,1,0.011539080419364212
FR005641,0,0.07819643278866964
FR011835,0,0.021702272802453283
FR009724,0,0.007008148847843944
FR017294,0,0.00552802690022368
FR004069,0,0.005172581559872223
FR012871,0,0.01286509017045818
FR005973,0,0.0044659687930196776
FR001547,0,0.007253080832808863
FR005600,0,0.02981767200455142
FR005035,0,0.005855137355157829
FR014692,0,0.006879068120949951
FR002974,0,0.007186507693486592
FR012124,0,0.006969155163694483
FR003029,0,0.00810920127476051
FR002744,0,0.01906660224976204
FR016533,0,0.001857768836225724
FR013841,0,0.09027184518348252
FR001181,1,0.06068056916044454
FR018134,0,0.014722278024136356
FR012888,0,0.0047053144158245045
FR011513,0,0.03016073318114774
FR003575,0,0.008075407673555761
FR015483,0,0.003947571880413059
FR004678,0,0.0034164449627628883
FR018080,0,0.006243069063341103
FR008967,0,0.006281184074964213
FR015960,0,0.012524885204501976
FR002707,0,0.006494770521189956
FR005155,0,0.0028797685672168095
FR013619,0,0.007748912069548597
FR008983,0,0.004934320379962514
FR006660,0,0.004173820765934577
FR001872,0,0.0635551689296155
FR006880,0,0.006520441905951317
FR017517,0,0.0312225130533208
FR007681,0,0.0562010124902074
FR004351,0,0.07381441342988594
FR012629,0,0.022516736883557428
FR010090,0,0.00510035882269838
FR000021,0,0.0030712022610703596
FR016515,0,0.00800112713016061
FR014056,0,0.008740122526137246
FR011554,0,0.009312526070805767
FR011114,0,0.011844375611624164
FR016445,0,0.01335211826109161
FR016086,0,0.009073617073847804
FR000234,0,0.005177686949286854
FR016634,0,0.0004604631774926626
FR004484,0,0.0043508033467725025
FR013079,0,0.02355725041696624
FR007038,0,0.004164215996713912
FR015302,0,0.001957478239798053
FR007329,0,0.023693771589318235
FR016498,0,0.017236688154905862
FR013801,0,0.006310177807298146
FR013981,0,0.004036206519656976
FR003262,0,0.04314881662906873
FR003395,0,0.0025498038181336327
FR005388,0,0.021368968473790623
FR002095,0,0.0033152895748750112
FR010269,0,0.0067571566443510945
FR019300,0,0.004711410911442726
FR011219,0,0.004073726916669297
FR016613,0,0.017034036632020938
FR013811,0,0.006566438867787916
FR002965,0,0.030185016019083608
FR007641,0,0.003589335397975632
FR008300,0,0.004121987297870576
FR010505,0,0.01013347307877372
FR015682,0,0.009686131484163635
FR000677,0,0.027505518334944423
FR001312,0,0.0036339333395767927
FR007920,0,0.0045269550016992545
FR001532,0,0.005976825912925441
FR015574,0,0.01502025932187013
FR013972,0,0.0034316990508559443
FR004456,0,0.005348961651599787
FR010282,0,0.004553472231873328
FR010469,0,0.002872215393231587
FR011045,0,0.05479386520986531
FR010900,0,0.005366043830790901
FR001528,0,0.0028048511420018796
FR000510,0,0.005499494155929231
FR011586,0,0.004946661306401898
FR018492,0,0.004879300704203854
FR019005,0,0.004436022630001315
FR010182,0,0.006072985852998716
FR017611,0,0.00765953249386955
FR013864,0,0.00445585585357347
FR017065,0,0.010173814323976725
FR001720,0,0.005641016038663211
FR007283,0,0.008659786910071183
FR009807,0,0.028007886270444107
FR016044,0,0.003394862827070778
FR003093,0,0.005147721971379003
FR006487,0,0.011987254707357092
FR018152,0,0.0027154122426107305
FR015181,0,0.061393864851110404
FR007672,0,0.0303408083355655
FR015007,0,0.002692600256154779
FR015786,0,0.004185695861086608
FR010579,0,0.008829447164621577
FR013257,0,0.007124258488541445
FR009732,0,0.025054086222957545
FR018029,0,0.0025782209613879714
FR008957,0,0.00774779301683538
FR012183,0,0.008104519092115535
FR019991,0,0.008681802925666268
FR010495,0,0.03663466629118919
FR011726,0,0.006734594589830921
FR000846,0,0.006183155519910793
FR002795,0,0.0045821194341303184
FR009309,0,0.031125497757735182
FR015072,0,0.3073948797934116
FR001214,0,0.005121412467877446
FR008796,0,0.009758320351748234
FR013225,0,0.01851853759592703
FR001299,0,0.009837793916047903
FR006411,0,0.005430481363902447
FR015590,0,0.019003449771794186
FR010844,0,0.011364552349682524
FR005588,0,0.018573375102894214
FR007235,0,0.05343607209402026
FR014857,0,0.028450884777976897
FR010903,0,0.04795324053509914
FR010070,0,0.005348078650166804
FR001400,0,0.021439691132775513
FR009692,0,0.0031093012462851647
FR005999,0,0.010801278764636699
FR003437,0,0.010056619781973275
FR003923,0,0.023241207106069306
FR014670,0,0.011900306998656731
FR008447,0,0.0752125274530081
FR019139,0,0.028896352883848914
FR015111,0,0.015097657295597295
FR007444,0,0.23407914436275953
FR001304,0,0.025353513298114732
FR001020,0,0.015601552995843135
FR017698,0,0.00821454294758235
FR009904,0,0.04316942389720995
FR013944,0,0.004930066914289116
FR000993,0,0.005841436584175648
FR011061,0,0.009640245472843029
FR001355,0,0.004280598572465561
FR003333,0,0.011952406398057674
FR001556,0,0.003884104703700438
FR017697,0,0.005023562397114603
FR009395,0,0.003733588540221405
FR012966,0,0.0037413959143162688
FR013873,0,0.02360641209138654
FR007241,0,0.002765893336077161
FR002750,0,0.014187049367393864
FR013579,0,0.008650832645604385
FR012252,0,0.006883781331092483
FR004935,0,0.005604967341546328
FR006052,0,0.006127889400076873
FR010633,0,0.01732934262969491
FR012504,0,0.008716302393860453
FR010978,0,0.009038599399511692
FR013043,0,0.022187033175018644
FR004192,0,0.004396708232857421
FR012247,0,0.015072685403037278
FR004722,0,0.009873823158493424
FR014958,0,0.004203809931939695
FR008685,0,0.011016183072018917
FR003042,0,0.013119715321858433
FR017332,0,0.005184551718880647
FR010892,0,0.022623131887332112
FR018587,0,0.011067118172340138
FR000588,0,0.007706100602883875
FR012176,0,0.02241298102326676
FR017237,0,0.0062727223309433635
FR008094,0,0.013903473037551512
FR014500,0,0.012279713823916372
FR009554,0,0.01612014847873987
FR006310,0,0.00909026491186756
FR017288,0,0.006668434294459415
FR009482,0,0.007308433430451238
FR013594,0,0.0030639259759987114
FR005370,0,0.004116208219720429
FR006456,0,0.003728993980356952
FR005413,0,0.12373109657391433
FR016507,0,0.0073109025076646995
FR002599,0,0.012157942310078178
FR000204,0,0.03656764667614908
FR009527,0,0.007384236324262452
FR017307,0,0.0030278802634253164
FR002200,0,0.014049185905150445
FR011639,0,0.0042791009170565775
FR007504,0,0.0185735942805846
FR000426,0,0.024103744529150053
FR007637,0,0.005164209002754251
FR018022,0,0.00405881614935785
FR012062,0,0.004123688932943251
FR017284,0,0.00754543186234601
FR006617,0,0.009450579272913746
FR017414,0,0.007087055284718334
FR015290,0,0.009488786242981249
FR004978,0,0.005860716540858224
FR006905,0,0.026932734102176142
FR012114,0,0.0063738434031349114
FR017934,0,0.016983906831747716
FR000823,0,0.01468939027893674
FR008172,0,0.00829195995443756
FR001481,0,0.007803959761831086
FR004332,0,0.011334351145574505
FR007013,0,0.004046613236740046
FR000837,0,0.013698190660981512
FR006582,0,0.005152020145263063
FR005365,0,0.012045883963964587
FR010379,0,0.002354632653427507
FR016224,0,0.012308076140280573
FR003268,0,0.009694968771749373
FR004165,0,0.006577259304057642
FR011440,0,0.019074319555640182
FR009467,0,0.005836487363330793
FR009306,0,0.010287117340947014
FR005003,0,0.006068584941572288
FR008864,0,0.00498363386232465
FR012429,0,0.041581482090140676
FR006500,0,0.020236514272452336
FR012598,0,0.018635976342242754
FR000126,0,0.0047600743428951224
FR013071,0,0.0060596681782726465
FR006772,0,0.00827477403860954
FR019498,0,0.005685474657296335
FR017699,0,0.0294225865857999
FR011628,0,0.005027050125095672
FR011182,0,0.0035723255626690324
FR012840,0,0.20227003401923802
FR014960,0,0.009514045782008379
FR002142,0,0.019914100996602555
FR014517,0,0.023499560128062046
FR011986,1,0.16822134301811828
FR001498,0,0.012141234446630553
FR016182,0,0.005016880301159787
FR007560,0,0.004388152379589586
FR012899,0,0.005936531543933781
FR012180,0,0.01065364654809548
FR005795,0,0.03849378574462683
FR008736,0,0.03069413643217749
FR005019,0,0.12811509204547816
FR003881,0,0.009210473854636872
FR014458,0,0.004223358796715349
FR011889,0,0.023635416374975095
FR017142,0,0.020848996903053852
FR001327,0,0.004997125614383376
FR009913,0,0.008583351076996976
FR004066,0,0.01888840070675037
FR012446,0,0.009720314831835733
FR002109,0,0.014845940508694672
FR009611,0,0.004745640893734075
FR001663,0,0.007087581455843379
FR000672,0,0.008249177179445136
FR015703,0,0.00536558204891758
FR007573,0,0.0051375238250248425
FR013339,0,0.003922028449945217
FR013268,0,0.006836615105473633
FR015237,0,0.005603469057891657
FR015432,0,0.010791184700382527
FR004392,0,0.05735093998422469
FR002362,0,0.0004488944426997667
FR002386,0,0.015930016891475562
FR010342,0,0.07236713819337885
FR004801,0,0.028659614786982646
FR001723,0,0.021462759972759742
FR006932,0,0.008696858344229145
FR013309,0,0.004071219897813503
FR012527,0,0.00421725411648285
FR018912,0,0.012252092404210846
FR017021,0,0.01642879720645413
FR015304,0,0.005871206566145676
FR015492,0,0.015395420504218113
FR017956,0,0.012310927292082855
FR002799,0,0.013533811147144607
FR013117,0,0.04462783918403474
FR000542,0,0.014127502657016929
FR003024,0,0.012041286685938271
FR011807,0,0.0012874637127701426
FR008088,0,0.009128104015146033
FR007233,0,0.010505316421464515
FR019281,0,0.005552702621944162
FR001862,0,0.03351103670286903
FR014551,0,0.02022184768578971
FR013192,0,0.013967900409553799
FR001656,0,0.01677024280973619
FR009266,0,0.0023971313302285067
FR006102,0,0.00394811917832712
FR014945,0,0.028910342310644724
FR017343,0,0.019793068475613147
FR008145,0,0.025577106384158523
FR015039,0,0.02027136583955424
FR016088,0,0.006913862554407633
FR018460,0,0.012685926678919284
FR003885,0,0.0117677870085367
FR005655,0,0.0055703639212436
FR005793,0,0.010112201049748139
FR006733,0,0.007203252026436136
FR008844,0,0.005654194422031195
FR009673,1,0.04063363096661096
FR017861,0,0.005289744783781562
FR008476,0,0.006008247691654699
FR017161,0,0.003658200509192438
FR001444,0,0.02343619112520801
FR008651,0,0.005714634534407959
FR012866,0,0.021209413694077205
FR000941,0,0.006946408638408477
FR001955,0,0.02466672979187179
FR009871,0,0.00917290419500266
FR001991,0,0.008652901649328247
FR010528,0,0.00475924576799886
FR008230,0,0.004352525831569378
FR006902,0,0.011059541500829625
FR008881,0,0.009626070894720768
FR004220,0,0.029453960514284557
FR006887,0,0.005764823018494685
FR005723,0,0.00802658512387173
FR015661,0,0.013259031311124497
FR013469,0,0.02277268814594512
FR000945,0,0.004882166488826865
FR009165,0,0.23558703972877673
FR015418,0,0.004637070858439366
FR008414,0,0.004454550284508185
FR007160,0,0.004925462346609536
FR006644,0,0.004698258397339539
FR019849,0,0.006590394203517892
FR009534,0,0.004016983449475385
FR014943,0,0.007832393827755265
FR005516,0,0.10761383501135725
FR016989,0,0.0026999093238815612
FR001273,0,0.008814034950057725
FR014487,0,0.02555034157934714
FR007174,0,0.018430428346249594
FR012994,0,0.04057350812021823
FR002419,0,0.020535714352381065
FR006496,0,0.015332093513009853
FR000478,0,0.013459270423023006
FR002090,0,0.017734117638891298
FR015773,0,0.010034532409987912
FR003043,0,0.007407249603476084
FR016203,0,0.027061207629228323
FR004583,0,0.006285501731255861
FR015923,0,0.02756268766422415
FR010499,0,0.004410232406975522
FR019691,0,0.012304214439363706
FR014657,0,0.019134704664530613
FR010837,0,0.008779048589459252
FR006111,0,0.003998488887564088
FR007387,0,0.023769566073355963
FR012534,0,0.008349546532338747
FR004260,0,0.016512741004399117
FR019947,0,0.01487769493745321
FR000621,0,0.00999593688340056
FR017481,0,0.011356169154761642
FR004463,0,0.009143034488101396
FR002434,0,0.006668675034271078
FR004580,0,0.005180388182844768
FR000149,0,0.003413175837667046
FR007981,0,0.004087123378023322
FR014810,0,0.031778850238594857
FR014547,0,0.005727818722832311
FR009811,0,0.004501419044687898
FR017598,0,0.010777236632131515
FR001064,0,0.014340422388822688
FR007453,0,0.003209699366125725
FR004799,0,0.0024514810654891663
FR012035,0,0.033049889589712424
FR006154,0,0.024882157588749853
FR011787,0,0.007290529840744687
FR000470,0,0.005658614965171453
FR002929,0,0.0052776519989886405
FR016629,0,0.005327505328527174
FR019569,0,0.016747411624901617
FR012327,0,0.007741669578170633
FR006584,0,0.018014427670527685
FR005619,0,0.013082869301156888
FR017244,0,0.006779490935942025
FR004444,0,0.000650451969316375
FR015827,0,0.008060127162947739
FR009486,0,0.0041296179385374105
FR011021,0,0.006796476170981332
FR012113,0,0.0031562533969655662
FR014171,0,0.002714324405296262
FR006604,0,0.0054567012771153155
FR015709,0,0.0075477572171218366
FR009153,0,0.006190109852744108
FR005062,0,0.023174803044782213
FR015011,0,0.0032315195222494472
FR015394,0,0.007829734464821311
FR012448,0,0.005611762587001332
FR015445,0,0.004501999012888562
FR000229,0,0.004328875552614977
FR008014,0,0.01584504301566993
FR013069,0,0.01996508028503609
FR000986,0,0.0040611188108093
FR000254,0,0.00522766553943742
FR002366,0,0.002293316706885887
FR015427,0,0.01169885638831567
FR008204,0,0.06233675510286959
FR009965,0,0.009198822562320115
FR009114,0,0.004171508852386
FR002332,1,0.013628598624480981
FR005739,0,0.020441393508247183
FR016768,0,0.007459783640224665
FR018355,0,0.006203381018160418
FR016937,0,0.00913474207985287
FR005188,0,0.0025170009575220887
FR005949,0,0.008298210347137739
FR012017,0,0.004061615033180391
FR015692,0,0.004317064981280004
FR019370,0,0.019764615258697712
FR014794,0,0.022202757639178908
FR018770,0,0.01343341277682882
FR004533,0,0.16305912800458297
FR004026,0,0.016342674447919262
FR006755,0,0.008179607412797817
FR000037,0,0.004343171828758823
FR019045,0,0.005422695993944788
FR010743,0,0.00496159314070541
FR012698,0,0.005378651120865583
FR006583,0,0.015276503163036713
FR007470,0,0.010887209239672282
FR015560,0,0.012835999519829744
FR008192,0,0.017990359758122774
FR006172,0,0.012737425150466558
FR009458,0,0.003977945434534309
FR000815,0,0.04199758499083007
FR010471,0,0.00835381244241816
FR000123,0,0.042819082839555794
FR007823,0,0.0042470767938419885
FR015909,0,0.016617141485059352
FR011129,0,0.0083871490064747
FR011825,0,0.005867182532345912
FR004530,0,0.0036781015541284233
FR005242,0,0.006156593033427943
FR015824,0,0.009732213954529069
FR002057,0,0.007538278908301821
FR002607,1,0.38098750085142935
FR011836,0,0.03564665070953562
FR019863,0,0.027442493318386097
FR004521,0,0.005692023480711393
FR014801,0,0.00812590632362272
FR017063,0,0.008686173520634737
FR000717,0,0.006140754466332495
FR015075,0,0.0052785394835624016
FR007704,0,0.011405211885554377
FR004367,0,0.013764548673696813
FR007831,0,0.021984984335730113
FR015648,0,0.014360356418122394
FR011912,0,0.00541226445618664
FR018486,0,0.005985949849469506
FR011032,0,0.004085415355769313
FR009194,0,0.0038933975548309185
FR013247,0,0.010054865831399307
FR000063,0,0.0004273395879077466
FR014417,0,0.014779839676949182
FR004472,0,0.004341968217527307
FR014625,0,0.014282994670893057
FR016041,0,0.014154485245123222
FR015415,0,0.007005244086974554
FR004878,0,0.027496183145915735
FR010569,0,0.007235645890478444
FR009002,0,0.005315910139034953
FR007933,0,0.014536451368407768
FR014045,0,0.003615393382637444
FR015430,0,0.002772870100211358
FR017204,0,0.02054750438382644
FR017679,0,0.021444533859727926
FR016022,0,0.003609522959933982
FR009525,0,0.028673337653744187
FR000816,0,0.06280035701879107
FR011747,0,0.005427616918358167
FR012703,0,0.0030462258887354863
FR015913,1,0.11316119797149665
FR012549,0,0.0064425192932068935
FR018536,0,0.03795739002239688
FR015564,0,0.020928470135550145
FR016037,0,0.0024364051103800155
FR004537,0,0.0043134982005985315
FR006466,0,0.00977744608339821
FR014364,0,0.2656569326084968
FR014298,0,0.006028637280095793
FR003438,0,0.011188484837392631
FR008600,0,0.031864541630121195
FR017840,0,0.006812122338581892
FR004504,0,0.008923181770059239
FR004951,0,0.04876815082209601
FR000872,0,0.007495191990729534
FR013729,0,0.00715974251638976
FR009696,0,0.008215657844758965
FR001448,0,0.03111339834500909
FR004160,0,0.06680212235985879
FR018070,0,0.0040448794392183894
FR009914,0,0.008661650202394473
FR016480,0,0.0035891288277970206
FR008101,0,0.017214134219296934
FR008272,0,0.002614356683193139
FR004646,0,0.007892718360596532
FR017833,0,0.04398206521546517
FR006877,0,0.006547708532223795
FR015916,1,0.007874382042698299
FR017633,0,0.00334563298189945
FR001374,0,0.005203223544064187
FR010674,0,0.007786649390071856
FR019261,0,0.011412923140186023
FR018408,0,0.007270044727722386
FR012970,0,0.01016199421017963
FR013635,0,0.005825785887714059
FR013675,0,0.04372072494374566
FR017221,0,0.00670331109452742
FR009508,0,0.0236904027546648
FR012405,0,0.01621690134883559
FR005603,0,0.00512621149090419
FR018956,0,0.013215593428781832
FR002104,0,0.0070700620528236875
FR003137,0,0.007529895977520824
FR003989,0,0.010213214449921482
FR015840,0,0.00496670931463699
FR000563,0,0.006003147662532154
FR019567,0,0.0076138652404535365
FR010560,0,0.002527269795776268
FR001923,0,0.00489893040842196
FR007694,0,0.004669704752906552
FR009033,0,0.005767524550607428
FR008562,0,0.007916736282669035
FR014948,0,0.004113525774760486
FR017450,0,0.011892444459376072
FR009301,0,0.028675762946543778
FR008244,0,0.0062609548932441765
FR000860,0,0.03167914769934014
FR002639,0,0.004315009572504128
FR018471,0,0.0066134998177135714
FR000946,0,0.055341915323574666
FR013588,0,0.05192349303065134
FR018215,0,0.008851282917296853
FR017315,0,0.036396614400062054
FR009793,0,0.005353450153642481
FR011301,0,0.004585749782715258
FR013201,0,0.02138684935417301
FR012169,0,0.009787357302175852
FR012780,0,0.056733810390516226
FR012163,0,0.015759073926396635
FR004330,0,0.0040310042394000834
FR001428,0,0.005975891313313139
FR013911,0,0.053274360548507683
FR007166,0,0.006432141667357064
FR006581,0,0.0228157810890962
FR010783,0,0.013100054409131609
FR009630,0,0.008966940944792211
FR017713,0,0.004243872975188137
FR009881,0,0.004457692498236486
FR009456,0,0.008279052608275427
FR012145,0,0.005382934176868636
FR005640,0,0.0072049329166962
FR005541,0,0.09488864545370003
FR012074,0,0.009828650638681812
FR010425,0,0.005430687456343651
FR016421,0,0.022266791937336983
FR006287,0,0.012679887695500483
FR008801,0,0.02009659212170629
FR015298,0,0.014249575283804819
FR018803,0,0.005158120399236402
FR008753,0,0.008660181467314272
FR005693,0,0.001613486548909142
FR005049,0,0.003874142560271779
FR008950,0,0.026468638267401895
FR019318,0,0.040133653970927476
FR000115,0,0.011361231352212349
FR010944,0,0.00321267493440129
FR001858,0,0.015043341466077808
FR000835,0,0.0061336548778061035
FR017492,0,0.04121356320173076
FR010008,0,0.01594814950831427
FR009602,0,0.0057343907220141314
FR000135,0,0.005750709332425799
FR016692,0,0.006814655593190742
FR008637,0,0.006253224904529615
FR003901,0,0.005144314431414895
FR016303,0,0.0063762447224835145
FR009762,0,0.24222798075308236
FR016581,0,0.20077497431267669
FR016927,0,0.0029479010559228403
FR018820,0,0.004601042770876841
FR018953,0,0.004435958100562798
FR012215,0,0.016063971942634068
FR012939,0,0.06600796167431866
FR017835,0,0.008920400704683707
FR002374,0,0.005430846203428173
FR008062,0,0.0036822993423013158
FR004276,0,0.012943006797665123
FR013569,0,0.008575835333160949
FR011296,0,0.004383850723210588
FR019344,0,0.005830076448946608
FR014471,0,0.009351716531957219
FR004604,0,0.002481264078000662
FR002854,0,0.003221110366231516
FR010015,0,0.007545080864140728
FR009804,0,0.010580729839993691
FR001201,0,0.009736971582969172
FR011522,0,0.0052260044929311735
FR011911,0,0.01253003635371258
FR007932,0,0.005792096889392144
FR013023,0,0.016345665060873843
FR014012,0,0.009191649958375991
FR019620,0,0.008107553659866424
FR010535,0,0.0043728983619257785
FR017230,0,0.013254652674934739
FR012556,0,0.005186351766458182
FR000077,0,0.028464629160614124
FR008999,1,0.021249347960406006
FR003634,0,0.011921007792161488
FR015017,0,0.004792733781287054
FR007355,0,0.0046157650910688295
FR009676,0,0.004162799301190385
FR000919,0,0.008233697270815804
FR011514,0,0.005254430137508578
FR012456,0,0.006365837203736913
FR015551,0,0.009305158837221628
FR014041,0,0.009356684295723528
FR002763,0,0.004577556645388301
FR001875,0,0.007177870222156976
FR015351,0,0.006744428061820992
FR011214,1,0.5026431881400074
FR018079,0,0.10086385570724242
FR016336,0,0.015520729526000662
FR000148,1,0.03972274506442142
FR014519,0,0.006184900894662299
FR010893,0,0.00701533955840926
FR018202,0,0.007445242940805552
FR019206,0,0.002313562681490216
FR018406,0,0.004172453484179402
FR008586,0,0.013052439714005654
FR014407,0,0.034758796474479346
FR001856,0,0.007129640916901089
FR007548,0,0.0067700506448346255
FR000207,0,0.007045376746650335
FR007935,0,0.007875319262476643
FR012009,0,0.012534188582021578
FR015073,0,0.003833342079375489
FR006859,0,0.02026563515142141
FR019164,0,0.002874935472638342
FR008462,0,0.0057986451537034925
FR010935,0,0.0070753973768796115
FR015797,0,0.03971352811945891
FR005151,0,0.03394599643558351
FR010728,0,0.00572778921269369
FR007867,0,0.008566633487868928
FR003038,0,0.0062000874276263275
FR006191,0,0.041441713999508405
FR016713,0,0.004694370110754023
FR010839,0,0.0031061884598497635
FR002813,0,0.0103738895726405
FR014834,0,0.005813563220626104
FR008748,0,0.004702085883973276
FR019566,0,0.019637901994009693
FR017444,0,0.0038432341099708957
FR011625,0,0.0037013253291240996
FR003242,0,0.008117133152443862
FR010304,0,0.006326354361091507
FR018401,0,0.011612060825535904
FR001014,0,0.015490115214129347
FR010230,0,0.01010587206799528
FR018338,0,0.09057332539800737
FR009069,0,0.014655734535938027
FR004820,0,0.013608654291488076
FR018438,0,0.00797756124852866
FR011660,0,0.0042211592716265185
FR007220,0,0.009269598459729892
FR011153,1,0.7551333248034232
FR007989,0,0.004141531893784995
FR003474,0,0.007468260484613509
FR018680,0,0.017172715365997303
FR007232,0,0.003540600367650699
FR014081,0,0.0036081342789674726
FR007466,0,0.013906158846389217
FR011569,0,0.007730296189555663
FR003116,0,0.003077188539478238
FR005557,0,0.0029381625235079274
FR002592,0,0.006288927241365577
FR004250,0,0.004239902559435811
FR015371,0,0.061337320225433256
FR012363,0,0.006043714689254289
FR011113,0,0.0063583973050529395
FR003689,0,0.005950926802504262
FR003082,0,0.00917752228829771
FR019239,0,0.009064760737218616
FR012100,0,0.005436664713190961
FR019018,0,0.016289417669769258
FR007589,0,0.004985721127330544
FR009436,0,0.009838217998979487
FR015975,0,0.07859235360015115
FR004022,0,0.01023057562727152
FR003900,0,0.02570322486847694
FR004995,0,0.008759883169146795
FR005965,0,0.00641231765454153
FR008841,0,0.014296690625628265
FR005420,0,0.009274451518231619
FR007665,0,0.009560383747595434
FR018457,0,0.06529336229222417
FR009518,0,0.004460114883033176
FR012443,0,0.010824584566617288
FR015367,0,0.04555336931968965
FR017588,0,0.003080832389750489
FR010438,0,0.00369790100777476
FR002992,0,0.017858748857035645
FR006681,0,0.009981326667524194
FR011471,0,0.002296485640500421
FR008116,0,0.015138571347998552
FR012022,0,0.049247778247302636
FR016083,0,0.026514021136196442
FR017501,0,0.004281464715262746
FR018701,0,0.007920006510999071
FR014627,0,0.01019229138685515
FR013878,0,0.006446819147638655
FR012460,0,0.0029350679179174846
FR015369,0,0.017845545553944613
FR004032,0,0.017116824144224694
FR006322,0,0.0053129850490340495
FR014175,0,0.006952811921770532
FR018993,0,0.006406662790366978
FR003462,0,0.0059131499760420566
FR012636,0,0.013786040344842506
FR000691,0,0.04201039284479582
FR019126,0,0.006323716675735555
FR012753,0,0.008120837295924048
FR017757,0,0.1705024555779239
FR003597,0,0.009332823921690504
FR002528,0,0.00891441793020555
FR017648,0,0.005728820502313776
FR005465,0,0.011238677975558274
FR000112,0,0.002958132610126615
FR001643,0,0.003769245890959548
FR014635,0,0.006468101547924672
FR004025,0,0.005283309450025364
FR018827,0,0.006423331242941067
FR010202,0,0.00647647649248899
FR017628,0,0.0008459029057055406
FR006529,0,0.014741085290835981
FR017174,0,0.00945337115578712
FR014456,0,0.006341289032478575
FR000059,0,0.0176317612398324
FR017281,0,0.06281213918767788
FR019545,0,0.0738612405297079
FR013329,0,0.007731098955134558
FR006643,0,0.02612252148350863
FR009635,0,0.005265657079425514
FR000893,0,0.14678468687255777
FR007609,0,0.004127198166527259
FR005590,0,0.011143760363998565
FR013499,0,0.00454366262927644
FR019243,0,0.07751831787500575
FR009780,0,0.003842708468427854
FR008083,0,0.00437045950936877
FR000187,0,0.006012324653418583
FR011991,0,0.0074500493559305145
FR011446,0,0.007298716279643579
FR009451,0,0.0057729467059588905
FR007370,0,0.016133893347753597
FR016512,0,0.003070845913419596
FR003349,0,0.006046185907392431
FR000062,0,0.004439312891950915
FR010035,0,0.006555151951840368
FR019276,0,0.002779903513173556
FR002465,0,0.008688957809188392
FR006282,0,0.09356676313162827
FR013488,0,0.0033108958725909104
FR013104,0,0.017723732771364603
FR001710,0,0.04568630948317243
FR017085,0,0.059662630655142324
FR018785,0,0.005917124655722001
FR000659,0,0.016370018954186744
FR010049,0,0.016252717606208767
FR016054,0,0.008592070710713634
FR000003,0,0.019555546933285716
FR004720,0,0.01241031421147542
FR011050,0,0.08272264552173211
FR009774,0,0.013691700110945464
FR001148,0,0.03381352135443564
FR006626,0,0.00945922731552841
FR012869,0,0.005835203647657891
FR014769,0,0.011744147572631753
FR014699,0,0.017522853054982728
FR013365,0,0.004763396365867928
FR007119,0,0.013360683266419579
FR016530,0,0.2583810607019747
FR012395,0,0.013082913810182855
FR015906,0,0.007072605427277889
FR007929,0,0.045526048868671315
FR000948,0,0.0026402427951565804
FR018121,0,0.006116396979239261
FR005254,0,0.054755428488446035
FR011285,0,0.020808126524933315
FR003399,0,0.008332904255344335
FR009102,0,0.002331904712234307
FR017117,0,0.008719311084023443
FR005954,0,0.013457996953087456
FR019397,0,0.005811951052196074
FR011027,0,0.005835775902960028
FR004134,0,0.005612165311470183
FR007295,0,0.007832089516648032
FR005170,0,0.003823838809373386
FR003810,0,0.003013375096947409
FR000881,0,0.006687637174993388
FR017634,0,0.005214062168099445
FR015437,0,0.010113538279226503
FR010525,0,0.03795534160276222
FR014435,0,0.006911470145349372
FR001816,0,0.06768485801885882
FR003489,0,0.01870332134932701
FR000912,0,0.0027391610261445366
FR014772,0,0.010943010087705313
FR006195,0,0.012163323089211106
FR009915,0,0.00946026796353481
FR006924,0,0.002687163515154432
FR019669,0,0.007518862392013978
FR016595,0,0.02249612156229536
FR008993,0,0.008183258073826584
FR011093,0,0.004912425922865757
FR014771,0,0.0045462393732374805
FR019618,0,0.003908295528778852
FR016577,0,0.01310903074284119
FR004576,0,0.006372065791243192
FR019450,0,0.02453681540288316
FR016898,0,0.0649208643977084
FR008807,0,0.013454655753582826
FR008613,0,0.0066773649830676905
FR018184,0,0.0034048557595927915
FR012717,0,0.004347095584934727
FR003350,0,0.00581326391857841
FR007719,0,0.04514974380170069
FR012969,0,0.007745070596262288
FR017381,0,0.00980649481929056
FR010707,0,0.009021922819918699
FR018390,0,0.0038563421578330695
FR003432,0,0.013266073460853775
FR015711,0,0.007489774818330346
FR014789,0,0.010940433614723173
FR011545,0,0.006049760048236578
FR010498,0,0.0045018084617906295
FR011704,0,0.019164518740534625
FR001255,0,0.005004234979501357
FR017868,0,0.007266420876446643
FR015320,0,0.004649030073534815
FR018965,0,0.03338924596566245
FR015964,0,0.012144373872513194
FR018337,0,0.03170971501543688
FR013768,0,0.06335984530480358
FR007451,0,0.008349627347156963
FR011067,0,0.05465371023683755
FR015036,0,0.011801476522502331
FR005656,0,0.015046026331469847
FR006597,0,0.019267975855324474
FR016543,0,0.013811806070354815
FR014248,0,0.021328387457336607
FR009748,0,0.005816205011035077
FR000554,0,0.0043820989280038995
FR019457,0,0.004461855039672608
FR016902,0,0.12519399025522024
FR002130,0,0.022641581836400592
FR006179,0,0.0176356940779528
FR001343,0,0.009355722489408051
FR014461,0,0.21356117466383764
FR011535,0,0.014103853172754581
FR014278,0,0.05059161559227852
FR004232,0,0.008405321626180212
FR007483,0,0.004266177962812387
FR000034,0,0.003880645810643985
FR014299,0,0.004014892234119323
FR002045,0,0.0030551761813934347
FR000309,0,0.008871226573206097
FR014564,0,0.061442145822601935
FR005629,0,0.014291662310483776
FR015122,0,0.05547410949636136
FR005564,0,0.02917566199010263
FR001220,0,0.003661607019054961
FR018288,0,0.009541961643276739
FR019233,0,0.010830667400193087
FR006903,0,0.0058275968453986166
FR002683,0,0.01600976002227556
FR016060,0,0.007986445262988995
FR015081,0,0.005810245033442819
FR019943,0,0.012174469708913956
FR009332,0,0.0037024265929161033
FR009935,0,0.005590632341942347
FR011859,0,0.011640569288445368
FR019858,0,0.009844749790453414
FR009890,0,0.00441362893400462
FR019927,0,0.043824554362234557
FR011565,0,0.004436581991953424
FR004090,0,0.007599181578886752
FR010677,0,0.004820446452334301
FR013937,0,0.014568658900130134
FR017189,0,0.008089630308562714
FR018065,0,0.014468913999999245
FR019963,0,0.018890491111820906
FR018124,0,0.008787161934963253
FR002110,0,0.007753394337193422
FR017310,0,0.0061855404965402636
FR012085,0,0.005798802251032215
FR010327,0,0.006295364904058948
FR004567,0,0.004556042290322332
FR002466,0,0.009178088658065351
FR004572,0,0.012645470243350035
FR005329,0,0.0249923827939246
FR014938,0,0.006393240081003437
FR008709,0,0.012376876908073936
FR005002,0,0.00511148332889639
FR004370,0,0.016333328537540763
FR006811,0,0.0036123381158650685
FR006893,0,0.02509333711868506
FR014973,0,0.011744827865010072
FR002172,0,0.05731541733074349
FR008214,0,0.006383810522173085
FR010855,0,0.007489381330824832
FR008237,0,0.005830199967403895
FR000042,0,0.0035978470541050914
FR014920,0,0.004197259813925658
FR000906,0,0.019262269044347805
FR003563,0,0.006816714102645151
FR016331,0,0.0617304006341177
FR017184,0,0.0047794606913777035
FR010150,0,0.015764917539681275
FR008721,0,0.009487924558530828
FR000951,0,0.01659059975419268
FR013344,0,0.04414855112314784
FR001631,0,0.0030881701757283753
FR015259,0,0.00872815992881816
FR012093,0,0.011156558352972098
FR016322,0,0.0050696943468023165
FR016152,0,0.004793102157998262
FR015959,0,0.006713998913998862
FR005065,0,0.0124933718898897
FR007349,0,0.012283462179278712
FR014036,0,0.01150932311361418
FR009051,0,0.006545795755793146
FR001518,0,0.006047636003805095
FR000880,0,0.008135133516960656
FR013394,0,0.040852511174173683
FR007478,0,0.017406531352425033
FR018383,0,0.021835440406334287
FR009205,0,0.004360366404421752
FR019152,0,0.009773774084046895
FR004669,0,0.0047604118506705045
FR006913,0,0.008617171866640733
FR006661,0,0.004535844956372736
FR000720,0,0.00457322617162994
FR005769,0,0.008651270299802201
FR000775,0,0.0074523657718808855
FR010218,0,0.004232719914381461
FR014738,0,0.006101799230338621
FR017467,0,0.015986821712687994
FR006879,0,0.009003108836783194
FR001902,0,0.003676367455478465
FR007122,0,0.010625627330669485
FR014273,0,0.00915879762490736
FR013110,0,0.0036811714718558903
FR005489,0,0.0059920783015507606
FR003021,0,0.003299022866827645
FR013616,0,0.00678908730635801
FR016119,0,0.0013559093754393823
FR018321,0,0.005137967727774746
FR011411,0,0.01668236433253893
FR005895,0,0.008466535461446283
FR006539,0,0.004306332571881773
FR000400,0,0.05058636789581091
FR017031,0,0.006131831977717556
FR007399,0,0.01994570683971303
FR007328,0,0.002551474586787165
FR006792,0,0.0063655970081186635
FR009744,0,0.002223029698169612
FR011152,0,0.004225024924493703
FR003141,0,0.005925494136132132
FR017960,0,0.004494062180345698
FR000556,0,0.02652082894088999
FR014463,0,0.0027815205641246628
FR019505,0,0.0199775057932111
FR009071,0,0.10646897391585715
FR005089,0,0.013145782860816453
FR011557,0,0.02214718841595789
FR019086,0,0.0051535080636328475
FR006683,0,0.041463758725784526
FR012137,0,0.00410143620438107
FR011772,0,0.007586324885585503
FR000172,0,0.012421786709373694
FR008217,0,0.02763041805585489
FR010133,0,0.05072020836874419
FR017967,0,0.011613631463680255
FR009328,0,0.012391980758148244
FR001794,0,0.003200333793602085
FR003413,0,0.011517256199320368
FR000965,0,0.008033567505481972
FR000363,0,0.024283999102547832
FR004047,0,0.021887715499752273
FR010033,0,0.0052849907369947186
FR016419,0,0.00849926697428309
FR006587,0,0.017315532889547115
FR000070,0,0.00631809820295683
FR012324,0,0.005471182958993888
FR015192,0,0.003851165412700587
FR007280,0,0.004942321623843526
FR011074,0,0.01677553925361581
FR003366,0,0.004958000283199671
FR016153,1,0.028680551526830356
FR002912,0,0.0034555961804470015
FR011244,0,0.007397625427353217
FR005202,0,0.0004216652121153733
FR009505,0,0.053542017447831575
FR006964,0,0.008485127927301939
FR017563,0,0.005500548569785495
FR002295,0,0.013547661677210887
FR002520,0,0.0064567886146629574
FR019852,0,0.007089672468232306
FR011834,0,0.035856197724471496
FR013945,0,0.003662709379359327
FR005666,0,0.03154677858659642
FR002613,0,0.005632738595273953
FR017639,0,0.028599715938765504
FR014837,0,0.0036398454653458396
FR000734,0,0.015612008660304733
FR015354,0,0.007617455102548437
FR003829,0,0.011079356872585128
FR013646,0,0.033792894287917534
FR011494,0,0.003150759119535095
FR016936,0,0.023004324378863083
FR012202,0,0.07443901626736717
FR003843,0,0.030356015015156876
FR002486,1,0.12082106425436312
FR016744,0,0.03802013479736264
FR019867,0,0.011094784698018017
FR011308,0,0.007477676615688101
FR003149,0,0.00605970673956954
FR012264,0,0.0044808479411744045
FR016503,0,0.015062394382952315
FR018576,0,0.013433333375965986
FR005562,0,0.0038460488875323526
FR017661,0,0.024745015868427662
FR017047,0,0.008677996928352574
FR004152,0,0.005082693342016265
FR014260,0,0.004029034497062969
FR012569,0,0.04345141316554348
FR000051,0,0.00742292247838951
FR006592,0,0.007586185062850766
FR005860,0,0.010584793370667039
FR018994,0,0.01891373209824813
FR007874,0,0.009001387419593505
FR010979,0,0.031097434300421598
FR019177,0,0.004809320691835618
FR005195,0,0.006380167576935184
FR013573,0,0.007657988243163061
FR002191,0,0.003286518619498744
FR005889,0,0.2192582288349035
FR009261,0,0.06265546572407664
FR012351,0,0.004896974177060847
FR005884,0,0.019131346089999307
FR003690,0,0.005947624321602825
FR011767,0,0.0028238617930264453
FR012693,0,0.024506664453358095
FR008521,0,0.002090616632475067
FR000748,0,0.012838392527457445
FR012716,0,0.009339346806647102
FR007065,0,0.00698771251891581
FR015022,0,0.00532988794317932
FR018363,0,0.004484058137731141
FR003889,0,0.005221744377204008
FR007804,0,0.03240978579668322
FR011362,1,0.021799779127828628
FR008611,0,0.006864511578978327
FR009875,0,0.009826999076752916
FR017604,0,0.014065019825117873
FR009223,0,0.012199557743604539
FR003254,0,0.007210177075048484
FR005036,0,0.008685637952831397
FR013027,1,0.3119425234181325
FR014610,0,0.013624025115948164
FR005307,0,0.022164374332764896
FR018554,0,0.003627211302081735
FR001682,0,0.0048267197100351775
FR015668,0,0.018636037183607183
FR004095,0,0.0487823835389427
FR006524,0,0.041800975018297964
FR003246,0,0.005389375217612982
FR018131,0,0.006088307642575259
FR013847,0,0.011037023294135981
FR015112,0,0.008620313347809298
FR007364,0,0.017861392255259737
FR001251,0,0.007549262634848375
FR013524,0,0.009234593517050001
FR000244,0,0.02708948738293579
FR015004,0,0.007213452574966038
FR003051,0,0.007040320095989279
FR004680,0,0.22387542340547964
FR018004,0,0.008034631511037345
FR011035,0,0.008714721665985116
FR002126,0,0.006152735041145205
FR019379,0,0.005217828936585111
FR003336,0,0.0031708387222596835
FR003410,0,0.0038764874055816196
FR006106,0,0.004423529870433779
FR007722,0,0.006425370556651425
FR019090,0,0.004531464374959839
FR008896,0,0.007105316701319023
FR008212,0,0.004815921200538532
FR015985,0,0.010162689866377505
FR000373,0,0.1423095694777935
FR015671,0,0.004871226042149409
FR001460,0,0.0036108673653508228
FR014127,0,0.007177892605260431
FR001533,0,0.00809386893045705
FR011292,0,0.003065102922670613
FR012686,0,0.03072041290568249
FR018207,0,0.01685385859393562
FR003308,0,0.003976308989944548
FR013987,0,0.020136139234403196
FR008588,0,0.0067695598624989564
FR006664,0,0.0032002510219103185
FR009888,0,0.0038460434920490013
FR007729,0,0.007321501276536889
FR018487,0,0.004582237810719129
FR002830,0,0.005382906173790375
FR013850,0,0.0042679383428736945
FR008689,0,0.011378509711712864
FR014574,0,0.0045984946558591784
FR013806,0,0.007977246502645623
FR002674,0,0.0027642394582033714
FR003453,0,0.024669086942540316
FR019931,0,0.006782082344470572
FR018132,0,0.01081087871543381
FR005624,0,0.0027814051609350537
FR017669,0,0.020883002981146644
FR007840,0,0.012767837231201208
FR012271,0,0.029185802869701776
FR000444,0,0.0027116720518981703
FR012184,0,0.004836922515510544
FR002537,0,0.019454696767434377
FR014642,0,0.013767760933248134
FR016506,0,0.006992781248064228
FR014890,1,0.011023381674618785
FR008477,0,0.016647561180965584
FR007228,0,0.013018655680393655
FR000176,0,0.0036303188740563243
FR015140,0,0.007645593317137615
FR009742,0,0.014585001173816286
FR010447,0,0.0057787549873440335
FR003848,0,0.011604636305424049
FR019036,0,0.006217358053074228
FR000177,0,0.004069620971490189
FR000054,0,0.015910566560033968
FR017754,0,0.008157557378753144
FR002224,0,0.006431247671934602
FR004902,0,0.032730687293869944
FR013766,0,0.008942308544729452
FR009683,0,0.008175185249985338
FR016447,0,0.006903874526447001
FR017382,0,0.007199485430270006
FR014654,0,0.023708986349319238
FR016774,0,0.004830071586953296
FR010012,0,0.011857297669628368
FR010384,0,0.01439469912639837
FR007077,0,0.020549760031720102
FR007312,0,0.005442376428267272
FR004891,0,0.012381940386445122
FR010215,0,0.11502571969974824
FR012437,0,0.006923693513925151
FR007341,0,0.016522148902033507
FR009143,0,0.005292201413841544
FR008486,0,0.011496021760191757
FR001208,0,0.03361614831085532
FR014705,0,0.014509842031084061
FR005402,0,0.003578776776562697
FR010541,1,0.037544469712839125
FR007268,0,0.011037270705940546
FR008370,0,0.01165092842489813
FR010122,0,0.05407716848523251
FR012014,0,0.007764263670689828
FR009707,0,0.003342371022717793
FR013680,0,0.008432860371077894
FR003168,0,0.0060702423072135706
FR012319,0,0.010742734384044522
FR012080,0,0.009318830705911647
FR010353,0,0.004243454588348589
FR009367,0,0.002817052744458414
FR009578,0,0.0197767209301104
FR019724,0,0.006491099633038146
FR005621,0,0.057356280439004814
FR000457,0,0.02830565223820385
FR010682,1,0.015022356830249628
FR008163,0,0.015002961716542121
FR018107,0,0.06737198123677766
FR008468,0,0.0326662579883338
FR006321,0,0.005278479562922464
FR001349,0,0.01294496954494346
FR003252,0,0.01540139862475346
FR017625,0,0.3088474386314463
FR015312,0,0.014238808557460266
FR006808,0,0.008534126733106223
FR017199,0,0.004424812014594027
FR004080,0,0.010842795581575559
FR001124,0,0.015686252618167428
FR017543,0,0.004730905342661687
FR012415,0,0.02422128543516601
FR011688,0,0.003459801217212167
FR016939,0,0.006966073306222294
FR012900,0,0.005049903517170286
FR003154,0,0.0071936144518371025
FR008561,0,0.0030391969897070915
FR003390,0,0.007714266718066837
FR019182,0,0.19214066877304883
FR018896,0,0.0051584649098502374
FR012232,0,0.004873067679213796
FR000305,0,0.006659866723112234
FR007117,0,0.004126800033489766
FR017909,0,0.004679425440465064
FR008478,0,0.049984688308188356
FR005331,0,0.0039129294237681906
FR010147,0,0.0034057366678777374
FR019807,0,0.004954845322761301
FR006006,0,0.005805101202991517
FR014883,0,0.0045038430934303784
FR000901,0,0.002542913841176969
FR016800,0,0.004813686248560207
FR011629,0,0.006245309021938397
FR018599,0,0.00590637606398448
FR010258,0,0.01823464628997516
FR018295,0,0.007045136475165595
FR001183,0,0.014147818004613575
FR015702,0,0.005534538798550909
FR012308,0,0.0354516843709051
FR017717,0,0.005420695366945505
FR015527,0,0.004090921973456633
FR009217,0,0.009130838495971882
FR012510,0,0.008186153129964176
FR011012,0,0.029412264716627622
FR006161,0,0.01385673385681674
FR005425,0,0.007446603705686922
FR012855,0,0.012427493540582465
FR017020,0,0.005475942888523652
FR010709,0,0.08027311208038566
FR018535,0,0.006364129564258476
FR003830,0,0.046309627748577394
FR018342,0,0.03428627985875837
FR015449,0,0.009434253344216027
FR015621,0,0.006466959912640493
FR016441,1,0.05716331750173519
FR018391,0,0.022796617163527082
FR011941,0,0.01773664840273561
FR014343,0,0.007665025259913582
FR011979,0,0.019833996103109496
FR017777,0,0.013703127372881528
FR009792,0,0.008083549138862061
FR018985,0,0.004283559292089525
FR011486,0,0.043872170459202366
FR015468,0,0.007134793802876502
FR004919,0,0.0032109562487318156
FR001395,1,0.48677562725123064
FR005376,0,0.030468254647658937
FR007072,0,0.006201106898420221
FR015197,0,0.00279539524584686
FR011739,0,0.005910506394199728
FR009211,0,0.007787986690293376
FR011042,0,0.006785334548841217
FR012261,0,0.011264151858973356
FR015390,0,0.011912774214729388
FR012889,0,0.005232102712050185
FR006862,0,0.004114097384196401
FR000321,0,0.007224608333473516
FR018652,0,0.0068911127434501005
FR009224,0,0.023838267120618522
FR008978,0,0.00553364585843024
FR008166,0,0.00450406475519701
FR005902,0,0.0016017107474204063
FR008299,0,0.005104856705815569
FR010748,0,0.01174245575875435
FR010735,0,0.046596862964569295
FR012824,0,0.011558547240454712
FR010160,0,0.002317548310148068
FR018645,0,0.0047399799064044325
FR016527,0,0.00710079916906041
FR010836,0,0.01150240608780248
FR016840,0,0.007532001161674993
FR011190,0,0.10803543034194646
FR003569,0,0.015260884490620427
FR016646,0,0.009245160693569739
FR010740,0,0.01117235920161653
FR009788,0,0.02642257541771623
FR003867,0,0.0028191588968836437
FR013676,0,0.07162411859205035
FR008852,0,0.0031213371524597034
FR017303,0,0.005572572301726564
FR007996,0,0.0059678642438706535
FR014916,0,0.03209654805230052
FR008388,0,0.004191009019171206
FR015226,0,0.021591533752621326
FR005920,0,0.006150554005148423
FR013195,0,0.007870335598059957
FR007543,0,0.005623435246221612
FR015263,0,0.005278719461497321
FR005753,0,0.06264703100142684
FR006751,0,0.01367017541246624
FR012883,0,0.011065314435722283
FR006374,0,0.002805334981337117
FR009278,0,0.01039746629150243
FR014914,0,0.008676058655239927
FR012193,0,0.03656664909321723
FR013950,0,0.030551828929932717
FR012468,0,0.011511914676371403
FR008758,0,0.004385586457915289
FR008720,0,0.04391473028067308
FR013819,0,0.022535596134157603
FR012454,0,0.021298873013070232
FR013190,0,0.0035831134655572063
FR013909,0,0.008460769715050406
FR012343,0,0.016975321940774214
FR006806,0,0.004533609464085187
FR018917,0,0.01739850245847819
FR003156,0,0.006787083042066519
FR019429,0,0.008492070563325634
FR005856,0,0.006754707627762156
FR013885,1,0.026692545529010656
FR019225,0,0.009221878545189091
FR008706,0,0.01530587089735149
FR013415,0,0.030841715487577318
FR014536,0,0.009098931578709108
FR010545,0,0.006243000485340408
FR013270,0,0.01431144934377039
FR011632,0,0.008521579374973906
FR013574,0,0.011413252658887046
FR017255,0,0.012697059587966757
FR001638,1,0.08334635241594508
FR013168,0,0.00864548718246796
FR011904,0,0.007945022987569836
FR007882,0,0.004942215457278094
FR008539,0,0.007282575107580773
FR009156,0,0.008947290331429403
FR002010,0,0.030475943454413162
FR009412,0,0.009352757196439958
FR002383,0,0.01260432528162412
FR019757,0,0.014426032023601855
FR010871,0,0.013158703746943605
FR012810,0,0.0069901235660872725
FR016399,0,0.008528052129647188
FR016358,0,0.0077870155370720106
FR008280,0,0.003044122448018353
FR015875,0,0.02166466036582763
FR010840,0,0.004243009493777397
FR006931,0,0.010813684399580803
FR002978,0,0.004521339673649464
FR006206,0,0.013792225646093845
FR008330,0,0.003721863410372572
FR001028,0,0.0018913180820810064
FR015674,0,0.005366910872776115
FR008023,0,0.02374724549466864
FR002410,0,0.0033129882074138628
FR006492,0,0.015613072635357245
FR004212,0,0.0051276478439265865
FR019794,0,0.010256217567073836
FR005059,0,0.006469807332423976
FR004518,0,0.0058992425920914235
FR004714,0,0.014593412435608721
FR000328,0,0.10997800777742285
FR003065,0,0.012059635178246056
FR004353,0,0.004432120615375055
FR015922,0,0.007919920017253576
FR018159,0,0.02097787043980803
FR009582,0,0.026627172448542732
FR007086,1,0.09497836769844022
FR017859,0,0.008198271851134352
FR011014,0,0.006001712988523735
FR004982,0,0.020314759016832894
FR010623,0,0.010559457884534015
FR019904,0,0.012782053991394699
FR018923,0,0.045122320869459526
FR019180,0,0.03605312352686088
FR002930,0,0.023451665623671774
FR002623,0,0.011810443062980921
FR001954,0,0.004365633547235564
FR005748,0,0.004971548339114228
FR012488,0,0.013516833676323503
FR017686,0,0.12649722023376478
FR011690,0,0.01634443236854324
FR009878,0,0.02990164525056202
FR009931,0,0.006152830357037016
FR008608,0,0.005273158024765645
FR013731,0,0.03283267818399412
FR005364,0,0.004127210778582448
FR014520,0,0.00597748547510213
FR015900,0,0.003824212864036957
FR015391,0,0.017004669405090097
FR006364,0,0.009499310121714892
FR011600,0,0.008051810321403117
FR017638,0,0.007311097741713728
FR009468,0,0.019017678507807435
FR003895,0,0.0011425406297646608
FR012364,0,0.051063633850407436
FR000811,0,0.007785956558101375
FR004936,0,0.006945709176747896
FR018168,0,0.0034652047909168753
FR017029,0,0.005084834583411063
FR004087,0,0.007189710835254556
FR015423,0,0.005300114362870752
FR008505,0,0.004346651663146155
FR003417,0,0.00420185421818777
FR012010,0,0.009514327779227533
FR008308,0,0.007236296410889831
FR012314,0,0.004515860020279217
FR015796,0,0.008356520159857495
FR006723,0,0.0058473328130878
FR004650,0,0.013258823165727705
FR016290,0,0.006010732528011685
FR008782,0,0.0005780873252864551
FR007064,0,0.010599967112926394
FR004748,0,0.006119117790005271
FR012482,0,0.005066900167584265
FR014441,0,0.003861330885877127
FR018151,0,0.007548088040196912
FR015677,0,0.006496591854434408
FR017376,0,0.012885067414972967
FR000853,0,0.014648385890047981
FR011977,0,0.003053638919281299
FR001578,0,0.012406358822224198
FR009245,0,0.03302513265940151
FR006717,0,0.011751507016344392
FR016258,0,0.016371950343822144
FR017503,0,0.008389793985074267
FR003507,0,0.008109870822637212
FR016217,0,0.007281487063833314
FR002139,0,0.008269665680476775
FR000956,0,0.021046702230975618
FR001727,0,0.008684002838997305
FR016719,0,0.00404535708398656
FR019839,0,0.004042329060319081
FR017516,0,0.01734774186260645
FR001269,0,0.04051542116167732
FR003798,0,0.030279586966608322
FR004738,0,0.003978989377109364
FR010562,0,0.006722067184425167
FR015434,0,0.010708877630318435
FR016792,0,0.004264979513845732
FR011225,0,0.009369704783314767
FR006344,0,0.030349253353218364
FR000785,0,0.011194644450798314
FR004401,0,0.020526173718420984
FR009543,0,0.004876621112190925
FR002792,0,0.007500806350567474
FR014308,0,0.007965958434133079
FR004279,0,0.0051531095704924175
FR012121,0,0.013315568203124822
FR002256,0,0.00439332088652389
FR019460,0,0.011989714114077956
FR000267,0,0.01193185588746814
FR017313,0,0.0025467328738256884
FR000594,0,0.022157506149404194
FR015807,0,0.00838709946366698
FR017700,0,0.0035554456000899738
FR019948,0,0.007664080146494467
FR000571,0,0.0054619062128047945
FR014909,0,0.0072962133153143816
FR000430,0,0.011761588525474811
FR005937,0,0.006285571956665879
FR003683,0,0.013837129035835815
FR002880,0,0.03127995602396468
FR015138,0,0.12405099954733478
FR007212,0,0.018452977021373693
FR000650,0,0.005116908144772343
FR016200,0,0.008242059089709675
FR014025,0,0.007923790705191015
FR011989,0,0.0127617637610001
FR000725,0,0.01755140620125968
FR010247,0,0.008703149693413287
FR005052,0,0.005557763887746062
FR004285,0,0.01231077928619006
FR018044,0,0.007737608957338371
FR011335,0,0.004504278525387426
FR004755,0,0.01791808637081702
FR006431,0,0.013868750616684368
FR010386,0,0.0892525239350554
FR014163,0,0.19527364518117388
FR005306,0,0.01678228932901143
FR010309,0,0.09459862986155669
FR017055,0,0.009077614693697186
FR001609,0,0.01051136024345096
FR017005,0,0.006251276112260587
FR001620,0,0.0030605877419695037
FR006486,0,0.003527601493214722
FR002488,0,0.01848317059912249
FR014843,1,0.025842515310576592
FR004040,0,0.009386346135778479
FR018688,0,0.005158327862968431
FR018483,0,0.016131050643598398
FR000139,0,0.011544960112004165
FR010198,0,0.003932593323844299
FR010760,0,0.0077488209625861315
FR013991,0,0.004806841119610993
FR004325,0,0.033665116188447884
FR001961,0,0.016883511305134866
FR011209,0,0.004130215941816056
FR013328,0,0.036945908075307954
FR007392,0,0.036312790704126595
FR002612,0,0.026395211769003696
FR006579,0,0.00743119473903327
FR019779,0,0.01675519064857899
FR013433,0,0.0033983855371500175
FR001933,0,0.007802047567714508
FR008463,0,0.006793347831163812
FR001640,0,0.027529047899881514
FR006218,0,0.004706782187290765
FR006816,0,0.015557311830320391
FR009830,0,0.007701887631026
FR005622,0,0.011740588353776497
FR018125,0,0.018831677527701977
FR019084,0,0.025372388518252697
FR003476,0,0.0062325045426461475
FR018690,0,0.01895588470269628
FR004099,0,0.055923230155886704
FR003628,0,0.00473983174094124
FR019631,0,0.004112237138521925
FR004366,0,0.005263307646687455
FR008672,0,0.01067902218142673
FR005124,0,0.005996263323354708
FR019105,0,0.005165362432016394
FR015999,0,0.004447171659226426
FR017790,0,0.00555695878869238
FR016892,0,0.007679231285228633
FR004303,0,0.004323387572710075
FR017839,0,0.0070497697376037255
FR010249,0,0.006287666128294396
FR001412,0,0.004017340579005327
FR014469,0,0.023724786609105358
FR010927,0,0.004205959508926455
FR018028,0,0.004467900315137407
FR003139,0,0.02254502680412036
FR010005,0,0.003861092854092091
FR012393,0,0.008307950637622078
FR012873,0,0.008485994668259653
FR001786,0,0.005986732925498186
FR015942,0,0.011869900640922677
FR010666,0,0.02336830082818957
FR002014,0,0.004586147650095815
FR016635,0,0.0215688072529191
FR012461,0,0.037229759772061305
FR012562,0,0.017160435273776364
FR004357,0,0.008755715463644587
FR000103,0,0.00903763262989877
FR013175,1,0.008756481419138025
FR000453,0,0.002890559611786117
FR001345,0,0.004987755963670518
FR010601,0,0.03162563275560736
FR012380,0,0.00774241237425944
FR006652,0,0.004590399330176836
FR001580,0,0.003371126524140141
FR004289,0,0.003611181355606209
FR004758,0,0.006383812540398322
FR007620,0,0.011181316559030256
FR019144,0,0.005602582246840093
FR016124,0,0.005997273140211589
FR017502,0,0.008464857304106834
FR012968,0,0.00650593858465556
FR008065,0,0.005114525857032097
FR012310,0,0.03368977104181436
FR014361,0,0.01197604056051628
FR003232,0,0.009831149475418624
FR017353,0,0.008537688312677314
FR014246,0,0.0042233811176240485
FR019230,0,0.010677271434139178
FR006568,0,0.0028506002718529833
FR011106,0,0.01307522131417449
FR011262,0,0.021973816783540337
FR013985,0,0.0023641345523784346
FR009868,0,0.020939078994556423
FR002657,0,0.005349213123080544
FR000568,0,0.023944478729320554
FR019578,0,0.007725136708429926
FR018069,0,0.005508948240423012
FR005480,0,0.008901633736207218
FR008402,0,0.00498120267614371
FR017000,0,0.015584962440813149
FR000964,0,0.03185694700987736
FR009555,0,0.008142599795440006
FR016326,0,0.003959624391152837
FR008162,0,0.02970266595092666
FR013552,0,0.010158097555902463
FR010137,0,0.010338657690183701
FR014218,0,0.00786416862921688
FR008836,0,0.015699913780817615
FR009613,0,0.0036604480505272054
FR017404,0,0.012450036738792102
FR005191,0,0.008551874094000397
FR012338,0,0.006367653285540742
FR017160,0,0.004101422979542856
FR001011,0,0.003430837055213917
FR005734,0,0.017745558758518333
FR010397,0,0.02612785671823546
FR010138,0,0.0023906357250530635
FR003514,0,0.028667985481880893
FR008824,0,0.003077229804490378
FR005021,0,0.02352849733491995
FR008199,0,0.00030636415628813906
FR016561,0,0.00989519129993051
FR019952,0,0.01049427013656566
FR002694,0,0.025499823220644063
FR001890,0,0.0035203635642305276
FR015031,0,0.011069655587098095
FR019995,0,0.004993564406298931
FR016024,0,0.0281662142163449
FR010326,0,0.025053472380528366
FR011914,0,0.007345156656899242
FR011705,0,0.003923234679841177
FR013755,0,0.00998401655093034
FR006318,0,0.01138771531666012
FR012674,0,0.012428770748620874
FR018617,0,0.005675732763931472
FR015158,0,0.004556528743803931
FR009585,0,0.006939136716993522
FR004375,0,0.007036381192845766
FR005835,0,0.00798039063039013
FR001157,0,0.0034952855667405715
FR011971,0,0.012061686863896607
FR002380,0,0.007341183373660937
FR016383,0,0.0032518651427534593
FR018119,0,0.010760063822276567
FR003006,0,0.009731348460275936
FR015569,0,0.007176505162996734
FR016516,0,0.00641322803810488
FR009865,0,0.003115601265403429
FR006314,0,0.008206988510083448
FR012108,0,0.004227538522855095
FR008749,0,0.0049795638183111725
FR006346,0,0.00397112638069249
FR019480,0,0.0054409604890233105
FR012550,0,0.007563893362794657
FR004051,0,0.003805422441522094
FR007734,0,0.08323384501073669
FR003482,0,0.005720388808013299
FR008975,0,0.008106739367569137
FR012891,0,0.010824574642023127
FR011902,0,0.011312828177721022
FR016409,0,0.010608923056134251
FR009667,0,0.009328700475011019
FR013022,0,0.013040718960954196
FR013472,0,0.03127542207903027
FR015074,0,0.004740570638428446
FR012071,0,0.0038618505161621525
FR011573,0,0.011693377587468913
FR001755,0,0.0069157232331718095
FR000205,0,0.011224784755496833
FR006781,0,0.005845250154702271
FR007909,0,0.009005636193665565
FR007697,0,0.012864415602686835
FR002054,0,0.008197923619950217
FR009192,0,0.022597193661290094
FR000129,0,0.005339670597770474
FR004403,0,0.0050555857631268235
FR017739,0,0.0022103739613339095
FR011946,0,0.006992619394829892
FR016796,0,0.0045598823733409045
FR002407,0,0.00393048025117558
FR009208,0,0.004719584795134644
FR005253,0,0.010079284204224047
FR012942,0,0.004977696308023808
FR014825,0,0.0077369610942642645
FR003966,0,0.010358632382176722
FR019695,0,0.002280101827002505
FR005792,0,0.01933803646272247
FR015086,0,0.13994094236027602
FR019475,0,0.005551654080131581
FR003309,0,0.02226930577354087
FR002957,0,0.03127081490578105
FR005688,0,0.0031770007696665047
FR019020,0,0.01600577502835307
FR015498,0,0.01645684881417676
FR019147,0,0.014460584063461382
FR014362,0,0.006389259857538146
FR011906,0,0.005615590041641381
FR009356,0,0.003646298187220364
FR003912,0,0.06809043081590031
FR019357,0,0.005020526553248938
FR001865,0,0.02781294692567576
FR002611,0,0.009552099685642277
FR004780,0,0.0033791828215294505
FR010685,0,0.0067681754046169705
FR017505,0,0.004687578139216235
FR004195,0,0.005700452870259874
FR019647,0,0.006330379196582817
FR019321,0,0.08427648308364499
FR000747,0,0.006773109785717502
FR003936,0,0.005891780691112886
FR017457,0,0.013973762197725606
FR001908,0,0.05970268486699435
FR014291,0,0.004446535018591173
FR004735,0,0.01044703840805606
FR014157,0,0.11483805997214076
FR000918,0,0.006491313006558616
FR010603,0,0.0034191100919745234
FR007445,0,0.006505941940642495
FR008039,0,0.014688124570224214
FR017283,0,0.009307696274477285
FR012647,0,0.005859742441113144
FR014166,0,0.005768334894701798
FR001377,0,0.013642815939826816
FR001128,0,0.008917733321603746
FR013492,0,0.00670496099807058
FR001449,0,0.004877857336019517
FR016055,0,0.018846928296528283
FR008699,0,0.00730926814486376
FR004081,0,0.041100190479704334
FR002289,0,0.004284834201112669
FR007742,0,0.000159369150965653
FR004253,0,0.05200527025436836
FR000402,0,0.004794184003598623
FR009814,0,0.017667495793927294
FR002737,1,0.023729362491520495
FR013962,0,0.011497929242029565
FR011091,0,0.019218455997151357
FR011226,0,0.014771845660522705
FR015032,0,0.013253637589742373
FR003322,0,0.017372385709352726
FR014522,0,0.012274208445296135
FR005027,0,0.006407166150603845
FR004475,0,0.03520240405046559
FR000027,0,0.0051017525384482315
FR004876,0,0.004525025956003616
FR013898,0,0.005775118922683776
FR016262,0,0.008537396500580823
FR011310,0,0.011645616712415425
FR004481,0,0.012835821869759028
FR019423,0,0.023186320960051868
FR006948,0,0.006372386706841117
FR008870,0,0.005042260654951933
FR011511,0,0.01527458736802136
FR001203,0,0.008119331659204171
FR012682,0,0.005694780293988716
FR015219,0,0.01837996232420148
FR009043,0,0.004279388056811997
FR007110,0,0.005949646086897777
FR008095,0,0.010419557767273319
FR009259,0,0.010326570420543952
FR012088,0,0.006629995195155219
FR017380,0,0.015735731250277742
FR008825,0,0.012295030063024003
FR002309,0,0.00973022201233996
FR005919,0,0.0037020677647927754
FR004421,0,0.0072535582630195924
FR019080,0,0.004975599382587979
FR014502,0,0.009306195535788642
FR001318,0,0.004350597782019321
FR008144,0,0.005306005542331894
FR010368,0,0.012948136145024892
FR012588,0,0.011157450135502135
FR014745,0,0.008528488070192691
FR013423,0,0.01144752247174042
FR006897,0,0.0035034959410757335
FR008326,0,0.008420610511175418
FR000959,0,0.004525152032686047
FR005664,0,0.007135245143646242
FR001969,0,0.0025829305322601407
FR008198,0,0.003149656164376919
FR018343,0,0.016481013586937248
FR009046,0,0.008046771913519418
FR002493,0,0.0052381035199002566
FR018323,0,0.003371781535965533
FR001773,0,0.008170230187459392
FR019656,0,0.003889228899587535
FR011470,0,0.009827523105227803
FR018911,0,0.017831210867120213
FR003599,0,0.00415363952954242
FR012653,0,0.003190861733170284
FR016556,0,0.0055388396652317
FR010578,0,0.00658385038034905
FR019551,0,0.006237987795410324
FR015758,0,0.008462473332564288
FR007091,0,0.0022192151316615346
FR002157,0,0.0028230504431838027
FR017689,0,0.009033368704457284
FR004256,0,0.004178548941788689
FR007555,0,0.006928362296573301
FR015868,0,0.004412622964558059
FR008262,0,0.00865481784744221
FR013246,0,0.008049065109119343
FR013449,0,0.00748346593056045
FR008914,0,0.03286528577811596
FR008115,0,0.005636299960323228
FR002312,0,0.013807948898598217
FR003494,1,0.0036862407794152085
FR008360,0,0.020513980619297243
FR008207,0,0.005952479265119131
FR000274,0,0.007695242898584513
FR007975,0,0.015476553573211038
FR000538,0,0.00991634571171846
FR010544,0,0.02409578184151291
FR006946,0,0.00385435175632502
FR000066,0,0.00806046035605522
FR014641,0,0.015394077622258986
FR018648,0,0.013053272957683782
FR007155,0,0.008579081575416106
FR006370,0,0.018378445368549687
FR018787,0,0.004217324887224171
FR006552,0,0.011156913014791728
FR009012,0,0.012034372979919295
FR011746,0,0.004627693366034957
FR006409,0,0.006589808299146523
FR004673,0,0.006656948393463993
FR013638,0,0.004304348835902634
FR013697,0,0.0048319579972599105
FR000686,0,0.03818911316275792
FR009201,0,0.019763213508081273
FR014990,0,0.0025383714165813976
FR007993,0,0.008243562913639367
FR012167,1,0.021726035310348214
FR018977,0,0.005314738482377796
FR005878,0,0.0022973384819255168
FR016520,0,0.0038043897226941858
FR006760,0,0.004952371059148691
FR014608,0,0.004563832249671892
FR012049,0,0.0028731354948267666
FR019204,0,0.004677841410551903
FR019547,0,0.022221400892246005
FR015276,0,0.024941794595429247
FR017330,0,0.006111132354855918
FR002317,0,0.00501382030833055
FR003621,0,0.0029556092258857893
FR012407,0,0.009177095034259904
FR016317,0,0.0054728623273620014
FR011815,0,0.019743077001918134
FR011461,0,0.0043429108115065
FR001289,0,0.004114843619143331
FR019077,0,0.03853496217120552
FR013200,0,0.009034516882787844
FR010073,0,0.006276438173117709
FR014731,0,0.006057906874392355
FR003902,0,0.05818335313184109
FR019650,0,0.0009405161044913323
FR013519,0,0.055533273248423935
FR003741,1,0.3598933936148914
FR005636,0,0.006570369692526618
FR014351,0,0.005962461673867582
FR003121,0,0.007727112682479037
FR002543,0,0.0049245622194953745
FR005266,0,0.005173487898545907
FR017539,0,0.0052984893726907055
FR013639,0,0.008334287376794154
FR005060,0,0.011039492881479679
FR004930,0,0.03803861954780823
FR010933,0,0.00882272674559664
FR011582,0,0.005191155730903906
FR001805,0,0.005711896374558211
FR015927,0,0.01033955133062286
FR004945,0,0.004958519177079263
FR018774,0,0.009975944375272062
FR007634,0,0.003828416304924495
FR017922,0,0.013763898703187678
FR018302,0,0.026218538772553767
FR008029,1,0.3828079115977281
FR014952,0,0.0309786727974965
FR004844,0,0.04008105768333608
FR006437,0,0.0054764460809232285
FR013776,0,0.0008787082004792245
FR016100,0,0.004833941918652668
FR004889,0,0.009385346608292933
FR010421,0,0.004134326412355695
FR000494,0,0.008687633836298315
FR004231,0,0.030086530666546273
FR011478,0,0.01154827852314755
FR012847,0,0.0071373193064036946
FR000369,0,0.1458647515257523
FR018880,0,0.033646990378785414
FR016015,0,0.007765239378042472
FR003926,0,0.09778502105971161
FR003637,0,0.0030192333183647253
FR008732,0,0.004089186757354196
FR016246,0,0.03469263795401172
FR019172,0,0.008286180477760578
FR018640,0,0.011778421957639897
FR004603,0,0.006004455924090518
FR000060,0,0.009746015809209552
FR018382,0,0.00763101932308801
FR019535,0,0.0077879850499594575
FR018043,0,0.0040722687766529585
FR018428,0,0.01848446725314341
FR015983,0,0.006519634873162532
FR005412,0,0.04258201734522162
FR005906,0,0.002458722930253496
FR012851,0,0.005939110981537905
FR003172,0,0.005915777332818892
FR016628,0,0.051561555028236734
FR009048,0,0.007232727923937847
FR003250,0,0.005518870691057848
FR018718,0,0.005047318129099445
FR002823,0,0.0055453234855443135
FR007626,0,0.005035774970004959
FR017871,0,0.006015425538783784
FR017929,0,0.003940000899314893
FR004591,0,0.015859552126545433
FR005859,0,0.006328891790123481
FR010168,0,0.04075249501052772
FR008363,0,0.0025900534130475065
FR015536,0,0.029249332614593004
FR003592,0,0.03939648766389942
FR018628,0,0.05120993109588493
FR001070,0,0.026299318106636382
FR019604,0,0.023070398637903024
FR004145,0,0.006064785733195579
FR002598,0,0.014207789638058459
FR009921,0,0.006418084353075157
FR004969,0,0.004308339079591277
FR018384,0,0.011669686656807355
FR010454,0,0.02130273154365729
FR003511,0,0.010515191540548849
FR011237,0,0.010551230983008253
FR014442,0,0.00602111751346153
FR013980,0,0.006866691549697493
FR005285,0,0.00628569213479854
FR018432,0,0.017228279815214215
FR002184,0,0.007638409365552106
FR017257,0,0.0021974442159951404
FR014488,0,0.010283130400801449
FR001854,0,0.010559670125491189
FR012558,0,0.01505691652406492
FR017259,0,0.008561302580728587
FR000777,0,0.005469757927684637
FR002106,0,0.01437933514838235
FR006073,0,0.017618697367272024
FR000637,0,0.019542787405534383
FR009168,0,0.013583121172908082
FR011848,0,0.00417910165083005
FR017537,0,0.02450766435889727
FR001405,0,0.006472630347842071
FR002052,0,0.003311474459062856
FR007136,0,0.02006320639253191
FR019043,0,0.006951679538894449
FR006694,0,0.0077237778920392864
FR017351,0,0.004600691647606765
FR000341,0,0.008216566460576507
FR012592,0,0.0061997337006961415
FR016418,0,0.0058505895292413805
FR010337,0,0.008730215274910573
FR016458,0,0.006651021969854034
FR011355,0,0.006777444821241116
FR001221,0,0.0059277595888335526
FR012430,0,0.006983412248972782
FR019395,0,0.011616027143500495
FR005064,0,0.0035102546165100223
FR008893,0,0.006658199070285728
FR014704,0,0.01843631062503626
FR010431,0,0.005104930717027692
FR019383,0,0.008263370893923339
FR012466,0,0.0077818588501500086
FR017970,0,0.005553918534474953
FR013706,0,0.004175922246127214
FR014956,0,0.01648008191143345
FR018581,0,0.005299369009935149
FR004568,0,0.015057540176702777
FR005499,0,0.009447525831336451
FR015406,0,0.002946527485170597
FR008291,0,0.0032963576966668962
FR017807,0,0.009702149865605917
FR005157,0,0.0048598203991471025
FR012687,0,0.0033519015157734435
FR007889,0,0.0311707757735445
FR015870,0,0.008911758773192573
FR018287,0,0.0036717189523886584
FR016607,0,0.010286201292544081
FR003524,0,0.018655071400015804
FR013105,0,0.0194862164068087
FR009426,0,0.004059745458714789
FR014876,0,0.007559621239716433
FR019307,0,0.005766083687571737
FR011408,0,0.007496732934015882
FR009421,0,0.00341357214733895
FR015873,0,0.004313443653984276
FR006146,0,0.007385387862138379
FR008923,0,0.0029341186008832575
FR004963,1,0.39541063808725085
FR016704,0,0.003952948428643077
FR004974,0,0.004801245580557415
FR004757,0,0.007152586444759707
FR006980,0,0.004126235909015547
FR011492,0,0.01785356890052853
FR018282,0,0.022088949858392895
FR002062,0,0.0035120211798612584
FR011703,0,0.00580394696796136
FR006013,0,0.01777534702415892
FR004517,0,0.006801157609742929
FR009008,0,0.03873205713452718
FR008961,0,0.008869426295306652
FR018021,0,0.004112003376099001
FR013508,0,0.012550590728044842
FR012157,0,0.03571042917818513
FR007230,0,0.005752888879301879
FR003008,0,0.0038625447843479107
FR005651,0,0.012666819480525763
FR015210,0,0.01410070056862498
FR014093,0,0.005744008836489226
FR015300,0,0.0026221891607921626
FR014129,0,0.0055461816036262365
FR013398,0,0.005076470204939253
FR017947,0,0.007535967189551028
FR003044,0,0.013682714086698194
FR017532,0,0.019919055829909677
FR004538,0,0.056548283468670524
FR013730,0,0.004047432002488956
FR009821,0,0.006152170305677583
FR019408,0,0.003342065284199259
FR009054,0,0.012043135400631108
FR002444,0,0.005661224616098755
FR010776,0,0.029299454704186104
FR000921,0,0.029732037840820222
FR001606,0,0.02433153501637679
FR015818,0,0.0030273935873185594
FR008096,0,0.00911989894435337
FR003037,0,0.006547087754038006
FR003293,0,0.010999112501012903
FR012076,0,0.005666578195559419
FR006382,0,0.004881168746343984
FR000339,0,0.006914953455092198
FR005024,0,0.0039288447889479815
FR007047,0,0.005406874916392821
FR004492,0,0.030943144934536853
FR001834,0,0.004814378549055954
FR005520,0,0.004606283175627851
FR006086,0,0.04688383872232791
FR015397,0,0.01941381286043365
FR004909,0,0.007200434412043398
FR015901,0,0.07386431490944141
FR013150,0,0.03224270927609902
FR017592,0,0.0038661653496971627
FR006982,0,0.02343368548966066
FR000377,0,0.005674332183484824
FR018537,0,0.005360989388807781
FR004960,0,0.011871151741398522
FR000448,0,0.009732873765320017
FR012191,0,0.0037665129110802096
FR012836,0,0.009627971281148348
FR004628,0,0.003672007311340328
FR014274,0,0.016449360824302307
FR003824,0,0.05054100685905937
FR001099,1,0.04646068455577143
FR011502,0,0.00412260382140641
FR008030,0,0.00790026656127824
FR005933,0,0.012531856003655473
FR015634,0,0.021113309390681952
FR008068,0,0.004050350513089807
FR011916,0,0.0016371658834692388
FR004796,0,0.0142361782150242
FR009085,0,0.0037525710317587537
FR013649,0,0.005256376329391142
FR000850,0,0.0028359474678359606
FR000770,0,0.009099636387469643
FR010765,0,0.008711520766268348
FR013564,0,0.01672830770218801
FR015744,0,0.006804975933728259
FR005555,0,0.009523831351007985
FR010491,0,0.007151854028244809
FR008140,0,0.045948384698270554
FR012116,0,0.005519458629433035
FR000975,0,0.004265772971948991
FR009280,0,0.004930494806121565
FR014092,0,0.005836647580295215
FR008508,0,0.017461204959683462
FR001814,0,0.03300836583352771
FR000709,0,0.014367228528716086
FR010736,0,0.008819272432695592
FR015100,0,0.016759605381782672
FR009351,0,0.018261184066210735
FR002426,0,0.028784810722043936
FR016698,0,0.004670317582306577
FR015789,0,0.07057987462165838
FR018420,0,0.04742719634758987
FR009623,0,0.045080465823346384
FR004188,0,0.03494690339900793
FR001435,0,0.006788967915207916
FR012965,0,0.0043282450844977375
FR004333,0,0.007056394046245181
FR017171,0,0.010694250745695947
FR005118,0,0.019931728401854063
FR015106,1,0.03340673614294508
FR008940,0,0.0020409887930057133
FR002900,0,0.004236928560114021
FR010027,0,0.038070190218048354
FR014995,1,0.06610963572851025
FR009135,0,0.006936942144129636
FR018941,0,0.0021807573778367517
FR010270,0,0.04640190918851623
FR008892,0,0.003239838000240773
FR017607,0,0.0031707902990050084
FR012318,0,0.006194733493903576
FR001795,0,0.017108322699426835
FR016314,0,0.004306624518394441
FR017166,0,0.011518896874908764
FR019800,0,0.007913181714132822
FR005798,0,0.008561848284522292
FR014000,0,0.012219410856968684
FR014589,0,0.00675939568108204
FR017468,0,0.007658546794639852
FR007275,0,0.015716835977088155
FR009916,0,0.012169248333396825
FR001035,0,0.01395164098617202
FR018686,0,0.018177072977905193
FR009892,0,0.009026337387040883
FR014560,0,0.02219056769112351
FR003831,0,0.006085484623748179
FR006976,0,0.03670452756105591
FR015823,0,0.008063097718280034
FR017601,0,0.005082022370956835
FR014968,0,0.00743027038483804
FR010051,0,0.008059512166487117
FR001824,0,0.01326075647473623
FR011229,0,0.004404101275839485
FR017528,0,0.014638377349115883
FR004206,0,0.002970702559539773
FR014800,0,0.01583048662769577
FR015837,0,0.00474131679699134
FR012237,0,0.05372053906942462
FR000434,0,0.004995316868394728
FR012739,0,0.015278222883191984
FR018101,0,0.01416842126590643
FR017466,0,0.0032822690515015196
FR013810,0,0.02729752513168916
FR013410,0,0.00943302239896538
FR012593,0,0.009891826170978496
FR006462,0,0.04466826232129593
FR000455,0,0.005685863557376124
FR001051,0,0.00720581755572033
FR014555,1,0.10609601313656492
FR000431,0,0.012022436041590338
FR001733,0,0.02583458015393196
FR006510,0,0.005344186425788072
FR002050,0,0.018229094178960122
FR012976,0,0.013788101825629862
FR008867,0,0.03629181481929893
FR014020,0,0.005078623539456868
FR014752,0,0.06484055657424671
FR006096,0,0.018372681485168175
FR013809,0,0.008398267264384605
FR006270,0,0.030606411985307766
FR011316,0,0.013899334772760267
FR013515,0,0.020281219129733435
FR015345,0,0.015320790303910314
FR008382,0,0.011723115914130394
FR017594,0,0.009453696762693713
FR008110,0,0.01407283491814565
FR013285,0,0.006088426781633761
FR017583,0,0.012962260195064912
FR001843,0,0.004059180953232974
FR014934,0,0.015797726472456676
FR007947,0,0.015329234972134724
FR019490,0,0.01118161438195664
FR008431,0,0.004004681939816706
FR007798,0,0.028065250377758515
FR011499,0,0.007799009022622049
FR007610,0,0.3827086441086305
FR005610,0,0.003112635716189022
FR008904,0,0.008380631246327418
FR014965,0,0.028227571315124437
FR008369,0,0.029953560385882344
FR011533,0,0.004518759551466473
FR015416,0,0.004444619917861149
FR006572,0,0.005982095858799743
FR018887,0,0.005449037498413423
FR018118,0,0.013885011222319119
FR001073,0,0.028336694767211
FR001132,0,0.004517803877597979
FR009276,0,0.004868666021266702
FR013961,0,0.00514644621157576
FR008243,0,0.003792896990966419
FR007893,0,0.00887150122439473
FR011371,0,0.03473818940595805
FR011997,0,0.008190748296707557
FR008465,0,0.006995876633589362
FR016254,0,0.0057515717731227685
FR016263,0,0.04356554538916101
FR013741,0,0.003638359534529774
FR010701,0,0.006932390878476582
FR019768,0,0.005452470791360897
FR007301,0,0.004018781092893044
FR012292,0,0.01859643201444398
FR015707,0,0.00442275920716152
FR014844,0,0.01697461044004991
FR012719,0,0.015274273164170087
FR016688,0,0.005490749775169585
FR002961,0,0.0067183927046940576
FR004241,0,0.005345422915146232
FR012367,0,0.04384616487278547
FR017817,0,0.04773788911903539
FR006341,0,0.028751587601228312
FR009964,0,0.005171944817567389
FR009768,0,0.010617459912301655
FR001482,0,0.023854230230792695
FR016829,0,0.004842017409483527
FR010286,0,0.014511542450091876
FR008795,0,0.01604003525589143
FR018748,0,0.003565602565731775
FR001153,0,0.005786649126720322
FR008947,0,0.007596452006196792
FR004148,0,0.012341113859751186
FR011694,0,0.008479281222077896
FR018011,0,0.009504395527897514
FR004947,0,0.00573074701419878
FR019117,1,0.024177998879569448
FR001162,0,0.017269433059637372
FR003372,0,0.01569900661092742
FR011400,0,0.00741607432406022
FR014949,0,0.00450922095815914
FR011800,0,0.008418454074207946
FR013384,0,0.0038029740724475655
FR002001,0,0.004324519446382384
FR018123,0,0.02020299444779833
FR014215,0,0.056087308700055384
FR007741,0,0.010761889152931164
FR019343,0,0.00908501207249295
FR015829,0,0.01068588258379679
FR001623,0,0.029453475641193615
FR014501,0,0.01946007912486013
FR000930,0,0.002916691439681318
FR011633,0,0.005055502778483582
FR017756,0,0.006418370953171995
FR009580,0,0.020383757986079158
FR017459,0,0.006221436003530836
FR008612,1,0.4186605702443491
FR013235,0,0.01502416011312331
FR009380,0,0.004896157562588558
FR012790,0,0.023331201738064425
FR010793,0,0.00667601091555258
FR009849,0,0.01247494692111232
FR003715,0,0.028693903750174166
FR010717,0,0.009467555496607575
FR001248,0,0.03300082483769976
FR001473,0,0.003943369215788654
FR012973,0,0.004647539248820121
FR013763,0,0.005703580813387676
FR014002,0,0.012210677282509777
FR016757,0,0.011111647513877256
FR019345,0,0.0438061481836157
FR007381,0,0.004755355113546801
FR018014,0,0.007818753888180185
FR011838,0,0.0661390452760241
FR006141,0,0.1679631060375133
FR008248,0,0.008536164935064114
FR004570,0,0.008131949842168815
FR009097,0,0.02509317554846441
FR010965,0,0.024235385467860606
FR001757,0,0.013787525154150014
FR017810,0,0.003231948223229187
FR003337,0,0.003059976911836035
FR008849,0,0.005388154764321176
FR003874,0,0.09845773461623604
FR017663,0,0.005764908926832611
FR012758,0,0.007200610527208914
FR015109,0,0.02882357700982283
FR012652,0,0.01369225390656202
FR001615,0,0.001946629509821349
FR019186,0,0.02038810577671876
FR013920,0,0.01348149783094872
FR019658,0,0.00818956204217483
FR013094,0,0.03437653874340203
FR013089,0,0.004646592151576475
FR019750,1,0.008256743423624332
FR012772,0,0.0038055076731569565
FR018508,0,0.01727614982774438
FR017110,0,0.004589310555108985
FR010030,0,0.009883633326912956
FR010143,0,0.02708033721106058
FR000166,0,0.0024760832593958143
FR012063,0,0.002562284239586937
FR003513,0,0.003196153329382287
FR018957,0,0.0220979952363782
FR015826,0,0.011066461337976924
FR013232,0,0.01213644585081719
FR014711,0,0.004437644487471079
FR000623,0,0.004238665195349309
FR012581,0,0.004268838732936364
FR000480,0,0.003333032327487035
FR001653,0,0.021646503436705652
FR013808,0,0.014579222835269948
FR017374,0,0.025470548632670145
FR015059,0,0.04401855526002137
FR015216,0,0.023849951005137458
FR011780,0,0.009027186149560192
FR012808,0,0.009743574241290116
FR013465,0,0.012917562518479775
FR003747,0,0.009235539870067389
FR014203,0,0.007194302875949975
FR000760,0,0.00471298186421537
FR000383,0,0.006279676619312423
FR016197,0,0.004041344748506485
FR000601,0,0.026618151355622354
FR005618,0,0.01671586473704467
FR015332,0,0.008282898058443412
FR019709,0,0.009893076557559959
FR013016,0,0.007157516904063845
FR004448,0,0.006740703504430785
FR008118,0,0.0076308679973103935
FR010007,0,0.01826174954874993
FR011626,0,0.06989600151787745
FR014305,0,0.004672152748360418
FR010351,0,0.008532202388351557
FR017900,0,0.007984198090663945
FR004154,0,0.015010416768364981
FR013290,0,0.018629459389491263
FR003461,0,0.01032338674165751
FR015890,0,0.008662140118755537
FR004778,0,0.0075753819907290925
FR010649,0,0.00365933123755788
FR004747,0,0.003986267642995668
FR000756,0,0.00441950360106072
FR015313,0,0.00612211326842886
FR004781,0,0.0036601064766776936
FR002265,0,0.024683898736822002
FR005041,0,0.003152246172374374
FR007027,0,0.009675126434176914
FR015612,0,0.01740306818169403
FR000585,0,0.004012150057911413
FR010212,0,0.015116200577444318
FR009372,0,0.004620212817518906
FR005566,0,0.008147010562300862
FR017846,0,0.09964988806510085
FR019712,0,0.008100286444787552
FR011053,0,0.020905900543484155
FR000368,0,0.0049014123680798044
FR017432,0,0.005353179986754892
FR013439,0,0.0023668790542196905
FR013760,0,0.009303485837758122
FR004942,0,0.00031694727442097643
FR002113,0,0.043824372611427985
FR017218,0,0.01187720309871679
FR000750,0,0.025568688345653626
FR002881,0,0.00423350642131279
FR010789,0,0.015405335099776526
FR017488,0,0.005553204966194616
FR009664,0,0.015005373351082851
FR010861,0,0.007301941476115296
FR012611,0,0.01941556883391878
FR001362,0,0.004563100583431454
FR000871,0,0.00716388693756351
FR018183,0,0.0021264984184879454
FR015957,0,0.009659718291290982
FR011832,0,0.004012528843567072
FR006236,0,0.012202694929065018
FR014087,0,0.0026747442985705
FR017016,0,0.035225900456132976
FR005572,0,0.0051977387038604625
FR002665,0,0.024735484477588738
FR011700,0,0.004018882235152774
FR000230,0,0.005624578519676317
FR009374,0,0.003907079639475876
FR002152,0,0.01654388368250295
FR013756,0,0.00829316277173956
FR016043,0,0.021798584721407676
FR000047,0,0.008603955919288421
FR007803,0,0.00743417816567344
FR013691,0,0.0069604176072451665
FR004400,0,0.004016215748391357
FR001603,0,0.004823302623590492
FR002047,0,0.008745599006937464
FR003013,0,0.008583561311075162
FR008592,0,0.0034420470273836025
FR019078,0,0.01803337041351719
FR003632,0,0.010819482801272082
FR012043,0,0.0024561429513055475
FR010680,0,0.0063286779933426586
FR019099,0,0.00465352279658066
FR011709,0,0.014208625818309848
FR005871,0,0.020393766167857045
FR012723,0,0.003704099866907047
FR015591,0,0.028665224812476995
FR004002,0,0.005430923036042719
FR006677,0,0.004225709219963997
FR011685,0,0.013865532334488192
FR005138,0,0.012184483851989397
FR015519,0,0.016284533490348935
FR007828,0,0.0033820370549239045
FR019770,0,0.0066053544874922045
FR000541,0,0.005194941462821588
FR014158,0,0.009619597752742265
FR016160,0,0.028560456397913127
FR001679,0,0.014323876880965538
FR003922,0,0.006790061567561299
FR000895,0,0.01082242957876727
FR015147,0,0.020353156097593684
FR008809,0,0.03222110624354658
FR007369,0,0.004550063635913783
FR012410,0,0.01941492366385808
FR018530,0,0.01114177671351513
FR001946,0,0.03294146604953351
FR015852,0,0.007400150202722249
FR004508,0,0.007225291004168531
FR004656,0,0.022670374257851355
FR019894,0,0.01499647857392943
FR011875,0,0.008306966810258923
FR010770,0,0.020946863139224142
FR001300,0,0.009424776981251087
FR018328,0,0.013797868334060897
FR006211,1,0.024834516252293288
FR008996,0,0.006273498604983298
FR001160,0,0.007527987293523775
FR004640,0,0.01163955368410314
FR001941,0,0.014739213339360272
FR004579,0,0.19168262529946323
FR003670,0,0.00736345398825165
FR018346,0,0.21058917061591023
FR006923,0,0.037309002407719685
FR007553,0,0.002125284822874839
FR002909,0,0.003236535706231209
FR009949,0,0.017825194089359245
FR001001,0,0.00574500890053109
FR006213,0,0.02146764190955866
FR006362,0,0.005282282600720771
FR007420,0,0.03157210468493347
FR008624,0,0.004461606759547259
FR006375,0,0.006446161145128676
FR018037,0,0.010616708594283665
FR018040,0,0.0031511089327201217
FR012926,0,0.0074106709557212914
FR010538,0,0.005305619986543229
FR015755,0,0.132485387602407
FR012421,0,0.006012360900649355
FR012680,0,0.012437632447653077
FR018407,0,0.05731835303840272
FR017133,0,0.00493614880712633
FR011054,0,0.018226174966785687
FR013211,0,0.017448714933365635
FR013786,0,0.0185083738636608
FR009190,0,0.009406117837753768
FR005936,0,0.007057378256990772
FR010994,0,0.006811446095639038
FR000072,0,0.014126060738294477
FR019011,0,0.005855785787022522
FR017354,0,0.013712976757878421
FR007651,0,0.0023830342482960374
FR012152,0,0.007241727633336271
FR010733,0,0.006795811867197444
FR019900,0,0.04371244329455045
FR013194,0,0.01021399047054239
FR009218,0,0.006176596571161367
FR006490,0,0.00851309641849818
FR012995,0,0.006738293166453854
FR004578,0,0.0036326388324517864
FR010867,0,0.0060457425862801215
FR003642,0,0.01172379894540504
FR012931,0,0.003570893309617421
FR013059,0,0.009651183234538474
FR014419,0,0.009813326500368478
FR003458,0,0.007591361103796241
FR008783,0,0.009416024795409693
FR007757,0,0.00807253306415402
FR001204,0,0.004833722764579614
FR018269,0,0.0146631038388949
FR009090,0,0.00727126229756269
FR019138,0,0.03723628756232592
FR013223,0,0.03211265302520292
FR013532,0,0.00563559143377855
FR008149,0,0.0075733493330916056
FR003745,0,0.00987887008908773
FR009988,0,0.005917784149497586
FR018773,0,0.012764695488069
FR007433,0,0.0035916342806932232
FR017728,0,0.002146256404111132
FR006522,0,0.006882593357406985
FR014432,0,0.010424374492619579
FR007746,0,0.12968429781193774
FR015348,0,0.016352247593040773
FR010516,0,0.011271846154249325
FR012255,0,0.06717498105512804
FR017206,0,0.02193275049908149
FR015715,0,0.011049569759842963
FR006871,0,0.010309942834839757
FR019196,0,0.01851805693662206
FR001298,0,0.006318365885427581
FR004318,0,0.01667942571110875
FR016097,0,0.009696061527360576
FR000742,0,0.0029262259920742315
FR010761,0,0.002689208757996543
FR011759,0,0.006293612089555474
FR010695,0,0.002762627973117353
FR013343,0,0.011985463245769892
FR008373,0,0.0035746328327792517
FR004710,0,0.022988739897192464
FR000482,0,0.0080749459432248
FR013831,0,0.03771266323887607
FR001385,0,0.030468639408723314
FR011222,0,0.008940874911446158
FR016751,0,0.0048353527285393645
FR017124,0,0.01957336052609052
FR005382,0,0.0128739993183834
FR003446,0,0.02031265958592213
FR003128,0,0.015090308716022858
FR005844,0,0.06361910226407246
FR014505,0,0.003266440191307655
FR002529,0,0.005322282612469459
FR004128,0,0.00722895904443464
FR001243,0,0.006952365259693699
FR006573,0,0.0038950849442170843
FR016496,0,0.012640357760277702
FR015160,0,0.011604346923040548
FR000180,0,0.013395234941946365
FR012691,0,0.0033400898759194026
FR011089,0,0.003045189752660623
FR009308,0,0.014387892772556305
FR013796,0,0.034105042837551426
FR002273,0,0.013454935139956296
FR000661,0,0.01104297377948224
FR009946,0,0.006114454367414012
FR006127,0,0.020633729718432258
FR018685,0,0.005217224956969074
FR013401,0,0.0048903027827091545
FR016750,0,0.020202075914764223
FR014650,0,0.013647907746277374
FR009507,0,0.012773104600193867
FR008765,0,0.0050678354083121884
FR000022,0,0.011355095907744491
FR017445,0,0.005084500583188919
FR003087,0,0.0029519931032986006
FR005806,0,0.00678227744324688
FR017280,0,0.01461674806636553
FR011432,0,0.012517413110414197
FR004705,0,0.03640067561652194
FR009057,0,0.011072817960965773
FR016858,0,0.019027892534349118
FR004975,0,0.003055100749938943
FR002351,0,0.0037216881841143075
FR006439,0,0.008956537785642675
FR001684,0,0.005605990717967816
FR014401,0,0.07111239302615059
FR007069,0,0.005537342607711197
FR000290,0,0.0028889235927374106
FR016565,0,0.014396424680240332
FR012204,0,0.017416274232100487
FR014621,0,0.006432405289324753
FR014294,0,0.0036700516628481532
FR001305,0,0.014920872536865573
FR014181,0,0.05272447070464311
FR011846,0,0.004090913276147082
FR008516,0,0.0026014309544292826
FR000106,0,0.013874575832923319
FR018415,0,0.00711370455184965
FR019954,0,0.0058094750800801315
FR016489,0,0.010120174883716188
FR008489,0,0.005945658737638249
FR019890,0,0.006950673056527076
FR013510,0,0.010480318721355644
FR007276,0,0.006321486633569041
FR015700,0,0.07243478246964367
FR007511,0,0.011782847359691576
FR014868,0,0.015779506064926743
FR003726,0,0.005598891020209753
FR004275,0,0.01908986809769878
FR003003,0,0.003084453044138303
FR016235,0,0.016287734171915428
FR019051,0,0.0513226507332405
FR017286,0,0.013134401209598993
FR000980,0,0.005517896135516596
FR015854,0,0.011203710735590766
FR017009,0,0.005953703291824686
FR017541,0,0.00704925832614322
FR009725,0,0.006374006058413596
FR009142,0,0.007131689723832449
FR016059,0,0.0025412816180331497
FR011847,0,0.031616575015942096
FR014827,0,0.004703333386991077
FR003207,0,0.004659520715329038
FR013197,0,0.004050752522483449
FR018736,0,0.012227500897164309
FR017350,0,0.021739693910859614
FR008467,0,0.003289981712725575
FR004258,0,0.004142817543777397
FR012944,0,0.010818370003211184
FR006402,0,0.019401951745656783
FR003179,0,0.03655698124582463
FR006476,0,0.009760761752455395
FR018625,0,0.0608780057059799
FR001396,0,0.010073334835774682
FR018683,0,0.005214514988423335
FR002023,0,0.006224372683697948
FR014344,0,0.011600440719187923
FR003331,0,0.011822605101160453
FR008201,0,0.012583749956207283
FR004827,0,0.004947022674633744
FR008031,0,0.005805001528419686
FR019257,0,0.12989528809862244
FR006244,0,0.003831257754849722
FR004888,0,0.0030406576172286675
FR005395,0,0.02890587582811129
FR019666,0,0.006885429037963304
FR013331,1,0.014143530026386651
FR013072,0,0.02260969820380619
FR010062,0,0.01018183578057489
FR015849,0,0.02207891375775135
FR012542,0,0.006173602554825357
FR014266,0,0.004404488382243526
FR012205,0,0.020119543127873857
FR009808,0,0.007740098008175367
FR007785,0,0.004177965246697181
FR001206,0,0.0069738164364523915
FR008141,0,0.028909206442534117
FR012369,0,0.01149004907728148
FR008572,0,0.005236631431545191
FR000170,0,0.005897824176538259
FR004732,0,0.024688924131513246
FR001678,0,0.044814302970030834
FR010766,0,0.0043583455590571795
FR011517,0,0.02099140688410055
FR004482,0,0.006623590018478645
FR014355,0,0.006835188764435729
FR010087,0,0.011447947141154472
FR001171,0,0.0056862514337155
FR013312,0,0.043004618342472704
FR001142,0,0.011814241551108275
FR008641,0,0.08982031382635508
FR003136,0,0.0039705374737591375
FR007712,0,0.016300844868321132
FR008810,0,0.0036229721126521466
FR015168,0,0.019884810772433013
FR006337,0,0.002434402344821224
FR014095,0,0.012553690734022717
FR006103,0,0.003979060478748531
FR014115,0,0.008284174161190956
FR007941,0,0.03352976278939671
FR019515,0,0.026561830780391055
FR014454,0,0.013782403444747798
FR001115,0,0.04089510365482695
FR000565,0,0.014496001468112146
FR011958,0,0.021253635686592415
FR005642,0,0.005299428460983559
FR003017,0,0.006432837646758271
FR014661,0,0.00349948633299913
FR006515,0,0.01424616975362146
FR009404,0,0.004038550923032474
FR000804,0,0.00577086614402789
FR007256,0,0.006365944634803178
FR002688,0,0.003919024421112586
FR011596,0,0.002716170605546048
FR013156,0,0.007542970427654845
FR015264,0,0.005275936121338687
FR005009,0,0.009968526895504362
FR017865,0,0.02101167383271629
FR014539,0,0.005012229873284159
FR015769,0,0.027715733512649065
FR014449,0,0.004991817769492493
FR016544,0,0.004350668051636616
FR004846,0,0.006865581367142263
FR003638,0,0.025693851342763713
FR000727,0,0.0028581138763438194
FR006155,0,0.022265013551393056
FR013345,0,0.012561378022462431
FR001307,0,0.014987915927756055
FR019035,0,0.09646523047570559
FR005381,0,0.019155594156197487
FR011900,0,0.005920853869489787
FR001176,0,0.010826977242593188
FR003542,0,0.003247604499698714
FR007585,0,0.05381515795106314
FR010530,0,0.0048490078945604
FR014119,0,0.10289089068140073
FR017753,0,0.021382001991693086
FR012529,0,0.02244804115024102
FR009886,0,0.006016596399855215
FR016056,0,0.012130439806047574
FR000767,0,0.006078798888621617
FR017348,0,0.05406021245402326
FR013047,0,0.006129880355690522
FR014214,0,0.007359974915780144
FR001778,0,0.020913407454784785
FR006803,0,0.009869800349739867
FR015392,0,0.008121498561314333
FR014933,0,0.02593888069097558
FR015645,0,0.004297072572708886
FR004103,0,0.006945269054041077
FR019597,0,0.010780482819733697
FR015246,0,0.008182974106860136
FR009693,0,0.04568545189295945
FR003140,0,0.005080777326740616
FR001271,0,0.012252497139313817
FR012165,1,0.4945184986835809
FR004850,0,0.0038175405978336553
FR016545,0,0.009096808470426529
FR016238,0,0.006252367120701153
FR000658,0,0.02637411223284984
FR016201,0,0.00860245836822116
FR004249,0,0.0038292455827008422
FR013090,0,0.004559265297255574
FR007227,0,0.002872152192800913
FR018511,0,0.040089647163416745
FR010970,0,0.0067446316671974545
FR017227,0,0.008375757289593213
FR019338,0,0.004221416912522521
FR013040,0,0.0038965556720820193
FR017327,0,0.004507242307507472
FR005900,0,0.03383750721140665
FR008474,0,0.025222582056853658
FR009300,0,0.01586094459777068
FR003119,0,0.006192205997347666
FR002462,0,0.01898741768835389
FR009476,0,0.005272185455353959
FR018403,0,0.014285335478184572
FR003428,0,0.0377977707235909
FR009289,0,0.12000201917896791
FR002548,0,0.012903811875645016
FR002560,0,0.007705017387371448
FR004711,0,0.004550677749738902
FR015284,0,0.008087316929719047
FR014404,0,0.009127670153445285
FR006445,0,0.009506430830959575
FR008038,0,0.023362217594276893
FR007216,0,0.005680335939534977
FR006365,0,0.008462826596879145
FR016163,0,0.0045216261573708125
FR003593,0,0.13496665785884918
FR004663,0,0.013312754383435212
FR007748,0,0.024357857458480393
FR003879,0,0.013355097569877702
FR006856,0,0.008090013967026013
FR005975,0,0.02295364020716938
FR017768,0,0.0005981101232644614
FR011722,0,0.007345209862107967
FR001536,0,0.003883482225474915
FR015247,0,0.02890899182261159
FR010156,0,0.004146821404829015
FR004004,0,0.0032918649686293562
FR008208,0,0.004123323287467538
FR016773,0,0.006186313293077627
FR012879,0,0.011547557227918509
FR008019,0,0.0043047631057027795
FR019054,0,0.005886403807385777
FR003257,0,0.009019405750258018
FR009452,0,0.015170040014142835
FR004519,0,0.002944094094073623
FR006741,0,0.004484298386373975
FR017120,0,0.023055150185260314
FR018728,0,0.00033894044489585245
FR003023,0,0.00880714095085647
FR019819,0,0.004504870069930074
FR001782,0,0.0038213292334503372
FR017935,0,0.01374930161306613
FR018270,0,0.010627615486542183
FR001937,0,0.025767531266482305
FR006642,0,0.006603892297687902
FR014185,0,0.005327065178581284
FR009825,0,0.006039965082354714
FR017920,0,0.01733573237046303
FR002210,0,0.01657449924235329
FR014992,0,0.04408386767275083
FR019942,0,0.01202286073245318
FR016537,0,0.005721958054267381
FR002385,0,0.05940680318380331
FR011897,0,0.004534825138979365
FR004291,0,0.009643840234466084
FR005017,0,0.012709154705913122
FR008871,0,0.007347151781368889
FR012628,0,0.012297802795785899
FR005192,0,0.006260717338244347
FR000218,0,0.007312793660274635
FR001382,0,0.01465853749470856
FR003693,0,0.002892173296425006
FR003181,0,0.005871308702496355
FR002928,0,0.0194631692590542
FR010959,0,0.004373678726173439
FR004210,0,0.0238920450433584
FR002378,0,0.006959431342549179
FR001197,0,0.020283541299755597
FR013529,0,0.0025061885744894746
FR015232,0,0.021372143844959047
FR014682,0,0.36021228446098164
FR009503,0,0.006088402760271929
FR018138,0,0.00680435661934968
FR006358,0,0.010656920347652593
FR013989,0,0.027374868621665122
FR017577,0,0.009854847279874505
FR010631,0,0.004885956093262356
FR017918,0,0.00744255790203784
FR017128,0,0.00710096440099007
FR019889,0,0.010980894876464775
FR004000,0,0.009105848569146306
FR008628,0,0.009384761625352274
FR001618,1,0.45198510372005085
FR015563,0,0.00930928556444221
FR018694,0,0.004862738922393929
FR013576,0,0.007939621074967197
FR019510,0,0.011541475502213681
FR010902,0,0.05648720812205998
FR012269,0,0.019472772283125286
FR004227,0,0.004568110517806456
FR019256,0,0.0025820553980323343
FR005421,0,0.02105418050720484
FR003449,0,0.0034863837427152916
FR014526,0,0.024826209185647194
FR014144,0,0.009696067569033592
FR015509,0,0.02594885518970988
FR012068,0,0.0077481081275449825
FR003904,0,0.03312073876023249
FR017841,0,0.005008536284946385
FR014244,0,0.01356215916063234
FR011741,0,0.026865060856508288
FR013101,0,0.018766607018416006
FR011329,0,0.022748899016815535
FR007861,0,0.005645260960280487
FR013802,0,0.020254591889301288
FR016619,0,0.003819395284963704
FR011792,0,0.003830136227412465
FR008393,0,0.04447469398951415
FR012788,0,0.0049378179506239205
FR019667,0,0.010316424281736392
FR009698,0,0.009507457837693547
FR003970,0,0.008588946682217794
FR008774,0,0.004280100998605986
FR016905,0,0.009482815871567714
FR015436,0,0.006499878231427912
FR007599,0,0.007724357313949053
FR007200,0,0.0041989624826931846
FR018799,0,0.007298882979719927
FR014750,0,0.02419409461888569
FR019430,0,0.014720366750987984
FR011423,0,0.012209486324358037
FR003301,0,0.01175371465587737
FR018147,0,0.003727012196956442
FR016285,0,0.007118185252666565
FR018388,0,0.003916051517149824
FR011831,0,0.09723265727368519
FR001088,0,0.008687847673366203
FR012833,0,0.019047384069066253
FR016444,0,0.0042317054549355715
FR002443,0,0.0056297363707976285
FR005399,0,0.009153428318010364
FR010831,0,0.015642302624381318
FR011908,0,0.004131942408519389
FR019097,0,0.0038831282074378165
FR018852,0,0.024413858273510117
FR018854,0,0.003225147742969782
FR015010,0,0.003831363586650132
FR002584,0,0.06647335305362774
FR014018,0,0.005517751223878586
FR002483,0,0.0050736669819932715
FR012234,0,0.009515216782865508
FR014072,0,0.0077910649108257094
FR002837,0,0.007719773583399712
FR010456,0,0.005255778591746831
FR019673,0,0.015900453450323808
FR008298,0,0.006959781986060427
FR004146,0,0.012400178581464564
FR011223,0,0.004249136825453065
FR010301,0,0.009030240484284054
FR004965,0,0.030232022942110956
FR016089,0,0.007006344857736327
FR014541,0,0.0729150760643353
FR010936,0,0.01069967497641009
FR015853,0,0.003788220235138848
FR008828,0,0.003483071431317816
FR003883,0,0.01853663028632529
FR006752,0,0.0048354369417408114
FR017656,0,0.01962388815022741
FR017869,0,0.003983429509402326
FR013213,0,0.1012489311882639
FR012997,0,0.013113749985029552
FR017613,0,0.01509146530981482
FR016305,0,0.017519644216484647
FR017092,0,0.008564780094947268
FR006750,0,0.028096848570989125
FR014437,0,0.03316704021554296
FR004293,0,0.0018114032489050594
FR015830,0,0.007323091146110634
FR016928,0,0.043883795390058954
FR000615,1,0.01593997330667896
FR018371,0,0.006359138483095439
FR003971,0,0.004045941282110987
FR010217,0,0.01087866112736432
FR008778,0,0.017983860721849158
FR007093,0,0.046591686551782356
FR019612,0,0.003953010241727778
FR016788,0,0.006330375897845265
FR003125,0,0.008815531931810531
FR005097,0,0.016254157356983736
FR001368,0,0.08545029163251217
FR019146,0,0.018373123875305652
FR011519,0,0.014690087494126453
FR000221,1,0.018828910490451375
FR010277,0,0.004936114855592431
FR019137,0,0.0045064888743829405
FR019264,0,0.01940290018295205
FR008724,0,0.003909932481216659
FR018996,0,0.008344174644632716
FR016176,0,0.007737691759944344
FR013296,0,0.02912647794132971
FR012835,0,0.0059863469566098495
FR016509,0,0.011553014984670096
FR019893,0,0.0030320745917294324
FR015866,0,0.007991913640259805
FR008744,0,0.014559962198072646
FR001027,0,0.00635549358240198
FR012305,0,0.014260286366457306
FR003760,0,0.004475987488952968
FR001775,0,0.0027836929989457464
FR017889,0,0.036182954108366305
FR009794,0,0.0257057864391316
FR013671,0,0.11964503796011942
FR014775,0,0.018893965351190634
FR018534,0,0.01513785655872
FR011133,0,0.004284474249326036
FR008196,0,0.06620986479609574
FR006783,0,0.009122952323216848
FR013693,0,0.00799275837838556
FR002193,0,0.021001643470008494
FR005908,0,0.030532025985434825
FR004440,0,0.016904038251459887
FR001084,0,0.010843060812158063
FR000794,0,0.015242447232645543
FR010584,0,0.006405962319463946
FR018840,0,0.004023249909739367
FR005320,0,0.04905786245923205
FR012774,0,0.009380372442651828
FR006769,0,0.003718555276031231
FR014797,0,0.004668744184011827
FR016558,0,0.007910592845409401
FR004496,0,0.029442248335048216
FR013428,0,0.027902802789332076
FR004689,0,0.017475232741046648
FR004007,0,0.030940689369934354
FR014929,0,0.01841806358457541
FR013736,0,0.013417199661012442
FR014937,0,0.007863496474259027
FR013739,0,0.014184524930497364
FR014455,0,0.020871139294435775
FR006435,0,0.006305166081544998
FR009431,0,0.006928156865631097
FR008042,0,0.0060333263933582265
FR013157,0,0.01858610744258689
FR001406,0,0.010607007409105808
FR008708,0,0.014853401013068472
FR017853,0,0.012127236346540208
FR009307,0,0.027892365261824977
FR008843,1,0.02782378019080146
FR009896,0,0.005490880594637096
FR005881,0,0.027781756860316267
FR011060,0,0.012073753605092078
FR000779,0,0.041546754037202704
FR005153,0,0.0036587302398047466
FR005825,0,0.007909263911664364
FR011627,0,0.013430603242476122
FR009951,0,0.015421444539326257
FR016678,0,0.005429084797313518
FR010261,0,0.23045610446135703
FR000099,0,0.0038673706184848
FR016633,0,0.004246123669706606
FR010121,0,0.0051162352416342345
FR014138,0,0.00565841051015779
FR000394,0,0.006907949954254075
FR003107,0,0.0049561623957240395
FR005921,0,0.004787288567914696
FR010843,0,0.015899744570079113
FR018836,0,0.006605306613341526
FR001944,0,0.008061887237240667
FR005014,0,0.008700881926659666
FR006281,0,0.008217168229653257
FR009064,0,0.0029389938602979748
FR010784,0,0.005443528285129877
FR002235,0,0.043412537444624914
FR014346,0,0.019970748692992805
FR013015,0,0.025204612085447928
FR011590,0,0.0076534583400329715
FR018477,0,0.0030633821831221463
FR012266,0,0.003211431045343985
FR009633,0,0.006934615663527992
FR004245,0,0.01410848674843978
FR006901,0,0.01387521973324176
FR009094,1,0.023163739901450948
FR002896,0,0.10367939665519889
FR000471,0,0.0069580231124874254
FR007473,0,0.013624261409996176
FR012089,0,0.01757501845526559
FR001083,0,0.0035560652878360265
FR015266,0,0.004575313886147086
FR014338,0,0.012797761846761908
FR018361,0,0.005764067088813748
FR019282,0,0.004873730602069561
FR007603,0,0.011731359775358143
FR016225,0,0.014948893299796243
FR000031,0,0.018128090009542866
FR012290,0,0.003569360689755259
FR005434,0,0.018486598067736924
FR019252,0,0.004063562705449782
FR011775,0,0.00846574248292403
FR015110,0,0.021100088000570238
FR006735,0,0.008198161867655372
FR010856,0,0.007906522266999477
FR014967,0,0.004861406715126629
FR018232,0,0.027917283044892893
FR018631,0,0.004278116010527666
FR005135,0,0.008413133773546409
FR005998,0,0.022986925062236225
FR015375,0,0.02006139817664181
FR007106,0,0.023842098251893887
FR000085,0,0.0026783510203359697
FR017560,0,0.0007595306361125255
FR019860,0,0.004527990814424437
FR013988,0,0.007182724980431977
FR002080,0,0.005974611637048024
FR000526,0,0.02159106129380543
FR007848,0,0.020633802101807795
FR011463,0,0.021617386429367568
FR009563,1,0.01437057281181181
FR002601,0,0.005337789577618734
FR005349,0,0.07684128473768943
FR015784,0,0.010861378375786948
FR006298,0,0.033064608868281796
FR011614,0,0.013879115780526495
FR019159,0,0.0037982651668550097
FR019683,0,0.010572841665556013
FR011988,0,0.008570382104767425
FR010224,0,0.0291335376544436
FR013791,0,0.0027576623354729837
FR006666,0,0.015512373732403611
FR005227,0,0.025301986292588462
FR001661,0,0.005554463929039521
FR011448,0,0.005744357869134994
FR013379,0,0.0364616135042122
FR016209,0,0.010796946407309193
FR011216,0,0.007093285545440511
FR007384,0,0.010151241202831828
FR019269,0,0.005719204223467435
FR018861,0,0.008334709774469868
FR003662,0,0.0043794290876763555
FR004288,0,0.009516129302780124
FR002440,0,0.007067759262038665
FR010857,0,0.0073134591756999065
FR011909,0,0.005229206407528334
FR007189,0,0.004414279077154546
FR016875,0,0.009667522443086182
FR006951,0,0.02473511151106296
FR008840,0,0.019991368247322557
FR017574,0,0.0037116651897523083
FR004582,0,0.006752751586023286
FR006378,0,0.010217879213060164
FR011174,0,0.04132452976443068
FR019150,0,0.01375756839214926
FR004286,1,0.8736655887906144
FR013008,0,0.06083781142133136
FR007118,0,0.013141189568728348
FR018100,0,0.017921460235600827
FR011868,0,0.012593005102082208
FR008317,0,0.01772428500780794
FR011135,0,0.004095736627298075
FR015177,0,0.008551254406123891
FR013131,0,0.028971995237430492
FR006015,0,0.0071208629260926535
FR019050,0,0.007537983605464022
FR009702,0,0.024973069622233748
FR010552,0,0.00380329568116186
FR012333,0,0.004778559227096223
FR009262,0,0.007575306062115778
FR012130,0,0.003063007032917398
FR003953,0,0.019208995031291667
FR000090,0,0.0431220589977754
FR002967,0,0.014247100320341951
FR005046,0,0.007946443735830647
FR011077,0,0.005084472876869893
FR014556,0,0.00886838304043123
FR017825,0,0.005177204402850798
FR019726,0,0.007500085225403044
FR011891,0,0.003742479507146667
FR006115,0,0.006960009586072897
FR014559,0,0.002543272095244164
FR019518,0,0.004651350822629798
FR007904,0,0.009790926333531796
FR019026,0,0.033428927587024725
FR002687,0,0.012100080743803594
FR004092,0,0.006333265818694663
FR001173,0,0.00597735382257106
FR019153,0,0.01984477684271432
FR002840,0,0.016400908994146642
FR016765,0,0.011432112567209593
FR013668,0,0.005340968340748282
FR002814,0,0.00466559876200057
FR009170,0,0.014753219051747903
FR002151,0,0.0029348787301756198
FR003719,0,0.018752387501320678
FR014302,0,0.00647011825487945
FR015954,0,0.7936620155579573
FR004383,0,0.02119923347244727
FR014300,0,0.004582115808656875
FR011493,0,0.0302235642525189
FR014942,0,0.0049997306577212195
FR001744,0,0.0066098287065860725
FR008900,0,0.004644546488246594
FR016186,0,0.0042605192517377035
FR003817,0,0.007133031603220548
FR003177,0,0.0034370318952181337
FR006504,0,0.007943767974241858
FR013097,0,0.010933229209481919
FR012221,0,0.009174357609738126
FR015684,0,0.014437146849182425
FR008866,0,0.006359125388481022
FR006911,0,0.004240631231960578
FR004981,0,0.044995460376563164
FR004384,0,0.011259710578769894
FR005142,0,0.01175448786889044
FR017385,0,0.013266180470789991
FR018018,0,0.009608462149143146
FR009402,0,0.08220720180233232
FR006512,0,0.014482782972479263
FR004586,0,0.008573967921656852
FR005987,0,0.008439470018109638
FR004953,0,0.0054056052974063885
FR018193,0,0.017018844379494285
FR002931,0,0.0034022360384680715
FR010611,0,0.004060968821980547
FR007659,0,0.008582683913363358
FR016005,0,0.020096561049668813
FR005647,0,0.00477784584333762
FR004804,0,0.013344724933640736
FR007246,0,0.09646691502857525
FR007058,0,0.00489770452840392
FR011923,0,0.04905905321266357
FR018614,0,0.008830116527076751
FR000644,0,0.01236133758478499
FR000412,0,0.0067723025938127915
FR006685,0,0.004604638544550026
FR014188,0,0.003871175799677943
FR017017,0,0.05672534357464515
FR007600,0,0.004511524846998601
FR007871,0,0.0039883207422260055
FR015009,0,0.014050576565772301
FR002742,0,0.006676246039300992
FR007530,0,0.006629519039495602
FR019638,0,0.005674461537952441
FR013888,0,0.03434116545961014
FR009601,0,0.005035847830958677
FR014099,0,0.003591591823399259
FR013905,0,0.0035351481212867013
FR018364,0,0.004701775750978551
FR001878,0,0.004926505803746761
FR002949,0,0.017367620013472567
FR011341,0,0.017489816017707705
FR013352,0,0.002784702724568589
FR008746,0,0.009612213524812993
FR014013,0,0.006848736777589956
FR017250,0,0.02478520467690627
FR016000,0,0.004549257407405488
FR000723,0,0.13246616722726995
FR006159,0,0.0027064899247549404
FR010749,0,0.06550443227494608
FR016870,0,0.010003804442725292
FR018494,0,0.004607378442792693
FR014863,0,0.006761698834283593
FR002827,0,0.008061080965969586
FR011435,0,0.007070904769802061
FR002227,0,0.004307153466513468
FR015950,0,0.007707472678920562
FR003433,0,0.0033382504748152076
FR019268,0,0.005779457838915785
FR003167,0,0.0027167919484945985
FR009700,0,0.017869357321277046
FR005508,0,0.005631021851345309
FR001413,0,0.010946872773952296
FR000916,0,0.006819295755305492
FR004816,0,0.0032402021489821332
FR005515,0,0.020884443840187502
FR008933,0,0.022570822832676165
FR016960,0,0.006977110887909602
FR015876,0,0.01566098803894948
FR019617,0,0.012544583329678068
FR008333,0,0.025765394114646647
FR017329,0,0.006001910715543554
FR005717,0,0.008273594677485036
FR015467,0,0.011134196197167517
FR000515,0,0.003993088480973669
FR007111,0,0.005123857901861962
FR009363,0,0.008563764818064314
FR015518,0,0.012745854855546067
FR002274,0,0.0035758758756621995
FR006602,0,0.007362420552687904
FR014689,0,0.06112832969358145
FR018187,0,0.007098638242549443
FR001530,0,0.005371215979453135
FR007152,0,0.0022127844583805473
FR018877,0,0.015443272382524015
FR013799,0,0.02559968107106432
FR000829,1,0.04648723951794442
FR003937,0,0.009443930968008935
FR001434,0,0.04381246554589823
FR012784,0,0.00398621492310703
FR010732,0,0.005358243239409317
FR009403,0,0.02102172012114277
FR002789,0,0.009789484931643588
FR007221,0,0.023538715621991002
FR007253,0,0.0059359349019044655
FR014315,0,0.004707588060219886
FR004653,0,0.00417416309829865
FR004045,0,0.030559698132721174
FR007886,0,0.0217542702526979
FR012955,0,0.0058893526008286816
FR008282,0,0.0031070730249821827
FR002490,0,0.012646154159906551
FR003286,0,0.0048408885965667775
FR011369,0,0.031401172365237116
FR019205,0,0.0409506682800208
FR015350,0,0.0034301530900349105
FR001184,0,0.01280853399866652
FR001819,0,0.004373785240592567
FR012848,0,0.010281573306809101
FR014495,0,0.006996491976412961
FR005646,0,0.005482452868769138
FR001284,0,0.00412114055222854
FR001982,0,0.01099082546010177
FR000292,0,0.004700739697165099
FR017022,0,0.005667309277910514
FR003026,0,0.015940001616326173
FR013762,0,0.01869433299597498
FR008800,0,0.026340300444923536
FR005922,0,0.012428851851473069
FR003605,0,0.01326126151024531
FR016826,0,0.004335082765140511
FR014684,0,0.018411966499006963
FR015043,0,0.012515903256328474
FR008820,0,0.0029362303004207106
FR004109,0,0.0037610882445323316
FR019655,0,0.024892880955071067
FR006399,0,0.013757417373127504
FR010722,0,0.005683246013569285
FR009898,0,0.004806981890687665
FR008707,0,0.0036056216479860154
FR002238,0,0.017968302926597898
FR015714,1,0.019053572956919132
FR010690,0,0.005188036672598145
FR011648,0,0.011991042374680398
FR001499,0,0.011475427821561088
FR011520,0,0.005250381562092596
FR006507,0,0.011285926382436038
FR006446,0,0.00684581238757849
FR013816,0,0.003971643460416723
FR000364,0,0.11215970030606222
FR003812,0,0.012305157973069603
FR014979,0,0.022988989028092488
FR006863,0,0.007788072579426004
FR013466,0,0.005680293489589764
FR004553,0,0.005117041019673851
FR005678,0,0.0026147946629689633
FR002305,0,0.009495637337679538
FR010417,0,0.011639896394130577
FR011179,0,0.01800238043451256
FR017179,0,0.004979135752705981
FR019231,0,0.006316350165374071
FR001688,0,0.008434264760634894
FR017547,0,0.010349926739355012
FR015318,0,0.005708572118093246
FR001446,0,0.014303749401579536
FR000277,0,0.00021904337955152555
FR007873,0,0.004741083596249324
FR000408,0,0.024352155181015214
FR009093,0,0.0036565276291349934
FR013491,0,0.0070916487452455275
FR017870,0,0.0072589326278201215
FR018225,0,0.01938624455128493
FR013856,0,0.007233468338124875
FR016464,0,0.009817642389902254
FR006093,0,0.015595494451201834
FR017927,0,0.04478916101049888
FR019175,0,0.004642046418245058
FR006332,0,0.003530249066941231
FR019654,0,0.005131284344415748
FR000890,0,0.009144298731989133
FR003921,0,0.006316463483708186
FR018276,0,0.008209312581858745
FR001024,0,0.007113326133624899
FR003502,1,0.018279322361025172
FR002042,0,0.004680022674372188
FR003705,0,0.004205772424493462
FR017080,0,0.00687704262845491
FR003938,0,0.006551922922376156
FR013857,0,0.004839166170799605
FR004319,0,0.008032852141610758
FR013461,0,0.01524358858439036
FR001250,0,0.004993946525052563
FR008580,0,0.026249534067990608
FR017808,0,0.0031731813992157513
FR007358,0,0.006433069102917888
FR006608,0,0.03267404706819064
FR005245,0,0.005048433361668436
FR011003,0,0.011276721118087316
FR011363,0,0.017869156529714113
FR004733,0,0.039451492923068765
FR011742,0,0.007845340670274639
FR001403,0,0.006079386037363112
FR013400,0,0.007077716447153143
FR005942,0,0.0072205338232432205
FR008364,0,0.06405103889683125
FR003088,0,0.024248946611686972
FR001873,0,0.004018624809435778
FR004184,0,0.005518889279354645
FR017893,0,0.009674828078539274
FR011692,0,0.012030756006349327
FR012916,0,0.0034167291943114977
FR014583,0,0.012094939173493984
FR014155,0,0.0064745083663005285
FR011399,0,0.02571900005016266
FR010675,0,0.013236946614256178
FR014575,0,0.008918557233375224
FR001433,0,0.006622926844766811
FR017972,0,0.005747372228999553
FR004280,0,0.011544758417080095
FR002715,0,0.041086451222482424
FR001583,0,0.004292077919812071
FR014021,0,0.003515214719658884
FR002511,0,0.005800787467163099
FR007607,0,0.003932807383158661
FR011568,1,0.6527374417329216
FR005924,0,0.002480570904622664
FR016221,0,0.007982189920310887
FR013782,0,0.009026804977869828
FR007754,0,0.0029549465901021507
FR011816,0,0.011489183482455917
FR005837,0,0.004133650742512984
FR015340,0,0.022099146766204034
FR014265,0,0.004666262818950741
FR010468,0,0.035464296821265985
FR014557,0,0.017236612189477484
FR001577,0,0.008647193682709104
FR005326,0,0.00980061962045798
FR017551,0,0.019289108638109814
FR013298,0,0.0026876582272901323
FR019296,0,0.008707054713005905
FR006190,0,0.008636217133392604
FR002570,0,0.019387246806078177
FR019677,0,0.004842816173520067
FR008397,0,0.014725997858340783
FR015453,0,0.05558500330049155
FR016954,0,0.022291563419331323
FR001483,0,0.010704212984263032
FR016456,0,0.06985489475599443
FR009032,0,0.009960937349518119
FR009346,0,0.004741271355945208
FR001544,0,0.01371343843283293
FR014681,0,0.011344001571415978
FR008226,0,0.004490715390475443
FR002129,0,0.0030611344520989786
FR015145,0,0.0316785832941806
FR002553,0,0.03417333017702271
FR013436,0,0.003303415350370863
FR009622,0,0.004698336469590995
FR016745,0,0.03263518641954754
FR000228,0,0.010296156346357777
FR018545,0,0.010460440735797575
FR012030,0,0.004113200421859902
FR017903,0,0.0038930762121137216
FR013443,0,0.008151925579350202
FR009975,0,0.00490148316922859
FR006521,0,0.03937787394380009
FR019141,0,0.004514841559960573
FR014098,0,0.0040470174399973345
FR017519,0,0.007542763262699163
FR011610,0,0.004682136089765557
FR012188,0,0.015541592739147366
FR011603,0,0.003848593693693926
FR013417,0,0.0034163516821359152
FR011339,0,0.01523351977885601
FR010032,0,0.004764209898565139
FR007426,0,0.015971246292310694
FR007581,0,0.0031286229559243095
FR013262,0,0.006918983940388761
FR001676,0,0.011546938367387035
FR001198,0,0.0742271557940153
FR015383,0,0.012633394025231887
FR015971,0,0.0037113159342531577
FR019603,0,0.015272631454449348
FR002581,0,0.0279297914887718
FR002060,0,0.009382686677292185
FR014904,0,0.093392493458085
FR019577,0,0.006814135122502414
FR005991,0,0.010047865720136863
FR002761,0,0.06625280425814027
FR002561,0,0.014585845048619225
FR002209,0,0.007509977504399616
FR016077,0,0.005676910443114698
FR007162,0,0.00295684763650707
FR002578,0,0.0059131559706524115
FR000222,0,0.006533848717721356
FR011257,0,0.0036314126697870896
FR015949,0,0.0034773563170571093
FR018843,0,0.011815468450956886
FR000864,0,0.0076594721840127404
FR003574,0,0.01149194705245843
FR006610,0,0.003950188244192575
FR003240,0,0.014017947156020859
FR000874,0,0.008366449836185562
FR002264,0,0.006014057535645584
FR012972,0,0.004730280850951217
FR004830,0,0.009463723398159957
FR009098,0,0.022600866384602795
FR010637,0,0.0041716137195818735
FR019342,0,0.00560688663063022
FR003134,0,0.011545656737859478
FR011353,0,0.008914021209728036
FR017622,0,0.0033924729677829745
FR016035,0,0.022672644193382913
FR005273,0,0.007896830632857682
FR018866,0,0.008309579432673663
FR013182,0,0.0035169898282722775
FR008043,0,0.002892391096510153
FR005482,0,0.009225893122211339
FR007418,0,0.012924586223421075
FR008461,0,0.011269208853619024
FR017147,0,0.008204695412328947
FR013663,0,0.00546150933927968
FR018817,0,0.0067486610414240105
FR012893,0,0.011408317077789687
FR017487,0,0.007710063065425277
FR011841,0,0.003532139474681122
FR014842,0,0.009204664345639687
FR011528,0,0.0022896368148664268
FR013724,0,0.0512216111899731
FR001947,0,0.005568437241248274
FR013144,0,0.004756990313489309
FR014736,0,0.004752440657763484
FR003376,0,0.018260352445359836
FR017116,0,0.004904036635927539
FR002061,0,0.007898598542854627
FR016935,0,0.01093884704424527
FR001811,0,0.006065734193746904
FR015600,0,0.05291914287153677
FR010659,0,0.006454584197142839
FR016562,0,0.012208779380113284
FR011871,0,0.008997941376663161
FR019955,0,0.07073590889077495
FR018606,0,0.004335008034563486
FR004168,0,0.00484679420218469
FR000040,0,0.017325669178279317
FR009573,0,0.04511263547463387
FR012809,0,0.010576762356812765
FR007766,0,0.021972774377490786
FR019642,0,0.013242739327169413
FR007161,0,0.0046210308467328895
FR004588,0,0.023812747457421606
FR016639,0,0.006005289347144803
FR013007,0,0.07002692042525455
FR011393,0,0.015140092112006653
FR014178,0,0.004779658273648457
FR014153,0,0.0123432525397413
FR006113,0,0.010622924549432082
FR002100,0,0.004189195521892422
FR019773,0,0.004770712509750437
FR005086,0,0.02629393987494306
FR010219,0,0.027346413529560288
FR001292,0,0.006988249833611224
FR000752,0,0.009685508495907632
FR009361,0,0.007945183063559144
FR017504,0,0.00788665794241401
FR001855,0,0.00619150590781242
FR008905,0,0.005491529570937508
FR016500,0,0.08268269851105337
FR008882,0,0.007125226538349517
FR005371,0,0.004024644069873985
FR004340,0,0.021559238007879695
FR017188,0,0.009733592730276032
FR014046,0,0.014271514288385695
FR006045,0,0.05249297488686561
FR004767,0,0.038395186007012694
FR015607,0,0.0032540539692373846
FR011748,0,0.0142832025865924
FR017132,0,0.011982746885594966
FR019392,0,0.00690839499942526
FR018633,0,0.0035745066796301485
FR006357,0,0.005573108660052034
FR016354,0,0.020759525902981604
FR010427,0,0.0036976083004220104
FR005597,0,0.005335447054728125
FR005702,0,0.024667085418783225
FR013340,0,0.00473038654958388
FR015885,0,0.005025856991861915
FR005367,0,0.007481602594034323
FR017564,0,0.005926443567954712
FR016828,1,0.0420916392864917
FR005415,0,0.006677568253774361
FR017059,0,0.002918342694002918
FR004762,0,0.028850709595841392
FR011950,0,0.004697245085010034
FR005392,0,0.006646360185924113
FR019877,0,0.03136950038868743
FR009037,0,0.00396247307482106
FR015058,0,0.006364156669618609
FR013404,0,0.0038277140987156995
FR002515,0,0.01731785427487428
FR009345,0,0.006869047659136075
FR018419,0,0.028789418400147357
FR017785,0,0.006024152684500551
FR011160,0,0.004563216662098704
FR001760,0,0.0069837894221504125
FR002447,0,0.013339690991271769
FR010716,0,0.06939356360571526
FR006688,0,0.006604106199671017
FR018937,0,0.009852371414093354
FR011776,0,0.006710197490735543
FR014886,0,0.010313975325170918
FR011877,0,0.02716730940179618
FR014220,0,0.00868747844618509
FR011157,0,0.022737951575811974
FR009459,0,0.02389672164014833
FR008851,0,0.04129946906560433
FR009177,0,0.01631031702402157
FR001789,0,0.011727321150864922
FR003707,0,0.005602083352607896
FR004254,0,0.011717450028565021
FR018072,0,0.006469621193486148
FR001915,0,0.006106218118049309
FR006104,0,0.01359235897594282
FR015689,0,0.012624290747368315
FR005968,0,0.00429508917168733
FR007158,0,0.008352819215568049
FR018110,0,0.004214165913122215
FR016243,0,0.007745472797727406
FR018667,0,0.002397851073785254
FR000891,0,0.006720032644081665
FR015747,0,0.007149069113894748
FR012455,0,0.036363908940847504
FR008845,0,0.00755677608449867
FR005626,0,0.00486403538195005
FR010708,0,0.0033543490634577434
FR013771,0,0.03537323646923799
FR003143,0,0.005602520722415257
FR006037,1,0.052425506553289695
FR012885,0,0.00549587368755948
FR005633,0,0.006077738815964143
FR007562,0,0.006366505447206158
FR013684,0,0.08617041570309374
FR010109,0,0.016682302927974103
FR001657,0,0.0050315464438179455
FR011697,0,0.018790339357551217
FR007467,0,0.011164662542957615
FR012935,0,0.02267296969570141
FR006412,0,0.014899204961396531
FR005955,0,0.03151812775298229
FR012245,0,0.06434684206168784
FR000782,0,0.007102088768380615
FR015393,0,0.008104995742072713
FR018510,0,0.004122927512787223
FR014484,0,0.00247891032842072
FR013828,0,0.015554422111702543
FR016309,0,0.0037240841418648084
FR016247,0,0.004085264213268596
FR011295,0,0.02195268966934122
FR009546,0,0.006155376300870438
FR007377,0,0.04409632241039818
FR006034,0,0.016991942723155698
FR014513,0,0.014713737490725123
FR006269,0,0.006187790711557352
FR011450,0,0.006605994668152665
FR008356,0,0.004187507895422798
FR011758,0,0.0024921441606368788
FR016985,0,0.010623080400510415
FR003728,0,0.012526328297357794
FR000561,0,0.019586091708326633
FR019795,0,0.0047326116659967095
FR008984,0,0.00859655695765482
FR010435,0,0.0034755464310572463
FR019445,0,0.028888736929911205
FR007267,0,0.008790832727950544
FR000178,0,0.017439547304681908
FR017854,0,0.005475147802013132
FR017866,0,0.0032988388296675444
FR003952,0,0.004988391279054345
FR003606,0,0.0032197988681961012
FR003330,0,0.004211397207331298
FR008717,0,0.017652234260781222
FR006825,0,0.013108892081900261
FR015685,0,0.0058822365597045985
FR004395,1,0.7413637999040317
FR009829,0,0.027036088633394795
FR001261,0,0.004594617522003832
FR017176,0,0.0028128464635436695
FR007242,0,0.01845334500272827
FR011944,0,0.004163797952246278
FR012178,0,0.04401277147268138
FR019999,0,0.007461336637117418
FR004140,0,0.006405401091708753
FR002610,0,0.012359664796271418
FR008416,0,0.00908052704459275
FR007123,0,0.01129915619746029
FR010061,0,0.009704167458983904
FR009157,0,0.003283204839609696
FR013113,0,0.012814325578725657
FR018925,0,0.0031041290373415853
FR016592,0,0.008857084025103804
FR017650,0,0.012851828470722559
FR018039,0,0.03305531267954748
FR004274,0,0.0027391623372509653
FR018813,0,0.0027161705637161315
FR000940,0,0.009334766710107224
FR009005,0,0.002093309063526587
FR004262,0,0.007451784424399882
FR002616,0,0.004875295999442042
FR016571,0,0.00823631471279719
FR012164,0,0.02196732378734512
FR011754,0,0.003607824328470967
FR014778,0,0.037100976366913584
FR010913,0,0.003712931773181481
FR003281,0,0.009459741216153186
FR006618,0,0.006176025658936673
FR013164,0,0.013011315632143907
FR001131,0,0.008716274435625868
FR005836,0,0.020005282319714924
FR017752,0,0.010408385662559583
FR018681,0,0.014793878993928233
FR017925,0,0.010683907167695059
FR000270,0,0.008606483665083644
FR015152,1,0.021383484646929796
FR008232,0,0.012170464757636766
FR001565,0,0.04829228988082327
FR001828,0,0.005383342944207537
FR008091,0,0.003959163258334967
FR017003,0,0.011095396368106662
FR002948,0,0.005166230786440456
FR006779,0,0.004349980711082896
FR016855,0,0.01096694367327927
FR004949,0,0.007342013298547533
FR005970,0,0.005350695456699708
FR001472,0,0.015076765004871958
FR004100,0,0.009446440415699487
FR006247,0,0.005684365515924677
FR014288,0,0.026978565840202483
FR016702,0,0.04572726255354342
FR012724,0,0.018120779221118998
FR019203,0,0.008018129820906059
FR002398,0,0.006107295646536626
FR012276,0,0.020229469164395036
FR014820,0,0.02322747801295187
FR006039,0,0.006315611129605089
FR000136,0,0.01014918885990724
FR019803,0,0.023465451877792993
FR000298,0,0.00921869237092643
FR013673,0,0.005660961808135113
FR012418,0,0.01101507937823025
FR007983,0,0.019950401270503047
FR011518,0,0.004935025114008962
FR018108,0,0.02021597976111753
FR007720,0,0.5359287253574088
FR006296,0,0.010797686421896662
FR017658,0,0.008960683523744054
FR019926,0,0.019456347294840064
FR009325,0,0.004992922554794839
FR014850,0,0.0023176552582261606
FR014373,0,0.2623770649648404
FR019396,0,0.004194146096045699
FR014145,0,0.0027687205274499528
FR000719,0,0.04598681940106736
FR009926,0,0.005171845207091387
FR014773,0,0.00610731538198483
FR004595,0,0.005349773491005884
FR012975,0,0.005326856416503155
FR007673,0,0.0026062297951537847
FR005957,0,0.01237381146494223
FR016393,1,0.019962626020362542
FR006972,0,0.004558780882607728
FR016888,0,0.019611150806209652
FR007443,0,0.009481066404254083
FR013314,0,0.003802813714529438
FR010404,0,0.005043707359595665
FR019114,0,0.011953394515081652
FR014309,1,0.02844122832404712
FR013004,0,0.011111170095999772
FR006084,0,0.013116600946331679
FR007565,0,0.0047936631318526894
FR019810,0,0.005130569053072959
FR019197,0,0.0318266867362078
FR014701,0,0.02954933970489235
FR015929,0,0.005587235382671402
FR013496,0,0.005604274980592017
FR014997,0,0.030638092796068217
FR002260,0,0.016848025196444117
FR017552,0,0.0036744939774153384
FR002456,0,0.007064632117415776
FR000854,0,0.004959518291457351
FR015988,0,0.00774073382549512
FR003750,0,0.010870844746856451
FR010937,0,0.006516248262655264
FR013502,0,0.0031945704699375423
FR016126,0,0.0072807452696871
FR011140,0,0.004313485279069004
FR001152,0,0.011204166400006578
FR007382,0,0.11315333342250881
FR012651,0,0.006190660738154403
FR003723,0,0.02525190503283636
FR010889,0,0.033916474123443785
FR011428,0,0.01950259386194796
FR019053,0,0.006783175574637025
FR000957,0,0.014489716672920197
FR016659,0,0.40693737299367605
FR016026,0,0.004920788543410237
FR019473,0,0.00427887582676113
FR007764,0,0.0043213550348703425
FR006276,0,0.0034632271966392437
FR001881,0,0.01572989876680878
FR014109,0,0.01284897640917466
FR018604,0,0.009395015944374885
FR011942,0,0.024706835251815943
FR013955,0,0.013519951818350811
FR009711,0,0.003428633960397475
FR011938,0,0.13939123127440967
FR018093,0,0.022600812565563927
FR000845,0,0.007892776769918905
FR000345,0,0.006554423458879281
FR015303,0,0.009517988547465396
FR010768,0,0.03849131442390795
FR007807,0,0.0038863440168177936
FR005473,0,0.013495557495898114
FR007942,0,0.027745318988988632
FR012979,0,0.0029669586058939223
FR009121,0,0.006588748051283661
FR014445,0,0.03232982308137342
FR008924,1,0.03417349635270275
FR011840,0,0.007768965407641916
FR019808,0,0.006379454593145427
FR013165,0,0.05406915269293672
FR009677,0,0.009662586966715963
FR013571,0,0.02236064367648744
FR015851,0,0.006808295536305307
FR017223,0,0.015504466045847251
FR013254,0,0.007123751600295857
FR000852,0,0.03558166402188883
FR000610,0,0.009353014943100731
FR017511,0,0.0261078945381337
FR005464,0,0.05295165454478162
FR018405,0,0.03060417462103975
FR010187,0,0.009461701712421016
FR005053,0,0.009084543277607533
FR017581,0,0.015821359344878893
FR017114,0,0.022072948360182015
FR014763,0,0.00707334957135364
FR004107,1,0.1339827424802589
FR011015,0,0.00825802459644549
FR008722,0,0.005095873027403839
FR007209,0,0.009386574728846743
FR006891,0,0.007049108837124308
FR008383,0,0.008501564919864259
FR003075,0,0.0042819917690946575
FR015196,0,0.006381386546774183
FR018031,0,0.004538284233263137
FR018653,0,0.003529706255782154
FR000534,0,0.003604151596899474
FR016066,0,0.015452011443166292
FR006867,0,0.034913511668868656
FR004426,0,0.03895237584076184
FR015466,0,0.004765506059994609
FR007792,0,0.03591546890438605
FR008862,0,0.016563145838377934
FR019376,0,0.025754066611644744
FR000531,0,0.019670052693803074
FR017887,0,0.0046629288866982775
FR004034,0,0.012311557448173688
FR011827,0,0.0050609182928806834
FR001610,0,0.0062545662033416626
FR017387,0,0.007453861475678915
FR015306,0,0.006144464820556853
FR010045,0,0.006195531080571683
FR018971,0,0.006493234925870857
FR005733,0,0.0028778404034936356
FR003523,0,0.008432760208556931
FR011291,0,0.007972121071166691
FR002254,0,0.015094202071439617
FR005547,0,0.0045306541512760345
FR016341,0,0.006787760567605448
FR019636,0,0.009092206924422015
FR006545,0,0.006684502097516809
FR011109,0,0.016827234823769466
FR002636,0,0.006503494581155199
FR019934,1,0.005315587167656964
FR016216,0,0.013254307022416088
FR012645,0,0.012231371449959288
FR018901,0,0.007112087808020746
FR016232,0,0.02226431247873741
FR007971,0,0.1863260642720649
FR015603,0,0.021268213357161492
FR006895,0,0.006855650124173686
FR007413,0,0.008278471794559717
FR004205,0,0.007470396616180842
FR019588,0,0.01893657544201496
FR004371,0,0.0037088520751861593
FR004514,0,0.004343596779964694
FR008995,0,0.12772172860960798
FR007539,0,0.008096910720571756
FR015114,0,0.00700418684379794
FR013781,0,0.005956788954131709
FR000153,0,0.003997274024305439
FR000633,0,0.013261083844721138
FR006636,0,0.033271413322601855
FR012688,0,0.013579511722712871
FR001639,0,0.018143954585495156
FR016573,0,0.009762933248980567
FR016032,0,0.002565595489081329
FR010657,0,0.004425090714230222
FR002927,0,0.005454769896775499
FR009274,0,0.00465388892379248
FR011281,0,0.010759217765718776
FR013361,0,0.005087010076239165
FR014880,0,0.011337711576825995
FR019561,0,0.00903679482877807
FR017883,0,0.02475775368837599
FR007728,0,0.005835225942820415
FR014430,0,0.06508766200257125
FR007383,0,0.013767264105873889
FR000753,0,0.0493480017091232
FR012828,0,0.005979710124016056
FR005660,0,0.014808721475173625
FR000668,0,0.005334284085927948
FR011735,0,0.003896166179614042
FR001397,0,0.007845634601707554
FR005829,0,0.004643981127344626
FR011041,0,0.007329332280016743
FR014325,0,0.016805766914379492
FR004702,0,0.00450213385321753
FR014311,0,0.01209539451113098
FR017902,0,0.009781430348733258
FR005070,0,0.057610986011260586
FR011343,0,0.002929822811525338
FR013301,0,0.012482737068904822
FR016118,0,0.006322762688368694
FR015771,0,0.024051007247134205
FR012709,0,0.000429898685199303
FR007028,0,0.0334808095324964
FR014991,0,0.008545737486830194
FR005173,0,0.004199141253387561
FR006401,0,0.061725558435492246
FR016650,0,0.008173970533491844
FR016812,0,0.028664299775951984
FR005497,0,0.0019358459599118614
FR016011,0,0.03440297083164232
FR018509,0,0.0029867527641949895
FR005363,0,0.003408790807996644
FR010125,0,0.007366889861834858
FR003517,0,0.006106091036608036
FR018973,0,0.005878610719578017
FR010385,0,0.02457115448490697
FR000197,0,0.008661506638956111
FR012086,0,0.01556265659520315
FR016135,0,0.007850035559614707
FR000827,0,0.007521847372192476
FR002911,0,0.10382754834223008
FR002870,0,0.014131675617573695
FR005659,0,0.029097722938282316
FR000873,0,0.012693153399421174
FR006530,0,0.012793982158998641
FR009091,0,0.004183925590557055
FR004658,0,0.009739547124495956
FR007784,0,0.005559995870496176
FR009954,0,0.007168987670065623
FR000764,0,0.005212434751654604
FR013277,0,0.00399759135519065
FR005744,0,0.05879754326371476
FR019071,0,0.008115364958847945
FR015911,0,0.010167312318203697
FR005718,0,0.006842531836086443
FR018929,0,0.02487936467010587
FR009715,0,0.012433288357015085
FR007654,0,0.013393401700084316
FR015904,1,0.3748575601019463
FR007594,0,0.011876892461674756
FR005956,0,0.0027551630840630787
FR009903,0,0.004067450211934995
FR010099,0,0.0035764776937427423
FR004612,0,0.007102249989184962
FR019135,0,0.006437407750623507
FR017668,0,0.00566442877813983
FR004607,0,0.03509476767026797
FR018570,0,0.012217428908637903
FR007177,0,0.003447186710984488
FR007602,0,0.004360236816740962
FR006995,0,0.02673880753716883
FR008289,0,0.02119977056908905
FR017363,0,0.055081580550895994
FR001986,0,0.012934608185939426
FR015641,0,0.007448841176571513
FR009389,0,0.009450644079280743
FR013577,0,0.030996912972742697
FR001441,0,0.006331023648784903
FR005971,0,0.0031069985134860017
FR002293,0,0.006549423135549961
FR008953,0,0.03814766278106586
FR016622,0,0.012817232137188545
FR013910,0,0.021088115539970354
FR016096,0,0.005244250625196346
FR015803,0,0.01218700044008796
FR014112,0,0.012419255868802069
FR016242,0,0.04072115732929097
FR013074,0,0.004786234723577144
FR009092,0,0.0027100410057579044
FR005369,0,0.017971066919324975
FR016610,0,0.01848100081670993
FR007956,0,0.005477266977039423
FR010950,0,0.0031486231001033316
FR004216,0,0.007430160933527926
FR015262,0,0.10083624501524129
FR012904,0,0.0033422561384487738
FR005673,0,0.004920435572834118
FR004744,0,0.011403588143864335
FR005067,0,0.06936727405224752
FR016638,0,0.01626662354194434
FR010775,0,0.007552292668128004
FR006509,0,0.006127602022922256
FR015666,0,0.018283092377026557
FR005941,0,0.025147939950269618
FR009376,0,0.030010590480191
FR000679,0,0.010775310917870604
FR005766,0,0.004991643650783514
FR017135,0,0.006641604976312724
FR006761,0,0.007281150884509917
FR014026,0,0.005484188918640256
FR013939,0,0.01857453953157538
FR008730,0,0.011930541889500735
FR007193,0,0.012458262650735094
FR004441,0,0.007920591649893683
FR007901,0,0.006475444401247932
FR004852,0,0.01756820595201193
FR010183,0,0.0029788482086861214
FR017973,0,0.002793031635919536
FR012246,0,0.003379247701037835
FR001016,0,0.004094450151969481
FR004535,0,0.0046260346647924696
FR013545,0,0.1085825239961773
FR000385,1,0.1124642505746004
FR001146,0,0.008908478114048832
FR009110,0,0.04221585208999678
FR018704,0,0.008330442296845243
FR019714,0,0.03141494336820932
FR018520,0,0.02884452874860945
FR005006,0,0.0383515621231095
FR012498,0,0.011156573181547712
FR015874,0,0.06603922689681527
FR000425,0,0.007585120157382386
FR011120,0,0.006152887014611266
FR004819,0,0.007384822926701738
FR005068,0,0.004459864627559493
FR008945,0,0.0048764793072265675
FR009838,0,0.0032188783252186212
FR005210,0,0.029832970832808208
FR018089,0,0.016649852649249595
FR006708,0,0.005119989730859948
FR008015,0,0.005138472572628853
FR008007,0,0.04421958210883464
FR010850,0,0.008970059508743425
FR001302,0,0.004386069461825138
FR004693,0,0.08297072313415516
FR019454,0,0.007738415886181931
FR011357,0,0.023269916431237686
FR011653,0,0.004317494839982297
FR013149,0,0.06913082990817612
FR015398,0,0.008819190460139605
FR013147,0,0.009044980423396444
FR005405,0,0.004832302742226728
FR012299,0,0.0022472645095847747
FR014743,0,0.011324846763289634
FR012654,0,0.0077412104430444805
FR011591,0,0.00360432807770604
FR015914,0,0.0038679642513930975
FR012618,0,0.003417312839571813
FR011961,0,0.002353694724990999
FR001724,0,0.008584814547165653
FR009246,0,0.004028016351145335
FR018103,0,0.010905191052629536
FR015254,0,0.04772077995498703
FR003821,0,0.014234877303951088
FR002619,0,0.0705712679186772
FR004635,0,0.003114692031429658
FR010548,0,0.005611382880690053
FR009350,0,0.004586052514549783
FR007018,0,0.010102448482392175
FR008142,0,0.03961967285486295
FR009055,0,0.05519033606692372
FR007171,0,0.006686866377890714
FR007024,0,0.0188889766642035
FR015167,0,0.04892261503701145
FR014761,0,0.021620938006825855
FR006489,0,0.024879112792988104
FR006716,0,0.017715663929235157
FR017952,0,0.0038928681050666596
FR018367,0,0.021685288299950048
FR013743,0,0.006705828884497437
FR011659,0,0.003304100722233003
FR010924,0,0.031054432930454335
FR011842,0,0.009870383126302654
FR019340,0,0.01013398618668588
FR008028,0,0.00449522620057005
FR008310,0,0.008449341634112961
FR007884,0,0.01591417273514144
FR011359,0,0.0029606103561148223
FR016020,0,0.004356515996285919
FR007962,0,0.005351845634780489
FR008550,0,0.0036269360663446683
FR017413,0,0.005476126806959297
FR003939,0,0.017857876084509856
FR016435,0,0.02236425674679368
FR009864,0,0.03044751475365151
FR019754,0,0.027655974959663505
FR018431,0,0.00350765798133299
FR005106,1,0.011492332541473948
FR019981,0,0.03869884371827417
FR007676,0,0.003858882331744374
FR014833,0,0.004935190593068889
FR014936,0,0.0038922822579866272
FR019855,0,0.011791439601441278
FR006518,0,0.009848071008039364
FR019293,0,0.539110801120803
FR007723,0,0.012604119357130524
FR015756,0,0.0022008057623235868
FR016925,0,0.06358009256697489
FR019848,0,0.0069121088682790694
FR011727,0,0.003794494960875897
FR003209,0,0.005445490686506128
FR009324,0,0.009193290461545793
FR019917,0,0.004530053911969011
FR007265,0,0.0029694874364856127
FR018312,0,0.006969857615671229
FR002777,0,0.005243967005650441
FR014739,0,0.012478109219987906
FR008107,0,0.012241041307807827
FR016332,0,0.02118374315780303
FR005167,0,0.010048613513572177
FR015969,0,0.04861438082149149
FR000674,0,0.0040079731186144114
FR017422,0,0.014524169600497504
FR007702,0,0.00772612709866573
FR013995,0,0.008048172371066378
FR019672,0,0.0030097704377276637
FR013236,0,0.006451457424975694
FR003199,0,0.03385398741359979
FR018261,0,0.013884506102757599
FR004006,0,0.00495814338067348
FR017612,0,0.0026591316193459967
FR000820,0,0.004071490021383676
FR009957,0,0.03275236479133055
FR017896,0,0.056497769507569684
FR003164,0,0.009811822284017878
FR010869,0,0.005385502015014782
FR015116,0,0.009109497031360478
FR005176,0,0.014741789162129718
FR010982,0,0.017974820149148786
FR003278,0,0.0016279247713211799
FR010100,0,0.02082181775257029
FR011674,0,0.006270734107525773
FR002221,0,0.004857013379800179
FR005839,0,0.03474682086665301
FR005599,0,0.009579150064234763
FR000161,0,0.005079518891592627
FR019372,0,0.030114769084514274
FR001484,0,0.0030812852728714763
FR005199,0,0.004934471317907256
FR004905,0,0.010724675069379755
FR009025,0,0.004015065283568316
FR012375,0,0.016405833641619183
FR000984,0,0.0354600539367069
FR013715,1,0.009477821762256079
FR016548,0,0.0131780742422382
FR001705,0,0.050204401137018205
FR002905,0,0.007688231698865303
FR018725,0,0.025789832346755092
FR003248,0,0.017503788042504135
FR006114,0,0.009266400255350648
FR013707,0,0.01099680298676837
FR012924,0,0.017014859731528206
FR017738,0,0.008497014403050694
FR001907,0,0.012370725340603184
FR005278,0,0.005176048643721858
FR004114,0,0.004190757840331762
FR017789,0,0.005356899337324885
FR003869,0,0.0052990157732857
FR018995,0,0.005459460770725291
FR005586,0,0.01022734026270806
FR014566,0,0.006508495149583315
FR015585,0,0.007226258861882822
FR012219,0,0.14252687671270858
FR015040,0,0.011946877418296031
FR010067,0,0.00938227869063476
FR009483,0,0.04827336779707111
FR005916,0,0.005133044211561286
FR006640,0,0.011039557075993989
FR000657,0,0.004312281169503566
FR001924,0,0.004033215349480603
FR017328,0,0.006225927554470947
FR011870,0,0.013974039161742793
FR002422,0,0.007491926676047388
FR015334,0,0.004216658378632449
FR017678,0,0.028044967865201498
FR003906,0,0.0023812735445777125
FR005986,0,0.0046785956431326
FR002963,0,0.0034711228319556503
FR002903,0,0.015799952679364727
FR015908,0,0.004331866728264179
FR019062,0,0.005217155539648167
FR015037,0,0.007907746830542269
FR016769,0,0.0027166144704225113
FR014123,0,0.00571984169119084
FR002065,0,0.005782261021403702
FR006385,0,0.013611232568078375
FR002526,0,0.014030206078122562
FR010848,0,0.027400835166022843
FR015155,0,0.0056756082644797605
FR012199,0,0.004303780532420076
FR004655,0,0.01379832169460391
FR012224,0,0.007628565406382247
FR002973,0,0.0051722395529988545
FR006098,0,0.009540404920697715
FR008762,0,0.019455626820752234
FR003925,0,0.006445439880140349
FR014165,0,0.0038190074733753326
FR013387,0,0.007651989180482192
FR014932,1,0.012191938539905125
FR002384,0,0.002869951138069622
FR005083,0,0.011067150929188327
FR000038,0,0.0045192312044684685
FR018560,0,0.017892986697784188
FR007930,0,0.0027534978046807254
FR000695,0,0.0040412549509149
FR004609,0,0.004283011461861809
FR015716,0,0.004647873345589494
FR019025,0,0.0045065457340425314
FR001247,0,0.004902033337737066
FR008644,0,0.004028988647865102
FR016145,0,0.015388679801027982
FR000334,0,0.029875890392372456
FR010120,1,0.004420664361507055
FR010126,0,0.008282502265378725
FR008279,0,0.004955533768252524
FR007841,0,0.024433209969691977
FR014963,0,0.0067697236995789
FR005531,0,0.007766895872660671
FR001342,0,0.004798942760200831
FR011049,0,0.014709034779294583
FR000348,0,0.011101948911067352
FR012432,0,0.008731856457351413
FR011795,0,0.010749972030476463
FR015757,0,0.004532850691436884
FR000111,0,0.006579706123530468
FR014044,0,0.0028953108124439735
FR005441,0,0.008453143525204031
FR010605,0,0.006843733089410817
FR008964,0,0.00561837435443243
FR013582,0,0.020049091759495822
FR002821,0,0.004429189204548192
FR013490,0,0.07227988565193963
FR012849,0,0.004718267260209792
FR002754,0,0.007834205017243863
FR017536,0,0.005315115527539319
FR019838,0,0.016306519350565197
FR005537,0,0.02152498886474123
FR015228,0,0.010768919918847979
FR013913,0,0.010508721367305617
FR009646,0,0.003393006949557404
FR018722,0,0.023741417264447447
FR011646,0,0.004911176388430162
FR017572,0,0.013113144062549585
FR019986,0,0.02794249966011043
FR003492,0,0.03044935551987696
FR008320,0,0.017175897217646844
FR009609,0,0.007960238706603203
FR006657,0,0.004123792907360082
FR006049,0,0.03924490075196232
FR003225,0,0.008010320456916515
FR013876,0,0.005674275427921867
FR011953,0,0.007480264836853933
FR019870,0,0.003617000913476689
FR004038,0,0.00936571525807321
FR013695,0,0.034718799236717356
FR000936,0,0.008521527906396357
FR005979,0,0.05133927579236291
FR014334,0,0.019959936773349035
FR013050,0,0.03942221593293984
FR018297,0,0.005031052905812654
FR000249,0,0.004299310113206966
FR000503,0,0.008690048739240026
FR015161,0,0.003450076484393029
FR006197,0,0.005437771481652142
FR006203,0,0.011241431322886825
FR018915,0,0.0106916183734231
FR013925,0,0.02217181733280718
FR009271,0,0.014399380103396024
FR000897,0,0.004479540333552572
FR019221,0,0.01124044162899752
FR018962,0,0.002523749291554297
FR014672,0,0.049270727023956566
FR003738,0,0.010167025276103634
FR008951,0,0.004142036348781659
FR019703,0,0.022611375260146668
FR017800,0,0.007295852897829233
FR014926,0,0.008735836448989212
FR009746,0,0.013089477725950899
FR005346,0,0.03404292653019787
FR003636,0,0.0054874420399934586
FR003945,0,0.0067512588588288834
FR018550,0,0.006029064849455546
FR001254,0,0.02265920068970012
FR005550,0,0.006056278411222371
FR001883,0,0.007025256800140986
FR000167,0,0.0043371497273567905
FR003935,0,0.12474048114760829
FR005178,0,0.00559588757059891
FR019471,0,0.01496228958988864
FR016361,0,0.0138415811851397
FR009010,0,0.010304131539434132
FR002396,0,0.010215711171734643
FR005379,0,0.006003092817485483
FR004865,0,0.0074666764257481895
FR002874,0,0.015310382240684588
FR014105,0,0.0037642982653335877
FR014125,0,0.013426491416812339
FR010818,0,0.0026567917624527246
FR008804,0,0.02757851948400017
FR010101,0,0.014042477107418095
FR012362,0,0.003595383599098932
FR017151,0,0.02114361214130873
FR013356,0,0.006039199352411211
FR014893,0,0.011928154209880143
FR010043,0,0.04698152152616239
FR012411,0,0.005787615347358198
FR018672,0,0.015905805733958986
FR002402,0,0.034315353586045046
FR015675,0,0.003415699539546995
FR000459,0,0.004714508027390999
FR003258,0,0.035703631051416294
FR002435,0,0.013096318151643844
FR018245,0,0.004805453771019794
FR015361,0,0.024818625219266786
FR014486,0,0.002431353150010355
FR001048,0,0.0035304531085687506
FR000557,0,0.005485759452703194
FR017782,0,0.0071257127903778346
FR000084,0,0.008489296164009149
FR011047,0,0.01211477050367269
FR010613,0,0.014227214867387638
FR017475,0,0.005637898866841133
FR018552,0,0.03913819717075601
FR005333,0,0.011447200059406339
FR004743,0,0.01544155898524078
FR018271,0,0.006233180061463212
FR015573,0,0.005842279180273444
FR005534,0,0.01186880240785639
FR005719,0,0.011579545535649034
FR002838,1,0.09711246382068824
FR014326,0,0.017336401209053203
FR010018,0,0.0037884145954511796
FR003827,0,0.03367846941595402
FR006055,0,0.0157700251523419
FR009497,0,0.006561885680660965
FR016720,0,0.004492291493003091
FR008652,0,0.010703491858781394
FR019629,0,0.0037118671400106096
FR011710,0,0.014482125519592713
FR005079,0,0.013724982475843526
FR011665,0,0.04450042449357466
FR012763,0,0.054347586752668105
FR015998,0,0.008355197149143808
FR016794,0,0.008396161999394807
FR016563,0,0.020421164222654636
FR018949,0,0.0040597708840692205
FR002099,0,0.005223335658770705
FR002609,0,0.006083105699498238
FR017860,0,0.008334276736946264
FR005080,0,0.00438531498259906
FR016988,0,0.012583349016760887
FR010648,0,0.005398952826964951
FR012186,0,0.01802735915672636
FR017282,0,0.014187294488068908
FR011251,0,0.00515982889051667
FR012585,0,0.0075409473245068226
FR017530,0,0.029636210886427223
FR007192,0,0.006845653341227325
FR015659,0,0.01764568909257195
FR009283,0,0.008272260655805587
FR012236,0,0.0056535206920984874
FR000263,0,0.010527444427566993
FR018150,0,0.00879503037150718
FR007293,0,0.0038473073068201746
FR005296,0,0.004936949917439321
FR001785,0,0.06069958394128711
FR010437,0,0.025187965552838032
FR011925,0,0.006355879436294385
FR001378,1,0.1088397601879446
FR018113,0,0.021742794025183292
FR012925,0,0.014601213734636987
FR003586,0,0.009802125809780118
FR003307,0,0.017219757948794503
FR007405,0,0.014530115272404845
FR017427,0,0.010315516981556439
FR018580,0,0.0057958054050842285
FR008404,0,0.005704980118027687
FR002833,0,0.005262993563270241
FR009425,0,0.0027155431875790005
FR014103,0,0.011022948695000222
FR016416,0,0.0028717253776072097
FR016112,0,0.015460815785200066
FR015015,0,0.005942028995168231
FR015495,0,0.008060688457002118
FR017194,0,0.006827602671133367
FR006304,0,0.005831676960866204
FR002145,0,0.010135450127757928
FR008694,0,0.005522542916519625
FR004364,0,0.004871398832419343
FR011264,0,0.0030973240611517805
FR014891,0,0.0051049902682354
FR001817,0,0.008433481019604325
FR012605,0,0.011005163093829554
FR006331,0,0.007853334626243406
FR007801,0,0.03378258547527446
FR012949,0,0.0066789695828972095
FR011844,0,0.026169566389992082
FR009203,0,0.01583570477302051
FR016900,0,0.004509295590963483
FR005321,0,0.0074106454400576435
FR002538,0,0.012557255381861832
FR006555,0,0.003746332758058596
FR011191,0,0.007424909882442838
FR005872,0,0.01588085395443395
FR011640,0,0.007944479025894161
FR009729,0,0.01829645147792722
FR019580,0,0.007878173926707647
FR001504,0,0.014036250934921122
FR008366,0,0.008037296755578523
FR011261,0,0.003467479721189529
FR009379,0,0.008525364968373158
FR006709,0,0.005973740283613663
FR013295,0,0.03605962040901469
FR016349,0,0.005444067889798864
FR012005,0,0.019780128129480493
FR011785,0,0.006757805019483348
FR019864,0,0.0029877265361241572
FR001537,0,0.02032555409367116
FR008735,0,0.03845337959525344
FR013844,0,0.009471971672825123
FR016734,0,0.0032274448345463564
FR016372,0,0.00902723636721904
FR018499,0,0.010078271310231271
FR004155,0,0.018179772371445226
FR004021,0,0.011363161316265621
FR010036,0,0.010139557226625087
FR008008,0,0.025089014296334405
FR007334,0,0.005131366331853826
FR016174,0,0.01489084172576942
FR015316,0,0.032147505494755466
FR001909,0,0.020321037317856592
FR017575,0,0.006561141670550017
FR015507,0,0.004462237727952863
FR007759,0,0.006117844189808572
FR001026,0,0.024587236601348563
FR008799,0,0.010909287558447098
FR001515,0,0.02546332294732198
FR010700,0,0.01611922070689339
FR006578,0,0.015846161108207812
FR018155,0,0.05064023332137387
FR007107,0,0.007875904807581819
FR006010,0,0.031024706207784383
FR002015,0,0.11302347804901831
FR019783,0,0.010458363913141146
FR011474,0,0.15487270251460253
FR016318,0,0.004189026219468394
FR000997,0,0.006317323309021068
FR003055,0,0.008428265093120937
FR015412,0,0.009342643501034193
FR001334,0,0.005288623768978952
FR002086,0,0.0075059621064832984
FR008170,0,0.008698247642951936
FR009574,0,0.002872303331846989
FR017037,1,0.4643365267559673
FR005078,0,0.027927400499339616
FR003327,0,0.005638008344888393
FR011995,0,0.020864885631978344
FR009945,0,0.009307388875431205
FR013140,0,0.005618041827014542
FR015370,0,0.005594755951179018
FR011928,0,0.004288514744025224
FR010809,0,0.02919449524384256
FR018500,0,0.004265277705752969
FR005353,0,0.015920554799393173
FR000566,0,0.00694687094159685
FR009290,0,0.003977778181070594
FR001351,0,0.004927121084688153
FR005823,0,0.009083023233122952
FR011921,0,0.021580886748465585
FR002747,0,0.003608109218168424
FR006325,0,0.005436516947170562
FR015733,0,0.00890534807037953
FR012906,0,0.037824770948430494
FR005926,0,0.0031372078114796473
FR003627,0,0.030341858858752874
FR016494,0,0.01767964152198986
FR008954,0,0.011593721970350863
FR007307,0,0.011697409669551085
FR007552,0,0.016726362145043732
FR013112,0,0.019602823441150292
FR009647,0,0.00631492763962568
FR006921,0,0.004940479517908109
FR002787,0,0.005721231453144876
FR009442,0,0.0036028656652677053
FR018086,0,0.005265254791659996
FR015084,0,0.01984036095342316
FR001975,0,0.01108403359636289
FR014497,0,0.007258466337123387
FR011143,0,0.00249970872103602
FR001964,0,0.010791864043410768
FR015382,1,0.021530899360551817
FR009897,0,0.030046620424087584
FR007485,0,0.03149600572155758
FR018679,0,0.016142027204030306
FR013701,0,0.008565011349692677
FR018772,0,0.004790289359481665
FR003859,0,0.007317844815495943
FR014836,0,0.018764607310498026
FR012487,0,0.0050293499092812916
FR013179,0,0.005667892816600959
FR016891,0,0.01971701013172546
FR015030,0,0.006801563923153456
FR017944,0,0.003188818152280087
FR006268,0,0.004599582419980666
FR012330,0,0.016342044108057664
FR003914,0,0.02407519291389265
FR000213,0,0.009251853033511588
FR008752,0,0.0029811167986930048
FR000189,0,0.008712149048929098
FR013046,0,0.005811461931710991
FR007608,0,0.010840029665842058
FR001009,0,0.005854691444556648
FR010175,0,0.00828353706345838
FR010415,0,0.005928178399458511
FR015539,0,0.023210390130503675
FR019388,0,0.014488317500000578
FR006855,0,0.025096080576445967
FR005527,0,0.004321942332381176
FR002299,0,0.004700498154701611
FR004598,0,0.006934731940814408
FR001492,0,0.004671337121650244
FR015227,0,0.05599325254934653
FR008340,0,0.012036128882153158
FR011583,0,0.0045430977385564585
FR000237,0,0.005792124439072313
FR004394,0,0.02947268809400279
FR011874,0,0.009472368128042826
FR003001,0,0.0036252167213796176
FR007966,0,0.008895492650432258
FR007026,0,0.015052942793239946
FR019799,0,0.003710261042995327
FR011431,0,0.014888751403281983
FR011119,0,0.014817597889631495
FR018238,0,0.008746918755436808
FR000160,0,0.02593349798226509
FR002489,0,0.026843862606846097
FR011898,0,0.007870560591161152
FR003691,0,0.007824652156999427
FR002122,0,0.007985421717802001
FR004336,0,0.007170034711156163
FR003296,0,0.02738967158306928
FR014941,0,0.004034585255445747
FR011247,0,0.011192807058860374
FR001910,0,0.0022697900228053976
FR007035,0,0.017569108215709364
FR006497,0,0.00809677048427615
FR018583,1,0.038052002567126764
FR007067,0,0.01966421804835829
FR011723,0,0.014555244620986034
FR005799,0,0.004104055986905622
FR000690,0,0.004412155895995975
FR015783,0,0.016295895646670288
FR008045,0,0.005353683429655263
FR008341,0,0.007004530886712637
FR002768,0,0.025540042063334583
FR002864,0,0.03984739110467348
FR017780,0,0.023177769445498042
FR000889,0,0.0048024131716870155
FR004835,0,0.011867810265669479
FR018764,0,0.007904233965900152
FR007411,1,0.07334897960283253
FR002058,0,0.005145777322006874
FR006277,0,0.005976250586092226
FR005095,0,0.004095061260263367
FR019169,0,0.005881373598005901
FR018574,0,0.006927208333681753
FR017384,0,0.022774748419986644
FR014879,0,0.003500757723351771
FR007849,0,0.017202841521058724
FR018102,0,0.035326278292430874
FR002996,0,0.008355628120328917
FR011144,0,0.029253087895308238
FR009728,0,0.02279164939633123
FR015162,0,0.008248547847002926
FR014741,0,0.004194626272110311
FR012045,0,0.004915680355198044
FR018595,0,0.005957585016629997
FR019426,0,0.008378413144384188
FR015567,0,0.0026240284829162574
FR015333,0,0.017128228458351293
FR007140,0,0.007164538263088251
FR016943,0,0.0019558051666542244
FR014131,0,0.003235706130884889
FR014270,0,0.008737277433446447
FR002475,0,0.010861991792006621
FR002247,0,0.012940554108500599
FR007865,0,0.0039059415053329075
FR011227,0,0.02789727394098603
FR016151,0,0.017072375002621643
FR013860,0,0.004111663882292543
FR000243,0,0.013728431074672929
FR003877,0,0.005494095631835373
FR004753,0,0.004551484549514297
FR016378,0,0.012948900903086551
FR001281,0,0.0058905154531396975
FR014009,0,0.07422479882281237
FR010599,0,0.015582405086256199
FR008899,0,0.005166731492040048
FR011127,0,0.0035399573254951463
FR012744,0,0.00857392874496806
FR005611,0,0.006998210411146611
FR010145,0,0.010935722922579735
FR002147,0,0.004916054970912316
FR000151,0,0.007726406616609077
FR010436,0,0.020543598828940204
FR003800,0,0.006005063341605614
FR016799,0,0.014263993480122956
FR001379,0,0.011856928017232453
FR014516,0,0.09894889178343101
FR013206,0,0.007221055313105751
FR007163,0,0.016786918692575842
FR011124,0,0.006432091939012616
FR001717,0,0.04770756252503638
FR000283,0,0.008733521785570492
FR011192,0,0.005734117570887122
FR013299,0,0.24508346395953695
FR006669,0,0.006307517735389793
FR003580,0,0.0136110891828845
FR000518,0,0.0037908951797868407
FR007262,0,0.007861331334942047
FR005539,0,0.007340446358580101
FR016922,1,0.7684659878625247
FR017191,0,0.003564485894897404
FR009515,0,0.013887199976694053
FR010918,0,0.005506116459431459
FR015486,0,0.005983478962250621
FR008502,0,0.03314323712049305
FR001189,0,0.00804855502288178
FR002646,0,0.007228071100791781
FR013224,1,0.004335798689048253
FR004483,0,0.07121229554795444
FR019856,0,0.0043604155433379825
FR007394,0,0.006969451308377544
FR014409,0,0.04977386209309228
FR019116,0,0.006495965470448868
FR013208,0,0.01498978450999249
FR008619,0,0.009019470902425414
FR019539,0,0.012770538101709873
FR016113,0,0.00561775260768898
FR015309,0,0.0030972121770260846
FR003396,0,0.00447631874876942
FR007313,0,0.0004468660109273976
FR003717,0,0.0433044306080766
FR004434,0,0.039503577809137554
FR002036,0,0.006438213104656687
FR013284,0,0.005216568782141201
FR017578,0,0.0070640996986179524
FR016150,0,0.018136592218004847
FR009141,0,0.004996092666766031
FR012512,0,0.004865806139056165
FR013202,0,0.01059386613583819
FR016167,0,0.0050292090110455505
FR016996,0,0.056651325704675404
FR004984,0,0.004273716447320064
FR013364,0,0.005976989963254351
FR006672,0,0.003499512329161009
FR003095,0,0.014989631125013723
FR008379,0,0.009755501745464669
FR005643,0,0.013196997161292245
FR005983,0,0.002978825490126838
FR014779,0,0.007030083238394741
FR019816,0,0.014526673534783647
FR016802,0,0.0002626472101674541
FR009124,0,0.004162219076906874
FR012471,0,0.024348690964286462
FR014088,0,0.010279101417438243
FR018012,0,0.016405529033407584
FR013143,0,0.0052720531716073495
FR001454,0,0.00943687876116918
FR012394,0,0.017552967437500355
FR017641,0,0.011554482058217047
FR002043,0,0.004368359666203134
FR005952,0,0.00746152890878888
FR002430,0,0.02267643890376944
FR001860,0,0.004386141771948962
FR000769,0,0.019699048244549777
FR012399,0,0.00534739292238359
FR009365,0,0.06569401361254111
FR006145,0,0.011214356131403327
FR016008,0,0.0022307731664599506
FR016490,0,0.005478375227944455
FR013014,0,0.005271093402573226
FR000068,0,0.012938246644023191
FR019217,0,0.004293835214373405
FR002314,0,0.014204700269416545
FR017025,0,0.007528313364229887
FR013859,0,0.004154353239644552
FR017706,0,0.012325234540335543
FR006377,0,0.025765832349858252
FR008150,0,0.004834602284557955
FR015903,0,0.019040265901408296
FR019245,0,0.00576968180613845
FR000058,0,0.006459900035534739
FR014601,0,0.015194486090747791
FR004189,0,0.03541313411100366
FR015704,0,0.013881819033353249
FR002033,0,0.08863871629807812
FR012385,0,0.008973444548199526
FR004752,0,0.020068451975302038
FR009980,0,0.017862952956475178
FR019738,0,0.015061135934578316
FR008228,0,0.010942406776607636
FR003485,0,0.26727681918289914
FR009899,0,0.00682676699361203
FR015554,0,0.12563812638305263
FR006912,0,0.03441310173577775
FR003173,0,0.007613396957933542
FR019544,0,0.009460108972481252
FR011559,0,0.012003933976734478
FR012509,0,0.023231916947882948
FR017644,0,0.005787848771887479
FR016791,0,0.004454772709351715
FR015562,0,0.011963371574041523
FR010801,0,0.031002774345854838
FR011756,0,0.005737386820557979
FR003823,0,0.029344067223047127
FR010653,0,0.00473764025830715
FR002114,0,0.026941713940503265
FR019938,0,0.008549850396084564
FR018737,0,0.0064111527348618075
FR001256,0,0.007637192872956929
FR004864,0,0.006814132741223465
FR006464,0,0.018595986583021935
FR011957,0,0.009477951816196194
FR013827,0,0.008178699848742064
FR012378,0,0.013390955351717417
FR013943,0,0.012902805662473246
FR016735,0,0.006290829940717433
FR018214,0,0.00501200771449388
FR010571,0,0.005035067965229238
FR017704,0,0.006912671447874043
FR010881,0,0.042501503225923026
FR017627,0,0.0032633743627647985
FR010860,0,0.0034853794599639977
FR018665,0,0.02378162938338084
FR017550,0,0.009312614453557631
FR008618,0,0.04668374297744741
FR007516,0,0.005383293911242378
FR009427,0,0.025266213133735674
FR004363,0,0.014319160396435127
FR017352,0,0.008727679634538806
FR014669,0,0.09822306157624466
FR019167,0,0.010439193189450443
FR004143,0,0.014724683350396978
FR013391,0,0.002316843284879241
FR006526,0,0.006630801319338239
FR019083,0,0.0294032423937671
FR007507,0,0.004622217450351672
FR019002,0,0.006011507589975371
FR003385,0,0.025797037202876304
FR015146,0,0.008433406498530253
FR002276,0,0.01615001007236104
FR017732,0,0.028508110944042805
FR001249,0,0.008204662141958146
FR015202,0,0.006728553091832624
FR011802,0,0.003928954002633426
FR002267,0,0.0082081578229859
FR010038,0,0.018182200098971563
FR003789,0,0.004427297072881953
FR016234,0,0.0315286387506514
FR005211,0,0.009895855127673728
FR015793,0,0.008788498128300863
FR012678,0,0.020579079222265467
FR014492,0,0.010374196455861127
FR003004,0,0.013971079028491784
FR015516,0,0.010520564567227384
FR006570,0,0.005905489708714691
FR018870,0,0.161540854977936
FR001222,0,0.011200384121863423
FR016093,0,0.02698722397362809
FR012908,0,0.012865113348840608
FR009922,0,0.003124762931896441
FR015405,0,0.003148611182885735
FR001977,0,0.009196327746900233
FR011159,0,0.00990619844485073
FR007761,0,0.004156311149204678
FR010875,0,0.009211867502412055
FR017212,0,0.005018323918870233
FR015222,0,0.002844201467026772
FR014444,0,0.004045975953726033
FR000784,0,0.008158169767027998
FR008403,0,0.05257034397980506
FR004485,0,0.003768323033671547
FR009579,0,0.009009722095689966
FR008668,0,0.008528861556191585
FR013159,0,0.013611880909345586
FR006812,0,0.009247502186882535
FR010819,0,0.004355365910374358
FR000146,0,0.007241167238729311
FR019609,0,0.004774382392418523
FR000240,0,0.014776797465496455
FR000716,0,0.011905452888605339
FR006309,0,0.01901932740720567
FR005073,0,0.007307629405188483
FR018557,0,0.0037486594416736643
FR014713,0,0.006458456027420547
FR001807,0,0.00716303721903258
FR018607,0,0.007342020127283602
FR000306,0,0.04019732426747876
FR008756,0,0.005832808193544696
FR001801,0,0.016244012849977407
FR012622,0,0.004996521576171979
FR017471,0,0.007948751207923134
FR019484,0,0.014204735777422699
FR016810,0,0.012123017161716333
FR006294,0,0.0033858044106806185
FR014226,0,0.007247607371081936
FR018926,0,0.009571482150489778
FR015256,0,0.009034743777292768
FR011107,0,0.005562291019771727
FR005276,0,0.02535467819233697
FR019444,0,0.01571383332901719
FR016809,0,0.018765168751510384
FR009832,1,0.6647499325496066
FR012070,0,0.0051025194334870525
FR012637,0,0.01028891899502949
FR018703,0,0.006838030965410397
FR014433,0,0.006713958030671987
FR016400,0,0.0056356738978275605
FR008977,0,0.009856428660555798
FR013514,0,0.011382738981216717
FR005814,0,0.0031667277695439067
FR018959,0,0.02568551290053255
FR006541,0,0.012971863874057785
FR018094,0,0.012144895841734645
FR012172,0,0.002696435041043678
FR006407,0,0.022835438861236165
FR002893,0,0.0027702685567741994
FR016038,0,0.013022379813113326
FR015293,0,0.03655663997989422
FR018135,0,0.0052646786568830385
FR005885,0,0.014416424255538145
FR001325,0,0.005744489855227858
FR006302,0,0.023785114418958475
FR001178,0,0.005438009962585207
FR002554,0,0.006568260579610861
FR017448,0,0.003392682851477974
FR015524,0,0.014154250724548905
FR008158,0,0.01318201638411863
FR015118,1,0.03251212958990348
FR007368,0,0.0020816076788009665
FR014314,0,0.01754716306690659
FR012242,0,0.01737338769618915
FR019456,0,0.0046552079642131865
FR019415,1,0.006207364068762299
FR013485,0,0.009674722651159704
FR014196,0,0.004370131440840805
FR019537,0,0.0038074445133095118
FR017637,0,0.023418295544951562
FR005122,0,0.006537758436229216
FR010453,0,0.009774305659815642
FR008946,0,0.0038636970615656373
FR012129,0,0.02806289260928038
FR002669,0,0.06112282468351101
FR004355,0,0.020848771842801178
FR008466,0,0.003750247295796167
FR004142,0,0.0063570345174093395
FR012557,0,0.006705237742614507
FR004554,0,0.004871750324416591
FR019555,0,0.013506281827310196
FR011212,0,0.015965946083670007
FR005658,0,0.003992288220528314
FR000992,0,0.009347457241806028
FR016214,0,0.004635513865426323
FR014076,0,0.004689937917408485
FR006064,0,0.012168025928158374
FR017629,0,0.0033932285848777273
FR010216,0,0.02461644523441406
FR009686,0,0.003996169138953727
FR010275,0,0.003545435949304357
FR009202,0,0.0069018582912757954
FR010813,0,0.00158786718699265
FR018466,0,0.002204529065252958
FR008438,0,0.025441408387490327
FR004459,0,0.04187765161185896
FR000789,0,0.004620968533794908
FR004532,0,0.030847505431287964
FR002588,0,0.005322351979812299
FR015198,0,0.01432327903506458
FR001692,0,0.0043435190300073435
FR000735,0,0.006056660938985002
FR004257,0,0.0045323048534403896
FR002829,0,0.015043994706460338
FR008239,0,0.00328222405780788
FR010373,0,0.019713979143532113
FR015339,0,0.0044373496484358165
FR009454,0,0.008915764279463535
FR013777,0,0.0030873431722110768
FR017804,0,0.10765378672980419
FR002943,0,0.0033592916785783714
FR017060,0,0.45156193039747167
FR017458,0,0.003705341457232745
FR004089,0,0.009467338836656907
FR010773,0,0.004113595394819077
FR018235,0,0.005036233129442519
FR009651,0,0.005488651688801323
FR008649,0,0.005752877657486205
FR005158,0,0.004864590473297154
FR009343,0,0.00999934819605668
FR000374,0,0.012176756662485355
FR016555,0,0.0055765125394137095
FR005222,0,0.19960847178903665
FR015839,0,0.006443336077765313
FR004962,0,0.007795657803555509
FR018807,0,0.007990788964036648
FR017052,0,0.01404354610425342
FR005938,0,0.04337570104552483
FR003854,0,0.031782713086568645
FR000504,0,0.018140175665167253
FR015282,0,0.0036147742336606788
FR009019,0,0.01212254782827095
FR009415,0,0.00570575122511453
FR006099,0,0.007143805355732437
FR012545,0,0.026122383732632176
FR007858,0,0.0035826174324317794
FR004958,0,0.0080025881216563
FR016920,0,0.015561162198343035
FR001979,0,0.0075179687944630985
FR017998,0,0.01190525471895961
FR014375,0,0.007186425082990785
FR011584,0,0.006336091815717555
FR006605,0,0.027603307207835086
FR008714,0,0.005335302915018058
FR019920,0,0.036595549820499555
FR014638,0,0.004173162570770051
FR017885,0,0.0030963898708433776
FR006648,0,0.0060154767032435
FR010086,0,0.12084816266891925
FR016535,0,0.01832522057418436
FR005200,0,0.06958730206875223
FR000118,0,0.004259136393932834
FR015491,0,0.008518945864933155
FR011405,0,0.013786828467494336
FR009966,0,0.05216803842936544
FR016521,0,0.004145222778884033
FR017962,0,0.04122837741409543
FR019094,0,0.005150384264912094
FR014504,0,0.011331492908598376
FR015484,0,0.005306177658562664
FR019428,0,0.01188674071189322
FR019273,1,0.015511404996759367
FR011142,0,0.0771851288149742
FR015540,0,0.0036855091221510232
FR003501,0,0.007503378252135713
FR012747,0,0.00453569130531832
FR009835,0,0.005248709632153369
FR016584,0,0.004518992602555166
FR007342,0,0.003615827596749026
FR002557,0,0.00604546647470458
FR010263,0,0.003919070462700498
FR007670,0,0.025066882138247704
FR012974,0,0.00701066277089379
FR012850,0,0.004147636544685691
FR019884,0,0.0029562923136210017
FR002904,0,0.003524433043229624
FR000076,0,0.00683520579074242
FR009428,0,0.01690231426644864
FR000506,0,0.0052963530732622124
FR002679,0,0.004676702844328998
FR001416,0,0.015417745772658848
FR007887,0,0.01720013667002329
FR004682,0,0.0047036852951380685
FR008740,0,0.00676883604835424
FR002681,0,0.036712168388147816
FR001087,0,0.03955058766834534
FR015669,0,0.025431619044755632
FR006381,0,0.006079068889154496
FR004432,0,0.007317766417770304
FR017106,0,0.004544206253967244
FR012902,0,0.009626733447162793
FR013537,0,0.01217551399965384
FR008004,0,0.008489207458667207
FR013927,0,0.006332773996396805
FR016825,0,0.004889167142689422
FR014687,0,0.0035439984072478726
FR018845,0,0.004629093012550486
FR019825,0,0.01575679610536119
FR007890,0,0.004887707758495944
FR003506,0,0.0037907665140216908
FR018191,0,0.01622686841584427
FR016523,0,0.00397664598391017
FR010489,0,0.00457050233022907
FR010600,0,0.008041739015480274
FR008032,0,0.006012921573462441
FR017765,0,0.00261264562764727
FR015650,0,0.005969290857958244
FR001332,0,0.0023614456486503142
FR002640,0,0.0009480413548953502
FR005652,0,0.06615700672148918
FR016300,0,0.00985262858379085
FR001322,0,0.011321306325130722
FR013173,0,0.03466646821542548
FR016771,0,0.02524437278169855
FR017722,0,0.005234074235121469
FR005332,0,0.04657998938203709
FR006546,0,0.036798839369454835
FR003965,0,0.005896186366575508
FR010192,0,0.007770649881663813
FR003539,0,0.006044013110117672
FR017347,0,0.010145700468774242
FR006122,0,0.0055823138303928025
FR002038,0,0.11476686174010485
FR017324,0,0.0037708780590111797
FR010014,0,0.010479543494907104
FR014216,0,0.005615589350315105
FR015835,0,0.0051753193932248765
FR014719,0,0.005513947976166515
FR006614,0,0.021707937119668248
FR011177,0,0.007725567882623849
FR011512,1,0.006379077736783482
FR004424,0,0.009365707234334901
FR014459,0,0.004561950273750405
FR003045,0,0.018669963843032992
FR008616,0,0.013875939020478643
FR014162,0,0.01736644806072432
FR005362,0,0.0006393949295158426
FR016407,0,0.004281818541561593
FR008609,0,0.7511371981573148
FR013057,0,0.004214763344354742
FR015978,0,0.01639547767730759
FR007194,0,0.004694364293363679
FR004520,0,0.0036479686827019537
FR017036,0,0.008695727868197733
FR008342,0,0.010417368921875683
FR014224,0,0.003993268477053833
FR009139,0,0.031616350155302765
FR015710,0,0.003875483271401376
FR016830,0,0.007863052144865384
FR006017,0,0.0170166654071113
FR013862,0,0.003809239506020218
FR002125,0,0.014562575353129437
FR005756,0,0.08989523369264062
FR011139,0,0.03323927067849738
FR010609,0,0.0037838424764471217
FR010821,0,0.0048114972538142635
FR012249,0,0.005239551576898843
FR009435,0,0.0062604271690835265
FR002076,0,0.011337669829052622
FR014061,0,0.03465935299991726
FR001336,0,0.003392838889673714
FR017901,0,0.0053806347875430946
FR018838,0,0.027791825880391124
FR015630,0,0.0031770635279593142
FR009335,0,0.003323741131126307
FR005782,0,0.006815810653916785
FR013306,0,0.005509879674539002
FR000765,0,0.010527543332182856
FR007542,0,0.026484122983670866
FR004980,0,0.014797272420653604
FR006198,0,0.005423213344403082
FR010046,0,0.2994310429859544
FR005077,0,0.0023926617664567274
FR015825,0,0.010949652303616697
FR016423,0,0.007370675851657724
FR017832,0,0.005411138516066502
FR012197,0,0.004348447735405753
FR001003,0,0.02346391510752582
FR011601,0,0.0037991979660829908
FR012016,0,0.0033649575235406167
FR013337,0,0.24424191463434772
FR006600,0,0.015404147280926846
FR000656,0,0.007434652352092406
FR019100,0,0.006027706226260695
FR012323,0,0.007555224005901684
FR012390,0,0.007693779700608316
FR016013,0,0.004256143922415811
FR012696,0,0.010089402026267258
FR013055,0,0.024140278768917885
FR018128,0,0.005731935315725724
FR008396,0,0.01181304598473989
FR009252,0,0.004573085537200529
FR010757,0,0.011086780357698852
FR013245,0,0.005826448684779675
FR015060,0,0.0025981883002891243
FR000340,0,0.008867368000298451
FR003581,0,0.004229023360083735
FR013775,0,0.0031287839010385814
FR013541,0,0.021869255795653603
FR002229,0,0.0053836960349855885
FR006225,0,0.013221967796032795
FR004637,0,0.009046241778326908
FR011422,0,0.013426988047363914
FR002041,0,0.023586172313294573
FR009999,0,0.0030108294892164356
FR012084,0,0.007864524060134274
FR013998,0,0.004712561061212129
FR003464,0,0.02252864612533528
FR013025,0,0.009050844596431393
FR001983,1,0.017390964776716648
FR007973,0,0.006550208151056842
FR010942,0,0.003590481289970755
FR004187,0,0.008568799564744028
FR008033,0,0.006201527856061632
FR001751,0,0.029346226172382157
FR007114,0,0.003333647784153552
FR018869,0,0.005791146380996471
FR012962,0,0.009273211577208755
FR002313,0,0.005138889488987015
FR018624,0,0.006872685773980526
FR012720,0,0.017504910875953822
FR010822,0,0.008383653379467091
FR007272,0,0.01035579919348685
FR005162,0,0.16657585847502562
FR006810,0,0.01626119456097284
FR011896,0,0.002192603326810465
FR011560,0,0.003739881772440313
FR008938,0,0.014393676789055542
FR000935,0,0.005708071377053595
FR016756,0,0.020951583466924984
FR003036,0,0.003404939029550023
FR002198,0,0.008765371979011836
FR000485,0,0.005972837931368386
FR015212,0,0.003435208079568486
FR016325,0,0.04248877912978489
FR014202,0,0.0032400806953095038
FR012282,0,0.016936087732372002
FR003619,0,0.0040694100247028854
FR005765,0,0.0033894750969325252
FR011444,0,0.005841015797421985
FR016129,0,0.0043135819497644315
FR016695,0,0.006790539253646571
FR010932,0,0.005869812906903071
FR012435,0,0.014203853588534855
FR000462,0,0.01711475865937815
FR018876,0,0.010519358551490087
FR009089,0,0.003925960285564925
FR008410,0,0.0022965605735818903
FR003564,0,0.00391027762929916
FR002492,0,0.04450101197975922
FR001974,0,0.005843495061190492
FR010683,0,0.0053066147523528106
FR018938,0,0.002648774551673016
FR014277,0,0.005984301196706267
FR013868,0,0.0033216869579589027
FR009474,0,0.016966703840623917
FR009645,0,0.018631881532148963
FR001266,0,0.03422269552293194
FR007998,0,0.0066861954506587775
FR018919,0,0.029455890461398297
FR009670,0,0.00792093124930462
FR012789,0,0.003662376354785845
FR003237,0,0.010152247220668617
FR000838,0,0.010332107593754738
FR005229,0,0.004450011230138768
FR000005,0,0.0369448020122125
FR008898,0,0.00556050979247964
FR012933,0,0.0043391686048243885
FR007985,0,0.0086891886174867
FR010847,0,0.0024364555091278346
FR014892,0,0.005481221320699569
FR004461,0,0.009313039503833158
FR019354,0,0.01508419648991176
FR012838,0,0.08512255093937303
FR010802,0,0.014731099829975176
FR004683,0,0.0014489221027180136
FR006339,0,0.0033883113409023734
FR008920,0,0.00817551392809165
FR020000,0,0.014502262468991535
FR003323,0,0.06807061703438014
FR000625,0,0.009615067900768335
FR002500,0,0.017478469824693126
FR018867,0,0.010022994092122685
FR018761,0,0.009064730425447884
FR006342,0,0.00436614505439633
FR014780,0,0.02768430443256789
FR017740,0,0.05474583789250711
FR017428,0,0.03514244457678154
FR008082,0,0.0071055048450444774
FR018663,0,0.021184878554794215
FR009493,0,0.07518291333115666
FR006939,0,0.007658861962668173
FR001062,0,0.008049685485551225
FR002097,0,0.0037716032991159166
FR003049,0,0.060485535650295984
FR018593,0,0.003691202064580607
FR018928,0,0.005419954092251638
FR008626,0,0.003247693186096327
FR012661,0,0.010102069801337618
FR006837,1,0.007982605043115541
FR011324,0,0.015520930797964147
FR016451,0,0.006754302606624917
FR004885,0,0.007081448553923232
FR002551,0,0.00346523784509839
FR008897,0,0.006410379182577891
FR009138,0,0.003627473949999385
FR001995,0,0.007518739286296365
FR014321,0,0.00899035218401993
FR012398,0,0.005919367845827955
FR001973,0,0.005155332052503895
FR011862,0,0.006848161635680292
FR004557,0,0.0035391406311204277
FR002468,0,0.00545435996104716
FR011469,0,0.004405371640199795
FR006802,0,0.021075409932375107
FR019851,0,0.006230082253095394
FR019286,0,0.0071480880723689645
FR002517,0,0.003867328776998257
FR008011,0,0.07339601796206642
FR010193,0,0.0039399208180814485
FR019120,0,0.007109224630919589
FR008134,0,0.00491546083482309
FR007980,0,0.018980709942243868
FR012312,0,0.016477873109818037
FR014443,0,0.009185514826451887
FR016194,0,0.007293607622863609
FR010152,0,0.0479458144769114
FR007824,0,0.031344479146627455
FR015409,0,0.021505330145860035
FR012474,0,0.008083859275685489
FR008136,0,0.006637381642225424
FR018735,0,0.09253060931525246
FR002429,0,0.042932903815188106
FR019568,0,0.03600072521107952
FR003620,0,0.010054796769303433
FR006328,0,0.003142228374799354
FR016187,0,0.006493910625415086
FR003031,0,0.10531574759648803
FR017425,0,0.002942360608349228
FR015583,0,0.002748471414516431
FR004893,0,0.013457783948416313
FR010621,0,0.004891693533981691
FR016689,0,0.004294658438248448
FR004467,0,0.005885729312663584
FR015735,0,0.01775277349021333
FR004269,0,0.003223682234334117
FR007711,0,0.00768481634641677
FR015880,0,0.006665660701891442
FR018495,0,0.06898319522400882
FR019644,0,0.007817239364044758
FR001607,0,0.006066066655092021
FR007839,0,0.005614788411277658
FR007052,0,0.007091508586178373
FR019745,0,0.0057296977790430295
FR014070,0,0.004622486316802135
FR005505,0,0.005304919681953853
FR010885,0,0.013073359451127184
FR014746,0,0.0027168712374777033
FR004855,0,0.009622061719489849
FR001722,0,0.00651622241511941
FR017438,0,0.00327994477410342
FR005663,0,0.030151490289575172
FR003380,0,0.006121872296437024
FR002701,0,0.002444751254222123
FR001690,0,0.022680551855453233
FR000078,0,0.009553665749132466
FR007666,0,0.011613059120276123
FR006826,0,0.025480750770898453
FR016975,0,0.014410644654230581
FR017196,0,0.012905589040983894
FR017162,0,0.011844874938922138
FR017068,0,0.020361102237476187
FR010975,0,0.01044463894917966
FR004477,0,0.007543478009340799
FR003941,0,0.01286958889806166
FR011768,0,0.005495714772803421
FR014376,0,0.018811069760395236
FR014169,1,0.19459632940063745
FR008210,0,0.002912477689078751
FR010689,0,0.006400123276547221
FR004761,0,0.015533980775764572
FR013500,0,0.017398589058724212
FR016778,0,0.004011979666940014
FR019403,0,0.008361504539218344
FR000877,0,0.0051398562269454485
FR019208,0,0.0043131492049204205
FR011031,0,0.005800782534377122
FR012355,0,0.0200484520172869
FR001719,0,0.03946326644751782
FR002600,0,0.005780444440111555
FR006801,0,0.006995705459346562
FR017449,0,0.039878584519477116
FR019828,0,0.009711966641834052
FR009569,0,0.008250292938322598
FR012449,0,0.009042717534770163
FR016159,0,0.005172512477883023
FR001871,0,0.009261841332288573
FR004372,0,0.005936598530811486
FR009241,0,0.0049535906813323064
FR008407,0,0.004997449621974424
FR003969,0,0.06030161907888736
FR013780,0,0.0030671965568328913
FR019187,0,0.040588761068975084
FR001217,0,0.002007767226587496
FR013255,0,0.00451905653962393
FR007113,0,0.009478887442456167
FR019076,1,0.0254570103146624
FR006424,0,0.01533445840721684
FR016050,0,0.012599808428611284
FR000726,0,0.05648470399372516
FR014111,0,0.007254368198823107
FR013244,0,0.024840888169177667
FR015089,0,0.013152649908604716
FR011702,0,0.03931872655144437
FR010260,0,0.02640009665381625
FR005779,0,0.018101305455186883
FR018001,0,0.018856935145474308
FR011030,0,0.025379753345830366
FR005105,0,0.011418673633305038
FR010128,0,0.004615638666548752
FR003392,0,0.006017418464388004
FR016966,0,0.0030750592242866953
FR019845,0,0.005898817501547908
FR012404,0,0.009345715091853403
FR013982,0,0.00964266344696961
FR016679,0,0.008200305855965059
FR007303,0,0.023640025141769837
FR013607,0,0.006064375924130574
FR000925,0,0.007416249611479776
FR010972,0,0.0030903256055729703
FR014287,0,0.005630501119219142
FR009222,0,0.012742432125857156
FR017862,0,0.004234661878010357
FR004290,0,0.0035342386347362808
FR009018,0,0.003846768808406799
FR001375,0,0.020922074399454177
FR012494,0,0.0034019873618374545
FR002602,0,0.0052373181249969975
FR015767,0,0.01548807449051364
FR001958,0,0.010590334479553187
FR019753,0,0.01801289620524302
FR006968,0,0.015294153025066254
FR012034,0,0.01772218537978021
FR018882,0,0.03021984527637006
FR007213,0,0.014847883441932002
FR005790,0,0.04739852383196036
FR012777,0,0.00014329210996812605
FR008638,0,0.23973985236741566
FR018696,0,0.006949564954592746
FR009155,0,0.006224156888334802
FR019157,0,0.009772166115229417
FR011589,0,0.017808156173165366
FR002808,0,0.004895313050131891
FR001971,0,0.008616582102472096
FR011804,0,0.0011327831990144014
FR018091,0,0.0029242180482774074
FR013231,0,0.002650987691022314
FR012746,0,0.004375082323562953
FR018000,0,0.0021919366718744157
FR015894,0,0.014453821568599236
FR018932,0,0.00555124692076751
FR001901,0,0.006228899629020052
FR019875,0,0.006471029419401766
FR009981,0,0.005244073818614629
FR018336,0,0.0360020912652671
FR009785,0,0.11348097309896965
FR006687,0,0.005652685978361456
FR002766,0,0.012077649860670224
FR015070,0,0.008333044490732905
FR008435,0,0.01970612376176924
FR003105,0,0.01566396230484306
FR015413,0,0.00592516971989155
FR006756,0,0.01211619441561311
FR009027,0,0.0038604118837786937
FR000797,0,0.0052009095064405415
FR009704,0,0.017239640853556722
FR000710,0,0.30993125843448693
FR005337,0,0.010000191003787977
FR013504,0,0.013198005207443185
FR008219,0,0.0029543953515382072
FR009536,0,0.030956699662834906
FR006142,0,0.007717229801648501
FR009598,0,0.00402876259224413
FR016338,0,0.006843297178734892
FR017662,0,0.004429506351881773
FR016847,0,0.00633147371807346
FR005549,0,0.01997650198292242
FR004027,0,0.005189194724921616
FR000147,0,0.007428963364245347
FR012092,0,0.0038118765397495125
FR004939,0,0.006274533937682948
FR003203,0,0.0035309622479123893
FR007357,0,0.010675048997406145
FR012400,0,0.011660758113590292
FR019905,0,0.019773273638844843
FR008767,0,0.00406314961858111
FR000255,0,0.006215805925595612
FR014947,0,0.0037296568310278915
FR008944,0,0.008225820372014756
FR000169,0,0.009950054445977399
FR002524,0,0.018603543540022992
FR007376,0,0.012339044585043068
FR006082,0,0.0036543863240519722
FR011239,0,0.005260217447363595
FR018356,0,0.003799940124669485
FR018964,0,0.008058715521996744
FR019240,0,0.014218202956228027
FR014888,0,0.05484810278549459
FR010896,0,0.03363633974224043
FR009122,0,0.01512708433386381
FR005627,0,0.009736063341097327
FR013875,0,0.006406112094363423
FR006598,0,0.019907517501370615
FR005865,0,0.00961035421754225
FR010635,0,0.03983759491217273
FR003525,0,0.006513392739427121
FR010075,0,0.005077525300719595
FR019764,0,0.006639274381634679
FR006881,0,0.015032390006010843
FR018418,0,0.16456559116010017
FR018385,0,0.017413993076986756
FR013641,0,0.005672382036995771
FR016269,0,0.011380848583110026
FR015113,0,0.010839512973025274
FR014467,0,0.004060552644555643
FR009775,0,0.013494769647558198
FR012033,0,0.006748860422722213
FR019055,0,0.003839705054136435
FR007156,0,0.03526962025859506
FR012416,0,0.013086255207834007
FR016519,1,0.06160152209176505
FR010321,0,0.010314166108445792
FR000729,0,0.0036124212536236306
FR005805,0,0.013838801392923364
FR018078,0,0.014025105763227892
FR008303,0,0.009729303569931675
FR008448,0,0.018420702307479997
FR002320,0,0.006789052533399768
FR018130,0,0.002662851064025676
FR017168,0,0.004147889844864298
FR004561,0,0.013571067913120153
FR018955,0,0.002181234618752296
FR006207,0,0.029557074989533652
FR000260,0,0.010660143115937352
FR013643,0,0.02705852275098947
FR000793,0,0.007880595011144992
FR000297,0,0.04619652629655233
FR014600,0,0.006764552148305331
FR019122,0,0.0009646406573462345
FR007538,0,0.011305679511697723
FR017518,0,0.003773630313926607
FR016320,0,0.00691503944530911
FR008916,1,0.003936327655574681
FR000282,0,0.015597449040825564
FR006289,0,0.004961645143055606
FR015723,0,0.0031394529988529626
FR001576,0,0.003141648387871834
FR018585,0,0.008441705977940363
FR010089,0,0.0034956645157175077
FR005016,0,0.0038425540356796495
FR007965,0,0.01227176240171863
FR007148,0,0.007525395967122959
FR009336,0,0.007536113594419704
FR006092,0,0.031008964832309773
FR001090,0,0.013952597059452848
FR019289,0,0.03740220574916434
FR000597,0,0.02258922311749595
FR016665,0,0.03752066942137439
FR008716,0,0.029446751512088132
FR005426,0,0.009205870251176772
FR006032,0,0.01031915205256125
FR014910,0,0.002420788428347203
FR005186,0,0.005913263191741608
FR006132,0,0.020334579561501916
FR007863,0,0.012714900387514126
FR011429,0,0.011587519399003024
FR009735,0,0.00478676575978267
FR008359,0,0.005877398145297382
FR001729,1,0.006436676111396027
FR012735,0,0.04107912354668133
FR004196,0,0.005526554913361792
FR017694,0,0.008461453400911341
FR002917,0,0.006761059190167464
FR010267,0,0.012016400590326394
FR019694,0,0.008367510079849145
FR007463,0,0.004895111552660981
FR002206,0,0.01683679405030641
FR005581,0,0.007029793035465838
FR013924,0,0.03123359012708796
FR009998,0,0.008812213134991602
FR011202,0,0.011496085127770202
FR016529,0,0.00475531199876915
FR009930,0,0.005743715894727668
FR009621,0,0.005253953074441722
FR017950,0,0.007912267989385137
FR016478,0,0.006274296911935866
FR006613,0,0.005846839016654298
FR002650,0,0.0035145481684094957
FR008627,0,0.010896080526572538
FR017796,0,0.0019167558572992778
FR005344,0,0.004507357658787202
FR016392,0,0.0064861455704279085
FR005357,0,0.002869687897903582
FR014718,0,0.020847562316417535
FR018277,0,0.005448399951878939
FR005892,0,0.012857498106371672
FR012128,0,0.0027288102354590654
FR008729,0,0.024022344777834343
FR013088,0,0.008057507976990102
FR004991,0,0.003923938650823792
FR009992,0,0.005380882078754752
FR013018,0,0.004339465998487065
FR013664,0,0.009369197968921151
FR019106,0,0.006279757824385765
FR009737,0,0.004200490565362123
FR004404,0,0.0564920314021522
FR008375,0,0.005942572246464624
FR011220,0,0.043352107560580666
FR009251,0,0.003364574641710702
FR016244,0,0.01857402516759025
FR003617,0,0.004434759915036314
FR012760,0,0.00645207931447123
FR013068,0,0.007667282237686678
FR013338,0,0.006899460968827921
FR014380,0,0.019165840170101662
FR007894,0,0.0010404338204936703
FR006963,0,0.01195973535101333
FR003645,0,0.043199691294591176
FR006387,0,0.008945420737234587
FR019298,0,0.030415093986603817
FR000996,0,0.0032895692084396137
FR013411,0,0.03202021627771052
FR018768,0,0.0050713442308746
FR018618,0,0.02784897371738669
FR017417,0,0.003955527637116153
FR003958,0,0.007489691030712275
FR005854,0,0.0063721631689744205
FR014130,0,0.01679468261015032
FR005408,0,0.004545170485561392
FR016944,0,0.004653759475439654
FR009312,0,0.006737696808393124
FR000685,0,0.004491106465410815
FR015681,0,0.0165981189176316
FR010135,0,0.005659540765856559
FR011009,0,0.0030409975620449073
FR007900,0,0.008124802724448998
FR018619,0,0.005233184750940224
FR007469,0,0.0036601840070281054
FR003123,0,0.4048997957457468
FR015814,0,0.06489125543079266
FR009000,0,0.011633036462907012
FR003778,0,0.006072871453817478
FR004218,0,0.006046515065258831
FR000186,0,0.004862363955607372
FR014691,0,0.015456757529232888
FR018272,0,0.010101027764417786
FR019378,0,0.010354388769883148
FR005103,0,0.004078892042746594
FR011210,0,0.013845586863315778
FR001665,0,0.036690722382007025
FR007820,0,0.008406515313879445
FR004729,0,0.009869618054134083
FR018835,0,0.011811425256331857
FR006227,0,0.0035653027926588325
FR014922,0,0.010508196247732056
FR010762,0,0.02041058865077319
FR012540,0,0.00395088157774799
FR005248,0,0.0038134820498517395
FR013509,0,0.023640341410873445
FR015678,1,0.0052133763535134915
FR012766,0,0.0193649475958411
FR007724,0,0.005496195246446921
FR009480,0,0.018411743398176247
FR001008,0,0.006821213496453065
FR014696,1,0.026424059623849406
FR014742,0,0.0037821848478687427
FR016010,0,0.003653899718364962
FR013039,0,0.00645893237544163
FR010197,0,0.0073261270602006925
FR012073,0,0.005418830725643167
FR014514,0,0.05044224465616801
FR016915,0,0.0051875338723203854
FR011466,0,0.017164547699923646
FR004968,0,0.019013754659961957
FR008472,0,0.018862650268585007
FR007750,0,0.004141056151425348
FR000312,0,0.058616692014223676
FR005893,0,0.00895591241236942
FR007818,0,0.092286986001255
FR012060,0,0.0333424539791683
FR011477,0,0.013829129656219463
FR013742,0,0.014000136290878694
FR003176,0,0.004696326934482242
FR017624,0,0.010437904481918158
FR005082,0,0.013703217352317205
FR007690,0,0.01684118476488765
FR003884,0,0.006606543980565402
FR008986,0,0.01990425769460143
FR009080,0,0.005263019085643806
FR008122,0,0.044225692648216824
FR015886,0,0.01216783713724718
FR012524,0,0.0071528547670793126
FR015206,0,0.03789239860490038
FR004012,0,0.025565422362383728
FR000131,0,0.0127278295690871
FR004805,0,0.0029998595460865797
FR007517,0,0.014341603224141677
FR000774,0,0.004558665913248899
FR019069,0,0.03615860822612484
FR010912,0,0.007288999176038385
FR004208,0,0.014208478413394432
FR008772,0,0.020487799436448153
FR007630,0,0.01038749537420794
FR016666,0,0.005529181194846758
FR004896,0,0.0033767529733428094
FR016637,1,0.005013530378417033
FR014089,0,0.01534926149704999
FR003746,0,0.03496822399425641
FR003214,0,0.0031435434709009614
FR019290,0,0.01622840225664604
FR019965,0,0.006861900017424934
FR000248,0,0.004503889047244321
FR011505,0,0.005201531210547718
FR012329,0,0.03194314313597053
FR012802,0,0.017261310357316074
FR017211,0,0.004596129154762278
FR000669,0,0.005342713639232386
FR016198,0,0.003537036733894243
FR011571,0,0.0064294765929967315
FR017231,0,0.004257441930289482
FR017727,0,0.012806965953539228
FR003856,0,0.024191580849473815
FR004631,0,0.005043182454761445
FR003496,1,0.00683656840769688
FR002328,0,0.010004591496431335
FR015897,0,0.002795131415100844
FR004901,0,0.0038565701089681107
FR006762,0,0.01808985262638588
FR007074,0,0.0034307537066372578
FR001659,0,0.003416856372992059
FR001331,0,0.004298973751971532
FR013489,0,0.0023058326403182492
FR009843,1,0.6081960347591914
FR009322,0,0.007442179221953619
FR009065,0,0.008955910137656509
FR007767,0,0.01294242315991676
FR012067,0,0.0063735664932437945
FR018246,0,0.002618525304596772
FR006961,0,0.0038906171151596135
FR007877,0,0.013864078326391785
FR016466,0,0.009605637409015273
FR007343,1,0.04212916845351119
FR009358,0,0.04865262202138144
FR013597,0,0.017060818482882434
FR012877,0,0.0049952388021957264
FR018778,0,0.015287584025716823
FR006393,0,0.0045063611004068915
FR006942,1,0.0025846390137691153
FR003362,0,0.003295592436060044
FR016559,0,0.004612661084273263
FR015754,1,0.003758771856810957
FR003849,0,0.011024427564950352
FR005574,0,0.004620195862124656
FR003448,0,0.004801276148151518
FR017264,0,0.006116555434251391
FR012905,0,0.003947345569516624
FR011155,0,0.0027308833108608747
FR014259,1,0.010603511710939541
FR006745,0,0.00647980855037202
FR007003,0,0.006682434359779588
FR007733,0,0.008947582215167546
FR006567,0,0.003131486604078297
FR003092,0,0.011838172652923218
FR016901,0,0.00302481561885019
FR018222,0,0.0044227837130428604
FR003357,0,0.0015656343990444292
FR005969,0,0.00955180304343236
FR015862,0,0.009948225015202912
FR003730,0,0.01118921772526652
FR001061,0,0.006912724818057172
FR010919,0,0.009687126649798162
FR010673,0,0.02314271605468463
FR018698,0,0.007158890181233407
FR018936,0,0.012313250178804956
FR017850,0,0.008130242805041056
FR008648,0,0.23735256294467147
FR019512,0,0.009904573804588914
FR002868,0,0.01924820248117057
FR012361,0,0.010331634863909606
FR001194,0,0.012794204465510476
FR009884,0,0.004048893794144339
FR001835,0,0.017262533333691942
FR018474,0,0.01030249914702329
FR011110,0,0.0029288772575883355
FR008802,0,0.00454356063985182
FR010664,0,0.005077323712091623
FR016782,0,0.015196862275672718
FR005115,0,0.013559287930960002
FR019163,0,0.0027438828989224035
FR015173,0,0.0026078056807670087
FR011002,0,0.0040865772423394064
FR012666,0,0.006172608394045323
FR008818,0,0.0035238119127579113
FR006714,0,0.00428173179566085
FR016139,0,0.029581329858597082
FR011176,0,0.003956780336764057
FR009619,0,0.010599849432010625
FR000724,0,0.03501448058574263
FR014285,0,0.02386347207333021
FR005506,0,0.0066819558854084955
FR016899,0,0.00791902922209405
FR002635,0,0.007533287481673807
FR002261,0,0.015707114602139357
FR019385,0,0.005046302201424934
FR014776,0,0.009771662237066013
FR015353,0,0.014910028743113304
FR016686,0,0.00313899879953446
FR003802,0,0.004036730907374768
FR017269,0,0.01777875342577032
FR002093,0,0.0034913157257789825
FR012345,0,0.05054517712303322
FR004309,0,0.004995071051735731
FR003826,0,0.027388245499088294
FR011196,0,0.08734871649509872
FR011915,0,0.00877837007657496
FR004423,0,0.20546424703945879
FR010209,0,0.004822949669966944
FR005855,0,0.003931035260553386
FR016345,0,0.02393823969071485
FR001555,0,0.05952433869836776
FR007912,0,0.022826028347655458
FR018421,0,0.004733068847897197
FR015244,0,0.005585839709261926
FR018165,0,0.0207807083761966
FR008480,0,0.007884677096182032
FR011347,0,0.00860515652012569
FR001370,0,0.019623767116463502
FR019232,0,0.005706059477830685
FR005087,0,0.003797047786450658
FR019009,0,0.003470215344641758
FR016808,0,0.0044147253490633125
FR014565,0,0.016358649272226838
FR002073,0,0.004287832016856323
FR007141,0,0.022294816676696142
FR005050,0,0.019327020616991614
FR007030,0,0.0092840573808166
FR012480,0,0.0066988481580101955
FR016185,0,0.04002511128109846
FR009257,0,0.0040429098276987515
FR019630,0,0.026658467262659965
FR004615,0,0.04303017846871002
FR009567,0,0.007760193091377383
FR011733,0,0.009303253474102576
FR005134,0,0.030349505927554445
FR007524,0,0.017871882515598594
FR014867,0,0.0039015205955139957
FR007796,0,0.029907662797646273
FR018274,0,0.009087231299203661
FR011373,0,0.02467440358491776
FR013184,0,0.004961876546271099
FR007773,0,0.005698395349327486
FR018517,0,0.012347135942079509
FR009714,0,0.0036127296269959654
FR003048,0,0.057214487784422445
FR014951,0,0.011461478034327746
FR000315,0,0.009859352078854616
FR008439,0,0.009365942334318866
FR014296,0,0.02132678860964544
FR005602,0,0.08086175561755465
FR010163,0,0.005020551891461091
FR018392,0,0.0047487319090200745
FR006514,0,0.015477943183043972
FR015846,0,0.004853145243117414
FR007501,0,0.007257875531143478
FR003227,0,0.007841527602142252
FR013042,0,0.007491302945064465
FR009186,0,0.005792726461344599
FR018525,0,0.009870042622896901
FR010300,0,0.006488281543023562
FR015581,0,0.01258507357885172
FR011044,0,0.012053876935311493
FR019881,0,0.16732104842739995
FR003241,0,0.01889840009669456
FR016612,0,0.18671421258560159
FR018821,0,0.012450080008678652
FR011267,0,0.0068430105188393014
FR010897,0,0.006156205591913765
FR002621,0,0.002753355223574548
FR016453,0,0.004255187681175953
FR015979,0,0.005071751354820552
FR004486,0,0.002946207465362344
FR005927,0,0.026228981744801195
FR000232,0,0.006166935903924254
FR008517,0,0.03520725054790891
FR014607,0,0.0020847995446057264
FR013013,0,0.005192173986571181
FR000878,0,0.008882487340865492
FR004063,0,0.013592693366636058
FR007327,0,0.008036604800126966
FR013728,0,0.0033571261633396784
FR007153,0,0.005956650706947179
FR002817,0,0.009404330780737819
FR006264,0,0.005313725553357236
FR007948,0,0.014477988182846785
FR018386,0,0.019824313673320788
FR006731,0,0.025461126079647484
FR019179,0,0.0031252698493624905
FR013533,0,0.009324341599957466
FR008678,0,0.006608776950196633
FR009549,0,0.004648665850858769
FR006843,0,0.007043280301889367
FR000226,0,0.03025489599261741
FR018871,0,0.0076332673076135865
FR019756,0,0.009359578726270733
FR011117,1,0.023819188307038625
FR004428,0,0.021837976420164152
FR018057,0,0.033490783280649694
FR014950,0,0.0037072036279136348
FR005731,0,0.013488869316250091
FR019420,0,0.013786220125211265
FR019052,0,0.01225431805844003
FR010502,0,0.021255125406835412
FR019697,0,0.006853265559314658
FR001989,0,0.010944295617019125
FR013710,0,0.00486531358090224
FR004874,0,0.013502764228388676
FR008665,0,0.006050585960761812
FR019679,0,0.02154082683841335
FR013452,0,0.04276929015317948
FR002369,0,0.011002481745637024
FR010141,0,0.008526124972823691
FR010445,0,0.005605393402776819
FR016754,0,0.021130607935594774
FR005650,0,0.002979333737539842
FR007448,0,0.03506995666953552
FR015917,0,0.024563700529299404
FR007895,0,0.017215425286886372
FR013550,0,0.005611081268015211
FR016289,0,0.005349233730212508
FR016048,0,0.018295916506234133
FR004479,0,0.00787577634277993
FR017621,0,0.019712728415730865
FR013243,0,0.009360359148109478
FR009447,0,0.0033586681960323613
FR015741,0,0.017037543813767465
FR008747,0,0.021325058551970557
FR016991,0,0.008379635045924056
FR007050,0,0.004666826997163194
FR012304,0,0.004059798864398186
FR002673,0,0.026366750668310606
FR002359,0,0.005606130542349895
FR011530,0,0.01002432692559903
FR000214,0,0.0055416157041240435
FR007835,0,0.005402278735178943
FR009490,0,0.0037801049906777393
FR003784,0,0.0027568133823800468
FR001655,0,0.004014513522738287
FR004170,0,0.011565562852583236
FR002806,0,0.007927876548716248
FR003421,0,0.011842779989035608
FR004563,0,0.010852971036281078
FR007586,1,0.0078099353657456036
FR001123,0,0.010915551504773012
FR006044,0,0.019034375095372227
FR017576,0,0.012000846287144982
FR004512,0,0.017892932730766576
FR002658,0,0.01195328754701571
FR006329,0,0.03350644554204953
FR000522,0,0.030612403565902824
FR013520,0,0.00877407538502836
FR006885,0,0.008447934405037515
FR006300,0,0.005882422193498593
FR002215,0,0.004125324746419548
FR006916,0,0.01400070515046281
FR006228,0,0.013805253688313006
FR013560,0,0.005237078591157704
FR006556,0,0.0017530408054176564
FR001568,0,0.00639611892560006
FR001628,0,0.1762079391055226
FR019449,0,0.013612804556319457
FR015616,0,0.0066608588570100475
FR002087,0,0.008685310249398094
FR010559,0,0.05398288908891292
FR011284,0,0.003267232086727759
FR017937,0,0.022592891016304614
FR005645,0,0.003641180697926849
FR011278,0,0.009858876279705718
FR018780,0,0.003521056061988107
FR018114,0,0.01100369100958685
FR004246,0,0.0215530037672975
FR003490,0,0.005151742230077485
FR005880,0,0.014284881623104715
FR004169,1,0.00876978673582391
FR003478,0,0.016124739169109743
FR012773,0,0.003577687656729727
FR006046,0,0.0062909526749697076
FR016949,0,0.04489733971661373
FR004313,0,0.0029760493353695044
FR009763,0,0.01487603054001084
FR003724,0,0.00976223519120599
FR016974,0,0.006915341611471962
FR007809,0,0.0061937016268067855
FR006008,0,0.0036942887034411543
FR005477,0,0.007619894275232401
FR018886,0,0.019988710862524118
FR016753,0,0.007095763740830252
FR011543,0,0.00987604306901563
FR000700,0,0.009685272525474834
FR013865,0,0.009591726423935456
FR019922,0,0.0187574880612945
FR005873,0,0.014239466371739345
FR002969,0,0.006088551710447085
FR010153,0,0.004013483874984829
FR004349,0,0.008450372026767882
FR009465,0,0.006349984948701784
FR005961,0,0.01152089970856949
FR008524,0,0.005311246350805395
FR001579,0,0.0033015783695835104
FR013790,0,0.008278903317747296
FR009940,0,0.006544511584053056
FR011265,0,0.06661306130155138
FR013355,0,0.006076582959429921
FR018990,0,0.03979180921544847
FR018050,0,0.007347784561266754
FR011616,0,0.003777325857715083
FR001800,0,0.0024884893171963373
FR016091,0,0.005967884902567521
FR011467,0,0.005640411717076209
FR000524,0,0.00876937837849077
FR016226,0,0.01162531912594999
FR015776,0,0.014978061032716254
FR006796,0,0.012252025122501292
FR006508,0,0.00435054851382614
FR000468,0,0.006543310732400779
FR015119,0,0.004164868763981756
FR010380,0,0.008844260913935505
FR013917,0,0.0066074445401316205
FR002828,0,0.010261783718721664
FR003720,0,0.019715074212776084
FR015209,0,0.002654905125629681
FR003400,0,0.00906613337024375
FR017873,0,0.06515791654981178
FR017070,0,0.00984465016277295
FR004386,0,0.02019209065968439
FR018783,0,0.010353707994662007
FR010531,0,0.006588372912985149
FR002297,0,0.021061827129491593
FR015407,0,0.025971815469744575
FR007783,0,0.07120181337481783
FR014388,0,0.005627007052465629
FR002213,0,0.005213776979962534
FR012283,0,0.009061346517742654
FR016271,0,0.04577688105912033
FR015982,0,0.027881932114552546
FR005205,0,0.006690850170552355
FR000119,0,0.008194552590169756
FR007365,0,0.004668727551335484
FR000768,0,0.0042028943600638915
FR015013,0,0.0034238662110282936
FR009099,0,0.01820912423750234
FR017983,0,0.0034920897037967404
FR014848,0,0.01418637034999288
FR008238,0,0.010546574336686846
FR018883,0,0.009066811975832473
FR008657,0,0.01001575997400294
FR000223,0,0.006525878876527248
FR001129,0,0.0048504985575869046
FR007415,0,0.005342852043944503
FR001394,0,0.01179848917707732
FR003104,0,0.02647785552596726
FR004381,0,0.011006121387149612
FR001149,0,0.0003188986699513562
FR006953,0,0.021896740060023026
FR016355,0,0.01755371614867174
FR003783,0,0.017242171450042056
FR019814,0,0.00481878781023639
FR001546,0,0.003999085606521945
FR005430,0,0.006515370247046889
FR013348,0,0.02026754690303108
FR013082,0,0.012866060724018615
FR012306,0,0.021181625515993688
FR019869,0,0.003989612216341019
FR015485,0,0.008391020987714668
FR004574,0,0.02205718372139361
FR004776,0,0.006055965380128581
FR013784,0,0.008805745663549336
FR011761,0,0.037042463191455564
FR018875,0,0.015052817453168867
FR019935,0,0.006095411975444681
FR014240,0,0.005069787402505666
FR007836,0,0.016631393238223952
FR004167,0,0.02506134425822261
FR006899,0,0.03159568170635702
FR017446,0,0.03720951737989275
FR010017,0,0.003426999062495642
FR018160,0,0.008974710288880756
FR012153,0,0.009867173545481672
FR005914,0,0.03225262410170702
FR013769,0,0.00605516481316772
FR017462,0,0.004522125831877916
FR011978,0,0.017036431353292802
FR009839,0,0.015979151941974256
FR009872,0,0.04247177299065024
FR005668,0,0.023455396023577626
FR019089,0,0.027465624128987547
FR003762,0,0.0042882903102032036
FR004316,0,0.006095748584423489
FR015095,0,0.006988204001495497
FR011156,0,0.010668428803586977
FR000002,0,0.007891803855257758
FR005608,0,0.004556635585452774
FR012990,0,0.007794688652141529
FR018763,0,0.0017548359077691627
FR019142,0,0.009832307100126123
FR002470,0,0.014013469397309375
FR003770,0,0.006756790462828589
FR013380,0,0.015443240042033448
FR018360,0,0.018149933411083674
FR008853,0,0.011924164977037126
FR006662,0,0.005254105322573807
FR011854,0,0.0038174759809314843
FR002809,0,0.0039524357511060955
FR006183,0,0.0054619004340974
FR013020,0,0.0040514839539933685
FR003182,0,0.0033063876516318453
FR018868,0,0.006610311104427532
FR000202,0,0.009627438056006321
FR018881,0,0.025311652862781545
FR010262,0,0.005003701063059374
FR013336,0,0.011644875636079117
FR004202,0,0.0039395484687040115
FR016411,0,0.008082204165930409
FR001642,0,0.00395479053847768
FR009627,0,0.014210853741901014
FR005224,0,0.005091841931924891
FR011818,0,0.029924462076261867
FR008334,0,0.007948511735059614
FR015658,0,0.005928120641433885
FR001356,0,0.013120651626822305
FR007768,0,0.0355604270363333
FR011344,0,0.011552194001370008
FR006252,0,0.0114162509541925
FR015722,0,0.03695077899801194
FR011272,0,0.025075137681575415
FR000308,0,0.005433131320790152
FR005891,0,0.004101328480876246
FR017823,0,0.017337221954643555
FR013482,0,0.0036553116710285557
FR009120,0,0.010694158700516413
FR002741,0,0.00314040741528649
FR001478,0,0.008949078507555558
FR010159,0,0.00785083346545932
FR000519,0,0.015755386793670337
FR003145,0,0.002486583557049305
FR001097,0,0.007655332950027359
FR018967,0,0.008396846649872051
FR011282,0,0.0068319403485738615
FR011851,1,0.007287476006962854
FR003211,0,0.006358618334228484
FR011948,0,0.0078556433590484
FR013738,0,0.00449244195408571
FR013658,0,0.043391105947831556
FR007635,0,0.005389731674732408
FR001978,0,0.006570804637412434
FR015239,0,0.005876277409553286
FR003158,0,0.004817419166190017
FR010336,0,0.004576653014853151
FR019499,0,0.008578577884356927
FR017027,0,0.007843454261057892
FR011001,0,0.010708053816665487
FR001841,0,0.006494676008704047
FR013610,0,0.014210520174515693
FR009985,0,0.0049359193677572565
FR014079,0,0.004966114922070987
FR016334,0,0.026825277610902934
FR006894,0,0.007778247744818434
FR019919,0,0.07261053519607397
FR001081,0,0.005579081970869328
FR014509,0,0.006339304795343112
FR004314,0,0.06625106486539148
FR019412,0,0.03338035733658685
FR003289,1,0.5084190003651021
FR003184,0,0.006493816453689921
FR007190,0,0.007854729788792345
FR015286,0,0.007502087429967562
FR016502,0,0.00975138839004537
FR007033,0,0.012965228240516288
FR013413,0,0.008120881202114157
FR007294,0,0.006504391125700565
FR016116,0,0.027449040144712607
FR009637,0,0.008332986726042137
FR018318,0,0.012373915331922775
FR016339,0,0.00868198348739673
FR011290,0,0.0023971279163213003
FR009893,0,0.011723385789084122
FR007860,0,0.005154799524122118
FR014101,0,0.005315511432571749
FR015989,0,0.04247638982249985
FR014038,0,0.00832492441977285
FR019847,0,0.006466350872038282
FR019534,0,0.007508226186798718
FR008035,0,0.008251828571307832
FR009982,0,0.022488052874199166
FR018997,0,0.0027545276996776397
FR005681,0,0.005672269533455024
FR018569,1,0.031942657775125664
FR006097,0,0.010834757110190113
FR015555,0,0.01059998825461615
FR005811,0,0.012745924620269035
FR006308,0,0.008248744406168488
FR000867,0,0.0030913970982389266
FR016805,0,0.0028702781381880842
FR015932,0,0.158989974194271
FR015521,0,0.004517802146715028
FR017355,0,0.0168287858115501
FR006896,0,0.008360447345166383
FR017379,0,0.004499883683330204
FR001844,0,0.005956392141983984
FR016179,0,0.00271230699774321
FR011849,0,0.003628320662617783
FR011619,0,0.004277977727213076
FR008605,0,0.011331422616584852
FR012102,0,0.00422150254754133
FR001179,0,0.009208613568293684
FR018825,0,0.006532970553425131
FR015965,0,0.005839068819530118
FR001111,0,0.010151790305351002
FR003659,0,0.003988491512444181
FR019950,0,0.006584966136210853
FR004645,0,0.018563207488980445
FR019347,0,0.012224120641803385
FR014359,0,0.005461438912603231
FR017104,0,0.005480329263726644
FR010542,0,0.0030573530756593252
FR007266,0,0.0040361563891284
FR006787,0,0.007603706801819332
FR009113,0,0.013216745005854957
FR012447,0,0.005352044063891861
FR017108,0,0.022009363325759052
FR000479,0,0.021166541530053266
FR014496,0,0.016427502345559664
FR009408,0,0.0033516353181760297
FR007087,0,0.003940711665529013
FR002812,0,0.004099648424888852
FR008846,0,0.006391219616581181
FR010042,0,0.006477884909391417
FR003677,0,0.005332417329131677
FR011631,1,0.34905334256265047
FR003270,0,0.010102650770633761
FR004466,0,0.010609960371176346
FR012453,0,0.004368231162834974
FR014631,0,0.019677079750780733
FR003393,0,0.002641518409345464
FR008918,0,0.0031712368629844244
FR009296,0,0.015892573225187036
FR001236,0,0.006182558426526889
FR009778,0,0.005979557246117744
FR002337,0,0.004632838620331258
FR014925,0,0.0042678704896348335
FR018402,0,0.0032861115268736775
FR005437,0,0.018560856569196305
FR001521,0,0.17974604328842256
FR008771,0,0.029005366943546117
FR017232,0,0.00336030622353845
FR009561,0,0.005667026511904778
FR002556,0,0.015830902624924814
FR007436,0,0.02728558709330983
FR015048,0,0.00515354509709996
FR013648,0,0.023304654049521034
FR015690,0,0.0065565412071603565
FR013994,0,0.01563511097166494
FR013954,0,0.003578716206394041
FR018171,0,0.005423648143561648
FR010555,0,0.01281856982798577
FR011236,0,0.00994234656459131
FR004812,0,0.04453054996074524
FR006864,0,0.03255277590810407
FR015967,0,0.027123749042389456
FR010602,0,0.0021951559665691787
FR004791,0,0.019690696568256987
FR001456,0,0.024264518476748796
FR017729,0,0.07509027253365567
FR004407,0,0.0175207805683625
FR011040,0,0.015717004203408068
FR007679,0,0.01710715730881808
FR017341,0,0.00779851666396899
FR012589,0,0.16534452723015425
FR001664,0,0.010186873661873201
FR012479,0,0.009994538905660764
FR004851,0,0.007402849585333601
FR006544,0,0.01202849761233109
FR011084,0,0.005070466042015861
FR001477,0,0.006519572900187748
FR004944,0,0.20188928065495637
FR003039,0,0.004453477203527381
FR000909,0,0.004086239587487485
FR014764,0,0.007675148590106522
FR011676,0,0.011727745165802881
FR005423,0,0.07601249695298003
FR007643,0,0.006872309875749283
FR011526,0,0.03127804019237617
FR006087,0,0.00606780139609691
FR012776,0,0.0057225752106091115
FR004668,0,0.01609727117485767
FR013390,0,0.009299063537388783
FR012486,0,0.005844609758934575
FR002334,0,0.009609533352780331
FR013425,0,0.005731045852962348
FR000405,0,0.015009321292760149
FR011939,0,0.00919962734738227
FR004783,0,0.020161051912145154
FR005559,0,0.014614614092813656
FR001195,0,0.0046412501261777804
FR019705,0,0.010525953161778664
FR010863,0,0.05385146514781664
FR007063,0,0.01133706699403724
FR000156,0,0.01361009345317384
FR012175,0,0.0031588735867535095
FR004552,0,0.010095655436642462
FR012590,0,0.02349595710290202
FR009947,0,0.009612906580605964
FR009815,0,0.002903383344788997
FR018041,0,0.006694085047640998
FR011821,0,0.012310943319157469
FR016497,0,0.13924723517083207
FR006451,0,0.0035718602711870308
FR012289,0,0.008268984017159869
FR012533,0,0.005041624041203432
FR019125,0,0.0025143434244521133
FR005808,0,0.006815501134460278
FR005288,0,0.010138682618765266
FR019255,0,0.016601044818207164
FR008180,0,0.009568980128138288
FR001135,0,0.0056683932442640195
FR005830,0,0.017247935147329207
FR018433,0,0.007636288054572606
FR006116,0,0.02826381850564667
FR009207,0,0.02772448702187827
FR016486,0,0.011269101711459603
FR006397,0,0.05904342551802653
FR018822,0,0.043370642882709066
FR003451,0,0.014834116361754324
FR004746,0,0.008591257097191786
FR010139,0,0.003057346213729856
FR001286,0,0.019164281834265495
FR007255,0,0.013344005088892738
FR012669,0,0.008216085559467899
FR006580,0,0.010530098741903186
FR009424,0,0.06763867499169644
FR004295,0,0.006284717607812129
FR003028,0,0.022467888042199114
FR012702,0,0.0052894473101628495
FR001218,0,0.021293734138036067
FR017461,0,0.00461953905932281
FR001798,0,0.012931205712545244
FR019648,0,0.006252368587589316
FR010244,0,0.007062161486760678
FR004425,0,0.006325901865331625
FR018306,0,0.004500404421088539
FR011181,0,0.006401340199190649
FR000875,0,0.008141266043421207
FR001738,0,0.021594918438715985
FR001200,0,0.005024650704379201
FR013009,0,0.002812889958402376
FR013371,0,0.004519420598294753
FR015289,0,0.032078203868907786
FR009041,0,0.015848514022645675
FR005267,0,0.011527259352191364
FR014017,0,0.015362005669813666
FR003283,0,0.0208452764998525
FR009443,0,0.004643008175564702
FR003545,0,0.004136336639653357
FR013596,0,0.01288324726777462
FR006883,0,0.0054418625258597616
FR004870,0,0.002301282512334779
FR019216,0,0.004284712261822781
FR014563,0,0.004167570459101513
FR015570,0,0.003852205967566857
FR016620,0,0.0034714357167258403
FR012694,0,0.0036347902006938263
FR002697,0,0.005405983147655767
FR001185,0,0.014427785684913735
FR003197,0,0.0037885418604612768
FR001526,0,0.007406226234991708
FR009009,0,0.02884562493946614
FR016487,0,0.013726779629464295
FR007429,0,0.01169528690650868
FR011104,0,0.014241264493246452
FR018142,0,0.009098364033287792
FR014606,0,0.012303322049173226
FR009398,0,0.014202305995523364
FR009539,0,0.009046126239812406
FR019887,0,0.0539658421913663
FR013800,0,0.003961456653780445
FR002403,0,0.014178761543374052
FR000239,0,0.006324088331966844
FR017603,0,0.011350130727410807
FR009591,0,0.019879919268094456
FR001376,0,0.008671773341423659
FR012336,0,0.006641445663334258
FR008250,0,0.009994555268010021
FR018561,0,0.008308989079621862
FR004138,0,0.003984688529035218
FR000079,0,0.005465760742186594
FR002188,0,0.004788544549461439
FR018558,0,0.016208641172556403
FR019587,0,0.002888306670026576
FR017618,0,0.010836025904513704
FR010853,0,0.016962751661693795
FR003114,0,0.003375937995797383
FR017966,0,0.013130856854052327
FR000313,0,0.004499019141446249
FR004526,0,0.008087148759943893
FR005750,0,0.004294994235850055
FR010289,0,0.00536636491210109
FR016878,0,0.005015528558069626
FR014884,0,0.0031830519080086436
FR016094,0,0.003337537586233428
FR003405,0,0.011547578628256542
FR019879,0,0.0343606026815431
FR007044,0,0.026462435300903493
FR001046,0,0.008756585217173613
FR007008,0,0.0023338368149532786
FR004073,0,0.03365234006077449
FR010794,0,0.015928942554891346
FR015186,0,0.006317878845492057
FR019312,0,0.004793659818966069
FR011716,0,0.0049952494509881195
FR010369,0,0.007521108919415015
FR010665,0,0.01848565881047377
FR006209,0,0.025591638658141083
FR005905,0,0.002323932966977725
FR007731,0,0.0057753571912135945
FR003084,0,0.013021668591377563
FR019295,0,0.01124332792432796
FR002140,0,0.002568756684143207
FR000927,0,0.004501394694546713
FR014136,0,0.01250391292918912
FR014392,0,0.04225366735444632
FR013977,0,0.009577287661709283
FR014805,0,0.018107489665190785
FR008556,0,0.004050158247007111
FR008888,0,0.018306208865817724
FR013843,0,0.010548368047443269
FR005894,0,0.005781009248500952
FR013711,0,0.005109721443050487
FR019333,0,0.006219372262496414
FR011410,0,0.013914361717331106
FR003504,0,0.024315314615622
FR001303,0,0.06119365254917186
FR015461,0,0.014520012446785384
FR002037,0,0.015975339116358594
FR000958,0,0.01918678104976332
FR007791,0,0.008227757454028912
FR019829,0,0.023850967235677034
FR008012,0,0.013906233779227584
FR011592,0,0.06778110224718759
FR001870,0,0.009588994953413794
FR004620,0,0.019504286382573306
FR014986,0,0.014604459895832393
FR011488,0,0.027305054849746286
FR010093,0,0.0032433441484338546
FR009108,0,0.01467684296712185
FR006865,0,0.0044822485919890675
FR012135,0,0.008955192408609309
FR015781,0,0.008652062918601468
FR016833,0,0.005922721385366446
FR019945,0,0.01070840896440167
FR013698,0,0.020273884074742236
FR015799,0,0.008396595773887733
FR004648,0,0.002510860834331174
FR005476,0,0.00308091581469295
FR012659,0,0.004499384905756688
FR003780,0,0.02732419626220416
FR012553,0,0.004325775659697139
FR013037,0,0.012918367367486144
FR016683,0,0.01215043316972937
FR001864,0,0.011190083299940796
FR004003,0,0.03841788272143007
FR011930,0,0.005320606937900283
FR016990,0,0.0039919171275476254
FR012822,0,0.01758928598066613
FR001436,0,0.03540083939710753
FR013647,0,0.005666412723634707
FR002662,0,0.019702586010615003
FR013310,0,0.008888105999945967
FR003806,0,0.0020679725230811348
FR008513,0,0.0077352575610491235
FR017102,0,0.006886817349718538
FR008603,0,0.009144081359544679
FR009117,0,0.00913076153084621
FR007102,0,0.013399007724769095
FR013540,0,0.004101621812389934
FR017399,0,0.006824284041749048
FR005212,0,0.009094315737903024
FR000664,0,0.0854214235322736
FR018864,0,0.010940164688630953
FR018395,0,0.004722091694434016
FR004491,0,0.006074901289133077
FR017263,0,0.00329327097995326
FR006534,0,0.006818443924177236
FR015205,0,0.013010359232813502
FR000064,1,0.023869912218751455
FR015395,0,0.003057735503073967
FR011604,0,0.009200157386203197
FR002950,0,0.009976727510894581
FR012539,0,0.005555865416266414
FR013152,0,0.013335687415695139
FR013409,0,0.011959801092232117
FR003584,0,0.0070615536565597145
FR004898,0,0.005342210261409027
FR012817,0,0.014092262852119607
FR000647,0,0.046077007882853904
FR003079,0,0.006004534152754336
FR009857,0,0.030384813439962993
FR007749,0,0.009596307698903612
FR009466,0,0.009450361608875356
FR001098,0,0.05805745198787204
FR014039,0,0.008230557764959673
FR016973,0,0.006266776969981975
FR000265,0,0.00558333508478662
FR009766,0,0.010295480060716492
FR006133,0,0.027156441961702676
FR005720,0,0.0067229355146754205
FR009504,0,0.009344651892789012
FR010291,0,0.0077722963774116555
FR017192,0,0.008027891422630095
FR002878,0,0.006191525622480819
FR019675,0,0.018874584660184813
FR009457,0,0.0048298620375057015
FR000025,0,0.010407451719281357
FR017963,0,0.011488229551123691
FR010201,0,0.025853156909180577
FR003967,0,0.011160000932330305
FR015626,0,0.004217479846405115
FR013324,0,0.012579218982245672
FR018120,0,0.03435575069445759
FR012890,0,0.00809874580913395
FR004821,0,0.006468954643975309
FR001344,0,0.1751700695246193
FR010828,0,0.01570487161869163
FR009943,0,0.015192712044640011
FR002908,0,0.004048152327584286
FR012434,0,0.004107500817323814
FR006882,0,0.015997691174797306
FR010833,0,0.003800128989157492
FR005291,0,0.008443597757186448
FR015753,0,0.038615991086867564
FR016251,0,0.07776392360222281
FR005632,0,0.006241891469094259
FR004862,0,0.007542083807261919
FR000558,0,0.0060328018174956345
FR017542,0,0.019885462394355582
FR017951,0,0.010737764586975299
FR013199,0,0.004438028045965956
FR019278,0,0.005227322729474054
FR002204,0,0.010734296266908944
FR012126,0,0.005546519434105612
FR017535,0,0.0073988915595196185
FR006987,0,0.004799638921962248
FR017724,0,0.0068776993345653235
FR018538,0,0.01717705170663111
FR018298,0,0.0158894216402564
FR010210,0,0.0037662260311621606
FR006844,0,0.055742963837316944
FR002637,0,0.007180684247850971
FR018023,0,0.00779217732729628
FR006591,0,0.009803682208833106
FR017066,0,0.025502630016113248
FR003118,0,0.013684959588276679
FR014640,0,0.009538127753295052
FR000411,0,0.007168381948245717
FR018522,0,0.03889967587775086
FR003157,0,0.011477122053785682
FR015342,0,0.008007626484600032
FR016986,0,0.004084413513598521
FR004534,0,0.0746176801547103
FR007206,0,0.011140656817912717
FR005487,0,0.007290506906945163
FR003183,0,0.008477005907279811
FR012050,0,0.0072399796535618
FR014480,0,0.028668265906063473
FR013592,0,0.007424523801389168
FR016924,0,0.004229393526856488
FR001624,0,0.006931093948360552
FR018605,0,0.00711387766266067
FR015045,0,0.004774393352655549
FR002622,0,0.007204158384275694
FR013412,0,0.04164723181618071
FR003025,0,0.015480629981355421
FR013467,0,0.008364788126606649
FR013614,0,0.00591226617785125
FR016428,0,0.008796799682073227
FR012954,0,0.007473277466158397
FR012573,0,0.0023248861801329315
FR011294,0,0.0034369415824465244
FR000294,0,0.011042119034389397
FR002347,0,0.007685028511831626
FR013849,0,0.004780936303332887
FR019521,0,0.0004633344531266772
FR001791,0,0.005466748850807235
FR016598,0,0.010906538736661092
FR005625,0,0.005876912856579135
FR019453,0,0.00489919486834664
FR007800,0,0.012404747866918924
FR010706,0,0.01756658877866572
FR009184,0,0.372232549586285
FR016352,1,0.11707475855948489
FR009133,0,0.007238532861996986
FR015813,0,0.004279275040002359
FR005449,0,0.008162712747735813
FR006112,0,0.024694258816808482
FR017134,0,0.03526193860709852
FR015760,0,0.0037704771965405303
FR005348,0,0.0110099324148525
FR006079,0,0.000954593816875219
FR005284,0,0.00747110838441391
FR002030,0,0.007561438884006646
FR015961,0,0.015255118862352637
FR003862,0,0.031251420206870016
FR019447,0,0.01692613651334571
FR016134,0,0.014023967171301076
FR010702,0,0.0026499951189810507
FR019413,0,0.006476213936146297
FR016739,0,0.011068074012937232
FR007492,0,0.00742756861196128
FR016177,0,0.006945352948628991
FR014289,0,0.005229334047194416
FR014639,0,0.08031373749390457
FR004824,0,0.00453387881977568
FR012262,0,0.008382052921856582
FR012897,0,0.02401827057563033
FR018935,0,0.004640161034950341
FR016268,0,0.005913989629007431
FR004642,0,0.003290535257289166
FR015991,0,0.011502508356171955
FR006455,0,0.010455994190836974
FR010281,0,0.02691333432787865
FR001575,0,0.016557186098998936
FR016959,0,0.0054822626044261505
FR018724,0,0.009072224250674282
FR003772,0,0.04665125897114248
FR016730,0,0.09170277190805937
FR018205,0,0.004974143397329643
FR016876,0,0.005421863488063196
FR018771,0,0.003361238187657274
FR017086,0,0.002312282162851798
FR002290,0,0.009041861931045989
FR007707,0,0.008153234973423552
FR014485,0,0.002944181128475967
FR008631,0,0.014391651474603145
FR007891,0,0.011152688943541001
FR008979,0,0.009594907341009694
FR000026,0,0.133144244804442
FR007423,0,0.008263608406008129
FR001758,0,0.004744556186636457
FR006807,0,0.02504802408605335
FR008819,0,0.0168259714269504
FR003964,0,0.003085693280136595
FR007045,0,0.005912724754582152
FR012544,0,0.0692767067248059
FR016117,0,0.006458387830442047
FR009028,0,0.013529147363715209
FR015639,0,0.0043740579826911765
FR007523,0,0.018611014203128357
FR001246,0,0.004068850257044752
FR016070,0,0.005110696458285556
FR016390,0,0.015349946744585513
FR001050,0,0.011876507230663398
FR009411,0,0.003865866000027245
FR001108,0,0.013351629217145432
FR015188,0,0.0032458423863399592
FR016448,0,0.004656796712076162
FR007147,0,0.0077320502210159
FR009948,0,0.011078600573224259
FR011531,0,0.007409851661965006
FR003486,0,0.04517006989767929
FR007302,0,0.01699937134942422
FR004513,0,0.009602553360674573
FR013889,0,0.005101648782472768
FR018322,0,0.006409635894729668
FR017631,0,0.00786943894063852
FR001457,0,0.01113181027789102
FR001462,0,0.010773472737255282
FR005901,0,0.03071866118076298
FR000182,0,0.009862295905497464
FR014372,0,0.0035014485599851545
FR015501,0,0.021689518063155586
FR006238,0,0.0035714574006842303
FR019801,0,0.009104431000462642
FR017758,0,0.006014794087261063
FR003795,0,0.011596252596492128
FR013877,0,0.007636852973618924
FR007688,0,0.0028508478652320758
FR006527,0,0.006076933475121379
FR008018,0,0.0023496438439086927
FR014586,0,0.0163170359978906
FR019334,0,0.005773384642046499
FR019174,0,0.023968139681238346
FR005735,0,0.00902366559365765
FR002124,0,0.0037829232600886747
FR000532,0,0.010571835900327661
FR015462,0,0.008205636753906662
FR001151,0,0.009276578552172345
FR004979,0,0.007197492377277899
FR005758,0,0.008563297561057623
FR019111,0,0.006625839904908104
FR016587,0,0.057722788484188554
FR004989,0,0.053892271756728886
FR017394,0,0.015061338350764827
FR013427,0,0.005859417186153927
FR017398,0,0.008224315670686043
FR012383,0,0.005640815475290468
FR018311,0,0.0038226493156369493
FR003793,0,0.008566539362631425
FR014393,0,0.03156381212830247
FR013135,0,0.011389245344166183
FR017464,0,0.0026281272219598876
FR005112,0,0.008708780176284642
FR002803,0,0.005120315482004875
FR018170,0,0.01020848281734109
FR008606,0,0.0035799601561943583
FR009727,0,0.007606076282137858
FR007211,0,0.08427947941708751
FR004897,0,0.010485729783810618
FR002573,0,0.00626493396403516
FR007762,0,0.012870901542006817
FR002779,0,0.023212163582767117
FR014545,0,0.021309270174976597
FR005785,0,0.010104599185079432
FR005431,0,0.0054137570511792075
FR009781,0,0.004920447340611117
FR010088,0,0.014844270530765731
FR002618,0,0.011848747131045586
FR008084,0,0.02682012797846182
FR010834,0,0.005589390311433033
FR007219,0,0.0038212838012508317
FR007345,0,0.012226525535585448
FR006157,0,0.010042834634668199
FR013527,0,0.00342882338607074
FR006696,0,0.015298721477623449
FR009294,0,0.01960726003494082
FR000055,0,0.01694145198824415
FR000688,0,0.005405846386805702
FR017623,0,0.0036598022759441197
FR002055,0,0.010812003456886132
FR010660,0,0.05606320614380724
FR013575,0,0.008842046128566925
FR018061,0,0.0181601686259648
FR005850,0,0.004746433845144609
FR018082,0,0.0033104255564684808
FR018692,0,0.0038261718004510437
FR001287,0,0.04069129299864844
FR007698,0,0.017649875084746518
FR006196,0,0.010000613804287448
FR008805,0,0.008312331390425023
FR004433,0,0.003750443115013763
FR017527,0,0.014848723815947975
FR010354,0,0.008320968003877096
FR017408,0,0.02091214077961787
FR015785,0,0.006398788064528892
FR000787,0,0.011223177523869763
FR000651,0,0.011190983519794686
FR019664,0,0.009744406747022384
FR004077,0,0.011372246155579033
FR013389,0,0.004668297460172801
FR000744,0,0.016599243149908505
FR004619,0,0.00825364830601054
FR009842,0,0.015597075618654309
FR003230,0,0.0031311057790789653
FR009491,0,0.02428357854091259
FR017793,0,0.010773859420564627
FR019030,0,0.003950085757087447
FR017582,0,0.013970866489045707
FR016885,0,0.013695769624625972
FR014698,0,0.007194178191180581
FR005219,0,0.005901543741004853
FR003951,0,0.15478120491586667
FR006730,0,0.006427929715595807
FR018447,0,0.01877838897662484
FR002531,0,0.02791145320851114
FR013422,0,0.004425041327257513
FR007853,0,0.01543900533572428
FR008081,0,0.005751903266073478
FR019073,0,0.011001178886924196
FR011102,0,0.03932005009439329
FR017660,0,0.0075874137484713
FR009699,0,0.005421782824606405
FR006732,0,0.027115062197295637
FR012956,0,0.0040326147899203135
FR003267,0,0.003382721852934801
FR019297,0,0.0034442437059768742
FR005752,0,0.012488970264779622
FR014396,0,0.027977958554978314
FR008412,0,0.008018416177939414
FR013608,0,0.009533482295830639
FR012715,0,0.0028947800630493
FR008607,0,0.00648596829873783
FR013636,0,0.02861558395399225
FR003054,0,0.008996976060399548
FR006767,0,0.0031498391599766745
FR016343,0,0.006199522789519453
FR001213,0,0.00336646915772909
FR002991,0,0.06995719553434807
FR004774,0,0.005829943231844913
FR004691,0,0.004861172235013775
FR012442,0,0.01522278392470673
FR017476,0,0.1405421303778889
FR014140,1,0.007888011603229324
FR016969,0,0.002933401523638556
FR004292,0,0.0035482909566835787
FR009841,0,0.012679691564923034
FR005781,0,0.014747833937528066
FR007765,0,0.015298155333046423
FR006952,0,0.004724292498206837
FR018350,1,0.04346050086879207
FR010876,0,0.009281630880490653
FR015199,0,0.01213047051368734
FR000268,0,0.011446950271042847
FR000490,0,0.006607875939423447
FR016228,0,0.007122979679404781
FR001032,0,0.03876745370338095
FR012485,0,0.010213150529792341
FR010591,0,0.006652157407397674
FR018608,0,0.006671348487259278
FR004339,0,0.006997819763785477
FR014440,0,0.008872698690460567
FR001627,0,0.036911454782053106
FR018196,0,0.0060734448498622915
FR001010,0,0.004305165932899791
FR018247,0,0.005674926156402055
FR006181,0,0.006967245125010127
FR013914,0,0.004817344641688468
FR010457,0,0.007644254217628793
FR003403,0,0.020589718492541126
FR013061,0,0.013786989550643813
FR004550,0,0.006785314046414528
FR009399,0,0.009397405323924227
FR003646,0,0.010455805378360716
FR003549,1,0.028783349396855878
FR004350,1,0.021365743325147863
FR013572,0,0.01404696977507431
FR000666,0,0.007304518041521764
FR008921,0,0.0103558164696147
FR019519,0,0.00449918853576579
FR011893,0,0.02381774153026553
FR001367,0,0.004423740134281072
FR001468,0,0.01020183258944214
FR014256,0,0.00418699755999031
FR012568,0,0.008615434828927113
FR013108,0,0.013063141342054664
FR003811,0,0.004401717639930151
FR006937,0,0.021152522879303002
FR018071,0,0.004973995399055488
FR003234,0,0.008274928145306622
FR004398,0,0.012520101291992831
FR002144,0,0.01122344654305151
FR013335,0,0.002269381991492035
FR008111,0,0.018006502956442006
FR009267,0,0.00696295638674599
FR013218,0,0.023474270731491238
FR003468,0,0.008022155807101075
FR012040,0,0.0785674550728508
FR016346,0,0.007410802599248423
FR016273,0,0.006312308452047875
FR011883,0,0.0254072118720691
FR007081,0,0.011562346051737893
FR010081,0,0.012828096408434067
FR018285,0,0.005419790213546692
FR008040,0,0.02544133317589151
FR012513,0,0.010314336255635036
FR011186,0,0.007697843367378526
FR006701,0,0.003174615685288117
FR013471,0,0.003356689490791522
FR009690,0,0.005475626449999483
FR009105,0,0.011213525643869916
FR010785,0,0.004545317234926791
FR017813,0,0.002721411447932196
FR015428,0,0.00790136016151409
FR010485,0,0.0030528459631208684
FR015448,0,0.006348789785017875
FR008860,0,0.02794018033489624
FR015996,0,0.006585070320491766
FR008295,1,0.008202559923485599
FR010312,0,0.009600993109397701
FR005877,0,0.0065213075728475746
FR004454,0,0.0050704074777954975
FR016746,0,0.02744082030755708
FR006775,0,0.0060810604322724775
FR012091,0,0.004969666927613303
FR008426,0,0.012422162834795011
FR007958,0,0.020079003122935597
FR015137,0,0.004195407797027747
FR008994,0,0.0034875074312165095
FR000675,0,0.007975850617026605
FR004296,0,0.00923755097613267
FR013803,0,0.008161314524132006
FR013276,0,0.0033413518060371127
FR010551,0,0.01296607505324142
FR015663,0,0.011803616053211187
FR003243,0,0.0077823076629645604
FR018218,0,0.0047623873490784474
FR007520,0,0.02342618828573034
FR015071,0,0.004005283070790556
FR013921,0,0.004880364585585728
FR007881,0,0.00790779963050687
FR006957,0,0.010904928429808216
FR008351,0,0.043212254358668045
FR016601,0,0.009430015092543756
FR008536,0,0.0051221566295153375
FR000544,0,0.012370920014824897
FR002577,0,0.00469272660729393
FR011473,0,0.01755308178592858
FR016353,0,0.00952816898147446
FR014955,0,0.03399094793424003
FR011416,0,0.003157338526854505
FR002952,0,0.004759920131345536
FR013970,0,0.016879861782480573
FR011385,0,0.013647689185737708
FR018230,0,0.021532269734762532
FR014673,0,0.00549737827241387
FR004447,0,0.006169265876184542
FR013288,0,0.03375735348659816
FR002820,0,0.0018601649668667578
FR002784,1,0.3226228364546816
FR010862,0,0.01282309482761045
FR005580,1,0.031074761737748573
FR007663,0,0.026402423436022785
FR015618,0,0.0070787493438523265
FR018659,0,0.004188755718211232
FR009779,0,0.012505655966352636
FR006770,0,0.0025189577311607613
FR012711,0,0.005695313466684128
FR016597,0,0.01456474633716188
FR005093,0,0.004277498386643259
FR006060,0,0.018139017757194172
FR002941,0,0.0033732879216997456
FR011664,0,0.0023383325186769454
