id,fraud
FR021005,0.18744750829510168
FR030078,0.2278994117700862
FR020717,0.300342672305955
FR026657,0.20323873482952742
FR023775,0.10504797358480215
FR030431,0.24979191629089648
FR022943,0.04510049622651563
FR023143,0.43016430946069334
FR024804,0.08888012495245147
FR023501,0.17055331704532434
FR024076,0.38106892883833077
FR031612,0.36599328428996253
FR031650,0.37329168251618006
FR021187,0.06610524865935985
FR026941,0.62099434723053
FR028139,0.024098433951513676
FR027038,0.24927809614301313
FR020374,0.031601284173747635
FR028695,0.4721119406960084
FR028756,0.12770448293283163
FR020018,0.12900113901283047
FR023662,0.45489224034731024
FR021936,0.23394957675746672
FR020178,0.465114840148131
FR031790,0.07611532599063722
FR024950,0.08920294389353002
FR027649,0.39262046661325817
FR025164,0.3460027213636734
FR028092,0.49720573304918103
FR031352,0.1331493624056898
FR031239,0.29606263117882187
FR029967,0.47252622500372593
FR023581,0.1964837484874588
FR025177,0.16400009254142983
FR027854,0.4988117572810469
FR024793,0.880770937433679
FR022286,0.25106974126599907
FR022560,0.45930409920871706
FR021081,0.2503945116475765
FR030364,0.029172071642131554
FR026500,0.28855171048306094
FR028325,0.17615153551519486
FR024969,0.49983939757681356
FR031333,0.24013693979480555
FR023531,0.03377762186818553
FR022813,0.19403301469310413
FR023308,0.04777451312178293
FR020558,0.3341821678045139
FR029662,0.328279961498461
FR026156,0.21038648421657496
FR026834,0.24326828352326751
FR021835,0.35187264577561833
FR022175,0.28733306898048944
FR031705,0.22141882152793435
FR029985,0.07948878392490805
FR021564,0.45462591472092045
FR030715,0.27567392489186915
FR027595,0.4034940846119206
FR027609,0.05317904022700632
FR024938,0.3372489477447601
FR021584,0.24121838324741868
FR028077,0.1321997366873504
FR023483,0.32017182576170483
FR028816,0.8714139640769392
FR023082,0.0233774716497716
FR025714,0.019751138878322534
FR031944,0.4868782170925098
FR029519,0.11726129018894058
FR031355,0.1376069539504161
FR030943,0.40595557903764456
FR030996,0.33303885072152734
FR026618,0.22278273155399123
FR030935,0.05675964031513586
FR021563,0.38219341481642105
FR021782,0.2576202756120513
FR020762,0.22803122950436
FR028752,0.214155395353667
FR028651,0.31262055269830913
FR022579,0.39711034005209234
FR023608,0.16398933191006052
FR029957,0.4100607599050267
FR020759,0.3817226371940148
FR029369,0.34171999007869797
FR028655,0.10811744368289067
FR025134,0.1633786660798536
FR021988,0.16450046190010154
FR024854,0.13573460409216054
FR025940,0.4945720685215485
FR024270,0.35852809627752114
FR027162,0.04883712546949984
FR021586,0.22123320063681418
FR023291,0.12310431302246232
FR031369,0.4066334988139095
FR027946,0.32756168935456126
FR021467,0.2781919126322818
FR025942,0.41085973678419613
FR026148,0.21421457882619807
FR026312,0.19314795276298044
FR031876,0.3732002171495411
FR029638,0.4327683822520603
FR027557,0.39678752111101373
FR020237,0.1466270531957192
FR023944,0.08567883712008922
FR022891,0.041780841449091194
FR031302,0.3109123024684351
FR031076,0.2917503081575809
FR025792,0.12251516845499395
FR030820,0.05679192220924371
FR027572,0.39396823569226114
FR022918,0.4332633712950475
FR031647,0.7147570080836548
FR020107,0.19373978748829107
FR031578,0.015861170638326066
FR027697,0.2935446434384092
FR026520,0.108572080358243
FR031838,0.4998985810493445
FR027994,0.10688804154894989
FR020614,0.3095752940208014
FR023696,0.23597795577057692
FR024344,0.4901090966611375
FR021004,0.40935862870818085
FR027990,0.09719809300090876
FR030875,0.28692685514629895
FR020668,0.4047719095870232
FR020564,0.48623526936819494
FR021894,0.17053717609827043
FR030600,0.2983707866075334
FR022250,0.1070413805459622
FR031906,0.1310671802357332
FR025889,0.4330992716666659
FR026355,0.037966197628679706
FR021935,0.2564473667927993
FR030703,0.41813392358983287
FR025356,0.013340492740071033
FR028940,0.24266837832442986
FR026171,0.07415151076574268
FR026780,0.46967734784870785
FR020319,0.12874288385996766
FR024375,0.47694346418081746
FR020518,0.13850815682759374
FR028331,0.36521044835784705
FR026704,0.1553377842891554
FR030880,0.03627946866154429
FR031894,0.18226088397510637
FR026529,0.33179330764053255
FR026689,0.17072279698939058
FR021443,0.8385198618640615
FR028697,0.32448145862510347
FR027666,0.17734058528150085
FR021397,0.3428498563724729
FR020108,0.21551930537972389
FR029566,0.26897543186448925
FR021775,0.09932331769634253
FR028773,0.7808346034379645
FR020425,0.43363192291944547
FR026933,0.24009927758501307
FR022222,0.28526971791542904
FR028135,0.36466703647369814
FR021678,0.2082370481005603
FR024461,0.06170146027148001
FR026584,0.07128649266367056
FR020722,0.017668956708365945
FR020161,0.07653499061403933
FR027299,0.4160033185787144
FR024453,0.4832222925847952
FR030967,0.3866456260454627
FR027042,0.15622553637712142
FR029192,0.4879193081774881
FR025324,0.4136010076255215
FR029907,0.46278516345668086
FR023809,0.41240388738568856
FR027033,0.37347999356514255
FR030019,0.14048542284169985
FR029971,0.13431958106709954
FR025733,0.6605444408002662
FR021842,0.2965468595904397
FR028694,0.3699478163181748
FR030860,0.2756147414193381
FR028148,0.2256827217080135
FR025466,0.2804919975874665
FR030428,0.3424355720647554
FR029412,0.3317852371670056
FR023848,0.01649604788911385
FR025085,0.2690937988095515
FR023452,0.29718711715691215
FR023576,0.13729489564070682
FR027192,0.17805078695187362
FR026550,0.49470119609797986
FR022887,0.43181337621803634
FR027964,0.050383966228834516
FR023824,0.1356269977784677
FR020765,0.4238478188469231
FR023063,0.3965911395885243
FR025096,0.02982847015565792
FR027462,0.17595784415054772
FR024435,0.14485423917762952
FR029841,0.41076289110187253
FR026706,0.16323339755636823
FR031613,0.32820732723671836
FR025162,0.17441907386473995
FR021427,0.07900724567113253
FR028100,0.10359259819210634
FR023529,0.1941944241636434
FR028335,0.3900217741375759
FR020137,0.2611121004913843
FR025186,0.33122837449364506
FR027535,0.4336884162341342
FR029816,0.3363047023421053
FR027194,0.21143295561723788
FR027989,0.16032264677097668
FR023380,0.20829892173093364
FR025749,0.2058078355689442
FR025562,0.20422064244197466
FR021727,0.017077121983055235
FR023918,0.36279468661544256
FR021754,0.10881688472189416
FR020528,0.6196438562305904
FR028772,0.035504703202955776
FR020557,0.06851563008607969
FR029912,0.34558574689811355
FR023435,0.34397165219272086
FR023434,0.45166136077868246
FR027424,0.38016772596115317
FR031848,0.24007237600658987
FR022193,0.14496991596484937
FR029508,0.18167980988116497
FR029830,0.4919599252566545
FR024819,0.2451164219609421
FR030864,0.2799001628621558
FR021633,0.09302565818746852
FR022816,0.24493618138550666
FR021701,0.025559189659894108
FR030959,0.36921071306937875
FR020545,0.09915383775227628
FR024810,0.24431206476608813
FR030091,0.22109869274469815
FR030596,0.4304010433508177
FR026442,0.20689196917939964
FR022900,0.3059973840905142
FR028220,0.8027318503655961
FR025576,0.18593025927203252
FR030149,0.18680725072862925
FR029525,0.2316952244856015
FR030186,0.37378667155916717
FR029612,0.05760973019330941
FR030245,0.17944966902988072
FR021448,0.19470286399584213
FR020627,0.2790366221947707
FR025136,0.051911975883273016
FR020853,0.10441309633401433
FR025132,0.40937745981307716
FR028166,0.2075080153252912
FR021147,0.10623971350895044
FR027590,0.272254734274279
FR025100,0.363443014655442
FR021858,0.13521809378643485
FR023258,0.03302975798802021
FR026236,0.07459000649404107
FR029970,0.10539500394646155
FR029100,0.2684320199803404
FR029650,0.224991351142537
FR020190,0.437379312793799
FR027913,0.08673875930996378
FR026246,0.0842826451999245
FR020878,0.14253532311754863
FR031642,0.2908571757539302
FR020623,0.16682206811802477
FR028671,0.37030829746904576
FR020437,0.3355245565678321
FR025481,0.16137180832948195
FR020085,0.3454189571118897
FR024792,0.6160747014450279
FR030189,0.16333562355437645
FR027873,0.020009394031185426
FR026242,0.1961286476522724
FR021080,0.48605502879275947
FR027807,0.19495842899086266
FR024028,0.21183916945142842
FR023583,0.46378321201618183
FR022073,0.01717934798106346
FR027413,0.3124080302287657
FR020422,0.17816915389693577
FR020246,0.08684636562365662
FR023371,0.48235068144388316
FR025021,0.013633719944884081
FR022770,0.28361796100024383
FR027838,0.7182296992263633
FR020127,0.16239406830956404
FR026098,0.048371728162778245
FR030691,0.2764244789298768
FR029065,0.2564930994761187
FR029555,0.08966027072672465
FR023318,0.25219422724408935
FR022084,0.3343543379064224
FR030587,0.1266633918478533
FR023579,0.17507547237826634
FR025946,0.10351458361467905
FR025704,0.23936755465190165
FR021801,0.19202615694273248
FR024127,0.17301481147104825
FR024191,0.09596062039344101
FR025217,0.2171038083488511
FR026152,0.16349703302491572
FR029448,0.21249287780711248
FR020426,0.17444328528532083
FR024407,0.3824247683908606
FR026071,0.4430663064724661
FR022276,0.4441504400829216
FR030397,0.15764055940218236
FR027931,0.4770134082847179
FR029272,0.26808498961868094
FR021618,0.3519237587746224
FR029476,0.3038318070274456
FR026383,0.49127931532254726
FR028958,0.18864731869277704
FR025097,0.1656868215085652
FR024839,0.027504173779892366
FR029143,0.0574617715119817
FR029473,0.11728281145167915
FR025476,0.24635927488409456
FR022668,0.3292564887952236
FR021185,0.1688665880781889
FR022996,0.017171277507536498
FR027099,0.43363192291944547
FR020700,0.26388834338465983
FR020464,0.8980379295043688
FR028583,0.28291582980339797
FR030175,0.12091183438097047
FR023142,0.28029830622281937
FR026866,0.0765753429816741
FR027164,0.4218840036220286
FR022318,0.11889152584138725
FR030916,0.23791755957489055
FR026131,0.3622647255205053
FR023182,0.3945439294705178
FR026073,0.13539026388834344
FR021164,0.17120164508532376
FR030317,0.28947174446513485
FR029987,0.2880002281253851
FR021550,0.039526489177226
FR025143,0.1014835144437265
FR024703,0.46286586819195047
FR030448,0.3231982533343162
FR030904,0.316061264578638
FR024248,0.22597863907066887
FR021076,0.024504647785704218
FR021203,0.29890074770247077
FR021611,0.37275634110555816
FR021598,0.12565727281482514
FR022161,0.10389927618613096
FR024645,0.20747304327334104
FR027337,0.273930702610045
FR026771,0.2905989206010674
FR025623,0.0977845474105348
FR026481,0.9010283024328105
FR027503,0.3774076240149315
FR020389,0.15458454009330547
FR031259,0.11736082602910644
FR021097,0.4656582520322799
FR022166,0.4842849049325121
FR025199,0.26088612723262933
FR022245,0.18982829798555603
FR021413,0.29525020351044085
FR022776,0.0650480166273276
FR029222,0.08076122858432597
FR030216,0.014876572868036494
FR024656,0.3881413538057933
FR025175,0.4534180338497182
FR025556,0.43247246488940505
FR025816,0.16866482624001486
FR026273,0.08644553210515078
FR029699,0.1368456392810392
FR031978,0.2943893530008981
FR031933,0.44541750442665484
FR025307,0.3599000767771049
FR028622,0.08103831484208503
FR027575,0.4558472463813343
FR026959,0.17808575900382384
FR031976,0.04149568471780516
FR030731,0.21783015096627784
FR026266,0.19056809139219436
FR023093,0.11735544571342184
FR023845,0.4500526463889743
FR022689,0.037210263274987415
FR030208,0.41408254587929694
FR028185,0.24219760070202362
FR028599,0.12842544523457375
FR028277,0.25537937412939776
FR023702,0.20519985989657957
FR027128,0.09368205670099489
FR027581,0.08785517481452708
FR029276,0.4179160208046048
FR023306,0.21536865654055387
FR024648,0.05773347745405616
FR028876,0.4984432056566488
FR030900,0.10058231156654891
FR020719,0.28522129507426724
FR023421,0.2828862380671324
FR025002,0.08628950295029611
FR029714,0.14595451373513887
FR026998,0.26698740521901393
FR029332,0.27278200521137386
FR029215,0.1630128046132979
FR031496,0.05753978608940903
FR030316,0.13699090780452453
FR022512,0.3902127753443806
FR026642,0.04612544636443998
FR025108,0.40413972249407776
FR026886,0.3524429592381904
FR021161,0.136517440024276
FR021825,0.3413406778229307
FR031864,0.2539509003151252
FR031340,0.25911062305669724
FR020980,0.03803883189042238
FR024432,0.38657568194156233
FR030891,0.14871999599704513
FR025846,0.06471712721272209
FR025106,0.4265191455843481
FR030582,0.34830818663454266
FR022482,0.17844085983901023
FR025148,0.35032849517412595
FR029391,0.28924846136422216
FR026504,0.39983546994636376
FR024660,0.1723853145359451
FR021232,0.32887717653945636
FR021509,0.2117692253475281
FR028477,0.08253135244457338
FR024595,0.3392020023382853
FR028322,0.18394492278439947
FR030072,0.2869268551462989
FR026364,0.4599927796163513
FR023542,0.14293077632036985
FR027604,0.29193861920654335
FR030719,0.11507957217881806
FR023012,0.11872473605516332
FR021686,0.2738876600845679
FR024772,0.05076865880028648
FR020562,0.1227734236078568
FR027757,0.4413849578210153
FR026091,0.08500360750166658
FR029260,0.4082556639928292
FR025991,0.330206114513563
FR020328,0.2713131790294665
FR031127,0.040242071163283474
FR031108,0.3648607278383453
FR029131,0.473263328252522
FR022955,0.09815309903493279
FR024862,0.39590245918089007
FR024102,0.3541458291523798
FR022808,0.30728596969698607
FR020077,0.11012968174894695
FR028272,0.3548210587708024
FR030555,0.7211236085119529
FR031296,0.11488857097201324
FR023123,0.09751284146846034
FR024401,0.255608037545995
FR030250,0.4390821827079883
FR031762,0.40068824998237956
FR026915,0.29455883294496427
FR020499,0.08980015893452534
FR029754,0.29741847073135175
FR028523,0.4954382993467761
FR023759,0.35149871383553566
FR021960,0.024857058463048264
FR031244,0.20844688041226136
FR030399,0.2502761447025143
FR021385,0.11625786131375478
FR028478,0.29405308327060786
FR027747,0.4304871284017719
FR022423,0.11021845695774354
FR031216,0.39410274358437714
FR022987,0.07101747687943845
FR031643,0.13673803296734632
FR027790,0.45809083802183015
FR023004,0.4922047296203058
FR027262,0.3530751463311359
FR020602,0.18499677450074709
FR028419,0.10395307934297739
FR025702,0.18218286939767905
FR030883,0.30170120201632716
FR023406,0.4929821852367366
FR022984,0.24012079884775164
FR028214,0.16420454453744618
FR029390,0.38469257145193747
FR028762,0.030751194295574137
FR024420,0.2356712777765523
FR024161,0.17536062910955239
FR027508,0.32371207348219955
FR020273,0.3730361175211595
FR022382,0.446792175084081
FR021063,0.3630152795585128
FR025710,0.3626413476184302
FR021049,0.18092656568531507
FR029454,0.08312049701204173
FR030501,0.059689222205423685
FR031399,0.46080251712688997
FR021247,0.2530416269644205
FR031471,0.07150439544889857
FR030532,0.20354810298139434
FR030548,0.2854499584908646
FR027934,0.4815732258274524
FR030962,0.24202543060011503
FR028520,0.26099104338847984
FR022395,0.35645936489677604
FR030814,0.13948199396651398
FR020568,0.10175522038580097
FR030418,0.23484539931895965
FR030682,0.39361313485707466
FR023330,0.23801978557289874
FR027731,0.1098660462803995
FR031054,0.14029442163489503
FR024369,0.4000426121002224
FR027060,0.2665139374387654
FR027720,0.2751224425341934
FR020891,0.0056251200482937145
FR027107,0.28590190500837454
FR027710,0.20628399350703508
FR022772,0.17111556003436945
FR025124,0.09946858621982788
FR022915,0.04916263456842069
FR026512,0.97636640750101
FR030836,0.19754636083517568
FR026274,0.4464559053537908
FR021538,0.7802558215808437
FR020233,0.18430271377742818
FR021805,0.1675053682099744
FR028225,0.42370255032343773
FR031174,0.3147403970780583
FR030862,0.24118341119546852
FR025631,0.11974430587740309
FR024868,0.44054293841636877
FR027211,0.2939427867990727
FR028491,0.1733618418327077
FR028407,0.2816272441969261
FR021406,0.48921865441532925
FR022202,0.07548851921337635
FR024339,0.261695864743168
FR022392,0.31702165092834667
FR023585,0.11084526373500442
FR029319,0.1090966611374956
FR025062,0.008818337407129043
FR029808,0.47075879130132087
FR025909,0.16924859049179855
FR028187,0.34393668014077067
FR020741,0.46972039037418495
FR030392,0.03927899465573243
FR023798,0.12946384616170972
FR021343,0.45785948444739055
FR026350,0.4230649829148076
FR029501,0.29833850471342566
FR021151,0.3183909412700882
FR023522,0.11606686010694994
FR025820,0.01256841743932482
FR023986,0.3884076794321831
FR028417,0.3643119356385117
FR025075,0.3608416320219174
FR023407,0.31595365826494515
FR020200,0.22511778856112605
FR026195,0.013332422266544068
FR021372,0.20408882470770096
FR024391,0.26217202268125883
FR030470,0.31269318696005177
FR023634,0.02326717517823641
FR024473,0.29154585616156453
FR021734,0.3455104224785286
FR024431,0.2371939071153061
FR024590,0.3082060036790599
FR028513,0.46337699818199146
FR026305,0.4057860990935784
FR023530,0.45755549661120826
FR022157,0.30869292224852013
FR028188,0.3399148941665004
FR026289,0.17702045649826462
FR026466,0.14520395969713132
FR026842,0.02018425429093627
FR029631,0.1078887802662934
FR026524,0.2184085349023769
FR029225,0.46388005769850554
FR031588,0.18487571739784261
FR023480,0.13812077409829945
FR028728,0.4320420396346336
FR030570,0.43389286823015066
FR020683,0.35741437093080003
FR025526,0.29292052681899067
FR020646,0.664402986514385
FR028239,0.18823572454290183
FR024134,0.22038042060079835
FR025796,0.03701657191034029
FR029146,0.2895120968327696
FR028597,0.38658644257293157
FR021426,0.13768227837000113
FR020440,0.4473086853898066
FR024745,0.13168053622378242
FR030625,0.043429908206434144
FR026516,0.4292442754786195
FR026256,0.19528124793194118
FR021197,0.22781063656128964
FR026456,0.407424405219552
FR021498,0.09912424601601079
FR025577,0.06951098848773853
FR022933,0.8207705515791069
FR028022,0.32095735185166263
FR028786,0.05000196381522491
FR027022,0.35453859219735867
FR029255,0.04931059324974834
FR025111,0.4676651097826515
FR025690,0.07093946230201112
FR020687,0.08228923823876445
FR026936,0.8845330195049498
FR028648,0.398958478489767
FR031829,0.21454277808296127
FR021603,0.35975749841146193
FR020819,0.13650398923506438
FR030693,0.3301630719880859
FR030349,0.29229910035741447
FR021688,0.41732956639497876
FR021731,0.04984055434468564
FR024434,0.39653195611599323
FR024856,0.16997493310922523
FR027691,0.2465475859330571
FR020500,0.22803122950435994
FR027629,0.47234060411260587
FR030647,0.0702884441041694
FR026134,0.09491414899277803
FR031104,0.210663570474334
FR020257,0.43062432645173027
FR022995,0.337867684048494
FR022343,0.4251848272945568
FR021345,0.20870244540728183
FR028055,0.2201356162371471
FR022520,0.20624364113940027
FR029762,0.24994256513006655
FR029350,0.09668427285302543
FR031734,0.22322660759797422
FR021940,0.3709351042463066
FR025534,0.09134699969386006
FR025725,0.3894622213063731
FR030043,0.09975643310895627
FR020452,0.17581257562706235
FR023202,0.4925705910868614
FR026764,0.24811325779728804
FR027309,0.34168501802674783
FR028005,0.38421372335600423
FR030178,0.07922514845636054
FR024760,0.10031867609800141
FR026776,0.05191735619895762
FR028843,0.16808913246175808
FR020584,0.39352973996396273
FR021450,0.2261104568049426
FR031797,0.0799003780747832
FR028628,0.3174251746046949
FR021321,0.041675925293240663
FR031021,0.03799847952278756
FR020483,0.33244970615405894
FR021978,0.40436031543714807
FR023838,0.23769696663182016
FR025058,0.11245128796687019
FR025017,0.365285772777432
FR026105,0.09873686328671652
FR022263,0.3176726691261884
FR022533,0.023778305168277482
FR021047,0.2941176470588236
FR020654,0.08711000109220411
FR028512,0.03602659382436606
FR025895,0.37688035307783657
FR029703,0.181386582676352
FR024523,0.11647576409898279
FR028078,0.48372535210130924
FR025349,0.22680720768610382
FR027182,0.4269092184714846
FR029897,0.40009910541491117
FR030768,0.392050153150686
FR028861,0.44309320805088925
FR021191,0.49876064428204264
FR021787,0.22385610453307744
FR022065,0.323087956862781
FR023107,0.2397899094331461
FR027421,0.3410689718808562
FR024320,0.4851000227587354
FR024777,0.24330594573305997
FR027276,0.3840792154638882
FR031484,0.23282509077937644
FR030828,0.6116373738737882
FR023932,0.36620580675950587
FR021031,0.11028033058811695
FR026968,0.18324548174539593
FR027523,0.31340338863042455
FR027837,0.18762505871269494
FR029235,0.11335787115973243
FR028611,0.6002546640171318
FR026745,0.08641056005320058
FR022053,0.45837868491095857
FR028051,0.3265770915842717
FR031435,0.2951076251447978
FR031965,0.3221786835120765
FR020038,0.11328523689798976
FR029739,0.44614653720192393
FR021654,0.08561427333187352
FR024990,0.4416889456571976
FR024769,0.2568670314162013
FR030089,0.4291931624796154
FR023451,0.2933697831786583
FR030441,0.33464218479555075
FR026975,0.1106650231595689
FR030384,0.2551910630804352
FR026061,0.3091206573454492
FR029266,0.11794728043873248
FR029826,0.1100032443303579
FR027021,0.17034079457578094
FR021109,0.08065631242847543
FR029439,0.44399710108590923
FR021582,0.4082422132036176
FR020451,0.050865504482610034
FR027081,0.2926837929288664
FR024895,0.45018177396540576
FR024606,0.04225161907149744
FR027362,0.28758056350198297
FR031534,0.42699799368028124
FR029274,0.37685614165725567
FR021445,0.06977193379844374
FR022658,0.3194347225129089
FR025480,0.38000093617492925
FR022432,0.08763727202929905
FR029339,0.4570416764633249
FR024457,0.2095955778109325
FR030084,0.10046663477932907
FR024272,0.32052692659689125
FR024091,0.14223402543920868
FR029888,0.2344418756426115
FR021797,0.27769961374713703
FR029990,0.12643472843125603
FR031033,0.34735049044267635
FR022750,0.3120717604984756
FR023722,0.10244928110911979
FR023629,0.10922847887176931
FR031869,0.38211809039683603
FR022845,0.2792330037172602
FR025892,0.8609958906488098
FR023208,0.10155345854762686
FR027667,0.3256220855502476
FR022434,0.18890288368779756
FR029251,0.49756890435789447
FR028060,0.046203460941867315
FR023946,0.23392536533688582
FR027266,0.34954027892632583
FR031640,0.4844382439295244
FR029159,0.2794643572916998
FR022570,0.3285704985454318
FR025140,0.1998921784736798
FR026372,0.21190104308180183
FR021182,0.9285204406459173
FR023359,0.2768522140268059
FR029996,0.26209400810383154
FR024488,0.2444062202905694
FR029401,0.017117474350690054
FR029135,0.29230448067309905
FR029028,0.09126360480074812
FR020823,0.4877283069706833
FR023091,0.38112004183733483
FR022331,0.32510826540236426
FR020882,0.07506347427428958
FR028260,0.3245540928868461
FR028562,0.34360579072616515
FR023446,0.12282991692254554
FR027472,0.05976185646716636
FR031037,0.24308266263214734
FR024422,0.14738567770725378
FR024520,0.3096290971776479
FR030062,0.4361337697128042
FR022225,0.44239107685404344
FR026740,0.305685325780805
FR021906,0.32031440412734785
FR031283,0.050120330760287074
FR020532,0.1054245956827271
FR021562,0.09780337851543104
FR028088,0.09266248687875515
FR022841,0.4162965457835274
FR031449,0.1631903550308911
FR027254,0.44430915939561844
FR024206,0.17337798277976166
FR023222,0.10967235491575238
FR025731,0.22621806311863546
FR030453,0.048705307735226064
FR027547,0.1948938652026469
FR021526,0.027025325683959205
FR026257,0.13965954438410724
FR022221,0.23205570563647254
FR021111,0.12076387569964282
FR026920,0.08206326498000943
FR027846,0.08052718485204402
FR024454,0.06526322925471333
FR031843,0.3911085979058736
FR026034,0.296490366275751
FR029373,0.14823038726974266
FR029108,0.4183437559015339
FR031609,0.11984653187541126
FR031546,0.482759585435916
FR031031,0.2873196181912778
FR020409,0.7171685991549799
FR023041,0.20183447243583574
FR021128,0.37688304323567895
FR026348,0.3907615675442142
FR031948,0.30947575818063555
FR027550,0.367965169988384
FR025975,0.35417811104648766
FR021925,0.12317156696852037
FR030973,0.12267119760984858
FR031526,0.3271931377301633
FR029278,0.39351897933259344
FR028980,0.17589597052017436
FR031210,0.2572517239876533
FR025858,0.4197533986109102
FR027102,0.3333186271371287
FR020735,0.38218803450073635
FR024035,0.49868801002030005
FR028368,0.4017992851712582
FR026100,0.12389521942810475
FR026327,0.10604064182861865
FR020509,0.39391712269325696
FR029901,0.2907441891245528
FR031964,0.06576090845554275
FR020559,0.0072714966477943135
FR020974,0.32957392742061753
FR020065,0.9001601296471335
FR026981,0.4713129638168391
FR021939,0.0873090727725359
FR021871,0.18150763977925638
FR021559,0.33962704727737203
FR028451,0.1457500617391225
FR024128,0.3937610935384024
FR020863,0.034533556221877766
FR023954,0.1192789085706815
FR022328,0.11405731219873598
FR027301,0.23038242745854876
FR020232,0.23874612819032548
FR021316,0.14349839962509964
FR021984,0.014720543713181829
FR021711,0.16397050080516423
FR024906,0.14127094893165765
FR021207,0.5176817857349593
FR024187,0.28718242014131945
FR023505,0.3002081644138389
FR027183,0.05776306919032166
FR031464,0.33993641542923897
FR024380,0.39932164979848034
FR031621,0.04707238192493709
FR024744,0.040586411367100554
FR021621,0.2619998525793503
FR027392,0.43702152180077025
FR027272,0.39541823076927224
FR026589,0.11674747004105719
FR026495,0.12037649297034857
FR021932,0.4345277454809385
FR024713,0.17096222103735717
FR026109,0.13545751783440146
FR029755,0.2254406075022046
FR031278,0.3810339567863806
FR027261,0.14542455264020165
FR027124,0.5489360060193349
FR027219,0.4062864684522501
FR031939,0.13619731124103976
FR020160,0.20572444067583226
FR023621,0.05266522007912294
FR028058,0.2477931290140518
FR027538,0.1914208714282102
FR028664,0.27358905256407023
FR028046,0.11420258072222134
FR025401,0.04115134451398802
FR024995,0.6541778403719681
FR023774,0.043704304306350916
FR020639,0.11772668749566216
FR020163,0.48032230243077295
FR026905,0.12457313920436971
FR022270,0.2275254798300036
FR023072,0.3804286712718583
FR023097,0.08852502411726507
FR027530,0.3423306559089048
FR030780,0.17792165937544221
FR026561,0.16582401955852358
FR020101,0.49123896295491243
FR031822,0.3066887546559907
FR022409,0.09999047684123821
FR027970,0.12789548413963645
FR025179,0.20356962424413289
FR025342,0.4509861311602598
FR030140,0.10643878518928224
FR031111,0.14785645532966005
FR024123,0.4654726311411598
FR020309,0.2724430453232414
FR023729,0.0156163662746748
FR022707,0.43537245504342736
FR024462,0.1251246215620456
FR024155,0.4579509498140295
FR022128,0.14042085905348412
FR020616,0.40386532639416095
FR030420,0.17116667303337357
FR027520,0.4875399959217208
FR021327,0.19517095146040597
FR022186,0.28199041550563947
FR023178,0.0019127022258904024
FR021958,0.11155815556321957
FR025944,0.2998315423159139
FR024762,0.3809021390521068
FR027422,0.13268127494112592
FR025133,0.48422572145998105
FR028936,0.17772796801079507
FR027935,0.7247892269403655
FR029408,0.23581654630003768
FR023271,0.47089598935127935
FR031434,0.16463496979221762
FR021767,0.21155670287798473
FR023875,0.07153667734300644
FR023364,0.4503808456457375
FR027322,0.11115194172902904
FR029716,0.17617574693577573
FR025416,0.024916241935579314
FR020497,0.27422931013054264
FR025206,0.3055804096249544
FR020881,0.14244923806659432
FR026144,0.26135690485503554
FR025922,0.4653085315127781
FR029717,0.48715261319242653
FR030832,0.3469738683447513
FR030618,0.2238883864271852
FR025624,0.10084325687725407
FR028488,0.4481318736895569
FR020993,0.39867332175848097
FR025116,0.23272286478136822
FR021256,0.21504583759947532
FR023547,0.22689329273705805
FR026428,0.31867340784353193
FR024976,0.09532305298481088
FR026728,0.20460533501342656
FR030668,0.026597590587030127
FR025374,0.27704590539145296
FR030955,0.37015764862987577
FR026172,0.22686908131647715
FR027008,0.2686095703979336
FR029489,0.2837551590502022
FR021552,0.05412866594534568
FR024664,0.07099326545885755
FR031804,0.45947357915278325
FR020766,0.09176397415941988
FR030472,0.2510831920552107
FR021072,0.4640414671690447
FR030081,0.33540618962277
FR028141,0.07771866006466065
FR027408,0.28639420389351933
FR020600,0.23119216496908743
FR026515,0.2894340822553423
FR022630,0.11126223820056423
FR023957,0.2549839209265764
FR025152,0.04212518165290832
FR031405,0.18746633939999796
FR021298,0.45668926578598085
FR031927,0.2921645924652984
FR026634,0.37187396933327677
FR029663,0.3383384616709002
FR025636,0.2001611942579119
FR021434,0.06732389016193137
FR021088,0.4725880986340995
FR027205,0.21643933936179774
FR020304,0.42872776517289385
FR022114,0.13917531597248936
FR020092,0.09238809077883837
FR028444,0.13562430762062538
FR026978,0.3108073863125846
FR027651,0.3662353984957714
FR026168,0.1278685825612132
FR025972,0.44310665884010086
FR026787,0.15207731298426205
FR020631,0.13996084206244716
FR031099,0.05292078507414348
FR030025,0.1266445607429571
FR020752,0.419575848193317
FR027762,0.27634108403676483
FR020976,0.15637080490060676
FR029438,0.19218756641327175
FR030228,0.1255335255540784
FR031935,0.28228095255261015
FR020401,0.3161338988403806
FR028138,0.32738413893696805
FR029200,0.3304993417183761
FR030125,0.2533375443270759
FR030333,0.455626653438264
FR031065,0.09733798120870944
FR026712,0.4727575785781655
FR020972,0.14052846536717697
FR020360,0.371440853920663
FR024097,0.22943549189805162
FR029030,0.27372087029834397
FR031115,0.12173233252287848
FR028242,0.0489339711518234
FR028375,0.21961372561573683
FR021454,0.34054170094376124
FR028912,0.06632046128674557
FR028595,0.2919897322055475
FR024977,0.12440365926030347
FR030885,0.37280745410456223
FR027696,0.34802033974541435
FR022007,0.09991515242165318
FR029824,0.21118815125358667
FR028255,0.24234286922550893
FR029764,0.0020902526434836044
FR027159,0.4900337722415526
FR030651,0.1697785515867358
FR022989,0.4993847609014613
FR024640,0.2645070796883937
FR027883,0.3242232034722406
FR029843,0.20103549555666633
FR029668,0.24725240728774522
FR022871,0.4629223615066392
FR025711,0.17314931936316436
FR024234,0.12015590002727825
FR024173,0.11188904497782509
FR031161,0.05277282639281578
FR023900,0.41910238041306846
FR023503,0.07797422505968117
FR022143,0.09370492304265464
FR031356,0.13949813491356794
FR031170,0.40318740661789604
FR022329,0.41186316565938197
FR020303,0.2944485364734291
FR025999,0.39673909826985193
FR023596,0.1623483356262445
FR022115,0.18736142324414745
FR022139,0.025927741284292136
FR022336,0.2571279767269065
FR021067,0.1055106807336814
FR023354,0.30243023479159625
FR022559,0.047865978488421834
FR029317,0.029613257528272253
FR021707,0.34686626203105847
FR029372,0.2549005260334645
FR021177,0.16262273172616135
FR029782,0.10483814127310111
FR030302,0.09838714276721473
FR023201,0.3115794616133308
FR021090,0.27678765023859014
FR031131,0.2752004571116206
FR025571,0.2814039610960134
FR022362,0.2025043217385737
FR028211,0.2952340625633869
FR021698,0.1935111240716938
FR023161,0.033844875814243544
FR025210,0.4835908442091933
FR030284,0.42379401569007674
FR021560,0.1763855792474768
FR026506,0.4636083517564311
FR022232,0.4774707351179123
FR025477,0.45549483570399024
FR028626,0.28148197567344074
FR028083,0.13462087874543952
FR024468,0.42758175793206504
FR020635,0.26543518414399453
FR029713,0.34368111514575017
FR030300,0.41704171950585034
FR028200,0.009326777239327759
FR029590,0.254201084994461
FR027023,0.489124498890848
FR028646,0.057625871140363334
FR021237,1.0
FR029672,0.08453552003710268
FR024536,0.19452800373609128
FR030147,0.20592351235616402
FR030365,0.3704697069395851
FR020916,0.3010098314508507
FR031769,0.27062718877967457
FR027481,0.03584097293324589
FR027439,0.24806214479828395
FR030343,0.4123877464386347
FR025530,0.11111965983492118
FR024212,0.16361270981213555
FR029123,0.008328728679826562
FR023467,0.4819767495038005
FR030362,0.03263430478519899
FR021683,0.17751544554125176
FR031226,0.25614606911445925
FR028128,0.1260285145970655
FR031429,0.12327648312437085
FR029546,0.3050396878986478
FR026937,0.16565453961445736
FR031398,0.10554027246994695
FR028054,0.1323988083676822
FR023159,0.42441544215165294
FR021200,0.4941900661079389
FR024632,0.1862396274238995
FR030767,0.15047666906808094
FR024577,0.19132133558804434
FR028126,0.8190342060077569
FR027243,0.18210754497809406
FR031308,0.3946380849949991
FR028721,0.13815305599240732
FR023080,0.14364366814858495
FR023658,0.36995857694954404
FR029891,0.2459019480509
FR022785,0.1768455962385137
FR022763,0.3430274067900661
FR024416,0.30901036087391404
FR021252,0.1486877141029373
FR025343,0.38796380338820013
FR021277,0.17896813077610518
FR029671,0.31744669586743346
FR024226,0.3703378892053113
FR020633,0.14123328672186516
FR027321,0.091513789480084
FR029292,0.19101465759401973
FR021626,0.38550230896247617
FR031125,0.9934404722859915
FR026330,0.1462665720448482
FR027999,0.3312633465455953
FR028382,0.28654216257484694
FR029948,0.341929822390399
FR022529,0.25481713114035254
FR020234,0.25168847756973295
FR022576,0.29062851233733294
FR023566,0.48119122341384263
FR031726,0.47579207662430384
FR030590,0.45834371285900843
FR028798,0.27439071960108197
FR021672,0.3940327994804768
FR029999,0.3958029233407242
FR029158,0.22980404352244965
FR028571,0.2750498082724506
FR023694,0.19585425155235564
FR026077,0.17792972984896915
FR026935,0.4960677962818792
FR026878,0.344299851449484
FR021831,0.45738870682498434
FR027659,0.39576526113093174
FR023862,0.3282019469210337
FR020843,0.1881012166507858
FR030927,0.06266991709471566
FR025484,0.05777113966384868
FR029201,0.07770520927544906
FR020950,0.06846451708707561
FR024008,0.1770608088658994
FR024055,0.08536139849469529
FR030200,0.2514598141531357
FR026002,0.45503212855511094
FR029770,0.2387380577167985
FR027427,0.07823248021254402
FR025706,0.26948656185453035
FR030235,0.05757475814135919
FR025910,0.04991856892211298
FR025337,0.04608240383896285
FR021911,0.14690951976916297
FR027127,0.10659750450197919
FR028360,0.45494066318847204
FR023488,0.12278149408138375
FR020029,0.4245445697280843
FR023984,0.08314201827478025
FR026118,0.053900002528748395
FR029174,0.2917879703673734
FR030467,0.5173923948064009
FR029542,0.6184862925163529
FR020758,0.3955877107133385
FR025242,0.13392681802212067
FR025650,0.3681481007216618
FR030812,0.054478386464847484
FR027029,0.22315128317838925
FR023268,0.09417166542829736
FR021439,0.27505787874597765
FR021946,0.01767702718189291
FR031189,0.22697399747232772
FR022008,0.3865272591004006
FR022601,0.06554838598599935
FR023320,0.2323543131569702
FR028311,0.16748922726292048
FR020277,0.3763692230877956
FR029213,0.308348582044703
FR026757,0.058112789709823455
FR021436,0.06080294755214468
FR022646,0.35913876210772805
FR025919,0.5781644898037959
FR025417,0.3015075106516801
FR020692,0.26754695805021667
FR021202,0.3827018546486197
FR022009,0.2980291365615587
FR022796,0.14535460853630125
FR024313,0.40406170791665036
FR020176,0.29187136526048535
FR020651,0.30555081788868893
FR025882,0.13743747400634987
FR030034,0.15217684882442792
FR028087,0.4367955485420152
FR020035,0.1016610648613197
FR026210,0.4143004486645251
FR023857,0.11450656855840365
FR021909,0.4789018990900274
FR025607,0.29040791939426264
FR030584,0.4774276925924353
FR025883,0.1583669020196091
FR030285,0.25089219084840586
FR022547,0.3255871134982975
FR023092,0.23054114677124568
FR025813,0.3087547958788935
FR031514,0.40597979045822546
FR026018,0.05471781051281403
FR028857,0.4067061330756521
FR021995,0.10590344377866026
FR025684,0.13154871848950864
FR020058,0.3107589634714228
FR022387,0.26778100178249864
FR021542,0.34522526574724255
FR030784,0.30401742791856573
FR028243,0.07756263090980603
FR023472,0.2701321997366874
FR021318,0.09886868102099025
FR031510,0.17550858779088008
FR021452,0.08608774111212202
FR031175,0.3110225989399703
FR021183,0.15744417787969292
FR030726,0.017459124396664836
FR021972,0.41412558840477415
FR024582,0.42135942284277594
FR023782,0.4329109606177034
FR020317,0.1555745181792797
FR020862,0.4825874153340075
FR024101,0.07349780241005861
FR024776,0.06548382219778365
FR027206,0.30079999913914957
FR024321,0.4917393323135844
FR031268,0.32066950496253427
FR031499,0.4589839704254809
FR020088,0.14609171178509733
FR021692,0.046208841257551966
FR021422,0.07584900036424741
FR021278,0.1668328287493941
FR022628,0.9776204348580975
FR022207,0.23695986338302416
FR031271,0.17825254879004776
FR020715,0.33276445462161053
FR031071,0.26206441636756606
FR030567,0.40622728497971894
FR030679,0.3269348825773004
FR023424,0.1926233719837278
FR026229,0.45487878955809863
FR026438,0.011508495249450267
FR023246,0.13130391412585743
FR023298,0.10063073440771064
FR020905,0.16113238428151536
FR028778,0.3789329435115277
FR026318,0.2863000483690381
FR030876,0.16064815586989756
FR021512,0.1618506564254151
FR031877,0.48292906537998226
FR023490,0.36585339608216183
FR021478,0.35921139636947064
FR031810,0.1681321749872352
FR027354,0.15650531279272284
FR031697,0.13451327243174668
FR022525,0.3575219772444929
FR023266,0.39479680430769604
FR025639,0.44677065382134235
FR028067,0.3053140839985646
FR025524,0.6608338317288225
FR028774,0.206367388400147
FR020352,0.18109066531369664
FR023356,0.4575904686631584
FR028696,0.38126262020297785
FR028681,0.1013059640261333
FR026424,0.23805744778269128
FR020188,0.01035710769293676
FR029516,0.07399548161088806
FR031938,0.18616968331999917
FR025069,0.22328579107050528
FR025492,0.13576957614411073
FR024068,0.15763786924434006
FR025555,0.11196436939741007
FR027451,0.3476221963847508
FR026604,0.42732619293704444
FR022078,0.2808793803167608
FR029801,0.11049016289981801
FR026819,0.09751284146846034
FR031708,0.26788053762266456
FR023322,0.3661277921820786
FR026476,0.07844769283992968
FR031886,0.42943258652758204
FR028613,0.3188428877875982
FR023476,0.2520866209303965
FR030757,0.07064892525504042
FR023598,0.037530392058223665
FR029581,0.12968443910478003
FR031358,0.3270559396802048
FR027494,0.22489450546021342
FR031235,0.8083267416510692
FR024869,0.4263631164294935
FR022254,0.4001744298344962
FR027482,0.12024736539391714
FR025966,0.0444952107119933
FR021306,0.05487921998335331
FR022028,0.2465906284585342
FR025464,0.12116739937599103
FR026790,0.19044165397360527
FR025167,0.46980378526729677
FR031273,0.08305593322382601
FR028004,0.17095684072167255
FR029074,0.38332328111019587
FR031619,0.368266467666724
FR021065,0.1464279815153874
FR031310,0.1439234445641864
FR020316,0.2764567608239847
FR029462,0.017017938510524185
FR028406,0.07067582683346366
FR022886,0.4627017685635687
FR026848,0.2523018335577822
FR031136,0.312260071547438
FR031117,0.14267521132534935
FR020259,0.4125034232258545
FR022654,0.2857647069584161
FR023170,0.11128913977898743
FR023562,0.18574194822307008
FR023018,0.21539824827681942
FR031571,0.4020010470094323
FR023175,0.10225020942878806
FR024841,0.28500070213119694
FR020888,0.3611725214365229
FR024541,0.02974776542038828
FR028155,0.29554074055741153
FR020089,0.2688355436566886
FR023361,0.4622148499941086
FR027123,0.13728413500933753
FR026671,0.1410369051993757
FR020893,0.39465422594205296
FR022197,0.047860598172737176
FR025644,0.04439298471398513
FR031524,0.007524371484972545
FR029906,0.10538962363077695
FR026810,0.43837467119545787
FR022517,0.06207808236940495
FR023908,0.26068705555229754
FR031539,0.3496720966605995
FR029280,0.04554437227049859
FR028396,0.4175932018635262
FR025728,0.14353068151920748
FR026473,0.019135092732430983
FR024940,0.1180468162788984
FR025719,0.3711583873472193
FR028108,0.2142899032457831
FR030804,0.08407281288822344
FR031272,0.31167361713781205
FR027674,0.16146058353827858
FR024471,0.29318685244538045
FR027352,0.34804455116599514
FR027683,0.369950506476017
FR025247,0.20204699490537908
FR023415,0.4502167460173559
FR031017,0.4999981168895104
FR024175,0.2406776615211121
FR028777,0.14315943973696715
FR029216,0.2502008202829293
FR020153,0.27290575247212057
FR029518,0.3892281775740911
FR020326,0.3789921269840588
FR029202,0.4093882204444465
FR029533,0.2880459608087046
FR027044,0.08900118205535593
FR023683,0.1941944241636434
FR027580,0.33379209491737727
FR021170,0.18925529436514163
FR031793,0.06471443705487978
FR020245,0.45982060951444276
FR022077,0.2311867846534028
FR028621,0.15452804677861673
FR020970,0.06475209926467229
FR020201,0.23965540154103007
FR025848,0.3610971970169379
FR028579,0.24515139401289235
FR029734,0.1535730407445927
FR024103,0.43614722050201576
FR028279,0.9494530511450219
FR030603,0.1848057732939423
FR029781,0.02461225409939705
FR030238,0.0443741536090889
FR029523,0.2941579994264584
FR025957,0.41937946667082754
FR022627,0.39202325157226287
FR030421,0.2704819202561892
FR024669,0.17925059734954896
FR025455,0.15491811966575328
FR031487,0.24646419103994513
FR025516,0.3700312112112868
FR024956,0.25138448973355065
FR029304,0.24448423486799667
FR024602,0.44031158484192906
FR029616,0.16421799532665782
FR027415,0.24262264564111036
FR025358,0.0759001133632515
FR029230,0.4391790283903118
FR024301,0.13902197697547705
FR027372,0.24349156662418012
FR028296,0.37918581834870585
FR027269,0.24603914610085836
FR032000,0.04733870755132689
FR031676,0.43982466627246897
FR030613,0.058946738640943026
FR025519,0.2377077272631895
FR021872,0.33969699138127235
FR030646,0.9957555997144645
FR027614,0.3043025846498518
FR027923,0.44247985206284
FR031652,0.12218427904038845
FR027455,0.2264090643254403
FR024702,0.18650326289244698
FR029379,0.18162062640863394
FR024507,0.22220165746004983
FR025682,0.3324604667854283
FR027487,0.3395544130156294
FR023672,0.12111090606130227
FR027343,0.14528735459024328
FR029977,0.2860122014799097
FR023461,0.09684299216572237
FR022025,0.02550807666089002
FR029325,0.4696907986379194
FR028436,0.143786246514228
FR025118,0.32938292621381277
FR029642,0.2729138229456476
FR029333,0.09456442847327629
FR029819,0.4664948911212419
FR024059,0.15348426553579603
FR021299,0.34424335813479534
FR030538,0.36801090267170344
FR030042,0.3705665526219086
FR020313,0.1274300868329149
FR031707,0.0816355298830804
FR022936,0.024545000153339033
FR021265,0.11702455629881632
FR021918,0.29020615755608853
FR025834,0.4925921123496001
FR021016,0.11944838851474773
FR025544,0.012901997011772685
FR028717,0.4002739656746621
FR029173,0.03515767284129633
FR022854,0.41263255080228595
FR024572,0.39057863681093635
FR020856,0.23173288669539402
FR020073,0.15879732727438053
FR031091,0.22695516636743146
FR021886,0.058293030285258965
FR023863,0.091957665524067
FR026126,0.2105936263704337
FR029011,0.4386705885581132
FR026016,0.44623262225287813
FR030382,0.11888614552570259
FR027933,0.26373769454548984
FR027730,0.0915433812163495
FR023211,0.3552353430785199
FR024575,0.16484480210391866
FR024946,0.04595058610468913
FR026645,0.12003484292437373
FR031247,0.48782246249516453
FR028930,0.5223120405919031
FR028820,0.2906016107589097
FR022307,0.43860333461205514
FR021553,0.1146276256613081
FR026390,0.1360708738224507
FR026127,0.19848253576430347
FR031911,0.12173771283856313
FR020760,0.08506279097419764
FR031150,0.4910156798539999
FR029918,0.040381959371084165
FR021038,0.19807901208795528
FR022614,0.08945850888855056
FR024239,0.42085098301057733
FR020920,0.4097325606482636
FR022671,0.396881676635495
FR031799,0.3349515529474177
FR029951,0.06261880409571152
FR028892,0.2939454769569151
FR020306,0.40044344561872824
FR026976,0.2641627394845766
FR021506,0.3375690765279963
FR024251,0.28807286238712776
FR020100,0.38305695548380614
FR027176,0.09332964602365083
FR027070,0.07860103183694205
FR031775,0.4725208446880413
FR029579,0.2670896312170221
FR028973,0.25865867653918734
FR030551,0.4091138243445297
FR026859,0.4171600864509125
FR020282,0.24107042456609104
FR031795,0.2880056084410697
FR022013,0.4199255687128187
FR021848,0.9349835047170696
FR029326,0.30944078612868536
FR028173,0.3127631310639521
FR024873,0.33085713271140477
FR031171,0.20745421216844476
FR025423,0.2116105060348311
FR025331,0.3023898824239614
FR026308,0.43911715475993846
FR020962,0.1848057732939423
FR023642,0.19064879612746405
FR025444,0.4324025207855047
FR020268,0.074899374645908
FR020915,0.11144247877599973
FR021335,0.29187674557617
FR023489,0.3251432374543145
FR029568,0.2784394071537754
FR031254,0.07649463824640451
FR027290,0.2851755623909478
FR023806,0.2799566561768446
FR022882,0.3843805131422282
FR021828,0.4865580883092736
FR021670,0.8972662203615459
FR027779,0.3959750934426327
FR028476,0.44705043023694374
FR022373,0.21681327130188044
FR026610,0.02086755438288588
FR031849,0.17897082093394748
FR031547,0.16068581807969007
FR031841,0.12047333865267214
FR030819,0.31234077628270773
FR020167,0.4225780643453475
FR024365,0.2351009643139802
FR031821,0.4507467071122932
FR026542,0.09309291213352654
FR020550,0.3437429887761235
FR027682,0.29529862635160264
FR028509,0.20899029229641022
FR025950,0.21143026545939556
FR031763,0.4655802374548525
FR028016,0.44478531733370935
FR026272,0.22802046887299068
FR021324,0.37979648417891276
FR023762,0.29785696645965015
FR030917,0.22498597082685232
FR027506,0.0439356578807905
FR025553,0.06265915646334633
FR031590,0.4470665711839977
FR031110,0.1326194013107525
FR021163,0.45110449810532194
FR023314,0.25862370448723715
FR024829,0.3936965297501866
FR021416,0.01189856813658688
FR022591,0.20814558273392134
FR022710,0.2735756017748586
FR026045,0.36404561001212193
FR022616,0.4876691234981522
FR024892,0.24016922168891344
FR022076,0.36707203758473333
FR030429,0.41529580706618396
FR026983,0.18013834943751492
FR020405,0.13293145962046182
FR028000,0.10114186439775172
FR020808,0.2716844208117068
FR027470,0.17753158648830564
FR026402,0.044522112290416554
FR028754,0.08837706543593742
FR031511,0.44833632568557336
FR029018,0.3853570404389908
FR025267,0.05266252992128064
FR029564,0.4148869030741511
FR023324,0.3077244654252844
FR025461,0.4941470235824618
FR020037,0.4133938654716628
FR024807,0.38571752158986183
FR020830,0.47800338637069206
FR025300,0.4799672015955865
FR021720,0.3184797164788848
FR029393,0.16139870990790517
FR024254,0.22590331465108388
FR022024,0.30440481064786007
FR026487,0.1768536667120407
FR024611,0.3093358699728349
FR027082,0.07148825450184469
FR021879,0.20185868385641664
FR022228,0.18638758610522715
FR023315,0.581444253660798
FR022060,0.10812820431425994
FR027721,0.46132978806398495
FR031360,0.4245391894123996
FR022952,0.041888447762784074
FR023349,0.08643208131593916
FR027875,0.1474852135474197
FR026801,0.08467271808706106
FR030350,0.06300080650932117
FR021757,0.4410702093534637
FR022516,0.08688671799129143
FR027059,0.15917125921446318
FR027965,0.15131868847272745
FR025601,0.27167097002249513
FR022618,0.07441783639213248
FR025856,0.4989650962780591
FR031973,0.1633383137122188
FR024963,0.1105089940047143
FR025319,0.39299977886902543
FR026684,0.33922621375886614
FR020404,0.4975904256206329
FR021681,0.25268652612923415
FR027606,0.4540959536259831
FR022212,0.37530392058223633
FR021955,0.4241329755782091
FR025924,0.03485368500511401
FR030634,0.3217213566788819
FR021384,0.31709697534793163
FR021575,0.32882337338260986
FR023766,0.14020564642609842
FR023887,0.4904991695482741
FR028782,0.3797830333897012
FR023282,0.23085320508095494
FR020560,0.24365566625256177
FR020890,0.1248663664091827
FR025063,0.33378671460169257
FR031015,0.3475818440171159
FR026731,0.2359268427715728
FR022930,0.35470000166789795
FR023403,0.4685071291872981
FR023877,0.17393753561096448
FR020795,0.415640147270001
FR021766,0.1993595272209002
FR023251,0.12588055591573782
FR027011,0.2986962957064544
FR022365,0.1990824409631411
FR031250,0.3270209676282547
FR020979,0.48576180158794646
FR026839,0.30836472299175693
FR027727,0.2644532765315473
FR024539,0.39076963801774117
FR024412,0.031754623170759944
FR029095,0.11193477766114451
FR026076,0.25267307534002253
FR031490,0.2893587578357573
FR022897,0.2461602032037628
FR030424,0.11806026706810999
FR024494,0.43987846942931547
FR026755,0.06766285005006385
FR031357,0.08319044111594204
FR023443,0.3147296364466889
FR020155,0.41275091774734807
FR026994,0.20997489006669987
FR026220,0.3377815989975397
FR031731,0.4184944047407038
FR025265,0.24472096875812097
FR025997,0.21265428727765176
FR026627,0.06843492535081006
FR022832,0.626492774873153
FR027633,0.1146303158191504
FR022823,0.22502901335232944
FR030912,0.315458669221958
FR027296,0.4105180867382214
FR031962,0.3886820755320998
FR029681,0.1408512843082555
FR020708,0.26429455721885037
FR025974,0.4415894098170317
FR020495,0.09805087303692461
FR031563,0.4599013142497123
FR021597,0.12264698618926768
FR030225,0.4446265980210123
FR028327,0.015072954390525927
FR027775,0.3160478137894263
FR028567,0.8789381282194706
FR021546,0.11049823337334497
FR023370,0.33641230865579813
FR030993,0.07795539395478494
FR029004,0.11835080411508067
FR020679,0.39091490654122646
FR027126,0.34006285284782806
FR026721,0.8526035537205993
FR027552,0.2431337756311514
FR024809,0.33127948749264924
FR029376,0.06315683566417578
FR029142,0.3816231013538489
FR030294,0.06407417948840734
FR027950,0.19357030754422486
FR024399,0.035631140621544835
FR025287,0.48403741041101855
FR028734,0.15412183294442625
FR028810,0.3007488861401455
FR028821,0.017800774442639666
FR020479,0.04325235778884089
FR027135,0.27298107689170564
FR028374,0.27578422136340436
FR029694,0.11335787115973243
FR029822,0.28409680909617696
FR027064,0.1496669315575422
FR030539,0.47034719715144585
FR024316,0.32736261767422953
FR020209,0.2557102635440032
FR020084,0.333329387768498
FR023684,0.18966688851501676
FR026186,0.23194540916493736
FR022535,0.21696661029889272
FR025852,0.45496218445121056
FR028900,0.48431987698446227
FR020223,0.12918945006179294
FR021994,0.16443051779620121
FR025776,0.12830707828951163
FR031187,0.3665851190152732
FR024928,0.38484860060679205
FR022715,0.4657470272410765
FR026821,0.08697549320008804
FR030612,0.2506689077474932
FR022493,0.2426710684822722
FR031365,0.14753901670426614
FR027327,0.3889806830525975
FR030905,0.47228680095575937
FR022602,0.2864533873660504
FR030581,0.08668226599527504
FR030213,0.07720214975893497
FR021198,0.32362060811556065
FR021230,0.19479701952032338
FR030834,0.4400210477949583
FR021026,0.28030637669634634
FR023060,0.20315533993641546
FR025272,0.40710965675200034
FR023896,0.37471208585692567
FR030901,0.4956642726055309
FR027109,0.14584959757928836
FR027469,0.18764388981759117
FR024413,0.10952708639226702
FR028627,0.13557588477946358
FR025127,0.47495812769318435
FR031074,0.6648853047286517
FR028804,0.46980647542513915
FR027932,0.39744929994022477
FR022289,0.07333908309736169
FR024849,0.4265083849529788
FR022416,0.21173694345342017
FR024395,0.09989094100107229
FR023902,0.1915795907409071
FR025870,0.056280792219202694
FR022071,0.1731062768376872
FR025683,0.0926328951424896
FR024056,0.4588951952166842
FR025541,0.2569827082034211
FR031326,0.31272815901200196
FR025551,0.4033918586139124
FR022754,0.08164629051444967
FR031005,0.38054972837476275
FR025326,0.4603344296623261
FR029415,0.313683165046026
FR024877,0.3991225781181486
FR028038,0.05172366483431049
FR020772,0.019791491245957353
FR030484,0.40519964468395225
FR020713,0.4963152908033727
FR025093,0.22464432078087754
FR028899,0.21293137353541086
FR025285,0.06007391477687564
FR030003,0.259853106621178
FR023402,0.4019257225898474
FR031845,0.8047575868655108
FR020619,0.09133354890464844
FR024089,0.22709236441738984
FR023456,0.4840347202531763
FR026574,0.14217484196667757
FR021205,0.41824960037705267
FR031963,0.020450579917326073
FR028169,0.16938847869959925
FR029075,0.1500139619192017
FR024202,0.025518837292259292
FR029449,0.3497366604488152
FR029823,0.1750162889057353
FR023734,0.23729344295547203
FR031164,0.29025458039725033
FR028371,0.058987091008577845
FR027707,0.15383398605529786
FR021017,0.3788307175135195
FR021587,0.25323800848691
FR029183,0.06288243956425903
FR031900,0.13775222247390145
FR031518,0.386624104782724
FR026163,0.16813755530291985
FR025298,0.027334693835826127
FR021337,0.666814577585706
FR026239,0.27731223101784286
FR022766,0.4691635277008244
FR020938,0.22063867575366117
FR021390,0.14713818318576025
FR031553,0.2434539044143876
FR021556,0.07475141596458035
FR027359,0.04936170624875248
FR024705,0.3402673048438445
FR022253,0.01959510972346792
FR031086,0.6187756834449092
FR030435,0.30403356886561966
FR023795,0.13607894429597764
FR028955,0.03623642613606711
FR029902,0.4368224501204385
FR021938,0.14818734474426556
FR028797,0.0056439511531899975
FR031051,0.026105291701885337
FR024811,0.16803801946275398
FR022187,0.1516899302549678
FR031004,0.19029638545011993
FR022342,0.33380016539090424
FR028727,0.2734733757768504
FR024084,0.3860322700574135
FR025802,0.20907637734736453
FR020620,0.203327510038324
FR026405,0.409425882654239
FR021330,0.3415316790297354
FR025249,0.06800988041172328
FR030179,0.11900182231292238
FR023389,0.41961620056095184
FR022775,0.32807550950244463
FR028137,0.23136164491315364
FR030688,0.25929624394781753
FR030643,0.1882437950164288
FR023670,0.1304861061417918
FR028519,0.13171012796004797
FR031063,0.13885249703141087
FR025390,0.15964203683686937
FR023919,0.18629612073858823
FR024111,0.2928317516101941
FR031203,0.07064623509719813
FR025827,0.38193515966355823
FR021844,0.2623468829410098
FR029340,0.09856738334265029
FR028254,0.03814105788843055
FR025448,0.347565703070062
FR029576,0.15492349998143795
FR022644,0.10967235491575238
FR024537,0.26433490958648515
FR022931,0.4935551888571511
FR024712,0.36865654055386055
FR022852,0.16757262215603239
FR023154,0.25263810328807235
FR025592,0.33837881403853504
FR023938,0.410975413571416
FR023820,0.3911112880637159
FR026612,0.2933859241257123
FR024269,0.1986493255505274
FR030460,0.35015363491437507
FR024489,0.927362876931682
FR021407,0.17773603848432204
FR029504,0.18947857746605432
FR020465,0.4167296611961412
FR031249,0.24104352298766782
FR027184,0.15468676609131363
FR029584,0.11569292816686731
FR031479,0.10733191759293284
FR027419,0.050671813117962906
FR030920,0.09305794008157638
FR025043,0.17591211146722827
FR028616,0.32224862761597683
FR024006,0.270672921462994
FR023903,0.05458868293638262
FR029113,0.11179219929550148
FR029565,0.19857131097310005
FR026742,0.3581918265472309
FR025913,0.221356947897561
FR025798,0.4161916296276769
FR021215,0.4579348088669755
FR020388,0.290545117444221
FR022768,0.017461814554507193
FR023768,0.45598175427345033
FR025874,0.24408071119164848
FR024547,0.270589526569882
FR025583,0.12561692044719033
FR027226,0.25735664014350385
FR030941,0.3780129095294538
FR026912,0.32400799084485493
FR024082,0.3518376737236682
FR030353,0.39656961832578574
FR020837,0.012304781970777372
FR023051,0.12052714180951853
FR028514,0.1967151020618984
FR031784,0.28444652961567873
FR026687,0.2814443134636483
FR020124,0.14158031708352456
FR029983,0.3720542099087123
FR021092,0.13493562721299115
FR027671,0.40869684987896987
FR021699,0.08695935225303411
FR020289,0.20840921820246885
FR024359,0.4464263136175253
FR023890,0.4831631091122641
FR029088,0.09001537156191106
FR028268,0.19148005490074127
FR027832,0.4236890995342262
FR031635,0.3798395267043899
FR026448,0.4393162264402703
FR026114,0.44490368427877147
FR020332,0.1216220360513433
FR030325,0.17490868259204242
FR028623,0.43797652783479424
FR028974,0.003031807888296056
FR030580,0.2910024442774156
FR028191,0.05080094069439432
FR024319,0.3361675042921469
FR021104,0.11732316381931399
FR028150,0.14906702635870459
FR027549,0.4237832550587074
FR029661,0.33640423818227116
FR028249,0.13863728440402515
FR028003,0.11102819446828227
FR022418,0.1975598116243873
FR024448,0.4368278304361231
FR022453,0.3156281491660243
FR028604,0.1155449694855396
FR021632,0.17251713227021886
FR020081,0.4226480084492479
FR027175,0.03524375789225057
FR020534,0.35600203806358144
FR025984,0.19266910466704726
FR028570,0.034931699582541345
FR025001,0.35771297845129774
FR022611,0.274073280975688
FR031085,0.11535127812089248
FR025638,0.06264570567413477
FR020103,0.2163720854157397
FR028932,0.4255668297081664
FR024686,0.43037414177239447
FR028266,0.19668551032563286
FR029702,0.39528641303499845
FR021833,0.16699423821993334
FR025061,0.1946625116282073
FR026680,0.47484245090596455
FR023679,0.5276175409488199
FR021617,0.3426104323245064
FR028246,0.2601974468249951
FR022123,0.4931597356543299
FR029297,0.09888482196804417
FR024094,0.47575710457235376
FR026490,0.19833457708297575
FR029674,0.2312271370210376
FR023892,0.9319931317886299
FR031709,0.3113965308800529
FR021591,0.04832061516377416
FR028602,0.198805354705382
FR028737,0.18286078917394405
FR029577,0.325533310341451
FR026750,0.3463067091998557
FR027062,0.038041522048264685
FR031335,0.087134212512785
FR029871,0.15845836738624808
FR020650,0.3664102587555223
FR031321,0.393088554077822
FR031155,0.43250205662567054
FR023162,0.22212902319830716
FR027540,0.62099434723053
FR025157,0.1251811148767343
FR022951,0.12972210131457254
FR031907,0.17122047619022002
FR022058,0.26807691914515397
FR030760,0.24900100988525406
FR026323,0.3992839875886879
FR023195,0.4486887363629174
FR031114,0.12023391460470552
FR020601,0.2839058078893722
FR026729,0.40597710030038314
FR030088,0.36757778725908974
FR027165,0.43053555124293375
FR021917,0.19349229296679757
FR022959,0.3439716521927208
FR029147,0.3384084057748006
FR025230,0.35776947176598645
FR027785,0.4046508524841187
FR030176,0.47183216428040714
FR029349,0.03848808825008999
FR029900,0.46679349864173947
FR022472,0.2004517313048826
FR025245,0.20892303835035217
FR021313,0.3868473878836367
FR023993,0.3401516280566247
FR026517,0.42672359758036454
FR025634,0.1140357909359974
FR029875,0.31861422437100084
FR027412,0.45145152846698133
FR025676,0.46153154990215906
FR029191,0.4971061972090151
FR027432,0.6617020045145017
FR023228,0.07868442673005399
FR028197,0.41521779248875657
FR021444,0.2634175657622536
FR021355,0.05861046891065286
FR031680,0.33155926390825063
FR029287,0.1977104604635573
FR022366,0.3433260143105637
FR025095,0.10144316207609168
FR025790,0.319085001993407
FR024879,0.13045382424768392
FR030794,0.43815945856807204
FR022446,0.2948897223595698
FR028192,0.4156240063229471
FR031693,0.169595620853458
FR022239,0.0760507622024215
FR026769,0.44331111083611724
FR025597,0.1268678438438697
FR021826,0.02265381919018717
FR022066,0.04545559706170204
FR027930,0.3706391868836514
FR026439,0.4101952677971428
FR028880,0.387979944335254
FR026576,0.45697442251726683
FR027051,0.09920226059343806
FR024271,0.08954190378166255
FR025373,0.455685836910795
FR031138,0.014241695617248666
FR025842,0.418981323310164
FR024293,0.11944300819906309
FR031094,0.3797884137053858
FR027759,0.37156998149709447
FR026299,0.3276827464574657
FR029530,0.27553403668406845
FR024506,0.09986134926480679
FR020272,0.14718660602692202
FR025781,0.2426764487979568
FR028758,0.6855285242991918
FR020999,0.36993705568680546
FR020953,0.1946302297340994
FR021303,0.2910804588548429
FR030766,0.367521293944401
FR031182,0.18069521211087541
FR029498,0.4666105679084616
FR031678,0.21343443305192492
FR025348,0.056471793426007465
FR029051,0.10637691155890883
FR026926,0.4768681397612324
FR021136,0.4264949341637672
FR030630,0.11654570820288315
FR026949,0.3700446620004983
FR028603,0.48384909936205606
FR022456,0.24092515604260567
FR028226,0.46037478202996096
FR020629,0.12098177848487085
FR026225,0.06265108598981937
FR029447,0.25352316521819607
FR027869,0.2313777858602076
FR029037,0.42007890770983103
FR031453,0.47277640968306195
FR027534,0.3446468818111435
FR021479,0.44893892104225325
FR027267,0.4453825323747046
FR028447,0.3369880024340549
FR026285,0.29963785095126677
FR030495,0.38647345594355414
FR027636,0.43334945634600175
FR024739,0.3303890452468409
FR031451,0.14687185755937046
FR026989,0.3328989625137266
FR024584,0.09551405419161565
FR029313,0.09906237238563738
FR030393,0.22602706191183064
FR024349,0.16345668065728092
FR024176,0.3378246415230168
FR024726,0.10262952168455534
FR020362,0.03409775065142173
FR027348,0.35743858235138093
FR022152,0.4602295135064756
FR031266,0.22854235949440102
FR027897,0.06538428635761777
FR023888,0.12716645136436736
FR030650,0.39827517839781745
FR027917,0.45027054917420234
FR027375,0.19668282016779057
FR021042,0.3259744962275917
FR025666,0.3665797386995885
FR028792,0.509482376092457
FR026493,0.1443942221865926
FR026929,0.2654459447753638
FR024029,0.16544470730275632
FR028710,0.38358960673658576
FR027210,0.48822329601367037
FR021386,0.12421265805349864
FR023994,0.12425570057897582
FR030708,0.04330885110352969
FR030425,0.21931780825308148
FR026765,0.2520328177735501
FR022585,0.3915686148969105
FR030697,0.4031389837767342
FR031376,0.6147242104450821
FR021175,0.09387843822348436
FR030168,0.08924329626116484
FR027364,0.30289832225616015
FR020907,0.020455960233010734
FR024828,0.02437283005143044
FR027558,0.42391507279298113
FR028025,0.268461611716606
FR031024,0.15727200777778438
FR029231,0.23145580043763492
FR025701,0.3231094781255196
FR026875,0.41124442935564814
FR028672,0.4131248496874307
FR028033,0.3712659936609122
FR027952,0.2988953673867861
FR030984,0.0799891532835798
FR030297,0.4865527079935889
FR027849,0.49867993954677303
FR026617,0.4931166931288527
FR027694,0.3613554521698007
FR028237,0.8153685875793402
FR027585,0.440704347886908
FR029148,0.29831429329284476
FR026719,0.30836741314959915
FR031452,0.0938972693283806
FR026270,0.2263068383274321
FR024838,0.2114437162486072
FR028834,0.02136523358371533
FR029647,0.2858185101152626
FR026945,0.4869239497758292
FR030255,0.45111794889453355
FR025970,0.15069726201115127
FR031200,0.12344327291059479
FR031912,0.4021759072691831
FR024644,0.1763882694053191
FR029925,0.18157758388315676
FR029844,0.22534645197772338
FR021959,0.3243846129427799
FR021208,0.07322878662582652
FR028659,0.2625728561997647
FR028184,0.0771644875491425
FR028711,0.1846147720871375
FR025022,0.06306268013969453
FR020611,0.3883915384851292
FR026871,0.2714046443961054
FR020984,0.06054469239928184
FR026086,0.2784636185743563
FR020166,0.38282291175152416
FR026971,0.3656946767694649
FR031941,0.08153330388507218
FR026196,0.2657499326115461
FR025469,0.3888784570545893
FR021371,0.32829610244551494
FR026681,0.2880809328606548
FR031575,0.29426291558230894
FR023293,0.424977685140698
FR028722,0.3301684523037706
FR026006,0.48739472739823547
FR029712,0.2832278881131073
FR025945,0.31564698027092053
FR020225,0.058801470117457684
FR022048,0.06536276509487919
FR025123,0.2605767590807624
FR031715,0.3919694484154164
FR027565,0.25477408861487544
FR028615,0.3475011392818463
FR029821,0.35617420816548995
FR023309,0.3925828044034656
FR028428,0.2727981461584278
FR031737,0.46512291062165784
FR029145,0.06899447818201285
FR030563,0.156540284844673
FR025754,0.14783224390907915
FR028175,0.07974434891992854
FR024275,0.3095053499169011
FR024654,0.1596339663633424
FR027672,0.2288167555943178
FR027093,0.051328211631489276
FR027116,0.23885911481970296
FR025236,0.038966936346023204
FR021107,0.14084321383472856
FR024658,0.4422215969099772
FR022334,0.04755661033655491
FR027960,0.072897897211221
FR022613,0.10668358955293343
FR026302,0.23851746477372818
FR031587,0.17549244684382612
FR023269,0.3668998674828248
FR030455,0.2499748470241743
FR021387,0.26632024607411825
FR023390,0.14549449674410198
FR022732,0.3341714071731446
FR021749,0.12047871896835674
FR020274,0.6361391391584532
FR024659,0.24098433951513673
FR030031,0.2240982187388863
FR022896,0.21005828495981174
FR023967,0.06445349174417464
FR030890,0.25229107292641295
FR028956,0.43731205884774094
FR024764,0.44698855660657044
FR029657,0.33785692341712464
FR024768,0.1531533761211905
FR023155,0.1312232093905878
FR021643,0.26338797402598807
FR028743,0.33569672666974065
FR023556,0.2616043993765291
FR026910,0.1490777869900739
FR031032,0.24179945734136005
FR024397,0.3136858552038683
FR020734,0.03129191602188071
FR025787,0.10865816540919725
FR029195,0.03141028296694281
FR028770,0.4001636692031269
FR022269,0.4586154188010828
FR029953,0.21014706016860835
FR031389,0.023127286970435725
FR029125,0.03827018546486197
FR023551,0.41156993845456896
FR026717,0.380643883899244
FR031224,0.08503857955361678
FR027016,0.044944467071660964
FR022198,0.31487221481233196
FR022880,0.34478138970325956
FR031719,0.037931225576729496
FR025317,0.3587217876421682
FR026391,0.018481384376746922
FR022460,0.3000763466795652
FR021814,0.29449964947243323
FR030606,0.37104809087568413
FR031489,0.4432304061008477
FR025545,0.2463646551997792
FR028875,0.4855089267507683
FR023675,0.07918748624656803
FR028281,0.3989181261221322
FR024578,0.1785915086781802
FR020841,0.41553523111415047
FR031001,0.1543155243090733
FR031043,0.347355870758361
FR029177,0.4311946399143024
FR025102,0.5322477958057658
FR021019,0.333622614973311
FR028474,0.16791158204416487
FR022821,0.3704804675709544
FR025508,0.06484894494699586
FR030749,0.4201811337078392
FR027416,0.15773471492666363
FR025389,0.28249616517999593
FR027919,0.1391349636048546
FR031937,0.2537249270563701
FR021977,0.3078024800027118
FR027643,0.2081133008398135
FR025657,0.3082893985721719
FR030753,0.27040659583660415
FR020334,0.07519529200856336
FR026948,0.3496236738194377
FR031674,0.07594046573088631
FR020080,0.2206548167007151
FR021667,0.47430441933750034
FR022091,0.23327703729688637
FR024981,0.2348453993189597
FR030120,0.16754034026192455
FR028906,0.11312382742745049
FR031669,0.4730427353094517
FR023779,0.46828384608638535
FR029399,0.35684405746822795
FR026264,0.2536926451622623
FR031675,0.07620141104159146
FR024587,0.2981421231909362
FR022974,0.0741407501343734
FR023444,0.4661909032850594
FR026844,0.3198543871363109
FR020131,0.33654681654791424
FR029270,0.10787263931923946
FR024241,0.19806018098305905
FR024522,0.31840170190145745
FR029093,0.14801248448451468
FR022954,0.23078326097705462
FR023468,0.0878067519733653
FR020689,0.47071305861800145
FR023226,0.3300473952008661
FR031093,0.2983734767653758
FR030372,0.1694234507515494
FR024107,0.46258340161850664
FR021083,0.22854504965224337
FR020283,0.14209682738925025
FR027345,0.40472348674586134
FR022730,0.15038251354359966
FR020028,0.05677040094650518
FR028333,0.08872947611328151
FR023237,0.10885454693168668
FR022230,0.8372658345069739
FR030802,0.23341154518900245
FR024979,0.2629925208231669
FR021214,0.40427423038619376
FR026161,0.33800219194061004
FR025955,0.2798329089160978
FR025074,0.3571910878298874
FR029976,0.48634287568188794
FR021549,0.4146394085526575
FR030475,0.06310303250732935
FR027926,0.2854069159653874
FR023705,0.28139858078032876
FR023153,0.23022370814585177
FR028779,0.16656650312300425
FR021174,0.6933420793702857
FR027615,0.13103489834162532
FR028802,0.3570269882015059
FR020503,0.10936836707957005
FR031263,0.42502072766617516
FR027356,0.31035005947939
FR031485,0.3800816409101988
FR025517,0.14540572153530537
FR029019,0.35580834669893435
FR026382,0.14852092431671335
FR030074,0.06493772015579247
FR030354,0.37315986478190627
FR028568,0.24825583616293104
FR023921,0.22307326860096194
FR021246,0.05576966222916167
FR027286,0.29915900285533364
FR020252,0.08409433415096199
FR020302,0.19105500996165453
FR020898,0.3832156747965031
FR029193,0.16051902829346612
FR028228,0.24313108547330906
FR031892,0.15876504538027267
FR026643,0.05327588590932989
FR030295,0.03116278844544929
FR026815,0.3101644385882698
FR031752,0.06454764726865585
FR025761,0.2508518384807711
FR025596,0.09610319875908399
FR029869,0.13225892015988147
FR029783,0.4414925641347081
FR029748,0.3292107561119042
FR023133,0.27465435506962943
FR024983,0.22408745810751698
FR027564,0.2428324779528114
FR029634,0.33612177160882745
FR029632,0.13724647279954508
FR023479,0.4247355709348891
FR023075,0.4684506358726094
FR022236,0.27403292860805323
FR026111,0.23869770534916368
FR026025,0.36039506582009206
FR027543,0.19612326733658775
FR028593,0.3946434653106837
FR027524,0.46523320709319305
FR030209,0.4590297031088003
FR024205,0.47510877653235434
FR027131,0.6747245962996582
FR020546,0.28628928773766876
FR028896,0.12600968349216926
FR020045,0.18459594098224125
FR021642,0.03119507033955714
FR029152,0.46163377590016724
FR023150,0.4295052207893247
FR024196,0.3781258961588313
FR029283,0.2542737192562037
FR030155,0.3428713776352114
FR031903,0.32981335146858415
FR029150,0.327634323616304
FR028503,0.3791750577173366
FR021704,0.22010064418519695
FR022621,0.039768603383034916
FR022866,0.3700661832632369
FR027899,0.3457337055794413
FR026883,0.48019855517002624
FR030322,0.21081690947134638
FR025273,0.24319295910368247
FR025281,0.11258041554330162
FR027596,0.2240713171604631
FR021070,0.313013315743288
FR024086,0.22827334371016889
FR028842,0.26581449639976185
FR028883,0.20873203714354738
FR023915,0.18378889362954484
FR030336,0.19996481273542246
FR025297,0.19924923074936501
FR020186,0.43991344148126554
FR023047,0.27558245952523025
FR023545,0.40327618182669256
FR023977,0.2084549508857883
FR021006,0.13199528469133404
FR031532,0.10002006857750376
FR024521,0.4049010371634546
FR029916,0.3798798790720248
FR023245,0.3068367133373184
FR029026,0.2408363808338091
FR029472,0.23462211621804704
FR024552,0.13676493454576957
FR029285,0.23902590460592688
FR023736,0.31224124044254187
FR023654,0.08074508763727209
FR024302,0.38336901379351546
FR025491,0.0691397467054982
FR024770,0.10858822130529688
FR023664,0.2704711596248199
FR026019,0.03871944182452963
FR021020,0.12349169575175657
FR021650,0.16480444973628383
FR029601,0.1887199529545197
FR020776,0.18373240031485608
FR024613,0.40542830810054953
FR031949,0.3918349405233003
FR027100,0.4736238094033931
FR025730,0.20751877595666052
FR024032,0.9571701425732637
FR024532,0.41582038784543657
FR020395,0.27673922739742834
FR030346,0.314646241553577
FR020986,0.847587444292245
FR027141,0.4496760242910493
FR021440,0.21597663221291852
FR027853,0.23193464853356807
FR028086,0.3048809685859509
FR031922,0.25519375323827753
FR026165,0.26919871496540193
FR024872,0.14681805440252405
FR030452,0.283351635373854
FR028241,0.16193943163421176
FR027968,0.04009411248195577
FR030669,0.3375448651074154
FR020396,0.09753436273119888
FR030899,0.3116305746123349
FR031765,0.24826659679430038
FR022554,0.10219909642978396
FR022085,0.1222434625129195
FR028977,0.12074235443690425
FR021349,0.48622181857898344
FR027991,0.29368722180405227
FR022799,0.3825000928104457
FR030575,0.14446416629049297
FR029600,0.09401832643128505
FR031699,0.39152826252927575
FR020827,0.15355958995538108
FR022069,0.14770042617480542
FR029298,0.2743799589697127
FR025540,0.39698390263350314
FR026581,0.49464470278329115
FR027444,0.43332524492542085
FR024315,0.05735147504044657
FR030121,0.45330773737818303
FR020165,0.14202688328534993
FR030662,0.10514481926712572
FR030506,0.3060807789836261
FR025803,0.08151716293801825
FR027294,0.16471836468532958
FR024162,0.030554812773084656
FR030321,0.21831168922005334
FR026533,0.09322472986780031
FR023979,0.24314991657820537
FR030157,0.034705726323786365
FR029919,0.14582807631654984
FR027804,0.22802315903083298
FR022314,0.21180688755732055
FR030239,0.08679525262465253
FR020344,0.07841003063013723
FR024421,0.24241550348725166
FR029836,0.3276666055104118
FR026204,0.32603906001580746
FR029001,0.41544107558966925
FR024671,0.2661938086555291
FR025521,0.20453001059384163
FR023727,0.38458227498040226
FR031995,0.36403215922291043
FR025070,0.14370285162111607
FR020960,0.39188874368014676
FR023348,0.2828943085406594
FR029204,0.3044532334890218
FR028209,0.25335906558981447
FR024297,0.25739161219545403
FR030422,0.037643378687601155
FR030221,0.24001857284974343
FR030639,0.13691558338493956
FR027303,0.20791960947516636
FR024725,0.3491259946186083
FR021980,0.30240871352885773
FR028972,0.1175706583408075
FR030197,0.022651129032344865
FR031580,0.1418385722363874
FR029589,0.18695520940995697
FR023841,0.3346233536906545
FR021637,0.19849598655351502
FR031183,0.26876828971063055
FR021055,0.44717686765553294
FR024504,0.2151157817033757
FR029905,0.05549257597140255
FR027850,0.12657461663905673
FR029561,0.030175500517317357
FR024069,0.1116307898249622
FR021966,0.1573285010924731
FR020512,0.29040522923642026
FR026799,0.2946610589429725
FR026300,0.28005888217485275
FR029849,0.09378159254116081
FR026924,0.14141083713945832
FR029520,0.34987116834093135
FR027911,0.03843159493540125
FR022655,0.32786567719074355
FR027905,0.4773738894355888
FR031293,0.22211019209341093
FR024970,0.007860641215262665
FR020517,0.18303833959153723
FR029635,0.15517906497645842
FR029757,0.3068232625481068
FR031228,0.35572495180582236
FR028985,0.14057419805049645
FR029024,0.18115522910191237
FR021421,0.08430147630482074
FR029524,0.15712673925429904
FR029356,0.6618949318002039
FR027635,0.4124227184905848
FR029423,0.23642721213024456
FR030338,0.14127094893165765
FR020293,0.13793784336502163
FR027001,0.29996605020802997
FR026041,0.21029770900777833
FR021941,0.2808605492118645
FR031406,0.30861759782893516
FR029877,0.13123397002195708
FR020595,0.08391409357552648
FR023614,0.36092771707287163
FR024716,0.15740920582774276
FR030863,0.47704300002098327
FR030747,0.14194348839223797
FR031759,0.11870321479242478
FR022824,0.18372163968348681
FR026494,0.3096936609658636
FR024567,0.28666052951990917
FR023897,0.2894932657278734
FR027622,0.04557396400676414
FR023837,0.1743814116549475
FR022248,0.2860283424269636
FR029834,0.0674906799481553
FR021418,0.35902846563619284
FR027751,0.13328118013996354
FR026800,0.23236238363049716
FR023066,0.3609438580199255
FR028553,0.43950453748923274
FR028521,0.1541594951542187
FR027300,0.06065767902865933
FR027067,0.3193970603031163
FR026661,0.2258414410207105
FR025131,0.11473792213284328
FR029854,0.16938847869959925
FR022675,0.15570633591355343
FR030040,0.08515425634083658
FR030180,0.3667250072230739
FR030170,0.07194558133503928
FR024822,0.41827919211331815
FR024280,0.2743261558128663
FR020590,0.014707092923970256
FR026292,0.06368679675911308
FR031815,0.27161716686564874
FR023693,0.17293410673577866
FR027454,0.1559565205928893
FR023925,0.1835709908443168
FR031767,0.17103216514125757
FR026922,0.46738533336705007
FR022537,0.23249420136477092
FR021638,0.09477157062713498
FR024679,0.44052410731147246
FR028584,0.4623654988332786
FR027872,0.35686826888880885
FR021653,0.33520711794243824
FR025341,0.42144550789373025
FR031184,0.37958127155152716
FR022481,0.2965360989590704
FR022965,0.43058128392625317
FR023115,0.09456442847327629
FR026201,0.3672684191072228
FR030454,0.46931148638215203
FR031684,0.10411179865567437
FR031430,0.3070008129657001
FR026823,0.025962713336242293
FR026427,0.4162131508904154
FR029549,9.684568232356475e-05
FR020094,0.1653397911469058
FR025258,0.2900286071384953
FR026489,0.3467425147703117
FR020457,0.03477029011200207
FR026320,0.47601266956737437
FR023834,0.23066758418983477
FR022999,0.05856742638517573
FR028140,0.09600366291891813
FR021030,0.44373615577520403
FR030888,0.15598073201347018
FR020574,0.43251550741488215
FR031096,0.47502807179708467
FR025778,0.30227689579458394
FR027971,0.19582196965824775
FR021802,0.4624408232528637
FR030611,0.034600810167935835
FR027680,0.3605430245014197
FR025353,0.4158150075297519
FR030633,0.09871534202397794
FR021758,0.6984546524414982
FR026852,0.8213493334362318
FR020908,0.022933595605788594
FR025854,0.49122820232354325
FR031565,0.20447351727915283
FR028540,0.35232997260881294
FR024045,0.06762249768242902
FR031792,0.1915096466370068
FR024308,0.1772195281785964
FR031661,0.18644407941991592
FR030340,0.05622967922019861
FR020831,0.1738057178766907
FR023481,0.3622808664675592
FR029023,0.13491410595025252
FR030388,0.2979807137203969
FR025170,0.28289430854065944
FR025686,0.0732798996248306
FR030334,0.12437406752403792
FR031019,0.4377371037868277
FR028198,0.11197782018662164
FR027582,0.4608267285474709
FR025720,0.4830716437456253
FR028295,0.14122521624833817
FR022947,0.422984278179538
FR026961,0.129549931212664
FR026813,0.48676254030529004
FR031018,0.18952161999153141
FR030564,0.3756536411017381
FR026860,0.15550726423322164
FR028376,0.24202543060011503
FR024267,0.26043418071511937
FR021644,0.15450383535803583
FR028326,0.4283645938641805
FR022908,0.11832390253665749
FR028035,0.4524710982892211
FR022302,0.4579079072885524
FR021000,0.12150097894843882
FR025107,0.3464465974076564
FR024090,0.12132342853084563
FR030845,0.16655036217595037
FR026162,0.04309094831830162
FR023057,0.30323728214429263
FR029189,0.32088471758991993
FR022200,0.2518606476716415
FR028508,0.1867507574139405
FR022149,0.1779162790597576
FR030727,0.12550393381781283
FR023210,0.21518303564943375
FR024485,0.33925580549513173
FR027878,0.41530925785539546
FR031507,0.2698389725318744
FR023692,0.3114960667202188
FR022742,0.35105214763371034
FR031152,0.35250752302640614
FR031153,0.3488542886765339
FR024456,0.3285570477562202
FR029232,0.35069166648283934
FR030743,0.4727064655791615
FR021420,0.4259622829109876
FR022111,0.1222676739335004
FR020849,0.23739297879563787
FR023618,0.4646467526835671
FR022541,0.22413050063299417
FR030566,0.1454380034294132
FR026916,0.22806351139846784
FR028158,0.383632649262063
FR030361,0.35683598699470104
FR030439,0.24049204062999194
FR026193,0.0783669881046601
FR021272,0.23191850758651417
FR021881,0.12903611106478063
FR031080,0.09360135196572525
FR028643,0.0844601956175177
FR028995,0.48712302145616093
FR028633,0.479937609859321
FR028367,0.49921528095739504
FR023631,0.2899774941394912
FR028101,0.32135818537016847
FR021009,0.4991587876427062
FR024486,0.1495539449281648
FR022208,0.3894003476759996
FR021615,0.23954510506949492
FR026362,0.4356979641423482
FR027959,0.25604115295860874
FR026232,0.4757517242566692
FR022144,0.2842582185667163
FR022255,0.3040793015489392
FR025670,0.5886790268747711
FR030306,0.4386544476110592
FR022975,0.3969408601080261
FR030185,0.28862434474480364
FR030517,0.3532607672222561
FR024157,0.463640633650539
FR024511,0.019250769519650834
FR027166,0.33056121534874944
FR031316,0.31965531545597914
FR030879,0.02431902689458405
FR022394,0.10640919345301668
FR031084,0.09813964824572122
FR026328,0.12778518766810126
FR026462,0.2542279865728842
FR030374,0.47369106334945105
FR030527,0.2628042097742043
FR021008,0.23895058018634185
FR028979,0.4507655382171894
FR029540,0.043177033369255914
FR026894,0.1515769436255903
FR027642,0.31625226578544274
FR024043,0.4950159445655315
FR027593,0.029225874798977994
FR023166,0.318054671539798
FR023534,0.21561615106204746
FR022790,0.34382638366923546
FR021874,0.2930765559738453
FR028089,0.46482699325900256
FR028976,0.01045126321741802
FR023331,0.7190014083691882
FR029015,0.24347004536144157
FR022505,0.03146677628163155
FR030358,0.4029076302022946
FR025748,0.0894262269944427
FR030093,0.18172823272232677
FR022020,0.1453949609039361
FR030939,0.015554492644301447
FR028068,0.20270608357674777
FR022837,0.10151041602214969
FR027428,0.12044374691640658
FR031732,0.424684457935885
FR030465,0.2218707680454443
FR023394,0.10105308918895506
FR031630,0.13981557353896185
FR027072,0.28572166443293906
FR027233,0.12907377327457317
FR022215,0.027878105719975052
FR024430,0.4226264871865093
FR023886,0.037522321584696705
FR020927,0.37990140033476333
FR024860,0.17754772743535954
FR023191,0.30489172921732016
FR031242,0.4115403467183034
FR021968,0.29904332606811385
FR024026,0.17432760849810108
FR029599,0.23454948195630435
FR024972,0.44099757509172105
FR025072,0.4960624159661945
FR024949,0.1749275136969387
FR028606,0.4469535845546202
FR027949,0.457913287604237
FR023399,0.03161742512080156
FR029040,0.09485227536240462
FR030699,0.5463314876623035
FR020181,0.17065554304333255
FR028037,0.3659583122380123
FR022681,0.19614209844148398
FR026973,0.1676102843658249
FR027429,0.06120647122849287
FR028223,0.25911062305669724
FR030194,0.2829346609082942
FR026451,0.05525046176559364
FR027406,0.31625495594328507
FR026130,0.31379077135971883
FR029499,0.1690495188114668
FR028678,0.1660392321859093
FR021950,0.10240085826795806
FR025038,0.1968953426373339
FR023747,0.27195881691162355
FR028624,0.08273311428274747
FR021110,0.01756135039467306
FR024631,0.26855038692540256
FR022246,0.03939467144295228
FR030968,0.37221023906356693
FR024350,0.4644826530551855
FR029435,0.4633608572349375
FR025367,0.4495253754518793
FR025308,0.15095551716401412
FR030906,0.15118687073845374
FR031208,0.3890237255780747
FR030785,0.13985592590659668
FR027479,0.44870756746781365
FR030044,0.060307958509157586
FR027460,0.08649395494631257
FR031392,0.337340413111399
FR031744,0.15346543443089983
FR027259,0.07063816462367115
FR024047,0.6175216560878216
FR030160,0.36598521381643556
FR021812,0.11028033058811695
FR027963,0.1834257223208315
FR028929,0.21322191058238152
FR023408,0.051225985633481096
FR029517,0.38640082168181145
FR022519,0.10782690663591998
FR025497,0.3662327083379291
FR021508,0.26409010522283394
FR025595,0.4335754296047567
FR022358,0.4595677346772645
FR020227,0.4577411175023285
FR028561,0.1887414742172583
FR027701,0.15766208066492096
FR027774,0.038364340989343236
FR028341,0.08117820304988578
FR028662,0.32628117422161634
FR023870,0.49516928356254375
FR022403,0.10027294341468194
FR021811,0.4055870274132466
FR023572,0.2613757359599318
FR022033,0.12094680643292063
FR029263,0.16373645707288234
FR025225,0.3568951704672321
FR022251,0.22264553350403285
FR024795,0.28402686499227664
FR026851,0.19067569770588721
FR023376,0.36749170220813543
FR020597,0.4915617818959912
FR030770,0.20473446258985803
FR023969,0.3714919669196671
FR022019,0.02847263060312801
FR022337,0.14194617855008027
FR030366,0.15075913564152468
FR024678,0.1863041912121152
FR024730,0.48161088803724483
FR028878,0.07315077204839918
FR022791,0.1296656079998838
FR024758,0.46560982919111804
FR027056,0.08265778986316244
FR022538,0.4353105814130539
FR022386,0.42286322107663354
FR024051,0.48592590121632806
FR030067,0.3165858453578906
FR022884,0.4318295171650902
FR027495,0.20273029499732867
FR021846,0.12872136259722905
FR024782,0.1806198876912904
FR022279,0.28439272645883235
FR030822,0.1342469468053569
FR031700,0.20687313807450342
FR030487,0.3465972462468263
FR029676,0.15896680721844678
FR022861,0.05016875360144885
FR023353,0.1270131123673551
FR024120,0.31408399856453184
FR028753,0.1372787546936529
FR023062,0.4222633158777959
FR031304,0.3100541421167346
FR026826,0.23774538947298196
FR031577,0.04508973559514632
FR031552,0.41910776072875305
FR020054,0.16337597592201125
FR029481,0.1186574821091053
FR021695,0.02562644360595212
FR030098,0.3254875776581316
FR028679,0.13254407689116754
FR029670,0.11891573726196814
FR027471,0.38236020460264497
FR020351,0.09888482196804417
FR029617,0.4954894123457801
FR025988,0.34618296193910886
FR021463,0.3573121449327919
FR030132,0.48964907967010063
FR025325,0.3052037875270295
FR028097,0.12402972732022083
FR025897,0.1963115783855502
FR023023,0.04409975750917213
FR020657,0.055680887020365076
FR024204,0.15842339533429786
FR029829,0.28138512999111714
FR020305,0.2986102106555001
FR023983,0.3467936277693158
FR030257,0.2701913832092185
FR021554,0.08491483229286997
FR028465,0.060130408091564384
FR020284,0.2228957181833687
FR030035,0.15471635782757923
FR027140,0.28144431346364823
FR025916,0.15016999107405632
FR023518,0.9035363571469939
FR020566,0.25662760736823476
FR030398,0.41977491987364873
FR024904,0.2442340501886608
FR026418,0.4660214233409933
FR023934,0.3285462871248509
FR021804,0.1744136935490553
FR025323,0.43769944157703516
FR030092,0.16515686041362795
FR026879,0.19125677179982858
FR028065,0.02590083970586894
FR023431,0.006803409183230418
FR024755,0.4724293793214024
FR020699,0.35365353026723495
FR030099,0.08996963887859157
FR021627,0.061553501590152306
FR024376,0.2500609320751286
FR026404,0.571894353018352
FR030145,0.45463398519444737
FR025522,0.3232063238078432
FR027485,0.06734541142466996
FR027221,0.25236908750384024
FR031858,0.004473732491780257
FR031168,0.05491419203530352
FR024261,0.40816957894187494
FR030846,0.17534717832034075
FR029992,0.060197662037622404
FR030293,0.08247216897204226
FR021974,0.15902061037529322
FR030859,0.35883477427154575
FR020219,0.1425918164322374
FR020524,0.9584241699303513
FR021770,0.10990370849019197
FR028860,0.20577017335915168
FR027637,0.042846143954650404
FR028811,0.3458090299990262
FR024347,0.36919995243800946
FR020778,0.3960988407033796
FR027125,0.2934666288609818
FR029428,0.02166115094637063
FR024901,0.33604106687355784
FR024531,0.04173510876577176
FR026136,0.08674144946780607
FR024728,0.1156579561149171
FR023085,0.11531899622678461
FR029049,0.38657299178371995
FR031491,0.024953904145371828
FR029680,0.2860848357416524
FR021784,0.24380631509173173
FR022313,0.27648366240240785
FR031229,0.13087617902892837
FR022558,0.19644070596198163
FR025805,0.3022365434269491
FR025835,0.30700888343922705
FR025811,0.29628591427973455
FR025295,0.08426650425287058
FR022673,0.4756441179429763
FR026160,0.022417085300062915
FR025260,0.0713133942420938
FR021344,0.49241725208984916
FR030050,0.33410684338492885
FR023939,0.22262132208345195
FR025442,0.07154205765869108
FR023139,0.1359632675087578
FR030236,0.27280352647411243
FR023978,0.10583618983260225
FR020551,0.1903340476599124
FR028658,0.32637532974609756
FR021581,0.08982437035510624
FR022553,0.41362790920394477
FR023644,0.4588279412706262
FR022929,0.06844030566649471
FR021292,0.4696504462702846
FR028596,0.2864506972082081
FR021808,0.2457028763705682
FR024168,0.38407383514820354
FR029316,0.464512244791451
FR030966,0.25614606911445925
FR027143,0.30710841927939286
FR023310,0.05897364021936627
FR030174,0.34167963771106313
FR029644,0.30300592856985303
FR030543,0.202364433530773
FR031088,0.35135613546989264
FR023360,0.16898495502325106
FR021943,0.12126424505831458
FR031608,0.3672334470552726
FR027827,0.4645122447914511
FR021171,0.3831941535337645
FR026602,0.41816889564178306
FR029087,0.054661317198125295
FR027859,0.22604320285888457
FR030588,0.13428191885730703
FR026939,0.08998308966780319
FR025926,0.49077087549034853
FR022690,0.3091825309758226
FR027156,0.20101666445177008
FR020919,0.2499452552879088
FR028937,0.22782677750834354
FR028684,0.3288960076443526
FR031461,0.4906551987031288
FR022663,0.20637007855798936
FR027780,0.27103609277170737
FR021578,0.1843861086705402
FR024710,0.4153953429063498
FR028720,0.2707536261982636
FR029155,0.1982081396643867
FR027452,0.37883609782920413
FR030315,0.14555099005879074
FR026074,0.3441868648201065
FR020222,0.30753077406063734
FR031353,0.21348823620877133
FR022514,0.2331290786155587
FR029067,0.47135869650015855
FR026050,0.41940098793356606
FR031874,0.08622493916208042
FR022743,0.18094001647452662
FR029308,0.27743866843643195
FR025753,0.8693882275770266
FR022904,0.07666949850615536
FR030222,0.32762356298493467
FR021733,0.10843757246612692
FR025845,0.3113427277232065
FR023270,0.4625887819341913
FR029259,0.36742175810423505
FR022465,0.27449294559909015
FR025872,0.1659235553986895
FR031252,0.28230247381534873
FR028538,0.590125981517569
FR027457,0.056353426480945365
FR021926,0.27900703045850517
FR022325,0.32452181099273825
FR026906,0.3385725054031821
FR028438,0.0980159009849744
FR029876,0.36820190387850826
FR030938,0.1661495286574445
FR026708,0.2813232563607438
FR026159,0.3223454732983004
FR026501,0.3720542099087123
FR024929,0.47989187717600157
FR030983,0.20698343454603862
FR028271,0.1447923655472562
FR027287,0.082603986706316
FR027193,0.14466861828650937
FR029500,0.15674742699853172
FR025772,0.3539117854200978
FR026478,0.05066105248659364
FR025617,0.3231309993882582
FR025209,0.49477114020188034
FR031909,0.3653853086175978
FR020149,0.3829601098014826
FR020598,0.17159171797246034
FR031925,0.21701772329789681
FR025047,0.08891509700440163
FR030970,0.2954976980319344
FR020942,0.09277009319244799
FR027305,0.17449977860000962
FR028749,0.39623603875333785
FR030478,0.44377381798499654
FR024757,0.04239150727929813
FR023343,0.2593581175781909
FR022582,0.10372979624206471
FR027962,0.4565951102614995
FR020603,0.3781689386843084
FR028354,0.1856693139613274
FR023296,0.14535191837845896
FR031597,0.08671185773154058
FR020170,0.09806163366829389
FR026133,0.044931016282449394
FR023215,0.047327946919957564
FR020721,0.24297774647629677
FR031410,0.393925193166784
FR023843,0.15055737380335057
FR023880,0.7529566106534451
FR026768,0.0654004273046717
FR024695,0.29634509775226564
FR026518,0.49276159229366634
FR025653,0.11305926363923478
FR025589,0.25462343977570545
FR028984,0.015048742969945038
FR024771,0.06824392414400522
FR027053,0.39338985175616203
FR026897,0.9471379237165489
FR030615,0.4361633614490698
FR029338,0.061219922017704494
FR020513,0.19633040949044644
FR030940,0.1333726455066025
FR027556,0.3501321136516365
FR024787,0.20766942479583048
FR029291,0.15220106024500882
FR022881,0.009571581602978973
FR024825,0.13010141357033989
FR031622,0.22676147500278437
FR024996,0.42101777279680114
FR023255,0.09079551733618423
FR021568,0.2732043599926183
FR026443,0.051957708566592445
FR027312,0.12349438590959887
FR022194,0.37431394249626215
FR030764,0.28586693295642435
FR030868,0.3378892053112325
FR026048,0.1688127849213425
FR022428,0.062341717837952455
FR029073,0.11278217738147571
FR023214,0.04390337598668265
FR023007,0.2013663849712718
FR023017,0.02868784323051373
FR028832,0.14064952247008142
FR031649,0.32332738091074764
FR024651,0.3473773920210995
FR023411,0.3068905164941649
FR024858,0.18855316316829573
FR024591,0.02276411566172236
FR022204,0.30293598446595266
FR030095,0.3987190544418004
FR026601,0.4857268295359962
FR030327,0.22931712495298953
FR025101,0.4130898776354805
FR022463,0.2696721827456505
FR030331,0.19332281302273133
FR026746,0.09916459838364555
FR031542,0.3753873154753482
FR020207,0.36894707760083123
FR031618,0.20079876166654204
FR025826,0.2659947369751973
FR029780,0.03221464016179688
FR023721,0.37696374797094856
FR029550,0.44565154815893676
FR022910,0.13176662127473668
FR031337,0.4132324560011235
FR029256,0.30901036087391404
FR022747,0.11061122000272247
FR024836,0.16886389792034665
FR028336,0.3778138378491221
FR028394,0.10688804154894989
FR027698,0.310056832274577
FR031105,0.07274186805636637
FR021043,0.33629663186857833
FR029778,0.043290019998633404
FR030318,0.22003877055482354
FR030038,0.16562763803603414
FR030229,0.20695922312545773
FR021305,0.28655023304837396
FR028457,0.0996004039541016
FR026030,0.4611011246473876
FR026543,0.08828829022714081
FR029497,0.19664515795799808
FR023345,0.21223193249640732
FR022524,0.2963343371208963
FR025034,0.16220844741844387
FR030981,0.09908389364837591
FR022817,0.1281564294503416
FR030409,0.21810992738187923
FR021074,0.41494877670452446
FR027315,0.2083258233093569
FR028123,0.35741168077295776
FR020382,0.3007381255087762
FR026468,0.17711192186490352
FR022867,0.14403374103572153
FR022191,0.16889617981445446
FR020988,0.3731437238348524
FR022096,0.2574023728268233
FR021829,0.4114165994575567
FR025603,0.18564779269858886
FR020711,0.2999714305237146
FR026283,0.2837659196815715
FR029720,0.04028242353091829
FR021539,0.371742151599003
FR028317,0.4174075809724061
FR027252,0.02816326245126109
FR031431,0.10541114489351552
FR028353,0.03605887571847391
FR023947,0.23779381231414373
FR023859,0.15772395429529437
FR020686,0.0953069120377569
FR030288,0.36004265514274797
FR020824,0.42103660390169745
FR029978,0.040844666519963393
FR029979,0.11695730235275827
FR026748,0.259325835684083
FR030086,0.4622283007833202
FR021997,0.11983039092835734
FR025195,0.14193810807655333
FR029766,0.06959976369653514
FR025311,0.10031598594015906
FR029128,0.35014018412516346
FR025847,0.07526792627030603
FR024129,0.3806411937414017
FR028641,0.17898696188100147
FR031794,0.26468732026382924
FR020617,0.034259160121961
FR020848,0.09627267870315025
FR025414,0.3962172076484416
FR030335,0.2674312812629969
FR028788,0.015764324956002503
FR031605,0.4002336133070273
FR028059,0.11489126112985555
FR029788,0.3608497024954443
FR020675,0.33456148006028114
FR021934,0.1031325812010694
FR026331,0.09657128622364788
FR030629,0.04009411248195577
FR031755,0.3606264193945316
FR022094,0.44283764305586876
FR028763,0.2093830553413891
FR027867,0.2885678514301149
FR028208,0.14791563880219108
FR024021,0.11851490374346225
FR024586,0.2125735825423821
FR021050,0.30569070609648963
FR031336,0.3871406150884498
FR027858,0.48031154179940366
FR030436,0.7916385314375001
FR024954,0.4067115133913368
FR023267,0.11587047858446047
FR027591,0.49781908903723027
FR031891,0.27143692629021327
FR020340,0.381615030880322
FR030521,0.3665313158584268
FR024118,0.375008003219581
FR020432,0.12372842964188081
FR021724,0.09182046747410856
FR028190,0.1449995077011149
FR028386,0.15545884139205987
FR020002,0.2668286859063169
FR020310,0.16342170860533076
FR023671,0.1700663984758642
FR022709,0.4964309675905926
FR028863,0.2655992837723761
FR025241,0.08277077649253993
FR020789,0.3129648929021262
FR028074,0.13729489564070688
FR030889,0.44002373795280075
FR031463,0.49097263732852275
FR021529,0.1076923987438039
FR027006,0.28022298180323435
FR031627,0.2921269302555059
FR022741,0.33849449082575483
FR029763,0.02033759328794858
FR025071,0.14202419312750758
FR022083,0.03905840171266211
FR026567,0.3076087886380647
FR027616,0.5581000520903684
FR029488,0.060950906233472386
FR024835,0.3613339309070622
FR028258,0.3130240763746573
FR020903,0.3852306030204017
FR028219,0.2108465012076119
FR031367,0.4067168937070215
FR021504,0.10667820923724883
FR022771,0.10608099419625351
FR027134,0.48141450651475537
FR027484,0.4482260292140382
FR031169,0.1632549188191068
FR028701,0.3573229055641612
FR025462,0.013052645850942693
FR022370,0.22531417008361554
FR023400,0.30739357601067896
FR031347,0.19275787987584383
FR026532,0.07870325783495022
FR020585,0.3461076375195239
FR025229,0.2653894514606751
FR024487,0.10510177674164854
FR027689,0.4806774032659594
FR022072,0.3812787611500318
FR020150,0.42087788458900044
FR031377,0.023043892077323783
FR024497,0.2807502527403294
FR030260,0.22128162347797597
FR026914,0.16089027007570644
FR024926,0.15653490452898838
FR031319,0.24804062353554537
FR020260,0.09319513813153477
FR027360,0.32055920849099906
FR027756,0.22901851743249188
FR030892,0.3153483727504229
FR022502,0.12246674561383217
FR021693,0.12808110503075662
FR025296,0.08498746655461265
FR026899,0.3671742635827416
FR027046,0.0935233373882979
FR027551,0.031308056968934635
FR020413,0.13791632210228302
FR024821,0.3847302336617299
FR027386,0.39412157468927345
FR030146,0.3808886882628953
FR025891,0.39792814803615795
FR026185,0.08590750053668653
FR020477,0.07811411326748187
FR023475,0.17156750655187944
FR028663,0.11981694013914578
FR028484,0.1438427398289167
FR029359,0.27548561384290676
FR023943,0.3016178071232153
FR023568,0.2515539696776169
FR030111,0.11734737523989487
FR024884,0.4735753865622313
FR024181,0.0275821883573197
FR025743,0.04621691173107893
FR022486,0.35700277678092496
FR021392,0.25053978017106177
FR031301,0.2897515208807362
FR026675,0.23805475762484893
FR025263,0.14503447975306508
FR029842,0.06591424745255507
FR020727,0.46684999195642807
FR022640,0.4297661661000298
FR027806,0.1723315113790987
FR026674,0.08059443879810209
FR022188,0.024528859206285055
FR027702,0.1402002661104138
FR023173,0.3742197869717809
FR030895,0.15494233108633418
FR029591,0.41734032702634805
FR030135,0.0223767329324281
FR027447,0.4028484467297635
FR020229,0.3634214933927034
FR024627,0.4026359242602201
FR031690,0.17580181499569308
FR031100,0.10582004888554832
FR021850,0.18912885694655251
FR029955,0.16417495280118066
FR021210,0.2620509655783544
FR023991,0.07747654585885173
FR020660,0.3291623332707424
FR029743,0.13120168812784921
FR023767,0.841317307506801
FR030165,0.5596434703760185
FR024958,0.2262611056441126
FR028397,0.42517406666318747
FR023881,0.49593059823192087
FR026394,0.31399522335573526
FR023152,0.3482409326884846
FR029267,0.4646871050512019
FR021663,0.3572664122494724
FR030617,0.4379496262563711
FR028699,0.116653314516576
FR027828,0.8919607200046291
FR023013,0.4617817345814949
FR022097,0.4821354688164975
FR020023,0.2859852999014865
FR024331,0.33693688943505085
FR030143,0.2571414275161181
FR026677,0.42608603017173435
FR030791,0.24859748620890584
FR023213,0.46257533114497973
FR028550,0.061112315704011655
FR022988,0.2543947763591081
FR024186,0.33543578135903557
FR026477,0.26370272249353965
FR020473,0.3420966121766229
FR027097,0.12341637133217159
FR020204,0.06190053195181175
FR023367,0.4368735631194426
FR027350,0.033290703298725355
FR031980,0.39167084089491866
FR021610,0.4606572486034046
FR028165,0.4015410300183954
FR028373,0.086983563673615
FR026572,0.3150659061769791
FR029993,0.4060201428258603
FR026396,0.3732055974652258
FR024381,0.4749419867461305
FR022412,0.261402637538355
FR025344,0.2278482987710821
FR025333,0.3579443320257374
FR029890,0.32217330319639187
FR026145,0.45380272642117014
FR029402,0.3897527583533437
FR020726,0.13030586556635623
FR024300,0.07637627130134236
FR020956,0.2886324152183306
FR024285,0.3611698312786806
FR030692,0.21117470046437511
FR028275,0.07703535997271108
FR031070,0.12734131162411827
FR025294,0.37612710888198664
FR021462,0.3307575968712389
FR030982,0.327542858249665
FR030187,0.9078772210753753
FR027678,0.04615234794286322
FR021942,0.06646034949454624
FR028082,0.2931572607091149
FR021998,0.2785550839409952
FR031840,0.07412729934516184
FR025009,0.27899357966929356
FR026046,0.45046693069669175
FR031460,0.35001105654873205
FR021716,0.23328241761257107
FR027344,0.17173160618026104
FR027435,0.058112789709823455
FR025936,0.43344899218616756
FR030610,0.2778179806921992
FR022692,0.10973422854612572
FR020142,0.06364913454932057
FR029107,0.4242728637860098
FR029468,0.149422127193891
FR028015,0.3126151723826245
FR021820,0.4931166931288527
FR023335,0.2635574539700543
FR023253,0.23591608214020351
FR021511,0.3258103965992102
FR027831,0.28303957706414473
FR029574,0.33925311533728936
FR021786,0.08109211799893147
FR030406,0.2352220214168846
FR021541,0.29439742347442505
FR029727,0.3676746329414133
FR023709,0.39069431359815615
FR021140,0.5661065344471706
FR031832,0.4812746183069547
FR026365,0.10656522260787134
FR021396,0.32172942715240876
FR022142,0.1381396052031957
FR021282,0.18401486688829982
FR031053,0.0803738458550317
FR031540,0.43480214158085523
FR023945,0.2276572975642773
FR028257,0.1454380034294132
FR029307,0.48652311625732336
FR025166,0.07357043667180128
FR024568,0.2481643707962921
FR023089,0.07714296628640392
FR027295,0.433075060246085
FR021662,0.10399612186845453
FR020775,0.3779133736892879
FR020866,0.16350779365628498
FR024939,0.4825363023350033
FR028600,0.07933544492789574
FR027095,0.07266923379462366
FR031147,0.19917390632978002
FR029942,0.38834580580180966
FR024618,0.07424566629022394
FR027304,0.23626849281754758
FR027670,0.263118958241756
FR023975,0.4040348063382272
FR028657,0.4393511984922205
FR028859,0.12157361321018151
FR025947,0.02451809857491579
FR022794,0.34723481365545655
FR020096,0.27845823825867166
FR022376,0.08705888809320003
FR021122,0.443450999043918
FR021607,0.39933779074553427
FR022267,0.42708407873123555
FR022938,0.18010606754340705
FR031396,0.12039801423308716
FR025613,0.4799698917534288
FR029182,0.33601954561081926
FR021970,0.02406077174172121
FR026503,0.2916776738958382
FR023601,0.16665527833180085
FR028269,0.4190270559934835
FR026965,0.11911480894229992
FR031020,0.12599623270295762
FR026868,0.31831830700834546
FR031509,0.5941774545173961
FR020185,0.18524964933792532
FR030110,0.385693310169281
FR023738,0.2610233252825877
FR023668,0.08944774825718128
FR023079,0.3599484996182667
FR022347,0.31912535436104184
FR023883,0.20310153677956905
FR021089,0.06876581476541557
FR022892,0.30531408399856463
FR029116,0.40003185146885323
FR025542,0.25388095621122475
FR029785,0.44890932930598776
FR025529,0.28729809692853925
FR031569,0.08445750545967534
FR031950,0.24418562734749902
FR030474,0.201100059344882
FR026732,0.26908572833602445
FR031294,0.27639488719361127
FR023241,0.24162459708160916
FR023785,0.26581718655760417
FR031007,0.05928838868691785
FR030644,0.05548719565571789
FR027895,0.2545588759874897
FR027338,0.05866965238318396
FR030709,0.1046632810133502
FR021012,0.4173376368685057
FR020876,0.30641704871391634
FR030524,0.08354016163544384
FR027306,0.03986544906535849
FR030065,0.06228522452326371
FR025869,0.4735834570357582
FR029016,0.2931734016561688
FR024707,0.32004538834311574
FR027576,0.1291302665892619
FR027152,0.26594362397619326
FR023836,0.19831036566239493
FR027080,0.13775760278958613
FR022679,0.15551533470674858
FR027943,0.4760718530399054
FR031943,0.12673871626743832
FR021856,0.28738149182165124
FR028011,0.05057496743563934
FR031779,0.43406772848990144
FR022828,0.13202756658544187
FR021523,0.23098502281522873
FR031473,0.47140980949916256
FR023964,0.18374047078838304
FR026624,0.11679320272437668
FR020348,0.15900984974392388
FR025705,0.12407546000354026
FR030706,0.21430873435067932
FR024962,0.3264345132186286
FR029700,0.19409757848131984
FR022683,0.4482905930022539
FR027395,0.05018489454850272
FR024510,0.1944472990008216
FR028808,0.12371228869482694
FR030778,0.31022631221864316
FR030717,0.1400792090075093
FR028384,0.39539401934869134
FR024784,0.20826394967898348
FR029386,0.41758513138999925
FR024309,0.142371223489167
FR031826,0.3741982657090423
FR025046,0.15329057417114894
FR023855,0.08912761947394504
FR027893,0.0486703356832759
FR024258,0.2871958709305311
FR025487,0.24133944035032315
FR024706,0.11477289418479344
FR026739,0.45603017711461213
FR021362,0.28377129999725614
FR022316,0.0772586430736237
FR025961,0.4538403886309626
FR031260,0.16413191027570356
FR021847,0.09975643310895627
FR024573,0.019662363669525982
FR029038,0.11263959901583272
FR025742,0.32426624599771775
FR022148,0.44084154593686636
FR027512,0.16901992707520128
FR022002,0.22093190295847417
FR022574,0.191829775420243
FR026033,0.4004918684598901
FR031960,0.4510802866847411
FR031550,0.16254202699089168
FR029839,0.39951803132096975
FR027665,0.05756937782567459
FR022811,0.41248459212095817
FR023289,0.48540401059491767
FR026535,0.10753636958894928
FR030275,0.21909721531001114
FR025930,0.08181577045851592
FR027394,0.44324654704790156
FR026334,0.029949527258562373
FR026635,0.2704846104140315
FR021399,0.4191185213601224
FR026709,0.1010181171370049
FR027744,0.01710940387716309
FR020419,0.17237455390457582
FR024081,0.03830515751681218
FR031844,0.34133798766508827
FR025350,0.4442876381328799
FR026880,0.25701768025537136
FR021771,0.3065865286579826
FR029097,0.12454085731026185
FR020543,0.14982296071239684
FR026375,0.4247786134603662
FR028099,0.2446537148120629
FR025621,0.39592936075931334
FR021112,0.1769074698688871
FR024220,0.7185190901549215
FR027632,0.49925563332502976
FR030979,0.22081891632909673
FR025182,0.23703249764476683
FR029545,0.2906796253363371
FR025573,0.4292765573727274
FR030751,0.2861709207926067
FR026696,0.12057556465068031
FR024092,0.3506055814318851
FR028075,0.06717324132276141
FR025744,0.31127278361930616
FR020625,0.13115864560237211
FR031691,0.10796679484372067
FR024585,0.4185186161612847
FR024817,0.6421198850153388
FR030219,0.2544028468326351
FR022429,0.15012156823289455
FR028391,0.4768627594455478
FR021105,0.1613395264353741
FR024093,0.35544517539022097
FR026458,0.10537079252588065
FR029729,0.3044989661723413
FR025696,0.6393224393726034
FR021629,0.37963776486621587
FR025400,0.0935771405451444
FR031916,0.4135956273098369
FR026099,0.25766062797968614
FR028189,0.1428446912694156
FR024881,0.1478214832777099
FR031217,0.18474389966356888
FR027068,0.02880082985989122
FR024870,0.13262209146859485
FR024361,0.4748935639049687
FR027069,0.25972128888690427
FR029302,0.07418110250200823
FR022496,0.6173287288021174
FR031556,0.3459220166284038
FR024681,0.07817598689785528
FR021475,0.32705593968020485
FR022116,0.10898905482380276
FR029986,0.2827705612799126
FR026179,0.1948588931506968
FR031743,0.46437235658365017
FR022599,0.23252110294319414
FR030598,0.29232600193583763
FR021743,0.2617120056902219
FR023571,0.14214525023041205
FR022451,0.15450383535803577
FR020093,0.2710952762442384
FR029624,0.40012331683549207
FR023110,0.2897622815121055
FR031269,0.2561756608507248
FR028644,0.26695243316706374
FR024517,0.4332095681382011
FR026613,0.2143598473496834
FR022190,0.369824069057428
FR021328,0.9576524607875283
FR026413,0.3859623259535131
FR021668,0.31590523542378335
FR023612,0.35960415941444956
FR028612,0.15440967983355458
FR030660,0.1013974293927722
FR020462,0.3856045349604844
FR031000,0.3826426711760887
FR020802,0.3318659419022752
FR020196,0.38079184258057164
FR031194,0.05145195889223609
FR029809,0.7396446279397303
FR024242,0.21282107706387568
FR023386,0.34952951829495654
FR021073,0.3230798863892541
FR023570,0.3614146356423318
FR022953,0.030823828557316756
FR021530,0.19478087857326942
FR024351,0.2101389896950814
FR025283,0.3109876268880202
FR030762,0.286316189316092
FR021624,0.4456354072118829
FR020365,0.13944971207240617
FR020955,0.27724497707178475
FR029752,0.09399949532638882
FR028359,0.10884647645815972
FR027496,0.4943272641578973
FR021608,0.41327549852660067
FR028014,0.15523286813330486
FR023393,0.017577491341726988
FR023641,0.22070592969971922
FR028667,0.37490577722157276
FR021382,0.5766210715181459
FR023686,0.20432286843998285
FR024362,0.46110381480523005
FR024874,0.07441245607644788
FR027852,0.28972999961799767
FR030500,0.40188806038005487
FR020771,0.07706226155113428
FR031745,0.31856311137199667
FR027247,0.31631144925797383
FR024194,0.2945198256562506
FR022851,0.3763584624564262
FR029457,0.3767861975533553
FR028324,0.3738324042424866
FR021537,0.2710172616668111
FR027824,0.373886207399333
FR029620,0.366768049748551
FR024188,0.4535148795320417
FR029691,0.49990665152287156
FR020130,0.3913668530587364
FR020255,0.14045314094759198
FR023988,0.7722493392240455
FR028131,0.14607288068020105
FR021139,0.3659287205017468
FR022042,0.42912321837571504
FR022427,0.0424614513831985
FR026736,0.12879399685897172
FR028764,0.25921284905470554
FR022045,0.2363787892890828
FR025290,0.3020858945877791
FR030869,0.42573630965223264
FR025864,0.08980553925020998
FR024987,0.25398049205139067
FR025458,0.08432299756755932
FR030271,0.4438356916153699
FR022925,0.45495949429336824
FR022430,0.16168655679703356
FR029895,0.2765858884004161
FR025498,0.32204955593564505
FR023588,0.3269026006831926
FR029908,0.6914128065132272
FR024244,0.10503990311127515
FR022638,0.41445647781937967
FR026250,0.17978593876017082
FR030224,0.08335185058648131
FR027974,0.2661104137624171
FR025278,0.08815109217718244
FR021664,0.4806424312140091
FR023387,0.041743179239298725
FR026903,0.02220725298836186
FR027690,0.38358422642090106
FR031427,0.09047807871079029
FR020490,0.2463512044105676
FR028314,0.4880027030706
FR024653,0.07285754484358617
FR029383,0.19115992611750507
FR026043,0.33334552871555195
FR026587,0.15801180118442268
FR026269,0.07022119015811139
FR028992,0.4379227246779479
FR022421,0.12438751831324954
FR025507,0.11219303281400736
FR026741,0.43739545374085287
FR025724,0.16351048381412733
FR020577,0.30052291288139055
FR030313,0.38240324712812207
FR024231,0.335164075416961
FR030166,0.2553578528666592
FR023520,0.04170013671382155
FR026469,0.15573861780766127
FR028497,0.2732527828337801
FR031186,0.2999902616286109
FR030301,0.27013758005237204
FR020253,0.25155127951977463
FR030897,0.3643738092688851
FR025894,0.09249031677684662
FR021014,0.3388657326079952
FR022600,0.09910541491111456
FR027954,0.18940325304646927
FR031746,0.17476610422639943
FR020580,0.022258365987365945
FR030286,0.05465055656675602
FR026128,0.0732798996248306
FR024367,0.09120173117037471
FR021646,0.23174633748460557
FR030745,0.391982899204628
FR020383,0.21909183499432644
FR022688,0.10411179865567437
FR021741,0.2786949721487959
FR029419,0.17318429141511454
FR027957,0.2701483406837414
FR025594,0.34598927057446177
FR029962,0.4522720266088894
FR025698,0.34428909081811476
FR025446,0.6407693940153951
FR027088,0.43940231149122455
FR025752,0.23033669477522925
FR025020,0.18717311219518493
FR027196,0.09227241399161859
FR028990,0.32295344897066497
FR025288,0.46923616196256707
FR026673,0.04656663225058068
FR031671,0.3881897766469551
FR025299,0.23820002614833422
FR030789,0.23206915642568415
FR021366,0.3609330973885563
FR031211,0.49148645747640607
FR030256,0.03423763885922241
FR023355,0.29726513173433944
FR023106,0.13652013018211834
FR023753,0.2818155552458886
FR024414,0.08097644121171169
FR029774,0.008702660619909248
FR020097,0.40331115387864275
FR030585,0.27685490418464825
FR020206,0.192951571240491
FR028511,0.18452061656265623
FR026958,0.2783425614714519
FR023804,0.1080474995789903
FR022264,0.48331644810927643
FR024834,0.2528560060733004
FR024921,0.0628662986172051
FR020931,0.23655364954883365
FR022106,0.2883607092762562
FR021705,0.01537425206886589
FR022182,0.4118873770799628
FR021380,0.2587286206430877
FR024930,0.14584690742144607
FR022378,0.20071267661558775
FR022256,0.4781136828422272
FR027092,0.05904089416542428
FR026615,0.4141148277734048
FR025380,0.25790543234333735
FR022351,0.417189678187178
FR031614,0.29290169571409436
FR029434,0.06223411152425962
FR021468,0.45365207758200016
FR022532,0.2731909092034067
FR021622,0.370101155315187
FR021410,0.46587884497535026
FR027043,0.40819917067814043
FR020847,0.06639040539064593
FR020449,0.12055135323009941
FR028252,0.21692625793125792
FR024643,0.08659887110216309
FR025543,0.9156907761464651
FR028733,0.1053331303160882
FR031050,0.483044742167202
FR023689,0.03556926699117148
FR020718,0.2979053893008119
FR022731,0.18338536995319665
FR027216,0.17349903988266607
FR026549,0.23048196329871462
FR023819,0.030059823730097558
FR020294,0.2786384788341072
FR027030,0.4094500940748198
FR030683,0.414249335665521
FR021483,0.1122764277071193
FR023039,0.3153241613298419
FR023176,0.3842567658814814
FR028425,0.33906480428832686
FR022875,0.2301403132527398
FR027504,0.0963695243854738
FR021748,0.061004709390318775
FR025125,0.024937763198317902
FR027894,0.2510482200032605
FR028740,0.3405739828378691
FR025313,0.2988765362818898
FR023496,0.625721065730326
FR029683,0.4777128493237213
FR027799,0.1889513065289593
FR026271,0.1005957623557605
FR025176,0.08515425634083658
FR030541,0.02868246291482907
FR021891,0.40489565684776996
FR026919,0.16651269996615783
FR028250,0.4836419572081973
FR027760,0.268152243564739
FR026625,0.1393205844959747
FR031812,0.38721862966587717
FR023509,0.0638697274923909
FR024546,0.24677355919181207
FR024571,0.3473289691799377
FR028948,0.29618368828172636
FR026622,0.48905724494478997
FR022332,0.2535554471123039
FR023319,0.34435634476417276
FR025777,0.05417977894434982
FR030945,0.46110919512091464
FR027656,0.09701785242547326
FR027568,0.07371032487960204
FR027758,0.4408173345162855
FR024620,0.18190309298207766
FR026322,0.35364007947802334
FR023015,0.33342623345082156
FR020697,0.2913871368488676
FR025700,0.24216531880791572
FR020669,0.1442866158728997
FR031082,0.31610161694627276
FR030837,0.42993295588625374
FR030360,0.48424993288056206
FR023454,0.9457874327166074
FR022026,0.3505948208005157
FR029637,0.2588846497979423
FR025828,0.03162549559432853
FR030177,0.25803186976192644
FR027584,0.4689805969675465
FR027465,0.10469287274961576
FR027627,0.30941657470810446
FR029980,0.040723609417058944
FR026902,0.2536442223211005
FR028385,0.0772559529157814
FR021793,0.4909968487491036
FR024623,0.4872037261914307
FR022982,0.307980030420305
FR021102,0.09688065437551488
FR023602,0.09769846235958052
FR023382,0.39052214349624753
FR022827,0.05949822099861886
FR023160,0.0556378444948879
FR023050,0.47304004515160936
FR026252,0.2645124600040783
FR022381,0.150091976496629
FR029258,0.16473988594806813
FR026397,0.2693950964878914
FR026534,0.35723413035536455
FR029337,0.37437581612663545
FR031323,0.27863040836058023
FR027941,0.10134900655161042
FR029357,0.35420770278275315
FR020135,0.4486268627325441
FR028387,0.21002331290786158
FR021853,0.3262462021696662
FR021516,0.3346556355847624
FR021739,0.2828351250681283
FR023974,0.9802249532151308
FR029098,0.4293142195825198
FR025637,0.2615129340098902
FR020287,0.11417567914379813
FR028851,0.43964711585487576
FR020230,0.3822068656056326
FR027441,0.14938984529978314
FR028274,0.10409834786646274
FR026484,0.27232467837817925
FR021283,0.19821351998007136
FR031441,0.26806884867162706
FR020846,0.28770700092057205
FR020391,0.3413648892435116
FR023584,0.15992181325247082
FR031897,0.05583691617521969
FR025115,0.08155482514781076
FR026619,0.12013706892238198
FR026240,0.37820391073625864
FR026197,0.44174812912972866
FR029851,0.45884408221768014
FR026781,0.17405321239818428
FR020148,0.01695606488015078
FR026653,0.3149125671799668
FR020345,0.33581778377264515
FR021159,0.13822569025415002
FR022055,0.23279011872742628
FR031332,0.36100842180814124
FR025408,0.4052426872094294
FR030782,0.34464957196898577
FR028332,0.408078113575236
FR022960,0.4281493812367948
FR029697,0.22963187342054112
FR021257,0.3917085031047112
FR031846,0.3158541224247792
FR023137,0.14871192552351817
FR027390,0.09128512606348665
FR030657,0.29468796052139573
FR027212,0.2691018692830784
FR020175,0.23451989022003883
FR028784,0.3501186628624248
FR029915,0.4302584649851746
FR029981,0.05072830643265166
FR029892,0.3353039636247618
FR022005,0.3041842177047897
FR022406,0.2415277513992856
FR030786,0.360034584669221
FR023899,0.37031905810041504
FR020975,0.38888921768595863
FR031087,0.08165167083013433
FR027561,0.45191423561586064
FR030139,0.20744076137923317
FR028235,0.17908918787900965
FR025651,0.07056015004624382
FR027768,0.8930218200760125
FR021740,0.37477126932945676
FR020642,0.4615369302178437
FR020529,0.2794428360289612
FR028952,0.044608197341370795
FR025345,0.4364861803901483
FR022138,0.42601070575214944
FR029045,0.32322515491273945
FR027201,0.44186380591694846
FR031668,0.2185618738993892
FR020240,0.4887075244252883
FR025465,0.30165815949085006
FR031870,0.07316691299545311
FR028970,0.12387638832320852
FR031240,0.05407486278849929
FR024657,0.3595449759419185
FR023219,0.25848919659512115
FR023025,0.3437160871977003
FR021141,0.37536848437045206
FR022047,0.4446265980210124
FR020875,0.17731637386091995
FR030824,0.08692438020108395
FR020182,0.9399996141454239
FR024642,0.08986472272274104
FR023646,0.37969425818090463
FR029903,0.4006102354049522
FR021096,0.3899760414542564
FR028814,0.45783527302680965
FR028130,0.09715236031758928
FR024700,0.18902932110638662
FR022888,0.46331243439377573
FR027699,0.08433375819892859
FR028594,0.4507924397956127
FR025383,0.824629097293232
FR027626,0.10972884823044111
FR030319,0.25813140560209236
FR024763,0.30130305865566365
FR021535,0.2684669920322906
FR028921,0.342088541703096
FR025486,0.03974977227813869
FR028867,0.32299111118045754
FR027798,0.04131813430021195
FR031667,0.33180406827190184
FR028829,0.4002443739383965
FR023687,0.030856110451424664
FR029736,0.1068665202862113
FR029934,0.41094313167730817
FR031503,0.3337382917605309
FR031692,0.34224188070010836
FR029858,0.4617898050550219
FR027791,0.05523432081853971
FR028156,0.3012089031311824
FR022259,0.3438344541427625
FR026106,0.2960814622837182
FR029512,0.27143423613237094
FR021148,0.20522676147500282
FR028186,0.1138071275194001
FR027351,0.20478557558886212
FR024252,0.3648903195746108
FR023384,0.48131228051674707
FR022120,0.4429909820528811
FR025151,0.3393903133872478
FR022698,0.41336158357755487
FR023659,0.2539724215778637
FR025169,0.22361130016942618
FR031721,0.48349130836902726
FR020321,0.13168053622378242
FR028806,0.03624180645175177
FR026809,0.07993265996889105
FR031601,0.20905485608462593
FR021583,0.03549932288727111
FR024516,0.29233407240936465
FR021476,0.11944569835690538
FR029479,0.4194655517217818
FR024363,0.4070746847000502
FR022000,0.33222373289530394
FR031727,0.4931489750229606
FR028352,0.4098320964884295
FR024017,0.19448227105277177
FR022023,0.2793728919250609
FR021709,0.4399995265322198
FR026720,0.42726431930667114
FR029309,0.0387571040343221
FR021438,0.159655487626081
FR031327,0.29941725800819646
FR029364,0.23176516858950183
FR021320,0.3917031227890266
FR025029,0.11454692092603845
FR024639,0.05951167178783049
FR027347,0.48625410047309126
FR028557,0.16985656616416314
FR028410,0.23393612596825508
FR024696,0.12254207003341716
FR027271,0.32563015602377465
FR021400,0.3104469051617135
FR023462,0.38561529559185365
FR023867,0.11467873866031218
FR022086,0.2674312812629969
FR026646,0.06846451708707561
FR023325,0.34827321458259247
FR023909,0.32100577469282443
FR026586,0.21007173574902335
FR031566,0.4856353641693573
FR029091,0.21399398588312774
FR026603,0.060267606141522774
FR026519,0.43748960926533415
FR020197,0.32127748063489886
FR026385,0.2746624255431564
FR025369,0.2404516882623571
FR029873,0.346083426098943
FR028047,0.21394825319980826
FR020361,0.030433755670180196
FR020636,0.36819921372066594
FR027101,0.09653093385601308
FR025091,0.2682625400362742
FR023905,0.14893789878227318
FR027498,0.30565304388669706
FR020033,0.44891470962167246
FR022323,0.30402011807640805
FR029009,0.2756927559967654
FR020593,0.062129195368409086
FR026911,0.02773552735433201
FR029677,0.23490458279149073
FR024500,0.23676079170269237
FR020958,0.07030727520906564
FR024863,0.12026619649881339
FR027258,0.45799130218166434
FR025040,0.05961389778583871
FR024864,0.14105573630427198
FR027063,0.46531122167062033
FR024268,0.23793101036410216
FR020154,0.1464118405683335
FR022825,0.6860108425134563
FR023179,0.33545461246393177
FR031342,0.21714954103217055
FR024871,0.44894430135793806
FR022633,0.34297091347537734
FR020868,0.39423994163433557
FR024614,0.4825954858075343
FR029006,0.9909324175718165
FR023473,0.13619462108319746
FR022650,0.3945923523116796
FR029442,0.26115245285901917
FR020836,0.5483572241622161
FR021736,0.1595909238378653
FR025422,0.2036772305578258
FR020864,0.4631725461859751
FR020472,0.06398809443745304
FR026015,0.40476921942918087
FR026812,0.4406021218888998
FR022377,0.4014414941782295
FR020016,0.25300396475462805
FR025233,0.10011422410198496
FR022656,0.455392609705982
FR024617,0.4527508747048225
FR021851,0.47324718730546805
FR020180,0.3795193979211537
FR020739,0.26960492879959247
FR028812,0.1938447036441416
FR020488,0.34156665108168566
FR021388,0.19824042155849453
FR024415,0.21801039154171337
FR020032,0.20325218561873903
FR026996,0.4368359009096501
FR022179,0.20551729852197353
FR021415,0.30791546663208924
FR021534,0.3702975368376765
FR025304,0.1814242448861445
FR020189,0.3325600026255941
FR026084,0.47392241692389075
FR022099,0.41295536974336444
FR028846,0.3600318945113786
FR031500,0.18951623967584677
FR024108,0.0831931312737844
FR023148,0.3373377229535567
FR027071,0.1404316196848534
FR031768,0.30890544471806347
FR020079,0.3740664479747685
FR024027,0.03878131545490304
FR023889,0.32518358982194934
FR024124,0.1151253048621375
FR028718,0.1874421279794171
FR021025,0.21455622887217288
FR021053,0.18722960550987372
FR027726,0.3381743620425186
FR026806,0.09205182104854821
FR025049,0.29856985828786525
FR021723,0.17402900097760338
FR027113,0.1817712752478039
FR023597,0.466137100128213
FR025014,0.07724519228441214
FR028450,0.06982842711313249
FR027203,0.3505356373279847
FR025208,0.3172476241871016
FR022283,0.0694006920162034
FR022074,0.4646978656825712
FR022405,0.265271084515613
FR027709,0.35580296638324965
FR020102,0.48221886370960926
FR026531,0.4169287328764729
FR027014,0.24473710970517487
FR023990,0.2537114762671585
FR023714,0.3058655663562405
FR027948,0.16542049588217544
FR021098,0.33510758210227237
FR020693,0.15359187184948894
FR028012,0.431584712801439
FR021484,0.31182695613482436
FR025056,0.32600677812169965
FR020769,0.08705081761967307
FR022105,0.06258921235944602
FR023780,0.2808578590540222
FR020406,0.361524932113867
FR024754,0.40884749871813986
FR030002,0.05837911533621326
FR026590,0.48227535702429813
FR023935,0.43424527890749465
FR023193,0.2532272478555407
FR022905,0.08335992106000834
FR030498,0.4181258531163058
FR020910,0.04825067105987379
FR026606,0.06767361068143316
FR030347,0.3980949378223819
FR024039,0.2844465296156788
FR024218,0.277715754694191
FR023735,0.21948997835499004
FR022736,0.05556252007530292
FR026369,0.42873852580426314
FR020270,0.3520986190343734
FR020337,0.25223188945388186
FR028944,0.360688293024905
FR027230,0.42020534512842017
FR030376,0.4718240938068802
FR030469,0.9169448035035608
FR030578,0.15645688995156107
FR020902,0.4943756869990591
FR022998,0.7923137769374731
FR029229,0.7465900102251471
FR030405,0.3293533344775472
FR023243,0.15205579172152348
FR031039,0.35066745506225844
FR023311,0.2713589117127859
FR026763,0.1989075807033902
FR022686,0.2706917525678903
FR023660,0.23212295958253054
FR026640,0.06273986119861598
FR031521,0.24083638083380912
FR026830,0.19241622982986906
FR029914,0.11471640087010469
FR031990,0.04398946103763694
FR024393,0.1408754957288364
FR022044,0.3069712212294345
FR023083,0.17300136068183664
FR026465,0.15579511112235003
FR029257,0.017927211861228785
FR021660,0.22824644213174566
FR025938,0.4462326222528782
FR022165,0.28758863397551
FR022556,0.26986856426813993
FR020897,0.43606113545106157
FR031420,0.443911016034955
FR028448,0.23772924852592803
FR024483,0.21293944400893777
FR023088,0.4854524334360796
FR027475,0.20871589619649347
FR022641,0.47381481061019787
FR021545,0.11734737523989482
FR027497,0.24278405511164963
FR022217,0.10912894303160345
FR029405,0.23669891807231902
FR029144,0.18847514859086842
FR031290,0.26134345406582393
FR021818,0.10282052289136018
FR022685,0.2180776454877714
FR028236,0.3860914535299445
FR023276,0.44798929532391396
FR023998,0.2712835872932009
FR028043,0.24740574628475756
FR022699,0.2880486509665469
FR029303,0.017200869243801997
FR027119,0.2557237143332149
FR024896,0.16506270488914668
FR025775,0.3288960076443526
FR022206,0.2918283227350082
FR025447,0.23621199950285887
FR028700,0.45941708583809454
FR025643,0.16570834277130378
FR023046,0.19244044125044993
FR031056,0.23661821333704935
FR031386,0.38310268816712556
FR026840,0.2791415383506213
FR026665,0.36118328206789213
FR025794,0.08167588225071523
FR024042,0.23181359143066363
FR030004,0.3822714293938483
FR022450,0.3048056441663659
FR022632,0.2438762591956321
FR025302,0.30094257750479264
FR030554,0.08447364640672927
FR026990,0.12643741858909832
FR021220,0.13933403528518634
FR030021,0.19460332815567624
FR022146,0.22813076534452587
FR031776,0.40364742360893285
FR024400,0.19017263818937316
FR030752,0.4963906152229577
FR027209,0.732216927440049
FR026173,0.4916855291567379
FR022396,0.34881393630889906
FR020565,0.3579550926571066
FR025659,0.17437603133926285
FR026183,0.050967730480618256
FR025838,0.07882700509569704
FR026181,0.19310760039534555
FR024472,0.2833677763209079
FR031842,0.0821063075054866
FR029430,0.23058149913888054
FR024105,0.1030169044138496
FR024142,0.4633554769192528
FR026955,0.3583424753864009
FR026475,0.1252214672443691
FR020474,0.05706362815131817
FR031148,0.14284469126941554
FR023218,0.39665570337674005
FR028430,0.42280403760410246
FR020263,0.17359319540714735
FR021764,0.4283592135484959
FR030558,0.3787742241988307
FR020364,0.3395248212793638
FR025747,0.4098751390139066
FR031961,0.4075320115332448
FR027755,0.21030308932346295
FR024203,0.1606320149228436
FR027624,0.3681938334049813
FR022801,0.4236756487450145
FR020704,0.393239202916992
FR029856,0.20499271774272088
FR029791,0.36830951019220115
FR023263,0.2530416269644205
FR026140,0.4377048218927198
FR028489,0.3447222062307285
FR027173,0.19868967791816222
FR029811,0.44680293571545027
FR022890,0.10571513272969779
FR023558,0.04915187393705137
FR025611,0.22890284064527205
FR030913,0.2202943355498441
FR023038,0.09589336644738294
FR030853,0.13283999425382284
FR030818,0.1484940227382902
FR023008,0.2925734964573312
FR028283,0.3324685372589552
FR024436,0.4464801167743717
FR020003,0.35262588997146826
FR031102,0.11672325862047632
FR026040,0.17140878723918251
FR028563,0.37764973822074044
FR031659,0.14322131336734056
FR031218,0.4172865238695016
FR029431,0.27377198329734803
FR021830,0.45062565000938876
FR021843,0.23020756719879787
FR025261,0.07111970287744668
FR030324,0.12090645406528587
FR020964,0.46721316326514145
FR030459,0.131693987012994
FR025252,0.4436150986722996
FR030886,0.20271684420811711
FR031555,0.36262789682921864
FR021810,0.3533360916418411
FR026608,0.08400824910000775
FR023893,0.4028995597287676
FR030589,0.09556247703277743
FR028244,0.26304901413785564
FR027245,0.19754098051949098
FR023259,0.2171845130841207
FR020151,0.36607667918307446
FR028978,0.950224760287847
FR024125,0.4520379828766074
FR026088,0.3995395525837084
FR029539,0.42187324299065937
FR025076,0.05615973511629824
FR028705,0.1593003867908946
FR023761,0.08343793563743561
FR022561,0.8571373449346931
FR020133,0.4110023151498392
FR027213,0.4441477499250792
FR023861,0.09168595958199253
FR022902,0.39802499371848155
FR027612,0.03048486866918433
FR029639,0.27577077057419275
FR024683,0.12200672862279524
FR027207,0.3867586126748402
FR024748,0.3992759171151609
FR020885,0.1557520685968729
FR020578,0.30538940841814954
FR027486,0.4034725633491821
FR020806,0.2985133649731765
FR029864,0.21283183769524494
FR023951,0.07312656062781828
FR027987,0.10027025325683964
FR023960,0.014736684660235755
FR031741,0.11684700588122311
FR026614,0.19543189677111117
FR026092,0.27968226007692787
FR022034,0.28366100352572093
FR021901,0.02766020293474703
FR025850,0.20142825860164526
FR030952,0.3338082358644312
FR023084,0.21720334418901693
FR022546,0.23869501519132136
FR031854,0.04873758962933392
FR023746,0.2722708752213328
FR027992,0.045479808482282884
FR020764,0.2437363709878314
FR026027,0.4361041779765387
FR021594,0.24944757608707938
FR020588,0.41253839527780467
FR030736,0.29794305151060446
FR021824,0.17347751861992752
FR029094,0.06713288895512659
FR024734,0.37504028511368886
FR021737,0.24891223467645746
FR022810,0.1546329629344672
FR029164,0.13626187502925552
FR031366,0.40657700549922077
FR027829,0.4288972451169601
FR028303,0.38870090663699614
FR022458,0.32154649641913097
FR023019,0.1407194665739818
FR031972,0.06902945023396308
FR021937,0.7127312715837402
FR020963,0.37045087583468883
FR031816,0.07238407706333762
FR020947,0.1958273499739324
FR028949,0.11870590495026709
FR022725,0.1488168416793687
FR031683,0.422457007242443
FR026940,0.44077160183296604
FR027833,0.1686406148194339
FR025585,0.2622473471008439
FR024243,0.20337862303732815
FR022324,0.1365228203399606
FR020930,0.2864103448405732
FR024662,0.950224760287847
FR030663,0.03906916234403138
FR022309,0.033949791970094075
FR028840,0.3723205355351021
FR020031,0.1376661374229472
FR030456,0.4750226914814001
FR023835,0.2103165401126746
FR030113,0.13631836834394426
FR028541,0.3669106281141941
FR023963,0.08060250927162904
FR024717,0.06053931208359718
FR027602,0.2778260511657262
FR027735,0.04177008081772192
FR025015,0.08169471335561146
FR020375,0.137789884683694
FR023635,0.4851457554420549
FR026032,0.2555676851783602
FR025200,0.06308151124459081
FR031663,0.5526016244477474
FR028706,0.2735271789336968
FR030359,0.10250577442380854
FR031895,0.14915714664642232
FR028637,0.42627434122069685
FR029315,0.33064730039970375
FR025086,0.19642994533061237
FR028002,0.11006242780288894
FR021982,0.2084172886759958
FR029062,0.8954334111473354
FR027728,0.12179420615325189
FR022201,0.023463556700725897
FR029899,0.2896627456719396
FR030686,0.26311626808391364
FR025732,0.44923214824706625
FR023997,0.45382693784175104
FR031653,0.46845063587260927
FR025729,0.4426654729539602
FR027136,0.2161299712099308
FR029859,0.19750062815185618
FR023697,0.3173982730262716
FR025515,0.3896290110925969
FR030123,0.12522684756005378
FR021290,0.12623834690876654
FR025890,0.049609200770246
FR023053,0.38547002706836836
FR020446,0.0264953645890219
FR027013,0.3599404291447397
FR027903,0.4161216855237765
FR028253,0.3381151785699875
FR023554,0.4335996410253376
FR023744,0.00548792199833533
FR025303,0.16205241826358924
FR028518,0.020068577503716475
FR027490,0.2981959263477826
FR020385,0.07545892747711079
FR020982,0.21902996136395309
FR029133,0.9517681785734928
FR027795,0.15568212449297247
FR021091,0.3186976192641127
FR021765,0.3278226346652664
FR027509,0.4059636495111715
FR027980,0.44922945808922404
FR027801,0.08764265234498372
FR031289,0.3294986030010326
FR026311,0.401336578022379
FR025768,0.30917446050229563
FR031881,0.23322323414003998
FR028854,0.4980585130851969
FR028145,0.18950547904447748
FR029846,0.8569444176489848
FR027431,0.18728340866672016
FR029463,0.8414137711496511
FR021186,0.2141796067742479
FR024526,0.1818923323507084
FR030823,0.2284105417601273
FR031058,0.19617976065127646
FR026303,0.035071587790342036
FR030423,0.39383103764230276
FR022113,0.23895596050202653
FR031486,0.17436796086573586
FR024824,0.2720099299106276
FR022461,0.07286830547495544
FR020249,0.19081558591368794
FR025155,0.28934530704654576
FR031077,0.2123314683365732
FR022466,0.2269955187350663
FR020491,0.49558087771241893
FR029247,0.24126411593073813
FR030798,0.3734100494612422
FR020199,0.06618864355247184
FR020640,0.33427094301331045
FR024322,0.29270800434944727
FR025424,0.4079167041046967
FR026176,0.21097831894188562
FR029936,0.3747927905921953
FR031098,0.28870773963791563
FR021774,0.07805761995279312
FR022167,0.09322742002564262
FR030562,0.4791655345585749
FR030597,0.4940313467952419
FR027052,0.3416204542385321
FR028549,0.10573665399243637
FR030076,0.07957217881801999
FR023204,0.21781939033490855
FR020414,0.13417431254361417
FR027480,0.2500286501810208
FR024279,0.3460107918372003
FR022238,0.44208439886001877
FR026726,0.32966539278725654
FR024336,0.3507750613759512
FR030355,0.09695059847941519
FR026258,0.12850076965415871
FR029682,0.11915785146777705
FR027915,0.17273234489760458
FR020146,0.27660740966315467
FR030007,0.4944859834705943
FR028516,0.30078385819209563
FR024190,0.15384474668666714
FR031624,0.13580723835390318
FR021018,0.5034051665927173
FR030184,0.25621870337620195
FR027368,0.39534559650752954
FR027448,0.35150409415122036
FR024625,0.2638453008591827
FR029432,0.17377612614042515
FR020320,0.31122705093598674
FR023563,0.23962849996260685
FR023742,0.10193277080339416
FR025041,0.04310708926535559
FR031215,0.05357718358766985
FR027570,0.43618757286965065
FR024133,0.03224423189806242
FR021294,0.12072621348985031
FR022530,0.28875616247907737
FR023830,0.2738257864541945
FR028499,0.04543407579896345
FR022970,0.24627587999098263
FR024409,0.21266773806686337
FR030226,0.1443834615552233
FR031288,0.2953524295084491
FR024827,0.4645095546336086
FR025512,0.3291273612187922
FR020126,0.28235089665651053
FR029596,0.4233851116980438
FR021255,0.17930978082207996
FR030116,0.34384790493197404
FR021176,0.2448769979129756
FR023049,0.3661573839183441
FR027693,0.3217590188886743
FR020610,0.49506436740669324
FR030262,0.30340138177267423
FR027009,0.13737291021813416
FR029168,0.24192589475994916
FR027235,0.1836167235276363
FR021227,0.031372620757150346
FR026774,0.2879275938636424
FR030737,0.14361945672800405
FR029090,0.21380836499200762
FR031544,0.040823145257224816
FR028920,0.2567648054181932
FR023695,0.4317837844817708
FR027091,0.2704065958366042
FR020826,0.29353926312272455
FR027823,0.2703070599964383
FR031694,0.228835586699214
FR026953,0.10291736857368373
FR031777,0.16551196124881434
FR031388,0.26776755099328703
FR030948,0.34873323157362945
FR026370,0.47365609129750086
FR021389,0.2821249233977555
FR027818,0.43559035782865535
FR025024,0.03576026819797625
FR031119,0.30969904128154824
FR026335,0.33609756018824666
FR027257,0.10679119586662633
FR023430,0.04454901386883975
FR023147,0.19988141784231056
FR027467,0.30989542280403765
FR024550,0.11804950643674071
FR026488,0.17678910292382494
FR030507,0.3237927782174692
FR020773,0.16638895270541104
FR028558,0.06500228394400817
FR030000,0.27446066370498234
FR029153,0.11587047858446052
FR026498,0.2960868425994027
FR031541,0.24002395316542807
FR031298,0.08977056719825983
FR024992,0.46985220810845857
FR030861,0.47624133298397164
FR024687,0.37879305530372703
FR020835,0.11668828656852616
FR027117,0.2269820679458547
FR020075,0.37852672967733714
FR024364,0.07668563945320929
FR020134,0.310785865049846
FR025876,0.48025504848471484
FR020247,0.047271453605268875
FR022648,0.289808014195425
FR020467,0.31009718464221175
FR022653,0.16702382995619888
FR023055,0.3355030353050936
FR025511,0.21238258133557736
FR025203,0.46763551804638603
FR021243,0.1238629375339969
FR021260,0.10788609010845103
FR028494,0.3747093956990833
FR026944,0.34678555729578886
FR026017,0.35871371716864126
FR029886,0.3459166363127191
FR023911,0.339040592867746
FR024325,0.10358452771857937
FR029300,0.3386370691913978
FR026779,0.06982304679744782
FR026938,0.37536310405476736
FR023470,0.46732076957883445
FR028844,0.43495279042002516
FR028307,0.4463859612498905
FR027902,0.1984556341858803
FR022534,0.017243911769279172
FR029343,0.1771173021805882
FR029010,0.2427168011655916
FR029921,0.2864049645248886
FR022291,0.010642264424222846
FR023140,0.36190962468531884
FR022266,0.38862020190172647
FR022765,0.09802935177418602
FR022103,0.2903568063952585
FR020183,0.4710654692953456
FR024114,0.19518171209177526
FR026297,0.3764499278230652
FR026255,0.3887116672683654
FR020736,0.32107571879672475
FR026275,0.18175244414290767
FR021561,0.051594537257879075
FR025309,0.33939031338724773
FR031450,0.24440622029056935
FR026703,0.07927626145536465
FR020539,0.12124541395341834
FR021742,0.25857259148823303
FR027976,0.023767544536908162
FR031761,0.4171116636097507
FR022006,0.39431526605392053
FR031617,0.39163317868512626
FR021500,0.22849393665323922
FR028869,0.2696210697466464
FR021913,0.4786221226744259
FR022476,0.0633774286072461
FR030658,0.111536634300481
FR029761,0.04349716215249216
FR027783,0.13567542061962948
FR031325,0.33565368414426355
FR021289,0.22425424789374093
FR022224,0.7310593637258094
FR030769,0.4446023866004315
FR024223,0.38385862252081787
FR023074,0.29183370305069284
FR025142,0.021327571373922816
FR027892,0.025290173875662
FR024562,0.10258378900123587
FR030858,0.0904269657117862
FR029607,0.38666983746604355
FR028306,0.21398591540960077
FR029831,0.3220791476719106
FR021238,0.1529462339673318
FR031837,0.2803521093796658
FR020691,0.3083889344123378
FR021513,0.43721252300757507
FR022021,0.27455481922946356
FR020140,0.05269212165754614
FR023169,0.14899708225480426
FR028316,0.06694995822184874
FR030593,0.47436629296787375
FR029374,0.8363011980784427
FR025939,0.3031269856727575
FR029273,0.08140417630864076
FR030263,0.4863267347348339
FR027249,0.38222838686837124
FR029883,0.21212163602487216
FR020136,0.3186115342131585
FR024931,0.03071084192793932
FR020164,0.19905553938471793
FR025962,0.26131924264524303
FR031370,0.06950022785636926
FR020828,0.34481636175520974
FR029887,0.44809959179544906
FR024826,0.14191927697165707
FR028204,0.34387480651039726
FR020444,0.24020957405654822
FR025050,0.11245128796687019
FR027736,0.15682006126027442
FR024246,0.031684679066859574
FR020439,0.14498336675406093
FR026227,0.45955697404589524
FR021986,0.4610365608591719
FR026985,0.41338848515597815
FR021869,0.19018608897858477
FR029380,0.42423520157621736
FR031603,0.06832462887927486
FR026838,0.45150264146598545
FR020983,0.20400542981458894
FR027885,0.2856328892241424
FR030732,0.3019298654329245
FR027463,0.23252917341672105
FR026386,0.17251982242806121
FR030375,0.16693774490524457
FR031391,0.4874566010286087
FR027377,0.3262462021696662
FR029706,0.41188737707996287
FR026831,0.12955800168619097
FR029314,0.36749170220813543
FR021242,0.3361701944499892
FR023661,0.14505062070011895
FR027373,0.2901953969247192
FR024603,0.418470193320123
FR021331,0.2313132220719919
FR024119,0.12134763995142651
FR027767,0.29405039311276554
FR028024,0.07032341615611956
FR022375,0.33562947272368265
FR021887,0.015987608056915133
FR029140,0.14171213481779832
FR023485,0.1891019553681293
FR021630,0.4714178799726896
FR031256,0.3026857997866167
FR021024,0.3381393899905685
FR021404,0.22050685801938746
FR026354,0.4812504068863738
FR023540,0.4630380382938589
FR026445,0.013846242414427444
FR029656,0.1807651562147758
FR029771,0.4511529209464837
FR028683,0.10946790291973592
FR026107,0.18806624459883559
FR021779,0.20600421709143363
FR029181,0.1291598583255274
FR027453,0.09276740303460568
FR027002,0.44389756524574336
FR026927,0.07989768791694085
FR020673,0.3245056700456843
FR022145,0.4158688106865983
FR022818,0.1009239616125237
FR024727,0.020229986974255747
FR028833,0.2518445067245876
FR020859,0.4442419054495605
FR029346,0.37238778948116014
FR023497,0.08925405689253416
FR020104,0.17954651471220426
FR031604,0.47169227607260633
FR031625,0.41046428358137493
FR028151,0.4641302423778414
FR024677,0.4592933385773478
FR029059,0.40517005294768677
FR027967,0.2510831920552106
FR023677,0.43978162374699176
FR024317,0.13048341598394944
FR031142,0.1921337632564253
FR028446,0.3517327575678176
FR022110,0.46769739167675933
FR028953,0.309228263659142
FR025967,0.4511340898415874
FR025441,0.17237455390457582
FR025351,0.2975180065715176
FR027658,0.45445105446116957
FR020416,0.277279949123735
FR023286,0.12466460457100861
FR025832,0.21291792274619925
FR027830,0.1389332017666805
FR024011,0.10570706225617084
FR021347,0.1881415690184206
FR026374,0.647714776300816
FR023930,0.8433430440067136
FR030378,0.49032699944636554
FR030494,0.28477203871459966
FR028286,0.7624100476530391
FR031885,0.1488598842048459
FR022158,0.3124725940169814
FR023941,0.4251821371367145
FR021752,0.20047056240977887
FR028467,0.1131641797950853
FR029197,0.13057219119274605
FR025004,0.39249940951035367
FR026695,0.3705557919905393
FR026986,0.4437765081428388
FR026698,0.12272769092453732
FR029284,0.47863557346363744
FR029427,0.32979183020584557
FR026352,0.21156208319366934
FR025080,0.35628181447918283
FR028839,0.3842755969863777
FR031830,0.24847104879031676
FR022195,0.013703664048784401
FR030024,0.20704530817641198
FR025575,0.40705047327946925
FR026249,0.7845966855092291
FR027518,0.2598988393044974
FR022606,0.050647601697382014
FR023135,0.16967901574656996
FR031390,0.0421117308636967
FR021225,0.4969555483698452
FR029124,0.1598115167809356
FR022783,0.3143987470320835
FR025361,0.949549514787872
FR023825,0.35028007233296415
FR022661,0.3141754639311708
FR026822,0.32632421674709344
FR027610,0.057711956191317575
FR025851,0.2572086814621762
FR028199,0.1011902872389135
FR031866,0.0183791583787387
FR026400,0.24703988481820188
FR027839,0.3390002405001112
FR025857,0.27885638161933524
FR025138,0.03995960458983974
FR029293,0.1728372610534551
FR025879,0.4830366716936751
FR022414,0.23826189977870768
FR029444,0.4783665576794053
FR031258,0.11751147486827646
FR027978,0.10013843552256585
FR030079,0.2388483541883337
FR020514,0.4216553402054313
FR029053,0.3659071992390083
FR025554,0.07157164939495664
FR031562,0.1858764561151861
FR021780,0.2691180102301324
FR024289,0.1990824409631411
FR028879,0.3726917773173424
FR024581,0.31937553904037774
FR021409,0.05839794644110949
FR029035,0.06473864847546067
FR022909,0.1738272391394293
FR030806,0.1461051625743089
FR025809,0.0880192744429087
FR024333,0.22947046395000187
FR023711,0.4407420100967005
FR029814,0.28225405097418693
FR025150,0.6072000463025526
FR023636,0.09825263487509865
FR022244,0.28519977381152867
FR021333,0.42322639238534693
FR025109,0.40278388294154777
FR020696,0.48237758302230627
FR024934,0.3451580118011845
FR024138,0.10654370134513276
FR023469,0.07645697603661199
FR020840,0.2663901901780186
FR020017,0.107894160581978
FR021086,0.18391264089029166
FR028023,0.03303513830370482
FR030687,0.4023238659505109
FR031488,0.2904859339716899
FR031636,0.05018758470634509
FR030601,0.11351928063027172
FR027426,0.2575610921395203
FR027039,0.2474676199151309
FR026667,0.09980485595011805
FR021234,0.42349540816957904
FR029271,0.05742948961787385
FR029558,0.2704738497826622
FR029592,0.029457228373417587
FR025630,0.057389137250239024
FR022335,0.07686588002864485
FR025537,0.28968695709252046
FR021146,0.44797584453470235
FR025619,0.33805330493961405
FR022950,0.38505036244496615
FR020387,0.354097406311218
FR026923,0.42243817613754675
FR023171,0.06765477957653689
FR028028,0.16125882170010447
FR024592,0.4990915336966482
FR031780,0.3562925751105521
FR025877,0.11026687979890533
FR028496,0.05576966222916167
FR020121,0.023826728009439264
FR026668,0.21349361652445598
FR031362,0.36783066209626797
FR027319,0.13362014002809602
FR029055,0.28207381039875146
FR027190,0.35342755700847994
FR030342,0.16758876310308635
FR030701,0.11172225519160116
FR022479,0.4245634008329805
FR023275,0.2977628109351688
FR023392,0.25853223912059825
FR028127,0.46481892278547565
FR022667,0.36544718224797135
FR031418,0.14128439972086926
FR024337,0.12926208432353561
FR024756,0.2465233745124762
FR027789,0.2961971390709379
FR023369,0.09472314778597321
FR031241,0.0408177649415402
FR030413,0.3625848543037415
FR026011,0.17863455120365732
FR026829,0.46619359344290173
FR024255,0.41439191403116393
FR030909,0.12966829815772615
FR028091,0.14360869609663482
FR025482,0.3337705736546387
FR027459,0.3784809969940177
FR020034,0.17444059512747853
FR022310,0.06545692061936044
FR022017,0.054707049881444765
FR031966,0.259769711728066
FR023326,0.13908654076369276
FR027796,0.14621276888800172
FR026559,0.10358452771857937
FR020415,0.37852403951949487
FR031267,0.2328224006215341
FR023365,0.1648098300519685
FR031535,0.1682828238264052
FR025135,0.2893937298877075
FR027750,0.019250769519650834
FR020278,0.06338818923861538
FR027599,0.2235655674861067
FR030167,0.2812963547823206
FR021868,0.38072458863451364
FR023010,0.40109446381657005
FR025238,0.21708497724395484
FR027089,0.26871448655378416
FR026803,0.35393061652499413
FR021034,0.17794049048033847
FR026992,0.2211040730603827
FR027384,0.44976479949984594
FR028585,0.2809493244206611
FR023102,0.14889485625679605
FR025800,0.2630786058741211
FR020048,0.3091906014493495
FR026093,0.14584421726360375
FR030556,0.048589630948006265
FR028473,0.19522475461725247
FR020347,0.42011387976178116
FR027404,0.04846050337157484
FR024942,0.283284381427796
FR022971,0.4850435294440468
FR020612,0.26591941255561236
FR026593,0.8893562016475978
FR025276,0.39722063652362744
FR030311,0.2415573431355512
FR025533,0.20225144690139552
FR031947,0.4198663852402877
FR024641,0.3144337190840336
FR030994,0.46887299065385374
FR030964,0.11664255388520667
FR030481,0.7241139814403925
FR020212,0.03942695333706014
FR031531,0.3175112596556491
FR021789,0.09208141278481376
FR025900,0.39032576197375807
FR029756,0.05089778637671789
FR021441,0.12262008461084449
FR029246,0.35506048281876895
FR023504,0.26499399825785386
FR024649,0.389680124091601
FR025581,0.38709219224728797
FR029556,0.3515040941512203
FR028421,0.12994000409980058
FR028564,0.495957499810344
FR022849,0.3837025933659633
FR021228,0.0993932618002429
FR020481,0.17487102038224991
FR021138,0.18001191201892583
FR024166,0.494015205848188
FR026301,0.06660830817587395
FR027794,0.12361275285466101
FR020055,0.30244099542296554
FR028399,0.3795893420250541
FR024563,0.10736419948704075
FR020874,0.24652875482816083
FR027307,0.24803255306201838
FR026694,0.497348311414824
FR025255,0.3416258345542167
FR023301,0.29920742569649544
FR020026,0.20817248431234459
FR023187,0.4439298471398512
FR022452,0.4465016380371103
FR021023,0.13959767075373383
FR027256,0.38286057396131673
FR020019,0.46470593615609823
FR030193,0.07035300789238512
FR030720,0.1713119415568589
FR023419,0.18875223484862752
FR026067,0.33928001691571263
FR029411,0.18720808424713514
FR027532,0.27379350456008666
FR028348,0.18377544284033323
FR031011,0.33069034292518085
FR023207,0.206149485614919
FR022037,0.16066429681695146
FR030118,0.4791574640850477
FR027171,0.08014787259627673
FR030518,0.07030458505122333
FR022390,0.45735104461519194
FR029071,0.06340433018566935
FR025985,0.19919004727683395
FR021590,0.1756888283663156
FR023499,0.2749933149577619
FR031665,0.06400154522666467
FR028610,0.044887973756972226
FR029958,0.17641517098374235
FR025727,0.29562682560836584
FR029102,0.3583801375961934
FR023395,0.022403634510851294
FR027681,0.27058683641203973
FR030052,0.14857741763140211
FR022792,0.11004628685583501
FR029206,0.03631444071349445
FR030530,0.23642721213024456
FR022781,0.25639625379379516
FR030273,0.026312433855744093
FR020533,0.3168844528783883
FR026984,0.29290169571409447
FR024594,0.451004962265156
FR030867,0.030597855298561825
FR025801,0.13820147883356912
FR027137,0.14542724279804395
FR028231,0.27352986909153915
FR026206,0.21430066387715235
FR030483,0.28616554047692205
FR022958,0.1793339922426609
FR029701,0.43643775754898645
FR027706,0.034062778599471565
FR024327,0.3324523963119012
FR023003,0.28355877752771275
FR023466,0.13234231505299346
FR020356,0.4127374669581364
FR020924,0.01372787546936529
FR020379,0.1437701055671741
FR029220,0.466866132903482
FR030542,0.12578909054909893
FR021447,0.46603487413020483
FR025145,0.40638600429241595
FR028960,0.06986877948076729
FR022694,0.15891569421944263
FR031968,0.27959348486813124
FR021768,0.2159120684247028
FR031404,0.17647704461411567
FR029759,0.43291096061770334
FR027594,0.33978307643222666
FR020996,0.15061117696019696
FR030666,0.26234150262532513
FR022760,0.17085192456582204
FR020825,0.4030448282522529
FR031300,0.03477298026984438
FR028873,0.25523410560591236
FR030477,0.11604802900205366
FR021241,0.08372040221087934
FR030071,0.09665199095891754
FR026605,0.21490594939167462
FR020757,0.20341897540496295
FR023272,0.40115095713125876
FR031632,0.1786668330977652
FR029459,0.07442590686565943
FR028698,0.11444200477018793
FR027450,0.12991848283706198
FR022441,0.7084868712982089
FR028482,0.433058919299031
FR031543,0.40900083771515217
FR021821,0.4730023829418169
FR029860,0.09910541491111449
FR024335,0.3744403799148512
FR021783,0.12296711497250393
FR021273,0.1495942972957996
FR027215,0.15089095337579844
FR025126,0.05535268776360187
FR029793,0.20585087809442135
FR023690,0.2650235899941194
FR022268,0.27613394188290613
FR029952,0.44164859328956274
FR023826,0.2886162742712766
FR028111,0.22111214353390973
FR027493,0.21461272218686164
FR028813,0.43352700676359496
FR030296,0.3030193793590646
FR030266,0.10750408769484145
FR020115,0.015083715021895197
FR030389,0.2689162483919582
FR020342,0.17872063625461165
FR026816,0.08447902672241395
FR021280,0.45508324155411506
FR030437,0.04881022389107659
FR022753,0.1340855373348176
FR031648,0.2648541100500531
FR021248,0.07768099785486818
FR026636,0.15012963870642151
FR021459,0.21166699934951988
FR025969,0.09506479783194803
FR028056,0.49156985236951795
FR022177,0.18231468713195284
FR028369,0.29529862635160264
FR029741,0.07622562246217235
FR027378,0.454572111564074
FR021570,0.42004662581572316
FR021735,0.0935179570726133
FR024463,0.1970271603716077
FR020973,0.29140865811160616
FR024423,0.2862032026867145
FR022835,0.09310098260705349
FR031030,0.10997634275193464
FR022773,0.31664233867257935
FR030412,0.15233287797928255
FR025468,0.39801961340279685
FR027988,0.33488429900135974
FR022920,0.26078928155030573
FR027753,0.3377815989975397
FR022964,0.0636625853385322
FR023069,0.25926934236939425
FR031072,0.22315935365191622
FR031720,0.1654285663557024
FR021113,0.22966684547249128
FR025254,0.2970310880020575
FR020129,0.27508209016655855
FR021903,0.39571414813192757
FR029352,0.04337072473390305
FR023412,0.10640650329517437
FR025435,0.23219559384427327
FR022169,0.4788776876694464
FR023342,0.052468838556633514
FR029807,0.14690951976916297
FR021312,0.442471781589313
FR020670,0.30971249207075985
FR026762,0.10787532947708177
FR029726,0.47174338907161045
FR023901,0.11688735824885794
FR031813,0.03524106773440827
FR027268,0.4229304750226916
FR022700,0.1499198063947204
FR029528,0.1748252876989305
FR024605,0.11011085064405071
FR024429,0.2194738374079361
FR021061,0.20733315506554034
FR020936,0.5973607547315422
FR026339,0.43804916209653694
FR024559,0.16049212671504293
FR026715,0.8483591534350721
FR027220,0.11799570327989427
FR027537,0.03965292659581512
FR022969,0.10550261026015442
FR026007,0.018952161999153175
FR028894,0.04121859846004608
FR020078,0.11493968397101734
FR030942,0.35542903444316704
FR024012,0.27862233788705326
FR025906,0.01741877202903007
FR028759,0.2994495399023043
FR024875,0.22626379580195488
FR030670,0.45529576402365834
FR025954,0.33934996101961296
FR028998,0.2579242634482336
FR021661,0.37643109671816893
FR028486,0.32654480969016386
FR027985,0.13063137466527716
FR025584,0.17895737014473592
FR021391,0.16679785669744393
FR020507,0.02894878854121887
FR030690,0.10945176197268199
FR024628,0.21447821429474556
FR025708,0.19265027356215106
FR021310,0.26428110642963876
FR026381,0.036432807658556596
FR022281,0.26965873195643886
FR022815,0.2738473077169331
FR031167,0.31694094619307706
FR022587,0.044188532717968736
FR022986,0.39420765974022764
FR026450,0.21670028467250288
FR021838,0.0958072813964287
FR023426,0.25308197933205534
FR027317,0.12258242240105197
FR021641,0.4434859710958682
FR021101,0.03697083922702081
FR031993,0.307318251591094
FR026943,0.25220767803330096
FR020652,0.21792699664860138
FR025048,0.1182136060651223
FR020605,0.40826373446635617
FR025221,0.4219889197778791
FR027477,0.26790474904324546
FR026508,0.4352675388875768
FR031559,0.0972518961577552
FR021555,0.19887260865144002
FR028589,0.24754563449255823
FR026072,0.028461869971758744
FR023064,0.2341513385956408
FR026360,0.36768539357278257
FR021369,0.2444385021846772
FR023839,0.2735594608278047
FR030367,0.1505977261709854
FR031623,0.43811372588475267
FR023778,0.37809361426472343
FR021302,0.2645824041079788
FR023822,0.4720043343823156
FR021352,0.2151749651759068
FR030544,0.1353606721520779
FR025911,0.26942737838199926
FR031628,0.01331628131949014
FR020111,0.4304602268233487
FR020297,0.08699701446282662
FR020581,0.34000635953313935
FR021295,0.06063346760807844
FR026814,0.3498469569203504
FR027743,0.024752142307197737
FR025887,0.3880579589126814
FR023131,0.3049132504800588
FR026881,0.28486888439692315
FR024607,0.17263011889959634
FR031945,0.143049143265432
FR027515,0.23502294973655283
FR020012,0.328949810801199
FR027288,0.19325555907667327
FR031408,0.14830840184717003
FR024818,0.08519998902415601
FR025253,0.19789877151251975
FR026387,0.15164957788733296
FR031607,0.09227779430730321
FR022968,0.030175500517317357
FR029114,0.09376007127842222
FR026641,0.18944091525626178
FR020203,0.2210798616398019
FR025428,0.4731826235172523
FR025549,0.46075947460141287
FR026644,0.4306431575566265
FR026371,0.26908572833602445
FR029818,0.05337273159165345
FR028216,0.4971653806815463
FR026031,0.4382078814092339
FR028527,0.4306673689772074
FR020001,0.43142330333089973
FR027605,0.3022473040583184
FR025471,0.387100262720815
FR020338,0.47112734292571884
FR028500,0.1990851311209834
FR031879,0.2731613174671412
FR027385,0.3817845108243882
FR028144,0.17609235204266374
FR030953,0.26932246222614875
FR025604,0.18386152789128754
FR027814,0.017876098862224646
FR022391,0.25268921628707647
FR024481,0.07815177547727438
FR030348,0.3631148153986788
FR026423,0.03293291230569665
FR025082,0.10560752641600496
FR022426,0.05549526612924491
FR029176,0.36348067686523444
FR023745,0.17438679197063214
FR029932,0.40228351358287606
FR030936,0.20847378199068453
FR031930,0.3851203065488665
FR025180,0.4241813984193709
FR026877,0.17948195092398855
FR023569,0.3022446139004761
FR025654,0.1256761039197214
FR027437,0.013822030993846551
FR031338,0.17036500599636184
FR020336,0.4950267051969009
FR023067,0.11036103532338659
FR023970,0.18873878405941594
FR029881,0.1378840402081752
FR029453,0.295669868133843
FR025810,0.39716683336678105
FR028362,0.19411102927053148
FR029659,0.18652478415518553
FR023616,0.31731218797531735
FR031868,0.10153462744273058
FR028823,0.4565708988409186
FR026052,0.33134405128086497
FR026426,0.3547699457717983
FR023248,0.25913483447727814
FR024503,0.32790064924269374
FR021329,0.011368607041649579
FR026419,0.4525679439715447
FR031214,0.06195433510865819
FR026554,0.21449166508395717
FR021486,0.04418853271796869
FR030401,0.17247947006042633
FR024635,0.1882437950164288
FR022639,0.3167768465646954
FR024865,0.06735079174035462
FR024024,0.1943289320557595
FR030528,0.06625051718284519
FR025459,0.14405795245630243
FR026789,0.09200070804954412
FR030808,0.2664170917564418
FR022494,0.3056476635710124
FR025764,0.13594981671954623
FR023374,0.18158027404099905
FR022484,0.24078526783480497
FR028771,0.2685988097665643
FR029461,0.09563780145236245
FR022697,0.13215400400403093
FR030965,0.38911250078687126
FR024023,0.08794933033900834
FR026683,0.09439494852921004
FR030161,0.4109915545184699
FR024213,0.4585347140658132
FR030788,0.3358688967716493
FR024894,0.15870855206558393
FR029652,0.35266893249694536
FR027145,0.09214866673087178
FR027574,0.1223080263011352
FR024724,0.23348686960858742
FR030344,0.3446280507062472
FR024355,0.04974639882020439
FR022284,0.26075968981404024
FR025814,0.26204020494698516
FR026846,0.04603936131348573
FR020637,0.4499665613380201
FR021075,0.23245922931282073
FR024624,0.2080863992613903
FR026143,0.18479232250473068
FR021411,0.15268259849878432
FR031457,0.20011277141675013
FR029686,0.08314201827478025
FR022511,0.30106901492338173
FR022573,0.3387231542423521
FR020770,0.4259219305433528
FR030829,0.34921207966956264
FR026783,0.3688179500243998
FR027018,0.09523427777601427
FR030850,0.057701195559948314
FR030628,0.3535916566368616
FR028061,0.3126340034875207
FR020677,0.019188895889277427
FR029884,0.37597646004281665
FR026560,0.14375396462012013
FR023595,0.2682141171951124
FR030735,0.9688422433584765
FR026138,0.30220426153284125
FR029654,0.3174009631841139
FR022322,0.14368671067406208
FR024947,0.2074542121684448
FR025918,0.2798786415994173
FR026580,0.4336937965498188
FR028707,0.3574493429827503
FR029969,0.49382151448354095
FR029894,0.006803409183230418
FR028835,0.09849743923874991
FR025011,0.28059960390115934
FR022830,0.33981535832633447
FR025355,0.4890222728928398
FR029130,0.30570684704354356
FR023851,0.2598853885152858
FR025475,0.16850341676947558
FR026319,0.16156280953628674
FR026898,0.02736697572993398
FR025664,0.19228710225343768
FR021697,0.20991839675201104
FR030995,0.23366442002618062
FR025717,0.08699970462066892
FR030415,0.12555235665897466
FR020177,0.18870381200746578
FR022802,0.1880850757037319
FR020732,0.6522485675149057
FR025658,0.028903055857899443
FR028305,0.3879933951244657
FR030957,0.18632033215916913
FR023973,0.48631866426130704
FR023081,0.06772472368043725
FR029127,0.24187209160310275
FR022340,0.1373002759563915
FR022485,0.15426979162575388
FR028573,0.4653408134068859
FR028102,0.2601113617740408
FR021068,0.12154940178960061
FR022153,0.22860692328261673
FR031501,0.1890777439475484
FR028330,0.666718113942856
FR021285,0.08460008382531839
FR026749,0.18219901034473301
FR027121,0.3111221347801362
FR031977,0.24055122410252303
FR031751,0.4630461087673859
FR031773,0.3335392200801991
FR026974,0.2477043538052552
FR031878,0.43376105049587693
FR027491,0.40494407968893176
FR025671,0.1920961010466328
FR025937,0.13569963204021038
FR024775,0.4741214886042226
FR026340,0.35451169061893545
FR030028,0.09713352921269305
FR023898,0.13977791132916934
FR020377,0.07019159842184584
FR025429,0.1931076003953456
FR022124,0.26464965805403673
FR022726,0.35468386072084407
FR030525,0.06786192173039564
FR026753,0.1003079154666321
FR024287,0.3086310486181466
FR031349,0.08380379710399129
FR025625,0.3610891265434109
FR021898,0.14631230472816764
FR025398,0.3034982274549977
FR028034,0.361952667210796
FR027729,0.283133732588626
FR031710,0.4528907629126232
FR028120,0.3235183821175524
FR022609,0.2041022754969125
FR024988,0.37346654277593094
FR021620,0.3196499351402945
FR023866,0.15624167732417532
FR021116,0.20772053779483463
FR024372,0.326512527796056
FR023321,0.142898494426262
FR029132,0.30051484240786347
FR026265,0.17617036662009106
FR024997,0.3614065651688047
FR026215,0.36299375829577435
FR022552,0.1839207113638186
FR025173,0.496000542335821
FR023831,0.09723306505285892
FR031818,0.0897194541992557
FR021685,0.29869629570645434
FR022242,0.35661001373594603
FR022364,0.2746193830176793
FR023186,0.056716597789658735
FR023132,0.13609239508518928
FR025951,0.09247148567195032
FR031598,0.7095479713695922
FR020144,0.05127440847464288
FR023119,0.40526689863001025
FR025964,0.3749864819568424
FR022594,0.28646683815526197
FR028171,0.30135955197035236
FR022626,0.031706200329598165
FR030744,0.09917804917285718
FR023846,0.11679320272437668
FR031469,0.2942736762136783
FR031476,0.3730038356270517
FR026444,0.36996126710738636
FR026734,0.2380682084140605
FR027370,0.011933540188537041
FR022581,0.21999303787150407
FR021119,0.30973401333349837
FR029544,0.33904597318343066
FR031615,0.3193997504609586
FR020179,0.21947921772362078
FR020917,0.08410240462448894
FR024910,0.12799771013764463
FR020325,0.11193746781898684
FR031967,0.3666012599623271
FR020288,0.2098484526481107
FR024927,0.04301024358303203
FR027555,0.19093933317443468
FR029089,0.3133926279990553
FR030083,0.33727046900749863
FR029950,0.23734993627016074
FR026966,0.3662515394428253
FR021914,0.12122389269067976
FR025293,0.3097528444383947
FR029268,0.4044410201724177
FR028116,0.02946529884694455
FR027214,0.21286949990503745
FR023056,0.43172729116708203
FR022098,0.3149582998632862
FR028053,0.2725479614790919
FR030961,0.48947421941034985
FR023999,0.28955513935824684
FR025665,0.3475495621230081
FR020007,0.09619735428356527
FR024933,0.1274004950966493
FR030404,0.019729617615584
FR027995,0.3597870901477275
FR026026,0.2528344848105618
FR026772,0.24140131398069653
FR028639,0.12225153298644646
FR026029,0.2852643375997444
FR020957,0.20441971412230645
FR020540,0.1738810422962757
FR030504,0.19371826622555258
FR021837,0.2612089461737079
FR029812,0.10893794182479863
FR024398,0.12276804329217214
FR028668,0.0959848318140219
FR023167,0.5449809966623619
FR027474,0.046477857041784074
FR024966,0.21324612200296242
FR020925,0.15248352681845254
FR023632,0.47547194784106767
FR029627,0.08189647519378555
FR023816,0.07453889349503694
FR022806,0.02678859179383495
FR027012,0.09833871992605295
FR029170,0.19766741793808013
FR022647,0.12211433493648807
FR028207,0.06674550622583235
FR030464,0.85790905407752
FR031631,0.02498887619732204
FR025196,0.4027623616788092
FR031629,0.15817859097064663
FR026592,0.3514583614679009
FR023871,0.3659879039742779
FR031425,0.6159782378021738
FR028819,0.23043354045755282
FR028866,0.19424822732048982
FR028247,0.4440724255054942
FR024085,0.0416678548197137
FR022838,0.4561001212185125
FR025738,0.09608436765418776
FR026761,0.07244595069371103
FR021756,0.08031466238250067
FR020768,0.23268251241373342
FR030826,0.03377493171034318
FR028355,0.14223940575489327
FR023852,0.4889173567369893
FR030756,0.28340005821501574
FR025312,0.29303351344836814
FR024719,0.16102477796782247
FR024847,0.4600304418261438
FR029288,0.3171507785047781
FR029398,0.2699223674249863
FR026711,0.1741823399746157
FR028959,0.058069747184346335
FR031596,0.2926084685092814
FR028817,0.39334142891500024
FR021577,0.10522821416023767
FR022858,0.33627511060583976
FR029715,0.4430528556832545
FR020886,0.09531767266912622
FR023341,0.009342918186381687
FR031956,0.37830882689210915
FR029378,0.16451391268931315
FR026950,0.30682864286379147
FR026804,0.4022377808995566
FR028329,0.08651816636689345
FR024411,0.049359016090910125
FR030986,0.22630683832743204
FR024193,0.49174740278711115
FR026591,0.12803268218959482
FR026037,0.08334108995511207
FR024565,0.1880796953880472
FR022218,0.1854836930702072
FR031116,0.09146267648107986
FR024353,0.31019134016669303
FR022604,0.1431056365801207
FR020285,0.45779223050133255
FR029121,0.3912404156401474
FR023665,0.09486572615161624
FR020453,0.4800156244367483
FR022459,0.3999726679963221
FR020526,0.14180629034227954
FR023404,0.21325419247648938
FR028445,0.4719935737509464
FR030974,0.43443897027214184
FR020787,0.2012157361321018
FR031375,0.4884896216400601
FR025952,0.12059977607126124
FR025054,0.49756890435789447
FR021323,0.44572149226283714
FR029629,0.42888379432774854
FR031354,0.36679495132697426
FR023682,0.11674208972537259
FR023611,0.3140570969861086
FR024919,0.4221207375121529
FR025769,0.41519358106817567
FR023114,0.42947024873737455
FR024095,0.1278739628768979
FR022209,0.1381396052031957
FR024670,0.20850337372695008
FR026480,0.23842868956493157
FR025987,0.4853313763331751
FR020591,0.26671569927693944
FR020271,0.9423147415738968
FR024149,0.344149202610314
FR029840,0.21295558495599176
FR031334,0.32498451814161744
FR029496,0.44678141445271163
FR022499,0.06117149917654271
FR028945,0.10226097006015732
FR026021,0.23854436635215137
FR022682,0.2837820606286254
FR030672,0.3040793015489391
FR023525,0.4995488605298428
FR028304,0.19749793799401388
FR021172,0.06427863148442375
FR021639,0.278477069363568
FR028928,0.46182477710697206
FR027339,0.4273907567252602
FR029896,0.8526035537205993
FR022571,0.13249565405000577
FR028650,0.22041270249490624
FR025860,0.4396874682225106
FR023070,0.3158030094257751
FR026346,0.3785886033077105
FR025338,0.12999918757233167
FR023996,0.27739293575311247
FR021338,0.06529820130666347
FR031865,0.49130890705881286
FR023600,0.8493237898635991
FR030341,0.4212033936879213
FR020117,0.250717330588655
FR031022,0.3473451101269917
FR023035,0.24523747906384666
FR022436,0.4483336355277311
FR023220,0.33677817012235384
FR020276,0.41171520697805425
FR021794,0.11171418471807419
FR024509,0.32293461786576866
FR022777,0.41636379972958537
FR031232,0.07026154252574617
FR028986,0.3919506173105201
FR030533,0.4000587530472764
FR020300,0.07254817669171926
FR029997,0.12093066548586676
FR021021,0.2507119502729703
FR029792,0.4492482891941203
FR022711,0.0975478135204105
FR025915,0.3351560049434341
FR025582,0.4184486720573844
FR030702,0.04890706957340016
FR020921,0.12157630336802386
FR030877,0.4226749100276711
FR022303,0.252199607559774
FR028402,0.25495163903246865
FR022872,0.2661991889712138
FR029007,0.09217556830929503
FR023751,0.3466645001928844
FR027855,0.3736978963503706
FR031716,0.19279285192779408
FR026692,0.2120651427101834
FR020681,0.2403709835270875
FR026631,0.09622963617767312
FR028413,0.39651043485325466
FR031802,0.2642784162717964
FR030659,0.7620241930816245
FR028760,0.3980411346655355
FR023591,0.47429365870613105
FR027588,0.19817854792812115
FR026313,0.10282052289136018
FR022134,0.3515283055718012
FR024000,0.10138935891924529
FR028935,0.46695759827012107
FR029920,0.4267128369489952
FR023111,0.3129783436913378
FR020275,0.2043632208076177
FR020195,0.6590010225146162
FR026388,0.25844615406964394
FR030291,0.1067777450774147
FR026464,0.07881624446432771
FR025518,0.2510159381091527
FR022173,0.1694153802780225
FR021477,0.11065695268604195
FR030513,0.8517353809349262
FR026648,0.7347249821542261
FR021342,0.10153731760057295
FR028885,0.22146993452693847
FR023366,0.2502115809142986
FR025564,0.28916775662895255
FR027218,0.24786038296010976
FR025865,0.43210391326500697
FR030277,0.0905130507627405
FR024348,0.35225733834707024
FR031223,0.1980278990889512
FR024390,0.2114248851437109
FR027076,0.37545994973709096
FR031467,0.4465823427723799
FR022147,0.10003351936671533
FR020128,0.4247355709348892
FR022769,0.07007592163462599
FR031246,0.16548505967039112
FR025237,0.3378380923122284
FR022043,0.1566452010005235
FR020731,0.36353986033776553
FR028455,0.47474291506579863
FR027826,0.38033451574737703
FR029341,0.26034540550632274
FR023610,0.24586697599894977
FR021822,0.24279750590086124
FR029867,0.16661492596416602
FR022075,0.29609760323077206
FR025067,0.41504293222900573
FR020894,0.2908195135441378
FR022490,0.36436035847967346
FR030009,0.4915779228430449
FR021795,0.4970362531051149
FR025231,0.21418229693209026
FR020730,0.2361178439783776
FR021921,0.09786256198796209
FR026115,0.4458237182608454
FR027178,0.08341910453253938
FR027383,0.16732512763453888
FR027318,0.4590028015303771
FR030261,0.01704753024678974
FR027611,0.45992552567029327
FR022160,0.16996955279354062
FR026125,0.17192529754490815
FR031754,0.3069066574412188
FR023260,0.07128649266367056
FR030572,0.4250395587710714
FR028480,0.05423358210119621
FR026119,0.45885215269120716
FR024953,0.04864343410485271
FR031036,0.149414056720364
FR031456,0.4312780348074144
FR027914,0.3811899859412352
FR027255,0.19140473048115622
FR025920,0.2491247571460008
FR023156,0.2603965185053269
FR030759,0.04147416345506657
FR029069,0.4708072141424828
FR024812,0.15260727407919936
FR030144,0.38972854693276276
FR023128,0.1392802321283399
FR020815,0.22073014112030012
FR027186,0.4078629009478503
FR023385,0.3701334372092949
FR030887,0.22191112041307914
FR020398,0.4187822516298322
FR024610,0.21024659600877427
FR023151,0.05688069741804031
FR021579,0.29661142337865537
FR030632,0.4545828721954433
FR020006,0.6152065286593508
FR026628,0.3696707300604156
FR028461,0.08110018847245844
FR020694,0.22921220879713902
FR022438,0.1803024490658965
FR029221,0.8116065055080713
FR020486,0.07817867705569757
FR028744,0.17808844916166613
FR027115,0.13666270854776136
FR030190,0.0523181897174635
FR026315,0.4957530478143276
FR021057,0.1447869852315715
FR020014,0.3493438974038363
FR023606,0.4661424804438977
FR024802,0.32943134905497445
FR028019,0.08014518243843442
FR020834,0.45842441759427804
FR031062,0.021193063481806735
FR030557,0.3923380000398144
FR025379,0.289221559785799
FR026793,0.0781302542145358
FR025715,0.2181448994338294
FR022311,0.2131277550579003
FR026691,0.3679194373050645
FR022141,0.2873034772442239
FR026970,0.47267149352721116
FR026361,0.05951436194567284
FR020575,0.195840800763144
FR030843,0.25909448210964336
FR021160,0.38572559206338886
FR025336,0.2237727096399654
FR031774,0.37676198613277445
FR025943,0.11964477003723718
FR020013,0.059616587943681014
FR028232,0.019110881311850098
FR020537,0.2315983788032779
FR021713,0.411720587293739
FR028748,0.3132285283706737
FR025192,0.3857874656937621
FR020695,0.08677642151975624
FR023189,0.4526513388646566
FR025052,0.14485423917762952
FR030142,0.25436249446500026
FR029362,0.33489236947488665
FR021884,0.19828884439965633
FR029327,0.31655625362162504
FR031766,0.08748662319012909
FR022755,0.23466246858568182
FR021930,0.43846613656209676
FR022487,0.13125011096901099
FR025019,0.43931622644027024
FR022443,0.46915545722729746
FR027725,0.43042794492924086
FR023517,0.31001917006478447
FR020850,0.2687521487635766
FR023691,0.3844773588245517
FR024345,0.4262958624834354
FR021883,0.16548774982823347
FR023216,0.17884438351535842
FR028342,0.27181354838813815
FR029923,0.4851780373361628
FR022598,0.03393903133872481
FR029943,0.3542937878337074
FR023494,0.432480535362932
FR026347,0.1839207113638186
FR025419,0.0762175519886454
FR026199,0.4147416345506657
FR024738,0.12542860939822786
FR025246,0.424692528409412
FR029740,0.4373147490055833
FR022850,0.1513778719452585
FR021999,0.21973747287648354
FR023437,0.2838600752060527
FR027024,0.37671087313377033
FR024743,0.8997742750757272
FR023929,0.2893587578357573
FR026630,0.38501539039301597
FR022997,0.43317728624409313
FR029685,0.17783826448233025
FR028350,0.015689000536417478
FR026243,0.02930657953424763
FR022285,0.1810987357872236
FR020442,0.49673764558461714
FR030817,0.08062403053436758
FR022976,0.20940726676197002
FR025557,0.3602067547711295
FR020510,0.4851861078096896
FR024265,0.16248822383404526
FR031196,0.12679520958212703
FR030656,0.48778480028537197
FR022503,0.27799015079410777
FR028030,0.4393323673873242
FR023274,0.4037550299226258
FR022384,0.2290265879060188
FR031853,0.26828944161469737
FR020027,0.20747304327334104
FR022643,0.525302413520349
FR028072,0.4266240617401987
FR020411,0.3177157116516655
FR023811,0.19229517272696459
FR028132,0.07394167845404166
FR026611,0.2905962304432251
FR020946,0.7069434530125609
FR031261,0.35525955449910074
FR024259,0.12537749639922377
FR020357,0.32340001517249034
FR031996,0.2210045372202169
FR024533,0.2243914459436993
FR030486,0.08160862830465715
FR020746,0.023329048808609816
FR020991,0.4423776260648318
FR026042,0.10416022149683615
FR025927,0.06176602405969572
FR030894,0.2765536065063082
FR025558,0.24029565910750253
FR029417,0.11466797802894292
FR027466,0.09168595958199253
FR025862,0.16441975716483195
FR030781,0.18858813522024595
FR031859,0.14834068374127785
FR031557,0.3431403934194436
FR021880,0.04112175277772252
FR029963,0.07564723852607327
FR022720,0.3872267001394041
FR023196,0.07678517529337521
FR020384,0.43354852802633354
FR027172,0.2437390611456737
FR027573,0.43061087566251866
FR029425,0.20037102656961295
FR022927,0.48383026825715975
FR021071,0.1298646796802156
FR022737,0.33243894552268977
FR031424,0.4584190372785934
FR028411,0.3856045349604844
FR028468,0.38930619215151835
FR022130,0.24846028815894747
FR024761,0.1350889662100034
FR021569,0.2268798419478465
FR028619,0.3181380664329099
FR020343,0.27465435506962943
FR020844,0.26301404208590545
FR020184,0.19207726994173654
FR024324,0.264660418685406
FR026556,0.3113696293016297
FR023587,0.053160209122110044
FR028653,0.49468505515092603
FR030182,0.30983892948934894
FR024387,0.45280467786166895
FR021798,0.30605118724736063
FR025388,0.29955445605815484
FR029275,0.38351966263268533
FR027405,0.13106179992004854
FR030451,0.3541700405729607
FR029281,0.3964055186974041
FR021747,0.024227561527945096
FR026009,0.21751809265656857
FR031345,0.12794390698079824
FR027045,0.02594926254703072
FR031847,0.3499195911820931
FR026485,0.28049468774530883
FR024153,0.8653367545771953
FR022243,0.22455823572992323
FR027280,0.46869005992057583
FR026873,0.2706325690953592
FR023528,0.4214885504192074
FR028796,0.15006238476036343
FR031722,0.15127295578940803
FR021271,0.22731833767614484
FR029941,0.4750038603765039
FR023912,0.21683210240677664
FR028975,0.1967769756922718
FR023242,0.06179023548027661
FR028994,0.290905598595092
FR021839,0.19347884217758596
FR029388,0.45676728036340813
FR028769,0.33654412639007186
FR025989,0.4463805809342058
FR028687,0.4834670969484465
FR020761,0.34939232024499817
FR020327,0.4624246823058097
FR027739,0.12391136037515868
FR026261,0.11579246400703318
FR031107,0.2606359425532934
FR029689,0.12057825480852266
FR023442,0.2381273918865916
FR025078,0.4544080119356924
FR025660,0.22498328066901002
FR029261,0.287421844189286
FR025668,0.10056079030381034
FR030292,0.031028280553333204
FR031045,0.22627186627548185
FR028923,0.47100359566497213
FR031052,0.13172626890710187
FR026309,0.21063397873806852
FR025844,0.42828657928675323
FR030352,0.4091299652915836
FR023624,0.11585971795309119
FR025084,0.12105172258877123
FR031839,0.07600233936125972
FR029348,0.17934475287403015
FR023239,0.011677975193516507
FR020913,0.49412819247756545
FR030842,0.10311913041185777
FR027668,0.4732310463584141
FR026583,0.3680862270912884
FR022820,0.20352927187649808
FR029106,0.031456015650262285
FR020057,0.45494604350415657
FR021002,0.03549394257158645
FR026166,0.27469739759510653
FR026891,0.1262625583293475
FR022354,0.14047735236817288
FR020606,0.024633775362135638
FR030896,0.2711813612951927
FR024354,0.13374657744668514
FR029252,0.31110868399092456
FR023087,0.2981501936644631
FR031428,0.07852570741735701
FR024932,0.21681327130188038
FR021162,0.4650179944658073
FR031035,0.4045432461704259
FR030934,0.38759525176380216
FR027533,0.43868403934732475
FR028731,0.4722437584302822
FR020515,0.002111773906222192
FR023931,0.06735079174035462
FR023739,0.3157007834277669
FR030499,0.3958701772867822
FR031265,0.3225660662413707
FR027770,0.3294878423696633
FR029437,0.020391396444795023
FR024830,0.24461874276011275
FR027381,0.4714689929716937
FR026678,0.21433832608694486
FR024210,0.15276868354973863
FR029020,0.4471149940251595
FR023061,0.2701375800523721
FR025616,0.3123407762827077
FR023372,0.20272760483948637
FR030101,0.30045834909317476
FR025757,0.38567447906438473
FR025275,0.1309326723436171
FR030595,0.3848001777656303
FR025983,0.33258421404617505
FR021288,0.010510446689949122
FR023278,0.4878843361255379
FR024636,0.08204712403295555
FR020236,0.441818073233629
FR021137,0.02682356384578511
FR031492,0.5760422896610312
FR023020,0.01787340870438234
FR028890,0.4539318539976015
FR030204,0.07805761995279312
FR021574,0.5206721586634051
FR031954,0.4724912529517758
FR026918,0.10964545333732913
FR026557,0.07161469192043377
FR020359,0.19316140355219205
FR024596,0.2583493083873204
FR029784,0.46683654116721657
FR028757,0.3545816347228358
FR029603,0.37344233135535004
FR031443,0.3495913919253299
FR025669,0.018010606754340727
FR020701,0.3984231370791451
FR023604,0.06268874819961189
FR023807,0.1400523074290861
FR027324,0.33385665870559295
FR021315,0.25394282984159816
FR022155,0.22440220657506862
FR022526,0.3242043723673444
FR031303,0.47319607430646393
FR022983,0.4745330827540975
FR023710,0.16250974509678384
FR020174,0.12931319732253974
FR031646,0.4142977585066827
FR024296,0.13267320446759898
FR023833,0.42416525747231704
FR026062,0.3615141714824977
FR025866,0.11101474367907065
FR022032,0.4816996632460414
FR026491,0.1853169032839833
FR031445,0.35354861411138444
FR029199,0.4615369302178437
FR025741,0.41365212062452567
FR022038,0.09840328371426865
FR026004,0.20719057669989732
FR021359,0.3267842337381304
FR026977,0.01989102708612327
FR027157,0.2161057597893499
FR027332,0.21883357984146365
FR024535,0.24671706587712336
FR028999,0.3108504288380617
FR020582,0.17113708129710806
FR023713,0.1223941113520895
FR027402,0.15332554622309913
FR020460,0.2586129438558678
FR022634,0.4870880494042108
FR029368,0.824725560936082
FR028485,0.12241025229914343
FR023718,0.1655738348791877
FR025990,0.11991378582146928
FR030206,0.1781045901087201
FR021032,0.22655702300676794
FR020053,0.12159244431507779
FR023157,0.49882251791241605
FR020279,0.1857177368024892
FR029014,0.22612390759415416
FR028536,0.19484544236148518
FR024058,0.08471845077038054
FR030950,0.06745032758052048
FR025807,0.16309081919072524
FR021133,0.47472946427658713
FR026537,0.14250842153912538
FR023464,0.08607160016506814
FR023129,0.2573727810905578
FR023436,0.22294952134021517
FR020954,0.43306160945687333
FR031253,0.483655407997409
FR029718,0.12829093734245767
FR029917,0.4492455990362779
FR028289,0.3411308455112296
FR025824,0.2987985217044626
FR022693,0.43079649655363883
FR028017,0.35400325078673667
FR024405,0.17350442019835075
FR022721,0.2443228253974574
FR030442,0.4015006776507606
FR026020,0.24821548379529626
FR020022,0.28782536786563423
FR020358,0.0345496971689317
FR021424,0.29011469218944963
FR026794,0.4417104669199362
FR024152,0.14098848235821396
FR024100,0.11768364497018499
FR024985,0.31842053300635365
FR022022,0.07773749116955692
FR029837,0.4105342276852753
FR022297,0.25623484432325583
FR026884,0.4546178442473935
FR029196,0.25493011776973
FR025212,0.39454123931267554
FR029306,0.2801987703826535
FR027638,0.2019716704857941
FR024062,0.4513170205748653
FR028620,0.4169610147705808
FR023058,0.4847825841333416
FR025699,0.06975041253570514
FR027797,0.1886957415339388
FR026463,0.20271146389243247
FR028853,0.04150375519133212
FR021480,0.35829405254523916
FR028021,0.04302907468792826
FR025755,0.12803806250527944
FR021781,0.3224073469286738
FR026059,0.17449977860000962
FR022488,0.16459999774026746
FR024165,0.05680268284061303
FR031177,0.2782510961048129
FR024798,0.34920131903819335
FR028726,0.26456088284524015
FR025259,0.2100986373274466
FR031926,0.3194185815658549
FR029746,0.07037452915512366
FR021153,0.14638224883206796
FR026005,0.3429978150538005
FR027075,0.4245095976761341
FR031798,0.2909055985950921
FR024230,0.10127906244771005
FR024215,0.40224585137308355
FR020805,0.9522504967877574
FR023869,0.25313040217321714
FR029947,0.13090039044950927
FR025251,0.31908231183556474
FR020407,0.415120946806433
FR024518,0.23134550396609974
FR020998,0.3372085953771253
FR027418,0.31573575547971716
FR027740,0.31297834369133787
FR023637,0.40170781980461934
FR020790,0.3504791440132959
FR031910,0.08363162700208275
FR024823,0.29326486702280774
FR020971,0.055247771607751336
FR030933,0.24202812075795738
FR023536,0.2701160587896335
FR025737,0.45770614545037835
FR031421,0.08836495972564697
FR028947,0.4229277848648493
FR028052,0.018731569056082798
FR025185,0.48132573130595874
FR023482,0.11089906689185085
FR027944,0.2674259009473123
FR026012,0.2916400116860457
FR026496,0.29106162774994665
FR025282,0.40932096649838845
FR021287,0.054642486093229053
FR030267,0.2861440192141835
FR020480,0.16274647898690808
FR028147,0.49869339033598464
FR026705,0.4690155690194967
FR031497,0.24551725547944803
FR030816,0.10279362131293693
FR025960,0.4621556665215775
FR020049,0.3812814513078741
FR024171,0.44274617768922986
FR028044,0.2434781158349685
FR025871,0.22960766199996024
FR025837,0.3854242943850488
FR024368,0.08656927936589753
FR027238,0.079639432764078
FR029167,0.2152960222788112
FR027603,0.530029132020147
FR026656,0.2711221778226617
FR028913,0.26380763864939016
FR025023,0.11681741414495757
FR026200,0.20611989387865345
FR020393,0.19598068897094473
FR028741,0.43227339320907326
FR024519,0.09470162652323466
FR020594,0.4789933644566662
FR030230,0.03784783068361756
FR027198,0.04512470764709652
FR028479,0.27582995404672384
FR028598,0.1508452206924789
FR030733,0.4550186777658993
FR022819,0.27851473157336043
FR024948,0.3238600321635272
FR020469,0.04921912788310944
FR030813,0.10290391778447211
FR029077,0.27552596621054154
FR023184,0.49628031875142253
FR023221,0.42591655022766817
FR021580,0.36099228086108737
FR022744,0.48279186733002377
FR022308,0.2261104568049426
FR029012,0.2835318759492895
FR028560,0.39722870699715446
FR029862,0.2887749935839736
FR028104,0.26711115247976064
FR031407,0.2845030229303675
FR029660,0.03273384062536486
FR029913,0.3569140015721283
FR030432,0.14092391856999825
FR030922,0.16771520052167543
FR025114,0.09909734443758754
FR031436,0.022244915198154375
FR024555,0.05897095006152392
FR027548,0.35999423230158606
FR025823,0.4571681138819139
FR028939,0.41734301718419037
FR024566,0.4073356300107554
FR021317,0.07647580714150823
FR026087,0.05233433066451743
FR025257,0.053671339112151106
FR022923,0.41729728450087095
FR026230,0.05561901338999167
FR028328,0.16538014351454056
FR022296,0.381012435523642
FR027562,0.4711838362404076
FR029709,0.25042410338384197
FR020592,0.18131394841460932
FR030242,0.3434820434654184
FR023942,0.11875970810711352
FR031867,0.16450315205794383
FR031468,0.27629535135344535
FR023158,0.033906749444616954
FR028456,0.4179536830143973
FR021254,0.8007061138656836
FR027684,0.43089603239380475
FR023502,0.07555039284374976
FR023391,0.22893243238153757
FR028276,0.2730321898907097
FR028027,0.16784701825594917
FR028924,0.08087690537154582
FR025620,0.33672705712334977
FR028162,0.4185455177397079
FR030700,0.35538868207553215
FR025687,0.13373312665747353
FR029323,0.35301596285860487
FR020945,0.12656385600768744
FR022407,0.4686308764480448
FR028365,0.21656846693822915
FR031893,0.29810177082330136
FR027822,0.19583811060530165
FR026233,0.4319021514268329
FR022637,0.04680336614070498
FR031757,0.25280489307429627
FR021158,0.04072091925921664
FR025269,0.26038441279503644
FR029422,0.6619913954430621
FR028524,0.068518320243922
FR020463,0.33119609259953725
FR029949,0.0840459113098002
FR025064,0.4197533986109102
FR029286,0.3192786933580542
FR031462,0.4416512834474051
FR025861,0.3738673762944368
FR027898,0.32973264673331454
FR029426,0.48618684652703315
FR020895,0.03436407627781153
FR022834,0.038377791778554854
FR021807,0.3972233266814698
FR031233,0.2724457354810837
FR031921,0.16225956041744793
FR020968,0.23134819412394203
FR020417,0.041665164661871396
FR029737,0.4781136828422271
FR025194,0.6835992514421292
FR026460,0.359951189776109
FR023805,0.13232886426378185
FR030103,0.367965169988384
FR022695,0.02488934035715612
FR026562,0.016512188836167778
FR028109,0.21599815347565704
FR027514,0.1262867697499283
FR027500,0.29494083535857385
FR029614,0.45893554758431904
FR020966,0.26883823381453087
FR020714,0.38465759939998734
FR024121,0.272674398897681
FR028010,0.3868312469365829
FR028680,0.4491030206706349
FR021360,0.3828175314358396
FR023553,0.20963593017856735
FR023703,0.4389557452893992
FR026565,0.47872703883027645
FR031270,0.033067420197812725
FR020658,0.7069434530125609
FR031533,0.40613850977092236
FR022584,0.06292279193189383
FR029817,0.020464030706537698
FR021194,0.04040617079166505
FR023956,0.4415140853974467
FR024813,0.31292723069233375
FR030073,0.397024255001138
FR025934,0.09204106041717895
FR023261,0.3865460902052968
FR029733,0.32200920356801027
FR031230,0.41813123343199043
FR024666,0.19341427838937025
FR020809,0.25997147356624006
FR024403,0.3478158877493979
FR026807,0.08756463776755638
FR025783,0.03589746624793464
FR028263,0.47571675220471893
FR026575,0.22430805105058732
FR026001,0.029543313424371883
FR027032,0.3843159493540125
FR023347,0.2869725878296184
FR020900,0.76626859336716
FR029060,0.34126266324550336
FR022842,0.12523760819142307
FR025788,0.9406748596454009
FR030925,0.46634155212422934
FR024920,0.03711610775050616
FR025965,0.2908813871745111
FR025888,0.19967158553060946
FR026359,0.08172968540756162
FR021889,0.1365228203399607
FR028288,0.09544680024555764
FR020854,0.32436040152219897
FR028515,0.12638361543225193
FR029878,0.4106579749460221
FR021949,0.1951682613025637
FR031397,0.035254518523619896
FR030308,0.24921891267048207
FR030893,0.3736440931935241
FR025322,0.3085772454613003
FR026180,0.09224013209751068
FR025360,0.04573268331946111
FR028475,0.0781275640566935
FR027998,0.43902030907761486
FR021084,0.2927510468749244
FR021373,0.3366302114410261
FR031988,0.48532868617533276
FR026392,0.33094052760451675
FR023122,0.4743582224943468
FR025147,0.4526486487068143
FR021732,0.14819003490210786
FR026690,0.23932989244210914
FR023417,0.30056864556470997
FR024049,0.06357919044542021
FR031109,0.24502495659430318
FR023549,0.30711917991076215
FR026262,0.2695107732751112
FR028800,0.22333421391166705
FR027916,0.10023259104704713
FR022213,0.3771359180728571
FR021213,0.41499450938784394
FR022734,0.18425967125195103
FR029185,0.3462152438332168
FR026436,0.3556307962813411
FR020553,0.28507602655078196
FR027227,0.21902996136395309
FR022400,0.0474032713395426
FR021417,0.3321887608433538
FR021472,0.2218734582032867
FR030976,0.167820116677526
FR027653,0.2614510603795168
FR024750,0.2004355903578287
FR025007,0.48152480298629047
FR030987,0.023100385392012476
FR023613,0.353645459793708
FR020922,0.21519110612296066
FR028922,0.31827526448286836
FR031934,0.36324125281726793
FR027488,0.2029024650992372
FR026993,0.4313829509632649
FR023882,0.3269671644714082
FR024158,0.31676877609116844
FR020814,0.16320380582010272
FR031008,0.4463536793557826
FR026527,0.05490612156177656
FR022231,0.037317869588680254
FR031274,0.07219576601437516
FR021481,0.22229581298453105
FR025059,0.48372804225915167
FR022361,0.4359320078746301
FR028118,0.8551116084347805
FR027055,0.05805360623729236
FR030248,0.2855199025947649
FR020265,0.26074623902482863
FR023149,0.29280215987392855
FR029122,0.21907838420511488
FR030750,0.276090899357429
FR023773,0.35256670649893723
FR027648,0.43756224352707684
FR020710,0.34856644178740553
FR025098,0.16531019941064024
FR031344,0.2293924493725745
FR025993,0.1941056489548468
FR024680,0.3388603522923105
FR030754,0.3632062807653177
FR026082,0.4694244730115295
FR027631,0.20491739332313585
FR022993,0.3053113938407223
FR028818,0.1601262652484872
FR020632,0.09652824369817077
FR021867,0.43842309403661955
FR020447,0.31119745919972114
FR023879,0.17075776904134077
FR031586,0.07183797502134644
FR029578,0.230317863670333
FR028755,0.17454551128332904
FR028918,0.06713826927081121
FR028084,0.27417819713153857
FR029162,0.2218169648885979
FR028592,0.5040804120926861
FR031028,0.12207398256885325
FR021487,0.07718869896972338
FR030516,0.2825553486525269
FR025884,0.35449016935619687
FR022946,0.07741467222847838
FR023126,0.364104793484653
FR024156,0.4852533617557476
FR030774,0.23039318808991802
FR022388,0.052027652670492815
FR020674,0.30351705855989397
FR022433,0.4081749592575596
FR029083,0.19255073772198514
FR025799,0.23273900572842215
FR023512,0.661219686300235
FR023185,0.34391246872018977
FR020989,0.19510369751434795
FR022162,0.3801892472238917
FR031291,0.36222706331071275
FR020948,0.23601023766468476
FR021565,0.0590785563752168
FR022895,0.024399731629853687
FR028278,0.3888058227928467
FR024556,0.6079717554453756
FR030830,0.4076073359528298
FR031006,0.252794132442927
FR031529,0.30318616914528856
FR027586,0.06983649758665944
FR020656,0.43734434074184875
FR022240,0.3724846351634837
FR020323,0.28639420389351933
FR030787,0.07068927762267524
FR024759,0.057381066776712064
FR029636,0.12128307616321081
FR020156,0.1125777253854593
FR027204,0.08603124779743328
FR029134,0.20249087094936208
FR025470,0.175382150372291
FR023048,0.4092079798690109
FR020807,0.11690349919591188
FR028227,0.15111961679239566
FR029361,0.2127645837491869
FR031610,0.3821019494497821
FR026882,0.4665998072770922
FR028605,0.47381750076804025
FR025207,0.2041211066018088
FR031924,0.38282829206720886
FR027722,0.3942318711608086
FR031130,0.13018749862129408
FR029536,0.17655774934938534
FR020226,0.35107904921213356
FR023927,0.016318497471520647
FR022062,0.2549839209265765
FR027154,0.3615356927452362
FR025149,0.06481128273720334
FR021682,0.4840347202531763
FR030131,0.12187760104636382
FR020218,0.22257558940013247
FR030396,0.10567209020422068
FR022572,0.24638079614683314
FR031633,0.07633591893370754
FR030119,0.3457121843167027
FR027918,0.31468390376336947
FR031029,0.15968776952018887
FR028712,0.8905137653618312
FR021184,0.3210299861134053
FR024227,0.27344109388274257
FR020933,0.2599687834083978
FR025430,0.3952191590889405
FR030443,0.44766109606715077
FR026212,0.3267923042116574
FR027712,0.4261425234864231
FR028735,0.07864945467810383
FR023776,0.19466789194389192
FR020244,0.915594312503615
FR027393,0.2776646416951869
FR021261,0.10608906466978049
FR025905,0.23485077963464435
FR026120,0.3933441190728425
FR020441,0.23180283079929434
FR021281,0.16033340740234595
FR031600,0.34225802164716224
FR022249,0.7614454112245079
FR026321,0.23005153804394318
FR025110,0.2690130940742818
FR020061,0.37212953432829726
FR020680,0.23557443209422874
FR029633,0.44865645446880964
FR021857,0.24079333830833194
FR031350,0.2071502243322625
FR028110,0.3250248705092523
FR022651,0.13385687391822026
FR024288,0.10208072948472181
FR025593,0.4994735361102579
FR029171,0.2845702768764255
FR020865,0.11791499854462463
FR023199,0.19072412054704901
FR024140,0.36026593824366054
FR022439,0.3198463166627839
FR031157,0.19974152963450978
FR029567,0.49183348783806546
FR023764,0.45444029382980033
FR022903,0.4394050016490668
FR031305,0.48294251616919376
FR031888,0.03307549067133969
FR027977,0.38076225084430615
FR025306,0.18370011842074827
FR021045,0.15697609041512903
FR025439,0.07377219850997538
FR024515,0.3653341956185938
FR024116,0.43663413907147597
FR022012,0.442848403687238
FR027314,0.10254343663360105
FR027884,0.031902581852087594
FR030636,0.33492196121115214
FR029034,0.4024368525798883
FR025405,0.3358688967716493
FR030385,0.16362347044350484
FR022305,0.24439276950135772
FR023770,0.40497636158303957
FR021469,0.2443255155552997
FR023786,0.267407069842416
FR021196,0.22975831083913018
FR028256,0.4494366002430827
FR025677,0.09527463014364909
FR023254,0.01620820099998551
FR024122,0.21093796657425082
FR022684,0.37557293636646844
FR024978,0.14498874706974563
FR027835,0.30356279124321345
FR025081,0.16146327369612087
FR024224,0.2450975908560459
FR020647,0.4482421701610922
FR022562,0.056165115431982895
FR020521,0.20850606388479243
FR030246,0.07955334771312371
FR031825,0.12145793642296171
FR021890,0.01588538205890696
FR025565,0.28094394410497653
FR023741,0.07883507556922399
FR025538,0.366039016973282
FR026798,0.3775340614335207
FR024439,0.2635036508132079
FR025371,0.013095688376419815
FR026699,0.3478320286964518
FR021181,0.35062172237893896
FR021875,0.3526527915498915
FR031419,0.4566058708928688
FR021169,0.018728878898240497
FR024685,0.41005806974718445
FR031025,0.13571039267157964
FR026623,0.2718350696508768
FR020390,0.4320151380562104
FR024174,0.26597859602814344
FR028152,0.4437765081428389
FR026157,0.42664558300293715
FR030638,0.33402882880750157
FR021531,0.4491487533539544
FR031049,0.4518980946688067
FR029042,0.13471772442776309
FR028872,0.11963400940586792
FR023868,0.11439627208686845
FR030977,0.3645056270031589
FR029429,0.3309970209192055
FR023203,0.3904414387609779
FR024469,0.1408620449396248
FR027291,0.47348123103774997
FR029975,0.3988535623339165
FR029008,0.2394105971773788
FR026408,0.2874568162412362
FR024072,0.4905072400218012
FR024887,0.174042451766815
FR028587,0.13997967316734347
FR020793,0.14751749544152754
FR028073,0.40966261654436315
FR021269,0.2456383125823525
FR022027,0.24560065037256004
FR027922,0.16904682865362444
FR028146,0.18689333577958356
FR020707,0.13632105850178655
FR022353,0.4883685645371558
FR022298,0.4803061614837191
FR021348,0.22982018446950359
FR023450,0.20859214893574665
FR028815,0.09864001760439298
FR031955,0.028399996341385337
FR020655,0.26091571896889487
FR024902,0.322283599667927
FR021199,0.02835964397375052
FR029835,0.22715692820560557
FR027478,0.24406726040243693
FR026569,0.3698967033191706
FR031641,0.43785547073188985
FR021446,0.35577606480482643
FR023962,0.0752813770595176
FR028704,0.23180014064145205
FR021957,0.2098242412275298
FR025932,0.38593004405940523
FR021167,0.3914475577940061
FR028693,0.4630703201879668
FR025120,0.289816084668952
FR029506,0.15455763851488227
FR020829,0.388423820379237
FR029597,0.2808094362128604
FR022129,0.2821841068702866
FR027856,0.10582542920123299
FR025629,0.3044451630154949
FR031517,0.22995738251946196
FR030047,0.3968117325315947
FR021566,0.2604341807151193
FR026122,0.08486102913602354
FR026431,0.15085060100816355
FR022540,0.03847463746087842
FR030473,0.14402298040435227
FR028941,0.467619377099332
FR022454,0.9111569849323754
FR031284,0.35447671856698526
FR025928,0.4363140102882398
FR020468,0.37883340767136175
FR024633,0.3649091506795071
FR028245,0.2874783375039748
FR021212,0.35552049980980593
FR030491,0.4849708951823041
FR024294,0.35514387771188094
FR026710,0.2680661585137847
FR027114,0.1541568049963764
FR023285,0.2645797139501364
FR030332,0.17319774220432613
FR023223,0.7691625026527497
FR026228,0.05335121032891486
FR025266,0.09933676848555414
FR025713,0.42237899266501566
FR031141,0.357815204449306
FR030191,0.27665583250431647
FR028676,0.49240649145848
FR029507,0.0389965280822887
FR023236,0.7391623097254616
FR029219,0.08485295866249656
FR024199,0.3574923855082274
FR029490,0.25037568054268017
FR022448,0.3346448749533931
FR025473,0.36497102430988043
FR026310,0.33694226975073543
FR030027,0.28721739219326964
FR028319,0.46075409428572817
FR021864,0.05874497680276893
FR030923,0.38160427024895266
FR022435,0.33665980317729166
FR028125,0.1387825529275105
FR030980,0.08525917249668712
FR030569,0.38456075371766374
FR026434,0.42409800352625904
FR023422,0.2251689015601301
FR026585,0.043486401521122896
FR029560,0.32775000040352376
FR031831,0.17735134591287013
FR031991,0.25887388916657306
FR025674,0.1069552954950079
FR025980,0.33841378609048517
FR022301,0.4516452198316285
FR027890,0.4541147847308794
FR024079,0.2770055530238182
FR021854,0.274826525171538
FR027877,0.3143503241909216
FR028997,0.27661278997883926
FR029205,0.1193004298334201
FR020901,0.022573114454917532
FR026999,0.01195775160911793
FR031706,0.6081646827310839
FR029789,0.22878985401589458
FR022945,0.1514854782589514
FR028559,0.3350726100503222
FR031220,0.32607672222559997
FR020833,0.3199539229764768
FR027516,0.38256465659866135
FR021600,0.3349730742101564
FR021521,0.3700473521583406
FR029621,0.17122585650590466
FR024735,0.20254467410620858
FR022985,0.04146071266585499
FR031782,0.033952482127936376
FR023428,0.02937921379599025
FR022702,0.27200454959494297
FR027630,0.4422350476991888
FR026479,0.1956928420818163
FR024036,0.17844354999685252
FR024736,0.427447250039949
FR031654,0.3065165845540822
FR020892,0.3723528174292099
FR031703,0.2797952467063053
FR026743,0.9274593405745362
FR020459,0.3135459669960676
FR022856,0.1491692523567128
FR026570,0.3519479701952033
FR021393,0.2271246463114977
FR029119,0.39126193690288597
FR026730,0.4740138822905296
FR020838,0.3950712004076128
FR029580,0.0908950531763501
FR023368,0.2514894058894012
FR024564,0.13502440242178773
FR027813,0.17288299373677454
FR029046,0.1366196660222842
FR030866,0.2946422278380763
FR028609,0.08383607899809914
FR028159,0.1217484734699324
FR022662,0.010564249846795512
FR029477,0.29105355727641974
FR030592,0.439079492550146
FR030299,0.35320427390756737
FR025485,0.336971861487001
FR023527,0.3015720744398958
FR028409,0.1083353464681187
FR020125,0.05040010717588844
FR023940,0.45721922688091815
FR021962,0.012985391904884628
FR026540,0.9319931317886299
FR020618,0.3922949575143373
FR021365,0.28921617947011435
FR028666,0.16900109597030502
FR020811,0.18223398239668318
FR024815,0.27600212414863234
FR025986,0.11705952835076648
FR022437,0.09426582095277862
FR029466,0.2872954067706969
FR027746,0.2875186898716096
FR020147,0.18765196029111816
FR025547,0.44995042039096617
FR029126,0.24797067943164502
FR020047,0.4239070023194542
FR030553,0.2704577088356083
FR031401,0.4063160601885156
FR031928,0.49498904298710833
FR030560,0.12821292276503035
FR026248,0.3430166461586968
FR024646,0.9576524607875243
FR023609,0.1759524638348631
FR029301,0.1648959151029228
FR026078,0.32130707237116446
FR020020,0.17543057321345276
FR028858,0.15249697760766417
FR025479,0.129315887480382
FR025193,0.42974464483729125
FR027158,0.34939770056068276
FR030457,0.3009398873469503
FR024791,0.25493011776973007
FR025402,0.1939173379058843
FR024604,0.18166635909195336
FR023227,0.15677701873479724
FR023561,0.3331491471930625
FR031862,0.49509395914295884
FR028370,0.2557963485949575
FR024936,0.15754371371985884
FR030427,0.2119198741866981
FR026149,0.420974730271324
FR021572,0.09693445753236127
FR020039,0.03612074934884731
FR021253,0.38148052298820584
FR026995,0.31509818807108697
FR022889,0.4794237897114377
FR026775,0.26166896316474475
FR027870,0.21007980622255035
FR029753,0.12381989500851978
FR020280,0.30522261863192574
FR029344,0.43901761891977265
FR022223,0.1098068628078684
FR021877,0.31166823682212746
FR030082,0.49141651337250564
FR029400,0.4662151147056403
FR022379,0.4166381958295021
FR024009,0.18557784859468845
FR026679,0.23235969347265487
FR027150,0.24553877674218663
FR030218,0.16933736570059515
FR031014,0.28470478476854155
FR031687,0.5199004495205781
FR025105,0.019944830242969665
FR024554,0.18340689121593517
FR020785,0.19658059416978232
FR022478,0.3112781639349908
FR031324,0.18916651915634497
FR030926,0.3556711486489759
FR025598,0.23467860953273575
FR023638,0.3612182541198423
FR024629,0.0972734174204938
FR023733,0.24949599892824115
FR029475,0.09634262280705061
FR022928,0.22854504965224337
FR024314,0.0864778139992586
FR022339,0.3823225423928524
FR027654,0.3972071857344158
FR026023,0.39408391247948094
FR022102,0.4497647994998459
FR028420,0.024273294211264573
FR030438,0.9784886076437747
FR031374,0.3912081337460394
FR026663,0.1240458682672747
FR031820,0.3668164725897128
FR025785,0.05995823798965585
FR031465,0.44750506691229613
FR030579,0.07814908531943207
FR024908,0.1988107350210666
FR021878,0.04961996140161532
FR026304,0.011446621619076862
FR023449,0.09778992772621943
FR023375,0.08848198159178794
FR022104,0.047922471803110586
FR031207,0.37292851120746673
FR021381,0.27960962581518517
FR026411,0.17218624285561335
FR031146,0.3734369510396654
FR021859,0.2941257175323506
FR024307,0.15884844027338466
FR026349,0.07789083016656922
FR022408,0.18524964933792532
FR027224,0.30691741807258804
FR024052,0.1183077615896035
FR029973,0.15234363861065187
FR020371,0.45211330729619237
FR022226,0.1661064861319673
FR031124,0.32059956085863384
FR030458,0.24486085696592166
FR025958,0.10268063468355944
FR024480,0.09527463014364909
FR028453,0.4167242808804565
FR027881,0.40476652927133855
FR025692,0.08210361734764429
FR023592,0.08720684677452767
FR027522,0.23990020590468128
FR031704,0.04521617301373543
FR029820,0.007631977798665378
FR024883,0.3219419496219522
FR022869,0.27708356760124553
FR024305,0.16639433302109571
FR029138,0.02957828547632204
FR025328,0.2470102930819363
FR022001,0.38244897981144155
FR020659,0.46974998211045044
FR025113,0.2783829138390867
FR022079,0.3956603449750812
FR030526,0.3743973373893741
FR026459,0.4661128887076321
FR023796,0.2624813908331258
FR025615,0.10905361861201848
FR028366,0.1492822389860903
FR024074,0.19057078155003665
FR031385,0.48479334476471075
FR022445,0.11041214832239069
FR028393,0.10747718611641824
FR029451,0.4984297548674372
FR021975,0.4590485342136965
FR029080,0.24444119234251957
FR030272,0.4190970000973838
FR021402,0.372328606008629
FR028134,0.21891428457673326
FR026676,0.4859770142153322
FR025130,0.06800988041172328
FR031809,0.212145847445453
FR025808,0.06394505191197593
FR030363,0.42794223908293605
FR027017,0.3209277601153971
FR029312,0.1611108630187768
FR027149,0.2764137182985075
FR027703,0.20296164857176832
FR024306,0.4419283697051642
FR025745,0.23062723182219996
FR028702,0.4178299357536505
FR025483,0.4479354921670675
FR021190,0.3963759269611386
FR021800,0.16063470508068595
FR028070,0.29166960342231124
FR024131,0.1173043327144177
FR026733,0.3838290307845524
FR022070,0.203184931672681
FR026403,0.17710923170706122
FR022368,0.11819477496022607
FR021114,0.3319654777424411
FR027723,0.044167011455230144
FR020504,0.25614337895661693
FR020613,0.11742807997516451
FR031979,0.17444866560100547
FR023958,0.21162933713972737
FR031044,0.37301997657410557
FR031075,0.34413575182110245
FR021087,0.35141800910026605
FR022575,0.22072476080461548
FR021216,0.31269318696005177
FR030172,0.4358970358226799
FR029485,0.22424079710452938
FR027939,0.0994309240100354
FR029290,0.24765862112193576
FR025262,0.34960215255669913
FR023455,0.3308033295545584
FR023358,0.07756801122549069
FR026467,0.2680634683559424
FR028048,0.04970873661041192
FR030312,0.2556618407028414
FR022878,0.4570739583574328
FR031281,0.25720061098864916
FR021154,0.03622297534685554
FR022612,0.21183109897790145
FR024915,0.1670883937444146
FR020552,0.3071837436989779
FR026904,0.340229642634052
FR020456,0.26202137384208884
FR029076,0.13021440019971733
FR026982,0.2598208247270701
FR030337,0.2520704799833426
FR022523,0.24295353505571587
FR023765,0.35193989972167633
FR024464,0.12559539918445176
FR022360,0.7287442362973405
FR023936,0.3091072065562376
FR027527,0.04127778193257713
FR022501,0.1026887051570864
FR020025,0.4582630081237387
FR027716,0.2844276985107825
FR024742,0.37059076404248953
FR023622,0.024964664776741148
FR029735,0.33755562573878467
FR030710,0.11341436447442119
FR026345,0.3985684056026304
FR021262,0.20748380390471033
FR028285,0.06101277986384574
FR021201,0.31433418324386775
FR021593,0.25449700235711636
FR031506,0.35953959562623383
FR022549,0.1694180704358648
FR027197,0.6014122277313672
FR029653,0.3706822294091284
FR027502,0.4084359045682648
FR024178,0.40476921942918087
FR020867,0.26545132509104846
FR026991,0.9207068855748276
FR026276,0.2562832671644176
FR022317,0.29338054381002754
FR030907,0.4178864290683392
FR029773,0.35609619358806266
FR029118,0.24351846820260337
FR022977,0.14580386489596894
FR021973,0.12446553289067687
FR025806,0.208662093039647
FR027229,0.36137159311685463
FR028582,0.30505582884570176
FR026035,0.26020551729852204
FR027810,0.31889400078660224
FR022402,0.40759388516361816
FR020767,0.0029645539422379903
FR026777,0.800995504794242
FR029772,0.018271552065045868
FR021048,0.486829794251348
FR021351,0.3148291722868548
FR031889,0.037137629013244744
FR029248,0.14096696109547532
FR027058,0.7030849072984421
FR022778,0.20405385265575074
FR027387,0.4475104472279808
FR022603,0.1424330971195404
FR029141,0.0340816097043678
FR028725,0.23736069690153005
FR023405,0.14770849664833238
FR025908,0.3599404291447398
FR028356,0.20927544902769624
FR022274,0.24951752019097972
FR025863,0.049071169201781784
FR023130,0.22527650787382303
FR031982,0.08967641167377857
FR023498,0.14293346647821217
FR029645,0.0007155819860574675
FR023180,0.20125339834189432
FR028551,0.3198355560314147
FR021340,0.09761775762431087
FR029710,0.37488694611667656
FR021944,0.45356599253104585
FR020217,0.23211757926684595
FR022545,0.2172948095556559
FR021744,0.27477810233037625
FR026759,0.06073031329040201
FR027808,0.4284668198621887
FR031875,0.22957268994801003
FR027129,0.2496708591879921
FR020944,0.05447569630700512
FR030522,0.22536797324046196
FR025505,0.048040838748172734
FR020139,0.08529414454863728
FR027118,0.08809728902033599
FR024057,0.11862789037283974
FR026579,0.08453821019494498
FR023174,0.18904277189559823
FR029245,0.33072531497713104
FR022586,0.4473382771260722
FR022185,0.21894656647084115
FR029870,0.20561145404645473
FR020067,0.45478732419145973
FR023617,0.06556990724873794
FR031123,0.38065733468845564
FR029747,0.4833594906347536
FR024621,0.24202005028443044
FR021350,0.046550491303526745
FR022471,0.13213248274129236
FR028364,0.2901146921894496
FR028107,0.45222898408341217
FR029494,0.06165572758816053
FR023567,0.1853707064408297
FR023674,0.263194282661341
FR026446,0.16579173766441574
FR029833,0.0366399498124153
FR031382,0.47835310689019384
FR029511,0.144456095816966
FR031570,0.37469325475202936
FR031493,0.017101333403636128
FR023987,0.16955257832798087
FR022544,0.3980411346655354
FR022509,0.42397156610766995
FR020792,0.3272657719919059
FR021339,0.2345763835347276
FR021193,0.4815543947225562
FR031023,0.07971744734150533
FR026184,0.24572170747546443
FR023373,0.43959869301371396
FR023548,0.392577424087781
FR020242,0.5026334574498902
FR025528,0.45634761574000604
FR029510,0.21821484353772977
FR027619,0.11868976400321316
FR024070,0.13024399193598288
FR023328,0.08205250434864016
FR023653,0.07470568328126087
FR026333,0.4575474261376813
FR023423,0.26243565814980635
FR025825,0.43398971391247415
FR023256,0.28954437872687755
FR027263,0.22740980304278374
FR027169,0.3930159198160793
FR030831,0.10432970144090234
FR031387,0.4240630314743088
FR026795,0.01980763219301133
FR023758,0.12158168368370846
FR024437,0.4334866543959601
FR022645,0.16141754101280145
FR026167,0.10810130273583675
FR021924,0.16571910340267307
FR024219,0.4463590596714672
FR024357,0.19990293910504905
FR022277,0.08783903386747315
FR030583,0.205337057946538
FR028423,0.4815866766166638
FR023656,0.1274220163593879
FR025376,0.43511150973272217
FR021007,0.41175286918784676
FR022978,0.07980622255030194
FR020213,0.46890527254796155
FR031368,0.2256020169727439
FR024589,0.27715620186298817
FR020563,0.31776951480851195
FR025144,0.08584293674847081
FR029421,0.08477225392722693
FR021954,0.2310926291289215
FR021374,0.45381348705253943
FR022569,0.27386882897967163
FR024117,0.4749419867461305
FR029602,0.16385751417578678
FR022672,0.04770187886004026
FR030661,0.2266350375841952
FR029172,0.09052650155195212
FR028887,0.4685259602921943
FR030136,0.18526579028497922
FR028927,0.36280275708896953
FR030599,0.3731356533613254
FR028971,0.3057068470435435
FR024917,0.4658842252910348
FR025963,0.25797268628939535
FR025474,0.25423874720425343
FR021129,0.17481452706756123
FR022911,0.23371284286734242
FR022287,0.22359515922237225
FR029063,0.26266970188208827
FR028904,0.055328476343020974
FR024886,0.33575860030011406
FR020755,0.7815098489379333
FR022745,0.28790876275874616
FR021156,0.3226736725550636
FR031331,0.31741710413116786
FR021123,0.48129882972753557
FR028809,0.31237305817681554
FR021815,0.0539026926865907
FR030383,0.05521817987148579
FR027618,0.4492832612460705
FR021816,0.06095359639131469
FR031060,0.23662628381057635
FR028069,0.2010704676086165
FR029078,0.1364286648154794
FR027015,0.4731530317809867
FR028708,0.4456246465805136
FR022508,0.2348857516865945
FR030991,0.3371790036408598
FR030946,0.03941888286353317
FR021037,0.1979821664056317
FR028392,0.24932382882633258
FR028907,0.10352265408820602
FR030055,0.05113452026684214
FR030865,0.47075610114347854
FR022937,0.3869711351443835
FR028874,0.294163379742143
FR027217,0.1362000013988821
FR030873,0.27748978143543596
FR029800,0.4493612758234977
FR025921,0.06367603612774377
FR029543,0.06332362545039971
FR023109,0.7243069087261008
FR031132,0.46129481601203476
FR030978,0.27601019462215937
FR022859,0.08034156396092385
FR029572,0.08027969033055045
FR025843,0.09733260089302484
FR026957,0.3926177764554158
FR031046,0.16153859811570584
FR024447,0.1952973888789951
FR021033,0.3318847730071715
FR030724,0.08373654315793327
FR030805,0.257617585454209
FR026146,0.33733234263787204
FR028042,0.31239995975523877
FR028233,0.03931934702336725
FR022563,0.15606950722226678
FR022786,0.22421658568394848
FR025765,0.2935580942276208
FR021773,0.1103341337449634
FR024282,0.0388431890852764
FR027969,0.21395901383117757
FR027528,0.33969430122343003
FR030529,0.4844301734559975
FR027817,0.4506256500093887
FR027302,0.25965134478300383
FR023895,0.2785093512576758
FR022181,0.21988005124212665
FR029335,0.298408448817326
FR026129,0.9500318330021387
FR025083,0.24529128222069305
FR030057,0.3610756757541993
FR024126,0.07128380250582825
FR024579,0.25653614200159586
FR028964,0.36857852597643326
FR024673,0.07691430286980658
FR031173,0.04919760662037085
FR020743,0.3736494735092087
FR023707,0.1297570733665227
FR020454,0.4934314415964043
FR031936,0.34171999007869797
FR027260,0.1299561450468545
FR025766,0.34934927771952096
FR021922,0.2183601120612151
FR025520,0.24152237108360103
FR021849,0.07138602850383648
FR028742,0.05949553084077656
FR022237,0.10931187376488131
FR029484,0.35546400649511717
FR029853,0.4542062500975183
FR024197,0.48342136426512705
FR020750,0.21239065180910421
FR022056,0.17182845186258464
FR031112,0.0737210855109713
FR023350,0.29710641242164254
FR025536,0.2983492653447949
FR022389,0.25638549316242587
FR031637,0.04951504524576479
FR029623,0.24966816903014974
FR024433,0.2629198865614242
FR029384,0.16238330767819467
FR029514,0.23752748668775395
FR029354,0.34619910288616285
FR029585,0.2365832412850992
FR022874,0.4066119775511709
FR031395,0.48765836286678294
FR022410,0.13043499314278773
FR025335,0.35247793129014066
FR028460,0.30716491259408163
FR020860,0.21102674178304742
FR021606,0.4073894331676018
FR024408,0.1761838174093027
FR020621,0.22636871195780545
FR028273,0.35315585106640557
FR031567,0.40325735072179636
FR020376,0.46196197515693044
FR030159,0.1511734199492421
FR024281,0.17335108120133844
FR025365,0.4513600631003425
FR031412,0.4573510446151918
FR021011,0.04797358480211472
FR023555,0.030444516301549512
FR022939,0.3759522486222358
FR030511,0.2167218059352415
FR024263,0.10874694061799385
FR023078,0.19251038535435028
FR020010,0.2333765731370523
FR029395,0.1833665388483004
FR027842,0.24548228342749787
FR031010,0.10156959949468074
FR023544,0.3905947777579903
FR028957,0.3229399981814534
FR028176,0.2868273193061331
FR024109,0.025201398666865403
FR028487,0.4318564187435134
FR029068,0.024657986782716527
FR031204,0.3265340490587945
FR027225,0.4304118039821869
FR020926,0.05109685805704968
FR031791,0.5184534948777823
FR025489,0.04615234794286322
FR027283,0.1936483221216522
FR020839,0.1660230912388554
FR029695,0.3354008093070854
FR031558,0.02543544239914735
FR020301,0.21995268550386926
FR029722,0.3494757151381101
FR029796,0.16052171845130847
FR020738,0.3285355264934816
FR031055,0.2501497072839252
FR030742,0.30846963914760744
FR025352,0.31460319902809986
FR028416,0.3394494968597789
FR021013,0.09423622921651308
FR027010,0.04890975973124251
FR021893,0.22648169858718292
FR027793,0.3571023126210909
FR022101,0.29445929710479835
FR030655,0.364548669528636
FR024796,0.3692510654370136
FR028723,0.13183118506295244
FR029570,0.32829341228767267
FR024746,0.13340761755855265
FR028414,0.10276940989235603
FR030988,0.3703513399945229
FR021524,0.3236851719037764
FR026221,0.06279904467114708
FR025739,0.08771259644888409
FR024283,0.40226199232013743
FR028196,0.4092106700268532
FR020932,0.31745207618311805
FR020527,0.4039783130235385
FR025506,0.34068158915156194
FR022260,0.19190778999767036
FR025478,0.09180432652705468
FR023307,0.1742065513951966
FR030718,0.1781530129498819
FR022580,0.4182065578515755
FR031477,0.3057202978327551
FR030210,0.42366757827148754
FR022912,0.32489843309066324
FR021551,0.12196099593947576
FR027168,0.04754853986302795
FR020471,0.2662772035486411
FR025779,0.19581927950040548
FR024774,0.046512829093734234
FR024964,0.9362375320741572
FR025121,0.31001917006478447
FR027940,0.08491214213502768
FR027657,0.052398894452733144
FR025165,0.11054127589882211
FR028298,0.24195010618053006
FR022807,0.462594162249876
FR024855,0.035843663091088246
FR020821,0.40209251237607124
FR028578,0.45192499624722987
FR031330,0.03278495362436899
FR023252,0.4752755663185783
FR021763,0.20216805200828356
FR028063,0.20202009332695592
FR020192,0.08210899766332891
FR022899,0.2577467130306404
FR025570,0.14771118680617468
FR022189,0.03163625622569779
FR030377,0.45009568891445145
FR027423,0.07558805505354221
FR029553,0.30396362476171934
FR021099,0.1761004225161907
FR030705,0.242184149912812
FR025641,0.17889011619867784
FR023134,0.4627797831409961
FR022398,0.35720991893478365
FR020059,0.45724343830149905
FR023224,0.2643106981659043
FR020501,0.4863052134720954
FR029186,0.2704119761522888
FR028635,0.2582121103373619
FR021108,0.15224141261264368
FR025016,0.12729019862511418
FR022934,0.31608009568353423
FR020350,0.2698578036367707
FR022622,0.038622596142206075
FR030085,0.3278845082956398
FR021945,0.08901732300240985
FR031801,0.02285558102836126
FR024274,0.05348302806318858
FR028546,0.16140140006574746
FR028528,0.06357111997189328
FR026652,0.3835492543689509
FR029061,0.4188656465229442
FR028206,0.44768530748773167
FR026399,0.23112222086518705
FR022948,0.19488041441343534
FR023717,0.03374803013191999
FR020519,0.06109079444127307
FR030419,0.12221925109233861
FR026854,0.4309605961820205
FR024170,0.39516266577425174
FR020609,0.25301472538599734
FR031129,0.2474380281788654
FR023519,0.1931506429208228
FR026782,0.144899971860949
FR028300,0.03111974591997211
FR029227,0.15698954120434067
FR021776,0.22484070230336697
FR025183,0.1373002759563915
FR026422,0.32905741711489184
FR021244,0.2468973064525588
FR023864,0.19226289083285678
FR026187,0.37827116468231664
FR029751,0.20014236315301567
FR021233,0.25418763420524937
FR030395,0.06604068487114413
FR027692,0.34224457085795057
FR027379,0.11332289910778229
FR026306,0.07457655570482946
FR031983,0.179301710348553
FR027685,0.1449053521766336
FR030649,0.42874390611994784
FR022089,0.23782340405040925
FR029241,0.4417938618130481
FR025320,0.23534576867763143
FR024088,0.11044712037434089
FR030884,0.12457582936221201
FR022957,0.06249774699280706
FR027241,0.37159957323336
FR022879,0.1481308514295768
FR022746,0.4181070220114096
FR026293,0.22845627444344677
FR024674,0.3022930367416379
FR020912,0.12193947467673723
FR027228,0.25715756846317206
FR021429,0.22021363081457446
FR025610,0.4606895304975125
FR027264,0.0545483305687478
FR029547,0.1646322796343753
FR026942,0.10414677070762453
FR031778,0.26491060336474187
FR024229,0.24684619345355474
FR022680,0.19542651645542655
FR021466,0.9187776127177651
FR030039,0.09045386729020939
FR024332,0.3609330973885563
FR023748,0.36452176795021274
FR021126,0.27259100400456904
FR028688,0.1503314005445956
FR023788,0.3278307051387934
FR030345,0.16772058083736008
FR021517,0.11994875787341949
FR025033,0.41763355423116105
FR021367,0.11460341424072722
FR021862,0.12185069946794064
FR022539,0.21720603434685928
FR028510,0.3134948539970635
FR024426,0.05548181534003328
FR028071,0.1243525462612994
FR029795,0.13687523101730475
FR020205,0.10175522038580097
FR020959,0.4850865719695238
FR027057,0.12703463363009362
FR028901,0.07120040761271632
FR022873,0.2935823056482017
FR027476,0.4478628579053248
FR025588,0.2973081742598166
FR030198,0.2915996593184109
FR023966,0.34111470456417564
FR024298,0.10009808315493104
FR023177,0.24360724341139994
FR026053,0.13250910483921738
FR025873,0.4982871765017942
FR023333,0.15929769663305224
FR028085,0.28690264372571805
FR023794,0.06520404578218227
FR029203,0.11731778350362931
FR021095,0.06977462395628603
FR024192,0.3584097293324589
FR028429,0.2345091295886695
FR025627,0.20148206175849168
FR024459,0.3110118383086011
FR029347,0.10191393969849788
FR023698,0.1013570770251374
FR026546,0.195848871236671
FR024077,0.2506527668004393
FR022568,0.0517263549921528
FR026055,0.28721739219326964
FR025381,0.2363787892890828
FR020210,0.228249132289588
FR026620,0.16971129764067777
FR029595,0.218911594418891
FR031120,0.1576163479816015
FR030811,0.31803046011921704
FR024837,0.2512553621571192
FR028404,0.1986251141299465
FR025346,0.2922318464113564
FR021489,0.3380398541504025
FR020262,0.2562375344810982
FR028682,0.056606301318123546
FR020638,0.46977957384671604
FR020531,0.4970577743678533
FR030874,0.2980856298762474
FR029928,0.3918726027330929
FR021311,0.3986867725476926
FR028660,0.3755218233674643
FR031292,0.3528626238615925
FR020329,0.1116280996671199
FR022980,0.18396375388929573
FR027297,0.4113681766163949
FR030616,0.3606264193945317
FR026378,0.3800224574376677
FR027333,0.03987889985457011
FR029850,0.1423900545940633
FR027331,0.06870394113504216
FR028090,0.4159172335277601
FR028358,0.2392653286538935
FR026103,0.42795030955646307
FR028750,0.2649079132068996
FR028292,0.10212108185235665
FR026437,0.10667013876372188
FR030776,0.1563869458476607
FR027782,0.38233061286637937
FR023894,0.07120040761271632
FR024638,0.1821209957673057
FR023777,0.4270248952587045
FR029416,0.09578037981800545
FR026417,0.4860684795819712
FR030809,0.1820725729261439
FR028346,0.028028754559145008
FR028933,0.028028754559145008
FR031122,0.40855158135548447
FR029551,0.4282139450250104
FR029804,0.4154652870102501
FR026341,0.3492040091960356
FR026538,0.41561324569157776
FR025548,0.1818089374575964
FR025716,0.03659959744478048
FR025005,0.08171354446050769
FR025330,0.01867776589923641
FR026151,0.14665395477414242
FR031852,0.37087054045809087
FR025628,0.2610367760717993
FR028897,0.33862361840218624
FR030046,0.12854650233747822
FR020889,0.3794144817653032
FR027809,0.33008236725281626
FR029832,0.17202483338507407
FR023474,0.36921071306937875
FR031851,0.2652253518322935
FR030680,0.05955471431330766
FR020579,0.2374225705319034
FR026688,0.39766720272545275
FR028234,0.005105919584725733
FR020330,0.4452238130620077
FR030508,0.43230298494533875
FR022804,0.8940829201473979
FR021266,0.46058192418381966
FR024208,0.3035520306118442
FR031730,0.393774544327614
FR031195,0.2050949437407291
FR026251,0.3043886697008061
FR025224,0.07076998235794488
FR031670,0.011454692092603877
FR024911,0.3941592368990659
FR028412,0.43714526906151707
FR022649,0.03583828277540359
FR029029,0.3176726691261884
FR022631,0.02503729903848382
FR029982,0.465978380815516
FR028431,0.32373897506062277
FR024442,0.16225148994392094
FR025198,0.9461732872880219
FR027273,0.3818840466645541
FR028674,0.40984285711979873
FR028888,0.19112495406555485
FR026142,0.4308987225516471
FR031348,0.48784129360006084
FR021755,0.16606882392217484
FR021127,0.05450259788542837
FR031472,0.0921863289406643
FR026367,0.13072284003191603
FR031064,0.27314517652008724
FR023230,0.12622758627739727
FR030328,0.4785091360450484
FR026931,0.1355785749373059
FR026889,0.16899033533893568
FR022703,0.22938706905688985
FR027841,0.4004057834089359
FR030777,0.36353986033776553
FR031942,0.3556657683332913
FR022121,0.10439157507127575
FR028845,0.15520327639703932
FR027340,0.39486405825375415
FR023730,0.3321860706855115
FR025941,0.021233415849441554
FR025454,0.1488625743626882
FR025139,0.31748166791938354
FR022464,0.13861845329912886
FR030281,0.44479876812292096
FR022164,0.37957589123584246
FR020995,0.28877230342613125
FR031530,0.2173566831860293
FR022018,0.4485757497335399
FR026028,0.3692160933850634
FR021363,0.3091556293973994
FR027031,0.2686687538704646
FR029228,0.13893051160883815
FR029569,0.25204895872060407
FR024235,0.18701170272464568
FR025504,0.33078449844966207
FR031059,0.7538247834391223
FR027079,0.36705858679552167
FR025490,0.1116657618769124
FR029066,0.3316883914846821
FR023802,0.3441787943465796
FR030795,0.1590125399017662
FR029675,0.2624867711488105
FR021036,0.3351398639963802
FR030852,0.39178920783998095
FR026722,0.1325171753127443
FR027664,0.1458146255273382
FR031287,0.05483617745787619
FR030881,0.06137864133040146
FR028122,0.08243719692009212
FR027510,0.30239795289748833
FR022346,0.10532236968471893
FR029163,0.3215438062612887
FR023541,0.494927169356735
FR020220,0.1413920060345621
FR020649,0.028069106926779826
FR024711,0.12660689853316456
FR029799,0.4914030625832942
FR024597,0.14511249433049236
FR029760,0.12784437114063238
FR031673,0.4804003170082002
FR031413,0.2881697080694513
FR020292,0.10940333913152023
FR029538,0.22531955039930013
FR028302,0.056350736323103064
FR022506,0.0594874603672496
FR021923,0.07697617650017997
FR024392,0.3050961812133366
FR028522,0.11619060736769671
FR021785,0.4176389345468457
FR022457,0.25668679084076584
FR023136,0.0691612679682368
FR027663,0.06323754039944542
FR023538,0.1281268377140761
FR022751,0.06920700065155627
FR028738,0.300695082983299
FR022093,0.18013565927967257
FR024708,0.9506106148592575
FR025301,0.3320461824777108
FR027882,0.43275224130500645
FR030030,0.18708433698638838
FR029742,0.05668431589555088
FR031522,0.12443594115441133
FR023448,0.21453201745159198
FR022154,0.4145318022389646
FR031458,0.24674934777123117
FR026296,0.1469283508740592
FR031061,0.09567815381999728
FR025413,0.1529327831781202
FR021573,0.21434370640262948
FR025472,0.03697352938486317
FR022039,0.47379059918961686
FR020068,0.4387243917149596
FR029995,0.15540503823521346
FR025178,0.344014694718198
FR022924,0.4905933250727553
FR020324,0.34931161550972856
FR027781,0.12213316604138437
FR022717,0.2147983430779818
FR030446,0.09622694601983081
FR023645,0.2939858293245499
FR029698,0.17449708844216727
FR020615,0.12451664588968096
FR030779,0.20925123760711542
FR023105,0.1279223857180597
FR024318,0.4555217372824134
FR026147,0.3222566980895038
FR023432,0.32348071990775995
FR029101,0.09296647471493746
FR029651,0.037387813692580624
FR025010,0.12873481338644066
FR027583,0.48086302415707954
FR026928,0.13543330641382056
FR030181,0.37657367508381195
FR021221,0.025193328193338436
FR027862,0.01512137723168771
FR021759,0.4740434740267952
FR028822,0.3722236898527785
FR030201,0.4609639265974293
FR027005,0.13832791625215823
FR025736,0.1250170152483527
FR021772,0.27613394188290613
FR021231,0.29111005059110845
FR029175,0.4788723073537618
FR022876,0.17752889633046334
FR020194,0.06551341393404919
FR026150,0.48131497067458956
FR021652,0.21681327130188044
FR023197,0.13482533074145595
FR022803,0.308558414356404
FR031126,0.21194946592296357
FR027966,0.1633625251327997
FR031495,0.3601933039819179
FR022369,0.17038921741694274
FR022921,0.23040663887912965
FR030910,0.18658396762771665
FR027983,0.2123745108620503
FR021453,0.11438013113981453
FR023429,0.31531609085631496
FR026245,0.22346603164594084
FR023232,0.09145729616539519
FR025831,0.46159073337469014
FR021920,0.17105368640399612
FR029711,0.3470572632378633
FR030461,0.09334309681286242
FR027769,0.2979699530890276
FR024060,0.31549095111606584
FR021488,0.1748925416449885
FR028746,0.25862370448723715
FR020587,0.03293022214785434
FR026000,0.07918748624656803
FR024245,0.10215336374646448
FR026817,0.4359696700844226
FR021640,0.16246670257130671
FR028889,0.38454192261276743
FR026785,0.14095351030626369
FR026135,0.19076178275684152
FR022942,0.038447735882455175
FR022300,0.28578622822115474
FR028008,0.24984840960558524
FR023188,0.39578140207798557
FR020307,0.429281937688412
FR025632,0.3510736688964489
FR024137,0.21346402478819043
FR030576,0.18423545983137013
FR026598,0.1431782708418634
FR020322,0.12237528024719323
FR031655,0.6755927690853312
FR021792,0.4525114506568559
FR021817,0.42780773119082
FR027077,0.29162656089683414
FR022898,0.13752624921514647
FR028178,0.24949868908608344
FR023090,0.4866495536759125
FR028831,0.033282632825198395
FR031285,0.26164744190200623
FR028581,0.1896534377258052
FR031758,0.38843189085276403
FR028675,0.2689888826537009
FR028768,0.4831254469024716
FR031384,0.0754562373192685
FR030676,0.4285771163337238
FR020063,0.42633890500891264
FR027148,0.09647175038348202
FR022059,0.2670734902699682
FR020120,0.45870957432556403
FR029345,0.14304107279190498
FR029613,0.1325548375225368
FR030870,0.4572434383014991
FR028895,0.4456354072118829
FR024221,0.10968580570496393
FR031069,0.49574497734080064
FR029882,0.3510494574758681
FR023992,0.44901693561968065
FR022972,0.5446916057337994
FR021195,0.18794249733808882
FR030546,0.4209451385350585
FR025128,0.3147161856574774
FR028856,0.03561499967449091
FR026792,0.04417777208659941
FR022935,0.28146045441070217
FR026895,0.2349126532650177
FR028716,0.2979403613527621
FR021947,0.49629645969847647
FR030068,0.07297860194649064
FR025433,0.1291033650108387
FR025605,0.410900089151831
FR030214,0.1286890807031212
FR022846,0.07003287910914888
FR023688,0.05925341663496765
FR021803,0.9819612987864851
FR029440,0.19166298563401912
FR030154,0.07108473082549646
FR027776,0.005038665638667718
FR020929,0.37687766291999425
FR022014,0.0417566300285103
FR021412,0.26501013920490774
FR020008,0.24851409131579388
FR021224,0.21634787399515884
FR022678,0.48221886370960937
FR029086,0.041856165868676166
FR030815,0.2712351644520391
FR027761,0.19504720419965924
FR030212,0.19404646548231572
FR027242,0.2598288952005971
FR031508,0.32101922548203604
FR023916,0.3156738818493437
FR026068,0.2628983652986856
FR026089,0.33928808738923955
FR020157,0.8076514961511003
FR023297,0.2918229424193236
FR020634,0.43541818772674673
FR029532,0.2218895991503406
FR029927,0.15843415596566712
FR026211,0.14510711401480775
FR023752,0.17901655361726698
FR028805,0.2876962402892028
FR021029,0.30160166617616124
FR028530,0.1432535952614484
FR024295,0.45167750172573634
FR022522,0.42566367539048994
FR020884,0.10778924442612747
FR021051,0.05354759185140429
FR031459,0.07716179739130015
FR027986,0.04993740002700921
FR027027,0.47126992129136197
FR026962,0.2063942899785702
FR021536,0.32996669046559646
FR020258,0.37679695818472464
FR030449,0.11164962092985843
FR025786,0.18411171257062336
FR025438,0.32915964311290014
FR027834,0.05455909120011712
FR026744,0.4741161082885379
FR021719,0.09913769680522236
FR026896,0.31582184053067136
FR021082,0.30066818140487583
FR028284,0.48022276659060703
FR031307,0.6797407057280125
FR028202,0.17270006300349672
FR028080,0.4612114211189228
FR020813,0.3985872367075266
FR027571,0.30367039755690634
FR031908,0.4624462035685483
FR020040,0.09773612456937297
FR024154,0.02414954695051781
FR023647,0.12076387569964282
FR022180,0.25027076438682966
FR023192,0.02306541334006232
FR020607,0.23318557193024747
FR025493,0.11742000950163756
FR022052,0.2567863266809317
FR028954,0.0823726331318764
FR025501,0.036260637556648004
FR024846,0.04376348777888196
FR024303,0.2076290724281957
FR027984,0.16536400256748665
FR028045,0.3117892939250318
FR021398,0.22170666841706277
FR028172,0.04609316447033217
FR020380,0.7942430497945314
FR027473,0.016030650582392253
FR026198,0.04598017784095468
FR024773,0.43507384752292966
FR028870,0.47437436344140077
FR028852,0.46012459735062505
FR030653,0.20199319174853267
FR026735,0.1271314793124172
FR024233,0.3192248902012077
FR031409,0.43981659579894195
FR022708,0.9817683715007809
FR030373,0.28342695979343896
FR029072,0.4325827613609402
FR026701,0.4500903085987668
FR026626,0.39728789046968555
FR025718,0.29504844167226674
FR020870,0.4895656847769887
FR022966,0.4605281210269732
FR027293,0.23905011602650778
FR023533,0.1782498586322054
FR028946,0.2349395548434409
FR023924,0.12082305917217388
FR023240,0.07256162748093083
FR027920,0.1527821343389502
FR025291,0.1664535164936268
FR023976,0.41301724337373785
FR022383,0.07265847316325438
FR020298,0.29705798958048074
FR024115,0.15738499440716186
FR029039,0.27153108181469443
FR024247,0.48839008579989424
FR022914,0.20296702888745297
FR025375,0.46919042927924753
FR030675,0.48606309926628644
FR025407,0.08793049923411211
FR025044,0.30236029068769593
FR030205,0.4826735003849617
FR021066,0.08128580936357861
FR031447,0.32234816345614276
FR031081,0.3655709295087181
FR025976,0.12140413326611528
FR021054,0.03664533012809996
FR022795,0.053983397421860334
FR022767,0.3521228304549542
FR026153,0.2961110540199837
FR023098,0.14755515765132007
FR028862,0.05113452026684214
FR024540,0.44852732689237823
FR022877,0.25173690041089475
FR024652,0.48376301431110175
FR030631,0.014602176768119729
FR026867,0.0996380661638941
FR031128,0.03311853319681681
FR030545,0.43503080499745256
FR029139,0.14934411261646366
FR030775,0.37320828762306807
FR024385,0.4593471417341942
FR031747,0.22489450546021342
FR023397,0.19995674226189553
FR024019,0.11528671433267677
FR030102,0.357279863038684
FR024015,0.15322332022509091
FR026647,0.04278427032427704
FR025357,0.1893817317837307
FR028195,0.4957422871829582
FR029798,0.1924834837759271
FR031823,0.20949604197076663
FR028588,0.020811061068197138
FR022500,0.022040463202137928
FR023594,0.3258184670727371
FR020372,0.09426851111062093
FR025935,0.2821087824507016
FR022844,0.3063740061884392
FR021819,0.11923855620304669
FR027621,0.3515525169923821
FR030535,0.21287757037856445
FR024256,0.28784419897053043
FR020418,0.1720517349634973
FR030844,0.25329988211728344
FR021863,0.205404311892596
FR024477,0.032655826047937576
FR026947,0.13158638069930115
FR026395,0.3645567400021629
FR029455,0.4966434900601359
FR026174,0.41528773659265694
FR020535,0.49385110621980643
FR026544,0.09664661064323292
FR022064,0.22774069245738926
FR024370,0.3477782255396054
FR029803,0.3592302274743669
FR022126,0.17526647358507114
FR030490,0.22418968410552523
FR021557,0.4115564876653574
FR027741,0.03619069345274769
FR022090,0.06326713213571097
FR021746,0.2646577285275637
FR029721,0.22887593906684883
FR024232,0.41887371699647113
FR029954,0.4423830063805165
FR027382,0.3457525366843375
FR027640,0.17748585380498616
FR031280,0.028069106926779826
FR026747,0.06091055386583757
FR021314,0.3124994955954046
FR027310,0.36763966088946315
FR020487,0.3346072127436006
FR021064,0.21464500408096945
FR026862,0.060348310876792405
FR030671,0.3234914805391292
FR022312,0.3764257164024843
FR027501,0.11018348490579338
FR031402,0.27841250557535224
FR027246,0.3344350426416921
FR026280,0.04016136642801384
FR024501,0.429876462571565
FR029535,0.39472955036163804
FR030011,0.14348225867804568
FR021124,0.07273648774068173
FR027028,0.40122628155084383
FR023027,0.3042326405459515
FR031711,0.3351371738385379
FR026177,0.21977244492843373
FR025618,0.04217360449407011
FR025817,0.029069845644123328
FR027844,0.14646833388302227
FR021134,0.1815641330939452
FR027786,0.4708018338267981
FR022868,0.9854339899291976
FR026558,0.06862323639977252
FR022306,0.14151037297962424
FR023640,0.19092588238522312
FR026638,0.29004474808554925
FR020622,0.3075173232714257
FR031740,0.839773889221151
FR030871,0.00978679423036469
FR028432,0.03110898528860285
FR029548,0.0891383801053143
FR030840,0.21761762849673444
FR028297,0.47293243883791647
FR020434,0.2573458795121345
FR025662,0.3325653829412788
FR023907,0.09637490470115846
FR031197,0.34290365952931934
FR022543,0.10494305742895163
FR024366,0.1902641035560121
FR027036,0.14403105087787924
FR028459,0.29103472617152343
FR024918,0.11498003633865214
FR027050,0.35916028337046657
FR027815,0.1588484402733846
FR030755,0.19496649946438957
FR024524,0.1096911860206486
FR030771,0.3256570576021978
FR023537,0.38953216541027336
FR020119,0.30205630285151364
FR024482,0.49591176712702445
FR022557,0.294036942323554
FR025104,0.29139251716455217
FR031455,0.15675280731421634
FR022371,0.36751053331303163
FR028222,0.0513443525785432
FR029588,0.43692467611844665
FR030698,0.24602300515380443
FR026523,0.013270548636170715
FR024312,0.023173019653755202
FR031364,0.31156601082411917
FR029212,0.30266158836603585
FR021405,0.06587389508492025
FR031736,0.1308196857142396
FR027270,0.2536334616897312
FR031657,0.45095384926615195
FR031970,0.33399654691339364
FR030681,0.11358115426064512
FR024478,0.19482392109874658
FR030387,0.0154979993296127
FR021665,0.2684858231371869
FR021286,0.1340989881240292
FR023284,0.3006493502999796
FR025426,0.3404071930516452
FR029443,0.3732728514112838
FR031380,0.3844450769304439
FR022131,0.1963815224894506
FR024452,0.40298564477972193
FR031594,0.49619692385831066
FR020373,0.9016070842899314
FR030847,0.4378635412054168
FR021028,0.16138525911869359
FR030126,0.45631264368805585
FR030402,0.23757321937107342
FR028121,0.3382792781983691
FR024266,0.2742158593413311
FR031381,0.26182499231959944
FR028661,0.11306195379707713
FR020427,0.14101807409447945
FR026287,0.47836386752156307
FR027139,0.4830178405887788
FR020794,0.3126259330139937
FR027880,0.407265685906855
FR026595,0.4650287550971767
FR026723,0.0822166039770218
FR024615,0.3485637516295631
FR023923,0.24686233440060865
FR025399,0.11285750180106069
FR021694,0.027792020669020756
FR030444,0.2882773143831442
FR030307,0.3222432473002922
FR022016,0.24027682800260622
FR028301,0.007013241494931474
FR028492,0.17232075074772937
FR021258,0.38796649354604246
FR031415,0.16849265613810627
FR029719,0.4790713790340936
FR020664,0.09104301185767776
FR029786,0.09073633386365312
FR023511,0.4915295000018831
FR027661,0.23255069467945963
FR024389,0.32640492148236316
FR025286,0.36007762719469805
FR030462,0.45968610162232665
FR021423,0.14600024641845838
FR028525,0.39322844228562276
FR024737,0.21402626777723557
FR023024,0.23376933618203122
FR026238,0.2550162028206844
FR022595,0.27281697726332405
FR026358,0.09224013209751074
FR030258,0.1511330675816073
FR025514,0.37993637238671346
FR029187,0.11159043745732738
FR023971,0.4734516393014844
FR026116,0.0849578748183471
FR026650,0.30720795511955884
FR027326,0.3240187514762242
FR029382,0.377160129493438
FR024820,0.36943399617029143
FR031957,0.1188592439472794
FR026827,0.08717187472257751
FR028007,0.3619741884735346
FR026825,0.2617846399519646
FR028745,0.4684156638206591
FR021888,0.3026562080503512
FR028013,0.11228987849633093
FR026178,0.26011405193188314
FR031807,0.13183387522079473
FR022234,0.2663041051270643
FR026713,0.053087574860367366
FR021499,0.07820826879196312
FR025760,0.3561150246929589
FR030138,0.43363192291944547
FR028113,0.9429899870738718
FR024388,0.3381905029895725
FR026988,0.3303486928792061
FR027442,0.18025402622473477
FR021931,0.19095278396364632
FR022233,0.391773066892927
FR026057,0.16615759913097145
FR029070,0.15566060323023395
FR023076,0.3865487803631391
FR026697,0.2576337264012629
FR025031,0.24905212288425813
FR028117,0.40429306149109
FR030247,0.19024527245111586
FR027845,0.07562033694765008
FR021069,0.35641632237129894
FR023418,0.4385737428757896
FR029924,0.42994909683330773
FR028715,0.20177259880546233
FR026930,0.25235563671462863
FR031151,0.15820818270691217
FR022660,0.36204413257743495
FR022015,0.08959032662282428
FR029079,0.22823837165821872
FR027363,0.4612060408032381
FR026291,0.3271500952046862
FR030728,0.25158625157172476
FR021135,0.23997015000858166
FR030134,0.37333741519949953
FR025264,0.10887337803658297
FR020511,0.29088407733235344
FR031985,0.134155481438718
FR022567,0.49149452794993304
FR020335,0.2490575031999428
FR022670,0.34300050521164294
FR024083,0.3397750059586997
FR028388,0.30057402588039456
FR020482,0.44772027953968185
FR022475,0.09441646979194858
FR025028,0.4558822184332844
FR023294,0.31655625362162504
FR025395,0.19925999138073433
FR029048,0.27358098209054327
FR022518,0.2602862220337917
FR024880,0.310702470156734
FR024132,0.37710901649443385
FR029625,0.14163950055605565
FR028066,0.230837064133901
FR024876,0.11144516893384204
FR031198,0.18603248527004074
FR027647,0.18255142102207708
FR020538,0.2945588329449643
FR025332,0.29964592142479374
FR031121,0.0549922066127308
FR021142,0.01549261901392804
FR022210,0.3138634056214615
FR030041,0.4325827613609402
FR023054,0.18120634210091643
FR024184,0.02320799170570536
FR020295,0.3033152967217199
FR020522,0.11683355509201149
FR029593,0.10621550208836954
FR027539,0.4298737724137227
FR023125,0.023299457072344265
FR031850,0.0910457020155201
FR024732,0.36073940602390914
FR029730,0.4636863663338584
FR028177,0.06884113918500054
FR025855,0.37137898029028965
FR029310,0.14273977511356503
FR021143,0.29355002375409384
FR026435,0.4012639437606363
FR030274,0.09303103850315313
FR027955,0.18844824701244525
FR031442,0.06249774699280706
FR024450,0.44091956051429376
FR024842,0.4751571993735162
FR031328,0.05666279463281229
FR029610,0.2808686196853915
FR020193,0.4561566145332012
FR029115,0.1615950914303946
FR022722,0.11520869975524949
FR027628,0.3071353208578161
FR024200,0.031665847961963346
FR029022,0.07659686424441269
FR024682,0.2508034156396093
FR028548,0.1782256472116245
FR024866,0.020929428013259286
FR028313,0.2398571633792041
FR031748,0.3300662263057624
FR031341,0.0432873298407911
FR025156,0.12751617188386916
FR028919,0.24216531880791578
FR022636,0.30018933330894265
FR024530,0.3942749136862857
FR029933,0.3779133736892879
FR023590,0.4155567523768891
FR026108,0.29981540136886004
FR021933,0.35055984874856555
FR020269,0.2609533811786874
FR024593,0.4124173381749002
FR031188,0.36260637556648007
FR025240,0.10478702827409696
FR023523,0.09376545159410687
FR025218,0.07364038077570166
FR030969,0.27313172573087563
FR024913,0.3669429100083019
FR020729,0.4471203743408442
FR021165,0.13568887140884103
FR023217,0.1272444659417947
FR029446,0.22992510062535412
FR028630,0.02433516784163798
FR026022,0.1400523074290861
FR025849,0.34567990242259483
FR022917,0.08962260851693213
FR025574,0.07441514623429017
FR029409,0.1472646206043494
FR023574,0.2909674722254654
FR025404,0.3532984294320486
FR028310,0.49146224605582517
FR020354,0.3836730016296977
FR021612,0.19774543251550747
FR023273,0.06002280177787155
FR022907,0.3510225558974448
FR021669,0.12062129733399979
FR030390,0.38519563096845155
FR024143,0.33257345341480576
FR025378,0.3953213850869486
FR020777,0.35438794335818863
FR023144,0.35586214985578074
FR030020,0.2670761804278105
FR021334,0.49038618291889674
FR023817,0.2727981461584278
FR026421,0.21741048634287574
FR028472,0.3181622778534908
FR026682,0.07348704177868935
FR028569,0.1278524416141593
FR031999,0.21100522052030884
FR029815,0.03620414424195925
FR026218,0.4587633774824105
FR031871,0.18431347440879753
FR027191,0.1986789172867929
FR026670,0.16186410721462674
FR027843,0.3030543514110148
FR030356,0.021314120584711188
FR021761,0.22446677036328433
FR025092,0.4965143624837045
FR023860,0.005103229426883428
FR025539,0.24715287144757936
FR025815,0.24101393125140227
FR029486,0.08887743479460918
FR027655,0.3469846289761206
FR025689,0.18718118266871195
FR021188,0.3812895217814011
FR026548,0.23072407750452353
FR023724,0.053964566316964106
FR025552,0.12161934589350099
FR020143,0.07756801122549069
FR024560,0.35714266498872566
FR021035,0.4389745763942955
FR022474,0.16915981528300195
FR028801,0.3476221963847507
FR024033,0.47886961719591953
FR022087,0.20378752702936098
FR026997,0.40767458989888783
FR025784,0.3307656673447659
FR025525,0.17568613820847326
FR030013,0.24190437349721064
FR021809,0.7083904076553547
FR023580,0.046910972454397806
FR031685,0.395030848039978
FR021474,0.427640941404596
FR029959,0.27080204903942545
FR024180,0.2916453920017304
FR031583,0.165366692725329
FR020997,0.07373722645802522
FR031987,0.09430617332041345
FR021703,0.6415411031582221
FR031513,0.2312271370210376
FR023922,0.45604900821950844
FR020083,0.20947452070802802
FR031143,0.362931884665401
FR020672,0.3963839974346656
FR030220,0.2930926969208992
FR029242,0.4421382020168652
FR024923,0.06929846601819518
FR024236,0.47635969992903376
FR023884,0.21513999312395657
FR029279,0.04682488740344352
FR029828,0.02326717517823641
FR025235,0.4222982879297461
FR025103,0.33883614087172964
FR020871,0.5540485790905454
FR027507,0.20092519908513115
FR028677,0.18112025704996215
FR020653,0.33078987876534677
FR026828,0.09994474415791874
FR029331,0.03979012464577346
FR030080,0.21865871958171276
FR024690,0.44929671203528204
FR023885,0.08906036552788703
FR025250,0.2747269893313721
FR026778,0.43514379162683
FR031686,0.12076656585748519
FR026649,0.09289384045319479
FR021729,0.01742415234471468
FR030608,0.4623197661499591
FR028991,0.2571145259376949
FR021279,0.26085384533852146
FR026182,0.19392271822156895
FR023108,0.13094074281714407
FR026901,0.1011284136085401
FR027715,0.13349101245166461
FR020211,0.14877110899604923
FR031234,0.4164095324129049
FR023769,0.27553403668406845
FR022135,0.3853543502811484
FR023800,0.1230155378136657
FR023808,0.21208397381507965
FR025122,0.2677056773629137
FR021976,0.47834772657450914
FR023305,0.3269026006831926
FR027613,0.4176658361252689
FR031118,0.32321170412352784
FR022275,0.42421099015563646
FR031814,0.22799087713672517
FR027956,0.19690879342654552
FR022843,0.4164660257275936
FR028736,0.23016183451547836
FR029211,0.5907047633746878
FR030320,0.19695990642554967
FR020250,0.3884534121155026
FR031482,0.2020819669573293
FR025646,0.3756132887341033
FR024014,0.23125672875730313
FR024944,0.24812132827081496
FR029025,0.4287977092767942
FR021291,0.6575540678718184
FR021505,0.307813240634081
FR024185,0.27242690437618744
FR024588,0.3693425308036525
FR021702,0.21842198569158847
FR027938,0.27628728087991844
FR027625,0.40392450986669204
FR031512,0.15306998122807863
FR027546,0.27247532721734924
FR028434,0.09918342948854184
FR024984,0.11405193188305131
FR026373,0.24676817887612743
FR028057,0.012998842694096251
FR022809,0.49833290918511364
FR026254,0.4487694410981871
FR031359,0.08917066199942215
FR022359,0.13545751783440146
FR027559,0.42544308244741963
FR027805,0.001536080127965463
FR023989,0.45780568129054416
FR021778,0.06703066295711838
FR026818,0.1415964580305785
FR029458,0.3578609371326254
FR031620,0.3075684362704298
FR021540,0.5346593868770908
FR025094,0.23029903256543674
FR031286,0.2598961491466551
FR020943,0.2131277550579003
FR031139,0.2838681456795797
FR024974,0.0605769742933897
FR028441,0.4095792216512512
FR028334,0.07366459219628255
FR022176,0.1118675237150865
FR026471,0.3940435601118461
FR029696,0.4302638453008592
FR027279,0.012471571757001254
FR030520,0.3237362849027805
FR026932,0.11157698666811576
FR021178,0.24703719466035953
FR026070,0.22394756989971631
FR025797,0.26408203474930697
FR021514,0.35525955449910074
FR027947,0.18429195314605892
FR021217,0.22619923201373918
FR020506,0.4572138465652335
FR027414,0.47420219333949204
FR020489,0.3348627777386211
FR023639,0.23204225484726093
FR023463,0.2470102930819363
FR021806,0.34478677001894426
FR025248,0.20366377976861416
FR020392,0.27069444272573256
FR026259,0.3678790849374297
FR028026,0.4522155332942006
FR023005,0.34977163250076543
FR031606,0.08536946896822224
FR029648,0.27724497707178475
FR024404,0.08567883712008922
FR025244,0.10729156522529802
FR027298,0.9847587444292226
FR020502,0.36626230007419464
FR026158,0.47088522871990995
FR023676,0.3792476919790793
FR031201,0.11593235221483386
FR030278,0.06259459267513062
FR022782,0.31845281490046157
FR024661,0.47602074004090134
FR029180,0.2996055690571589
FR022293,0.22459320778187344
FR026447,0.2415654136090781
FR031528,0.16646965744068068
FR023726,0.3680714312231557
FR027346,0.11687928777533098
FR031644,0.4445943161269045
FR024655,0.2612062560158655
FR029503,0.14610516257430894
FR030997,0.38506381323417777
FR026934,0.01793797249259805
FR029452,0.01841413043068891
FR030192,0.4833594906347536
FR029363,0.17056138751885128
FR029872,0.10005504062945393
FR023847,0.13431958106709954
FR029085,0.8536646537919846
FR030954,0.25902453800574304
FR024050,0.42029950065290145
FR022455,0.20275988673359424
FR021414,0.39983546994636365
FR026639,0.23649984639198723
FR031913,0.27593218004473197
FR030403,0.09831988882115672
FR030231,0.33971851264401093
FR030026,0.2121673687081916
FR024250,0.0501418520230256
FR020969,0.47301583373102846
FR024548,0.24361262372708464
FR028794,0.4776751871139289
FR031662,0.4791789853477864
FR024766,0.4949944233027929
FR024853,0.4745061811756744
FR026268,0.1076224546399036
FR027122,0.2637269339141206
FR024986,0.06298735572010955
FR020366,0.40017711999233846
FR029738,0.4720984899067969
FR028426,0.3031700281982345
FR023959,0.22534645197772338
FR020095,0.7429243917967304
FR021226,0.05471781051281403
FR031478,0.21442441113789917
FR030758,0.9057550209326086
FR025642,0.16760221389229796
FR020060,0.07379371977271397
FR023876,0.22564236934037873
FR024458,0.41909969025522614
FR022050,0.13750472795240792
FR030309,0.024738691517986165
FR024018,0.14245192822443664
FR030792,0.28064802674232114
FR028213,0.26422192295710767
FR030249,0.09416897527045506
FR028871,0.3274218011467606
FR030163,0.2257714969168101
FR031149,0.6846603515135147
FR023121,0.24444657265820421
FR028422,0.08124007668025912
FR023303,0.2885032876418992
FR024373,0.3129783436913378
FR031899,0.49679682905714817
FR030289,0.4927212399260315
FR027820,0.41670544977556023
FR024010,0.3374991324240959
FR027155,0.4944321803137478
FR024490,0.07744695412258623
FR026202,0.20660143213242896
FR022615,0.476152557775175
FR020723,0.13819609851788447
FR026380,0.06606489629172503
FR030696,0.41508866491232516
FR031516,0.12596664096669213
FR031379,0.46862280597451783
FR023678,0.18899972937012108
FR022705,0.11635201683823604
FR031551,0.09872610265534726
FR023340,0.1998921784736798
FR025789,0.014082976304551693
FR026907,0.2316225902238588
FR020291,0.6881330426562271
FR026455,0.3031323659884421
FR024975,0.4385333905081548
FR020706,0.33586082629812236
FR028625,0.44927250061470114
FR028018,0.48964907967010063
FR023229,0.08665267425900948
FR024340,0.020730356332927496
FR022901,0.2977493601459573
FR029375,0.13145187280718512
FR030493,0.0819287570878934
FR021275,0.4930655801298487
FR025995,0.11785043475640893
FR025793,0.05486038887845708
FR024326,0.09043234602747086
FR029940,0.12717721199573664
FR025929,0.1986143534985772
FR031808,0.1484644310020246
FR025735,0.1602796042454995
FR025821,0.16153590795786354
FR030515,0.26707618042781045
FR023457,0.06977462395628603
FR025403,0.23399261928294382
FR026224,0.48733016361001974
FR027733,0.13749665747888093
FR031592,0.2474434084945501
FR028174,0.07333908309736169
FR024549,0.30386139876371115
FR026104,0.08250445086615013
FR028580,0.06237130957421799
FR028917,0.21441365050652986
FR026545,0.08698087351577269
FR029640,0.19857938144662704
FR026497,0.4660967477605782
FR024441,0.3234995510126562
FR026850,0.49479266146461887
FR022718,0.15970929078292742
FR029336,0.3935862332786515
FR022385,0.18246533597112283
FR020783,0.33590386882359946
FR030391,0.25780858666101375
FR022800,0.2778502625863071
FR027886,0.4020037371672746
FR022941,0.2799270644405791
FR023651,0.23496376626402177
FR021673,0.19565517987202385
FR031185,0.32901437458941474
FR029224,0.13913496360485456
FR021969,0.34191906175902975
FR025902,0.2416111462923976
FR025532,0.2704577088356083
FR028401,0.14523355143339683
FR030207,0.4706108326199932
FR026117,0.055949902804597176
FR024859,0.17977786828664388
FR022784,0.14048811299954214
FR028898,0.4936224428032092
FR031101,0.4885111429027987
FR023633,0.3852682652301942
FR021983,0.15898294816550068
FR029529,0.3992274942739992
FR025191,0.12388176863889312
FR025678,0.27992437428273675
FR031505,0.4649588109932763
FR028437,0.253673814057366
FR028398,0.11533782733168091
FR028966,0.07181376360076555
FR028925,0.2947955668350885
FR031989,0.10911549224239182
FR026407,0.2651903797803433
FR029910,0.4276328709310691
FR029120,0.2978677270910194
FR021677,0.14014377279572507
FR027906,0.3608792942317098
FR025971,0.3429547725283234
FR028631,0.23453603116709273
FR028638,0.1656760608771959
FR027086,0.1442139816111571
FR029456,0.3237524258498344
FR023874,0.3087655565102627
FR027049,0.16551734156449893
FR021494,0.030519840721134492
FR027942,0.17904345519569015
FR024955,0.4152016515417027
FR026410,0.2796849502347702
FR023163,0.06750413073736693
FR028761,0.3057498895690207
FR028490,0.2891193337877907
FR030951,0.2891677566289525
FR026379,0.25032994785936075
FR026363,0.060458607348327545
FR028673,0.13401828338875954
FR026208,0.17128773013627807
FR024479,0.24144166634833136
FR026526,0.20968973333541377
FR026876,0.3547188327727942
FR021274,0.2031257482001499
FR026155,0.7546929562247994
FR020599,0.24605797720575465
FR025223,0.42060079833124137
FR023205,0.04131544414236965
FR022857,0.3696707300604157
FR024384,0.4046589229576457
FR026326,0.34802572006109894
FR028963,0.12823713418561122
FR030673,0.021459389108196537
FR021527,0.37834379894405934
FR027458,0.2468166017172892
FR020438,0.15848526896467127
FR020937,0.13647977781448348
FR024065,0.2601328830367794
FR023731,0.3767996483425669
FR024806,0.2979296007213928
FR023510,0.3529056663870697
FR027106,0.06399616491098002
FR024816,0.4392059299687351
FR021270,0.19191048015551262
FR020445,0.42108771690070146
FR025773,0.36699940332299064
FR021218,0.23397109802020527
FR021614,0.42857980649156613
FR021117,0.31244031212287354
FR031092,0.4784634033617289
FR023265,0.3681211991432386
FR027778,0.4266079207931447
FR021543,0.3562952652683944
FR022348,0.18067907116382148
FR026433,0.40658238581490536
FR027019,0.27994858570331765
FR025347,0.4855358283291914
FR029965,0.10826002204853372
FR023281,0.4917904453125884
FR023346,0.22416547268494436
FR023244,0.048546588422529145
FR024098,0.41075751078618794
FR030234,0.3584985045412556
FR020896,0.26973136621818156
FR021897,0.2587151698538761
FR029371,0.3373000607437642
FR027239,0.4238585794782924
FR030833,0.22685294036942324
FR028215,0.15367795690044322
FR022617,0.35813533323254215
FR023981,0.20707220975483515
FR021519,0.3190957626247763
FR021992,0.02986882252329274
FR024451,0.01628352541957049
FR022657,0.329025135220784
FR031756,0.20893917929740607
FR031781,0.4474862358073999
FR027679,0.42091016648310836
FR026588,0.8869446105762728
FR026412,0.16598542902906288
FR031887,0.30266158836603585
FR027953,0.8350471707213571
FR022061,0.260883437074787
FR030054,0.421133449584021
FR023865,0.037748294843451685
FR028194,0.4083498195173104
FR020021,0.12661227884884924
FR029868,0.44709347276242095
FR022865,0.20004282731284975
FR021649,0.21062052794885694
FR025590,0.24667940366733085
FR029688,0.07677441466200588
FR023445,0.43868134918948243
FR022589,0.10957012891774416
FR021520,0.0613732610147168
FR031016,0.08675759041486
FR029797,0.15540772839305578
FR020541,0.322719405238383
FR020797,0.22015175718420105
FR026454,0.4371479592193593
FR024167,0.05201689203912349
FR027623,0.0646444929509794
FR030856,0.37422785744530784
FR027146,0.3823010211301138
FR026693,0.10342311824804015
FR024292,0.41156993845456896
FR020172,0.2513064751561233
FR029866,0.3798153152838091
FR023526,0.08774756850083425
FR030339,0.04807312064228059
FR023493,0.17448094749511334
FR022961,0.05183127114800338
FR024729,0.3662461591271407
FR023031,0.4784822344666252
FR025645,0.11058700858214159
FR029387,0.3460054115215157
FR024779,0.4292173739001963
FR023042,0.4723567450596597
FR023183,0.3295631667892483
FR031481,0.22958883089506393
FR025586,0.4585212632766016
FR029505,0.026298983066532465
FR020737,0.1347392456905017
FR026066,0.22595173749224567
FR022132,0.4364592788117251
FR029392,0.3674109974728658
FR021609,0.1228917905529189
FR020791,0.2481428495335536
FR027185,0.17551665826440702
FR025315,0.17929363987502603
FR029194,0.2892646023112761
FR022583,0.2437901741446778
FR028618,0.08830174101635244
FR023743,0.09113985754000131
FR024538,0.15626857890259857
FR021990,0.09916459838364561
FR020786,0.401982215904536
FR021419,0.20202009332695592
FR028893,0.24700760292409402
FR029445,0.22722418215166357
FR027708,0.40846818646237254
FR026499,0.24635389456840995
FR023757,0.2034808490353363
FR029262,0.7349179094399282
FR025386,0.10042628241169425
FR028649,0.34657841514193016
FR022030,0.12512462156204554
FR031221,0.19681732805990665
FR023398,0.19129981432530574
FR024044,0.731348754654376
FR025901,0.20650727660794774
FR031205,0.25062586522201613
FR025770,0.14115796230228014
FR024993,0.4670759652151832
FR024182,0.2475913671758777
FR023763,0.08152523341154522
FR027153,0.4065770054992207
FR020573,0.4491191616176889
FR028572,0.04687869056028996
FR031113,0.3671312210572644
FR031466,0.2802660243287115
FR030445,0.09841135418779567
FR027085,0.07173036870765356
FR026909,0.26422461311495
FR026175,0.1594026127889028
FR022513,0.29349353043940507
FR022596,0.32584805880900264
FR028312,0.3388388310295719
FR031299,0.43429908206434115
FR028339,0.10163954359858111
FR028987,0.1516657188343869
FR026824,0.3520797879294771
FR026132,0.4845862026108521
FR025087,0.23866273329721352
FR021928,0.22567196107664422
FR027936,0.16971129764067777
FR023801,0.1726516401623349
FR029420,0.21722755560959783
FR024701,0.38053896774339346
FR024676,0.06766015989222153
FR031698,0.1606616066591091
FR031994,0.15096358763754106
FR029745,0.1604786759258313
FR030232,0.2083500347299378
FR030944,0.4475158275436654
FR027187,0.1455967227421102
FR025703,0.06920700065155627
FR025463,0.30132727007624455
FR028210,0.296240181596415
FR025819,0.21521800770138386
FR027396,0.37583926199285816
FR025340,0.13373581681531582
FR020311,0.06341509081703862
FR027868,0.26206441636756606
FR020264,0.39110052743234663
FR028996,0.5821194991607709
FR030485,0.25685089046914744
FR027695,0.5185499585206363
FR022338,0.18809852649294345
FR023619,0.14698215403090564
FR022963,0.09872610265534722
FR029794,0.4707291995650554
FR022374,0.3375287241603615
FR024570,0.031162788445449237
FR030918,0.3861264255818947
FR028747,0.3709001321943564
FR027222,0.29244705903874213
FR020796,0.13414203064950636
FR023225,0.3905355942854592
FR031753,0.30085380229599595
FR021249,0.16263887267321525
FR030872,0.1880232020733585
FR024794,0.47983000354562816
FR021052,0.1903313575020701
FR025201,0.15340894111621106
FR024163,0.02298470860479268
FR029664,0.3277795921397893
FR022401,0.3654391117744443
FR030921,0.15189976256666887
FR029013,0.3993781431131691
FR031504,0.07955872802880842
FR027928,0.10869313746114741
FR026038,0.4918092764174846
FR029330,0.1663647412848302
FR028656,0.20160311886139612
FR027316,0.24989414228890466
FR024753,0.4581392608629919
FR028780,0.3360114751372923
FR022136,0.09282658650713674
FR025531,0.29659797258944376
FR027251,0.07355698588258971
FR024663,0.15283324733795434
FR030714,0.17490061211851546
FR031432,0.46416252427194915
FR025409,0.39971710300130153
FR024912,0.26863378181851444
FR027972,0.23488306152875216
FR024609,0.16923513970258694
FR021211,0.35542903444316704
FR030381,0.3938929112726761
FR028617,0.07470837343910317
FR030115,0.18655975620713575
FR021571,0.3720461394351853
FR023506,0.034342555015072995
FR031372,0.24642652883015262
FR020286,0.16135566738242804
FR026003,0.29791345977433886
FR025339,0.4995596211612121
FR022035,0.09302296802962622
FR031946,0.0971631209489586
FR029605,0.08972483451494036
FR025270,0.12696199936835095
FR025527,0.26782942462366044
FR027719,0.4255453084454278
FR026521,0.03794198620809881
FR022669,0.34169308850027474
FR026655,0.49632067111905737
FR024022,0.2726582579506271
FR020421,0.10142702112903776
FR027620,0.4815436340911868
FR022449,0.49475768941266884
FR021671,0.329920957782277
FR027545,0.2007153667734301
FR029233,0.31927062288452723
FR026900,0.25764717719047453
FR022642,0.20942878802470863
FR020138,0.19095278396364632
FR026756,0.05296920791530521
FR029226,0.20862981114553916
FR024020,0.283494213739497
FR029690,0.15334437732799536
FR031277,0.3424517130118093
FR024211,0.05939061468492603
FR030492,0.33172336353663223
FR029328,0.47177298080787594
FR021861,0.20197705080147876
FR022805,0.4826573594379077
FR030841,0.32343498722444053
FR021905,0.25030035612309515
FR029410,0.2090360249797297
FR028981,0.07827552273802113
FR021613,0.018927950578572286
FR030097,0.4111717950939054
FR028640,0.340304967053637
FR028498,0.438476897193466
FR028709,0.2977735715665381
FR030005,0.10647375724123238
FR021358,0.2926084685092814
FR022319,0.4658653941861385
FR024900,0.02731317257308759
FR023440,0.09579114044937477
FR031474,0.2467950804545506
FR027161,0.2678643966756106
FR031861,0.08196103898200126
FR029282,0.2977090077783225
FR025949,0.1331977852468516
FR025190,0.21301745858636512
FR024973,0.4803572744827231
FR027397,0.4849708951823041
FR020496,0.16052171845130847
FR030251,0.30253246078960444
FR025171,0.10285280478546802
FR027147,0.4645956396845629
FR023279,0.09828491676920656
FR029099,0.02905908501275406
FR021103,0.9831188625007226
FR029806,0.2676142119962748
FR021710,0.13263823241564876
FR027660,0.12187222073067921
FR020788,0.49929060537697995
FR031262,0.053238223699537374
FR023615,0.30883819077200547
FR028129,0.08042226869619348
FR020544,0.47681702676222826
FR024925,0.20754836769292603
FR020370,0.32390038453116204
FR025695,0.4306942705556307
FR028400,0.20177797912114698
FR031742,0.17221314443403654
FR030014,0.3112781639349908
FR031919,0.207187886542055
FR025566,0.010575010478164832
FR025018,0.8652402909343453
FR020861,0.32139315742211866
FR022196,0.42090747632526604
FR029103,0.25263003281454544
FR028290,0.14184395255207205
FR030049,0.19137782890273305
FR024574,0.2128883310099337
FR028347,0.38452847182355593
FR021100,0.04696477561124426
FR030440,0.2539105479474903
FR030063,0.1193649936216358
FR023409,0.24460529197090114
FR027130,0.4152608350142338
FR023849,0.12527258024337323
FR020114,0.2482127936374539
FR021845,0.3253288583454346
FR027714,0.2326448502039409
FR029036,0.4015652414389763
FR027996,0.43734703089969107
FR026260,0.2506823585367048
FR031417,0.35608543295669337
FR020466,0.2633099594485607
FR031796,0.40196607495748216
FR024253,0.5316690139486471
FR027265,0.23973341611845733
FR021155,0.3005578849333407
FR020641,0.11311844711176589
FR026217,0.025916980652922868
FR030127,0.22851814807382012
FR025509,0.3610702954385147
FR021495,0.2540854082072412
FR027443,0.06618864355247184
FR030482,0.02926353700877046
FR020470,0.3764956605063846
FR028463,0.35337913416731825
FR023006,0.2922318464113564
FR025829,0.37875539309393447
FR030577,0.4642055667974264
FR022712,0.22897547490701475
FR025006,0.11760294023491537
FR031002,0.14353337167704983
FR028377,0.18065216958539831
FR022112,0.09094347601751188
FR024840,0.28656099367974325
FR025685,0.44803771816507565
FR030825,0.09949548779825113
FR029889,0.09045924760589406
FR024427,0.17723028880996566
FR031498,0.3434524517291529
FR020412,0.4696020234291227
FR029238,0.06646572981023091
FR021250,0.028526433759974455
FR031163,0.41810433185356727
FR031902,0.38039638937775044
FR026888,0.04598017784095468
FR028094,0.11593773253051853
FR022220,0.08269007175727029
FR024291,0.2659355535026663
FR028064,0.2424424050656748
FR023164,0.6341134026585367
FR023728,0.27012950957884513
FR030416,0.21887662236694083
FR023750,0.37128213460796605
FR031515,0.35712652404167167
FR025931,0.4459474655215921
FR026727,0.08302903164540278
FR026470,0.31689790366759985
FR022092,0.1478618356453447
FR022913,0.2625029120958644
FR027132,0.16399471222574513
FR024998,0.3612855080659004
FR021726,0.2370351878026092
FR031940,0.4771425358611493
FR022981,0.012318232759988995
FR031172,0.24241819364509395
FR021882,0.30955377275806284
FR023708,0.39335218954636947
FR030156,0.29754221799209857
FR024264,0.0203483539193179
FR023000,0.05479044477455671
FR030552,0.46253766893518716
FR023720,0.4473490377574415
FR024410,0.05239620429489079
FR024394,0.1781045901087201
FR031986,0.2577413327149558
FR022701,0.2825392077054729
FR025560,0.03404394749457528
FR027645,0.424466555150657
FR028124,0.37024911399651467
FR030069,0.1446766887600363
FR024396,0.33723549695554844
FR027686,0.2832628601650574
FR020436,0.1309326723436171
FR023625,0.17848928268017203
FR023332,0.48734361439923135
FR022893,0.06981766648176316
FR028403,0.19323403781393472
FR031760,0.2498995226045893
FR026216,0.10296848157268781
FR030006,0.20281907020612533
FR029112,0.4364727296009367
FR030029,0.33653067560086036
FR027925,0.18489992881842351
FR028395,0.09872879281318957
FR023116,0.28426090872455856
FR026571,0.3911328093264545
FR023388,0.42014885181373135
FR029857,0.349650575397861
FR028081,0.08565193554166603
FR030094,0.46903170996655064
FR022031,0.04868378647248753
FR031026,0.0663635038122227
FR024580,0.2665542898064002
FR029513,0.22128969395150294
FR028351,0.18801513159983152
FR031057,0.493135524233749
FR030298,0.20052705572446758
FR020754,0.31168975808486593
FR024104,0.3760275730418208
FR021628,0.24578627126368013
FR022847,0.38304888501027917
FR023416,0.0710228571951231
FR024634,0.19782344709293478
FR024832,0.057607040035467044
FR025354,0.27331196630631116
FR023784,0.42718899488708606
FR021395,0.13872336945497946
FR024882,0.4622283007833203
FR020433,0.03689013449175118
FR021979,0.5666853163042853
FR030259,0.08295101706797549
FR025163,0.239588147594972
FR029136,0.1950660353045555
FR023247,0.04465931034037493
FR024467,0.45598444443129266
FR031696,0.3281104815543948
FR023379,0.1809561574215806
FR024237,0.48401319899043765
FR022797,0.46123563253950367
FR030929,0.12617378312055083
FR027248,0.41025983158535856
FR028390,0.03336602771831038
FR023771,0.05662782258086214
FR027676,0.5540485790905454
FR031923,0.22555897444726675
FR027104,0.1498471721329777
FR024342,0.40813729704776713
FR022990,0.46573357645186486
FR020235,0.1998195442119371
FR026724,0.15014846981131771
FR028767,0.32356680495871415
FR024249,0.3746878744363448
FR026525,0.23150153312095434
FR027713,0.11506612138960644
FR028418,0.37678350739551303
FR024139,0.3160693350521649
FR026194,0.21804267343582123
FR030800,0.13696938654178598
FR028915,0.053458816642607696
FR021219,0.370561172306224
FR020386,0.3795597502887885
FR020725,0.8016707502942108
FR022367,0.11534051748952322
FR029708,0.12359930206544939
FR030958,0.26975288748092013
FR023828,0.09360942243925222
FR031202,0.20298316983450693
FR030740,0.2669416725356944
FR024689,0.035929748142042486
FR023073,0.22555897444726675
FR024147,0.1728910642103015
FR030407,0.4398112154832573
FR028315,0.11485359892006308
FR027436,0.2652818451469822
FR029474,0.22795052476909036
FR025502,0.103363934775509
FR028415,0.3343139855387876
FR025899,0.11904755499624191
FR020087,0.33894643734326474
FR030550,0.07028575394632705
FR023815,0.3307656673447658
FR027098,0.09058837518232547
FR030414,0.2092135753973229
FR023287,0.02436475957790348
FR025158,0.07047675515313187
FR022826,0.2907764710186606
FR031545,0.3993108891671111
FR031666,0.17396712734722997
FR024425,0.3249737575102482
FR029342,0.18067638100597913
FR029606,0.3152945695935764
FR029056,0.13973486880369224
FR029666,0.4262205380638504
FR021981,0.2461467524145512
FR020478,0.014486499980899882
FR031154,0.026769760688938667
FR022761,0.3136858552038684
FR029669,0.43713450843014773
FR025057,0.22525767676892677
FR024402,0.12123734347989139
FR023113,0.4085811730917501
FR029329,0.15503648661081543
FR028114,0.07209084985852462
FR025039,0.1232172996518398
FR031089,0.1894812676238966
FR030960,0.31765921833697686
FR020822,0.22862575438751295
FR023362,0.035227616945196646
FR031701,0.16047060545230432
FR026770,0.39955300337291993
FR029433,0.06483818431562655
FR023781,0.32659323253132566
FR025655,0.30121697360470934
FR028180,0.1524862169762949
FR021769,0.2733819104102114
FR030217,0.1011553151869633
FR025836,0.06094014560210306
FR020171,0.3555151194941213
FR020162,0.48279186733002377
FR023327,0.13998774364087038
FR020224,0.07520605263993262
FR031440,0.4019929765359054
FR029424,0.1853545654937758
FR029441,0.27769423343145244
FR029988,0.3573605677739537
FR029767,0.043177033369255914
FR021715,0.1917463805271311
FR023719,0.4963771644337461
FR022108,0.421426676788834
FR021510,0.07619334056806451
FR020774,0.2894690543072925
FR031145,0.44764495512009683
FR026773,0.09130664732622526
FR027090,0.5679393436613749
FR029394,0.34989806991935457
FR026551,0.09927489485518075
FR028967,0.2862032026867145
FR029515,0.25570757338616085
FR026461,0.34853685005114
FR029318,0.017203559401644353
FR027087,0.3988132099662816
FR024080,0.16256354825363023
FR025418,0.15447962393745493
FR031480,0.356090813272378
FR027108,0.06753103231579012
FR021948,0.18095615742158055
FR027026,0.10735343885567142
FR025327,0.2622850093106363
FR029777,0.11594580300404549
FR024991,0.2888476278457163
FR030537,0.2985833090770768
FR025129,0.3328801314088303
FR026578,0.149422127193891
FR023249,0.008710731093436211
FR029527,0.2880029182832274
FR028590,0.35834785570208555
FR031595,0.09840597387211102
FR022107,0.01703138929973581
FR031952,0.2218707680454443
FR030763,0.1305748813505884
FR021056,0.11397660746346634
FR022477,0.25614875927230163
FR024493,0.22409821873888636
FR030290,0.17175581760084194
FR020430,0.21064473936943784
FR022235,0.025099172668857177
FR031361,0.31741979428901024
FR028201,0.12479642230528239
FR026863,0.15322063006724862
FR031027,0.16663913738474695
FR029244,0.253162684067325
FR030408,0.3132984724745741
FR029104,0.4079651269458585
FR026420,0.05838718580974023
FR028383,0.2579915173942916
FR024843,0.12355894969781459
FR020159,0.2679477915687226
FR021456,0.47707797207293356
FR022211,0.03622566550469784
FR022728,0.05759627940409778
FR022860,0.20692156091566521
FR030739,0.30328301482761205
FR029769,0.26027815156026474
FR022241,0.9498389057164345
FR027040,0.3365871689155491
FR020604,0.4912954562696012
FR025053,0.3549421158737069
FR022822,0.06076797550019453
FR030783,0.34492127791106025
FR023844,0.3195746107207095
FR030032,0.3968090423737523
FR022350,0.46195390468340347
FR026685,0.05758282861488615
FR030571,0.3489457540431728
FR028877,0.09379504333037238
FR020906,0.04692980355929405
FR024004,0.49674571605814416
FR024502,0.10095893366447387
FR026060,0.05749943372177421
FR026987,0.07858220073204576
FR029234,0.4666563005917809
FR021528,0.1182378174857032
FR020397,0.36924299496348656
FR020381,0.06874160334483467
FR025707,0.26318621218781396
FR030523,0.0874624117695482
FR020106,0.04061600310336611
FR031634,0.031673918435490306
FR024781,0.45913730942249315
FR029825,0.05201689203912354
FR020803,0.4206276999096646
FR028164,0.26701161663959483
FR026253,0.28589114437700525
FR029032,0.20544197410238849
FR026707,0.370921653457095
FR024330,0.2635197917602618
FR024445,0.2082074563642948
FR029865,0.12769103214362001
FR021899,0.31880522557780566
FR024733,0.3894918130426386
FR024694,0.4808684044727641
FR021297,0.3189720153640295
FR024512,0.24975156392326167
FR021336,0.4349581707357098
FR031013,0.35400863110242137
FR027982,0.08765610313419533
FR031329,0.07870056767710791
FR027641,0.3152811188043648
FR031446,0.2599795440397671
FR030591,0.26966949258780815
FR029467,0.3410366899867484
FR020804,0.07470299312341856
FR024031,0.4434267876233371
FR025726,0.26293064719279347
FR026666,0.12797349871706373
FR022608,0.12880744764818336
FR022956,0.24409147182301774
FR023120,0.03827556578054663
FR027644,0.22317280444112778
FR022885,0.4667665970633162
FR029249,0.3715134881824057
FR023234,0.3653261251450669
FR027353,0.1920396077319441
FR031078,0.4430313344205159
FR021079,0.09634262280705061
FR020583,0.08644284194730843
FR021259,0.06929577586035288
FR031012,0.4501656330183518
FR021589,0.20600959740711824
FR030641,0.11234637181101967
FR027765,0.39735783457358587
FR024505,0.020009394031185374
FR025688,0.43394667138699705
FR027871,0.2886969790065463
FR025392,0.1268301816340772
FR020261,0.12462156204553149
FR027525,0.2692767295428292
FR025066,0.11810868990927177
FR021309,0.42547805449936976
FR025503,0.31141267182710686
FR029052,0.29838423739674513
FR022812,0.3026750391552475
FR021910,0.09872610265534726
FR027662,0.045151609225519716
FR027787,0.2850302938674624
FR021492,0.7892269403661729
FR030270,0.1287805460697601
FR031009,0.43796038688774036
FR031140,0.2955515011887808
FR024214,0.44982936328806167
FR031297,0.139406669546929
FR029847,0.08984051130216014
FR024914,0.32750250588203017
FR024135,0.15868434064500303
FR030620,0.42846143954650406
FR030911,0.4764915176633075
FR021157,0.06828427651164005
FR024257,0.16731436700316954
FR031917,0.2793029478211605
FR030729,0.4762709247202371
FR021308,0.31941589140801263
FR020781,0.11774013828487374
FR022417,0.05001003428875188
FR022125,0.0595762355760462
FR023955,0.44408856645254813
FR024406,0.17319774220432615
FR022515,0.4383396991435076
FR025089,0.012813221802976086
FR025421,0.14388040203870922
FR020801,0.41172327745158127
FR026802,0.2247949696200475
FR026207,0.01238548670604701
FR024491,0.197172428895093
FR030725,0.1428070290596231
FR023772,0.5744988713753791
FR024164,0.18172285240664213
FR024583,0.07298398226217524
FR030380,0.0705520795727169
FR028224,0.16795731472748432
FR022257,0.0662020943416834
FR027380,0.4434886612537105
FR027505,0.476881590550444
FR025243,0.6268786294445614
FR029269,0.21210011476213356
FR029945,0.743310246368147
FR024600,0.4555997518598407
FR020296,0.033293393456567656
FR020492,0.2889821357378324
FR027816,0.3832909992160881
FR022748,0.16688125159055586
FR030037,0.1115124228799001
FR027544,0.11450656855840359
FR022214,0.007962867213270889
FR025756,0.09680263979808754
FR031920,0.031751933012917635
FR028601,0.131618662593409
FR022171,0.4447180633876513
FR020132,0.4548357470326215
FR022605,0.30453124806644916
FR026555,0.23384197044377383
FR027434,0.2676733954688058
FR031438,0.3322129722639347
FR027065,0.2855441140153458
FR028691,0.2106016968439606
FR031176,0.0264065893802253
FR021991,0.475993838462478
FR020429,0.09460478084091112
FR021985,0.492339237512422
FR026290,0.049948160658378475
FR022278,0.3363531251832671
FR025609,0.4376079762103962
FR028951,0.2193635409364009
FR026351,0.32064529354195337
FR022330,0.4377371037868277
FR027308,0.01590152300596089
FR029926,0.3542803370444958
FR020116,0.10947059307757828
FR027449,0.2830072951700368
FR023982,0.45613778342830497
FR023492,0.09853510144854243
FR021827,0.28080136573933345
FR023413,0.4480457886386027
FR025608,0.38075149021293686
FR027446,0.4246763874623581
FR022883,0.1846093917714528
FR030130,0.3273115046752254
FR024130,0.13746975590045774
FR029483,0.15825929570591626
FR029630,0.16039797119056165
FR024148,0.013125280112685368
FR021679,0.34669947224483455
FR024003,0.14403105087787924
FR022341,0.33293124440783445
FR022588,0.4380088097289021
FR022100,0.7361719367970219
FR020493,0.42401191847530467
FR025385,0.12571645628735625
FR020074,0.18976104403949803
FR030975,0.3453839850599395
FR020341,0.2844680508784173
FR029765,0.07426718755296252
FR023500,0.3334692759762987
FR026415,0.07610725551711024
FR023649,0.46678542816821245
FR030059,0.3589639018479771
FR028533,0.2835991298953475
FR020549,0.1825917733897119
FR022757,0.37133055744912785
FR020072,0.3014106649693565
FR022592,0.32602560922659585
FR025232,0.07944036108374626
FR026492,0.450854313425986
FR030851,0.4792650703987407
FR027511,0.09056954407742925
FR024691,0.2914920530047181
FR021738,0.4838760009404793
FR020547,0.21771178402121572
FR024924,0.060843299919779506
FR027456,0.10382933208223064
FR020928,0.14864198141961782
FR021293,0.33969968153911473
FR023535,0.4864881442053733
FR021222,0.7983909864372106
FR027199,0.3019433162221361
FR024885,0.2779121362166804
FR022836,0.03412196207200261
FR027054,0.4088474987181398
FR022495,0.2548601736658297
FR031783,0.13918338644601638
FR031527,0.27980869749551696
FR030280,0.4223709221914887
FR024146,0.4330266374049232
FR029810,0.4354693007257509
FR022470,0.037651449161128066
FR020934,0.4141094474577202
FR026449,0.36680302180050117
FR031561,0.32031440412734785
FR029418,0.18053649279817843
FR021834,0.40844397504179164
FR021634,0.34904528988333866
FR030106,0.3986302792330038
FR030678,0.4871848950865344
FR030158,0.3187299011582207
FR030196,0.11234906196886196
FR028629,0.4066469496031211
FR020408,0.5973607547315422
FR020712,0.14644950277812602
FR029609,0.2228553658157339
FR024909,0.20660143213242896
FR028502,0.05915388079480178
FR030586,0.042628241169422376
FR020355,0.07578981689171631
FR020869,0.24920815203911276
FR029154,0.06373252944243252
FR027177,0.4644153991091275
FR024099,0.40649092044826646
FR024959,0.1656841313507229
FR020423,0.24412644387496796
FR020665,0.1840767405186732
FR022492,0.24804331369338767
FR025694,0.4029829546218795
FR030949,0.18160179530373766
FR021264,0.2015842877564999
FR027400,0.24470751796890935
FR024346,0.2958904610769133
FR027278,0.4206250097518222
FR020214,0.09204375057502125
FR030151,0.20979195933342198
FR027891,0.39909298638188306
FR028855,0.35633023732034463
FR029478,0.12756728488287325
FR020994,0.29605187054745263
FR030471,0.37025449431219937
FR031568,0.4630057563997511
FR027274,0.38123033830887004
FR026137,0.14077595988867048
FR028167,0.4043630055949904
FR023168,0.43020466182832817
FR029491,0.04879408294402266
FR029724,0.23678231296543098
FR020394,0.40511893994868275
FR022862,0.29258694724654283
FR031803,0.15870317174989929
FR022133,0.2536765042152083
FR025310,0.07034224726101579
FR031638,0.2474918313357118
FR020858,0.4755903147861298
FR023059,0.4382078814092339
FR031346,0.23782071389256698
FR025673,0.2139025205164888
FR031549,0.22102605848295542
FR023425,0.2639555973307179
FR028029,0.37478202996082605
FR029961,0.6599656589431475
FR027181,0.37594148799086646
FR024999,0.04142843077174715
FR029351,0.436701393017534
FR023593,0.029680511474330266
FR021675,0.4605469521318695
FR030835,0.3636447764936161
FR023290,0.23695179290949717
FR022081,0.026220968489105132
FR022127,0.30649775344918595
FR031312,0.25382715305437836
FR024803,0.3412276911935532
FR031599,0.17423345297361983
FR020369,0.020197705080147895
FR027277,0.26999769184457134
FR022740,0.2376028111073389
FR027047,0.2194550063030399
FR022994,0.33384320791638145
FR026754,0.3366813244400303
FR025523,0.42662675189804095
FR027371,0.06372983928459021
FR028634,0.4273208126213598
FR029665,0.47640812277019545
FR030152,0.08337606200706221
FR031192,0.4430770671038354
FR027048,0.4139372773558117
FR022798,0.414609816816392
FR024007,0.06866089860956505
FR027341,0.0698741597964519
FR028850,0.4412289286661607
FR030878,0.211107446518317
FR020231,0.18068445147950615
FR028205,0.3451607019590268
FR022205,0.2651634782019201
FR028799,0.34657303482624546
FR025578,0.32688107942045397
FR027237,0.23425894490933363
FR028552,0.25589588443512334
FR024980,0.4082126214673521
FR025488,0.19938911895716574
FR024922,0.6633418864430017
FR023532,0.1398962782742315
FR027236,0.24710713876425988
FR025334,0.17623493040830682
FR026263,0.2745682700186752
FR025026,0.11083181294579283
FR026913,0.4573618052465611
FR026188,0.3837079736816479
FR027061,0.4365991670195258
FR031713,0.24516215464426167
FR028765,0.06749606026383997
FR026279,0.18419779762157767
FR024386,0.3628108275624965
FR020596,0.2902330591345118
FR020046,0.4232559841216125
FR028238,0.12484215498860186
FR022117,0.243373199679118
FR023700,0.43166810769455094
FR021455,0.20078800103517278
FR029064,0.14636072756932944
FR025027,0.09305794008157638
FR026669,0.24344852409870296
FR023507,0.20645616360894362
FR020221,0.1479640616433529
FR023190,0.20822090715350636
FR023478,0.4225511627669242
FR029047,0.18970724088265153
FR022759,0.4304360154027679
FR025886,0.24411299308575635
FR024672,0.4824878794938415
FR024514,0.1953915444034764
FR029166,0.32523739297879567
FR031066,0.20901181355914883
FR028142,0.41281010121987904
FR030723,0.4626667965116186
FR022713,0.18951085936016218
FR027189,0.16883430618408105
FR029779,0.9699033434298578
FR024542,0.3134760228921673
FR024994,0.08520536933984067
FR031067,0.21370882915184167
FR030410,0.09191193284074753
FR028483,0.11091520783890478
FR030654,0.28114570594315064
FR021433,0.10219640627194161
FR024087,0.08694859162166484
FR028732,0.4284372281259231
FR028504,0.3533791341673182
FR021240,0.4940690090050345
FR025721,0.16831510572051306
FR028608,0.4526405782332874
FR025370,0.2686391621341991
FR022082,0.4509538492661519
FR026189,0.009595793023559866
FR029643,0.043109779423197894
FR027945,0.25860218322449857
FR031090,0.07643814493171576
FR026716,0.23071331687315427
FR031320,0.004258519864394541
FR028914,0.25725979446118025
FR028526,0.1702816111032499
FR029190,0.37374362903369
FR029295,0.334886989159202
FR021378,0.07206125812225908
FR026235,0.297076820685377
FR031997,0.03252669847150615
FR029758,0.3515928693600169
FR023487,0.5521193062334828
FR030857,0.2329057955146461
FR027981,0.19946713353459303
FR031095,0.4600358221418284
FR025681,0.43852262987678553
FR021464,0.21780593954569694
FR028908,0.07067851699130598
FR027179,0.39028809976396567
FR029521,0.037137629013244744
FR025268,0.31646747841282846
FR029687,0.40491986826835086
FR026286,0.33702297448600504
FR021144,0.49826834539689785
FR024767,0.18665122157377464
FR025008,0.27916036945551753
FR024470,0.24202812075795738
FR026507,0.41636918004527007
FR026858,0.38785081675882266
FR021684,0.1183292828523421
FR025633,0.05747522230119332
FR031863,0.16596659792416663
FR030931,0.055072911348000436
FR022979,0.08436604009303644
FR022735,0.09529346124854533
FR023578,0.2249671397219561
FR027289,0.1729179657887247
FR030056,0.04216015370485848
FR023732,0.16435788353445854
FR031574,0.7729245847240185
FR025563,0.11137522482994172
FR031315,0.1828984513837365
FR020561,0.1614955555902287
FR026393,0.039303206076313324
FR023933,0.14490804233447596
FR024740,0.16224072931255173
FR023138,0.38744460292463206
FR028539,0.24953635129587598
FR024201,0.48622181857898344
FR031695,0.028144431346364854
FR030505,0.349876548656616
FR024071,0.15224948308617064
FR024861,0.2455576078470829
FR030100,0.15838304296666306
FR030730,0.255013512662842
FR029874,0.04169744655597925
FR023339,0.15963665652118475
FR026864,0.12339754022727531
FR028591,0.10556179373268548
FR029334,0.10413601007625525
FR030645,0.289791873248371
FR028440,0.40557626678187725
FR030430,0.37513982095385473
FR020098,0.18330735537576934
FR029057,0.01212723155318417
FR028739,0.09522351714464496
FR024525,0.2978166140920153
FR031929,0.3736091211415739
FR022473,0.08471038029685359
FR027180,0.28461331940190265
FR026956,0.4666078777506191
FR023052,0.18756587524016385
FR022578,0.2764540706661423
FR020066,0.11016734395873946
FR023029,0.31893166299639475
FR031805,0.47047901488571947
FR029775,0.43630055949902813
FR028783,0.032443303578394166
FR030707,0.06894336518300877
FR021121,0.41487345228493944
FR028838,0.3113911505643683
FR027323,0.42832693165438795
FR028652,0.2852643375997444
FR026714,0.12135571042495354
FR031042,0.4454901386883975
FR024709,0.2767580585023246
FR027836,0.02969396226354184
FR020318,0.08906574584357163
FR020570,0.2738419274012484
FR024038,0.27624961867012593
FR024136,0.18864193837709237
FR024046,0.16754303041976684
FR026192,0.13790825162875606
FR028079,0.08710731093436182
FR022344,0.259266652211552
FR024424,0.3706526376728629
FR025839,0.34096943604069035
FR031764,0.006122799249123161
FR027773,0.2879518052842233
FR023810,0.4431362505763664
FR020105,0.3072052649617164
FR021490,0.23447953785240397
FR030162,0.07816791642432831
FR021659,0.1511115463188687
FR028217,0.36598252365859313
FR025867,0.2846052489283757
FR031689,0.48316579927010644
FR024714,0.21475799071034699
FR024783,0.04429344887381926
FR021902,0.11402772046247048
FR030450,0.05848134133422148
FR026095,0.21421726898404042
FR025771,0.2507549927984475
FR025382,0.08873485642896613
FR030244,0.19201539631136322
FR021929,0.17628066309162624
FR026566,0.36263327714490323
FR023459,0.007960177055428584
FR028435,0.41566435869058194
FR026191,0.11743884060653378
FR022356,0.08678449199328325
FR028690,0.05957892573388855
FR023524,0.19409488832347754
FR022137,0.15310226312218644
FR030561,0.1166855964106838
FR024112,0.049176085357632314
FR030188,0.4825766547026381
FR031873,0.350237029807487
FR030605,0.2612385379099734
FR029465,0.4418503551277369
FR025391,0.21481179386719337
FR020818,0.1602796042454995
FR030765,0.4469132321869855
FR027035,0.1003913103597441
FR030684,0.11983846140188431
FR028458,0.06134904959413591
FR022299,0.42371331095480713
FR025443,0.1080986125779944
FR030972,0.04882367468028821
FR026664,0.3418437373394448
FR031959,0.25368726484657766
FR025410,0.4232506038059278
FR022469,0.11749533392122252
FR030882,0.12874288385996766
FR026963,0.019081289575584595
FR028566,0.14978260834476204
FR026509,0.11995682834694646
FR021461,0.09579921092290174
FR029254,0.4892052036261178
FR029938,0.3656516342439877
FR027737,0.43432867380060663
FR028032,0.3340638008594517
FR021364,0.29007972013749944
FR021493,0.4202564581274243
FR029776,0.25224803040093574
FR022219,0.12978935526063054
FR028261,0.05306336343978647
FR027748,0.4388024062923869
FR022483,0.3084696391476074
FR025751,0.41282624216693303
FR021145,0.21621605626088505
FR023685,0.40331384403648507
FR025445,0.21658460788528314
FR020536,0.27057876593851277
FR023995,0.06226639341836747
FR020909,0.12351590717233746
FR029184,0.23100385392012493
FR025467,0.08510045318399015
FR031883,0.1039288679223965
FR031932,0.4987283623879348
FR021657,0.1477730604365481
FR025204,0.3924240850907687
FR024698,0.3635290997063963
FR021616,0.280470476324728
FR020256,0.096630469696179
FR022922,0.24567866494998736
FR021700,0.3110925430438707
FR026541,0.22552131223747424
FR021964,0.1883648521193333
FR024484,0.2609533811786874
FR020556,0.30025927741284303
FR030796,0.33070917403007716
FR027888,0.28305840816904104
FR020798,0.3591199310028318
FR024446,0.2273882817800452
FR030685,0.027590258830846662
FR027078,0.05639646900642249
FR022425,0.16615759913097145
FR030947,0.027017255210432238
FR029852,0.3661331724977633
FR028555,0.2717893369675573
FR029732,0.2743718884961857
FR025767,0.43870825076790565
FR025329,0.37782728863833365
FR029492,0.18192999456050085
FR022789,0.12726060688884863
FR028031,0.29051552570795547
FR024805,0.35495825682076076
FR025119,0.2970526092647961
FR022620,0.47244283011061394
FR021471,0.3039555542881923
FR020475,0.19863049444563116
FR020576,0.038202931518803954
FR022774,0.39217121025359053
FR031785,0.12131804821516103
FR031800,0.2644317552688087
FR028112,0.39489364999001964
FR022676,0.22204562830519523
FR021619,0.11009201953915448
FR026597,0.24954711192724524
FR027889,0.20038178720098224
FR021496,0.4294003046334742
FR024172,0.11957213577549451
FR025746,0.45276701565187644
FR022178,0.38616408779168715
FR023118,0.21559462979930885
FR020751,0.23849594351098957
FR027103,0.1635454558660775
FR021507,0.37810975521177737
FR030827,0.11697613345765454
FR022551,0.3940785321637963
FR023913,0.17830904210473644
FR024334,0.4208133208007848
FR020431,0.3574520331405926
FR022292,0.1884859092222377
FR030036,0.1613664280137973
FR025220,0.3579093599737872
FR031750,0.250566681749485
FR020740,0.06694188774832177
FR031626,0.14188968523539155
FR025649,0.12256897161184041
FR021276,0.4625430492508718
FR027879,0.12659075758611063
FR025453,0.3735741490896237
FR030999,0.0931359546590037
FR021558,0.2764325494034037
FR028361,0.39604772770437546
FR020705,0.10588461267376403
FR020070,0.42064922117240316
FR028040,0.028416137288439267
FR022664,0.037250615642622234
FR022863,0.3392719464421856
FR026836,0.4150913550701675
FR029111,0.1675699319981901
FR027208,0.2829777034337714
FR031079,0.11240286512570842
FR028454,0.19258301961609298
FR022527,0.1788551441467277
FR024852,0.34870902015304855
FR025647,0.1356915615666834
FR028340,0.26294140782416275
FR028544,0.24777429790915556
FR023486,0.35634368810955624
FR022652,0.436416236286248
FR020281,0.48526143222927476
FR027704,0.02765213246122007
FR026874,0.4438706636673201
FR028039,0.3684897507676366
FR028203,0.31155794035059226
FR031439,0.4479570134298061
FR029563,0.4178218652801235
FR023725,0.19483468173011584
FR021993,0.31126202298793687
FR028136,0.12982701747042308
FR022497,0.2794266950819073
FR022704,0.07238407706333762
FR028119,0.04253677580278347
FR020845,0.033207308405613416
FR031554,0.31794437506826284
FR030087,0.10813089447210229
FR021813,0.3099088735932493
FR026725,0.1311936176543223
FR029389,0.1596043746270769
FR027732,0.22441296720643786
FR024078,0.33420906938293704
FR031915,0.036031974140050715
FR022051,0.03327994266735608
FR031212,0.16933736570059515
FR021904,0.09144922569186824
FR022833,0.42397694642335454
FR025561,0.06866358876740736
FR025550,0.6938243975845503
FR026841,0.14375934493580478
FR023673,0.23545337499132432
FR029893,0.4973590720461934
FR022607,0.10662709623824469
FR029879,0.21978320555980302
FR029179,0.2406238583642657
FR028776,0.2773525833854777
FR023854,0.016358849839155466
FR020644,0.09677573821966434
FR030801,0.38475444508231077
FR031860,0.20871858635433577
FR021482,0.08766686376556461
FR020733,0.17580988546922005
FR031898,0.06618595339462953
FR030012,0.17476879438424173
FR021106,0.39995921720711053
FR028218,0.1248905778297636
FR025568,0.21717106229490912
FR022991,0.4128208618512484
FR030351,0.06603799471330184
FR025088,0.08479646534780783
FR020742,0.03281185520279219
FR021346,0.24984840960558524
FR023706,0.09346146375792456
FR031579,0.13418238301714117
FR027461,0.4674122349454733
FR021383,0.3957087678162429
FR021965,0.23252917341672108
FR023823,0.07632246814449592
FR021919,0.03722371406419904
FR030803,0.11299469985101912
FR031313,0.025666795973586995
FR022733,0.37519362411070123
FR024455,0.2833785369522772
FR026102,0.4838517895198984
FR026887,0.45011721017719003
FR024903,0.3021639091652064
FR025154,0.3742305476031501
FR024419,0.07723712181088517
FR025853,0.14350647009862658
FR024608,0.2600575586171944
FR021003,0.0696051440122198
FR023552,0.10580121778065209
FR021852,0.2761716040926986
FR031890,0.13726530390444133
FR023465,0.4068460212834528
FR030075,0.3601610220878101
FR026295,0.1528924308104854
FR025734,0.11913094988935385
FR026752,0.41635572925605846
FR023565,0.39247519808977277
FR028379,0.4780383584226422
FR028481,0.12081498869864696
FR029043,0.41313023000311533
FR029667,0.439515298120602
FR024067,0.09473121825950016
FR029750,0.15306729107023628
FR024262,0.10598414851392994
FR030227,0.31007566337947323
FR025397,0.4446965421249127
FR024968,0.08385760026083774
FR023789,0.06605413566035576
FR029178,0.218534972320966
FR020918,0.4446050767582738
FR026921,0.36784949320116417
FR024626,0.36297223703303577
FR030479,0.8048540505083649
FR030810,0.11551806790711643
FR021268,0.1730417130494715
FR025079,0.45976680635759637
FR026080,0.1642153051688155
FR028265,0.23275245651763374
FR022528,0.1126530498050443
FR030269,0.2871635890364232
FR030017,0.12053252212520318
FR022542,0.15589733712035825
FR025959,0.40056988303731744
FR030937,0.12011016734395877
FR023383,0.027132931997652033
FR023262,0.48269502164770034
FR028942,0.11563643485217852
FR020852,0.17360395603851667
FR025712,0.09604401528655296
FR028464,0.3704454955190042
FR030480,0.02895954917258819
FR026599,0.46639535528107584
FR024722,0.17521805074390936
FR020145,0.20779048189873497
FR027320,0.09230200572788413
FR029944,0.444120848346656
FR026058,0.05726000967380761
FR020780,0.4874861927648743
FR023381,0.09760161667725695
FR031137,0.17966219149942406
FR027120,0.2825930108623194
FR020744,0.4881425912784008
FR027167,0.3372032150614406
FR026856,0.3215626373661849
FR023564,0.4683403394010741
FR030602,0.03198866690304189
FR029673,0.16320111566226037
FR020312,0.2121162557091875
FR031279,0.4571143107250676
FR030015,0.3074231677469445
FR029377,0.2505074982769539
FR030122,0.3671796438984262
FR026893,0.06873084271346541
FR024867,0.11857677737383567
FR022467,0.17306054415436775
FR027861,0.0975693347831491
FR021690,0.29786234677533474
FR023521,0.15922237221346727
FR028293,0.47875932072438426
FR031454,0.45291228417536183
FR030677,0.16168924695487585
FR027401,0.20415069833807437
FR027589,0.3987217445996427
FR031225,0.04984862481821261
FR028193,0.4917151208930034
FR028556,0.4460308604147041
FR028938,0.3890721484192364
FR027223,0.07582747910150883
FR024329,0.46587346465966545
FR030531,0.4015571709654493
FR026329,0.39380682622172175
FR029531,0.6372002392298366
FR020684,0.2595302876800994
FR021058,0.2589976364273198
FR028529,0.338739295189406
FR022550,0.191913170313355
FR028636,0.26107981859727647
FR030502,0.18618313410921075
FR025656,0.40723878432843175
FR029502,0.10591151425218728
FR030066,0.28571090380156977
FR022625,0.2933778536521853
FR030689,0.39203939251931674
FR023396,0.3293614049510742
FR027275,0.39781785156462274
FR028961,0.2673559568434119
FR028714,0.4616768184256444
FR028282,0.2923690444613148
FR027170,0.3145493958712534
FR028170,0.42812785997405617
FR029827,0.027280890678979736
FR022159,0.12678713910860007
FR021173,0.4009276740303462
FR027975,0.34873861188931415
FR020015,0.1273735935182261
FR027909,0.21411773314387456
FR029509,0.3214146786848572
FR031411,0.19746834625774834
FR030665,0.6497405128007244
FR030237,0.4226318675021939
FR022363,0.07813563453022045
FR026024,0.499374000270092
FR022597,0.3537718972122972
FR021267,0.09908658380621826
FR023103,0.4009949279764041
FR029058,0.3956603449750812
FR026686,0.3032749443540851
FR020290,0.24135558129737705
FR027578,0.30354396013831725
FR025013,0.08401093925785004
FR027711,0.23098771297307102
FR030624,0.20566794736114352
FR027399,0.33079794923887373
FR030282,0.19196159315451677
FR024622,0.30841045567507636
FR022840,0.2378018827876707
FR026209,0.1118944252935097
FR020716,0.37815010757941214
FR028865,0.2579673059737107
FR022199,0.2796015553416582
FR028575,0.06427594132658143
FR021860,0.2118203383465322
FR026203,0.5604151795188413
FR020709,0.39540477998006063
FR023378,0.18073556447851022
FR025559,0.42796645050351695
FR026594,0.4819632987145889
FR031717,0.2486136271559598
FR021120,0.2180776454877714
FR025279,0.2660862023418363
FR031343,0.4260053254364648
FR022829,0.12104903243092886
FR029156,0.12081498869864692
FR028751,0.12827748655324606
FR026568,0.10494305742895163
FR022447,0.054271244310988724
FR028294,0.031074013236652688
FR022252,0.025914290495080514
FR028791,0.33614060271372365
FR030924,0.05458330262069795
FR021696,0.27975758449651283
FR026805,0.3405847434692384
FR026416,0.2703770041003386
FR023858,0.1308707987132437
FR024844,0.05556521023314522
FR020571,0.2395612460165488
FR026654,0.2163962968363206
FR031664,0.06097780781189558
FR020367,0.1245704490465274
FR020071,0.05825536807546645
FR029493,0.3400763036370397
FR022919,0.27810313742348525
FR027688,0.02400696858487477
FR024751,0.4337637406537192
FR023117,0.05512940466268919
FR021062,0.2781811520009126
FR020951,0.31237036801897317
FR020410,0.10241699921501199
FR031884,0.30959950544138237
FR026223,0.44307706710383543
FR026316,0.06705756453554157
FR025314,0.08146874009685647
FR021689,0.11643003141566331
FR023623,0.40932096649838845
FR030153,0.18824917533211347
FR029210,0.4079570564723316
FR028793,0.47682240707791296
FR020349,0.3356994168275831
FR024073,0.3189908464689258
FR024543,0.40010179557275355
FR026154,0.43504694594450644
FR031702,0.9524434240734658
FR029655,0.20199857206421734
FR026964,0.16101132717861089
FR026979,0.1858576250102899
FR030369,0.40794091552527756
FR028267,0.12353742843507605
FR021604,0.44500591027677966
FR029289,0.02217766125209631
FR031738,0.348076833060103
FR022265,0.20684085618039555
FR021753,0.27431539518149695
FR027542,0.12362351348603029
FR022294,0.4287385258042632
FR024016,0.03281992567631915
FR021908,0.31373965836071477
FR021895,0.2543409732022617
FR028685,0.06171491106069158
FR031309,0.19644877643550862
FR026366,0.14765200333364362
FR028251,0.7242104450832508
FR022548,0.2545050728306433
FR030711,0.26582794718897346
FR020485,0.12540977829333164
FR028781,0.07578443657603165
FR023643,0.18573387774954309
FR020832,0.41580424689838263
FR030447,0.30565573404453944
FR028041,0.01569707100994444
FR020923,0.16028498456118423
FR031918,0.38911519094471353
FR030141,0.06652222312491965
FR024466,0.010300614378248012
FR026738,0.3110225989399703
FR031178,0.4670598242681292
FR020990,0.23138585633373454
FR031712,0.8204811606505507
FR031231,0.3941108140579041
FR029209,0.4955190040820457
FR027958,0.04546635769307131
FR022531,0.12032537997134449
FR030265,0.24160307581887056
FR024338,0.008971676404141355
FR030279,0.22003608039698125
FR023300,0.0208191315417241
FR029678,0.2917825900516888
FR031682,0.48065588200322074
FR027597,0.4147792967604582
FR022848,0.03847194730303607
FR021010,0.29954100526894323
FR030821,0.14651137640849943
FR028452,0.09464782336638823
FR025640,0.34560457800300987
FR023491,0.32896057143256835
FR027133,0.4679475763560952
FR021870,0.23525161315315013
FR024179,0.4422915410138775
FR025925,0.19006234171783798
FR031856,0.026320504329271
FR030303,0.2943409301597362
FR023352,0.32733840625364863
FR030108,0.2068462364960802
FR030985,0.47150665518148627
FR023917,0.028773928281468023
FR027513,0.1818358390360196
FR025099,0.20143363891732988
FR021721,0.45363862679278855
FR030314,0.17663576392681266
FR025228,0.2595141467330455
FR030664,0.12568148423540604
FR029922,0.4892267248888562
FR021592,0.488973850051678
FR025740,0.43388210759878126
FR023033,0.15276868354973863
FR025496,0.34988461913014296
FR029002,0.4528423400714615
FR025292,0.3312041630730643
FR024061,0.14497529628053402
FR031880,0.18249761786523067
FR030223,0.07167656555080718
FR021533,0.1012817526055524
FR030534,0.3325546223099095
FR027569,0.39067279233541763
FR024723,0.4725638872135185
FR024899,0.01676775383118831
FR030849,0.5587752975903413
FR029366,0.3349784545258409
FR030773,0.4736264995612353
FR023100,0.13991241922128542
FR028531,0.48333796937201495
FR030357,0.14350647009862658
FR024897,0.051271718316800524
FR031222,0.0635173168150468
FR023420,0.149723424872231
FR024238,0.49572076592021974
FR024637,0.1263271221175632
FR025599,0.23216331195016537
FR031660,0.43020466182832817
FR030761,0.4502301968065675
FR031581,0.21023852553524727
FR029968,0.4557073581735335
FR029725,0.07283871373868994
FR026205,0.3618881034225803
FR023663,0.21870176210718986
FR029911,0.09430348316257109
FR023329,0.22913957453539635
FR031494,0.28689188309434877
FR025366,0.25909448210964336
FR022565,0.14125749814244606
FR029557,0.6355603573013365
FR031251,0.2832386487444765
FR025159,0.42379132553223436
FR030096,0.24624897841255944
FR023181,0.11539970096205425
FR031199,0.14823845774326963
FR029105,0.01407490583102473
FR024800,0.1527821343389502
FR025880,0.031047111658229442
FR020685,0.2150700490200562
FR026766,0.11259924664819784
FR030712,0.05979682851911657
FR027151,0.11068385426446514
FR024833,0.19502299277907834
FR022779,0.22846165475913138
FR020763,0.10850751657002725
FR023790,0.04286497505954669
FR025626,0.23085858539663962
FR025774,0.3543771827268194
FR024508,0.03850153903930161
FR031038,0.318189179431914
FR020883,0.45435151862100365
FR025572,0.10520131258181442
FR029744,0.15760827750807452
FR028828,0.23808434936111444
FR025859,0.051850102252899606
FR021403,0.30351974871773635
FR023022,0.13447292006411188
FR028943,0.1455913424264256
FR027866,0.4643293140581731
FR023299,0.44774987127594734
FR031190,0.3359092491392841
FR029041,0.4631537150810787
FR024982,0.07225763964474856
FR021951,0.0810436951577697
FR020748,0.19218756641327175
FR024891,0.1895996345689587
FR025187,0.09011759755991927
FR026637,0.3837429457335981
FR028262,0.049681835031988676
FR028724,0.23810856078169534
FR029403,0.403120152671838
FR023011,0.06447501300691318
FR031400,0.20419912117923608
FR029693,0.16141216069711672
FR025606,0.2861171176357602
FR020872,0.18750938192547514
FR027910,0.49728643778445064
FR021907,0.23865466282368655
FR026629,0.11214999028853018
FR023712,0.1831486360630724
FR022054,0.2725372008477226
FR027754,0.15773471492666363
FR020030,0.40101106892345806
FR029723,0.4534341747967721
FR021131,0.12665532137432636
FR020173,0.07072693983246775
FR021437,0.4535982744251537
FR021432,0.16328720071321468
FR026414,0.08278422728175155
FR021059,0.08415351762349303
FR021518,0.2208538883810469
FR020461,0.4184029393740649
FR024341,0.3528895254400157
FR020661,0.09766887062331496
FR020877,0.3389571979746341
FR022480,0.04429882918950387
FR026552,0.45548138491477863
FR024198,0.3685005113990059
FR025274,0.2565307616859112
FR026791,0.4196377218236904
FR020586,0.27930025766331823
FR028343,0.3587809711146993
FR024557,0.481546324249029
FR031238,0.41466900028892306
FR023257,0.02067924333392341
FR031237,0.14974494613496953
FR022593,0.34374567893396585
FR021457,0.4541524469406719
FR031156,0.22293876070884583
FR021189,0.1488141515215264
FR024667,0.34042602415654144
FR026483,0.482299568444879
FR027802,0.21967021893042557
FR031537,0.41959198914037094
FR020880,0.04281655221838485
FR025042,0.36007224687901346
FR029188,0.3666093304358541
FR031723,0.28236972776140673
FR025978,0.4069428669657765
FR026356,0.5967819728744234
FR022719,0.4114085289840297
FR021370,0.2756685445761845
FR026112,0.11370221136354958
FR023850,0.2865394724170047
FR023749,0.07972013749934764
FR030489,0.13984247511738504
FR020152,0.1981086038242208
FR027007,0.12620337485681637
FR026607,0.33412029417414046
FR028299,0.1608983405492334
FR022413,0.19097968554206948
FR020753,0.23156071659348545
FR028378,0.43605037481969233
FR030496,0.4233178577519858
FR021751,0.3302841290909904
FR028686,0.2313939268072615
FR021060,0.10023528120488942
FR024718,0.18632302231701145
FR023657,0.3665313158584268
FR031034,0.3505948208005158
FR021460,0.20768287558504211
FR024222,0.39295673634354833
FR029305,0.4533427094301332
FR020402,0.217119949295905
FR029622,0.4447288240190206
FR024005,0.46877076465584555
FR027163,0.09576423887095152
FR029790,0.21260317427864767
FR021130,0.3567283806810082
FR022870,0.264157359168892
FR029320,0.13595788719307322
FR028554,0.09112371659294739
FR020052,0.49532531271739855
FR026164,0.11744422092221839
FR021204,0.1609440732325529
FR020703,0.032222710635323844
FR022422,0.3765925061887082
FR021725,0.46962892500754605
FR023515,0.33391584217812403
FR020747,0.22875757212178668
FR030573,0.12657999695474137
FR030637,0.2976067817803143
FR025693,0.1139308747801469
FR025494,0.24651799419679157
FR029161,0.156623679737785
FR021601,0.3818759761910271
FR030164,0.40161097412229574
FR031003,0.3801193031199913
FR021648,0.27542912052821794
FR023302,0.2100448341706002
FR027718,0.4889684697359934
FR026530,0.23171136543265541
FR020331,0.10322135640986602
FR029692,0.4886860031625496
FR031729,0.06915050733686752
FR025060,0.25521258434317373
FR031073,0.14876034836467997
FR027598,0.4600600335624093
FR027560,0.40658776613059006
FR030741,0.02691771937026637
FR020202,0.10706828212438539
FR023101,0.3329177936186229
FR020041,0.031493677860054796
FR027792,0.2843389233019859
FR025452,0.4494635018215059
FR022040,0.06653567391413127
FR023514,0.3902047048708537
FR024808,0.07770789943329137
FR029964,0.23093390981622458
FR026847,0.4166355056716599
FR025600,0.13749665747888093
FR027567,0.14923919646061312
FR025174,0.38291975743384776
FR020873,0.39745737041375173
FR026870,0.10002813905103072
FR027357,0.46349267496921126
FR026505,0.016622485307702963
FR021595,0.08913030963178735
FR028902,0.3983020799762406
FR025146,0.08371502189519468
FR024889,0.3736602341405781
FR024935,0.11914440067856542
FR027876,0.2553632331823438
FR031787,0.222763900449095
FR030060,0.07028306378848476
FR027110,0.35794971234142203
FR030016,0.6425057395867534
FR031733,0.47931080308206003
FR029129,0.24413451434849487
FR029482,0.46833764924323185
FR021602,0.44770951890831245
FR025234,0.47263114115957655
FR021179,0.13872067929713708
FR020978,0.41955701708842075
FR030053,0.09893862512489063
FR028050,0.4094205023385543
FR029615,0.1917221691065502
FR024558,0.31285459643059105
FR026833,0.30163663822811143
FR028537,0.3568171558898047
FR022758,0.054709740039287066
FR024418,0.0859801347984292
FR023198,0.02893533775200725
FR022151,0.140595719313235
FR030626,0.19505796483102855
FR027003,0.496000542335821
FR029904,0.09165636784572698
FR028577,0.13104834913083693
FR023669,0.3716560665480487
FR021022,0.11422141182711756
FR028372,0.38457420450687535
FR022706,0.03921712102535903
FR028106,0.15432897509828494
FR031276,0.05899785163994716
FR024612,0.4830178405887788
FR027860,0.454572111564074
FR029594,0.3969839026335032
FR023550,0.052947686652566675
FR026658,0.29288017445135583
FR023032,0.018917189947202966
FR023799,0.2779121362166805
FR023277,0.09125553432722115
FR021840,0.27499869527344656
FR025795,0.23173019653755167
FR030640,0.33437047885347637
FR028868,0.18143769567535606
FR022010,0.2821060922928592
FR026660,0.18859082537808824
FR026124,0.9243725040032402
FR030476,0.289808014195425
FR031971,0.07598081809852114
FR031679,0.21266504790902102
FR028882,0.23516821826003823
FR022962,0.109895638016665
FR027083,0.22056604149191855
FR024943,0.8121852873651942
FR025137,0.18477349139983443
FR026849,0.2800212199650603
FR031422,0.2670869410591798
FR021209,0.35248331160582524
FR022723,0.3254283941856005
FR027483,0.444037453453544
FR027041,0.46913124580671656
FR023304,0.10556986420621244
FR023014,0.12352666780370673
FR021152,0.4965305034307584
FR025948,0.3359011786657571
FR023233,0.01920772699417366
FR030215,0.4105100162646944
FR031193,0.18502636623701263
FR024444,0.4898965741915942
FR029845,0.972411398144035
FR024278,0.46723737468572235
FR020238,0.21404509888213183
FR020435,0.20149820270554558
FR027800,0.0715555084479027
FR022444,0.48885010279093116
FR022333,0.12792507587590196
FR027328,0.26337183307893414
FR029813,0.2333496715586291
FR020782,0.49826834539689785
FR026337,0.2970660600540076
FR030211,0.13211634179423845
FR025434,0.14955663508600708
FR024343,0.3141781540890131
FR027526,0.4224220351904929
FR028248,0.4784015297313556
FR028143,0.46567439297933383
FR020879,0.0073871734350141605
FR020090,0.4015975233330841
FR022326,0.3101536779569005
FR027376,0.4813633935157512
FR026288,0.42390431216161184
FR031728,0.4701077731034792
FR031788,0.26898350233801627
FR023737,0.23285199235779966
FR022184,0.22685294036942324
FR026429,0.12390328990163173
FR024799,0.18172285240664218
FR023009,0.1159484931618878
FR025912,0.05536075823712883
FR030133,0.15907441353213964
FR025663,0.030877631714163203
FR025160,0.057851844399118314
FR028501,0.13243916073531703
FR025667,0.12673333595175362
FR031248,0.07337674530715416
FR030090,0.3369691713291587
FR025045,0.25476870829919074
FR026406,0.34284178589894587
FR024789,0.07248361290350354
FR020516,0.4937569506953252
FR020688,0.48978627772005906
FR027896,0.3012707767615558
FR026457,0.4576953848190089
FR023701,0.047567370967924176
FR029848,0.3654391117744443
FR020043,0.0488747876792923
FR029149,0.9452086508594865
FR023030,0.33545730262177414
FR024561,0.16849534629594862
FR021356,0.30936546170910045
FR026079,0.25386750542201314
FR023095,0.23751941621422692
FR023112,0.44598243757354233
FR028934,0.14724309934161078
FR021458,0.1979821664056317
FR029470,0.24552263579513267
FR022174,0.22917992690303116
FR020208,0.217571895813415
FR025205,0.36766925262572864
FR027937,0.2636865815464858
FR020476,0.431140836757456
FR026169,0.07607766378084471
FR029587,0.31275775074826745
FR027285,0.23599678687547312
FR027847,0.22749319793589573
FR021223,0.2479437778532218
FR028841,0.3829574196436403
FR026573,0.14041009842211485
FR020403,0.47032836604654965
FR020378,0.17121509587453537
FR030932,0.3028472092571561
FR027281,0.26737209779046583
FR028093,0.22443986878486116
FR030642,0.8068797870082733
FR022659,0.17450784907353653
FR030695,0.02554573887068254
FR023086,0.12528872119042717
FR025679,0.08424229283228962
FR025804,0.24149008918949313
FR029367,0.07546161763495315
FR026808,0.2704281170993428
FR029611,0.2715364621303791
FR020251,0.37873118167335357
FR026511,0.39253976187798856
FR025030,0.17914030087801372
FR023926,0.06629355970832236
FR031536,0.3556953600695568
FR031351,0.11649190504603667
FR021046,0.04246683169888311
FR028323,0.10302766504521887
FR030326,0.1611754268069925
FR030233,0.3769099448141021
FR025213,0.3639944970131178
FR024144,0.27594294067610126
FR024715,0.4318456581121442
FR031771,0.28175099145767285
FR027912,0.20784697521342368
FR031403,0.43872708187280185
FR027138,0.3992005926955759
FR031371,0.4504077472241607
FR030022,0.19687651153243765
FR028505,0.31342490989316313
FR023453,0.451230935523911
FR030264,0.19894793307102507
FR020123,0.48182341050678823
FR031969,0.10791030152903193
FR027825,0.33302539993231567
FR031896,0.03022392335847914
FR031882,0.08344331595312028
FR021430,0.010612672687957294
FR021027,0.1731573898366913
FR027993,0.07123537966466648
FR022273,0.3841572300413156
FR022290,0.453022580646897
FR022738,0.14880070073231483
FR022564,0.11749533392122252
FR028789,0.291952069995755
FR020626,0.25755571182383563
FR022462,0.15499075392749598
FR021788,0.4452291933776923
FR026767,0.4216284386270081
FR031901,0.22750126840942264
FR031538,0.09887406133667487
FR029554,0.10267256421003247
FR031047,0.3660686087095476
FR020215,0.38745267339815903
FR023438,0.3677203656247327
FR026237,0.06179023548027661
FR024002,0.03227920395001258
FR021094,0.252057029194131
FR029237,0.3484776665786089
FR024692,0.3389679586060034
FR027519,0.3019164146437129
FR030903,0.044379533924773513
FR028766,0.27551251542132993
FR031672,0.20281907020612533
FR030627,0.4201111896039389
FR027924,0.1913724485870484
FR022349,0.32146310152601903
FR025648,0.11132949214662224
FR024311,0.269852423321086
FR031083,0.3311476697583755
FR021470,0.0687550541340463
FR023458,0.13518312173448463
FR022555,0.32866465406991296
FR024848,0.42834576275928427
FR028775,0.2963504780679503
FR022855,0.2063055147697736
FR027874,0.35508738439719223
FR020816,0.1876600307646451
FR023787,0.060550072714966506
FR028785,0.012014244923806677
FR028469,0.490079504924872
FR031433,0.11379905704587313
FR026908,0.1816233165664763
FR020555,0.12825596529050748
FR027311,0.1548858377716454
FR029707,0.2307913314505816
FR020109,0.2723757913771833
FR030971,0.27571158710166166
FR027188,0.35169240520018286
FR026234,0.12813490818760306
FR031811,0.36369588949262016
FR028357,0.38676399299052483
FR020498,0.5881002450176523
FR031749,0.21757727612909963
FR024025,0.31029894648038586
FR027105,0.3742843507599966
FR024209,0.11700303503607774
FR031525,0.35637327984582173
FR031470,0.7734069029382851
FR031180,0.1145442307681961
FR024616,0.46535157403825517
FR028443,0.15653490452898838
FR022380,0.4278507737162971
FR023336,0.11926276762362757
FR023543,0.1395922904380492
FR028183,0.3068905164941648
FR020353,0.3511355425268223
FR024382,0.40612236882386843
FR029137,0.15251042839687579
FR026314,0.3241882314202904
FR025758,0.24567328463430266
FR024619,0.3000897974687768
FR026811,0.4832545744789031
FR030930,0.15365912579554697
FR021625,0.22729143609772165
FR025914,0.5381320780197992
FR020158,0.2995625265316818
FR022118,0.11249433049234732
FR022749,0.2863296401053036
FR031257,0.21034344169109784
FR028830,0.27474582043626833
FR024013,0.17728947228249672
FR025216,0.3152972597514187
FR029151,0.14817658411289622
FR020981,0.31963379419324056
FR028586,0.2594737943654106
FR023840,0.3280674390289176
FR025412,0.28787648086463835
FR030468,0.2156834050081055
FR023145,0.20925661792280004
FR022183,0.43283294604027606
FR023573,0.19638690280513524
FR025073,0.1850774792360167
FR029414,0.3946488456263683
FR024286,0.40235883800246103
FR028703,0.4284291576523962
FR030305,0.417356467973402
FR027901,0.3982671079242904
FR029021,0.45017908380756344
FR024720,0.08774756850083425
FR028471,0.3233838742254364
FR028962,0.14524431206476612
FR021044,0.31543714795921945
FR021168,0.7390658460826116
FR023914,0.3947349306773227
FR026474,0.12807572471507198
FR024916,0.11170880440238953
FR031166,0.19245389203966157
FR022967,0.49377847195806374
FR031219,0.3408645198848398
FR025893,0.3534571487447455
FR021322,0.44852194657669353
FR026170,0.14825997900600824
FR025495,0.3758769242026508
FR025411,0.4311623580201946
FR023740,0.13193341106096065
FR025875,0.4409410817770323
FR028320,0.17425766439420068
FR029559,0.35433683035918456
FR024195,0.4555244274402557
FR022674,0.32208721814543756
FR027020,0.275195076795936
FR030648,0.05847865117637913
FR022229,0.1804530979050665
FR028665,0.390282719448281
FR027388,0.34122231087786853
FR026096,0.410657974946022
FR031236,0.17728409196681208
FR025580,0.3311530500740601
FR022352,0.4940716991628768
FR028270,0.12566803344619445
FR025068,0.3843320903010664
FR020368,0.46094509549253304
FR025025,0.30430796496553647
FR030114,0.393188089917988
FR022973,0.32435771136435665
FR028308,0.15162805662459444
FR022282,0.05038665638667687
FR025933,0.3973739755206398
FR023904,0.47780700484820254
FR028910,0.35234342339802455
FR026342,0.55298747901916
FR020987,0.14313253815854396
FR028345,0.23365634955265366
FR031206,0.1377441520003745
FR021085,0.47844726241467506
FR029243,0.4034456617707588
FR028795,0.12460542109847757
FR027433,0.34136757940135387
FR022063,0.4431389407342087
FR031160,0.3312579662299106
FR024961,0.14719736665829136
FR026885,0.21886048141988684
FR029583,0.021230725691599252
FR031602,0.10172831880737772
FR020548,0.05688876789156728
FR030253,0.43751382068591504
FR026482,0.009332157555012419
FR029805,0.18805010365178174
FR026837,0.46033711982016845
FR024553,0.49498097251358136
FR025840,0.3771493688620687
FR027673,0.12332759612337499
FR023655,0.041525276454070705
FR027742,0.4776805674296134
FR026967,0.3393069184941358
FR020977,0.498394782815487
FR031981,0.45997663866929744
FR024498,0.3096129562305939
FR028212,0.10832996615243404
FR023716,0.41263255080228584
FR021799,0.3276827464574657
FR023065,0.23496914657970644
FR025868,0.091957665524067
FR026325,0.10534120078961516
FR023471,0.4176900475458498
FR025587,0.14450451865812777
FR024096,0.09291805187377568
FR021180,0.1336551120800462
FR026890,0.1581274779716425
FR020530,0.46597569065767375
FR030604,0.19124063085277462
FR025280,0.16926473143885248
FR023829,0.12572452676088322
FR026036,0.06854253166450289
FR024731,0.2266511785312492
FR031639,0.2783479417871365
FR023146,0.043354583786849116
FR027921,0.24871047283828332
FR031378,0.12892312443540316
FR027617,0.4842526230384042
FR025239,0.2111962217271136
FR028988,0.3450880676972841
FR026051,0.031278465232669084
FR020608,0.7073293075839693
FR025036,0.05913235953206319
FR020698,0.15002203239272863
FR025227,0.1889270951083784
FR025680,0.2256827217080135
FR021762,0.2974561329411443
FR022521,0.35583255811951525
FR021730,0.24236170033040522
FR024037,0.20331136909127012
FR031520,0.3479692267464102
FR022762,0.08004295644042621
FR025141,0.35139379767968515
FR029929,0.41063645368328355
FR031819,0.08023395764723101
FR023603,0.33728660995455256
FR020842,0.27403830892373787
FR024697,0.16509498678325454
FR022420,0.48225921607724426
FR029460,0.13888746908336103
FR020952,0.18528193123203313
FR029989,0.1543155243090733
FR024216,0.09091657443908863
FR030797,0.27341688246216167
FR020967,0.7578762564389474
FR021623,0.13372236602610424
FR026384,0.3863093563151725
FR022906,0.03591360719498856
FR021900,0.37756096301194386
FR028389,0.25897073484889654
FR023124,0.12003215276653142
FR031855,0.29841920944869527
FR023292,0.1751373460086397
FR031519,0.23098771297307102
FR025567,0.4567592098898811
FR026672,0.3498200553419272
FR029684,0.048102712378546145
FR025750,0.10839183978280745
FR022227,0.10224751927094575
FR020113,0.030414924565283965
FR025500,0.32595566512269547
FR020314,0.2300865100958934
FR021605,0.21821215337988742
FR021971,0.44222697722566184
FR021547,0.47543966594695986
FR029033,0.18600558369161754
FR026430,0.4277135756663387
FR021341,0.06965087669553928
FR028405,0.11776434970545463
FR023650,0.2763357037210802
FR029360,0.010876308156504793
FR029054,0.47601266956737426
FR028424,0.04538027264211701
FR024699,0.15501496534807685
FR024684,0.35719646814557204
FR025284,0.333404712188083
FR023357,0.3903230718159158
FR026952,0.17305516383868308
FR021077,0.4186907862631933
FR029984,0.2154897136434583
FR026075,0.11319646168919316
FR024323,0.2823643474457221
FR025762,0.43143675412011134
FR028713,0.07643545477387341
FR024598,0.297813923934173
FR028163,0.1043135604938484
FR024030,0.46216104683726217
FR023920,0.07482405022632302
FR023715,0.2243026707349027
FR025117,0.4312134710191987
FR024599,0.08652892699826273
FR023680,0.4719209394892038
FR028507,0.4387808850296483
FR022864,0.08423422235876267
FR025271,0.2510240085826796
FR024417,0.03627946866154429
FR025420,0.13814498551888035
FR030434,0.43059204455762246
FR022853,0.005848403149206394
FR023814,0.39253438156230386
FR023949,0.2778099102186723
FR031165,0.044379533924773513
FR029966,0.24997753718201662
FR030848,0.3031054644100189
FR021377,0.47030146446812626
FR030173,0.05764739240310186
FR024460,0.24246392632841343
FR023212,0.2808820704746031
FR026343,0.3300608459900777
FR031724,0.11228987849633093
FR022949,0.09906237238563738
FR023377,0.2967324804815598
FR029217,0.15752219245712026
FR031144,0.20775012953110011
FR027292,0.3300204936224429
FR030368,0.9089383211467587
FR021206,0.1629482408250822
FR023337,0.33585813614028
FR020333,0.26856114755677185
FR026278,0.3921765905692751
FR022168,0.009585032392190598
FR027144,0.12295904449897696
FR025219,0.04533992027448219
FR026486,0.4235572817999524
FR029495,0.07006247084541438
FR020662,0.32722541962427115
FR028884,0.34503157438259535
FR025032,0.4836446473660397
FR025904,0.16017468808964902
FR023037,0.4673126991053075
FR029407,0.44451630154947724
FR027979,0.3955688796084422
FR026718,0.0432873298407911
FR029526,0.2232535091763974
FR027821,0.3391804810755467
FR030129,0.4420843988600189
FR022357,0.24370139893588122
FR027646,0.30420842912537055
FR022271,0.4058210711455285
FR021428,0.2412990879826883
FR021491,0.4943514755784782
FR027857,0.1402809708456834
FR020676,0.3997090325277746
FR029471,0.4942438692647854
FR028647,0.4783961494156709
FR023026,0.11863596084636673
FR024778,0.3652803924617473
FR028230,0.2475967474915623
FR020799,0.2822352198692906
FR030914,0.3078643536330851
FR026621,0.2190030597855299
FR024151,0.34958332145180293
FR021235,0.30303283014827614
FR024001,0.18770845360580687
FR029704,0.4323514077865006
FR024952,0.08827214928008688
FR026277,0.041051808673822146
FR022304,0.3560074183792661
FR026338,0.4960812470710907
FR029396,0.35871909748432584
FR030386,0.31320700710793514
FR021125,0.29684815726877967
FR025387,0.9380703412883655
FR029381,0.46514712204223874
FR023433,0.290612371390279
FR023980,0.10728349475177111
FR021354,0.2980022349831355
FR027389,0.4635922108093772
FR028020,0.4014683957566527
FR031318,0.03037726235549145
FR026401,0.4177008081772191
FR030898,0.21893580583947186
FR024529,0.008654237778747464
FR026946,0.23445532643182307
FR023094,0.2548924555599375
FR023586,0.31531609085631496
FR028632,0.077721350222503
FR020248,0.24044361778883017
FR026954,0.4593067893665594
FR020243,0.08445212514399074
FR025153,0.15301886822907448
FR028911,0.39866525128495395
FR029265,0.05387848126600981
FR024428,0.02888153459516086
FR030799,0.08503857955361674
FR031828,0.15623629700849073
FR026298,0.1845663492459757
FR026843,0.2999337683139221
FR022498,0.10820352873384498
FR021503,0.34885966899221854
FR031834,0.2940154210608154
FR030547,0.07203704670167818
FR024041,0.1558435339635118
FR022814,0.44828521268656923
FR023316,0.392660818980893
FR030283,0.45704436662116726
FR028427,0.26093185991594875
FR026514,0.19481047030953494
FR020168,0.4079355352095929
FR021435,0.2984488011849608
FR021916,0.4152366235936528
FR027784,0.37180133507153407
FR029956,0.3713224869756009
FR024513,0.46341197023394154
FR020645,0.4840670021472842
FR031275,0.45000960386349714
FR022288,0.49531455208602926
FR027634,0.17419310060598497
FR030371,0.1566452010005235
FR020992,0.28189895013900057
FR020005,0.1143128771937565
FR031905,0.3293963770030243
FR029931,0.12633788274893246
FR024907,0.14486768996684116
FR023002,0.1539281415797791
FR029863,0.1705990497286438
FR031243,0.021970519098237606
FR021041,0.15255616108019524
FR026281,0.05137932463049341
FR024474,0.27762697948539444
FR020648,0.30234683989848427
FR024225,0.18407943067651558
FR028240,0.39167353105276104
FR030104,0.3433825076252525
FR024788,0.39730672157458174
FR031677,0.032849517412584704
FR023484,0.2712970380824125
FR022665,0.4429102773176114
FR020899,0.275270401215521
FR027004,0.39971441284345927
FR029802,0.10687190060189591
FR021718,0.1470924505024408
FR021585,0.22236037677274675
FR025396,0.34624483556948227
FR025012,0.4523500411863167
FR023460,0.4953360733487678
FR024797,0.044492520554151
FR021115,0.07859296136341502
FR031255,0.7915420677946459
FR029294,0.09961116458547092
FR030989,0.4030986314090994
FR023414,0.47866516519990293
FR027997,0.20485282953492015
FR023953,0.0928723191904562
FR025393,0.37982069559949366
FR031414,0.1122495261286961
FR020050,0.2525547083949604
FR024890,0.40256598015631984
FR023648,0.038084564573741805
FR031564,0.3659771433429086
FR030117,0.03779402752677111
FR027284,0.07543740621437221
FR021263,0.461924312947138
FR030202,0.09835486087310687
FR027529,0.25921553921254786
FR031958,0.13032738682909484
FR027764,0.4996403258964817
FR021896,0.3541135472582719
FR021708,0.23861700061389404
FR025065,0.3302168751449323
FR025256,0.060380592770900264
FR028730,0.32147117199954606
FR024668,0.08947195967776217
FR023607,0.40482302258602726
FR026536,0.07701921902565716
FR025722,0.019839914087119187
FR023250,0.36140925532664714
FR025953,0.34278529258425716
FR029705,0.2568212987328819
FR022629,0.03476759995415971
FR021656,0.31617694136585783
FR022004,0.46279054377236534
FR026662,0.2867546850443904
FR031097,0.28185052729783877
FR030018,0.08941008604738877
FR020056,0.45551635696672876
FR020961,0.2983923078702721
FR020702,0.23265023051962555
FR030150,0.1941567619538509
FR031483,0.24983764897421598
FR024905,0.3002377561501044
FR029370,0.3454243374275743
FR031393,0.14010611058593256
FR022036,0.238339914356135
FR030411,0.27584071467809307
FR030394,0.24583738426268428
FR026284,0.10338814619608995
FR025691,0.1711101797186848
FR031817,0.17267047126723117
FR026502,0.3777062315354292
FR020044,0.3912807680077822
FR023410,0.30508004026628266
FR022687,0.37709556570522235
FR023793,0.24727661870832612
FR024360,0.4720124048558426
FR022489,0.45253835223527916
FR030635,0.08858689774763846
FR024110,0.19534312156231456
FR021567,0.10591151425218723
FR028264,0.10199733459160987
FR031162,0.2792572151378411
FR025763,0.44056714983694967
FR031714,0.0358759449851961
FR027066,0.027288961152506702
FR021192,0.049246029461532635
FR029321,0.08974366561983664
FR024790,0.4796121007604002
FR024240,0.28127214336173967
FR028133,0.6665251866571477
FR029239,0.3193298063570582
FR023077,0.45360903505652295
FR029082,0.32374166521846515
FR020455,0.04737367960327705
FR023295,0.4172165797656013
FR027361,0.32608748285696926
FR023560,0.22591138512461084
FR021361,0.3689820496527814
FR029575,0.25578558796358825
FR027887,0.8245326336503738
FR024377,0.46243006262149433
FR031103,0.24390854108973994
FR031179,0.44204135633454167
FR020666,0.029198973220554748
FR020091,0.3441922451357911
FR024383,0.13456169527290848
FR022397,0.07757877185685996
FR023441,0.21408814140760898
FR031992,0.012635671385382885
FR029571,0.21425493119383293
FR028607,0.33219683131688077
FR025425,0.3999430762600566
FR029044,0.0423753663322442
FR021368,0.41132513409091775
FR027417,0.01983991408711913
FR028154,0.14046121142111898
FR023620,0.12041415518014108
FR029937,0.3163733228883473
FR023351,0.289724619302313
FR023043,0.4543461383053191
FR024371,0.29447274789400996
FR031836,0.2439031607740553
FR023878,0.1485720373157175
FR029092,0.16295631129860916
FR028669,0.4388077866080715
FR022272,0.29236904446131484
FR020949,0.11472447134363166
FR021425,0.3854888581732645
FR030838,0.23579502503729904
FR024177,0.2384448305119855
FR022780,0.07332294215030771
FR020110,0.4660913674448936
FR030713,0.04736022881406548
FR025415,0.11002745575093878
FR029930,0.11464645676620433
FR021502,0.5362992688055909
FR023264,0.32426086568203316
FR030509,0.1848003929782576
FR027411,0.03382066439366265
FR023803,0.44427687750151057
FR025903,0.1018117137004897
FR023313,0.20480171653591606
FR026010,0.12946922647739437
FR026332,0.3042218799145822
FR030048,0.3439716521927208
FR026865,0.11611797310595402
FR022787,0.19998633399816107
FR029084,0.06547306156641437
FR029324,0.06382399480907142
FR024496,0.26086998628557545
FR026616,0.18683146214921015
FR027600,0.22169590778569342
FR021236,0.18994666493061815
FR021796,0.41526621532991836
FR020339,0.2064588537667859
FR026659,0.0751307282203476
FR026702,0.44219469533155403
FR023021,0.3434685926762068
FR027250,0.0804814521687246
FR030010,0.30928744713167305
FR030203,0.3803237551160078
FR025759,0.10762783495558825
FR020569,0.09932869801202719
FR024801,0.1499278768682474
FR027749,0.46628505880954063
FR030033,0.14711935208086402
FR031984,0.07691699302764893
FR031718,0.08936973367975395
FR020082,0.4187069272102472
FR023792,0.1553619957097363
FR021301,0.44100295540740564
FR030963,0.2771938640727807
FR028542,0.4745626744903631
FR028495,0.35906881800382767
FR026094,0.4229950388109073
FR024273,0.20420719165276302
FR025184,0.7490016012964722
FR021485,0.2453262542726432
FR030574,0.26909648896739374
FR031227,0.3043617681223829
FR023928,0.3325680730991211
FR020420,0.16108934175603823
FR023045,0.3035843125059521
FR022057,0.451532233202251
FR026820,0.2832978322170076
FR030519,0.39926246632594925
FR021777,0.1855025241751035
FR025982,0.4073060382744898
FR022729,0.37868275883219177
FR021745,0.3732217384122797
FR027771,0.28928881373185694
FR025998,0.24188016207662974
FR021376,0.331209543388749
FR024276,0.4061492704022916
FR021150,0.125312932611008
FR027240,0.009700709179410393
FR026528,0.3511194015797684
FR023699,0.4408254049898125
FR025635,0.20972470538736393
FR023338,0.3197790627167259
FR021325,0.16503849346856578
FR029608,0.28281091364754746
FR030607,0.025610302658898198
FR030379,0.25272418833902666
FR029081,0.2750928507979278
FR030109,0.24571094684409517
FR028095,0.4425121339569479
FR030488,0.44011789347728203
FR030426,0.38397698946588
FR020624,0.13561623714709842
FR028993,0.38777280218139526
FR027355,0.048070430484438285
FR021691,0.05123405610700806
FR030240,0.3129729633756532
FR022355,0.11700572519392004
FR025214,0.4208698141154735
FR030254,0.023958545743712985
FR022992,0.28486081392339624
FR020450,0.23184049300908682
FR020187,0.0
FR031416,0.4598125390409158
FR024159,0.1248663664091827
FR025652,0.12106786353582509
FR028645,0.31587833384536007
FR022839,0.10579314730712513
FR023599,0.22950812615979438
FR026784,0.20786849647616226
FR028338,0.37148927676182475
FR029413,0.15797413897463022
FR026892,0.07898034409270929
FR020965,0.4179805845928205
FR024499,0.541894160091064
FR024888,0.34586014299803036
FR029522,0.3747309169618219
FR028864,0.47927314087226774
FR023477,0.052253625929247795
FR021865,0.33955172285778706
FR020810,0.30207513395640984
FR031576,0.312426861333662
FR022440,0.07168732618217644
FR020567,0.23439883311713436
FR027587,0.12997497615175077
FR028517,0.02697690284279742
FR027000,0.14649523546144547
FR024207,0.24676010840260043
FR020266,0.26562887550864167
FR031975,0.2558743631723848
FR021544,0.4836688587866205
FR021687,0.05845174959795594
FR023040,0.34782126806508257
FR023813,0.17451322938922123
FR020851,0.4784687836774136
FR027330,0.14355489293978835
FR031448,0.24369063830451188
FR031295,0.6092257828024611
FR024356,0.317250314344944
FR025591,0.275579769367388
FR028287,0.2905827796540135
FR024066,0.29202470425749766
FR026758,0.10766011684969605
FR030148,0.36457557110705924
FR030510,0.038520370144197846
FR021548,0.1475497773356354
FR025035,0.3242608656820331
FR024475,0.3810070552079573
FR029628,0.14798289274824913
FR023891,0.37303611752115956
FR027951,0.1628164230908084
FR031904,0.16436057369230084
FR024075,0.2984568716584878
FR030323,0.4173376368685057
FR027232,0.11890497663059887
FR021401,0.2660054976065666
FR031651,0.4083336785702565
FR029406,0.132070609110919
FR025215,0.05540111060476365
FR026307,0.1395815298066799
FR023439,0.25009590412707877
FR025377,0.3508369350063247
FR026651,0.48911911857516344
FR031134,0.21961641577357915
FR029880,0.42437239962617573
FR030746,0.2612869607511352
FR028827,0.10881688472189421
FR027499,0.11767019418097342
FR031040,0.35570343054308384
FR026123,0.2883580191184138
FR030466,0.48375494383757484
FR026577,0.187323761034355
FR024217,0.38543774517426044
FR021666,0.23396302754667828
FR023605,0.12798425934843305
FR024898,0.09431155363609806
FR024228,0.13714424680153686
FR021319,0.3315027705935619
FR021394,0.23089624760643207
FR030722,0.3362697302901551
FR026294,0.20457843343500343
FR023582,0.0294948905832101
FR022399,0.15210959487836995
FR023401,0.48429297540603916
FR029208,0.07408156666184236
FR023755,0.21380567483416524
FR022619,0.42042862822933286
FR030514,0.26405244301304137
FR025090,0.17544671416050667
FR023873,0.22521194408560727
FR027329,0.4558042038558571
FR027738,0.2972140187353353
FR030549,0.4153280889602918
FR020628,0.19446343994787552
FR028881,0.2868165586747638
FR026832,0.4609773773866409
FR025457,0.30024851678147374
FR024831,0.16933198538491048
FR026047,0.4682112118246427
FR031589,0.9197422491462963
FR027234,0.11274989548736784
FR028825,0.2763249430897109
FR027675,0.3230583651265155
FR028506,0.33014962119887437
FR025277,0.07317498346898006
FR030061,0.20727935190869393
FR021961,0.18894323605543237
FR031106,0.3226790528707482
FR029604,0.2559066450664927
FR025661,0.4959897817044518
FR026632,0.12242370308835505
FR029646,0.1020430672749293
FR027724,0.49576380844569684
FR021166,0.23029634240759445
FR030497,0.45166674109436705
FR021706,0.16395435985811035
FR029994,0.2980049251409778
FR029469,0.02224222504031202
FR021239,0.42131638031729884
FR025451,0.24271142084990696
FR029264,0.28638344326215004
FR025956,0.167887370623584
FR026121,0.09014987945402712
FR030512,0.4797654397574125
FR029050,0.13270548636170681
FR030919,0.16622485307702947
FR023127,0.475541891944968
FR021836,0.4070800650157348
FR020076,0.236615523179207
FR026596,0.10953515686579399
FR028983,0.10926345092371953
FR020520,0.36910310675568586
FR024449,0.30592474982877155
FR029404,0.21603043536976493
FR025318,0.28549300101634173
FR022170,0.30170389217416954
FR026452,0.31819186958975637
FR029110,0.29618637843956863
FR025579,0.16249091399188761
FR025003,0.3362374483960473
FR020523,0.08688671799129143
FR031423,0.1684200218763636
FR029909,0.061106935388327
FR030609,0.033215378879140375
FR028547,0.4417131570777784
FR029641,0.4894795997260344
FR027812,0.12294828386760769
FR026788,0.3316238276964663
FR022424,0.09816116950845975
FR026582,0.48352359026313513
FR026064,0.2915593069507761
FR021379,0.11667483577931458
FR022029,0.29929351074744964
FR031725,0.4894042753064495
FR030183,0.4188010827347285
FR021953,0.26482720847162994
FR026522,0.16427448864134658
FR031645,0.10758210227226872
FR025917,0.4009868575028772
FR027652,0.05805898655297701
FR029991,0.07778322385287635
FR020525,0.2603319547171111
FR031953,0.16839312029794035
FR024749,0.09466665447128446
FR029277,0.027474582043626867
FR022247,0.023415133859564063
FR029311,0.18575539901228166
FR031437,0.05118294310800393
FR031827,0.03463847237772829
FR023363,0.11451194887408825
FR029397,0.20527249415832224
FR026425,0.3997601455267787
FR030463,0.21342367242055565
FR020682,0.2904940044452169
FR030330,0.20048670335683277
FR021728,0.1320087354805456
FR030622,0.06905097149670161
FR025372,0.07427525802648943
FR028103,0.24653951545953012
FR028309,0.24148470887380852
FR031502,0.137849068156225
FR029236,0.06852639071744895
FR029027,0.45720577609170643
FR024358,0.3736575439827357
FR022011,0.44848697452474334
FR023231,0.018936021052099197
FR025456,0.33626704013231284
FR022932,0.12350783669881049
FR021451,0.11822436669649161
FR026190,0.16147134416964784
FR022724,0.28536387343991026
FR028449,0.4966838424277707
FR028989,0.10176060070148557
FR020855,0.38282560190936654
FR024183,0.47569792109982273
FR028105,0.21467190565939268
FR027717,0.37875808325177673
FR022280,0.10441040617617203
FR027553,0.04067249641805486
FR029240,0.2710065010354418
FR026553,0.23417016970053706
FR021039,0.29151088410961434
FR027325,0.3593539747351137
FR028826,0.14841331800302052
FR020505,0.48136070335790887
FR025992,0.42382629758418455
FR022894,0.1350835858943188
FR024465,0.07403045366283822
FR026440,0.1796083883425776
FR027438,0.3441626533995256
FR021015,0.19597261849741773
FR023044,0.18617775379352614
FR026786,0.30608884945715314
FR026241,0.3106110047900951
FR020572,0.12406469937217099
FR027025,0.1498902146584549
FR026409,0.16366920312682431
FR025394,0.07544816684574153
FR023096,0.056781161577874446
FR021078,0.372923130891782
FR030614,0.3347067485837665
FR031835,0.061706840587164614
FR023968,0.11108468778297097
FR027607,0.4592745074724516
FR023546,0.07649194808856215
FR023104,0.4096841378071017
FR026344,0.49720573304918103
FR028965,0.10268601499924408
FR025364,0.38326678779550716
FR022419,0.49255175998196526
FR026539,0.24227561527945093
FR028969,0.12147676752785794
FR020508,0.35527569544615467
FR022666,0.12518649519241895
FR026056,0.37883878798704645
FR020443,0.4913707806891863
FR026282,0.1711343911392657
FR028886,0.2793997935034841
FR025362,0.08902808363377918
FR028534,0.35496632729428784
FR025440,0.4804110776395696
FR022691,0.09587722550032902
FR029838,0.33108848628584436
FR025977,0.2852266753899519
FR027112,0.2976471341479491
FR022926,0.42155311420742314
FR026357,0.3212317479515793
FR030400,0.2695968583260655
FR025830,0.2806157448482133
FR031591,0.22232540472079665
FR028179,0.08440908261851357
FR023952,0.4340246859644244
FR029552,0.1098068628078684
FR026214,0.3459139461548768
FR021963,0.49441334920885166
FR020009,0.1792236957711257
FR020554,0.08999654045701481
FR022192,0.2785066610998334
FR030329,0.004524845490784344
FR020749,0.3265582604793754
FR025979,0.08053794548341334
FR024893,0.37511291937543156
FR027142,0.012094949659076315
FR027391,0.281048860260827
FR024492,0.4861464941593984
FR021118,0.08607429032291039
FR025881,0.4714609224981668
FR031306,0.13248220326079413
FR025359,0.23568472856576392
FR023513,0.3058144533572364
FR024528,0.0871395928284696
FR023652,0.3777573445344333
FR027904,0.01444614761326506
FR028532,0.3996014262140818
FR025499,0.07372646582665596
FR031282,0.4360046421363728
FR028381,0.0846619574556918
FR024150,0.3151546813857757
FR028462,0.3594965531007566
FR025907,0.14292001568900056
FR024141,0.31631144925797383
FR026547,0.32572162139041355
FR029935,0.08967103135809391
FR028161,0.29413378800587753
FR028909,0.1523032862430171
FR023818,0.41632075720410827
FR021357,0.051384704946178014
FR031245,0.1358906332470151
FR030171,0.3818867368223964
FR028670,0.23831032261986942
FR023666,0.35711845356814476
FR030107,0.4975312421481019
FR021989,0.0979863092487089
FR023508,0.0758732117848283
FR027863,0.42044745933422906
FR022095,0.3511651342630878
FR024299,0.1755220385800917
FR027174,0.11562298406296695
FR030594,0.308047284366363
FR029855,0.23221442494916952
FR030124,0.3808133638433102
FR023950,0.10603257135509173
FR020448,0.12241563261482809
FR021636,0.3847436844509416
FR022122,0.38209925929193983
FR022345,0.06942490343678424
FR030738,0.40075281377059535
FR020985,0.046902901980870854
FR022119,0.3886605542693613
FR023539,0.33111538786426764
FR027521,0.27338191041021154
FR022393,0.39471609957242637
FR023948,0.2869107141992451
FR027819,0.1575652349825974
FR022764,0.2956913893965815
FR028280,0.4382563042503957
FR020800,0.12607424728038497
FR027358,0.11301622111375766
FR021967,0.29966744268753237
FR029117,0.37681578928962084
FR024106,0.08952845299245092
FR027202,0.48537710901649456
FR022916,0.07192406007230069
FR021841,0.2854230569124414
FR024352,0.19382049222356074
FR025363,0.11537548954147336
FR029160,0.3269671644714082
FR026090,0.23522740173256929
FR028824,0.09736219262929034
FR020399,0.07315615236408383
FR025427,0.1021318424837259
FR020935,0.2833785369522772
FR026065,0.32669007821364915
FR029003,0.22236844724627375
FR024378,0.032957123726277536
FR031548,0.39567379576429274
FR022577,0.3111059938330823
FR031931,0.46538654609020536
FR023200,0.20893917929740613
FR026796,0.2940261816921847
FR029223,0.168105273408812
FR022404,0.24244509522351715
FR023447,0.04729028471016511
FR030137,0.023821347693754602
FR025923,0.43180799590235164
FR025172,0.29519909051143667
FR029972,0.3397265831175379
FR027927,0.43940231149122455
FR030619,0.3454377882167859
FR024379,0.10656253245002903
FR030998,0.45441070209353474
FR027489,0.8107383327223984
FR026855,0.11336863179110176
FR025612,0.46639535528107584
FR026398,0.3504226506986072
FR021431,0.3738216436111173
FR027336,0.49378654243159076
FR024704,0.14399876898377137
FR026014,0.16226225057529028
FR026141,0.2650208998362771
FR027734,0.2775274436452285
FR025226,0.16114314491288462
FR025189,0.3222809095100847
FR023577,0.12009133623906249
FR030310,0.4133911753138204
FR031426,0.4326392546756289
FR028380,0.03025889541042935
FR031523,0.054965305034307604
FR030058,0.4669602884279633
FR021522,0.06921776128292555
FR026013,0.4144268860831141
FR020299,0.02565334518437537
FR028576,0.10573396383459402
FR025896,0.16282718372217775
FR022623,0.034945150371752914
FR022716,0.2682060467215854
FR031363,0.4525087604990137
FR023937,0.0015145588652268759
FR027848,0.4831496583230525
FR022041,0.2800185298072179
FR028689,0.46107153291112213
FR030199,0.04769111822867099
FR022140,0.28825848327824793
FR029253,0.4428887560548729
FR030956,0.035588098096067715
FR022944,0.19233821525244174
FR027200,0.028443038866862513
FR025437,0.1274247065172302
FR022756,0.3025997147356625
FR024845,0.17869911499187308
FR023557,0.10347692140488654
FR025812,0.036604977760465146
FR025051,0.4635437879682153
FR025602,0.1418331919207028
FR026857,0.3246886007789622
FR025822,0.3757720080468002
FR028982,0.4608966726513712
FR031191,0.18146728741162163
FR031133,0.41636648988742775
FR021353,0.45752052455925807
FR021375,0.11835618443076534
FR025996,0.31637332288834724
FR027407,0.347565703070062
FR028950,0.18779991897244583
FR030992,0.4022969643720877
FR025168,0.15634928363786815
FR031584,0.031114365604287503
FR020062,0.12729557894079882
FR030503,0.1473291843925651
FR024277,0.13336457503307556
FR028574,0.3055104655210541
FR021855,0.152160707877374
FR021722,0.2669497430092214
FR029450,0.4259300010168798
FR029768,0.14608095115372802
FR026008,0.05215139993123957
FR024443,0.4441988629240833
FR022080,0.14973418550360026
FR027492,0.07297053147296367
FR024534,0.13941474002045598
FR031339,0.4452587851139579
FR029487,0.26915567243992483
FR021001,0.24699953245056705
FR020086,0.4960193734407174
FR020099,0.0874624117695482
FR031264,0.19566594050339312
FR023760,0.30776481779291925
FR030536,0.2103084696391476
FR024850,0.021580446211100994
FR030112,0.1989183413347595
FR020756,0.2455898897411907
FR023099,0.4959897817044518
FR021501,0.4313695001740533
FR020904,0.2050626618466212
FR028349,0.3040819917067815
FR020428,0.2516346744128865
FR021525,0.4715227961285401
FR027282,0.44272196626864896
FR024765,0.29669481827176736
FR027554,0.9316072772172154
FR031998,0.18703322398738423
FR028098,0.19607484449542595
FR020267,0.08527531344374105
FR025000,0.4535175696898841
FR020643,0.17876098862224643
FR029358,0.3044424728576525
FR029658,0.2990540866994831
FR031159,0.05887410437920035
FR020424,0.1424330971195404
FR022046,0.430764214659531
FR025878,0.06795069693919224
FR020191,0.4666912726437312
FR024545,0.39480756493906527
FR020494,0.0691639581260791
FR020939,0.0757844365760317
FR023575,0.31718575055672826
FR021465,0.1310833211827871
FR025460,0.06405534838351105
FR030105,0.19135361748215218
FR031373,0.13475807679539792
FR023821,0.054368089993312295
FR028337,0.2263875430627017
FR021952,0.07425911707943557
FR026317,0.4928638182916746
FR024971,0.3479772972199372
FR023427,0.15965010731039636
FR023723,0.41084090567929993
FR022468,0.19504720419965924
FR027705,0.28745143592555156
FR027231,0.1734506170415043
FR031322,0.4654968425617406
FR027669,0.1156525757992325
FR025672,0.2743207754971816
FR027403,0.3238385109007887
FR031573,0.4377209628397738
FR020308,0.4936170624875245
FR028076,0.2209534242212128
FR021515,0.11880275063259065
FR031181,0.28266026480837747
FR027468,0.41705517029506195
FR029198,0.40724147448627407
FR025968,0.2955003881897768
FR020857,0.4498885467605927
FR028408,0.3402673048438445
FR027608,0.41905126741406434
FR027766,0.45426543357004934
FR026324,0.18214520718788657
FR021442,0.4707480306699515
FR023559,0.34800419879836036
FR027244,0.12438213799756488
FR020812,0.31566043106013203
FR023589,0.37093510424630666
FR031806,0.274667805858841
FR020663,0.01800253628081376
FR025197,0.7293230181544552
FR029998,0.35578951559403804
FR025289,0.2802633341708692
FR024786,0.013897355413431527
FR029385,0.33535238646592364
FR025885,0.3145467057134111
FR021473,0.2964284926453775
FR024328,0.03380990376229338
FR029598,0.3422660921206892
FR030855,0.21884434047283294
FR023972,0.23093121965838226
FR027687,0.2930819362895299
FR024814,0.17610042251619076
FR029017,0.13342106834776424
FR020036,0.06761980752458673
FR020363,0.10360604898131796
FR020887,0.2547068346688174
FR025037,0.29413647816371985
FR021532,0.15528936144799363
FR027440,0.429658559786337
FR021576,0.13646901718311422
FR030667,0.46586808434398097
FR021658,0.48982393992985157
FR024495,0.17702314665610694
FR031383,0.12503853651109129
FR024576,0.24531549364127395
FR023028,0.2735271789336968
FR023172,0.37618898251236
FR025973,0.1286971511766482
FR031739,0.3133845575255283
FR026980,0.2421034451775424
FR030045,0.39988389278752545
FR021676,0.46151002863942053
FR026389,0.46021337255942163
FR030559,0.129332028427436
FR025368,0.2338877031270933
FR024937,0.10140549986629917
FR022067,0.25815292686483093
FR021326,0.3705046789915353
FR023071,0.20117000344878236
FR024544,0.4057699581465244
FR027374,0.1961044362316915
FR020069,0.43225725226201933
FR022590,0.2030907761481998
FR028545,0.3186088440553162
FR025305,0.20694577233624611
FR023001,0.2243457132603799
FR027788,0.052926165389828084
FR031857,0.34483788301794827
FR028160,0.36147650927270514
FR027961,0.2764217887720345
FR023985,0.1486608125245141
FR021647,0.43123499228193723
FR028318,0.27125937587262006
FR021245,0.2959846166013945
FR028006,0.34271265832251446
FR026872,0.16939923933096857
FR020064,0.3216810043112471
FR021449,0.41372744504411063
FR027763,0.4909645668549958
FR023312,0.02627746180379388
FR030674,0.15548036265479842
FR020254,0.15503110629513078
FR022216,0.18745019845294406
FR022315,0.10950287497168613
FR023791,0.38279601017310094
FR030854,0.14884643341563425
FR023317,0.4130549055835303
FR023288,0.26804463725104616
FR021680,0.05450528804327068
FR030807,0.16317152392599488
FR026633,0.2135285885764062
FR024721,0.4511098784210066
FR022940,0.31672842372353366
FR027700,0.05245000745173723
FR023165,0.22148876563183473
FR030565,0.4327952838304836
FR026861,0.40269779789059357
FR021712,0.3676880837306249
FR030568,0.07088027882948007
FR030417,0.4612194915924498
FR029218,0.04186423634220318
FR021790,0.0799057583904678
FR020690,0.2610663678080648
FR030694,0.7268149634402821
FR020820,0.23361061686933424
FR027601,0.28441962803725557
FR030128,0.3168952135097575
FR024693,0.0786386940467345
FR029939,0.19240008888281515
FR023036,0.41027597253241244
FR021717,0.4811051383628885
FR026917,0.3636905091769356
FR028009,0.15791495550209916
FR022431,0.03694124749075526
FR025211,0.03691703607017442
FR026054,0.4059690298268562
FR027430,0.4435747463046647
FR020484,0.4464639758273178
FR022624,0.44457010470632363
FR029109,0.21389445004296187
FR027334,0.3118807592916708
FR027160,0.31893704331207945
FR029355,0.23401683070352472
FR029299,0.18833795054091004
FR029728,0.3669133182720364
FR027073,0.49560508913299983
FR023280,0.13588794308917282
FR026513,0.09794057656538943
FR027579,0.17809113931950848
FR022793,0.14135703398261193
FR029649,0.40868877940544296
FR021599,0.3252777453464305
FR028221,0.026484603957652633
FR028363,0.1119858906601486
FR031314,0.13854850919522854
FR030793,0.22121167937407563
FR022635,0.14799903369530307
FR028719,0.25625636558599446
FR022295,0.2803278979590849
FR023016,0.17769568611668726
FR021655,0.38065464453061326
FR027531,0.36226741567834764
FR022536,0.30121428344686707
FR021284,0.3310427536025249
FR026432,0.28317139479841846
FR030070,0.10643609503143993
FR020720,0.3055292966259503
FR026231,0.0820148421388477
FR028729,0.2709204159844876
FR021714,0.016689739253760976
FR020941,0.09289384045319479
FR025406,0.4970497038943264
FR027349,0.45959463625568775
FR024374,0.2298417057322422
FR029731,0.17128773013627807
FR024053,0.23975224722335362
FR031974,0.06940338217404571
FR022320,0.3214980735779692
FR031158,0.21941465393540505
FR031772,0.3565589007369419
FR026081,0.16506270488914668
FR030276,0.27143961644805553
FR026853,0.008831788196340668
FR022504,0.14050963426228075
FR029169,0.3037726235549146
FR022003,0.2125708923845398
FR024650,0.1142779051418063
FR025569,0.12166507857682046
FR025202,0.26098835323063757
FR028968,0.43275493146284877
FR026063,0.31674456467058754
FR027111,0.21025466648230123
FR020051,0.19640573391003147
FR020728,0.2951237660918517
FR025780,0.41161836129573076
FR029353,0.2188470306306753
FR029214,0.29366570054131363
FR026453,0.04076665194253611
FR027577,0.03220656968826991
FR024851,0.49416854484520023
FR030748,0.2979887841939239
FR024284,0.21462886313391555
FR023667,0.318791774788594
FR024601,0.41477929676045827
FR027335,0.43193712347878305
FR026845,0.41048042452842887
FR028442,0.10292005873152603
FR020400,0.014023792832020644
FR020940,0.3733266545681303
FR023235,0.2044519960164143
FR029365,0.4775245382747588
FR026737,0.10411448881351668
FR020346,0.04538834311564398
FR024675,0.47966590391724656
FR026353,0.26472229231577943
FR022610,0.27197226770083516
FR028926,0.053345830013230205
FR030915,0.2263498808529092
FR023283,0.1982969148731833
FR020458,0.42911783806003045
FR025384,0.14874689757546833
FR024647,0.41062300289407194
FR021912,0.11515220644056075
FR026222,0.4045782182223761
FR022739,0.3054728033112616
FR026951,0.04030932510934149
FR029626,0.16366651296898196
FR030704,0.13525306583838503
FR031658,0.13557050446377894
FR021229,0.3577506406610902
FR023681,0.34470606528367453
FR029096,0.48027925990529574
FR023194,0.10998979354114627
FR020784,0.48080922100023304
FR023516,0.3526770029704724
FR029619,0.38693616309243334
FR028849,0.03728827785241475
FR029960,0.48384909936205617
FR022088,0.3700365915269714
FR029000,0.22463625030735057
FR023812,0.14460136434045134
FR027803,0.45617275548025515
FR023842,0.38135946588530145
FR028903,0.13269741588817982
FR025432,0.18153723151552198
FR023872,0.4564256303174333
FR031770,0.327107052679209
FR027253,0.08487986024091983
FR026110,0.3987674772829622
FR020118,0.04979213150352386
FR023344,0.19329322128646578
FR021750,0.09789215372422765
FR029787,0.4383074172493998
FR026441,0.30669951528736006
FR024967,0.48531523538612115
FR020817,0.9758840892867433
FR029480,0.18708433698638838
FR031444,0.08086076442449189
FR028049,0.4144484073458528
FR021300,0.10057962140870656
FR020141,0.4870853592463685
FR020241,0.26329650865934917
FR023334,0.2488288397833455
FR021927,0.19378283001376828
FR027398,0.1870386043030689
FR028096,0.44353170377918766
FR021987,0.20266573120911296
FR025614,0.1400980401124056
FR024476,0.3350134265777911
FR021332,0.017994465807286798
FR024034,0.2454446212177054
FR028157,0.1838964999432377
FR021304,0.4075427721646141
FR027034,0.06854522182234525
FR021791,0.374128321605142
FR028807,0.1381907182021998
FR024941,0.24979998676442344
FR027536,0.1583776626509784
FR020112,0.05874228664492663
FR020122,0.38867131490073065
FR028803,0.07537822274184117
FR027094,0.4191104508865954
FR021408,0.46076485491709746
FR024688,0.09929910627576163
FR022262,0.9827330079293081
FR028790,0.2083500347299378
FR031593,0.20059161951268328
FR031394,0.09725996663128217
FR022068,0.46133516837966954
FR029586,0.0634877250787813
FR024630,0.1281591196081839
FR022714,0.45728379066913377
FR026049,0.4362198547637586
FR022172,0.039464615546852606
FR026244,0.40505706631830923
FR025818,0.4236245357460105
FR024945,0.4656125193489604
FR021132,0.2741190136590075
FR029005,0.004129392287963123
FR030077,0.2953389787192374
FR023783,0.3102639744284357
FR026219,0.4322680128933886
FR028837,0.20005358794421904
FR026969,0.01795411343965198
FR030902,0.11920627430893883
FR026835,0.012506543808951465
FR026797,0.3164109850981397
FR031475,0.21830899906221102
FR025112,0.445452476478605
FR030287,0.36366091744067003
FR022372,0.031197760497399443
FR023628,0.14759281986111258
FR027420,0.29455076247143736
FR027365,0.4554141309687206
FR025546,0.23630346486949774
FR021296,0.060305268351315285
FR025898,0.38832697469691346
FR021956,0.45835716364822
FR023034,0.0736054087237515
FR029541,0.012554966650113247
FR022831,0.09583687313269419
FR028321,0.29426022542446667
FR024785,0.417490975865518
FR026972,0.16864330497727625
FR028036,0.013300140372436212
FR024054,0.2927133846651319
FR031311,0.32192042835921364
FR027592,0.2620455852626698
FR029898,0.5402542781625639
FR028614,0.04444409771298922
FR028182,0.3456852827382795
FR027677,0.12491209909250219
FR031688,0.13558933556867517
FR026472,0.42392314326650815
FR029885,0.10795872437019371
FR021885,0.40982133585706015
FR027464,0.13333498329680998
FR020914,0.03584097293324589
FR028291,0.03732055974652261
FR027973,0.06614291086915236
FR024064,0.2214215116857767
FR028466,0.3317690962199517
FR030023,0.3097851263325025
FR025675,0.056899528522936546
FR020724,0.2692256165438251
FR024965,0.07006247084541443
FR021832,0.13725723343091437
FR027074,0.3819055679272927
FR025316,0.4640710589053103
FR026377,0.3316749406954704
FR027410,0.062414352099695126
FR030652,0.02882235112262981
FR024113,0.3355891203560478
FR025055,0.13522078394427714
FR027425,0.16160316190392154
FR025513,0.9663341886442952
FR028535,0.23103344565639045
FR023797,0.3370418055909013
FR026960,0.2812021992578393
FR028905,0.4915160492126715
FR026267,0.04691366261224012
FR020198,0.4311462170731407
FR028115,0.09654976496090936
FR021760,0.2704119761522888
FR025161,0.41093237104593877
FR023856,0.15790688502857217
FR020011,0.01996904166355055
FR023630,0.05447569630700512
FR030304,0.42201313119846
FR025723,0.48906531541831694
FR026368,0.01829576348562676
FR025436,0.16333024323869183
FR021876,0.08535601817901067
FR029296,0.14859355857845605
FR023238,0.43716141000857095
FR028168,0.25573985528026877
FR026869,0.0366991332849464
FR024857,0.42110654800559777
FR027900,0.3644491336884701
FR022507,0.4470719514996823
FR025222,0.16419916422176156
FR028642,0.15622015606143677
FR030195,0.4608724612307903
FR022049,0.4643669762679657
FR027908,0.3250114197200408
FR023910,0.07517108058798246
FR022163,0.3815074245666291
FR029861,0.12926477448137794
FR024665,0.5231802133775802
FR022510,0.3801058523307797
FR030772,0.31677415640685314
FR024160,0.40924026176311873
FR031611,0.293953547430442
FR027840,0.01586924111185298
FR020315,0.8499025717207179
FR022109,0.22830831576211907
FR020004,0.07264502237404283
FR027563,0.9418324233596364
FR020678,0.4171251143989623
FR031317,0.17250099132316493
FR030433,0.4933991597022965
FR025181,0.09335654760207404
FR028149,0.4195274253521552
FR025622,0.30442633191059865
FR028847,0.4479758445347023
FR023853,0.10177943180638185
FR024747,0.8161402967221631
FR024527,0.33928808738923955
FR025449,0.4880000129127577
FR021596,0.35297561049097004
FR025981,0.037976958260048974
FR031585,0.19153385805758769
FR024440,0.48176691719209946
FR031872,0.17422807265793516
FR027366,0.12554159602760537
FR030008,0.45580420385585707
FR021651,0.06773279415396422
FR022258,0.46346308323294577
FR024063,0.1587220028547955
FR026700,0.211642787928939
FR024741,0.4422673295932966
FR029618,0.1033074414608203
FR026085,0.262876844035947
FR025709,0.4335081756586987
FR030540,0.31896125473266024
FR021873,0.07949147408275035
FR023495,0.05677040094650518
FR029250,0.020711525228031265
FR026609,0.23600485734900012
FR024048,0.3260256092265958
FR026247,0.2993311729572421
FR022321,0.017243911769279172
FR027772,0.2870506024070457
FR027811,0.44770144843478554
FR021635,0.4617091003197523
FR027342,0.2728842312093821
FR025510,0.2745413684402519
FR028654,0.15991105262110153
FR026564,0.17497055622241578
FR020671,0.2629252668771088
FR024878,0.34664566908798816
FR027369,0.3235641148008719
FR028836,0.2866255574679589
FR029679,0.033288013140883047
FR025188,0.03033421983001433
FR030001,0.1872188448785044
FR030064,0.16251781557031084
FR030623,0.17405052224034198
FR025431,0.060041632882767794
FR024145,0.39832629139682146
FR028787,0.010685306949699968
FR029946,0.33926387596865865
FR024989,0.3392396645480778
FR026226,0.14908047714791614
FR030169,0.056087100854555566
FR028344,0.06696878932674497
FR023627,0.09356368975593278
FR026510,0.4578998368150254
FR024304,0.26803387661967687
FR030370,0.15070264232683592
FR021915,0.23996745985073928
FR022411,0.4022646824779798
FR020216,0.29391588522064954
FR024960,0.3013972141801448
FR025833,0.20846302135931527
FR022156,0.3654095200381788
FR025321,0.3715619110235675
FR029031,0.38148859346173286
FR024260,0.4894903603574038
FR023906,0.16926742159669478
FR020024,0.2714369262902132
FR024780,0.0851730874457328
FR024551,0.4472414314437486
FR020542,0.4053529836809646
FR031048,0.1943934958439752
FR025450,0.2794428360289613
FR027865,0.0023942404796659213
FR025994,0.5904153724461294
FR029165,0.35831826396582
FR027639,0.13001263836154323
FR023965,0.29381903953832594
FR028848,0.48579139332421206
FR027313,0.2093776750257045
FR031681,0.4995138884778925
FR028692,0.15874890443321873
FR023704,0.3424759244323902
FR024951,0.44951730497835246
FR021866,0.375519133209622
FR022415,0.366843374168136
FR021497,0.4080135497870203
FR028153,0.3165266618853595
FR022442,0.3312068532309066
FR030268,0.11406538267226293
FR031616,0.07845307315561434
FR023323,0.18811735759783973
FR027096,0.1825729422848156
FR026600,0.07476217659594962
FR026044,0.4181339235898328
FR027037,0.3304939614026914
FR020911,0.22439413610154166
FR024310,0.4025014163681041
FR027777,0.19498802072712818
FR026751,0.3607420961817515
FR028259,0.32781725434958175
FR027929,0.4912174416921739
FR027851,0.2602700810867377
FR026039,0.46891334302148857
FR028565,0.27444990307361306
FR030241,0.7026025890841754
FR029573,0.1508452206924789
FR029534,0.1374267133749806
FR023206,0.7244033723689529
FR026101,0.42403612989588557
FR022150,0.12948536742444824
FR023209,0.360922336757187
FR028439,0.28130442525584753
FR027745,0.06349848571015057
FR029562,0.16163275364018714
FR026083,0.12900920948635747
FR030908,0.38621251063284895
FR024189,0.10845909372886546
FR029322,0.23912275028825045
FR023827,0.3122358601268572
FR020228,0.12292676260486911
FR031041,0.2793621312936916
FR026925,0.12167314905034743
FR031582,0.19699218831965754
FR021307,0.3535997271103885
FR031656,0.2535177849025114
FR028493,0.099075823174849
FR020745,0.18339344042672365
FR022752,0.08893930842498259
FR031914,0.028986450751011385
FR020239,0.48532868617533276
FR026563,0.2661104137624171
FR021251,0.11432363782512578
FR023832,0.15318834817314075
FR020169,0.41816351532609836
FR022327,0.4512228650503841
FR026069,0.4661075083919474
FR020667,0.42288743249721444
FR028181,0.4636110419142734
FR028229,0.37431932281194674
FR025791,0.47691925276023656
FR025841,0.24340279141538354
FR026113,0.09503520609568249
FR020589,0.4074324756930789
FR030790,0.45971300320074987
FR030990,0.37272405921145024
FR029436,0.18022443448846923
FR030252,0.07270151568873151
FR023756,0.3894514606750037
FR031213,0.47465144969915973
FR024752,0.4791736050321017
FR031735,0.40613043929739545
FR027752,0.401403831968437
FR031068,0.17806692789892756
FR024169,0.4227932769727332
FR022696,0.11840460727192713
FR029582,0.19317485434140366
FR031209,0.43575445745703695
FR022566,0.2695349846956921
FR020779,0.4930306080778984
FR021645,0.22966415531464895
FR024569,0.2559443072762852
FR029974,0.11955868498628293
FR029537,0.1639920220679028
FR026376,0.31795244554178975
FR027084,0.4523742526068975
FR026097,0.29321106386596135
FR028916,0.8322497250786176
FR020630,0.2525466379214334
FR027864,0.27550982526348755
FR028001,0.10059307219791819
FR023068,0.2715391522882214
FR029749,0.11788809696620145
FR021823,0.01903824705010742
FR028433,0.3840281024648841
FR025077,0.4947819008332495
FR026213,0.05680806315629764
FR023754,0.40584259240826703
FR021892,0.25973742983395814
FR029207,0.4597802571468079
FR028062,0.18994397477277583
FR022261,0.06288243956425903
FR024290,0.30652465502760917
FR025782,0.11683086493416919
FR021149,0.11775896938977003
FR027566,0.48908952683889784
FR031789,0.10121180850165204
FR024040,0.03833205909523538
FR031951,0.19936759769442716
FR030928,0.03454431685324708
FR030621,0.4856380543271997
FR030051,0.03513077126287308
FR022788,0.18435382677643233
FR026760,0.09322742002564262
FR031572,0.06988761058566352
FR031824,0.04377424841025123
FR027541,0.026498054746864255
FR022491,0.44833094536988877
FR020042,0.2829965345386676
FR030716,0.4199497801333997
FR025535,0.25113968536989945
FR028470,0.27630611198481464
FR022727,0.36764504120514774
FR031560,0.3137477288342417
FR029157,0.09530960219559925
FR021674,0.32483117914460513
FR023141,0.1909743052263849
FR026139,0.3101213960627927
FR025697,0.3083001592035412
FR027195,0.4866764552543357
FR024438,0.4810190533119341
FR023961,0.28041936332572387
FR031786,0.329401757318709
FR023626,0.2923179314623107
FR027907,0.41422781440278234
FR029464,0.09696942958431147
FR030734,0.19189433920845875
FR027650,0.20851951467400404
FR028543,0.4929256919220479
FR021093,0.09495988167609751
FR030721,0.29541968345450714
FR026336,0.22902927806386109
FR028931,0.06431091337853159
FR030243,0.2990110441740059
FR024957,0.014669430714177742
FR031135,0.01787340870438234
FR021996,0.32797328350443644
FR021588,0.4334382315547983
FR027367,0.12317156696852037
FR022677,0.2220779101993031
FR021631,0.2664063311250725
FR022203,0.2023859547935116
FR030839,0.4502194361751983
FR027445,0.1178961674397284
FR021040,0.26569612945469967
FR028891,0.29074956944023744
FR027517,0.3836461000512744
FR031833,0.1386937777187139
FR027409,0.3884103695900254
