id,prediction
FR021005,0.005820279093240474
FR030078,0.008405807380566632
FR020717,0.010089754435469772
FR026657,0.008848634730722633
FR023775,0.005963243138882428
FR030431,0.007159593245748578
FR022943,0.0044239024038338
FR023143,0.02376950428859303
FR024804,0.003442413678473378
FR023501,0.007998093861108084
FR024076,0.01752530804502615
FR031612,0.020267501616582792
FR031650,0.037955028979835374
FR021187,0.006634768541516095
FR026941,0.15481769575470947
FR028139,0.004683830767014075
FR027038,0.007434248880238202
FR020374,0.003931130905161795
FR028695,0.05715486664743867
FR028756,0.006005060034579332
FR020018,0.009797092968292991
FR023662,0.0352202599907247
FR021936,0.01233891763479635
FR020178,0.031134705463955713
FR031790,0.005113442023807013
FR024950,0.006120284192009169
FR027649,0.02448580616345895
FR025164,0.01313977902879605
FR028092,0.0841377107062772
FR031352,0.005519991838911096
FR031239,0.015583686496213122
FR029967,0.03869245818168734
FR023581,0.009713802168946498
FR025177,0.00649814954353764
FR027854,0.05305372150437786
FR024793,0.2432202027271885
FR022286,0.010518510136980372
FR022560,0.02572142144466828
FR021081,0.006996211108573036
FR030364,0.0033973043049829975
FR026500,0.006818927052528502
FR028325,0.005921234148458399
FR024969,0.09592336104834637
FR031333,0.007173457035868395
FR023531,0.004701756012760716
FR022813,0.008431736452855049
FR023308,0.00510927393456134
FR020558,0.013323215103556945
FR029662,0.010394801865117435
FR026156,0.015682651735212154
FR026834,0.0053241953424185435
FR021835,0.01123273211062802
FR022175,0.010764883421084198
FR031705,0.010904591565142433
FR029985,0.004433159315277583
FR021564,0.034161735357554325
FR030715,0.012776607763089764
FR027595,0.012757945352245698
FR027609,0.003806851832730741
FR024938,0.013197192481636252
FR021584,0.006347697748869041
FR028077,0.005013988275832743
FR023483,0.009511610084726483
FR028816,0.5198199198529011
FR023082,0.002942409207369924
FR025714,0.003448724942930293
FR031944,0.06083758573068328
FR029519,0.006492163074231947
FR031355,0.005554629159908741
FR030943,0.016140145767557307
FR030996,0.01041657722984846
FR026618,0.009987410785986136
FR030935,0.005023908618277228
FR021563,0.010528972549295286
FR021782,0.008233561875286895
FR020762,0.01043852863769337
FR028752,0.009103273073075197
FR028651,0.011181945425909393
FR022579,0.018619200067022203
FR023608,0.0049494808170352286
FR029957,0.02090578725862551
FR020759,0.017091265600711843
FR029369,0.0161135250447687
FR028655,0.004678415448914408
FR025134,0.00703381259600794
FR021988,0.008525480828998611
FR024854,0.006069733734592187
FR025940,0.09281245674214815
FR024270,0.01522359993071444
FR027162,0.004274090448727141
FR021586,0.0064517474032437985
FR023291,0.005060360367345611
FR031369,0.00956138337543121
FR027946,0.013473786615413897
FR021467,0.010781011857751838
FR025942,0.016362478167997435
FR026148,0.008399802020601433
FR026312,0.008454755124207246
FR031876,0.01599905292686201
FR029638,0.03703391539788956
FR027557,0.017426748962853414
FR020237,0.005604168158421555
FR023944,0.004989176355688763
FR022891,0.004496677746548816
FR031302,0.011311489892301676
FR031076,0.007492809752420826
FR025792,0.008328508688703749
FR030820,0.004542784348627685
FR027572,0.018393523429761516
FR022918,0.025767240999078143
FR031647,0.1290707194579574
FR020107,0.013068989730550318
FR031578,0.0034306130764512597
FR027697,0.013107232924324155
FR026520,0.008452218797098586
FR031838,0.08103982943552453
FR027994,0.006224019181576367
FR020614,0.01500863047918533
FR023696,0.008083698786242596
FR024344,0.06762989373738454
FR021004,0.012392580064859002
FR027990,0.005750892779957623
FR030875,0.00806290898382971
FR020668,0.0226433909534104
FR020564,0.08507960439376032
FR021894,0.010341865084439067
FR030600,0.014113640719145223
FR022250,0.007093933492568387
FR031906,0.006334172578843733
FR025889,0.013842380459996455
FR026355,0.004075906936763756
FR021935,0.005500557195931647
FR030703,0.014162941332031682
FR025356,0.003425501431417295
FR028940,0.00890212451672092
FR026171,0.004918816447469662
FR026780,0.03103214745250597
FR020319,0.007069117428317652
FR024375,0.03582099928296793
FR020518,0.0117530341770066
FR028331,0.013318171363542167
FR026704,0.006077793466099106
FR030880,0.0032412198846411234
FR031894,0.00634330269412383
FR026529,0.007900952271748057
FR026689,0.0073416910028085034
FR021443,0.2568347152157041
FR028697,0.015954939879486284
FR027666,0.007353092991085467
FR021397,0.010758989013880107
FR020108,0.007912671029644328
FR029566,0.007996973623973159
FR021775,0.00714997118540997
FR028773,0.23612511470126493
FR020425,0.021939432654216186
FR026933,0.008096324309696857
FR022222,0.011189453092168174
FR028135,0.009136409309413781
FR021678,0.006922317597007448
FR024461,0.004837974877435152
FR026584,0.005758127710014978
FR020722,0.004116344946217383
FR020161,0.004244826203211946
FR027299,0.02449936294552279
FR024453,0.05137180367228157
FR030967,0.02199009787482349
FR027042,0.006635712006168648
FR029192,0.04632381304250987
FR025324,0.012945298769466332
FR029907,0.03287765061838992
FR023809,0.017461222254095472
FR027033,0.010927355094824256
FR030019,0.006781697071484523
FR029971,0.005493912307690088
FR025733,0.13164988013471446
FR021842,0.015177086440585871
FR028694,0.015119600649575866
FR030860,0.009764249578900763
FR028148,0.009295831894271567
FR025466,0.013857504900040512
FR030428,0.029343907384257822
FR029412,0.011010457808034665
FR023848,0.0035191484090774322
FR025085,0.014057928959309143
FR023452,0.011841536578551887
FR023576,0.008173129852053115
FR027192,0.008289200496765263
FR026550,0.07108768200263707
FR022887,0.03663056944598607
FR027964,0.0036625419125153554
FR023824,0.006798509058920899
FR020765,0.01642547247467593
FR023063,0.01733729835524428
FR025096,0.004532975010918142
FR027462,0.0074955866388313796
FR024435,0.006690236961873458
FR029841,0.015885512194164817
FR026706,0.011775055916217353
FR031613,0.015010309545413759
FR025162,0.005915366648543874
FR021427,0.003837908062341094
FR028100,0.005104408593231078
FR023529,0.010171020943869456
FR028335,0.023997743379392797
FR020137,0.011258388712036032
FR025186,0.013853586680800497
FR027535,0.025767411486698134
FR029816,0.012654278117249113
FR027194,0.00658216420700207
FR027989,0.006196321744839742
FR023380,0.009690983374742012
FR025749,0.008967124249772876
FR025562,0.004832092998359933
FR021727,0.0036197490579714933
FR023918,0.011124995896715398
FR021754,0.006349782815137777
FR020528,0.16084255987593837
FR028772,0.004188410142410151
FR020557,0.004419267733500947
FR029912,0.008496498574020711
FR023435,0.010197164838782514
FR023434,0.026524164347766287
FR027424,0.022709018481389162
FR031848,0.009051883485883384
FR022193,0.006677232197277706
FR029508,0.0063192474535265775
FR029830,0.06721571962934807
FR024819,0.008856827432422987
FR030864,0.01948805363655746
FR021633,0.004283350286482307
FR022816,0.009050048852832093
FR021701,0.004795815905180684
FR030959,0.01278021472041363
FR020545,0.005271420330098145
FR024810,0.006274180166508686
FR030091,0.00985101162253618
FR030596,0.021498864562212255
FR026442,0.008800632915480496
FR022900,0.011611677132360214
FR028220,0.20109223580546506
FR025576,0.006569705993537814
FR030149,0.008874747424123943
FR029525,0.011408721601652535
FR030186,0.01637097888282341
FR029612,0.005742125298276867
FR030245,0.006399708528041591
FR021448,0.007025431630134514
FR020627,0.009188211282445718
FR025136,0.004575988362803089
FR020853,0.006238812781586197
FR025132,0.011384540835944423
FR028166,0.0056779483377929155
FR021147,0.00469108182814019
FR027590,0.013030102332504113
FR025100,0.018184397479490064
FR021858,0.004104980421631092
FR023258,0.003866207617971231
FR026236,0.0047203165823886655
FR029970,0.005644628172651273
FR029100,0.007657772929263121
FR029650,0.009377844744266645
FR020190,0.02536670171819142
FR027913,0.005580076399239758
FR026246,0.004665554792620498
FR020878,0.005088961748134941
FR031642,0.017076324754557677
FR020623,0.010369909522466558
FR028671,0.014408484708399217
FR020437,0.013031569735786919
FR025481,0.00502107987263943
FR020085,0.011376774148803294
FR024792,0.09895928527339895
FR030189,0.005336628088206878
FR027873,0.003966035900288868
FR026242,0.008502893289332108
FR021080,0.04365576844884531
FR027807,0.009822542551628271
FR024028,0.009154096324574286
FR023583,0.02088642647408475
FR022073,0.003915017036023117
FR027413,0.009226120261616403
FR020422,0.006056223580547344
FR020246,0.004653880666370008
FR023371,0.05645874617218868
FR025021,0.003722663391078942
FR022770,0.015600492134435545
FR027838,0.1969703206569592
FR020127,0.0051136835864084036
FR026098,0.005446086228247172
FR030691,0.010299461877877726
FR029065,0.012043852157121348
FR029555,0.0060186922089518445
FR023318,0.009163591782164112
FR022084,0.018210584915283996
FR030587,0.004565997020127317
FR023579,0.01183459659967193
FR025946,0.004337142831101257
FR025704,0.006556833111460746
FR021801,0.005254637816498815
FR024127,0.009954861176156127
FR024191,0.005525160262984517
FR025217,0.007708248557648222
FR026152,0.004649907004127939
FR029448,0.006201711121556453
FR020426,0.004367171723743133
FR024407,0.02788579462631253
FR026071,0.02391598092069102
FR022276,0.02459000803728287
FR030397,0.0056899843047332555
FR027931,0.035357361982040696
FR029272,0.008483406399823657
FR021618,0.007100984771379567
FR029476,0.013537772925381424
FR026383,0.09532246641023498
FR028958,0.007639030330819601
FR025097,0.007243805750324767
FR024839,0.0032061636328013935
FR029143,0.005683091305518138
FR029473,0.005465904776091683
FR025476,0.008516924394713256
FR022668,0.009221313212151708
FR021185,0.0092184080500549
FR022996,0.0032107520499361983
FR027099,0.025067990793339566
FR020700,0.008509431138451585
FR020464,0.6290184222667913
FR028583,0.010920891160211268
FR030175,0.0050743062035032765
FR023142,0.01012672212802596
FR026866,0.004112387472824159
FR027164,0.019472831870062362
FR022318,0.0074694716974006755
FR030916,0.008214147999412637
FR026131,0.015462776345779897
FR023182,0.010482168498203015
FR026073,0.010066921680785658
FR021164,0.005199534050637889
FR030317,0.00829946035617545
FR029987,0.013610928582292398
FR021550,0.004120721880424122
FR025143,0.006241187420960171
FR024703,0.03053207160101874
FR030448,0.010755462397039107
FR030904,0.010154668259136839
FR024248,0.012594462599526693
FR021076,0.004226592571917057
FR021203,0.008016533102944095
FR021611,0.01652279026952854
FR021598,0.0068811315848492215
FR022161,0.0053627596726700585
FR024645,0.010834132310551367
FR027337,0.014916586694570123
FR026771,0.007232979987209927
FR025623,0.004714578420009037
FR026481,0.3550548972764006
FR027503,0.015389773555638853
FR020389,0.013656448978642762
FR031259,0.004281860886052488
FR021097,0.032897173780008115
FR022166,0.02581153343089282
FR025199,0.012527117143757694
FR022245,0.007387824548689467
FR021413,0.009890477369636127
FR022776,0.004657627072774872
FR029222,0.006682211399572155
FR030216,0.0045637513204478935
FR024656,0.023595408359293774
FR025175,0.03162332898043575
FR025556,0.02894712389986594
FR025816,0.01014247753881765
FR026273,0.00706092586540376
FR029699,0.004450871732509505
FR031978,0.010016788517779951
FR031933,0.027638704324248538
FR025307,0.01544621387665352
FR028622,0.006129561581410493
FR027575,0.03604245619200118
FR026959,0.00559223848518502
FR031976,0.00408218827177943
FR030731,0.008120376714002394
FR026266,0.0076157380050560245
FR023093,0.0069034194401721635
FR023845,0.013923907821752225
FR022689,0.004261933077524812
FR030208,0.02301919732707507
FR028185,0.007490523026707163
FR028599,0.005977092123360149
FR028277,0.010405715056243527
FR023702,0.009992444853125884
FR027128,0.0049691346877581465
FR027581,0.005077482033698991
FR029276,0.016973607107025706
FR023306,0.005484075802304788
FR024648,0.004666528058743918
FR028876,0.0795264850371756
FR030900,0.00586710504055575
FR020719,0.009774389404927872
FR023421,0.007840135127492712
FR025002,0.005063085301386286
FR029714,0.011847406687320015
FR026998,0.007859701005127399
FR029332,0.009816032301568994
FR029215,0.008760560046251874
FR031496,0.004758421091439724
FR030316,0.008724837955752952
FR022512,0.02070777016229588
FR026642,0.004027662346403583
FR025108,0.015373466423147639
FR026886,0.023309124036409078
FR021161,0.006526487032970268
FR021825,0.012096126863550449
FR031864,0.013717514494965204
FR031340,0.009788236261280114
FR020980,0.0038132700680513173
FR024432,0.010687188888279957
FR030891,0.008131647536261558
FR025846,0.00400066893233173
FR025106,0.021464446774297506
FR030582,0.01653565251515806
FR022482,0.006225746707570891
FR025148,0.008515090324515551
FR029391,0.007312392254679808
FR026504,0.016357613155891133
FR024660,0.006556819123502371
FR021232,0.009678146684098924
FR021509,0.008068654646820866
FR028477,0.0034749861939682588
FR024595,0.009779145689747764
FR028322,0.00744276668418266
FR030072,0.01457043275698705
FR026364,0.031024642444042728
FR023542,0.0077999563045623565
FR027604,0.009865100185408402
FR030719,0.0048858715725489535
FR023012,0.003829549924530396
FR021686,0.008588810254329228
FR024772,0.004612813281129122
FR020562,0.007962488358605888
FR027757,0.028400680953011424
FR026091,0.005292198196183142
FR029260,0.018102912960685846
FR025991,0.01226221006835553
FR020328,0.010946998158139477
FR031127,0.005209171984847324
FR031108,0.020275363876915302
FR029131,0.03962086141944419
FR022955,0.0058366627763050015
FR024862,0.02745839297424387
FR024102,0.012942440696784126
FR022808,0.015302756732047396
FR020077,0.004918878958784026
FR028272,0.010553986473737322
FR030555,0.1559042721734146
FR031296,0.009282722342668989
FR023123,0.005124946677386099
FR024401,0.016437450284990884
FR030250,0.024781891567506337
FR031762,0.012607357171703864
FR026915,0.004355753214331071
FR020499,0.006336369198716052
FR029754,0.01593941530663171
FR028523,0.05094756302465477
FR023759,0.014949691075891142
FR021960,0.003433786392671393
FR031244,0.0069760790599912165
FR030399,0.009122652730778873
FR021385,0.007075992000718695
FR028478,0.007307952111954298
FR027747,0.02514366121108146
FR022423,0.006792939822650804
FR031216,0.0140561724621001
FR022987,0.005086316997499442
FR031643,0.005399221341404087
FR027790,0.03013567379582785
FR023004,0.09202956131541816
FR027262,0.012793844505108948
FR020602,0.00673847735828151
FR028419,0.007294228614502457
FR025702,0.01001298426478672
FR030883,0.015661939236899344
FR023406,0.07533087552176017
FR022984,0.014480790724076705
FR028214,0.005852740264651771
FR029390,0.01613951777975058
FR028762,0.004561792530076348
FR024420,0.007169181407642419
FR024161,0.009885985207953807
FR027508,0.00926467827890016
FR020273,0.023449881870084333
FR022382,0.030629642865691874
FR021063,0.01552852804721328
FR025710,0.016645570174764417
FR021049,0.005413018294460939
FR029454,0.004537458615073845
FR030501,0.00418746681029507
FR031399,0.033988231880071856
FR021247,0.013287557967857244
FR031471,0.004558682556101855
FR030532,0.005386863802646096
FR030548,0.009514573209549543
FR027934,0.07608109790476278
FR030962,0.011280494038983051
FR028520,0.008223458846754033
FR022395,0.018287620263621865
FR030814,0.00489306431373771
FR020568,0.004902516405007811
FR030418,0.008091866480379493
FR030682,0.010010958275696093
FR023330,0.006538496716074799
FR027731,0.005732296803421494
FR031054,0.00554543088683311
FR024369,0.019083988358464903
FR027060,0.007728670561464037
FR027720,0.010570812068149341
FR020891,0.002949366930327628
FR027107,0.009776429239868554
FR027710,0.006632438598702055
FR022772,0.0073371246713047926
FR025124,0.005010932519929706
FR022915,0.00327684070677714
FR026512,0.7959521736677406
FR030836,0.012987552993191948
FR026274,0.011721897756777103
FR021538,0.7537394532062747
FR020233,0.009939486915555408
FR021805,0.0068292734002772925
FR028225,0.031273194395146614
FR031174,0.01027555675190642
FR030862,0.015874658187737
FR025631,0.005097830087021806
FR024868,0.023888910449688248
FR027211,0.00943723977235379
FR028491,0.006985805371036102
FR028407,0.0086772585391555
FR021406,0.04654533003155535
FR022202,0.005925555660241372
FR024339,0.009016813610742105
FR022392,0.00908114366176563
FR023585,0.004530846392802215
FR029319,0.00529953018099151
FR025062,0.0030371245703793765
FR029808,0.034567712930371766
FR025909,0.00684201701148042
FR028187,0.015181808557050272
FR020741,0.032676026327276946
FR030392,0.003476342621223183
FR023798,0.00822878801861897
FR021343,0.009053044404809418
FR026350,0.017328329149158404
FR029501,0.007392047723637547
FR021151,0.009005267271946851
FR023522,0.006307225249440056
FR025820,0.0032850237753350325
FR023986,0.01615568608183145
FR028417,0.013102500955244501
FR025075,0.017289014659050243
FR023407,0.008466921069656845
FR020200,0.009334171274330751
FR026195,0.0029595845836684225
FR021372,0.0071264347105593024
FR024391,0.013893273346967485
FR030470,0.01259902159056311
FR023634,0.004246215482355961
FR024473,0.011120374387580022
FR021734,0.012804692119932326
FR024431,0.009279483607320175
FR024590,0.019934100344687084
FR028513,0.018652114998583325
FR026305,0.021485731422632163
FR023530,0.03226282902805917
FR022157,0.008967769806142938
FR028188,0.013215524922018237
FR026289,0.007568937505209225
FR026466,0.00897319370959246
FR026842,0.0035064197637498283
FR029631,0.004084362234158368
FR026524,0.008902215832438241
FR029225,0.02595683951321936
FR031588,0.012786665481840126
FR023480,0.007179173497442758
FR028728,0.01619783779924294
FR030570,0.02711012011027116
FR020683,0.027850019131765418
FR025526,0.013482798564940317
FR020646,0.14392010518156656
FR028239,0.009400787805765502
FR024134,0.009461369319297015
FR025796,0.005096294625084241
FR029146,0.012487467699336617
FR028597,0.01588468467258199
FR021426,0.005224056633495212
FR020440,0.020773810149496186
FR024745,0.008768479087751408
FR030625,0.00353229906078789
FR026516,0.01960816107139288
FR026256,0.006304083606533574
FR021197,0.013029342885126218
FR026456,0.02333050928356003
FR021498,0.004815385218444055
FR025577,0.006056302661747847
FR022933,0.15292198175989088
FR028022,0.013770808731603749
FR028786,0.0043418652038995816
FR027022,0.014497400289765396
FR029255,0.004168672125735014
FR025111,0.03471124177486552
FR025690,0.004614740394798214
FR020687,0.0045374460344864585
FR026936,0.5321670450543238
FR028648,0.014672519626551885
FR031829,0.005225805502721245
FR021603,0.016616037330274256
FR020819,0.005178870995032649
FR030693,0.009734317381704955
FR030349,0.008267086888442429
FR021688,0.0216639371984126
FR021731,0.006041008793704175
FR024434,0.015434736540156268
FR024856,0.005479799715862817
FR027691,0.016857549089080714
FR020500,0.008765276802082618
FR027629,0.033747660167728316
FR030647,0.00421068911111247
FR026134,0.005688777427121277
FR031104,0.010632896082792857
FR020257,0.0370443983600218
FR022995,0.012565088007014247
FR022343,0.027501449505063162
FR021345,0.010056732858027748
FR028055,0.006836382231626949
FR022520,0.006188524035103031
FR029762,0.011487201772522552
FR029350,0.004754671500028154
FR031734,0.012135347270096731
FR021940,0.017144369124395018
FR025534,0.005174483056208015
FR025725,0.01765451143637849
FR030043,0.005574217365355542
FR020452,0.00974437392954394
FR023202,0.05105316682627638
FR026764,0.008369125327756863
FR027309,0.007196744622652651
FR028005,0.01288233122155962
FR030178,0.005370725133561943
FR024760,0.004035650875363022
FR026776,0.004377935801127797
FR028843,0.006366714356273513
FR020584,0.014109520210282746
FR021450,0.011467270796458512
FR031797,0.0061541627323937545
FR028628,0.011774170994850385
FR021321,0.004300677354252286
FR031021,0.0031650740472148574
FR020483,0.008560515485571964
FR021978,0.011480035048321287
FR023838,0.008673522363547514
FR025058,0.00511818784798679
FR025017,0.023455574068424172
FR026105,0.004228833249599924
FR022263,0.011289289925298205
FR022533,0.0038726195682157695
FR021047,0.011571356879517441
FR020654,0.006472264291638036
FR028512,0.0038687676099085923
FR025895,0.009914991672444346
FR029703,0.009560359495254595
FR024523,0.007602213447526815
FR028078,0.032026643984040704
FR025349,0.012189977496698489
FR027182,0.02434201306049834
FR029897,0.00692953718762729
FR030768,0.017757458245872465
FR028861,0.035199537657385316
FR021191,0.08306378853025644
FR021787,0.007223699262630124
FR022065,0.01804167178922226
FR023107,0.018773673994075195
FR027421,0.014397765956842626
FR024320,0.05626683880319272
FR024777,0.0060959146765613955
FR027276,0.02690741195691358
FR031484,0.0073975795330068345
FR030828,0.10941294894587728
FR023932,0.02263884047395979
FR021031,0.005260391966887417
FR026968,0.009362447925952427
FR027523,0.016618528108271965
FR027837,0.008296808306656446
FR029235,0.007232836736712182
FR028611,0.22298263492695908
FR026745,0.00596928419262897
FR022053,0.045744130245522915
FR028051,0.015919063685258746
FR031435,0.005460770587849456
FR031965,0.01137113560638549
FR020038,0.0066400178782821785
FR029739,0.029912094980248178
FR021654,0.004936490552683463
FR024990,0.03493534688499033
FR024769,0.01652693352627908
FR030089,0.03142313099873168
FR023451,0.0073885820646034895
FR030441,0.009090979674934174
FR026975,0.005996563602259743
FR030384,0.008195048494792143
FR026061,0.010140772902209133
FR029266,0.00596986959204141
FR029826,0.004519055821396842
FR027021,0.0052090045287528485
FR021109,0.0043215185064541545
FR029439,0.022888043090398432
FR021582,0.01555463501712693
FR020451,0.0038569271884926425
FR027081,0.010795488001274608
FR024895,0.06344597948759337
FR024606,0.0035520174529029445
FR027362,0.019649392589396162
FR031534,0.015858688450153792
FR029274,0.01910202067737702
FR021445,0.004560088845944891
FR022658,0.009461175451542776
FR025480,0.03040964974346379
FR022432,0.007025949391947836
FR029339,0.03951792043809198
FR024457,0.011717131521416745
FR030084,0.005993639629831111
FR024272,0.0076536895767478404
FR024091,0.006532947434713452
FR029888,0.008691276049441043
FR021797,0.011988980174591967
FR029990,0.008199622659088648
FR031033,0.011415619196929806
FR022750,0.01374448967492567
FR023722,0.0051712656987062105
FR023629,0.005799155432980439
FR031869,0.01941870202070736
FR022845,0.00837989259521375
FR025892,0.3593546273412968
FR023208,0.005048728847740237
FR027667,0.009069784513331404
FR022434,0.011935434431093564
FR029251,0.03689753863817773
FR028060,0.004527157901784286
FR023946,0.00849175686985706
FR027266,0.0145435453585297
FR031640,0.06345878323735923
FR029159,0.00826196538615126
FR022570,0.020722765038903888
FR025140,0.014791978355677676
FR026372,0.007787073357161049
FR021182,0.6575027014164228
FR023359,0.010097346210281414
FR029996,0.008529263764530214
FR024488,0.012634993790412172
FR029401,0.0038886306901329167
FR029135,0.01313256545404807
FR029028,0.0043475468622221364
FR020823,0.04488297390611944
FR023091,0.014160099692010597
FR022331,0.011528247022553794
FR020882,0.0047578022505253715
FR028260,0.010013325859777645
FR028562,0.016798948389693806
FR023446,0.005000237715891649
FR027472,0.0055347346385674345
FR031037,0.011602684304621816
FR024422,0.0062290308291546624
FR024520,0.011804689785114208
FR030062,0.02511768506819852
FR022225,0.030244812651537417
FR026740,0.007888137652709635
FR021906,0.017988888578328303
FR031283,0.00432491634861967
FR020532,0.007744861275967005
FR021562,0.007834252443266762
FR028088,0.005152046301755306
FR022841,0.022644535842834056
FR031449,0.006614408483682888
FR027254,0.03126910717581537
FR024206,0.00571416298315045
FR023222,0.006294544359074036
FR025731,0.007787588248815973
FR030453,0.00449331978767036
FR027547,0.009372740101641764
FR021526,0.003729028457662031
FR026257,0.005742048806024078
FR022221,0.008225805786850416
FR021111,0.005757183602873531
FR026920,0.004684365008910044
FR027846,0.005549243931607841
FR024454,0.0051396450428165905
FR031843,0.023238552624316438
FR026034,0.008261321453748919
FR029373,0.007501421600370886
FR029108,0.022964495949236254
FR031609,0.005251839427004841
FR031546,0.041868344515607205
FR031031,0.0089664086034071
FR020409,0.22386833147129676
FR023041,0.007623425890851053
FR021128,0.017300100880107937
FR026348,0.01532155436923303
FR031948,0.016055613719355443
FR027550,0.014667490025599597
FR025975,0.013923136876932776
FR021925,0.00550498185059533
FR030973,0.00617067856161106
FR031526,0.01008886368050443
FR029278,0.014126348269253911
FR028980,0.013560964883777827
FR031210,0.009394890338862033
FR025858,0.024668125463247592
FR027102,0.015860453598797536
FR020735,0.015932186994337592
FR024035,0.06308851742581408
FR028368,0.017708880351829402
FR026100,0.004397030177251684
FR026327,0.0058748074551852976
FR020509,0.016333505979231697
FR029901,0.010781681976113806
FR031964,0.00366165683142393
FR020559,0.0026728715599382024
FR020974,0.010057305502852085
FR020065,0.5152707634451652
FR026981,0.030798767562797962
FR021939,0.006143206125185351
FR021871,0.01127923383846886
FR021559,0.010896148633692935
FR028451,0.007075586872209748
FR024128,0.02120399553186914
FR020863,0.005935033863721173
FR023954,0.004186587248382354
FR022328,0.0043573482905275625
FR027301,0.015557136368788563
FR020232,0.00602655025934326
FR021316,0.005698154096064454
FR021984,0.003077830708024048
FR021711,0.007787731931664946
FR024906,0.008506192471859336
FR021207,0.06989488210993748
FR024187,0.007501039824401044
FR023505,0.00858534483850541
FR027183,0.0060345206416906345
FR031464,0.013526684509356323
FR024380,0.013051730665590736
FR031621,0.003094419812726006
FR024744,0.0044144391457660095
FR021621,0.014041468659278359
FR027392,0.02994194961073785
FR027272,0.008959326236653156
FR026589,0.005775622379168115
FR026495,0.006737629699839534
FR021932,0.03735516175742375
FR024713,0.006096819790227281
FR026109,0.006325798434022337
FR029755,0.009158494385696164
FR031278,0.011256019722923654
FR027261,0.01086577756510219
FR027124,0.14446911386341926
FR027219,0.017112563620420292
FR031939,0.005228788623039706
FR020160,0.012075895902428876
FR023621,0.004335113613224397
FR028058,0.009480444742134457
FR027538,0.00782220652544775
FR028664,0.00828055920948816
FR028046,0.0046824001736886865
FR025401,0.005108593089997859
FR024995,0.10337430974883097
FR023774,0.004010816899222035
FR020639,0.008540329372385901
FR020163,0.05680742027916874
FR026905,0.007406549546139438
FR022270,0.009035608785205486
FR023072,0.015660930221264246
FR023097,0.004149522233170407
FR027530,0.009772781468208085
FR030780,0.006207245282809036
FR026561,0.01242591089474794
FR020101,0.12631118593462734
FR031822,0.011097334311960302
FR022409,0.00574717032726158
FR027970,0.00520590342578794
FR025179,0.009151153626250155
FR025342,0.03909515341045362
FR030140,0.006264188787702419
FR031111,0.005602050348285655
FR024123,0.02008458165142051
FR020309,0.009023919010491169
FR023729,0.004154419309039878
FR022707,0.023989439010065883
FR024462,0.0056087089153103505
FR024155,0.02235801396330514
FR022128,0.007009128196674849
FR020616,0.019424204114070014
FR030420,0.006067412404877033
FR027520,0.03919106103266012
FR021327,0.006334506771519146
FR022186,0.008497261570795084
FR023178,0.0031708050323723995
FR021958,0.01191519470406898
FR025944,0.011509502899526059
FR024762,0.020229931106056427
FR027422,0.005051118695704888
FR025133,0.04450570147395218
FR028936,0.006982483995545148
FR027935,0.07238960110734452
FR029408,0.007513273723865191
FR023271,0.03138424678740486
FR031434,0.006726337215299612
FR021767,0.011456082405302982
FR023875,0.006581892158408036
FR023364,0.02373697603144429
FR027322,0.007166824365703516
FR029716,0.006560109994597735
FR025416,0.0038828566019135113
FR020497,0.008778119504081411
FR025206,0.009749548751193151
FR020881,0.008163148751078403
FR026144,0.010747545212087298
FR025922,0.032486462880241415
FR029717,0.08032907938229353
FR030832,0.012474639152682484
FR030618,0.009366085402781546
FR025624,0.003207616469250197
FR028488,0.024639684885707384
FR020993,0.04837170544543738
FR025116,0.0065565295183692505
FR021256,0.006356462596291088
FR023547,0.006867634893550989
FR026428,0.012397372769341747
FR024976,0.00532968975453605
FR026728,0.016377582237173123
FR030668,0.0037525847975331365
FR025374,0.007329692283752176
FR030955,0.01236540370602443
FR026172,0.01892630907791392
FR027008,0.012518035505943112
FR029489,0.01177666194728145
FR021552,0.004960807957016046
FR024664,0.00785345737369737
FR031804,0.04838705494482624
FR020766,0.004286029941436645
FR030472,0.004813550775920213
FR021072,0.03110974252700105
FR030081,0.013337577796748707
FR028141,0.006590399511594824
FR027408,0.009868655185848322
FR020600,0.008255368408182423
FR026515,0.006983172217903437
FR022630,0.004905815374347835
FR023957,0.01212897326147305
FR025152,0.0037629931676970902
FR031405,0.010767249990487558
FR021298,0.02898564598548716
FR031927,0.012745992999507145
FR026634,0.016181200298298327
FR029663,0.014823925658854995
FR025636,0.00978112120035535
FR021434,0.004273673680683569
FR021088,0.03267797128610667
FR027205,0.007551608463268848
FR020304,0.017665258414445155
FR022114,0.004838897780845446
FR020092,0.007501494466883865
FR028444,0.006339067731453145
FR026978,0.008814973551838926
FR027651,0.022537794517888517
FR026168,0.004388555143060744
FR025972,0.016589574306926556
FR026787,0.009668531359834705
FR020631,0.0057077781323739115
FR031099,0.0037085408788840373
FR030025,0.006009593694551896
FR020752,0.02198596868170507
FR027762,0.009884321335743403
FR020976,0.005578080633146396
FR029438,0.006006402894149017
FR030228,0.009811777245767431
FR031935,0.012655853974763213
FR020401,0.009603953825085323
FR028138,0.015238434427598748
FR029200,0.011574406797216049
FR030125,0.009612338821358826
FR030333,0.02412289883141037
FR031065,0.008288396195190242
FR026712,0.037911357851399
FR020972,0.005175096591288314
FR020360,0.014157821330967796
FR024097,0.011277967151497285
FR029030,0.007053734158439992
FR031115,0.005625136653488941
FR028242,0.00394520753697044
FR028375,0.006176030325794989
FR021454,0.017225669537869952
FR028912,0.004262460351818869
FR028595,0.015396050767755826
FR024977,0.004997514412164219
FR030885,0.018584842204012887
FR027696,0.008646573383279873
FR022007,0.0065590272716276946
FR029824,0.007954220852660052
FR028255,0.00924300529294737
FR029764,0.003329320672795303
FR027159,0.0637949605703112
FR030651,0.007027677237909685
FR022989,0.06443678925104662
FR024640,0.008001421592009044
FR027883,0.010422495406634464
FR029843,0.012308413453175297
FR029668,0.010407190790344925
FR022871,0.03760169250789627
FR025711,0.007623216234305928
FR024234,0.007067731341337663
FR024173,0.0099245886550812
FR031161,0.004403828922096155
FR023900,0.020644704518675304
FR023503,0.005051549313624328
FR022143,0.0062597004211271375
FR031356,0.004762799287832493
FR031170,0.016570502337112256
FR022329,0.02263010304810038
FR020303,0.007708101886359217
FR025999,0.020646800723694236
FR023596,0.009354893863274887
FR022115,0.0072588752579439185
FR022139,0.0038455563032119694
FR022336,0.010946338128110352
FR021067,0.00455616916184229
FR023354,0.015298612357682076
FR022559,0.004647095662382332
FR029317,0.0032665202596463805
FR021707,0.010597477578745532
FR029372,0.008607603764470633
FR021177,0.003745067164711186
FR029782,0.004449803499478456
FR030302,0.0034617525120491004
FR023201,0.007114778687757746
FR021090,0.00999663915726823
FR031131,0.009218561019367088
FR025571,0.008510240999825131
FR022362,0.0067672506137195195
FR028211,0.010903983917241705
FR021698,0.008071843312906984
FR023161,0.003879574280188677
FR025210,0.043478552835544595
FR030284,0.021994524887259025
FR021560,0.0042746016742581825
FR026506,0.046423002782367044
FR022232,0.06806195719168731
FR025477,0.027676891314003
FR028626,0.01326318610445761
FR028083,0.004295749408745572
FR024468,0.08607283098735898
FR020635,0.0067196272709109505
FR029713,0.015733035179988416
FR030300,0.01971919936785588
FR028200,0.003048991128288892
FR029590,0.009042629993898182
FR027023,0.03589887241445182
FR028646,0.004509778955109112
FR021237,0.9562302330564171
FR029672,0.005417368186894424
FR024536,0.006564689593464059
FR030147,0.00561205482194121
FR030365,0.01224533461155217
FR020916,0.010445947166937353
FR031769,0.01637150026283951
FR027481,0.004771366898030881
FR027439,0.014367655825407022
FR030343,0.014256844185906396
FR025530,0.006229445218938817
FR024212,0.008401063749016295
FR029123,0.0030661858893098705
FR023467,0.04563602264358254
FR030362,0.004647100744652485
FR021683,0.0050078668128457175
FR031226,0.006861262131064834
FR028128,0.0062659024816777735
FR031429,0.005506937159990683
FR029546,0.012028128795818329
FR026937,0.007707748271314571
FR031398,0.008367316441670405
FR028054,0.006612713375523413
FR023159,0.025720427049514726
FR021200,0.06577427198679899
FR024632,0.006216731747620605
FR030767,0.005234494699474264
FR024577,0.010644519309391877
FR028126,0.44112698719270904
FR027243,0.007772011483259941
FR031308,0.01308757255541391
FR028721,0.006871720324829621
FR023080,0.005355296462424846
FR023658,0.02486603455501538
FR029891,0.009556847530169485
FR022785,0.00973346572053597
FR022763,0.015324221399028162
FR024416,0.009858644678170948
FR021252,0.007165409051788791
FR025343,0.030117604542142427
FR021277,0.012831019998070712
FR029671,0.016785027560052852
FR024226,0.012948682261921095
FR020633,0.00591279832120376
FR027321,0.004187764367346464
FR029292,0.00524438025476663
FR021626,0.012563732749860848
FR031125,0.7341482354886555
FR026330,0.005388178696242187
FR027999,0.011734278541462417
FR028382,0.0075751676737699876
FR029948,0.01834006144011987
FR022529,0.008513649749763355
FR020234,0.007157555132730853
FR022576,0.009036338064157635
FR023566,0.06744321048783714
FR031726,0.04121623852305194
FR030590,0.01810755909915105
FR028798,0.011619837302708415
FR021672,0.017431129950772385
FR029999,0.022296763025181104
FR029158,0.009564542309280794
FR028571,0.012115482499273713
FR023694,0.009117296933876782
FR026077,0.00970395394844398
FR026935,0.0601451593405337
FR026878,0.013240328236930938
FR021831,0.05528038535205023
FR027659,0.03838912143964372
FR023862,0.011795431140746613
FR020843,0.01231687720101246
FR030927,0.006875588502353157
FR025484,0.005012477281583811
FR029201,0.005406660061635743
FR020950,0.004082568224212197
FR024008,0.007297781965638428
FR024055,0.004476268222829292
FR030200,0.011336070566434642
FR026002,0.01948451563629421
FR029770,0.011488189239455703
FR027427,0.0032753487260368864
FR025706,0.011255138019629452
FR030235,0.003922645573568565
FR025910,0.002573929499772063
FR025337,0.005023338277055579
FR021911,0.005370046007972915
FR027127,0.005669093375472721
FR028360,0.02539056433206182
FR023488,0.005480471901367844
FR020029,0.01468139573462097
FR023984,0.007500916978993121
FR026118,0.003293617281278394
FR029174,0.013043384355771348
FR030467,0.056546819512948786
FR029542,0.2681912149363205
FR020758,0.026722938685454035
FR025242,0.00540554605588524
FR025650,0.014810300222207464
FR030812,0.0043388801217844695
FR027029,0.013701903136616378
FR023268,0.006069293868193363
FR021439,0.01681526115967496
FR021946,0.004370807941025234
FR031189,0.007549288078061716
FR022008,0.01754664662533468
FR022601,0.004241228219635631
FR023320,0.008199215628579878
FR028311,0.006942332222695666
FR020277,0.021752004473996934
FR029213,0.008644053922272906
FR026757,0.004427250001754787
FR021436,0.005047150672418162
FR022646,0.018141036841982438
FR025919,0.15324812664792054
FR025417,0.011503530653990188
FR020692,0.00770998406047686
FR021202,0.01398084549427454
FR022009,0.011064095880817408
FR022796,0.007255340194092819
FR024313,0.018257265839988226
FR020176,0.013008695521842768
FR020651,0.007844403095998551
FR025882,0.01081744545936852
FR030034,0.010114296624250774
FR028087,0.0330024757646102
FR020035,0.008077228074037202
FR026210,0.026124663585838686
FR023857,0.004578410398623283
FR021909,0.05559174047249725
FR025607,0.015888398629455888
FR030584,0.04459452890363955
FR025883,0.0064111889984486
FR030285,0.011827387797513756
FR022547,0.014413854889593583
FR023092,0.01027998103942365
FR025813,0.01064083834205323
FR031514,0.02627569236234245
FR026018,0.004514323192430196
FR028857,0.02562575621440038
FR021995,0.006025959124936323
FR025684,0.0048024088815726475
FR020058,0.009075400434907434
FR022387,0.00909483797342176
FR021542,0.006239190316493389
FR030784,0.012451457015927469
FR028243,0.004766722002065683
FR023472,0.010352549803628121
FR021318,0.005287120451935216
FR031510,0.009058382719564223
FR021452,0.006264363231244731
FR031175,0.0149522252291204
FR021183,0.006298270785428941
FR030726,0.0036098438860637807
FR021972,0.02123144470815354
FR024582,0.02162134864437388
FR023782,0.02021154624562793
FR020317,0.0052403091972993915
FR020862,0.01859837248988291
FR024101,0.004237393579499216
FR024776,0.005587043065255583
FR027206,0.010718462889833863
FR024321,0.08018834426814811
FR031268,0.010502682486911611
FR031499,0.04087348435710699
FR020088,0.005516511996538577
FR021692,0.0034089465802231043
FR021422,0.004722793745387563
FR021278,0.007151396046880478
FR022628,0.8575107910633164
FR022207,0.010127892854247082
FR031271,0.005906290732682865
FR020715,0.019105183758525837
FR031071,0.008992284835215405
FR030567,0.017028104365010635
FR030679,0.015703316180089494
FR023424,0.007853196710734357
FR026229,0.03339677322362012
FR026438,0.005160061190351046
FR023246,0.005395119827889769
FR023298,0.004540118432976744
FR020905,0.01052186150030763
FR028778,0.01817092676681211
FR026318,0.014071984538775992
FR030876,0.005822117315566144
FR021512,0.00598175473389734
FR031877,0.05465230637654626
FR023490,0.01848001597679504
FR021478,0.015701428760480137
FR031810,0.011080220913573769
FR027354,0.005339215535647969
FR031697,0.0035208502766826966
FR022525,0.025755884122059765
FR023266,0.03224195717963092
FR025639,0.020159586480926778
FR028067,0.007139582567565783
FR025524,0.12124615824056968
FR028774,0.006768807197944352
FR020352,0.005414268851935254
FR023356,0.035111319910534136
FR028696,0.014193747668319915
FR028681,0.004417296741756524
FR026424,0.008031536847318183
FR020188,0.002878570648672298
FR029516,0.005343498874302026
FR031938,0.013281402963129772
FR025069,0.009208303532465715
FR025492,0.007187985548743394
FR024068,0.005040321898921389
FR025555,0.006247005693429607
FR027451,0.012680604771629389
FR026604,0.08354362801903745
FR022078,0.006003502822554473
FR029801,0.005895914922137781
FR026819,0.0055540478748418495
FR031708,0.006954001089831875
FR023322,0.017719598637077755
FR026476,0.004671508560469508
FR031886,0.03552176616776622
FR028613,0.012262729831018995
FR023476,0.00744044760693791
FR030757,0.004849300080783305
FR023598,0.0036525046925600492
FR029581,0.007997860360911633
FR031358,0.00713547249934249
FR027494,0.006807296937286482
FR031235,0.2782697385495364
FR024869,0.021177517259090492
FR022254,0.019457198517628015
FR027482,0.007847360079476128
FR025966,0.004297685757704497
FR021306,0.003894879450491744
FR022028,0.009877454255299286
FR025464,0.009265204148703366
FR026790,0.00793017582540989
FR025167,0.03206258957805764
FR031273,0.0051354970410132
FR028004,0.005898269569431724
FR029074,0.014584985985458251
FR031619,0.009913091595470772
FR021065,0.0048888910926783175
FR031310,0.007996856131445216
FR020316,0.007813157268706617
FR029462,0.003173837488674463
FR028406,0.004930264410329449
FR022886,0.016725480767865845
FR026848,0.008249469925792558
FR031136,0.007424604519441519
FR031117,0.009682970700057138
FR020259,0.021263215658599326
FR022654,0.008451827093782697
FR023170,0.004382386096901782
FR023562,0.00760421202448173
FR023018,0.006211873414929985
FR031571,0.018918910142240657
FR023175,0.005417151364618824
FR024841,0.017775490779514496
FR020888,0.017254866791545895
FR024541,0.004052162908906865
FR028155,0.00989135518003267
FR020089,0.011806047656735203
FR023361,0.05166058886689525
FR027123,0.0071239955374949385
FR026671,0.006342346232357956
FR020893,0.01898829104314493
FR022197,0.005011596549353922
FR025644,0.0037293092280670315
FR031524,0.004071289996788825
FR029906,0.004769448325672641
FR026810,0.07621047613071852
FR022517,0.004087002244563692
FR023908,0.009203378057661114
FR031539,0.010538527482447992
FR029280,0.004344229778260209
FR028396,0.020591591215154352
FR025728,0.006593646869799979
FR026473,0.004540205341544524
FR024940,0.0055866108955847284
FR025719,0.011253543062175072
FR028108,0.005421712925076109
FR030804,0.004565934060385086
FR031272,0.010057107616032665
FR027674,0.004433830296211356
FR024471,0.013182944882672649
FR027352,0.007466413552819143
FR027683,0.020067221138527012
FR025247,0.008472583829610253
FR023415,0.0242475178405475
FR031017,0.11228358861476702
FR024175,0.007634572281690963
FR028777,0.00669698500866749
FR029216,0.008258892519450398
FR020153,0.014789954415027621
FR029518,0.0156963324097718
FR020326,0.019447981116791444
FR029202,0.024093117183398263
FR029533,0.009502931792173975
FR027044,0.005312555513180295
FR023683,0.005497925241135598
FR027580,0.008691345995411614
FR021170,0.009587587631788361
FR031793,0.004777613507443787
FR020245,0.02748879591338853
FR022077,0.007472253652556486
FR028621,0.006341641823907104
FR020970,0.005852438891262794
FR020201,0.008794256523462022
FR025848,0.012585350539138587
FR028579,0.009790458405086392
FR029734,0.005003487080520674
FR024103,0.033881427236719164
FR028279,0.7643189854078684
FR030603,0.00879183295488026
FR029781,0.005108359927397714
FR030238,0.0030975997777255575
FR029523,0.015681309838347153
FR025957,0.0162859541438747
FR022627,0.013693103246387197
FR030421,0.011558434607991438
FR024669,0.011432857781901574
FR025455,0.007456879790312498
FR031487,0.009892271408718062
FR025516,0.018395515294232636
FR024956,0.02007151003535377
FR029304,0.008876292192343743
FR024602,0.02300169621681306
FR029616,0.012958823392901669
FR027415,0.007280518268618463
FR025358,0.004478799280455815
FR029230,0.024238869565966666
FR024301,0.006782250690388472
FR027372,0.009123270847833558
FR028296,0.014281532166969247
FR027269,0.014966614212562849
FR032000,0.006087208042289219
FR031676,0.0766965419851634
FR030613,0.005254889806993726
FR025519,0.00913150745628532
FR021872,0.010494840501166062
FR030646,0.8487851601206609
FR027614,0.011268216449198811
FR027923,0.14153194501379934
FR031652,0.006405643887123334
FR027455,0.009805932963306042
FR024702,0.008033334498465633
FR029379,0.007696920535551164
FR024507,0.007994234797188134
FR025682,0.007740635258365864
FR027487,0.011399410007036261
FR023672,0.00540138707898725
FR027343,0.011144504148451093
FR029977,0.010883448692758226
FR023461,0.00535320307897142
FR022025,0.0035127722230247904
FR029325,0.026963323692095798
FR028436,0.0044879673210960775
FR025118,0.021493426394385944
FR029642,0.00831489400699997
FR029333,0.004112412499008429
FR029819,0.03009010216461388
FR024059,0.004844745076812431
FR021299,0.015542707284900887
FR030538,0.01721694156104339
FR030042,0.00878721417607844
FR020313,0.007285694781484382
FR031707,0.006385622591214458
FR022936,0.005300424117280348
FR021265,0.004298782180832106
FR021918,0.00890180929177847
FR025834,0.05241291788153128
FR021016,0.008216750533348232
FR025544,0.003280889685479216
FR028717,0.01733727853086397
FR029173,0.00383963271251538
FR022854,0.02441416238888083
FR024572,0.016106953594126762
FR020856,0.010128990555711764
FR020073,0.007766863226174557
FR031091,0.006006205487957549
FR021886,0.004297510805054115
FR023863,0.007065379221215207
FR026126,0.008560873895650837
FR029011,0.021185698528572973
FR026016,0.03190677417678439
FR030382,0.006496581497462209
FR027933,0.00838742729774949
FR027730,0.0056208441894764725
FR023211,0.01857098740006876
FR024575,0.006808890522759248
FR024946,0.0041697255611545
FR026645,0.005798275988023708
FR031247,0.047839264784124015
FR028930,0.0821184347375348
FR028820,0.008694864972493993
FR022307,0.02051266221896213
FR021553,0.006910534252143638
FR026390,0.007771528602983371
FR026127,0.0063878908034036026
FR031911,0.0075880566119848085
FR020760,0.00493782753736464
FR031150,0.05353081900847312
FR029918,0.0045776011081333215
FR021038,0.010614064401873062
FR022614,0.006556912053810313
FR024239,0.029006500638481647
FR020920,0.029352128114776825
FR022671,0.024363761093172332
FR031799,0.009351004788370951
FR029951,0.004888868154724695
FR028892,0.010212970874545016
FR020306,0.033611921409131926
FR026976,0.018101381469266202
FR021506,0.02473126842334524
FR024251,0.009618398105202607
FR020100,0.01141935668758254
FR027176,0.004790258880035371
FR027070,0.006225656865542527
FR031775,0.03666792423459581
FR029579,0.021139939397451436
FR028973,0.007919612891451247
FR030551,0.01867014889810332
FR026859,0.018447222875160985
FR020282,0.011327737238527924
FR031795,0.01358844182351641
FR022013,0.017943207001282158
FR021848,0.7110901922597996
FR029326,0.016306759767262306
FR028173,0.01509294569240759
FR024873,0.01314566593637117
FR031171,0.009849857803456872
FR025423,0.010141506708260249
FR025331,0.013397879903877674
FR026308,0.024622661822302425
FR020962,0.01179542297262262
FR023642,0.0062831105789360065
FR025444,0.027259021945910355
FR020268,0.0036761347884828773
FR020915,0.00601335856524103
FR021335,0.010002054911435677
FR023489,0.008901322584043926
FR029568,0.008587852560219988
FR031254,0.005766982809020775
FR027290,0.00714684561062649
FR023806,0.011808970477824556
FR022882,0.01657726523990192
FR021828,0.037936827452800595
FR021670,0.42776600503113127
FR027779,0.011132192788918104
FR028476,0.023786995146513806
FR022373,0.007742451692015169
FR026610,0.003937266202512965
FR031849,0.010633965549143767
FR031547,0.005149300293802167
FR031841,0.008607656816681873
FR030819,0.010986438686685468
FR020167,0.02252011850310859
FR024365,0.008776897365045572
FR031821,0.017959144713394735
FR026542,0.004168396238460473
FR020550,0.01385289620996818
FR027682,0.009629412276779055
FR028509,0.0059707249799692
FR025950,0.007123571995143116
FR031763,0.02446097538966283
FR028016,0.016455983182848653
FR026272,0.005049885592853534
FR021324,0.016963222889543862
FR023762,0.015577044457602421
FR030917,0.007115329536116981
FR027506,0.004727064845065037
FR025553,0.005153116237167682
FR031590,0.016541712500367418
FR031110,0.007697989109616367
FR021163,0.037208730931534706
FR023314,0.0069484759765404995
FR024829,0.018999748021085568
FR021416,0.00411013332773708
FR022591,0.0073399097019355725
FR022710,0.010184054115753073
FR026045,0.02339629389069842
FR022616,0.04942024944443457
FR024892,0.0077341451961935636
FR022076,0.0170518401509467
FR030429,0.022381598322147908
FR026983,0.006394166291779929
FR020405,0.007383591769595002
FR028000,0.005796137224326261
FR020808,0.0206120910100775
FR027470,0.007182332077368797
FR026402,0.005613743650274209
FR028754,0.0037310246122611327
FR031511,0.025000938433086393
FR029018,0.014605710488864571
FR025267,0.004890456799890637
FR029564,0.020891799929459245
FR023324,0.019178654289071874
FR025461,0.03279876700768559
FR020037,0.02297601489220754
FR024807,0.024013571446042565
FR020830,0.07332164903630291
FR025300,0.029068615702091044
FR021720,0.010346722442277988
FR029393,0.004807957919983536
FR024254,0.010932228638735848
FR022024,0.00928444507358179
FR026487,0.011661318691677521
FR024611,0.013301114312828885
FR027082,0.004091429514773631
FR021879,0.015017560363872487
FR022228,0.006466768727528866
FR023315,0.07038768595266212
FR022060,0.006946567747190556
FR027721,0.03517803957896594
FR031360,0.029244564406848916
FR022952,0.004473660894235317
FR023349,0.004745977108622004
FR027875,0.009045232657626275
FR026801,0.004345356327159424
FR030350,0.004340348010359285
FR021757,0.01949392447125823
FR022516,0.004276466591317367
FR027059,0.008631084884708266
FR027965,0.005262165663268028
FR025601,0.01029539846040418
FR022618,0.005156747221137385
FR025856,0.061824155835574476
FR031973,0.006521669315572058
FR024963,0.00455901199093001
FR025319,0.012018565307901338
FR026684,0.012194562453154038
FR020404,0.12476973605182762
FR021681,0.012421099551749127
FR027606,0.02063386363546644
FR022212,0.01769215224111419
FR021955,0.02047136338102222
FR025924,0.004571057313645174
FR030634,0.012241709709257167
FR021384,0.00995672576329867
FR021575,0.021279587811615437
FR023766,0.008661610772614188
FR023887,0.04697063003970696
FR028782,0.022203478971939437
FR023282,0.008099223048520862
FR020560,0.01291752816495858
FR020890,0.008925231579119671
FR025063,0.0066775615318873105
FR031015,0.01302828307668186
FR026731,0.006340380375956097
FR022930,0.03283240838535615
FR023403,0.05881653481541005
FR023877,0.0071874879496139936
FR020795,0.022351668373088617
FR021766,0.008901510588228138
FR023251,0.00511479629681919
FR027011,0.010354489337950584
FR022365,0.009985164578334337
FR031250,0.010224337480783201
FR020979,0.05268847493349018
FR026839,0.010943384973924261
FR027727,0.007722338894227849
FR024539,0.01638598360721074
FR024412,0.00572617210702947
FR029095,0.0089232366499912
FR026076,0.009810957393381106
FR031490,0.014874441688826137
FR022897,0.00624533773258667
FR030424,0.004081669254123408
FR024494,0.018640916729293154
FR026755,0.005473266738101671
FR031357,0.005870031225481227
FR023443,0.010277910638370608
FR020155,0.012423957517266765
FR026994,0.009019300536209453
FR026220,0.012376558299073848
FR031731,0.02273948841630401
FR025265,0.006521084801240954
FR025997,0.007388143368625524
FR026627,0.00436046024215592
FR022832,0.1563931497728186
FR027633,0.006515892803795
FR022823,0.014917315108394969
FR030912,0.013283413524283841
FR027296,0.020373593598599575
FR031962,0.023778343556816205
FR029681,0.004812505527421826
FR020708,0.009860753727640685
FR025974,0.025816226418299993
FR020495,0.006012369340476853
FR031563,0.02911981720825168
FR021597,0.005618634650656971
FR030225,0.031129059111582126
FR028327,0.0030122675786197184
FR027775,0.009529953806525809
FR028567,0.534035602262922
FR021546,0.004575000865839272
FR023370,0.014215731913268507
FR030993,0.004752785103703856
FR029004,0.00545101716059814
FR020679,0.01913729316529532
FR027126,0.0087526065982496
FR026721,0.4680276942050936
FR027552,0.008422016393038353
FR024809,0.01140312329717724
FR029376,0.0043085156909449815
FR029142,0.01518973199452282
FR030294,0.005082153831036574
FR027950,0.006811183847724639
FR024399,0.0035597485465052175
FR025287,0.04540350125037227
FR028734,0.006401490837088393
FR028810,0.010950353065850451
FR028821,0.004143670998531162
FR020479,0.0037965119065492573
FR027135,0.009867696585120673
FR028374,0.010755098139290972
FR029694,0.006261844888472768
FR029822,0.009092936989081557
FR027064,0.005357864597402855
FR030539,0.030838585656610063
FR024316,0.01403647327734287
FR020209,0.007741767402464022
FR020084,0.017268641835200896
FR023684,0.006954982439079491
FR026186,0.009148166508690932
FR022535,0.012711153748754634
FR025852,0.03729671777223248
FR028900,0.034016533803112384
FR020223,0.00811384298988778
FR021994,0.006619757873612793
FR025776,0.005385546730926031
FR031187,0.017387397123234536
FR024928,0.015442636273567767
FR022715,0.030081251456920276
FR026821,0.004768824996571312
FR030612,0.010135106072162696
FR022493,0.006326799394634944
FR031365,0.013908494237998784
FR027327,0.022630947456646077
FR030905,0.04335135552911409
FR022602,0.008947985468292435
FR030581,0.004534841791698939
FR030213,0.007298147117157957
FR021198,0.00974115000849326
FR021230,0.007660200533829464
FR030834,0.03237183024407268
FR021026,0.007231469862168494
FR023060,0.013243748469389374
FR025272,0.014375666362545614
FR023896,0.027235853246949732
FR030901,0.1090039930428351
FR027109,0.006172040816337756
FR027469,0.0068777329692101
FR024413,0.0056996120996374725
FR028627,0.005539604999406272
FR025127,0.0490377017665498
FR031074,0.23569649193761072
FR028804,0.035312308222884975
FR027932,0.014741913096840467
FR022289,0.005014591276518232
FR024849,0.01890555611636934
FR022416,0.010459878660231072
FR024395,0.004996989938905861
FR023902,0.0054946361938858265
FR025870,0.004291731156157113
FR022071,0.004140227475064336
FR025683,0.005069757609955111
FR024056,0.031169652093978834
FR025541,0.014499370123832761
FR031326,0.010669421234274331
FR025551,0.023730992984055718
FR022754,0.005724302594575811
FR031005,0.0155361679445206
FR025326,0.025144694027127695
FR029415,0.01205671816836133
FR024877,0.02187336582395829
FR028038,0.003991695218834734
FR020772,0.003549693571198395
FR030484,0.021350781847944304
FR020713,0.10804542179570871
FR025093,0.009591988563500718
FR028899,0.009001479467746586
FR025285,0.005291382256147946
FR030003,0.011141417556536772
FR023402,0.020422699394440618
FR031845,0.2977123222099533
FR020619,0.004580774533832086
FR024089,0.009764061357445968
FR023456,0.06827190437099359
FR026574,0.00643921633033938
FR021205,0.04709098123626167
FR031963,0.0034595959325291444
FR028169,0.005222103611411954
FR029075,0.007238883649149139
FR024202,0.003719413562659714
FR029449,0.009849535248693694
FR029823,0.006206951294552048
FR023734,0.010998989903165132
FR031164,0.007256056751718819
FR028371,0.005183158449280953
FR027707,0.004007502176788653
FR021017,0.019092887471610344
FR021587,0.008832030989672524
FR029183,0.004190192402277182
FR031900,0.009216136056902548
FR031518,0.013227159134312081
FR026163,0.005497279118970015
FR025298,0.0029524984605322803
FR021337,0.15628784676501736
FR026239,0.007476984628451619
FR022766,0.04668797094853474
FR020938,0.013702964468813267
FR021390,0.0061404886285747725
FR031553,0.010266983363542606
FR021556,0.003773659088655487
FR027359,0.005758228137457494
FR024705,0.013131398238454042
FR022253,0.0037858031639484294
FR031086,0.1354492355519139
FR030435,0.009053849466908598
FR023795,0.008501831409575576
FR028955,0.006548960216652885
FR029902,0.032247135857071355
FR021938,0.006256233288662004
FR028797,0.0035285616310781406
FR031051,0.003726439459733601
FR024811,0.010435326759842687
FR022187,0.008131361938598453
FR031004,0.006572959224290466
FR022342,0.016087540686755792
FR028727,0.009720736760022587
FR024084,0.013252583182526806
FR025802,0.007364695748589068
FR020620,0.00925161808077089
FR026405,0.018689248738854893
FR021330,0.014865889070383942
FR025249,0.003463243903156531
FR030179,0.006265273577363518
FR023389,0.04998271830258657
FR022775,0.007404963958634288
FR028137,0.00913760272977936
FR030688,0.009148432869537438
FR030643,0.00822606895626953
FR023670,0.006086935012197128
FR028519,0.004948071299317935
FR031063,0.007314342141001784
FR025390,0.0073865887548463256
FR023919,0.006871091472669929
FR024111,0.012419211295745088
FR031203,0.0035990200286439614
FR025827,0.03596177800601874
FR021844,0.009026555841905454
FR029340,0.004683832892812043
FR028254,0.00434413271758778
FR025448,0.012448096380075133
FR029576,0.006973376657752413
FR022644,0.006346236043641683
FR024537,0.01116175216333261
FR022931,0.09600952292844647
FR024712,0.01592084509706699
FR022852,0.005126192800685491
FR023154,0.016698334443827588
FR025592,0.00857626321491752
FR023938,0.012604994084334239
FR023820,0.017539711966041344
FR026612,0.012492541962267867
FR024269,0.009032436958774783
FR030460,0.014999125294573002
FR024489,0.7861520797696915
FR021407,0.005950367988262584
FR029504,0.006899571201423441
FR020465,0.020886923917282467
FR031249,0.005494381959730712
FR027184,0.005497633318012557
FR029584,0.0042515680124579945
FR031479,0.006552369141846653
FR027419,0.003760360022571997
FR030920,0.005398808676345893
FR025043,0.006154245346662457
FR028616,0.013720002740591791
FR024006,0.009402002117235695
FR023903,0.0043850105920971525
FR029113,0.004830661813897656
FR029565,0.008778230823687177
FR026742,0.013214578168459562
FR025913,0.005979588678145258
FR025798,0.023370736965253467
FR021215,0.03776447032584105
FR020388,0.009334917324495855
FR022768,0.005264581893225434
FR023768,0.12832614274518178
FR025874,0.006206369226252633
FR024547,0.007501189267997518
FR025583,0.008161844101915538
FR027226,0.00969760582934785
FR030941,0.009104114893984962
FR026912,0.011591816823508906
FR024082,0.011636927959961957
FR030353,0.010147491336879696
FR020837,0.00409791206730592
FR023051,0.0049226963410091236
FR028514,0.00798822250457815
FR031784,0.009015179563304419
FR026687,0.010117746724912946
FR020124,0.009141322773174698
FR029983,0.01552379558086071
FR021092,0.006965587629819725
FR027671,0.02249243614750601
FR021699,0.005677305452459437
FR020289,0.007449927998089227
FR024359,0.030453626103900466
FR023890,0.03525604191365464
FR029088,0.005943618219163068
FR028268,0.007761573591714322
FR027832,0.025334737197530266
FR031635,0.01782073258159688
FR026448,0.030008153071204836
FR026114,0.021975340827845472
FR020332,0.005672074134582375
FR030325,0.006477746132017565
FR028623,0.020329527415429132
FR028974,0.003360973527441291
FR030580,0.00720349551688348
FR028191,0.004889657421818475
FR024319,0.012905421285960667
FR021104,0.0076778980766001705
FR028150,0.006344116008342286
FR027549,0.022550763310305887
FR029661,0.013535807251113086
FR028249,0.011345244858310932
FR028003,0.006578743530885905
FR022418,0.00730195545414015
FR024448,0.022932280215073757
FR022453,0.010986807495976312
FR028604,0.007881644658010806
FR021632,0.005951861283114605
FR020081,0.011460298185643272
FR027175,0.004894185377898937
FR020534,0.011271153709439522
FR025984,0.008549236303277984
FR028570,0.004480916511144031
FR025001,0.01426722778069229
FR022611,0.00993890305891737
FR031085,0.008570636705185883
FR025638,0.005545679768250214
FR020103,0.006234467452615548
FR028932,0.023828617759953208
FR024686,0.024813453586160023
FR028266,0.010315434252639557
FR029702,0.024531745666221842
FR021833,0.006227796122622623
FR025061,0.0075705573783369975
FR026680,0.07452622603508882
FR023679,0.07240720160261278
FR021617,0.009865156779228074
FR028246,0.007388296512331835
FR022123,0.11993187550120292
FR029297,0.0046938218711487035
FR024094,0.03604812249726387
FR026490,0.006998618490127102
FR029674,0.008873782848293191
FR023892,0.8045898876681893
FR031709,0.010741727151225788
FR021591,0.004686422143234829
FR028602,0.011095224593916134
FR028737,0.006395817976060975
FR029577,0.013162582981625964
FR026750,0.013912123206221571
FR027062,0.005145953660127552
FR031335,0.00810798297048071
FR029871,0.007752554391124958
FR020650,0.018388987435852894
FR031321,0.028745506863137444
FR031155,0.025911757268533946
FR023162,0.00704848017750398
FR027540,0.16604823118261425
FR025157,0.009014041761710587
FR022951,0.008098396218122167
FR031907,0.004626513493205262
FR022058,0.009846155952394018
FR030760,0.012147857998319704
FR026323,0.02164534705269992
FR023195,0.041190749038455696
FR031114,0.0075855606931479426
FR020601,0.011343816384564474
FR026729,0.014758827700502079
FR030088,0.0193775545938671
FR027165,0.017896308692841024
FR021917,0.007020409897163168
FR022959,0.01067601209742333
FR029147,0.01040363196918341
FR025230,0.010087577834832762
FR027785,0.009882791870487809
FR030176,0.03320607879801278
FR029349,0.005111611524581755
FR029900,0.022917568220078326
FR022472,0.0053502187796200034
FR025245,0.0061484774694215896
FR021313,0.01430772477590144
FR023993,0.011213646909342064
FR026517,0.026361140886292784
FR025634,0.00856735824784595
FR029875,0.01085943854735435
FR027412,0.02421338684669267
FR025676,0.02723958698202671
FR029191,0.060721700230795664
FR027432,0.10784350117960059
FR023228,0.0039254051782078615
FR028197,0.022354992123181875
FR021444,0.011813359070364146
FR021355,0.0056651733796141655
FR031680,0.010144808331861151
FR029287,0.004657234979546106
FR022366,0.010068895697387174
FR025095,0.004385093285307199
FR025790,0.015059437268683709
FR024879,0.004163774519632363
FR030794,0.02236076864287114
FR022446,0.006948401270798774
FR028192,0.015920811914641213
FR031693,0.006055285397337309
FR022239,0.005641813155749094
FR026769,0.024118116689185117
FR025597,0.006133197338725286
FR021826,0.003366823421659104
FR022066,0.003509888794007582
FR027930,0.024866200700195653
FR026439,0.026364454102768654
FR028880,0.015392935239380411
FR026576,0.027993807621922717
FR027051,0.004557610261861673
FR024271,0.00694590682925734
FR025373,0.02025009000800555
FR031138,0.003998844842904323
FR025842,0.016298201283212632
FR024293,0.005041844843712574
FR031094,0.012561051427404237
FR027759,0.01740683332251831
FR026299,0.011559233859933113
FR029530,0.005199024781879886
FR024506,0.007143706322544798
FR020272,0.010000180328393006
FR025781,0.004295638958044046
FR028758,0.14233317396454828
FR020999,0.012684881000641912
FR020953,0.008633199801606612
FR021303,0.009411976420602123
FR030766,0.012741314516802594
FR031182,0.007474643671013183
FR029498,0.01844478360009802
FR031678,0.01321090712801859
FR025348,0.004264303329931607
FR029051,0.0044057253793675245
FR026926,0.030358851603965526
FR021136,0.024141633494676903
FR030630,0.008005540609791459
FR026949,0.01230824438559544
FR028603,0.059963017156206465
FR022456,0.008228891448538705
FR028226,0.02410259932983606
FR020629,0.007287399456003067
FR026225,0.00839886968424346
FR029447,0.007801001387119459
FR027869,0.008101179256292291
FR029037,0.015751643413153753
FR031453,0.07858475705730847
FR027534,0.012939729722340323
FR021479,0.05185031202124505
FR027267,0.022766676396897133
FR028447,0.012183028097468834
FR026285,0.012895189594491046
FR030495,0.02055547924734393
FR027636,0.02502116548742579
FR024739,0.008985489489730275
FR031451,0.008034262933218048
FR026989,0.012555250459382734
FR024584,0.00559973607640252
FR029313,0.008250179160189015
FR030393,0.005750338775487868
FR024349,0.007746759318670282
FR024176,0.017096023906458084
FR024726,0.00796498090353796
FR020362,0.003222556177295504
FR027348,0.012134322881210339
FR022152,0.02421640158734536
FR031266,0.007518469450642729
FR027897,0.007827765146656809
FR023888,0.007048743393505449
FR030650,0.01793487356202815
FR027917,0.02642445376113342
FR027375,0.007192898485727343
FR021042,0.011454034974361357
FR025666,0.013105372317342592
FR028792,0.11952110520807616
FR026493,0.006119765543091721
FR026929,0.009325231127727285
FR024029,0.0055078503995532
FR028710,0.012000826869611578
FR027210,0.06702009544607664
FR021386,0.006972889724979324
FR023994,0.007323938533671789
FR030708,0.004687264818572391
FR030425,0.015627168431685438
FR026765,0.007832458687140045
FR022585,0.017961484266565114
FR030697,0.012944614310137076
FR031376,0.15156088779046678
FR021175,0.007217467277345763
FR030168,0.0062913013469533055
FR027364,0.018326965480256557
FR020907,0.0034077011691018024
FR024828,0.0034671397467579772
FR027558,0.024396347157528198
FR028025,0.018291542457525293
FR031024,0.007152559958282481
FR029231,0.008460775402007827
FR025701,0.009942833373220498
FR026875,0.013527499248835066
FR028672,0.01800959006492517
FR028033,0.015153571762779353
FR027952,0.012840042353887618
FR030984,0.0041660632484743715
FR030297,0.06374803569597816
FR027849,0.1288256832436118
FR026617,0.08802089398030706
FR027694,0.017567731832688775
FR028237,0.6687891963810259
FR027585,0.02317966422797264
FR029148,0.009278732423278334
FR026719,0.012830973332995441
FR031452,0.006590537472989548
FR026270,0.010136556215955642
FR024838,0.013097749263869102
FR028834,0.0029550247091177954
FR029647,0.008212702987750503
FR026945,0.0859247760465577
FR030255,0.023714558141138507
FR025970,0.008152158177948253
FR031200,0.006728450296519956
FR031912,0.02022023111587095
FR024644,0.007610295412645854
FR029925,0.010560949497293925
FR029844,0.008049994883898464
FR021959,0.01180727131720327
FR021208,0.005916177385096258
FR028659,0.00949617866233574
FR028184,0.0057806180917723245
FR028711,0.005394106638452872
FR025022,0.005868804910929692
FR020611,0.022376772578047592
FR026871,0.00698733680371786
FR020984,0.006582986005758374
FR026086,0.00968007785199818
FR020166,0.014956323215956784
FR026971,0.01188059965844578
FR031941,0.00643496764541166
FR026196,0.011563181411737369
FR025469,0.019114209086510903
FR021371,0.0070867435720858435
FR026681,0.00973430900745112
FR031575,0.014225988580311669
FR023293,0.027367671215498407
FR028722,0.01572677466535391
FR026006,0.07188584897705544
FR029712,0.01229082362614839
FR025945,0.012263935059595112
FR020225,0.004699263771396626
FR022048,0.00471182460492069
FR025123,0.006809739735447471
FR031715,0.018468718981517255
FR027565,0.008487834026430982
FR028615,0.010239015867237846
FR029821,0.01296586049186078
FR023309,0.013012143192961626
FR028428,0.009600837710329563
FR031737,0.03277413902624067
FR029145,0.006327584699693
FR030563,0.008203040779134653
FR025754,0.006775283795932828
FR028175,0.006775301105766132
FR024275,0.01028654672313774
FR024654,0.004923216593293653
FR027672,0.01192809912733223
FR027093,0.0038681578047573503
FR027116,0.010006929303506858
FR025236,0.00409639831431329
FR021107,0.0071737976302001846
FR024658,0.021841334844595425
FR022334,0.005553223209518207
FR027960,0.006504825643149491
FR022613,0.004872794799218322
FR026302,0.009201791578350056
FR031587,0.006761155534831205
FR023269,0.018370773951701024
FR030455,0.007489114346899915
FR021387,0.00752800373981394
FR023390,0.006181100791898099
FR022732,0.018619740400416595
FR021749,0.007253679989808226
FR020274,0.13407552862254465
FR024659,0.012038937841520384
FR030031,0.013118531345653214
FR022896,0.014913927264932644
FR023967,0.005079985817028269
FR030890,0.014807263609617283
FR028956,0.017551898830441243
FR024764,0.01668749785284769
FR029657,0.010834524651238986
FR024768,0.005062088813144808
FR023155,0.006272764081112335
FR021643,0.011611069372259895
FR028743,0.01140740821370871
FR023556,0.009779374818324036
FR026910,0.010353211641084626
FR031032,0.01019555500437445
FR024397,0.019678218455108275
FR020734,0.0035864528103738947
FR025787,0.0042809486071225065
FR029195,0.003795975766093809
FR028770,0.024307657138360517
FR022269,0.025593716686559492
FR029953,0.006617829574784009
FR031389,0.004257292008883864
FR029125,0.0060760326633385086
FR023551,0.01621320940784844
FR026717,0.008391183841108246
FR031224,0.004633560936944335
FR027016,0.0027609436874080255
FR022198,0.012332485154267363
FR022880,0.010288926650376845
FR031719,0.003707867962634677
FR025317,0.027431085154888103
FR026391,0.003501212018816069
FR022460,0.009004817613696361
FR021814,0.00924768255886591
FR030606,0.013456813707410118
FR031489,0.020713905135597
FR025545,0.008456348058028501
FR028875,0.06605260965158456
FR023675,0.006653219863116029
FR028281,0.013746211987740559
FR024578,0.007537120965851832
FR020841,0.023870253039373106
FR031001,0.011852728310465344
FR031043,0.017035685100519567
FR029177,0.02270254664316036
FR025102,0.1797887098939091
FR021019,0.010651220374805362
FR028474,0.006518397612549557
FR022821,0.0206082040547109
FR025508,0.0059249068436843366
FR030749,0.025632718888574733
FR027416,0.007636999691243501
FR025389,0.01428544521814964
FR027919,0.006513442750351542
FR031937,0.011923283526208608
FR021977,0.008307376775616871
FR027643,0.006115180939769219
FR025657,0.011529212382635587
FR030753,0.011228365199471792
FR020334,0.0043163098567755576
FR026948,0.014109106874382184
FR031674,0.004903814573605123
FR020080,0.006749196430159152
FR021667,0.01905189942405585
FR022091,0.013201931901087375
FR024981,0.013954590698093216
FR030120,0.007724346912399963
FR028906,0.006233811350594395
FR031669,0.03049493433673602
FR023779,0.02875717407809087
FR029399,0.01844162674600907
FR026264,0.00804045502960717
FR031675,0.004993220208649483
FR024587,0.012095016993423958
FR022974,0.005138697617789745
FR023444,0.02568130248448306
FR026844,0.014939163998029631
FR020131,0.007584176984572697
FR029270,0.005536008039210108
FR024241,0.007829797902841624
FR024522,0.015370667541427036
FR029093,0.007273384995243183
FR022954,0.006485826384497388
FR023468,0.007607017639906617
FR020689,0.039813330170464185
FR023226,0.01521653059846404
FR031093,0.0116047947020689
FR030372,0.007923854297206332
FR024107,0.018348671922922576
FR021083,0.010463867764851935
FR020283,0.009689726153354774
FR027345,0.02075178445629105
FR022730,0.006345248794165324
FR020028,0.004620672798048844
FR028333,0.004306984503738307
FR023237,0.006289017831987498
FR022230,0.2554171532176378
FR030802,0.00891734673861713
FR024979,0.009810990203285816
FR021214,0.010866778012964456
FR026161,0.009926076996216684
FR025955,0.009695705984253494
FR025074,0.015875579686944957
FR029976,0.040781991229464486
FR021549,0.027907647447341522
FR030475,0.003962237702614528
FR027926,0.010853293099427388
FR023705,0.013790140760866404
FR023153,0.010230149358960165
FR028779,0.0073235342562717725
FR021174,0.22218425058254473
FR027615,0.0042315235286856535
FR028802,0.012802591469880836
FR020503,0.007400911486218163
FR031263,0.02027971160218596
FR027356,0.016456866084353768
FR031485,0.014279172435865831
FR025517,0.0069313396637097156
FR029019,0.02066643710807948
FR026382,0.006133152866054865
FR030074,0.006359110858862769
FR030354,0.01305383570639164
FR028568,0.014594745054352511
FR023921,0.007137023666258615
FR021246,0.004377541942667278
FR027286,0.007438240859504267
FR020252,0.00646220249509447
FR020302,0.007428343958614844
FR020898,0.01750414645666314
FR029193,0.005544536590564457
FR028228,0.007019054869603097
FR031892,0.006770732844298119
FR026643,0.0031845526535139723
FR030295,0.003562797064813641
FR026815,0.009680404891301628
FR031752,0.004801215495196665
FR025761,0.011478803560428508
FR025596,0.007004854157284431
FR029869,0.005393190897088453
FR029783,0.04018384732005575
FR029748,0.011108103531329388
FR023133,0.011554038550150829
FR024983,0.012786828000386167
FR027564,0.008658097029413907
FR029634,0.012480836852303636
FR029632,0.008335144315692527
FR023479,0.021676034353440975
FR023075,0.038054551937283354
FR022236,0.010236572219979896
FR026111,0.006275548629066664
FR026025,0.015549119809700177
FR027543,0.006104157396103248
FR028593,0.020725775890887855
FR027524,0.0325938240015734
FR030209,0.051048576058819184
FR024205,0.044388763474480494
FR027131,0.12753545209235967
FR020546,0.02190318137442837
FR028896,0.007070369746150204
FR020045,0.005576185252385768
FR021642,0.003875037844745053
FR029152,0.04390304859886447
FR023150,0.015588513373870929
FR024196,0.015773936909244113
FR029283,0.010258936437528579
FR030155,0.016823783829304887
FR031903,0.013307470116004897
FR029150,0.017117208549163477
FR028503,0.02418953605952568
FR021704,0.004790523179908114
FR022621,0.004267411528921773
FR022866,0.014046846897316478
FR027899,0.0098455543036514
FR026883,0.054643706064609776
FR030322,0.005787495504903749
FR025273,0.010491637709120908
FR025281,0.0050448738163039455
FR027596,0.0062520029912215445
FR021070,0.00825217264814766
FR024086,0.008295532028416283
FR028842,0.016072216168722658
FR028883,0.011468534282555955
FR023915,0.005750717939405617
FR030336,0.0077198399052480215
FR025297,0.00752384314806587
FR020186,0.02513502715750273
FR023047,0.012070645148206494
FR023545,0.017499835231000613
FR023977,0.01304244075721081
FR021006,0.005569487281038692
FR031532,0.0064769657271058585
FR024521,0.019693084436614206
FR029916,0.013540199314637041
FR023245,0.014572223271371976
FR029026,0.010449445609289716
FR029472,0.007623988304788611
FR024552,0.006713308040585214
FR029285,0.008629071352346345
FR023736,0.010026683056867585
FR023654,0.005083576962155266
FR024302,0.01987821732094075
FR025491,0.005199295783561617
FR024770,0.005319601334075079
FR023664,0.008270062587867158
FR026019,0.004718861332653116
FR021020,0.004435027336629855
FR021650,0.008827495907851774
FR029601,0.01140876235364453
FR020776,0.006825254484913337
FR024613,0.014964229983549366
FR031949,0.02106386489164289
FR027100,0.022501594757541966
FR025730,0.009170569800287307
FR024032,0.7079373847073048
FR024532,0.018221001850667374
FR020395,0.008732913973643699
FR030346,0.009500479749593341
FR020986,0.23109221460224177
FR027141,0.020483708941462016
FR021440,0.00969152135279618
FR027853,0.008638970011425936
FR028086,0.012971692905361015
FR031922,0.011632421933320002
FR026165,0.007111644027516073
FR024872,0.005769483237415765
FR030452,0.011471790488852019
FR028241,0.008614457655040526
FR027968,0.004430284868206654
FR030669,0.009934740898387865
FR020396,0.004794359886059927
FR030899,0.014217778640021514
FR031765,0.006351936973923436
FR022554,0.004627050426982803
FR022085,0.005611513762257865
FR028977,0.004829144341232992
FR021349,0.04538355692997591
FR027991,0.010230942175619161
FR022799,0.007752505218667471
FR030575,0.007126741335698024
FR029600,0.004952363258932535
FR031699,0.016704938304411488
FR020827,0.006326086035884519
FR022069,0.00637328267735351
FR029298,0.010408211447530092
FR025540,0.019232115086209763
FR026581,0.10565257554290612
FR027444,0.01771451148241695
FR024315,0.0045915789144015335
FR030121,0.019449045342044353
FR020165,0.005078463491243893
FR030662,0.008595764571688546
FR030506,0.007368757639710878
FR025803,0.004607451580646264
FR027294,0.005664409561949068
FR024162,0.004149177018513672
FR030321,0.006942850694559683
FR026533,0.006117401322838478
FR023979,0.007594228643964423
FR030157,0.005109481900398053
FR029919,0.004737309272174504
FR027804,0.01102658424632071
FR022314,0.006643148452517356
FR030239,0.0062130750218407456
FR020344,0.005219990878474418
FR024421,0.009127683721659036
FR029836,0.011235823723963161
FR026204,0.019917566869950068
FR029001,0.017357376845895493
FR024671,0.009712787251009805
FR025521,0.0063114491009166745
FR023727,0.01621252662930529
FR031995,0.011867777289295394
FR025070,0.0074807368970686945
FR020960,0.02015730395767519
FR023348,0.011646525244801453
FR029204,0.009034963418237823
FR028209,0.01808302179596758
FR024297,0.008300113393551384
FR030422,0.0038582661097777337
FR030221,0.009517786109110426
FR030639,0.005810496934919376
FR027303,0.010387932383454545
FR024725,0.01646015579178901
FR021980,0.008775835283175683
FR028972,0.005614130508346328
FR030197,0.003160562878920787
FR031580,0.006614951595180649
FR029589,0.010067701930905188
FR023841,0.011163592980793346
FR021637,0.007972175527769798
FR031183,0.0122383423013186
FR021055,0.02347014178071
FR024504,0.00590517631747915
FR029905,0.005100458291620992
FR027850,0.006414838164620164
FR029561,0.00510170866743413
FR024069,0.004777003326872763
FR021966,0.00847202237277165
FR020512,0.007967147000437918
FR026799,0.016964132403984183
FR026300,0.008487423159839608
FR029849,0.0060189511237507135
FR026924,0.005037909533953926
FR029520,0.008607226768284366
FR027911,0.0046652949609032645
FR022655,0.009743398957665248
FR027905,0.019385216916065935
FR031293,0.006994772348574553
FR024970,0.0037037375672948876
FR020517,0.006590282428851432
FR029635,0.006811414388782943
FR029757,0.01351508026818229
FR031228,0.013376517888504996
FR028985,0.004855486423205364
FR029024,0.006370837924358756
FR021421,0.004159130992854554
FR029524,0.0052207612991368784
FR029356,0.15080864680630088
FR027635,0.01943401119067778
FR029423,0.010167299318575726
FR030338,0.009394106205519812
FR020293,0.005613351620522273
FR027001,0.013298026091980244
FR026041,0.009180002563242973
FR021941,0.009759679046909641
FR031406,0.020908317911188135
FR029877,0.005993697786051837
FR020595,0.007542124451071166
FR023614,0.01146728421118052
FR024716,0.005637453390402433
FR030863,0.035762129739432554
FR030747,0.005255581559480734
FR031759,0.00920332332278804
FR022824,0.010423066864880214
FR026494,0.012753212994320435
FR024567,0.012023692157101177
FR023897,0.018292858298719038
FR027622,0.005083542500408116
FR023837,0.00993228449981692
FR022248,0.01044018077286882
FR029834,0.006918104736308233
FR021418,0.012812594610845796
FR027751,0.01185331139037763
FR026800,0.010309892644067755
FR023066,0.009917685173325187
FR028553,0.01856676828872602
FR028521,0.009299989121542973
FR027300,0.004380838349659717
FR027067,0.01710143122012337
FR026661,0.006980127133847172
FR025131,0.0039610177577545655
FR029854,0.005701128535300475
FR022675,0.005987333956546536
FR030040,0.004409504140990296
FR030180,0.015184008478876302
FR030170,0.004739988614643566
FR024822,0.033523054747931574
FR024280,0.01926367432657666
FR020590,0.004382510667726368
FR026292,0.003250257543686655
FR031815,0.010812035696135085
FR023693,0.0052940363386393555
FR027454,0.0032193770913403795
FR023925,0.0070651786475457775
FR031767,0.008083222678062055
FR026922,0.023355786085048243
FR022537,0.013698252559543714
FR021638,0.004702686525454037
FR024679,0.05231798186096446
FR028584,0.029384903415219286
FR027872,0.015228098612427996
FR021653,0.01298829084577903
FR025341,0.0220246452637433
FR031184,0.012070165418877924
FR022481,0.016421725033002064
FR022965,0.025072427864679014
FR023115,0.004503394117457285
FR026201,0.026115595413768372
FR030454,0.03327894027836461
FR031684,0.004800109641766774
FR031430,0.012822182755732598
FR026823,0.003985807860421141
FR026427,0.021864714444772497
FR029549,0.004106766026682743
FR020094,0.005061863539934737
FR025258,0.011928257837042086
FR026489,0.013189803542158105
FR020457,0.004004697442589144
FR026320,0.042991798842325436
FR023834,0.0074542984372166655
FR022999,0.0026546754654026205
FR028140,0.005239046494070643
FR021030,0.024384951994731147
FR030888,0.0076940772922933125
FR020574,0.02399999479985996
FR031096,0.038022052876427084
FR025778,0.009060339962166788
FR027971,0.009358791858834703
FR021802,0.058165200112955937
FR030611,0.0042316848462385205
FR027680,0.019528562663357542
FR025353,0.023316058872320057
FR030633,0.0072337245727711955
FR021758,0.06106501440973603
FR026852,0.30920883015884887
FR020908,0.004601502228187624
FR025854,0.08093007913206703
FR031565,0.006492498822750599
FR028540,0.009874186690825354
FR024045,0.004568584287510608
FR031792,0.00785934574232881
FR024308,0.006263243667404212
FR031661,0.00849843438326072
FR030340,0.00560728168666882
FR020831,0.007247631127286855
FR023481,0.013136175892729992
FR029023,0.0053200485844006285
FR030388,0.010876059301795474
FR025170,0.009875685065559345
FR025686,0.00465465721198466
FR030334,0.008732099847055048
FR031019,0.02020611357040845
FR028198,0.004310116641749319
FR027582,0.026637863600226692
FR025720,0.032643219623937784
FR028295,0.007251659483641664
FR022947,0.015949367407200966
FR026961,0.005420352545950945
FR026813,0.06191330737489694
FR031018,0.008164635792318084
FR030564,0.00816907137542187
FR026860,0.0045497011091666624
FR028376,0.007707973956268046
FR024267,0.01094298590024
FR021644,0.009291946822780985
FR028326,0.027043708176713373
FR022908,0.006185499936041823
FR028035,0.02484361175184434
FR022302,0.018725934703675853
FR021000,0.004250705295374177
FR025107,0.010990400039357797
FR024090,0.005325678184220017
FR030845,0.006194934391389804
FR026162,0.004869336423476091
FR023057,0.014022325459713936
FR029189,0.017261297861531116
FR022200,0.00802590123996045
FR028508,0.00616854614116306
FR022149,0.008820732341677946
FR030727,0.006163007094683896
FR023210,0.006767474383266171
FR024485,0.01481659822937648
FR027878,0.012498805575263916
FR031507,0.011154824597199225
FR023692,0.012818274010506262
FR022742,0.019708695895828212
FR031152,0.008278427046074613
FR031153,0.011345911846673109
FR024456,0.015529012851157816
FR029232,0.010509220274742482
FR030743,0.05358067890290023
FR021420,0.013659124351606244
FR022111,0.005048144767332579
FR020849,0.009764155906068316
FR023618,0.03155844571545967
FR022541,0.009583241595515426
FR030566,0.005981835572423639
FR026916,0.012837839494493086
FR028158,0.011312556677784791
FR030361,0.014995997142970058
FR030439,0.00845106291862326
FR026193,0.004776028849349428
FR021272,0.007069560582858889
FR021881,0.008597945363330311
FR031080,0.0036525072012738454
FR028643,0.005855771528294905
FR028995,0.035465349290880854
FR028633,0.03769448794688069
FR028367,0.09600909187305594
FR023631,0.006468077434913342
FR028101,0.01002445238340088
FR021009,0.12938159275732952
FR024486,0.00834571174165977
FR022208,0.015088386923200242
FR021615,0.006063992366108921
FR026362,0.037994324227293874
FR027959,0.007985631128161967
FR026232,0.018624050179771687
FR022144,0.007282020546249317
FR022255,0.011480585495446621
FR025670,0.6605113062315378
FR030306,0.08109541492865016
FR022975,0.020502122181792697
FR030185,0.01380171422394259
FR030517,0.016198731158580077
FR024157,0.03171215602082014
FR024511,0.0033274317323667333
FR027166,0.010343299905208438
FR031316,0.014110328900162944
FR030879,0.003741257286351698
FR022394,0.007382081639306408
FR031084,0.006511874864514841
FR026328,0.006190284298847406
FR026462,0.009615059210941978
FR030374,0.021540234675183862
FR030527,0.010106398146308992
FR021008,0.013344445523660037
FR028979,0.06384246342389492
FR029540,0.004746555594996502
FR026894,0.007325141869283981
FR027642,0.010628427100957323
FR024043,0.058469580101151955
FR027593,0.004418168827086794
FR023166,0.012656892329402102
FR023534,0.007246608664021145
FR022790,0.015897268443740988
FR021874,0.010336577715394705
FR028089,0.033350378667932376
FR028976,0.004427206505921445
FR023331,0.16379469402383268
FR029015,0.013246350884658137
FR022505,0.00335993855425066
FR030358,0.013880460173611059
FR025748,0.006035537334754661
FR030093,0.006165508052217135
FR022020,0.008510817052023462
FR030939,0.004209603109658771
FR028068,0.012089571943062784
FR022837,0.00773655327599033
FR027428,0.005933415376801872
FR031732,0.027127676588339523
FR030465,0.0098384548242031
FR023394,0.006013864970270663
FR031630,0.007344292869331646
FR027072,0.010022024262641881
FR027233,0.007349890948244252
FR022215,0.004153871143988177
FR024430,0.00912574040805226
FR023886,0.0032597664664295984
FR020927,0.01936641186245418
FR024860,0.005941536023595302
FR023191,0.008454293008952217
FR031242,0.020087358637700954
FR021968,0.008680640667002897
FR024026,0.0044380628125662205
FR029599,0.009136182721592827
FR024972,0.03127450614157425
FR025072,0.06776671400621104
FR024949,0.007750178340434408
FR028606,0.03312876453579131
FR027949,0.011284425941225711
FR023399,0.005321017570163007
FR029040,0.007922063167914457
FR030699,0.11018368413775828
FR020181,0.005956325801830012
FR028037,0.014940954669591024
FR022681,0.0056364276958432115
FR026973,0.008236907914490863
FR027429,0.0032150509731860635
FR028223,0.010471840000536045
FR030194,0.01702184680511472
FR026451,0.004177986237106192
FR027406,0.012295675486523447
FR026130,0.010833195186270498
FR029499,0.006870139401782628
FR028678,0.006229069208017154
FR021950,0.006180144720276282
FR025038,0.004567415598157773
FR023747,0.01651559994216818
FR028624,0.007349098119031824
FR021110,0.0030214201451974434
FR024631,0.010463446740781687
FR022246,0.004223906798225621
FR030968,0.011953698014162685
FR024350,0.03400598402879749
FR029435,0.026610269581690375
FR025367,0.019129873640779914
FR025308,0.0061637927216049255
FR030906,0.004250115610321026
FR031208,0.02767454838870616
FR030785,0.005333600601470543
FR027479,0.02943257038140552
FR030044,0.004436603024116569
FR027460,0.006614683858553111
FR031392,0.012672972849119751
FR031744,0.005038759989913187
FR027259,0.004597061181263419
FR024047,0.20357606832535505
FR030160,0.01625070509537957
FR021812,0.004960544844386969
FR027963,0.013394188793685874
FR028929,0.011782522723934222
FR023408,0.0031929835088233666
FR029517,0.019961350369974172
FR022519,0.004983383887995617
FR025497,0.01654553619622423
FR021508,0.006795155475688567
FR025595,0.022774479872423037
FR022358,0.0176630554906162
FR020227,0.02880412572653277
FR028561,0.005993520806280133
FR027701,0.005070271946607232
FR027774,0.006482300269856659
FR028341,0.00672165498445901
FR028662,0.010847182990423093
FR023870,0.09880292734314493
FR022403,0.00504723668618743
FR021811,0.022983241060843464
FR023572,0.008051598743279483
FR022033,0.005901576140533398
FR029263,0.005956127219044424
FR025225,0.016346798864043676
FR022251,0.01024334555570959
FR024795,0.011840774751723519
FR026851,0.008581066218852565
FR023376,0.014843378388136657
FR020597,0.07358178170118111
FR030770,0.010687510285299736
FR023969,0.01445815616820787
FR022019,0.003753395173769556
FR022337,0.007193368467078862
FR030366,0.007009185862719545
FR024678,0.005964825955984087
FR024730,0.0443997724900911
FR028878,0.0066414550655008574
FR022791,0.0067236003712885985
FR024758,0.02413896951009955
FR027056,0.006572396797217243
FR022538,0.017552947289350362
FR022386,0.024527887915193287
FR024051,0.04016470344206308
FR030067,0.015094805175086424
FR022884,0.019282944272827895
FR027495,0.009725256304137129
FR021846,0.00870887638104429
FR024782,0.005652149955954337
FR022279,0.008103834231078067
FR030822,0.005782000205939361
FR031700,0.007768354188417978
FR030487,0.017812212662777563
FR029676,0.0075653553759159
FR022861,0.006513850633084991
FR023353,0.006617410615056332
FR024120,0.009626955945986468
FR028753,0.006558159931942721
FR023062,0.02113294404041942
FR031304,0.013497872139493463
FR026826,0.011228355896041924
FR031577,0.0035075867166677655
FR031552,0.02499896439902958
FR020054,0.004234858524798282
FR029481,0.0047643538171273595
FR021695,0.004370105301657022
FR030098,0.013126917866501154
FR028679,0.005271051535531144
FR029670,0.006942226315101009
FR027471,0.011298346610612957
FR020351,0.0061321790190363105
FR029617,0.061154612283940125
FR025988,0.016588246914211395
FR021463,0.017814274321623875
FR030132,0.045563298607905034
FR025325,0.013240861972408624
FR028097,0.008299193470374801
FR025897,0.005968839627170458
FR023023,0.005905492058618113
FR020657,0.00407654041082558
FR024204,0.007020812868597475
FR029829,0.009040899075526099
FR020305,0.008496835047067244
FR023983,0.009056302545194088
FR030257,0.011170788106204194
FR021554,0.005135729400156467
FR028465,0.004303325332498086
FR020284,0.006540943858409996
FR030035,0.0059676285664659445
FR027140,0.005432141068320096
FR025916,0.006208993439498543
FR023518,0.6103715764497142
FR020566,0.014752376036571058
FR030398,0.017993401786081175
FR024904,0.010284586511470873
FR026418,0.029234989092004077
FR023934,0.011205268920189622
FR021804,0.006128788745133319
FR025323,0.01905290342434423
FR030092,0.007931964354528507
FR026879,0.011397867006291324
FR028065,0.004306812675759366
FR023431,0.0034476200205197337
FR024755,0.05863941357213324
FR020699,0.01005739322790911
FR030099,0.0048213972125913124
FR021627,0.005625919697459733
FR024376,0.005174249017439204
FR026404,0.0626448099566033
FR030145,0.025358962038456882
FR025522,0.016428384512083158
FR027485,0.004976245686576896
FR027221,0.00934936255957653
FR031858,0.003381108945967834
FR031168,0.005065922538001474
FR024261,0.025009437404637336
FR030846,0.005823013756934328
FR029992,0.004036096679486401
FR030293,0.006341018528300585
FR021974,0.007268556130927892
FR030859,0.0159901374037146
FR020219,0.008641615568044827
FR020524,0.7476430510847614
FR021770,0.0057467160148504505
FR028860,0.006104354867300437
FR027637,0.0038238290894225756
FR028811,0.012199213751865464
FR024347,0.011074446765087018
FR020778,0.019881916514425092
FR027125,0.009479255049227031
FR029428,0.0034763478695407552
FR024901,0.011987440587409711
FR024531,0.004474118755446789
FR026136,0.004255655268124074
FR024728,0.00516869116574714
FR023085,0.0050570426271017085
FR029049,0.018035873753372206
FR031491,0.004224282995504746
FR029680,0.01487923973720893
FR021784,0.010975396681847823
FR022313,0.009320979161348478
FR031229,0.004967384382550866
FR022558,0.006012667108525111
FR025805,0.019150404248579687
FR025835,0.010805851857668986
FR025811,0.009619604824518653
FR025295,0.005889490943248268
FR022673,0.038622100383164756
FR026160,0.003398932814697701
FR025260,0.004172939904537747
FR021344,0.1093630048021382
FR030050,0.014142563305627229
FR023939,0.012381583320857642
FR025442,0.005049110964018445
FR023139,0.00773901015201475
FR030236,0.014485820174842231
FR023978,0.005861261598983716
FR020551,0.010970560965724432
FR028658,0.012070808922589774
FR021581,0.005140884461306633
FR022553,0.036200328512571205
FR023644,0.027413468774950378
FR022929,0.006855944224930868
FR021292,0.033863494532837594
FR028596,0.011158989678005804
FR021808,0.009463441367989272
FR024168,0.015587969345314034
FR029316,0.21927623223237563
FR030966,0.007668736214201025
FR027143,0.014620408621165717
FR023310,0.004549750039531318
FR030174,0.011503917042778347
FR029644,0.011874130354876567
FR030543,0.012071238241387644
FR031088,0.010904570731186112
FR023360,0.00539262110896892
FR021943,0.00557114044467786
FR031608,0.013371855383356904
FR027827,0.045001380983633155
FR021171,0.011311521916590074
FR026602,0.028723265272079874
FR029087,0.0041065882265890665
FR027859,0.009000771074378551
FR030588,0.005143125597132798
FR026939,0.00575674664521957
FR025926,0.022908256432461208
FR022690,0.00907921198165785
FR027156,0.006292878061252184
FR020919,0.00942160117415279
FR028937,0.008052051687495067
FR028684,0.00902502382478018
FR031461,0.12042879184018433
FR022663,0.01144183087849877
FR027780,0.009683134471135432
FR021578,0.009591262824787705
FR024710,0.01753809638300534
FR028720,0.007011709874094116
FR029155,0.010669346038454586
FR027452,0.012947982693545653
FR030315,0.005536479017057454
FR026074,0.01419934450520855
FR020222,0.011725850754971692
FR031353,0.006923153614616323
FR022514,0.008548777059976576
FR029067,0.03249147828167824
FR026050,0.020935591029510092
FR031874,0.004315213833332594
FR022743,0.007178309693300336
FR029308,0.011304430008396647
FR025753,0.21196339641603937
FR022904,0.00477193165674996
FR030222,0.010755443952834105
FR021733,0.0069580416207211185
FR025845,0.009504862598525317
FR023270,0.026501556180095493
FR029259,0.010226603854926629
FR022465,0.00959944734646089
FR025872,0.006809627021576409
FR031252,0.011703489312401994
FR028538,0.07524988761214073
FR027457,0.005996925510174331
FR021926,0.009594633494192723
FR022325,0.014978526122064828
FR026906,0.012517875562563705
FR028438,0.004023308069027001
FR029876,0.014997537179533376
FR030938,0.0055841723077664635
FR026708,0.004907354031900409
FR026159,0.007628442524938818
FR026501,0.02109304670243921
FR024929,0.01591631796970564
FR030983,0.008535166375529665
FR028271,0.006229733113661122
FR027287,0.005708664613223003
FR027193,0.0064839273888231685
FR029500,0.00784026094354449
FR025772,0.010127085552907793
FR026478,0.0032566180786993116
FR025617,0.009283594937346554
FR025209,0.06190023963675616
FR031909,0.01856341571402117
FR020149,0.013005573359347267
FR020598,0.007494418251440126
FR031925,0.010743969661279256
FR025047,0.005335763174612529
FR030970,0.015576500660438355
FR020942,0.006231938344293263
FR027305,0.005969197999039584
FR028749,0.015276837203383428
FR030478,0.03027741402039879
FR024757,0.003630646228822576
FR023343,0.008192373592226696
FR022582,0.00660134988496637
FR027962,0.03232162146873192
FR020603,0.02104636192421421
FR028354,0.005333117207210239
FR023296,0.005634675946358571
FR031597,0.006450378647563572
FR020170,0.005445630747677158
FR026133,0.005705123722101479
FR023215,0.00571048581672729
FR020721,0.008291414111322929
FR031410,0.01926218655379423
FR023843,0.006497589831380523
FR023880,0.1414554465961215
FR026768,0.004403025251684721
FR024695,0.005432377954214636
FR026518,0.03929426826858342
FR025653,0.003915214938077857
FR025589,0.013158748317146616
FR028984,0.0033087399776567513
FR024771,0.0035817560236804996
FR027053,0.013163983344466421
FR026897,0.7589809582811587
FR030615,0.025751807163712732
FR029338,0.005396604885601455
FR020513,0.01251720918343853
FR030940,0.002975152769713476
FR027556,0.013106227266024662
FR024787,0.006108402638631674
FR029291,0.005969095083762943
FR022881,0.004971578159313813
FR024825,0.005715406797710766
FR031622,0.012347403546796538
FR024996,0.020162115546787478
FR023255,0.005936148204643176
FR021568,0.006809986072661258
FR026443,0.005574556586648157
FR027312,0.007007736279649075
FR022194,0.02090020640872093
FR030764,0.011816269403842807
FR030868,0.015363145488563618
FR026048,0.006497487103559557
FR022428,0.003955325420266611
FR029073,0.004441721617262918
FR023214,0.004089228896139218
FR023007,0.005597664276692448
FR023017,0.003044027439847641
FR028832,0.006736670700686629
FR031649,0.008512290178431709
FR024651,0.014494756299901629
FR023411,0.011801666969780146
FR024858,0.0072329967984027955
FR024591,0.004219465839226643
FR022204,0.010716088245076655
FR030095,0.013942374722541843
FR026601,0.04520418103334098
FR030327,0.007939338554010602
FR025101,0.0146895077061472
FR022463,0.008695195419097966
FR030331,0.008374434799874472
FR026746,0.004958476850164468
FR031542,0.01035793410931832
FR020207,0.007467227459877937
FR031618,0.012005077072860682
FR025826,0.010036775334396819
FR029780,0.004150124034996531
FR023721,0.011760878469550037
FR029550,0.0251837991547681
FR022910,0.0042166785883284204
FR031337,0.015950219220990085
FR029256,0.011418478226373596
FR022747,0.004926165998901523
FR024836,0.008934623771091619
FR028336,0.011188450092633839
FR028394,0.007204777595527803
FR027698,0.013725481508541703
FR031105,0.003442194891826511
FR021043,0.019778032718513628
FR029778,0.005291262664373235
FR030318,0.008640457040155071
FR030038,0.006135542858888439
FR030229,0.007219693633218688
FR021305,0.014418194229797055
FR028457,0.005102168728564406
FR026030,0.024918071591144873
FR026543,0.004501572062942139
FR029497,0.007834641790415786
FR023345,0.007237373036626237
FR022524,0.009208695332477866
FR025034,0.005376027534904277
FR030981,0.005682974210085187
FR022817,0.006010787576951648
FR030409,0.007917230248417602
FR021074,0.020743039140585447
FR027315,0.004691529066777818
FR028123,0.015223890613350033
FR020382,0.00826759852044149
FR026468,0.007279681164457251
FR022867,0.010467726092230789
FR022191,0.011860837443488705
FR020988,0.01669106953133161
FR022096,0.013003715355862807
FR021829,0.023501907188803104
FR025603,0.009901510451012736
FR020711,0.012491699683832767
FR026283,0.010709332570991723
FR029720,0.0037168647694051393
FR021539,0.018747212055501734
FR028317,0.02215246137270648
FR027252,0.0035273846223906483
FR031431,0.004892736611806202
FR028353,0.00471998007285213
FR023947,0.01034125197082671
FR023859,0.006221073688220627
FR020686,0.005511819187878667
FR030288,0.012670801480456174
FR020824,0.021085485962404928
FR029978,0.005042219290277162
FR029979,0.007011869976086713
FR026748,0.013346155090256129
FR030086,0.03313585920762324
FR021997,0.00371243019348415
FR025195,0.006828319229649155
FR029766,0.004809062855434373
FR025311,0.00795774840613955
FR029128,0.013213050856475537
FR025847,0.006664255366843029
FR024129,0.01147607758317901
FR028641,0.010111949265745547
FR031794,0.010254735073284707
FR020617,0.004190038562150456
FR020848,0.00595397147003422
FR025414,0.014850255965130819
FR030335,0.009820152477311639
FR028788,0.003371750942021877
FR031605,0.02102071192445889
FR028059,0.004932443301377775
FR029788,0.015966715123989103
FR020675,0.012820177891005868
FR021934,0.004687442839906742
FR026331,0.004620547763494878
FR030629,0.004179007552991232
FR031755,0.017822128536066115
FR022094,0.02646806448069173
FR028763,0.007892180800837811
FR027867,0.016554973461395502
FR028208,0.008545136256403685
FR024021,0.005584208555499317
FR024586,0.009794131892063618
FR021050,0.006771773259006869
FR031336,0.02632267826834165
FR027858,0.05514162567066141
FR030436,0.24527806366021196
FR024954,0.02688313767106041
FR023267,0.007920420354028344
FR027591,0.07246912751102601
FR031891,0.012402554826202505
FR020340,0.020922619387219506
FR030521,0.01705493626767132
FR024118,0.01776947059401602
FR020432,0.008937583469908673
FR021724,0.004779306451238327
FR028190,0.005926030980710612
FR028386,0.008724265339856496
FR020002,0.009438015104919237
FR020310,0.007338263530023231
FR023671,0.007585194647193791
FR022709,0.08881071612676175
FR028863,0.01100862482905806
FR025241,0.006033085262935412
FR020789,0.0236697838337279
FR028074,0.009077217929692755
FR030889,0.0274943370978502
FR031463,0.057746738521093396
FR021529,0.005112753369572067
FR027006,0.012133134240917502
FR031627,0.012585726207600217
FR022741,0.017969933864796627
FR029763,0.003037486892466158
FR025071,0.0028948592628840414
FR022083,0.004433481626391919
FR026567,0.007303877908133647
FR027616,0.09376308698396021
FR029488,0.005905899073422935
FR024835,0.012538145010776483
FR028258,0.014196315753667024
FR020903,0.013803943420839968
FR028219,0.00944008498405202
FR031367,0.029404290434789444
FR021504,0.005250337780820531
FR022771,0.007439304442673567
FR027134,0.05054772885039155
FR027484,0.023746928218521954
FR031169,0.007234296166807798
FR028701,0.015566031774442707
FR025462,0.004973081684415137
FR022370,0.009187719336233427
FR023400,0.01282511092361576
FR031347,0.010110101948756932
FR026532,0.004990635157633057
FR020585,0.029440048358574354
FR025229,0.008896376757642563
FR024487,0.005580611539623956
FR027689,0.03945272299661936
FR022072,0.016647539454862918
FR020150,0.019150388737898056
FR031377,0.0051044287424935955
FR024497,0.011012776602206628
FR030260,0.007363561398504787
FR026914,0.012513561840445105
FR024926,0.0055928215317993255
FR031319,0.013335571691194755
FR020260,0.00584628298011769
FR027360,0.010000615424663236
FR027756,0.016726218724647347
FR030892,0.014297913496478187
FR022502,0.0063235254539237866
FR021693,0.0077078595865994835
FR025296,0.00434124637125812
FR026899,0.012434183290469048
FR027046,0.004196406448824455
FR027551,0.00372403468564469
FR020413,0.008440305075986749
FR024821,0.016973724802982964
FR027386,0.01792116182543669
FR030146,0.02675213116166613
FR025891,0.012994123845526145
FR026185,0.003872933364992566
FR020477,0.004093721683626536
FR023475,0.007994437133337268
FR028663,0.008509700046534497
FR028484,0.007299631598702746
FR029359,0.01432492026972756
FR023943,0.006551813674794083
FR023568,0.008878786905054992
FR030111,0.00486754552220153
FR024884,0.08048168239803724
FR024181,0.004059882299320429
FR025743,0.004376510488803121
FR022486,0.01612931086279599
FR021392,0.007070907813218461
FR031301,0.009487977454502458
FR026675,0.007918344536017521
FR025263,0.007702525840176515
FR029842,0.005724329492361366
FR020727,0.030560942479734197
FR022640,0.019058628431261777
FR027806,0.007030145206886608
FR026674,0.004993811538932537
FR022188,0.0028546429746516533
FR027702,0.007807616422324469
FR023173,0.015652500728607504
FR030895,0.0056990997927585385
FR029591,0.0234689676671972
FR030135,0.003777164110634848
FR027447,0.023389814206969874
FR020229,0.017570224080068017
FR024627,0.015392847370473195
FR031690,0.009711415852403777
FR031100,0.007273742998077819
FR021850,0.007602571883971744
FR029955,0.005849121094906413
FR021210,0.015621496234823848
FR023991,0.004957626424499898
FR020660,0.017220656949483208
FR029743,0.0053391166324915544
FR023767,0.48148393036318
FR030165,0.1416609531944908
FR024958,0.006880315108878628
FR028397,0.02011695257623146
FR023881,0.08639734279164538
FR026394,0.011047741893660142
FR023152,0.011669896339756559
FR029267,0.029969789594682446
FR021663,0.012824994996214225
FR030617,0.024069778642131806
FR028699,0.007384959654829916
FR027828,0.43252709446285076
FR023013,0.015561321975861252
FR022097,0.0421787721964216
FR020023,0.017007641117166666
FR024331,0.011201109259199666
FR030143,0.007506743160340791
FR026677,0.020009180454611884
FR030791,0.0147751271070522
FR023213,0.028568026053200572
FR028550,0.004429952262494939
FR022988,0.009010613566602235
FR024186,0.007826195739529949
FR026477,0.008743831085453669
FR020473,0.021011644272928037
FR027097,0.007422590261217885
FR020204,0.004455250671436719
FR023367,0.02956224874387231
FR027350,0.004909604348631113
FR031980,0.019407295099251903
FR021610,0.027044589590773205
FR028165,0.022730550136274275
FR028373,0.0037046998183668982
FR026572,0.01085570136719552
FR029993,0.024461871167232075
FR026396,0.011293622568558545
FR024381,0.035729210286048335
FR022412,0.014143932636802876
FR025344,0.007971933307823665
FR025333,0.016950727308603735
FR029890,0.015885730665304854
FR026145,0.02971747314296803
FR029402,0.023596557296704672
FR020726,0.00945608908767452
FR024300,0.005531665683041224
FR020956,0.02026782908136913
FR024285,0.017142094921613785
FR030692,0.007737163629049403
FR028275,0.004618988972020885
FR031070,0.006905266764904919
FR025294,0.012800247777643164
FR021462,0.01719165959118573
FR030982,0.010321173692761245
FR030187,0.6657155961022664
FR027678,0.004684262290421851
FR021942,0.004408472180957074
FR028082,0.00861762345954585
FR021998,0.012809574595486137
FR031840,0.006047404993125066
FR025009,0.0078426819170493
FR026046,0.03089227610714298
FR031460,0.013171527095834398
FR021716,0.007766290962785584
FR027344,0.008051464458189557
FR027435,0.004622446487920522
FR025936,0.030339377234423502
FR030610,0.0091327789030377
FR022692,0.008407560739452691
FR020142,0.004950824212860057
FR029107,0.011416632771706441
FR029468,0.00712620763942466
FR028015,0.014728358867132276
FR021820,0.0662248121213978
FR023335,0.00802419681376959
FR023253,0.007343162009781477
FR021511,0.011541280608585345
FR027831,0.009879705844929264
FR029574,0.011368047573223145
FR021786,0.004652659940509811
FR030406,0.008744327774221454
FR021541,0.009202642401723731
FR029727,0.020123768863157566
FR023709,0.018060065848284672
FR021140,0.13632591929813573
FR031832,0.07579242793488115
FR026365,0.0063633172711311916
FR021396,0.01231413874484933
FR022142,0.00705840768656175
FR021282,0.00877312181932605
FR031053,0.00584550127691507
FR031540,0.014999203547669263
FR023945,0.008409829775522527
FR028257,0.007357560998239518
FR029307,0.08356390599867432
FR025166,0.005997840412989269
FR024568,0.00771615512474236
FR023089,0.006167445286333346
FR027295,0.0145460790391371
FR021662,0.006186665476686537
FR020775,0.018557181083517605
FR020866,0.005747923493642826
FR024939,0.12077035775111637
FR028600,0.004129004526603361
FR027095,0.0046174399319309995
FR031147,0.0076178547196410675
FR029942,0.019837338005101672
FR024618,0.004478163053814899
FR027304,0.008151295606633269
FR027670,0.008149272914951284
FR023975,0.01591674530226534
FR028657,0.01796259904915279
FR028859,0.009611564167072793
FR025947,0.004343944211306107
FR022794,0.01337367979480203
FR020096,0.009164532138426076
FR022376,0.006692709830458288
FR021122,0.02597733544584922
FR021607,0.014845139946482918
FR022267,0.02958826554531041
FR022938,0.006942966802277311
FR031396,0.005731409809398838
FR025613,0.031498724285680374
FR029182,0.007807443955300868
FR021970,0.004053055092538057
FR026503,0.011966156885023328
FR023601,0.006467900144344946
FR028269,0.025163875353183922
FR026965,0.005762178107214797
FR031020,0.0059793095168609815
FR026868,0.011518871278353552
FR031509,0.3117887069825548
FR020185,0.004918739744046182
FR030110,0.016819281518093122
FR023738,0.010764993081227324
FR023668,0.004797328966951521
FR023079,0.011188213707549586
FR022347,0.012163580742584413
FR023883,0.013300422749387813
FR021089,0.005046849049703173
FR022892,0.012484958632131185
FR029116,0.023130050999900877
FR025542,0.013946778754919554
FR029785,0.02195928173257611
FR025529,0.010280378526934447
FR031569,0.007301096920090508
FR031950,0.009824052616364747
FR030474,0.00846194199394981
FR026732,0.013712352959181214
FR031294,0.009230060483317617
FR023241,0.008926449058020636
FR023785,0.012798042602998837
FR031007,0.0038762317688808613
FR030644,0.005639360222682731
FR027895,0.009300289044016526
FR027338,0.00636630479132317
FR030709,0.004950178094382781
FR021012,0.012763369451492545
FR020876,0.009044054168437472
FR030524,0.005159149289266957
FR027306,0.005042457181853903
FR030065,0.005779601728389525
FR025869,0.055567496539206576
FR029016,0.009711197283882912
FR024707,0.014629816833140828
FR027576,0.006141382282066688
FR027152,0.008324459787382544
FR023836,0.01036440744096622
FR027080,0.005375505695462959
FR022679,0.005634170364197695
FR027943,0.035957440954147955
FR031943,0.006615658616315896
FR021856,0.007056148130841103
FR028011,0.004434422400248316
FR031779,0.032230451322180734
FR022828,0.0063545910782334515
FR021523,0.008512345632864834
FR031473,0.017801481284752712
FR023964,0.008115954729507584
FR026624,0.004999321871350419
FR020348,0.009766292775648737
FR025705,0.006659367632117941
FR030706,0.010676188044746788
FR024962,0.008811484426095157
FR029700,0.005836957995488419
FR022683,0.04673819910257
FR027395,0.006062447128361339
FR024510,0.006065357871669297
FR028808,0.006572063553628824
FR030778,0.008451190954932436
FR030717,0.005423436912668905
FR028384,0.01813023242895343
FR024784,0.010480221964279857
FR029386,0.022087801961345382
FR024309,0.011697618090672064
FR031826,0.022169581667993567
FR025046,0.006241970328800464
FR023855,0.0051613941926321825
FR027893,0.004205781134462035
FR024258,0.012603562073893019
FR025487,0.007290735804179917
FR024706,0.005601742383022883
FR026739,0.014862592320235402
FR021362,0.018244592890055984
FR022316,0.004841989048456121
FR025961,0.031800562778828416
FR031260,0.009731102427535266
FR021847,0.008460680253846843
FR024573,0.0035737422923939367
FR029038,0.00480879061670594
FR025742,0.007980827407787737
FR022148,0.022129479457094734
FR027512,0.009203872477166678
FR022002,0.012908336602699234
FR022574,0.006458600431474759
FR026033,0.014507420823203682
FR031960,0.02554573838921831
FR031550,0.006222859635040097
FR029839,0.01705614984638478
FR027665,0.004269048232514542
FR022811,0.013514428305646056
FR023289,0.019998123125614872
FR026535,0.006383500263489157
FR030275,0.006363256765379917
FR025930,0.004767840603666475
FR027394,0.01367306411701166
FR026334,0.003578536159520788
FR026635,0.008274124115369303
FR021399,0.01615819803179922
FR026709,0.005678489035452145
FR027744,0.0045818888646803405
FR020419,0.006464421556103666
FR024081,0.0042182678636936794
FR031844,0.015156877011892406
FR025350,0.031327209241176095
FR026880,0.011046750351713394
FR021771,0.00927310220337475
FR029097,0.006319807227337252
FR020543,0.009785624855148802
FR026375,0.022707358935134623
FR028099,0.007025068388021154
FR025621,0.01768241699971225
FR021112,0.007022986646609081
FR024220,0.15826316325054984
FR027632,0.34013873011012086
FR030979,0.00732818451130213
FR025182,0.008788156203693293
FR029545,0.007024076944799086
FR025573,0.017222077341419496
FR030751,0.010634617453227548
FR026696,0.0056863764796934195
FR024092,0.014940456987787617
FR028075,0.005290630034692922
FR025744,0.008043895636611032
FR020625,0.005004439359703962
FR031691,0.006765365984469325
FR024585,0.012609329740893502
FR024817,0.18855559439211875
FR030219,0.011540436678047033
FR022429,0.006397834140809055
FR028391,0.050031944600337185
FR021105,0.005275328270731985
FR024093,0.017055396287769427
FR026458,0.006780562701185748
FR029729,0.015884331326697466
FR025696,0.15861296838109207
FR021629,0.008735319923462099
FR025400,0.006309556276122122
FR031916,0.01831830650229034
FR026099,0.009386181702527651
FR028189,0.009395681580531553
FR024881,0.0072049287637386316
FR031217,0.012694202102435126
FR027068,0.003567868226675043
FR024870,0.006166953381210432
FR024361,0.045330525145176805
FR027069,0.013990110722677408
FR029302,0.004951587094592378
FR022496,0.16252631966835893
FR031556,0.01266166923173247
FR024681,0.006066598168366218
FR021475,0.008201028010357169
FR022116,0.008157155233746771
FR029986,0.005324263696113132
FR026179,0.006711320576494746
FR031743,0.041655122389010216
FR022599,0.008613853462581894
FR030598,0.009488178395739304
FR021743,0.006799975419285989
FR023571,0.007950293535689212
FR022451,0.005374893439298334
FR020093,0.007095341456932723
FR029624,0.023033603596218564
FR023110,0.00834425009738314
FR031269,0.009413951062903323
FR028644,0.014161241894636172
FR024517,0.02774359129294446
FR026613,0.006068571997777495
FR022190,0.01684324343733106
FR021328,0.7254354242654586
FR026413,0.012761579059441103
FR021668,0.01754538631666284
FR023612,0.014777357520230152
FR028612,0.004179249841814764
FR030660,0.004963685007101729
FR020462,0.012472940386586653
FR031000,0.019048211144388816
FR020802,0.012154655215205267
FR020196,0.011927126927609924
FR031194,0.005037357160642049
FR029809,0.12248550617809358
FR024242,0.0083161181562737
FR023386,0.011372939031021979
FR021073,0.011283128010464421
FR023570,0.014642724908907705
FR022953,0.003877285854697986
FR021530,0.005560801684493245
FR024351,0.009267426715288043
FR025283,0.016497933045247506
FR030762,0.012478532168557436
FR021624,0.03499868024705414
FR020365,0.004491277547235818
FR020955,0.01128534892364386
FR029752,0.005015972341638428
FR028359,0.010768049106269401
FR027496,0.13995272417875182
FR021608,0.017585309161033506
FR028014,0.00840704490442393
FR023393,0.00279815071328027
FR023641,0.006691731710459866
FR028667,0.014179552687985514
FR021382,0.0863772442110812
FR023686,0.010839228964236903
FR024362,0.02830944763443355
FR024874,0.005677708004273955
FR027852,0.021769239531600655
FR030500,0.013409743159108103
FR020771,0.0042435106523013005
FR031745,0.011359519583008782
FR027247,0.010252808835670778
FR024194,0.01178188566489897
FR022851,0.01183194395264033
FR029457,0.003815363981766314
FR028324,0.01095220683620774
FR021537,0.007229418287530462
FR027824,0.01198808457492673
FR029620,0.015304934574761897
FR024188,0.025721864061266215
FR029691,0.13354437648019846
FR020130,0.011928235156815771
FR020255,0.006642465134920748
FR023988,0.21306457242298915
FR028131,0.005572220374850561
FR021139,0.013135459969101324
FR022042,0.02038244928648734
FR022427,0.0047526135760088545
FR026736,0.005563732637717349
FR028764,0.009884814834328003
FR022045,0.007247296176510843
FR025290,0.00932825581795959
FR030869,0.01529370864181091
FR025864,0.004614627141925218
FR024987,0.013962669911721504
FR025458,0.005135145335944761
FR030271,0.04706410060186235
FR022925,0.019176717087940727
FR022430,0.00760433085828896
FR029895,0.021960327415974347
FR025498,0.010418875977241029
FR023588,0.012317732211746268
FR029908,0.09503637155530886
FR024244,0.0050147007357848996
FR022638,0.03281869705332942
FR026250,0.006111469254056752
FR030224,0.0048954175816898335
FR027974,0.007094485022242488
FR025278,0.006532039775545914
FR021664,0.02691031790120506
FR023387,0.003031998618015311
FR026903,0.0034653267190342626
FR027690,0.018476892994086773
FR031427,0.00589427749269521
FR020490,0.011982699814448538
FR028314,0.06876074265196686
FR024653,0.005570228107389882
FR029383,0.005992276281310926
FR026043,0.010775992070532748
FR026587,0.009357555738627663
FR026269,0.004925717847773353
FR028992,0.01852537095318065
FR022421,0.004515068522760462
FR025507,0.0070238840430243725
FR026741,0.016430706832955493
FR025724,0.005567302119688947
FR020577,0.011885747438137445
FR030313,0.012021552533972137
FR024231,0.014501138048069354
FR030166,0.0073236662092530744
FR023520,0.00404942856689812
FR026469,0.006138216487480483
FR028497,0.008824393519964968
FR031186,0.01283987280160396
FR030301,0.011518396950043034
FR020253,0.011784343793919617
FR030897,0.009362982342791749
FR025894,0.0036417867602533175
FR021014,0.01645433413075902
FR022600,0.004183584015571552
FR027954,0.008884507724121828
FR031746,0.010076031777318547
FR020580,0.005329857646335157
FR030286,0.005609317598973074
FR026128,0.00462901295894278
FR024367,0.0032804153163761797
FR021646,0.007395482838595357
FR030745,0.021354286839820165
FR020383,0.012225360474251172
FR022688,0.005334856928501266
FR021741,0.009593532416803094
FR029419,0.006696842990544812
FR027957,0.009459540799019544
FR025594,0.01126572942910621
FR029962,0.03147176087324571
FR025698,0.009178754392355336
FR025446,0.10903078326078877
FR027088,0.01999340584373257
FR025752,0.00785052221595523
FR025020,0.008409403341877227
FR027196,0.005972032516571632
FR028990,0.015642124783493423
FR025288,0.04334169501672351
FR026673,0.004105382630334833
FR031671,0.012693019672334188
FR025299,0.012375511033399964
FR030789,0.011762470702474005
FR021366,0.01536578823667174
FR031211,0.06348764277898297
FR030256,0.004544847995884312
FR023355,0.010805060463902536
FR023106,0.007768240879412402
FR023753,0.013051572962840818
FR024414,0.005275887093961979
FR029774,0.004159549331280777
FR020097,0.020524021700474942
FR030585,0.010634145893733746
FR020206,0.007938089465270564
FR028511,0.010422720396751246
FR026958,0.012953076626455335
FR023804,0.005866535770565728
FR022264,0.050019465633139894
FR024834,0.012047809040527168
FR024921,0.0043197279137772646
FR020931,0.012220943607346569
FR022106,0.009205353609564459
FR021705,0.004720670329615761
FR022182,0.01713656036393024
FR021380,0.00841221590710588
FR024930,0.003749063046163585
FR022378,0.010992526104329086
FR022256,0.0439851557579618
FR027092,0.004662656836121668
FR026615,0.021615554971715602
FR025380,0.006961467095668093
FR022351,0.015479356601624
FR031614,0.013366486163017301
FR029434,0.004498067327622735
FR021468,0.02838289709268932
FR022532,0.01481256025579868
FR021622,0.02200061781001706
FR021410,0.029016509707725013
FR027043,0.01987384114127968
FR020847,0.0047715280315811705
FR020449,0.007169080115424021
FR028252,0.005906796907579251
FR024643,0.007287995633784222
FR025543,0.671110374519467
FR028733,0.005190037520587956
FR031050,0.04994532227623453
FR023689,0.004667225455467661
FR020718,0.020860485174002904
FR022731,0.008759837756335462
FR027216,0.006453053236188085
FR026549,0.005687895695599253
FR023819,0.0036641582443509096
FR020294,0.007405288748422258
FR027030,0.017265289335057284
FR030683,0.017709226982141595
FR021483,0.009324468403316135
FR023039,0.012994099642292829
FR023176,0.025155672582244454
FR028425,0.016500863999398117
FR022875,0.010223717832862456
FR027504,0.005769864292541444
FR021748,0.004159485630565148
FR025125,0.003615365344908731
FR027894,0.004622353951295874
FR028740,0.01319899046190937
FR025313,0.011975404101941641
FR023496,0.09822585807419822
FR029683,0.03702723453821906
FR027799,0.005753399339527988
FR026271,0.008086839287454305
FR025176,0.005211614474557958
FR030541,0.005170712981819927
FR021891,0.021562484308803125
FR026919,0.010537128860043618
FR028250,0.09190178865128666
FR027760,0.012946905513781632
FR026625,0.008325387806827088
FR031812,0.021116683912415116
FR023509,0.006744112018323952
FR024546,0.010509102443015552
FR024571,0.011848554094703631
FR028948,0.010473792760593908
FR026622,0.04529403448619236
FR022332,0.008268903251739271
FR023319,0.006968227339761006
FR025777,0.006008633746728923
FR030945,0.046445713030518296
FR027656,0.00415433864505817
FR027568,0.006363792154736335
FR027758,0.021574260097087645
FR024620,0.007903667932117022
FR026322,0.010923348684418799
FR023015,0.01186778811341821
FR020697,0.010706339434237464
FR025700,0.011363289041559201
FR020669,0.006035244208119413
FR031082,0.012810018794938169
FR030837,0.024415630901446366
FR030360,0.07008587424988821
FR023454,0.6713271025955805
FR022026,0.015752722178855517
FR029637,0.007465077716811107
FR025828,0.0029149618456528895
FR030177,0.009908002010784563
FR027584,0.033980374164154004
FR027465,0.006313602887599065
FR027627,0.008385862743609026
FR029980,0.00537655884742322
FR026902,0.00951869612681989
FR028385,0.005420747796648501
FR021793,0.1363160889960577
FR024623,0.09161544944868265
FR022982,0.00979237054448564
FR021102,0.005137819322529146
FR023602,0.005305197671344602
FR023382,0.026408124019663366
FR022827,0.004461664749198451
FR023160,0.007986882945447402
FR023050,0.03438763579184498
FR026252,0.009917910798057507
FR022381,0.005221471331035128
FR029258,0.007056527454047719
FR026397,0.01627054553675883
FR026534,0.018686093852314983
FR029337,0.01793596074671993
FR031323,0.011378701254230074
FR027941,0.005429938741275445
FR029357,0.015141298672541225
FR020135,0.022918776232623277
FR028387,0.0033029434751044675
FR021853,0.014880875076813887
FR021516,0.011205034144946977
FR021739,0.009183506797719813
FR023974,0.9257978285316172
FR029098,0.021741754876762005
FR025637,0.0071627593849645736
FR020287,0.005560042196422097
FR028851,0.044456747823796876
FR020230,0.017935814546798882
FR027441,0.00599252634742875
FR028274,0.0060442532088440274
FR026484,0.005644192359201948
FR021283,0.005788242627471527
FR031441,0.011810025530470999
FR020846,0.009144617951126754
FR020391,0.01098156988816452
FR023584,0.006980198363371351
FR031897,0.005276118320443436
FR025115,0.005543506977219727
FR026619,0.005637474759310304
FR026240,0.008769589952326955
FR026197,0.022149575082642956
FR029851,0.030421686270406284
FR026781,0.011359776333034328
FR020148,0.003559238650604537
FR026653,0.016301142454677345
FR020345,0.016369938005673827
FR021159,0.006268634094117527
FR022055,0.010117931584794569
FR031332,0.010440409025574223
FR025408,0.01900240725328275
FR030782,0.009365282142556462
FR028332,0.0215778364478637
FR022960,0.01883583254518666
FR029697,0.014663106820766275
FR021257,0.011004812959146142
FR031846,0.008767034273700543
FR023137,0.007941762554186254
FR027390,0.0045936054806067555
FR030657,0.009052785501039431
FR027212,0.011511818107729563
FR020175,0.008522161354858684
FR028784,0.01564385359357085
FR029915,0.024134986060614427
FR029981,0.006549981921071914
FR029892,0.008730191233530388
FR022005,0.016848834886713702
FR022406,0.006050579956884183
FR030786,0.013709506640038453
FR023899,0.015595173774630239
FR020975,0.018520002032589123
FR031087,0.0061231643074117275
FR027561,0.026295166393197823
FR030139,0.008804115990210614
FR028235,0.008533478466273971
FR025651,0.0052834006916999375
FR027768,0.6858339551341401
FR021740,0.03387560016073956
FR020642,0.0312435455737075
FR020529,0.018945535123818996
FR028952,0.004379158487892431
FR025345,0.015292969081968288
FR022138,0.016781562217080905
FR029045,0.01004410296738118
FR027201,0.020092911325377636
FR031668,0.011206647722694918
FR020240,0.043061608856927766
FR025465,0.00849804846943659
FR031870,0.006934044796317785
FR028970,0.005969305558976749
FR031240,0.004395327202535565
FR024657,0.008559759718401793
FR023219,0.006883694657366839
FR023025,0.01459719701390782
FR021141,0.014059392909367247
FR022047,0.03913879892094404
FR020875,0.007159291371822243
FR030824,0.0060883382840361865
FR020182,0.6536617297932363
FR024642,0.005249361999593936
FR023646,0.013800824041342299
FR029903,0.018872524559635794
FR021096,0.017867366372167324
FR028814,0.03002011856715985
FR028130,0.0028967625749262613
FR024700,0.008138966742411022
FR022888,0.018447109077693383
FR027699,0.005789141341894482
FR028594,0.029128844776867557
FR025383,0.5797906166327087
FR027626,0.01025157336267587
FR030319,0.01070066869289818
FR024763,0.007544799717731215
FR021535,0.014451054703605023
FR028921,0.007982404167857891
FR025486,0.003762462837546049
FR028867,0.015025963839070325
FR027798,0.0036562972743981624
FR031667,0.006282219080519924
FR028829,0.020922915272332178
FR023687,0.005342427234471997
FR029736,0.005749209350348637
FR029934,0.018691871093822355
FR031503,0.008983285158367962
FR031692,0.012130430937510409
FR029858,0.025763259210251487
FR027791,0.005413588326643113
FR028156,0.01314823818323893
FR022259,0.016373072472505124
FR026106,0.013167003954496428
FR029512,0.010696490394510635
FR021148,0.006975870266932772
FR028186,0.006299196236427407
FR027351,0.007147074234892673
FR024252,0.018265851639536115
FR023384,0.07545397139835114
FR022120,0.026339282843474743
FR025151,0.012069544486840332
FR022698,0.03164994719375362
FR023659,0.008536733511082532
FR025169,0.006112617894016623
FR031721,0.026118389044850716
FR020321,0.004414753621313852
FR028806,0.00458204424318028
FR026809,0.0058322546229759055
FR031601,0.007389280665210373
FR021583,0.004756498975345589
FR024516,0.0060558606827896076
FR021476,0.006959875362978459
FR029479,0.01978313336877573
FR024363,0.019448753602075135
FR022000,0.015698022838002586
FR031727,0.04159527567025678
FR028352,0.01686999724233893
FR024017,0.01211476160495355
FR022023,0.013994701856047533
FR021709,0.026287975127917435
FR026720,0.023179259005792464
FR029309,0.00438900364518271
FR021438,0.007250349731515493
FR031327,0.011740305504500509
FR029364,0.006222856817826673
FR021320,0.04205756354566949
FR025029,0.005691748886958333
FR024639,0.003536226195607347
FR027347,0.0693257949708713
FR028557,0.0057395834685125035
FR028410,0.009536571002090915
FR024696,0.01297543171767419
FR027271,0.010004034289335405
FR021400,0.012399340164821407
FR023462,0.015205790756458865
FR023867,0.007128208093571492
FR022086,0.012349142712548025
FR026646,0.0038179136525913265
FR023325,0.013149204456622998
FR023909,0.019216474097394277
FR026586,0.007040080584675652
FR031566,0.03768545729879511
FR029091,0.009795898139862026
FR026603,0.005202909276213265
FR026519,0.038668026146411724
FR020197,0.008597523073313053
FR026385,0.0075539951175331325
FR025369,0.010253736300274364
FR029873,0.013316597384340656
FR028047,0.007251239946989049
FR020361,0.005014023101192025
FR020636,0.012218084060174283
FR027101,0.0033329012758227007
FR025091,0.00650351543739307
FR023905,0.004973557007488147
FR027498,0.011465075697359776
FR020033,0.028744856022537662
FR022323,0.01063946638545769
FR029009,0.010101197688300024
FR020593,0.004777515579355717
FR026911,0.0034091726866931063
FR029677,0.007701001604853867
FR024500,0.007824600765894424
FR020958,0.005434168165975332
FR024863,0.005833225546945161
FR027258,0.034467277840048105
FR025040,0.005792612486333729
FR024864,0.005180737387094271
FR027063,0.04239036497901962
FR024268,0.0058119620014701456
FR020154,0.009271034001450709
FR022825,0.163039910819671
FR023179,0.014196888673592678
FR031342,0.008245124982174137
FR024871,0.018507912932095298
FR022633,0.010346510700490598
FR020868,0.02052714782257399
FR024614,0.04356836806765281
FR029006,0.9432866891685976
FR023473,0.005443472448090245
FR022650,0.018860208656097506
FR029442,0.010603168594001858
FR020836,0.13388010922891622
FR021736,0.005511710608503734
FR025422,0.01334168682678706
FR020864,0.031485968320564606
FR020472,0.006276118618184781
FR026015,0.02458227441233894
FR026812,0.03273002054738921
FR022377,0.02268894545328177
FR020016,0.010488101938347302
FR025233,0.005799199395003894
FR022656,0.03270070833253013
FR024617,0.048174632911534405
FR021851,0.03927307669116242
FR020180,0.016610747372890484
FR020739,0.011419626655899053
FR028812,0.006728281613339408
FR020488,0.014922888582800397
FR021388,0.008241150451060168
FR024415,0.005961334717569167
FR020032,0.009792729342180275
FR026996,0.04767911556643263
FR022179,0.007090067080344967
FR021415,0.005803667600117278
FR021534,0.019657707952865738
FR025304,0.005802713722859327
FR020189,0.012573362713418867
FR026084,0.03561367061197067
FR022099,0.031565124031797884
FR028846,0.0170219871727988
FR031500,0.009771688667874767
FR024108,0.005319538984052569
FR023148,0.015670174231147006
FR027071,0.008776249053745681
FR031768,0.01299895575391291
FR020079,0.02817817356489676
FR024027,0.004185433127307696
FR023889,0.017024017162118776
FR024124,0.006271381941777253
FR028718,0.007876144681364626
FR021025,0.005621467120788011
FR021053,0.006065068946395526
FR027726,0.012630139179206312
FR026806,0.003295437467056262
FR025049,0.008084580871367077
FR021723,0.011994506737970237
FR027113,0.006354773759999366
FR023597,0.027481062649758015
FR025014,0.004448659803566935
FR028450,0.005987377457037059
FR027203,0.018382630008402085
FR025208,0.013739468314476064
FR022283,0.005487145325299541
FR022074,0.02800029965066589
FR022405,0.008685266193075365
FR027709,0.0112016392727745
FR020102,0.06507753574583411
FR026531,0.006531331269770456
FR027014,0.007154220969266869
FR023990,0.014649330955091137
FR023714,0.009452038807766738
FR027948,0.008192528256329365
FR021098,0.018906979260125446
FR020693,0.007410443055442341
FR028012,0.01925704605926736
FR021484,0.013967068391821352
FR025056,0.011202902612577411
FR020769,0.004958806908875347
FR022105,0.005790861431671137
FR023780,0.012596358481603656
FR020406,0.0104166868206091
FR024754,0.019736334407989872
FR030002,0.004554759609223224
FR026590,0.05925810471534665
FR023935,0.03074216596904259
FR023193,0.006317837191129522
FR022905,0.004757817375139363
FR030498,0.019523320562460166
FR020910,0.005276204582184982
FR026606,0.004948083558198806
FR030347,0.01378306088870097
FR024039,0.010799516665770604
FR024218,0.008405742344954663
FR023735,0.008914197206725996
FR022736,0.0056887522505769455
FR026369,0.028855471686052896
FR020270,0.011622842557731248
FR020337,0.009246627534488128
FR028944,0.017606901164642905
FR027230,0.02708461249029558
FR030376,0.029123792229304567
FR030469,0.8896536581059961
FR030578,0.008952546142957932
FR020902,0.0766146723372649
FR022998,0.45409016412067416
FR029229,0.16779313239124413
FR030405,0.0095533311006683
FR023243,0.016890546862547057
FR031039,0.012217837285937321
FR023311,0.010831210174904978
FR026763,0.006463942588995375
FR022686,0.009262485845390167
FR023660,0.009840805174181778
FR026640,0.005465942591337809
FR031521,0.00869693913540249
FR026830,0.00847405213742678
FR029914,0.005005579456676812
FR031990,0.006108727649142357
FR024393,0.005686670607190107
FR022044,0.009968221300479575
FR023083,0.009432399759852642
FR026465,0.009401665819984742
FR029257,0.0031322745751112798
FR021660,0.008329985270952401
FR025938,0.02677196928662697
FR022165,0.010770154853324332
FR022556,0.009094570386861681
FR020897,0.02105456816994004
FR031420,0.030061395775346146
FR028448,0.009755588899226179
FR024483,0.014613168210767292
FR023088,0.04953385985847343
FR027475,0.010652683534672244
FR022641,0.02728210043356751
FR021545,0.009546849503132435
FR027497,0.00491837714292546
FR022217,0.005777845937231295
FR029405,0.0074197494111601665
FR029144,0.0067739627615835945
FR031290,0.010791848393647267
FR021818,0.004984335863394718
FR022685,0.004480451102729641
FR028236,0.011447722203101095
FR023276,0.03411202526211788
FR023998,0.008974287654532917
FR028043,0.009366880684741221
FR022699,0.015313362611100983
FR029303,0.0035297145243739078
FR027119,0.007998723950308486
FR024896,0.006920195088500632
FR025775,0.014918065228065292
FR022206,0.008215280835216693
FR025447,0.008821703451690435
FR028700,0.03301459117137319
FR025643,0.007638088544639228
FR023046,0.008873074500893932
FR031056,0.010797626449365817
FR031386,0.015792855194241527
FR026840,0.012774321223650941
FR026665,0.012043984668090847
FR025794,0.0038501755675501995
FR024042,0.007907733434431252
FR030004,0.014193733958289417
FR022450,0.01167201805285997
FR022632,0.006450773087101025
FR025302,0.010426211321518792
FR030554,0.004687782182693818
FR026990,0.005518523624250067
FR021220,0.006739997789234596
FR030021,0.006916584031911541
FR022146,0.007531550180929524
FR031776,0.01779190908068356
FR024400,0.00652190219763398
FR030752,0.15847601161472882
FR027209,0.30135223040389436
FR026173,0.06554609019878377
FR022396,0.013032099361212487
FR020565,0.015503729961624118
FR025659,0.006754172764103281
FR026183,0.0039011049886483115
FR025838,0.004982476887476843
FR026181,0.0051752942193308135
FR024472,0.010188774233738714
FR031842,0.0038367793205608494
FR029430,0.009358784803421602
FR024105,0.004921567288865019
FR024142,0.02909929705914403
FR026955,0.019488453723704568
FR026475,0.012166973904313929
FR020474,0.006898357708621269
FR031148,0.012297318123639558
FR023218,0.01869225356742767
FR028430,0.01427037557359102
FR020263,0.007382879499740177
FR021764,0.022645805290585724
FR030558,0.020527249648457358
FR020364,0.016830464432304078
FR025747,0.031271363616561555
FR031961,0.017901764567742607
FR027755,0.007509513004303306
FR024203,0.011151699555869574
FR027624,0.010861238072702385
FR022801,0.019378980259633947
FR020704,0.01758868281480242
FR029856,0.0074632886777260725
FR029791,0.008391213180850692
FR023263,0.009273280017974114
FR026140,0.02266445730202118
FR028489,0.011983817023524782
FR027173,0.013041568912892426
FR029811,0.02589481615918803
FR022890,0.004884422852942524
FR023558,0.0042487334611551394
FR025611,0.007331155375264261
FR030913,0.010685380863589158
FR023038,0.005168767742954316
FR030853,0.004396518537277369
FR030818,0.010803978879275613
FR023008,0.012094090980324487
FR028283,0.013185212091059915
FR024436,0.055784087686550396
FR020003,0.011853256207164523
FR031102,0.0060914036349095715
FR026040,0.00865122169321805
FR028563,0.015170174221421709
FR031659,0.008132092457769791
FR031218,0.02817111137202759
FR029431,0.013402256097414054
FR021830,0.03421800801217083
FR021843,0.013771338603024524
FR025261,0.0049723523998010544
FR030324,0.004734692263177807
FR020964,0.032576544828525254
FR030459,0.005576678135038541
FR025252,0.027913091693220184
FR030886,0.011886079940805828
FR031555,0.01153950055952009
FR021810,0.015037351675410352
FR026608,0.0037477720172410427
FR023893,0.016926468481102182
FR030589,0.004175088841033767
FR028244,0.017100189708072144
FR027245,0.005697844326587876
FR023259,0.006798794586132473
FR020151,0.024449469829415687
FR028978,0.6405293147396274
FR024125,0.055116635584202954
FR026088,0.014940648264982034
FR029539,0.024018948398827893
FR025076,0.0048258200971171
FR028705,0.004144192445276902
FR023761,0.004836354240084338
FR022561,0.6967036024600585
FR020133,0.0220652271908162
FR027213,0.018159714403039436
FR023861,0.004970383023099598
FR022902,0.026044662495220354
FR027612,0.0033978428203054003
FR029639,0.00881440531212427
FR024683,0.0050397151394958595
FR027207,0.0229472945903611
FR024748,0.0194571966658053
FR020885,0.008078486744067803
FR020578,0.020259587317919797
FR027486,0.017104220185877487
FR020806,0.00925132469355979
FR029864,0.00910398111158034
FR023951,0.006261075392800344
FR027987,0.00478284277982906
FR023960,0.0033605266207629757
FR031741,0.007870066367530976
FR026614,0.008566247474258949
FR026092,0.009992301536895332
FR022034,0.008600490040111304
FR021901,0.002965785056116725
FR025850,0.008911873226615963
FR030952,0.01621506092488782
FR023084,0.010830394697741542
FR022546,0.007551890831857975
FR031854,0.004665972080949874
FR023746,0.006064678328263476
FR027992,0.0046331929955054415
FR020764,0.007954201259583567
FR026027,0.029486396046524754
FR021594,0.03207038912619305
FR020588,0.022472780904423395
FR030736,0.012710370806719728
FR021824,0.008407836488816817
FR029094,0.0033366860003705007
FR024734,0.01648639522316493
FR021737,0.008392334809383267
FR022810,0.005463978917986345
FR029164,0.006949577204696933
FR031366,0.028233383753591523
FR027829,0.020157217417891005
FR028303,0.015442796255796667
FR022458,0.009431708457862575
FR023019,0.008360453739279785
FR031972,0.006156408084414593
FR021937,0.16016680757914925
FR020963,0.012539196058588224
FR031816,0.004408380845263035
FR020947,0.009257566681636733
FR028949,0.006513838895002698
FR022725,0.0068722812253628526
FR031683,0.03341441777735456
FR026940,0.020689954475207162
FR027833,0.0070836104126218965
FR025585,0.013156555974811347
FR024243,0.004715704824655774
FR022324,0.008111259605072594
FR020930,0.011120970015133534
FR024662,0.6322770456023978
FR030663,0.004482254638589605
FR022309,0.003998014963192562
FR028840,0.016162022127075168
FR020031,0.0055843496831299
FR030456,0.033664391520883026
FR023835,0.00824027047256445
FR030113,0.011181454726445978
FR028541,0.012335020520961387
FR023963,0.006553480980348832
FR024717,0.00561531921310394
FR027602,0.00924247416942813
FR027735,0.004167885349508184
FR025015,0.005177772705948441
FR020375,0.004547299502320773
FR023635,0.11138885457110562
FR026032,0.012804945046547875
FR025200,0.00447885438136019
FR031663,0.09888248208315087
FR028706,0.014727390591020417
FR030359,0.008332801065198443
FR031895,0.008380437333210524
FR028637,0.026493070008059894
FR029315,0.010266525147233134
FR025086,0.005768463643154194
FR028002,0.005274628207482172
FR021982,0.006212547884383411
FR029062,0.636791694199121
FR027728,0.004677648551239502
FR022201,0.003471081610968146
FR029899,0.018035467814318324
FR030686,0.007126950786072267
FR025732,0.030099733054884913
FR023997,0.03151026701112003
FR031653,0.036246095213147964
FR025729,0.023023078432025113
FR027136,0.007067429491852867
FR029859,0.008030461413950616
FR023697,0.009021602244697344
FR025515,0.014389719182493049
FR030123,0.00561844066083644
FR021290,0.006514215963893652
FR025890,0.004145611407564831
FR023053,0.05827876412752022
FR020446,0.003717047997494116
FR027013,0.016298520510788807
FR027903,0.016349388600969357
FR028253,0.010087657433466657
FR023554,0.018922402321331553
FR023744,0.002340180877572795
FR025303,0.006316858519649684
FR028518,0.004878602875959339
FR027490,0.007937999822739437
FR020385,0.005642289068674979
FR020982,0.009461243634183068
FR029133,0.7675402861244033
FR027795,0.005691662363221991
FR021091,0.012525321997753528
FR021765,0.010196917655808648
FR027509,0.017069297003544554
FR027980,0.03227222330624727
FR027801,0.006359853397106582
FR031289,0.01366759377105301
FR026311,0.016493472000235987
FR025768,0.007995178120195104
FR031881,0.007812762033272023
FR028854,0.08326762807395309
FR028145,0.008144673928782212
FR029846,0.17142259301958168
FR027431,0.006980349642931319
FR029463,0.23731338582133135
FR021186,0.008171224384767837
FR024526,0.006127746756033336
FR030823,0.010150679186830016
FR031058,0.006116429341477025
FR026303,0.0034568990231466563
FR030423,0.00950315610450298
FR022113,0.008820686863860745
FR031486,0.011071985214391013
FR024824,0.010504304874993473
FR022461,0.004571085146101869
FR020249,0.008059804704598461
FR025155,0.007900512630019145
FR031077,0.011065515740392043
FR022466,0.00908495608255907
FR020491,0.04497595601893529
FR029247,0.013474933309490825
FR030798,0.014514748291714216
FR020199,0.005406989465304107
FR020640,0.012772555514133288
FR024322,0.009543227034818292
FR025424,0.01885145727270828
FR026176,0.00793636403430057
FR029936,0.016838344699534526
FR031098,0.005521864113285613
FR021774,0.004251023887623856
FR022167,0.005754302838995593
FR030562,0.04190645324256327
FR030597,0.06312630741144966
FR027052,0.013014484981219928
FR028549,0.006006407753369922
FR030076,0.004975804540130057
FR023204,0.006660578119519972
FR020414,0.00838340137697072
FR027480,0.012432804826555677
FR024279,0.014410349970315945
FR022238,0.02805725185713649
FR026726,0.02133442762187026
FR024336,0.013827934114943263
FR030355,0.006115942788876686
FR026258,0.006631705266180845
FR029682,0.0042617709979801514
FR027915,0.011163059942960891
FR020146,0.00909252045671342
FR030007,0.17002011459669383
FR028516,0.009226956062726341
FR024190,0.004484064078635695
FR031624,0.008047726180411566
FR021018,0.07625057482659788
FR030184,0.007457904217704062
FR027368,0.026348196456316208
FR027448,0.011941939413202896
FR024625,0.00903884436537288
FR029432,0.005841621938877241
FR020320,0.009817799084388205
FR023563,0.005292536227044431
FR023742,0.007001438070740331
FR025041,0.0052194424599292626
FR031215,0.004609490121061646
FR027570,0.03269486319928997
FR024133,0.003545336300007366
FR021294,0.007758752536590674
FR022530,0.009210966180416766
FR023830,0.009363474936402428
FR028499,0.003128318730612109
FR022970,0.009421106394501841
FR024409,0.00800574662036762
FR030226,0.008084023153223933
FR031288,0.009843790212720962
FR024827,0.036394274091770845
FR025512,0.017065339588918184
FR020126,0.00767155436855404
FR029596,0.017612503611991206
FR021255,0.009059537577803107
FR030116,0.009389274853606532
FR021176,0.00915967906041881
FR023049,0.012257773520138671
FR027693,0.011448972106070777
FR020610,0.07255229012335067
FR030262,0.0159075502925751
FR027009,0.006016540659293225
FR029168,0.008419933108678829
FR027235,0.007003632901974444
FR021227,0.004140924740374719
FR026774,0.005825016312136251
FR030737,0.0064485993528870245
FR029090,0.007763354766882909
FR031544,0.00434883392899082
FR028920,0.006158555559952709
FR023695,0.028815241522673934
FR027091,0.0064636212562878045
FR020826,0.012020856561925464
FR027823,0.012529366792964045
FR031694,0.009311785955552324
FR026953,0.005535910560830672
FR031777,0.005173044461455313
FR031388,0.007757537792482429
FR030948,0.011043548090778812
FR026370,0.023896805810688537
FR021389,0.018747419735987293
FR027818,0.024242741348418684
FR025024,0.004456652629983134
FR031119,0.011243558639638138
FR026335,0.017251281321466656
FR027257,0.007570001926006658
FR023430,0.0054233207019010795
FR023147,0.005917554039387847
FR027467,0.012566204477206766
FR024550,0.005071325163544728
FR026488,0.009472750310043465
FR030507,0.02283265016171419
FR020773,0.012204454263472544
FR028558,0.004188733031294148
FR030000,0.020545151831578658
FR029153,0.007721400985199
FR026498,0.012993385309280204
FR031541,0.00805854637093175
FR031298,0.0034178013833644485
FR024992,0.07643408150094864
FR030861,0.020731070681547167
FR024687,0.01621831931578721
FR020835,0.007553686118861362
FR027117,0.010749510927213695
FR020075,0.01800651569517407
FR024364,0.005123838283299249
FR020134,0.013968225115467617
FR025876,0.03879609679465175
FR020247,0.004492617851193359
FR022648,0.00764584966877122
FR020467,0.009922178746643362
FR022653,0.007284391249634847
FR023055,0.010629601059279082
FR025511,0.006639677319745424
FR025203,0.03804588381020073
FR021243,0.006312516720456189
FR021260,0.00580362790602996
FR028494,0.02729031392508623
FR026944,0.017588500856499305
FR026017,0.009947161126925886
FR029886,0.010562635477454278
FR023911,0.01146935539900015
FR024325,0.005197296068537066
FR029300,0.012850849275628098
FR026779,0.003966550265338178
FR026938,0.027272416141902768
FR023470,0.022996043411355704
FR028844,0.017058419338079854
FR028307,0.0353626495201198
FR027902,0.004983039933066814
FR022534,0.0034095842792682745
FR029343,0.004063060295745576
FR029010,0.0090846716930043
FR029921,0.008620085443281553
FR022291,0.004517073704824024
FR023140,0.016609466238010608
FR022266,0.013247862489895951
FR022765,0.006721055230011161
FR022103,0.010237944500058452
FR020183,0.02881165781221089
FR024114,0.009360625830910992
FR026297,0.018423489297389985
FR026255,0.015832325458759882
FR020736,0.00831400688945078
FR026275,0.008492088244790929
FR021561,0.004770585812513046
FR025309,0.011816502980449357
FR031450,0.009483898165524102
FR026703,0.004982916743722846
FR020539,0.007953895146135403
FR021742,0.016024313463191466
FR027976,0.005684943744307198
FR031761,0.017780503961291737
FR022006,0.009517965055070705
FR031617,0.013992416551645796
FR021500,0.010458699987471527
FR028869,0.013863855646885203
FR021913,0.032733871095046094
FR022476,0.004298734359776591
FR030658,0.004720286839114784
FR029761,0.004119019134427423
FR027783,0.006289632112876928
FR031325,0.011469501145501763
FR021289,0.006604821081491448
FR022224,0.28022533788067483
FR030769,0.026266257190577725
FR024223,0.025266704498174634
FR023074,0.011569835880306755
FR025142,0.005518238790989761
FR027892,0.00413257643511275
FR024562,0.004414791515979103
FR030858,0.005123825986414752
FR029607,0.01830087914056321
FR028306,0.007646748361521659
FR029831,0.01017349030745107
FR021238,0.006441869604459577
FR031837,0.008017234172043357
FR020691,0.012032480635357083
FR021513,0.03328186314948405
FR022021,0.019411688218110228
FR020140,0.004986568259093503
FR023169,0.005268732950072981
FR028316,0.0063885927228163495
FR030593,0.03158718637332407
FR029374,0.25966726559736725
FR025939,0.011372664599098255
FR029273,0.004616227933445259
FR030263,0.06599329783462912
FR027249,0.014682584666932775
FR029883,0.006658148175293026
FR020136,0.011394927485646135
FR024931,0.0031588385096812726
FR020164,0.0066026561510119375
FR025962,0.007263327827913679
FR031370,0.00843633196673958
FR020828,0.01684427563661512
FR029887,0.03538248065070022
FR024826,0.006058314585577228
FR028204,0.01207174241353772
FR020444,0.010109742725160284
FR025050,0.006310132955349416
FR027736,0.008276120743328364
FR024246,0.004712889386791046
FR020439,0.005401040799367911
FR026227,0.032402115397016235
FR021986,0.04665760762797705
FR026985,0.019215067194622636
FR021869,0.008242371206100723
FR029380,0.019493116336580008
FR031603,0.0035777042299371662
FR026838,0.055883795923919434
FR020983,0.00670309481685471
FR027885,0.02257055893362941
FR030732,0.015243594689325951
FR027463,0.005506080256513645
FR026386,0.007316837751660464
FR030375,0.007516558530627273
FR031391,0.10719728444005303
FR027377,0.011811041265469693
FR029706,0.00900564621660911
FR026831,0.010863473106042392
FR029314,0.022268643554564597
FR021242,0.0134255876448774
FR023661,0.00810699388480218
FR027373,0.014433878699669412
FR024603,0.045055749112914475
FR021331,0.008734501038075038
FR024119,0.004948331620193787
FR027767,0.014862971627828523
FR028024,0.00787473629544647
FR022375,0.015453604868806087
FR021887,0.004122277763801567
FR029140,0.006389100530001306
FR023485,0.003874303908045401
FR021630,0.04708955313440194
FR031256,0.009619196579877858
FR021024,0.013160958771418364
FR021404,0.0065902108040648225
FR026354,0.04922131784920654
FR023540,0.03795567867035158
FR026445,0.005250291317136799
FR029656,0.005590877238512708
FR029771,0.03720311048183226
FR028683,0.006955346702118359
FR026107,0.011896536027089077
FR021779,0.008870164274529645
FR029181,0.005933520636871934
FR027453,0.007108853602680895
FR027002,0.019686244804047355
FR026927,0.004788039742047716
FR020673,0.013689370659399347
FR022145,0.030692810497659984
FR022818,0.004462026240007199
FR024727,0.0037254452385475693
FR028833,0.008229979633857234
FR020859,0.018235054255951268
FR029346,0.016082404223295186
FR023497,0.0059250372707538536
FR020104,0.005577932180250071
FR031604,0.042079257588235344
FR031625,0.030471219478042277
FR028151,0.025948258831123384
FR024677,0.027385768225571434
FR029059,0.016197757658231948
FR027967,0.011448578474697149
FR023677,0.021083516966043374
FR024317,0.007093281259644077
FR031142,0.006109022953106616
FR028446,0.010187084843173426
FR022110,0.030185889337360782
FR028953,0.009170937316461918
FR025967,0.02294423269538308
FR025441,0.009860266787863252
FR025351,0.01780516785111468
FR027658,0.023482838546015582
FR020416,0.008525183179940523
FR023286,0.005844062498825192
FR025832,0.006656190334429095
FR027830,0.00557578925717338
FR024011,0.005356532168955307
FR021347,0.007294095400919623
FR026374,0.1574941255555907
FR023930,0.3471206158129673
FR030378,0.053631279599353876
FR030494,0.011210836896426036
FR028286,0.2671242530049568
FR031885,0.005981479393598641
FR022158,0.010003675422219301
FR023941,0.026449147021062963
FR021752,0.00824624227295762
FR028467,0.005262507331394961
FR029197,0.005156370005003951
FR025004,0.011972510644458362
FR026695,0.014498109673181167
FR026986,0.06085539100037364
FR026698,0.006152889029903662
FR029284,0.02958818514088596
FR029427,0.007510223294901174
FR026352,0.008164150827828984
FR025080,0.012204047540663855
FR028839,0.011405914882023995
FR031830,0.006270966643327503
FR022195,0.003965235553970488
FR030024,0.012376004959612712
FR025575,0.015012272227812484
FR026249,0.1040457703701669
FR027518,0.00893271495326574
FR022606,0.005103312567368547
FR023135,0.0064377289898044044
FR031390,0.004444201690853743
FR021225,0.07112828875684205
FR029124,0.008731810865852813
FR022783,0.009294369828028679
FR025361,0.9681144125550105
FR023825,0.0060764054807996605
FR022661,0.013486678941578114
FR026822,0.011183111721876558
FR027610,0.005775960907097154
FR025851,0.013775688518380283
FR028199,0.008769353792461642
FR031866,0.004087883215032281
FR026400,0.007840658273252078
FR027839,0.019518292124349117
FR025857,0.013824843411052435
FR025138,0.004422480134949731
FR029293,0.007304410664106942
FR025879,0.02358053844780176
FR022414,0.01073301129109272
FR029444,0.021304977882954008
FR031258,0.00730138260083029
FR027978,0.0051247022329746015
FR030079,0.00875018977521189
FR020514,0.021811710809135392
FR029053,0.012674849990594237
FR025554,0.0052074345507879816
FR031562,0.007581526015615829
FR021780,0.01368641670774826
FR024289,0.005770538324940983
FR028879,0.04029843966834277
FR024581,0.008421943642710377
FR021409,0.005066542415906523
FR029035,0.006468683846220709
FR022909,0.008645991883821544
FR030806,0.007684817373300566
FR025809,0.004981344425262494
FR024333,0.004709727238899572
FR023711,0.018085277377662985
FR029814,0.007311522856654337
FR025150,0.27446633733953696
FR023636,0.005203387242828419
FR022244,0.015001219034410115
FR021333,0.02032056788959668
FR025109,0.01777252460538674
FR020696,0.017978503931469304
FR024934,0.02370571403038048
FR024138,0.003517654025112198
FR023469,0.006259116210718392
FR020840,0.01107118515268978
FR020017,0.004390141167706559
FR021086,0.006497681385098923
FR028023,0.004023759118045695
FR030687,0.010823990338238332
FR031488,0.013600018550792492
FR031636,0.003768652380673982
FR030601,0.005275211080537992
FR027426,0.00972981854544665
FR027039,0.009212942444129882
FR026667,0.005708145947377433
FR021234,0.022821236663067745
FR029271,0.00395797329752155
FR029558,0.007414301978390809
FR029592,0.0036419430327074035
FR025630,0.004751372748794753
FR022335,0.004117307994249046
FR025537,0.011303787776123338
FR021146,0.021201947621467744
FR025619,0.012488810966403053
FR022950,0.016197605916789058
FR020387,0.015353720681639548
FR026923,0.026348368329412713
FR023171,0.003341577069459136
FR028028,0.008205576989952983
FR024592,0.05650068010250288
FR031780,0.020801919607209403
FR025877,0.007418503099364569
FR028496,0.005880498448537226
FR020121,0.004971113586448125
FR026668,0.005843311707938104
FR031362,0.014554817996981367
FR027319,0.0107138498336206
FR029055,0.008237787744140825
FR027190,0.017349740146230582
FR030342,0.00882396028614643
FR030701,0.0050018835468911725
FR022479,0.018351179375236774
FR023275,0.014778741450394688
FR023392,0.007816949439454844
FR028127,0.06731906717315628
FR022667,0.011077860069003333
FR031418,0.006942885825002057
FR024337,0.0073043482961503816
FR024756,0.009855950244524287
FR027789,0.00861244995563455
FR023369,0.007350678680416734
FR031241,0.004514219190244779
FR030413,0.017142269052121666
FR026011,0.007875972217542548
FR026829,0.05559732290934094
FR024255,0.025017670810206533
FR030909,0.007692499596657215
FR028091,0.006722875130020306
FR025482,0.009738140989035311
FR027459,0.013323822231665627
FR020034,0.007108016441911051
FR022310,0.005036479180409085
FR022017,0.003831171520474419
FR031966,0.009408303316587884
FR023326,0.009323037467554824
FR027796,0.006998556327186678
FR026559,0.005070437185858579
FR020415,0.021029556870767154
FR031267,0.006638468661776609
FR023365,0.0067925669542410385
FR031535,0.006387920362056638
FR025135,0.011754760192860142
FR027750,0.004398526435955502
FR020278,0.005560853584787186
FR027599,0.016948569123076383
FR030167,0.01009988509818133
FR021868,0.014234613349608261
FR023010,0.02133196655913358
FR025238,0.010581659204086005
FR027089,0.005825592929831527
FR026803,0.008965141805376983
FR021034,0.006585537715699233
FR026992,0.009043471401783085
FR027384,0.044408632281377945
FR028585,0.008906486991554413
FR023102,0.011354327817816406
FR025800,0.006173660427611924
FR020048,0.013790404680597088
FR026093,0.006964973424004604
FR030556,0.0054838233845757095
FR028473,0.00765033526787833
FR020347,0.014690140853672734
FR027404,0.003105500969290037
FR024942,0.009593608680262749
FR022971,0.03538943860305137
FR020612,0.008458921517601877
FR026593,0.3331645752999841
FR025276,0.03158072068819779
FR030311,0.007327877835369455
FR025533,0.004487753060391725
FR031947,0.021956087605827193
FR024641,0.007221655453207536
FR030994,0.03384957198242588
FR030964,0.005635478845873518
FR030481,0.11134941215686409
FR020212,0.0040841316827757105
FR031531,0.009914576884420254
FR021789,0.004869946680418441
FR025900,0.020438856880976585
FR029756,0.003634500217722922
FR021441,0.005151013742834816
FR029246,0.010856022667804546
FR023504,0.00995042115414127
FR024649,0.009013367889775515
FR025581,0.013889313300145983
FR029556,0.02165950953936624
FR028421,0.004715576262375414
FR028564,0.06621254586655909
FR022849,0.013850613474882973
FR021228,0.004766864232692885
FR020481,0.0065402955233188394
FR021138,0.006315302221981532
FR024166,0.08627384134875456
FR026301,0.005538430820994024
FR027794,0.006399144062006602
FR020055,0.014103752630760146
FR028399,0.03169917323120902
FR024563,0.005370528585401229
FR020874,0.007935123349961545
FR027307,0.010419608963323043
FR026694,0.08644917838600134
FR025255,0.018047478853185077
FR023301,0.00944615151357096
FR020026,0.010771281587364645
FR023187,0.025958867051439967
FR022452,0.032211845103410304
FR021023,0.0068204778243015785
FR027256,0.01271711489910427
FR020019,0.0513165551356838
FR030193,0.005809964108919353
FR030720,0.008011789454683026
FR023419,0.009724603840782277
FR026067,0.010640916636664952
FR029411,0.009177378228932455
FR027532,0.015737455306642896
FR028348,0.007270808254102703
FR031011,0.014905924134030035
FR023207,0.006683934160425596
FR022037,0.008414471260743572
FR030118,0.045492249456072345
FR027171,0.005890380210418749
FR030518,0.0038461697324660496
FR022390,0.03565732122126323
FR029071,0.0052719784160422814
FR025985,0.00643147812782649
FR021590,0.010125756203153296
FR023499,0.008647581969577878
FR031665,0.005986765125101665
FR028610,0.003185682728914851
FR029958,0.006941258665605401
FR025727,0.010259705001871192
FR029102,0.020526246719691228
FR023395,0.004390582567214871
FR027681,0.01106949077915258
FR030052,0.0072791786497220425
FR022792,0.006023098976026752
FR029206,0.004800311056928021
FR030530,0.005823319415881651
FR022781,0.010826688591517716
FR030273,0.0034836404952034105
FR020533,0.00819287280318442
FR026984,0.00894098921902537
FR024594,0.023441276009341837
FR030867,0.0034735410122430166
FR025801,0.006292461607480258
FR027137,0.006206174604083864
FR028231,0.010439873959286318
FR026206,0.00659198286523931
FR030483,0.011968091447467476
FR022958,0.0063927009033743504
FR029701,0.028393177116085355
FR027706,0.00467770520878005
FR024327,0.016396871335065503
FR023003,0.013798969858068643
FR023466,0.004658646808212041
FR020356,0.024253904923053078
FR020924,0.004163971289812518
FR020379,0.00523083964675237
FR029220,0.02737279622730055
FR030542,0.007202911074088156
FR021447,0.02538578079061371
FR025145,0.017658580719401375
FR028960,0.003366487291509826
FR022694,0.00675174790949404
FR031968,0.011427228022275384
FR021768,0.005713056922672943
FR031404,0.005559582145616292
FR029759,0.02461480746942457
FR027594,0.011470724402366617
FR020996,0.0049950473281029665
FR030666,0.00919352855064498
FR022760,0.005821397505332382
FR020825,0.02184022663970942
FR031300,0.004680363604553478
FR028873,0.008679854687561044
FR030477,0.006750013016074949
FR021241,0.00629713117067094
FR030071,0.005619037945690619
FR026605,0.008718941434621066
FR020757,0.008695157650529268
FR023272,0.020536000480863428
FR031632,0.008637964263336127
FR029459,0.006943738592500026
FR028698,0.0052992366102845734
FR027450,0.006524109441195257
FR022441,0.30393156041604535
FR028482,0.019743741905824775
FR031543,0.019990219570224066
FR021821,0.03077817071846899
FR029860,0.005293670912363942
FR024335,0.013675454256609779
FR021783,0.006392038255630167
FR021273,0.007836888988233408
FR027215,0.005968967662004047
FR025126,0.005253472309990321
FR029793,0.013135389395768905
FR023690,0.010305914140397504
FR022268,0.008377635825742021
FR029952,0.02665827996252897
FR023826,0.009078514455200993
FR028111,0.009736277715878625
FR027493,0.009414360912622323
FR028813,0.034771481913999286
FR030296,0.011049355170388563
FR030266,0.005074915797897152
FR020115,0.003398822986564501
FR030389,0.013898411204493694
FR020342,0.008424940075623612
FR026816,0.004701304936425813
FR021280,0.01660350068564679
FR030437,0.004322755555506962
FR022753,0.00423181162635556
FR031648,0.00933854929844439
FR021248,0.00799978369745637
FR026636,0.005925675493337572
FR021459,0.01001587457728927
FR025969,0.006522723184327188
FR028056,0.07427360487828125
FR022177,0.006571158039984834
FR028369,0.005976909663893003
FR029741,0.004654797597464376
FR027378,0.016706554279276316
FR021570,0.023088903769844578
FR021735,0.004297256582712363
FR024463,0.00572073542472472
FR020973,0.009912422828823642
FR024423,0.008088902915086184
FR022835,0.006007845913965025
FR031030,0.006109708018646598
FR022773,0.008406359847937833
FR030412,0.007065366135533458
FR025468,0.016402957665705976
FR027988,0.014041253976124365
FR022920,0.012025789161975345
FR027753,0.0097169853161065
FR022964,0.005041090222882691
FR023069,0.00836174294117482
FR031072,0.006511298505610752
FR031720,0.005970164510227636
FR021113,0.00499460310281451
FR025254,0.01387572901865545
FR020129,0.008018921991272587
FR021903,0.017342880663276054
FR029352,0.0041891907820057915
FR023412,0.005265285252849946
FR025435,0.00679276008821296
FR022169,0.026316791202049078
FR023342,0.0034046274486111945
FR029807,0.006186780115114041
FR021312,0.03395643385710153
FR020670,0.009425712123842028
FR026762,0.0055373173329801295
FR029726,0.04804661629899733
FR023901,0.006951807541639318
FR031813,0.0044282724426643275
FR027268,0.01678204394183638
FR022700,0.007560828356437906
FR029528,0.007136797089380464
FR024605,0.004347290763057241
FR024429,0.009443374835359609
FR021061,0.007629577979832993
FR020936,0.22856904185054577
FR026339,0.023574826063680627
FR024559,0.0070730068223939305
FR026715,0.30456042633443337
FR027220,0.006690510049396517
FR027537,0.005124383193064764
FR022969,0.004943309634468161
FR026007,0.003381878871003833
FR028894,0.005509813853460037
FR020078,0.00599119129940257
FR030942,0.021458659194146468
FR024012,0.010362438257663673
FR025906,0.004538478539962648
FR028759,0.007798385053076906
FR024875,0.006520097031419067
FR030670,0.021017190211907535
FR025954,0.009422206890316573
FR028998,0.010103209713473399
FR021661,0.013101799662098077
FR028486,0.009734951263694242
FR027985,0.005343178513571831
FR025584,0.007836534169345516
FR021391,0.005440161984101134
FR020507,0.003976224178447822
FR030690,0.005032334223706327
FR024628,0.013355542747601177
FR025708,0.007109294843182493
FR021310,0.008865830369946998
FR026381,0.003844037247607392
FR022281,0.011566230678645073
FR022815,0.011637188319686975
FR031167,0.013191834145203765
FR022587,0.004694619300042059
FR022986,0.02370619818039018
FR026450,0.009925924365401045
FR021838,0.0054195079974453195
FR023426,0.009633691364423736
FR027317,0.005976687864023511
FR021641,0.02590874251919434
FR021101,0.0036571481095188014
FR031993,0.012728900707122476
FR026943,0.007608667503285134
FR020652,0.007992607904260794
FR025048,0.0066161493113784196
FR020605,0.011710305311583855
FR025221,0.027260320561794237
FR027477,0.009534671381871713
FR026508,0.034793002749121914
FR031559,0.005109434899111942
FR021555,0.007428790000712097
FR028589,0.008116908731842768
FR026072,0.003767567302600962
FR023064,0.011230453533356305
FR026360,0.014310975610077856
FR021369,0.012672215853187462
FR023839,0.007458047888597432
FR030367,0.0076261226364351025
FR031623,0.020200461665912772
FR023778,0.02194300879391399
FR021302,0.011158975785899345
FR023822,0.045217442504017456
FR021352,0.006638322125577757
FR030544,0.008427785130287324
FR025911,0.00810778293581115
FR031628,0.004063733360522534
FR020111,0.03024790202275741
FR020297,0.006058443726913021
FR020581,0.015441715243959885
FR021295,0.004407260795794955
FR026814,0.007956282949209071
FR027743,0.004571298777716692
FR025887,0.012702035427392944
FR023131,0.007730987877356441
FR026881,0.010040473163441754
FR024607,0.011104528785127934
FR031945,0.00812807662650317
FR027515,0.008958152691403994
FR020012,0.01660676231457111
FR027288,0.007443976290423487
FR031408,0.006877470376587524
FR024818,0.00465213077910615
FR025253,0.006677577087239236
FR026387,0.005494046846060067
FR031607,0.0065820748727391885
FR022968,0.004073042232516023
FR029114,0.004559521537210374
FR026641,0.007029725991354446
FR020203,0.0068777170743487505
FR025428,0.04989816812703883
FR025549,0.03151265992414075
FR026644,0.01715520609599396
FR026371,0.009225738187600741
FR029818,0.005003696120767241
FR028216,0.12581778506571525
FR026031,0.035043295005009086
FR028527,0.02292292879037962
FR020001,0.03135655605841857
FR027605,0.00855682616250276
FR025471,0.016505501091317897
FR020338,0.029632977410451688
FR028500,0.0064756101846301485
FR031879,0.012452660397879647
FR027385,0.015762897258028968
FR028144,0.007608811385885722
FR030953,0.012414481876576003
FR025604,0.01032843645874564
FR027814,0.003959254332439057
FR022391,0.008938587891527246
FR024481,0.004869696612841522
FR030348,0.012186979469351076
FR026423,0.005047538335964578
FR025082,0.007787625150359462
FR022426,0.0064133921981614425
FR029176,0.008420419110828106
FR023745,0.006738918375565245
FR029932,0.021180441821648268
FR030936,0.010423079731539536
FR031930,0.011261053528560612
FR025180,0.04264033329443793
FR026877,0.003927548275952944
FR023569,0.009814802536068482
FR025654,0.006172955196235582
FR027437,0.0034352786183403363
FR031338,0.007342064428472353
FR020336,0.08289790881442975
FR023067,0.006320232525036733
FR023970,0.012360889428096355
FR029881,0.00484326023289076
FR029453,0.011242347719373335
FR025810,0.019016388663321605
FR028362,0.00861136968078339
FR029659,0.005840624744794662
FR023616,0.008826518814124128
FR031868,0.004591680298146679
FR028823,0.029663931007737836
FR026052,0.01709956621507038
FR026426,0.008790165457910155
FR023248,0.009308491306896016
FR024503,0.010006722688394441
FR021329,0.004118632442344076
FR026419,0.0355330227593325
FR031214,0.005864540811237855
FR026554,0.011685009879736304
FR021486,0.005091609655800859
FR030401,0.005501988073779976
FR024635,0.00981672645539708
FR022639,0.009097828134594256
FR024865,0.004926629483772372
FR024024,0.006448218075256355
FR030528,0.003017860011317211
FR025459,0.005802707192295599
FR026789,0.005652017081405895
FR030808,0.009602502648658163
FR022494,0.012112217265992839
FR025764,0.0061963281912625155
FR023374,0.00834488258477321
FR022484,0.007998061399498716
FR028771,0.010892277854203368
FR029461,0.006119583939535287
FR022697,0.007708358302754606
FR030965,0.01652218031871543
FR024023,0.004289750779258207
FR026683,0.005981388073896041
FR030161,0.013759239942315326
FR024213,0.02463907642137041
FR030788,0.010964090023838722
FR024894,0.009766513982699773
FR029652,0.01081102153120362
FR027145,0.004656479829862967
FR027574,0.004027687589997818
FR024724,0.006778756542042713
FR030344,0.017280109759819497
FR024355,0.004118485223263647
FR022284,0.010997126894332038
FR025814,0.010535496699946594
FR026846,0.005666006531904631
FR020637,0.0192268421896566
FR021075,0.012396773577185598
FR024624,0.0068542295131085815
FR026143,0.00845651961897475
FR021411,0.006421331090536911
FR031457,0.007600307414325533
FR029686,0.005395907216896043
FR022511,0.008613992593352233
FR022573,0.007445381476581699
FR020770,0.012093327568728569
FR030829,0.010840225594119011
FR026783,0.009450566531681328
FR027018,0.0074017181243052135
FR030850,0.005841584987005297
FR030628,0.01658219501309183
FR028061,0.012982959723961277
FR020677,0.004076839194187125
FR029884,0.013996705205043283
FR026560,0.007547772904006604
FR023595,0.009124442382701931
FR030735,0.9096678661717876
FR026138,0.0071601208448537484
FR029654,0.01452508631197565
FR022322,0.008441697944460418
FR024947,0.008656615175492068
FR025918,0.010484867587225772
FR026580,0.028634823737558646
FR028707,0.017335545421024008
FR029969,0.18542592407760697
FR029894,0.0033319258411828264
FR028835,0.007026049855594718
FR025011,0.011512317422973508
FR022830,0.017091704664787905
FR025355,0.050448710973726205
FR029130,0.010819786902102358
FR023851,0.00838279686949426
FR025475,0.007247905867971791
FR026319,0.006927780662394302
FR026898,0.00438667644107822
FR025664,0.011354702542230515
FR021697,0.008450017805590652
FR030995,0.008300482505657996
FR025717,0.004638244526932572
FR030415,0.0048376961964493054
FR020177,0.006524566261027875
FR022802,0.010737683918726518
FR020732,0.46130057735481333
FR025658,0.004388628214022912
FR028305,0.023172665759693976
FR030957,0.004151160167678664
FR023973,0.06149947646048035
FR023081,0.004337919071910534
FR029127,0.012495149985199839
FR022340,0.005190048427233954
FR022485,0.012520827317747053
FR028573,0.025532083643316827
FR028102,0.006410939205069142
FR021068,0.009260090390787738
FR022153,0.007403464214500069
FR031501,0.005835380952641261
FR028330,0.1728085090509333
FR021285,0.005878636993170897
FR026749,0.007237641954733529
FR027121,0.013439420271857535
FR031977,0.013362435585042385
FR031751,0.028576882034478158
FR031773,0.013679068562642657
FR026974,0.00669737940608667
FR031878,0.023011352911097918
FR027491,0.012064143439880323
FR025671,0.00718059568154041
FR025937,0.007505637761142589
FR024775,0.022977736027983066
FR026340,0.01063400508766262
FR030028,0.0055480139368477704
FR023898,0.00611250665788466
FR020377,0.0038425089210273296
FR025429,0.007943515816290601
FR022124,0.008392222270710643
FR022726,0.015318096775936485
FR030525,0.004540301070723101
FR026753,0.004927311715577178
FR024287,0.01100084952661799
FR031349,0.00453017605931229
FR025625,0.019587442505029383
FR021898,0.006364178315729978
FR025398,0.008265787920378475
FR028034,0.019927968468766592
FR027729,0.012606790452385464
FR031710,0.04538109189059301
FR028120,0.01179242578112753
FR022609,0.007654692286416111
FR024988,0.013739441064058628
FR021620,0.013472381196150657
FR023866,0.0073120260585642525
FR021116,0.007336060560568255
FR024372,0.01799358540741563
FR023321,0.005631571090479413
FR029132,0.011255101630179917
FR026265,0.00828399997157631
FR024997,0.021994674460640053
FR026215,0.012847058571251171
FR022552,0.00724587349610159
FR025173,0.09648594790391604
FR023831,0.0050091788423819675
FR031818,0.005717562121527856
FR021685,0.011726817761553234
FR022242,0.011760472265712321
FR022364,0.011005383800068665
FR023186,0.004389680484543766
FR023132,0.008797646111961606
FR025951,0.005119010456495101
FR031598,0.26951845843953964
FR020144,0.00435167856253578
FR023119,0.03365195749260559
FR025964,0.016290171540760023
FR022594,0.01114380299126815
FR028171,0.010931769766759854
FR022626,0.00367639899647782
FR030744,0.004955062202794356
FR023846,0.005548738420068521
FR031469,0.012239518067563914
FR031476,0.017338835694669673
FR026444,0.014024859237067014
FR026734,0.008679726135830191
FR027370,0.002702945579453945
FR022581,0.01060764611155449
FR021119,0.009736443295758979
FR029544,0.008917505883203915
FR031615,0.007824595886153975
FR020179,0.007215369654669723
FR020917,0.0048930313246030605
FR024910,0.009290111337703598
FR020325,0.004955018720143265
FR031967,0.0223839663299469
FR020288,0.008924981330135907
FR024927,0.003218079968593231
FR027555,0.006405195458859214
FR029089,0.009951886468746235
FR030083,0.013249355095720288
FR029950,0.007915970762079021
FR026966,0.007889480132372822
FR021914,0.006592999949934739
FR025293,0.01549109096167434
FR029268,0.021873197034712803
FR028116,0.003430417742070392
FR027214,0.008229915717365869
FR023056,0.02382897934061279
FR022098,0.007771586609015463
FR028053,0.009219413502740057
FR030961,0.017046932219237053
FR023999,0.008440963579110436
FR025665,0.01501717785034384
FR020007,0.00662462451419713
FR024933,0.006832836230554163
FR030404,0.003542440369767854
FR027995,0.014798343249141038
FR026026,0.009987284194839347
FR026772,0.009507975392999992
FR028639,0.006059246741555589
FR026029,0.02304717453670898
FR020957,0.008854031577268856
FR020540,0.012569549059288981
FR030504,0.009982487526349454
FR021837,0.02304146691645825
FR029812,0.005472712934513442
FR024398,0.00657345334068771
FR028668,0.0044784349692000135
FR023167,0.21259382286197673
FR027474,0.0035090379729302975
FR024966,0.006674135563394697
FR020925,0.009108985612804947
FR023632,0.0212301001368036
FR029627,0.005817243989139416
FR023816,0.005882877623000151
FR022806,0.0028752363482790573
FR027012,0.005845693741412904
FR029170,0.014205415476243832
FR022647,0.010140139626369778
FR028207,0.004612494535261438
FR030464,0.5637883008278225
FR031631,0.0039655391423404065
FR025196,0.051249853165997575
FR031629,0.0062344604073863216
FR026592,0.010579825543787131
FR023871,0.012546975547749709
FR031425,0.31942370070835546
FR028819,0.007866852887934293
FR028866,0.00580074783496491
FR028247,0.024357277627773503
FR024085,0.0057855898101581375
FR022838,0.02755443991439077
FR025738,0.006370848239932445
FR026761,0.005971877929875212
FR021756,0.00456872570778415
FR020768,0.00634334232182399
FR030826,0.004617008643104652
FR028355,0.008510421587669468
FR023852,0.0731832067592283
FR030756,0.008558145482615537
FR025312,0.012433566230121647
FR024719,0.007479498364702008
FR024847,0.024864397878102712
FR029288,0.022742641441780644
FR029398,0.008300759505062899
FR026711,0.006219517854548091
FR028959,0.005569530615605762
FR031596,0.007823868875765635
FR028817,0.019037399976468125
FR021577,0.0038892859667715948
FR022858,0.014904425810704872
FR029715,0.03657158394964864
FR020886,0.005738075950641431
FR023341,0.004709935678125313
FR031956,0.02017952155498424
FR029378,0.006677583021813567
FR026950,0.008843868092370883
FR026804,0.012387462347854993
FR028329,0.007771062516927545
FR024411,0.004047792140305169
FR030986,0.007100770090330562
FR024193,0.07243619410907153
FR026591,0.0065616520934107
FR026037,0.007961109426009421
FR024565,0.007229532258678883
FR022218,0.007109488473674368
FR031116,0.00697725848937486
FR024353,0.010323049884603594
FR022604,0.005983330980477914
FR020285,0.016896561901680603
FR029121,0.018116923424067993
FR023665,0.00513890064050217
FR020453,0.026003266582825552
FR022459,0.025214781745716692
FR020526,0.007623158543797368
FR023404,0.009419207447058521
FR028445,0.021860559072190373
FR030974,0.015698867170142756
FR020787,0.013094479138557125
FR031375,0.05525340664269272
FR025952,0.004916030365913088
FR025054,0.0882313523441762
FR021323,0.027043068636845597
FR029629,0.00686005161471427
FR031354,0.012817163481693965
FR023682,0.009745027281680762
FR023611,0.011214203190765933
FR024919,0.02761618023253808
FR025769,0.017563988925460624
FR023114,0.015042977284446757
FR024095,0.008062758137964412
FR022209,0.00804331566824682
FR024670,0.007923120946527468
FR026480,0.01038506737859663
FR025987,0.09768913253784181
FR020591,0.020073127648329123
FR020271,0.8607372725882498
FR024149,0.019316504744550815
FR029840,0.012956454175307146
FR031334,0.008493919841752356
FR029496,0.02754408856249857
FR022499,0.00377241943953273
FR028945,0.006204598828793063
FR026021,0.007978798053240825
FR022682,0.01048338212418559
FR030672,0.012580241119281705
FR023525,0.07714554440476454
FR028304,0.009145948550004987
FR021172,0.005591197432060838
FR021639,0.005991623000773711
FR028928,0.058856767446150884
FR027339,0.018587167178869213
FR029896,0.31043375195088396
FR022571,0.004604212671692813
FR028650,0.00943230008275932
FR025860,0.018942465020543982
FR023070,0.015032749200604545
FR026346,0.010739625838724107
FR025338,0.004657710011225534
FR023996,0.00954179395429441
FR021338,0.006083630035665329
FR031865,0.09630866927301526
FR023600,0.8799742987514815
FR030341,0.01606089164454705
FR020117,0.012620864710593163
FR031022,0.012045920002194496
FR023035,0.006454010491564728
FR022436,0.02497994974855597
FR023220,0.015149652283191647
FR020276,0.021260648295595194
FR021794,0.0073210182931551
FR024509,0.009766422807431466
FR022777,0.022694523107548777
FR031232,0.0055170339544384495
FR028986,0.013012699339199773
FR030533,0.013352537207006738
FR020300,0.00566037229460067
FR029997,0.00533562030001755
FR021021,0.007899866925792925
FR029792,0.024801781063785697
FR022711,0.006307638625986309
FR025915,0.01338348518419338
FR025582,0.025292305823401175
FR030702,0.0037794371316861924
FR020921,0.008228503585879161
FR030877,0.02582561259140743
FR022303,0.011411470631225443
FR028402,0.01718259968615901
FR022872,0.016862592932509406
FR029007,0.004989150491007125
FR023751,0.010257668584817992
FR027855,0.013316420862594708
FR031716,0.006576848091562365
FR026692,0.007484098236817638
FR020681,0.007906641593508196
FR026631,0.008698985615243428
FR028413,0.011938357128300412
FR031802,0.012167919417191395
FR030659,0.24315646591957626
FR028760,0.01752077658041245
FR023591,0.043700788190938686
FR027588,0.010019865383651455
FR026313,0.004584889515776553
FR022134,0.017070082569749446
FR024000,0.0055584934204404
FR028935,0.02393542363468238
FR029920,0.02831762993861044
FR023111,0.010750896329089248
FR020275,0.00833239542033996
FR020195,0.26794502175422863
FR026388,0.009880024383575412
FR030291,0.005815211020401726
FR026464,0.005958106020045086
FR025518,0.007080850010998304
FR022173,0.007835255715851249
FR021477,0.006814069907549625
FR030513,0.5209851596798587
FR026648,0.10197768369600499
FR021342,0.004392278106672488
FR028885,0.010453095549216366
FR023366,0.006962894253080795
FR025564,0.011831107858777543
FR027218,0.010830176082747677
FR025865,0.02591711440250034
FR030277,0.005122991761951943
FR024348,0.01111716481881023
FR031223,0.00815593692446773
FR024390,0.009210206874026333
FR027076,0.012835463664211849
FR031467,0.037293415411466566
FR022147,0.005271171246097501
FR020128,0.019239823737432934
FR022769,0.004017927206020642
FR031246,0.008670599776158448
FR025237,0.018017438417491868
FR022043,0.00703279304852702
FR020731,0.01449870703909507
FR028455,0.03838907590890328
FR027826,0.014699076522587859
FR029341,0.01487578539426459
FR023610,0.0066552407353733245
FR021822,0.007239272519879013
FR029867,0.007942595267426316
FR022075,0.012017459595923591
FR025067,0.019781563089883877
FR020894,0.008413949551924173
FR022490,0.01552966793827171
FR030009,0.04962108259051804
FR021795,0.057494902031375264
FR025231,0.00919861233722347
FR020730,0.005871454747667364
FR021921,0.00791128036596363
FR026115,0.02303603256699221
FR027178,0.00489332960583599
FR027383,0.0061086771229630285
FR027318,0.029552219892572756
FR030261,0.0034431438066789334
FR027611,0.032839709276811097
FR022160,0.007839824040705452
FR026125,0.00696282081280529
FR031754,0.013647041327260797
FR023260,0.005227810296575476
FR030572,0.0284861908744511
FR028480,0.004588499550670829
FR026119,0.03264119510356576
FR024953,0.004790486374892307
FR031036,0.007420123559201385
FR031456,0.022636661332114234
FR027914,0.017931358718154183
FR027255,0.006781946927832351
FR025920,0.013054616554435017
FR023156,0.007190542270009104
FR030759,0.005356710624519341
FR029069,0.016783149472953215
FR024812,0.008308002901349748
FR030144,0.016354618472953643
FR023128,0.0046934762868455675
FR020815,0.00828960957100507
FR027186,0.019049895471703746
FR023385,0.015186202011308348
FR030887,0.007984407782557343
FR020398,0.02111938059979849
FR024610,0.007029513772297803
FR023151,0.004151034633068905
FR021579,0.009516158815828957
FR030632,0.025135078747255197
FR020006,0.14456746743217047
FR026628,0.025009094575861306
FR028461,0.005790066464740677
FR020694,0.00795468666387592
FR022438,0.007010237547259839
FR029221,0.5298042217745943
FR020486,0.004852506323821166
FR028744,0.006056619232472224
FR027115,0.004472123474794441
FR030190,0.004903501726371691
FR026315,0.14980803236193535
FR021057,0.006239692665880655
FR020014,0.01329968571234108
FR023606,0.058658858264954074
FR024802,0.01579217549057969
FR028019,0.0049252494305219415
FR020834,0.02898364600988147
FR031062,0.0035907374658842896
FR030557,0.008757749504060521
FR025379,0.009352088629790744
FR026793,0.003951951472501612
FR025715,0.009774347590789448
FR022311,0.010724592789418345
FR026691,0.012227036528484059
FR022141,0.010279249275297856
FR026970,0.05787259389189618
FR026361,0.005569605574800104
FR020575,0.00930029996869172
FR030843,0.008947711287433917
FR021160,0.011609749281982938
FR025336,0.009177779397381975
FR031774,0.010074222046803487
FR025943,0.0060591294000203536
FR020013,0.004855103573108706
FR028232,0.004029631637221975
FR020537,0.008417849739413171
FR021713,0.021813338050948497
FR028748,0.009257364107151696
FR025192,0.015147301738339775
FR020695,0.005454338033436428
FR023189,0.0383300718922281
FR025052,0.008854253478502666
FR030142,0.009819000427740584
FR029362,0.013424302082114096
FR021884,0.007526479369721148
FR029327,0.01632253155155657
FR031766,0.009300923531918191
FR022755,0.006850827497000582
FR021930,0.026482962184429675
FR022487,0.004975521071492897
FR025019,0.018881991280222533
FR022443,0.030818865789842324
FR027725,0.019917619413352725
FR023517,0.007715514600250928
FR020850,0.006790309363388763
FR023691,0.012720795225547175
FR024345,0.023350678783991923
FR021883,0.006557346020198339
FR023216,0.008416998101365829
FR028342,0.008707489744044682
FR029923,0.08377364706126308
FR022598,0.004525248501877278
FR029943,0.014166049529431155
FR023494,0.03125230363711863
FR026347,0.008730783145231175
FR025419,0.00867071023392699
FR026199,0.022622177785016708
FR024738,0.0056674976426525515
FR025246,0.022816962818801207
FR029740,0.03313390221147881
FR022850,0.008122013412203281
FR021999,0.007741182256428332
FR023437,0.014780342632034963
FR027024,0.020427796030331354
FR024743,0.5907978344645821
FR023929,0.02224089910178478
FR026630,0.020496627929944968
FR022997,0.021720828718968382
FR029685,0.008979651063403765
FR028350,0.003633952878936033
FR026243,0.004126028461559357
FR022285,0.007486251471517859
FR020442,0.10703688971786851
FR030817,0.005289568529703149
FR022976,0.00833581043757049
FR025557,0.010433491743831857
FR020510,0.07383501356965175
FR024265,0.006948513547190847
FR031196,0.007175475090413131
FR030656,0.08404649731436827
FR022503,0.012509965559126363
FR028030,0.024067250168819627
FR023274,0.023757567603604784
FR022384,0.00886469065408868
FR031853,0.020578598961397514
FR020027,0.0065400309894750085
FR022643,0.1039143009309084
FR028072,0.025032906453265093
FR020411,0.014018886233367561
FR023811,0.009876258631603936
FR028132,0.0044680271230828645
FR026611,0.008945385692540064
FR020946,0.196581304979847
FR031261,0.030649431227311126
FR024259,0.006741441660880079
FR020357,0.013271014220542101
FR031996,0.010547137488997575
FR024533,0.008846385096290914
FR030486,0.005334370346413259
FR020746,0.004174942051209492
FR020991,0.02373577012315629
FR026042,0.0031298432639143585
FR025927,0.0044185927571325995
FR030894,0.014776087385047283
FR025558,0.015053170222464694
FR029417,0.00592546707407979
FR027466,0.004511320589946785
FR025862,0.005912255892301534
FR030781,0.006303526544529687
FR031859,0.007776085399058505
FR031557,0.015295511238267685
FR021880,0.0036158302665578006
FR029963,0.005221061527013649
FR022720,0.0220781792372667
FR023196,0.00463649550126252
FR020384,0.027897640943430703
FR027172,0.013372349589548499
FR027573,0.01837186120149274
FR029425,0.005983876305622916
FR022927,0.06927958364936455
FR021071,0.0056440991538061125
FR022737,0.009595789881637111
FR031424,0.07818267062210997
FR028411,0.014970567713491747
FR028468,0.01396177181368762
FR022130,0.01335471672844182
FR024761,0.004844300035164572
FR021569,0.008442647768354475
FR028619,0.007463662820876099
FR020343,0.01512370714073549
FR020844,0.013168423049438365
FR020184,0.005276862674932217
FR024324,0.008286130074761523
FR026556,0.01590782153009626
FR023587,0.00459277317248581
FR028653,0.18919025353911353
FR030182,0.011019650041148337
FR024387,0.03660557208418776
FR021798,0.019838042128184012
FR025388,0.011912205282513277
FR029275,0.015982622789174394
FR027405,0.007333977861254569
FR030451,0.029942876093377035
FR029281,0.014260579898169137
FR021747,0.003424750127834298
FR026009,0.005728430904205295
FR031345,0.00484883930341476
FR027045,0.004810110111371241
FR031847,0.007642611245988869
FR026485,0.007134072775876091
FR024153,0.3330964268354706
FR022243,0.006503765060782453
FR027280,0.03028957694686703
FR026873,0.008196524926631513
FR023528,0.0128124052312515
FR028796,0.005902721068572862
FR031722,0.010733812160793915
FR021271,0.013979369834603012
FR029941,0.053896251958625886
FR023912,0.017651687330488993
FR028975,0.006734965149207739
FR023242,0.005716986773021413
FR028994,0.017677702251101362
FR021839,0.007133081042814541
FR029388,0.02624145421716722
FR028769,0.017400139549776768
FR025989,0.02623052132331794
FR028687,0.04749224566897572
FR020761,0.011414505281697698
FR020327,0.01562100780068948
FR027739,0.005021999853332428
FR026261,0.006419136264352959
FR031107,0.023629773530406285
FR029689,0.007979479484563387
FR023442,0.009927763459965098
FR025078,0.05083878176496952
FR025660,0.005733177711390408
FR029261,0.009734297065687797
FR025668,0.007059770428201271
FR030292,0.002965963790518944
FR031045,0.013561387475359132
FR028923,0.06102566123366189
FR031052,0.005862017530975061
FR026309,0.006669550476965316
FR025844,0.014862192666667592
FR030352,0.01764030485302645
FR023624,0.007938364622322886
FR025084,0.007075804821885613
FR031839,0.005811093683210589
FR029348,0.013129583695477029
FR023239,0.003080119645025632
FR020913,0.08747142981484288
FR030842,0.004624134997315191
FR027668,0.03911138487858872
FR026583,0.01573671624597741
FR022820,0.011415522458595341
FR029106,0.003804214794688763
FR020057,0.02048199194714708
FR021002,0.0042688479203344685
FR026166,0.009096500855981647
FR026891,0.00652519649817235
FR022354,0.005347901735343923
FR020606,0.004326189565591077
FR030896,0.015831853754701503
FR024354,0.010311957851831057
FR029252,0.009966900609285508
FR023087,0.01878102061508619
FR031428,0.0034843207320563356
FR024932,0.0083354372445755
FR021162,0.04290456132581619
FR031035,0.020443589414174384
FR030934,0.014071510326473764
FR027533,0.014965116487179958
FR028731,0.05297675521769533
FR020515,0.0017506442333547773
FR023931,0.004047942942168927
FR023739,0.009922802376068893
FR030499,0.015116903396476561
FR031265,0.012633873773381732
FR027770,0.01428663979738152
FR029437,0.0021963953220153825
FR024830,0.008717121947734942
FR027381,0.03709349980840082
FR026678,0.006930838230725106
FR024210,0.005381264791938585
FR029020,0.025976650184901272
FR023061,0.011439505771423778
FR025616,0.01339407181413076
FR023372,0.006904843495224845
FR030101,0.009016968389314992
FR025757,0.017185010863894516
FR025275,0.007897535985101099
FR030595,0.021580872793285487
FR025983,0.010004165774214131
FR021288,0.0032992716576747223
FR023278,0.05289504263021676
FR024636,0.009028014699043163
FR020236,0.024124014976362067
FR021137,0.002744683525102303
FR031492,0.06167008371486367
FR023020,0.0030955891452769937
FR028890,0.0336511517852819
FR030204,0.006114382768001202
FR021574,0.13766166881007386
FR031954,0.039750806065467825
FR026918,0.0058913696773801915
FR026557,0.0038962189205548363
FR020359,0.006801544833956205
FR024596,0.007810329943556319
FR029784,0.03583238990243206
FR028757,0.012265768899671167
FR029603,0.02009693289942526
FR031443,0.01395327555545598
FR025669,0.003586658552823769
FR020701,0.016355553910292347
FR023604,0.004352576038290394
FR023807,0.00696155481286802
FR027324,0.011006439866309527
FR021315,0.009496140761508565
FR022155,0.007824070871409081
FR022526,0.014727315740611906
FR031303,0.03591985503470407
FR022983,0.06812054348416043
FR023710,0.007136270189618499
FR020174,0.011367513991005765
FR031646,0.02604795898896206
FR024296,0.0064694234555435935
FR023833,0.02228199595004605
FR026062,0.011549406459573145
FR025866,0.007696406938599035
FR022032,0.03028123975112305
FR026491,0.007579949902283568
FR031445,0.01341979510213065
FR029199,0.05783938721732127
FR025741,0.027193266440136143
FR022038,0.005169083098410719
FR026004,0.007235778944199386
FR021359,0.012490708396043106
FR026977,0.0037122537047533676
FR027157,0.009014229777450287
FR027332,0.005627497583646131
FR024535,0.008065341573554855
FR028999,0.01472270235615313
FR020582,0.006317058052859632
FR023713,0.004814827883391418
FR027402,0.007474440522923285
FR020460,0.010849760234120464
FR022634,0.042011539378190285
FR029368,0.3795773297108137
FR028485,0.00496306145504993
FR023718,0.00864184622832899
FR025990,0.0042871301935802
FR030206,0.008185240851757028
FR021032,0.01194776760621324
FR020053,0.005830769029667849
FR023157,0.09779312456743379
FR020279,0.011711013262772083
FR029014,0.006539839169101896
FR028536,0.005178283937739523
FR024058,0.006334076938923354
FR030950,0.004744418459297119
FR025807,0.00720056393615439
FR021133,0.045974813354727015
FR026537,0.002924075893390327
FR023464,0.005002465053698914
FR023129,0.00943442744000994
FR023436,0.005888003547114625
FR020954,0.0648958979704295
FR031253,0.05040147211703681
FR029718,0.004560425286791205
FR029917,0.02435200287687301
FR028289,0.015163507783566902
FR025824,0.014986100113201417
FR022693,0.036885012280663355
FR028017,0.019206407616962264
FR024405,0.008028219920260173
FR022721,0.007844052912085623
FR030442,0.02080013652957683
FR026020,0.005836067855803513
FR020022,0.009586004066199982
FR020358,0.004598497628317143
FR021424,0.010402609064574927
FR026794,0.035393846712876834
FR024152,0.005757706018717744
FR024100,0.004427769145244631
FR024985,0.010705441988317565
FR022022,0.005366452638055569
FR029837,0.0218099096676087
FR022297,0.006917918909073865
FR026884,0.03496549721155355
FR029196,0.01452127622381802
FR025212,0.018634515481996832
FR029306,0.00980741067077246
FR027638,0.00860044718913831
FR024062,0.045409782729391696
FR028620,0.017204421550773417
FR023058,0.035997610407489604
FR025699,0.006556326207078628
FR027797,0.008158347326430001
FR026463,0.0043332183967480275
FR028853,0.004549145932325818
FR021480,0.008427661275858688
FR028021,0.003889202599930402
FR025755,0.007623820251618181
FR021781,0.011939293725720517
FR026059,0.007106028023840397
FR022488,0.00537071133795088
FR024165,0.003769057980672525
FR031177,0.0066875889917027325
FR024798,0.01301908903157215
FR028726,0.006978792694966124
FR025259,0.007099629242085214
FR031926,0.007157804897641877
FR029746,0.00471014060629988
FR021153,0.005608051961971209
FR026005,0.011400978163974656
FR027075,0.0248870221255219
FR031798,0.010985532795462504
FR024230,0.004632491410688448
FR024215,0.020123576642355933
FR020805,0.9207474781692582
FR023869,0.008882700655783806
FR029947,0.007102960466954714
FR025251,0.011298754937619266
FR020407,0.022913881240414748
FR024518,0.013921332919062631
FR020998,0.009710010829203898
FR027418,0.013585341880693097
FR027740,0.012096038688269889
FR023637,0.01997287630645191
FR020790,0.01317107098284894
FR031910,0.005233623245335286
FR024823,0.015996203330252277
FR020971,0.005700150770583345
FR030933,0.013158220839455285
FR023536,0.008658927204808143
FR025737,0.024857493314495795
FR031421,0.0034473233954201163
FR028947,0.030484388818667673
FR028052,0.005612245722689953
FR025185,0.041211366184842904
FR023482,0.0037303070600847553
FR027944,0.013868686712992673
FR026012,0.010059252305565548
FR026496,0.008869563320600085
FR025282,0.018815677412985933
FR021287,0.005436596544550263
FR030267,0.012370432346184165
FR020480,0.00791120955273484
FR028147,0.1196129587067225
FR026705,0.019954981661885002
FR031497,0.009204483493458645
FR030816,0.005200493319248451
FR025960,0.02720567689027741
FR020049,0.024395150388062784
FR024171,0.020675048133425793
FR028044,0.01388305141481504
FR025871,0.009805122196752643
FR025837,0.01632332023105622
FR024368,0.0054263510409984245
FR027238,0.0065037706463677725
FR029167,0.007104061853498049
FR027603,0.16755969031949255
FR026656,0.009665181303581655
FR028913,0.00983056718037904
FR025023,0.00588030708819298
FR026200,0.018517517836283772
FR020393,0.00697647615811553
FR028741,0.026143861597582634
FR024519,0.004224384562930091
FR020594,0.019868689400241273
FR030230,0.0057369845436948215
FR027198,0.003989629154093045
FR028479,0.01323661757221058
FR028598,0.007940120560843733
FR030733,0.028575112100301937
FR022819,0.008567749515437586
FR024948,0.011407403646719326
FR020469,0.004097806774404344
FR030813,0.006709181756662477
FR029077,0.015588020813970645
FR023184,0.06823464199519116
FR023221,0.03209894825705149
FR021580,0.016761004952405886
FR022744,0.08261159769349646
FR022308,0.010148310745640519
FR029012,0.010725005852177772
FR028560,0.028384920134277507
FR029862,0.009677580291955631
FR028104,0.013204790344682842
FR031407,0.011682842282719371
FR029660,0.003403026007528618
FR029913,0.013293835671258265
FR030432,0.0070461734394235
FR030922,0.008772577269935213
FR025114,0.004913126287405224
FR031436,0.0038022132568000452
FR024555,0.005147753786521771
FR027548,0.012253571454767123
FR025823,0.033415366909784604
FR028939,0.031230219761979656
FR024566,0.015177044301929787
FR021317,0.005493010772436897
FR026087,0.0043671789143846845
FR025257,0.006305150178592544
FR022923,0.015423446679572479
FR026230,0.004945521886691092
FR028328,0.0060717635765710565
FR022296,0.01589511641327982
FR027562,0.02553973295683637
FR029709,0.006845998970995963
FR020592,0.0058301867732699336
FR030242,0.012563074422135593
FR023942,0.006545836608137968
FR031867,0.004964604813761508
FR031468,0.01241320985710218
FR023158,0.004565767224878499
FR028456,0.015339142807288717
FR021254,0.37187495021082373
FR027684,0.025659565280691708
FR023502,0.005421092897923663
FR023391,0.00914974215988069
FR028276,0.00933645438761443
FR028027,0.00480258436043378
FR028924,0.004393242585179963
FR025620,0.013408610683783018
FR028162,0.021293169448770556
FR030700,0.017152048167055962
FR025687,0.006234164273026149
FR029323,0.012955086083521253
FR020945,0.00524117402295163
FR022407,0.05659956258013641
FR028365,0.008690137043805071
FR031893,0.011077338704891452
FR027822,0.006913308730330773
FR026233,0.016857007188324103
FR022637,0.004098169276018458
FR031757,0.009368142056916962
FR021158,0.0032635551009799744
FR025269,0.010770453314054858
FR029422,0.20918701081788
FR028524,0.0044403569740939005
FR020463,0.012724082771702958
FR029949,0.006525311702436429
FR025064,0.020056740948941852
FR029286,0.01127831080454069
FR031462,0.027216434512796817
FR025861,0.015684966568874945
FR027898,0.014374332658469064
FR029426,0.1008464548707549
FR020895,0.004201879662221417
FR022834,0.0033682055733468786
FR021807,0.014062594549313957
FR031233,0.01014083169908901
FR031921,0.007076418990930977
FR020968,0.010928268473947653
FR020417,0.004159566344998888
FR029737,0.032313438072042865
FR025194,0.06727664275669784
FR026460,0.015416170971258492
FR023805,0.004616546386729625
FR030103,0.012639736876428734
FR022695,0.0038209031639526115
FR026562,0.004315874259536741
FR028109,0.011763018722105808
FR027514,0.006339420057510682
FR027500,0.011544109238653396
FR029614,0.053309488618286174
FR020966,0.01113217409306388
FR020714,0.012939811674601736
FR024121,0.01366189319509542
FR028010,0.008991529960318195
FR028680,0.029111441017955007
FR021360,0.024347377169697128
FR023553,0.006912563388670754
FR023703,0.02938982321265582
FR026565,0.027168155723165933
FR031270,0.004458806522907856
FR020658,0.5163498412262725
FR031533,0.01405510666754486
FR022584,0.004757111893837898
FR029817,0.0032866528603733465
FR021194,0.0035428528390489657
FR023956,0.023416498604759726
FR024813,0.01512819643262916
FR030073,0.0467218557518289
FR025934,0.008598959713145563
FR023261,0.02049466154327293
FR029733,0.01602692340892737
FR031230,0.02372038189205316
FR024666,0.006779919122202799
FR020809,0.008005388997225856
FR024403,0.010307720232734746
FR026807,0.00394641777548038
FR025783,0.004839107062241092
FR028263,0.03955820664967295
FR026575,0.013893404087715111
FR026001,0.0036755205271813947
FR027032,0.029286829540545907
FR023347,0.012468611645928676
FR020900,0.17007286586094175
FR029060,0.01067720913308309
FR022842,0.0033517560765588235
FR025788,0.4082545284590025
FR030925,0.03654141262352528
FR024920,0.0035073275233486077
FR025965,0.015677274559294633
FR025888,0.00784944885482895
FR026359,0.004841691133391138
FR021889,0.0047393021711879275
FR028288,0.005408811645957949
FR020854,0.011577010345817096
FR028515,0.006094726912863295
FR029878,0.016752577126219134
FR021949,0.007293344955830124
FR031397,0.003317357280973589
FR030308,0.0060244586733928865
FR030893,0.021024832460059373
FR025322,0.011512399455142815
FR026180,0.005004927739856928
FR025360,0.004330298004800089
FR028475,0.006064789288458916
FR027998,0.023698558997641877
FR021084,0.009708913213032544
FR021373,0.012345418684683468
FR031988,0.05586733902637864
FR026392,0.013680627555296513
FR023122,0.03606538879236576
FR025147,0.027749928841639848
FR021732,0.005520436392997421
FR026690,0.010392943311924207
FR023417,0.011432613419489831
FR024049,0.00467408774100965
FR031109,0.009145052589248345
FR023549,0.01752617193775182
FR026262,0.019739291953129484
FR028800,0.0063800576611106104
FR027916,0.006326704789931706
FR022213,0.020629923150408704
FR021213,0.015525762331920176
FR022734,0.01591111698978095
FR029185,0.01693339158739405
FR026436,0.013226461509951803
FR020553,0.009312666227187245
FR027227,0.006150507898328426
FR022400,0.0061510509999383334
FR021417,0.011164645370552867
FR021472,0.007936478775824539
FR030976,0.0075441941576636345
FR027653,0.011547645131454747
FR024750,0.005800434351109215
FR025007,0.052818769401198305
FR030987,0.003483073808796963
FR023613,0.01672661811102915
FR020922,0.006961816069983991
FR028922,0.007915880065589914
FR031934,0.023657284935973317
FR027488,0.008792119030876806
FR026993,0.021665077454965265
FR023882,0.011331146951943899
FR024158,0.010598581018246907
FR020814,0.00808971300747537
FR031008,0.015307819992122971
FR026527,0.005158201809737214
FR022231,0.004304687954468635
FR031274,0.004295641070325125
FR021481,0.00574332105635485
FR025059,0.10331487350662667
FR022361,0.022005338638264732
FR028118,0.5353242302264404
FR027055,0.004485487172438673
FR030248,0.009851099349292132
FR020265,0.008173782030530163
FR023149,0.011373652484881574
FR029122,0.011143599528634852
FR030750,0.007508463823097106
FR023773,0.012026380563512332
FR027648,0.0961114498412782
FR020710,0.009949154062451481
FR025098,0.005046888011371873
FR031344,0.008588756902888928
FR025993,0.006947107262907573
FR024680,0.022180285949188666
FR030754,0.008421422047222498
FR026082,0.03956319402467799
FR027631,0.005707959829011837
FR022993,0.0093952655855903
FR028818,0.008838349459171408
FR020632,0.006798700296150756
FR021867,0.013158641633192681
FR020447,0.009910570745295172
FR023879,0.007167212347419033
FR031586,0.005814807759659569
FR029578,0.008759332654498861
FR028755,0.011843846075106948
FR028918,0.00435540770108399
FR028084,0.006434685609776181
FR029162,0.013535458467497725
FR028592,0.10263720443376226
FR031028,0.006852531140951515
FR021487,0.006323097072470797
FR030516,0.006388895482567991
FR025884,0.022964090292962033
FR022946,0.006440209734168902
FR023126,0.011262133691711048
FR024156,0.06426845465299813
FR030774,0.009776481323783757
FR022388,0.004314137941091445
FR020674,0.011423189994515607
FR022433,0.021876295885686552
FR029083,0.008372586782336124
FR025799,0.006911566833510643
FR023512,0.19809699849632437
FR023185,0.00995425921690406
FR020989,0.007780730518614033
FR022162,0.015172525706603494
FR031291,0.016803728020958544
FR020948,0.008848259205348012
FR021565,0.004278412859159555
FR022895,0.0025492618110913934
FR028278,0.011573849205784383
FR024556,0.1377453808928326
FR030830,0.016525554335103557
FR031006,0.007917125729720205
FR031529,0.010399667858601993
FR027586,0.006114014848248549
FR020656,0.022220685634890158
FR022240,0.01618493168433071
FR020323,0.011436950914144364
FR030787,0.005798035001753875
FR024759,0.004460371083627423
FR029636,0.005296246130359366
FR020156,0.004480393389656349
FR027204,0.004616809678848836
FR029134,0.010620916921252778
FR025470,0.005609774850504951
FR023048,0.017162857297565913
FR020807,0.004299620427309058
FR028227,0.008229227228763961
FR029361,0.011313628936096585
FR031610,0.012639535631155923
FR026882,0.028873585474782876
FR028605,0.037123917954224275
FR025207,0.010220487295675148
FR031924,0.013827636616367118
FR027722,0.01776204212439727
FR031130,0.00610133350240093
FR029536,0.007220975257901367
FR020226,0.014931649701630873
FR023927,0.0042112449475311805
FR022062,0.016392700986364344
FR027154,0.013264635285915257
FR025149,0.004865315550191892
FR021682,0.04203856728069923
FR030131,0.007169873925945791
FR020218,0.007661416914644207
FR030396,0.005269424775002954
FR022572,0.024156754260830006
FR031633,0.004855920361573732
FR030119,0.010389026032714181
FR027918,0.013937630267171746
FR031029,0.010901318223496458
FR028712,0.4517094622104154
FR021184,0.010374814819631723
FR024227,0.010949426652803105
FR020933,0.010447208169217983
FR025430,0.017683743249751027
FR030443,0.024986430004688115
FR026212,0.024216178628643302
FR027712,0.01856829103197803
FR028735,0.004810625833359343
FR023776,0.01054709102490965
FR020244,0.645600933894067
FR027393,0.008796434061215903
FR021261,0.0033521455183686865
FR025905,0.007554963570150399
FR026120,0.016307824595046747
FR020441,0.01057354371702322
FR021281,0.006914542746433344
FR031600,0.013985745141298972
FR022249,0.30309987335004457
FR026321,0.01055083642008962
FR025110,0.007890052579422125
FR020061,0.017002773270348624
FR020680,0.00604270990946299
FR029633,0.018979449795087984
FR021857,0.008508788060993085
FR031350,0.006921313625847354
FR028110,0.017331810213083935
FR022651,0.005235887295576763
FR024288,0.004939427685476357
FR025593,0.26489028046520796
FR029171,0.006293209537480804
FR020865,0.0047716601526442606
FR023199,0.012011385957814756
FR024140,0.00964514796534866
FR022439,0.009374982974504125
FR031157,0.010120781510335883
FR029567,0.05887334263571812
FR023764,0.03779600317107488
FR022903,0.02523806103021492
FR031305,0.025973802598264463
FR031888,0.004698427250573174
FR027977,0.015151993753579226
FR025306,0.006896605506603863
FR021045,0.0046246190580247456
FR025439,0.005988077500854566
FR024515,0.018429132745459927
FR024116,0.02518982455889987
FR022012,0.01868665443880672
FR027314,0.0038779952488417675
FR027884,0.004168756487290105
FR030636,0.011546904346578242
FR029034,0.021395958698672387
FR025405,0.023192207373170154
FR030385,0.007512596379714595
FR022305,0.011457637158991205
FR023770,0.016647385464226252
FR021469,0.005898151163470755
FR023786,0.011050681886230913
FR021196,0.011695823208170222
FR028256,0.032843136710181534
FR025677,0.0062445397165720624
FR023254,0.00493735625263166
FR024122,0.00887925082022584
FR022684,0.01979508881384017
FR024978,0.009560427198458236
FR027835,0.007984294257416214
FR025081,0.007425018325156388
FR024224,0.00836855466050148
FR020647,0.029765418562891936
FR022562,0.004886093628520878
FR020521,0.011050968789485017
FR030246,0.0058226311285651654
FR031825,0.005089705900772605
FR021890,0.004580132289771626
FR025565,0.008908785364752873
FR023741,0.005028785000075085
FR025538,0.009621905173954547
FR026798,0.013424313098730527
FR024439,0.011498023961164994
FR025371,0.004603526351220966
FR026699,0.010930815521296215
FR021181,0.014555484534328391
FR021875,0.016036204999254813
FR031419,0.03491800876677011
FR021169,0.003430103085217217
FR024685,0.028572548570007173
FR031025,0.006703283105232214
FR026623,0.008459744650475432
FR020390,0.022034074500484075
FR024174,0.008711899543759335
FR028152,0.020258304797332045
FR026157,0.027225430323913224
FR030638,0.013869304728022263
FR021531,0.023263291332769893
FR031049,0.031900627475788826
FR029042,0.0054594620453862945
FR028872,0.005041499408023245
FR023868,0.006070173965987557
FR030977,0.014207095997184362
FR029429,0.008507909955416587
FR023203,0.022509460760786616
FR024469,0.005919094159101199
FR027291,0.02883900102229698
FR029975,0.018427536390854576
FR029008,0.00895214464045912
FR026408,0.014649546846693853
FR024072,0.06936490231850856
FR024887,0.01442030135216039
FR028587,0.007690360900171715
FR020793,0.005890309469483626
FR028073,0.01954841924056346
FR021269,0.009280268653033183
FR022027,0.006730355235393487
FR027922,0.008987604423868653
FR028146,0.012314955640798746
FR020707,0.00674226958041021
FR022353,0.11679755648572727
FR022298,0.039894578447695325
FR021348,0.007869861982115253
FR023450,0.006701558933815838
FR028815,0.006232918112650646
FR031955,0.004068063848768393
FR020655,0.01870131992207089
FR024902,0.012345421634075152
FR021199,0.0047400052940475565
FR029835,0.00992660167029098
FR027478,0.01185936338402074
FR026569,0.011429946812066018
FR031641,0.02562418800835245
FR021446,0.0163400634217273
FR023962,0.005511897827863875
FR028704,0.008986091207568707
FR021957,0.005600923361425907
FR025932,0.014707231713300423
FR021167,0.019840157774326125
FR028693,0.016407639134605658
FR025120,0.010908213215037498
FR029506,0.008732374260396447
FR020829,0.01708860023231353
FR029597,0.010916941322570753
FR022129,0.012958722361265227
FR027856,0.007554237331392708
FR025629,0.015531655457396414
FR031517,0.010181268614677637
FR030047,0.01731026001213241
FR021566,0.009034491660117109
FR026122,0.0059714676596293054
FR026431,0.006011698106688462
FR022540,0.0039993955904734715
FR030473,0.00890234047381067
FR028941,0.018216383500155864
FR022454,0.5681694605096654
FR031284,0.012080014554346864
FR025928,0.013280118608252903
FR020468,0.026311203428613476
FR024633,0.016707643383784287
FR028245,0.0161941663094383
FR021212,0.01890776158511876
FR030491,0.045215690415162386
FR024294,0.03131353218253806
FR026710,0.008319426324506617
FR027114,0.006412693043127947
FR023285,0.01386137362628507
FR030332,0.009534308440494048
FR023223,0.22052961689040068
FR026228,0.004078322784761709
FR025266,0.008461955906161283
FR025713,0.031232013071746556
FR031141,0.02202683523539007
FR030191,0.009591962972517043
FR028676,0.08127733602655567
FR029507,0.0045165729004371285
FR023236,0.20963920670514385
FR029219,0.007210556441011057
FR024199,0.011452088125363637
FR029490,0.013078063061998135
FR022448,0.01747831486388998
FR025473,0.01612007904663555
FR026310,0.01763970595733557
FR030027,0.009376997385401552
FR028319,0.024724555180016147
FR021864,0.0056716099697825826
FR030923,0.020898141192642616
FR022435,0.01232865951817817
FR028125,0.008762487212889475
FR030980,0.006200321805022278
FR030569,0.009629465279021986
FR026434,0.017946754233568514
FR023422,0.009022402577598303
FR026585,0.0038813911344879443
FR029560,0.008919764626666535
FR031831,0.004815540560023948
FR031991,0.006711587993100135
FR025674,0.008957285729507786
FR025980,0.009449053484429861
FR022301,0.02313421239427712
FR027890,0.027658996135489538
FR024079,0.013732624986699535
FR021854,0.006905733595946431
FR027877,0.01478158817820259
FR028997,0.016024962026916795
FR029205,0.00641473665619628
FR020901,0.002986736160149143
FR026999,0.0033559374995506875
FR031706,0.05727747384093864
FR029789,0.007532206278162683
FR022945,0.0087224520220809
FR028559,0.012297936164386805
FR031220,0.007274371261949108
FR020833,0.01499362202296028
FR027516,0.01401273935597536
FR021600,0.015100903490211457
FR021521,0.014329573433212756
FR029621,0.004839878365590978
FR024735,0.006903158253424639
FR022985,0.0038885385270313053
FR031782,0.004251431242683129
FR023428,0.003920983898137579
FR022702,0.013612934189828832
FR027630,0.05996049069797512
FR026479,0.007511151044705812
FR024036,0.009130954380800665
FR024736,0.01979657002063876
FR031654,0.015015181036243505
FR020892,0.008673470330670572
FR031703,0.011554966911082227
FR026743,0.6527235520811061
FR020459,0.01082920577816528
FR022856,0.007523567849048412
FR026570,0.01635608884907262
FR021393,0.011819819302875232
FR029119,0.024584144053788004
FR026730,0.049016827009658384
FR020838,0.01217331765062513
FR029580,0.0030172133951259874
FR023368,0.01230469911304313
FR024564,0.007140466424479313
FR027813,0.005608841835544496
FR029046,0.0062207603175794875
FR030866,0.007267933928570944
FR028609,0.006967500238921892
FR028159,0.0057713652414524514
FR022662,0.0037837020587196805
FR029477,0.007962561879005136
FR030592,0.0193641386891463
FR030299,0.019021305369496797
FR025485,0.012051229788688321
FR023527,0.01192464704386265
FR028409,0.0075284097120131375
FR020125,0.004426393933514463
FR023940,0.01859517835358426
FR021962,0.0036489456976510613
FR026540,0.535198813426416
FR020618,0.01637735884989598
FR021365,0.006092176410684538
FR028666,0.007843483138220132
FR020811,0.007056370106376476
FR024815,0.008399961264934194
FR025986,0.005167641699968593
FR022437,0.004092565613994077
FR029466,0.008959324642591287
FR027746,0.008796260056068667
FR020147,0.007142264650453217
FR025547,0.02713111467640497
FR029126,0.007310511804757366
FR020047,0.03334359807517388
FR030553,0.008824504053622433
FR031401,0.01995956039076227
FR031928,0.10571405345534257
FR030560,0.005367248352469269
FR026248,0.014516069901825445
FR024646,0.7996640602677507
FR023609,0.006092201729640235
FR029301,0.008943224910438505
FR026078,0.010679411472271309
FR020020,0.012690001475806961
FR028858,0.011222444809782949
FR025479,0.004893360690523693
FR025193,0.024577065671448906
FR027158,0.014697727991288188
FR030457,0.009937471830601303
FR024791,0.010094245992475399
FR025402,0.010176558778050642
FR024604,0.00814582204639874
FR023227,0.007782806897026498
FR023561,0.012598706866259662
FR031862,0.06217520914035666
FR028370,0.008996855509652651
FR024936,0.009680869988835036
FR030427,0.0056963706403821745
FR026149,0.03125988588390364
FR021572,0.006511977289035464
FR020039,0.0034763910958176976
FR021253,0.011681376605615712
FR026995,0.01061576017578226
FR022889,0.03302621807759188
FR026775,0.008295527897803082
FR027870,0.007825127766869824
FR029753,0.003929479354080497
FR020280,0.0069941858680630355
FR029344,0.0185389479712949
FR022223,0.004746218929580019
FR021877,0.012567181081420603
FR030082,0.08034762696446833
FR029400,0.017567316307881664
FR022379,0.02341541478732201
FR024009,0.006140811075651099
FR026679,0.0057693725146162
FR027150,0.014282739191559559
FR030218,0.010197921522091853
FR031014,0.009365551921439084
FR031687,0.12974744778524566
FR025105,0.0024989611842981285
FR024554,0.007235058771969326
FR020785,0.007551679832608839
FR022478,0.013568587858315596
FR031324,0.004332297463916041
FR030926,0.009276195636857403
FR025598,0.007581454605221511
FR023638,0.008223865617456647
FR024629,0.006298906999567167
FR023733,0.009749137441706197
FR029475,0.004452367942249155
FR022928,0.006585074768691701
FR024314,0.007466207429269955
FR022339,0.01592503394274083
FR027654,0.016966574791602733
FR026023,0.01882777305807425
FR022102,0.033630188953972455
FR028420,0.006198365044038456
FR030438,0.735010355134815
FR031374,0.01509557242288383
FR026663,0.005205749714641724
FR031820,0.011985957875527297
FR025785,0.005277775741173497
FR031465,0.036406833563008244
FR030579,0.005044587551947794
FR024908,0.014698095031400987
FR021878,0.0037894185849257217
FR026304,0.003475472927873864
FR023449,0.004191646594403316
FR023375,0.0051234767077711265
FR022104,0.004369354447525474
FR031207,0.012181884988806388
FR021381,0.007251568156018247
FR026411,0.007890173295989603
FR031146,0.016643343791667112
FR021859,0.007775769557402591
FR024307,0.011185736183368242
FR026349,0.010700464452522238
FR022408,0.005181656194327753
FR027224,0.014687364080775148
FR024052,0.005904299402786172
FR029973,0.005024639839007588
FR020371,0.0334643157148332
FR022226,0.006358595568264164
FR031124,0.01215000101034931
FR030458,0.00680991501739775
FR025958,0.005692144593651852
FR024480,0.004882854341141251
FR028453,0.01494776836261744
FR027881,0.015319481654174483
FR025692,0.005000273155093477
FR023592,0.006769825848459256
FR027522,0.009248085518505512
FR031704,0.004061494781937501
FR029820,0.005003403423834637
FR024883,0.010032201979068765
FR022869,0.013688419892089266
FR024305,0.007030553536909787
FR029138,0.004030884756410659
FR025328,0.011146332722574426
FR022001,0.015080796653990258
FR020659,0.050347233583671734
FR025113,0.014827614394912581
FR022079,0.01587454730269581
FR030526,0.01392736824552376
FR026459,0.03132570876028627
FR023796,0.011319311244536256
FR025615,0.00705217998308783
FR028366,0.006877711410337374
FR024074,0.0070043121918220335
FR031385,0.05461262922665232
FR022445,0.004838632927376831
FR028393,0.005708618471233
FR029451,0.09471033239282106
FR021975,0.04398354583255075
FR029080,0.008372484509902278
FR030272,0.034580555464535735
FR021402,0.020955566641480565
FR028134,0.007398879276410851
FR026676,0.05860452774142942
FR025130,0.00525292494713028
FR031809,0.006780922795027735
FR025808,0.00545745089655351
FR030363,0.015516465789946527
FR027017,0.011018988124884384
FR029312,0.007868658917320507
FR027149,0.013695887363635108
FR027703,0.007369876595183719
FR024306,0.03101825173951851
FR025745,0.006896430982142531
FR028702,0.015522299185112155
FR025483,0.02359690730083861
FR021190,0.014365786236343644
FR021800,0.00843401834213273
FR028070,0.008462469024686675
FR024131,0.007730930916673623
FR026733,0.01432374372047287
FR022070,0.005910975600598318
FR026403,0.006642725487090601
FR022368,0.004932496968918842
FR021114,0.01181049410054621
FR027723,0.004040024347184251
FR020504,0.012806776497847233
FR020613,0.005050904385397389
FR031979,0.008553747993338063
FR023958,0.013997458989131111
FR031044,0.010379393687999814
FR031075,0.011103286925410497
FR021087,0.010324543031998748
FR022575,0.008697023760687376
FR021216,0.017993150317902423
FR030172,0.03320219277566478
FR029485,0.009531936600454783
FR027939,0.0064881608624710735
FR029290,0.017194725869779822
FR025262,0.014717171041809394
FR023455,0.018530824192638486
FR023358,0.005793346699453332
FR026467,0.010201022594429336
FR028048,0.004726275986834106
FR030312,0.00817970965487284
FR022878,0.023640840888095586
FR031281,0.0036458061125748805
FR021154,0.003684045480180641
FR022612,0.009072847856526185
FR024915,0.005087052193157896
FR020552,0.011298418865218493
FR026904,0.010580552002010649
FR020456,0.008964642751466672
FR029076,0.006007520706768072
FR026982,0.00998342541979921
FR030337,0.007792732177961975
FR022523,0.008682854380606488
FR023765,0.020955759808796687
FR024464,0.0077871830935604455
FR022360,0.1681502889043788
FR023936,0.007708113221481622
FR027527,0.004698203724011113
FR022501,0.005377820092711703
FR020025,0.037546554288097736
FR027716,0.007137114654104647
FR024742,0.01571029990298457
FR023622,0.004030024324253816
FR029735,0.016391481671367513
FR030710,0.005119253473020383
FR026345,0.01397744444136334
FR021262,0.009412739669248398
FR028285,0.005765174843009734
FR021201,0.01768607102733185
FR021593,0.00676375828999948
FR031506,0.011035906138715872
FR022549,0.007059443077698038
FR027197,0.13356543987254327
FR029653,0.01749998566750356
FR027502,0.022513795689152506
FR024178,0.01431994900781714
FR020867,0.0073841634016636876
FR026991,0.8997552904046101
FR026276,0.004858296515766868
FR022317,0.009502687032530797
FR030907,0.012873587166071709
FR029773,0.007373339301615929
FR029118,0.012055951102186813
FR022977,0.004340485034678234
FR021973,0.005501429858877619
FR025806,0.00854168916177384
FR027229,0.019524930763528212
FR028582,0.008516088554913292
FR026035,0.010808933387276438
FR027810,0.012886740905860172
FR022402,0.01593689901673114
FR020767,0.003142878135663423
FR026777,0.29250500960515163
FR029772,0.005091012164454128
FR021048,0.08020593378998174
FR021351,0.01148635747941793
FR031889,0.0044643936251081385
FR029248,0.004654270339652193
FR027058,0.12060699367374068
FR022778,0.008593431511366554
FR027387,0.05438348554599011
FR022603,0.007590647642970021
FR029141,0.005996509618465122
FR028725,0.008148852853284474
FR023405,0.007168884056189234
FR025908,0.01132232521406137
FR028356,0.007217285584020088
FR022274,0.010221453700949446
FR025863,0.0036272725625852474
FR023130,0.012898197375005499
FR031982,0.0045743940140354
FR023498,0.010830757353083371
FR029645,0.002386653981552389
FR023180,0.010127012713768788
FR028551,0.009352014006242092
FR021340,0.006884567702011647
FR029710,0.016629960654745084
FR021944,0.04317433806279729
FR020217,0.009522215868293864
FR022545,0.011429090189875712
FR021744,0.012516169141441349
FR026759,0.003972700734692558
FR027808,0.017535376869204772
FR031875,0.010061921005141078
FR027129,0.008053944225937453
FR020944,0.004064059178850074
FR030522,0.006458917282145421
FR025505,0.004161809121211212
FR020139,0.0049721577663959194
FR027118,0.00551925388605149
FR024057,0.005556260339232349
FR026579,0.004594157561682522
FR023174,0.00861227207885783
FR029245,0.02184133979841911
FR022586,0.023909918645043444
FR022185,0.007164538412556866
FR029870,0.007729123899839098
FR020067,0.019996000246228794
FR023617,0.005450800382980766
FR031123,0.01895296875031725
FR029747,0.06715556984383818
FR024621,0.007137162389109862
FR021350,0.004962910206151713
FR022471,0.008157956626766034
FR028364,0.008314150478775385
FR028107,0.02965420214300361
FR029494,0.004971208290269707
FR023567,0.005823658974278219
FR023674,0.009409555610970422
FR026446,0.007349839053695209
FR029833,0.0034316374431311485
FR031382,0.0510156889837073
FR029511,0.006740430220143286
FR031570,0.02888566597194806
FR031493,0.0030970040573172998
FR023987,0.006469238500474683
FR022544,0.017722824449080986
FR022509,0.021628895401351832
FR020792,0.011339632608763046
FR021339,0.009184172141700224
FR021193,0.052280386365926024
FR031023,0.006597642583858615
FR026184,0.011565187200077192
FR023373,0.0234816103764767
FR023548,0.018930824824297858
FR020242,0.11783292973397116
FR025528,0.0352009022339569
FR029510,0.00673234700281315
FR027619,0.003682178888949799
FR024070,0.005855867430957026
FR023328,0.00480068848420154
FR023653,0.005486488724757716
FR026333,0.019978142556758956
FR023423,0.008413983739097134
FR025825,0.029857201432820796
FR023256,0.00849496459456253
FR027263,0.015229183980364755
FR027169,0.020680642608458553
FR030831,0.007976931108941996
FR031387,0.024236802706189255
FR026795,0.003314422539920439
FR023758,0.007985406097114558
FR024437,0.02557132164499757
FR022645,0.010045615598699327
FR026167,0.005570790869931843
FR021924,0.007282859735775675
FR024219,0.020440534437018015
FR024357,0.0068061657292030455
FR022277,0.008166799390066658
FR030583,0.007275981104831119
FR028423,0.07460013850568623
FR023656,0.005579107731194833
FR025376,0.014123240058584752
FR021007,0.014742448233328029
FR022978,0.004582631165965483
FR020213,0.02828497997960535
FR031368,0.01174292313656199
FR024589,0.011143181738188204
FR020563,0.00906469442382643
FR025144,0.0072801250403029495
FR029421,0.005202459312672673
FR021954,0.008575653580245712
FR021374,0.029123114107535635
FR022569,0.00820505719472937
FR024117,0.06217257514423643
FR029602,0.007036154914274897
FR022672,0.004349677204697875
FR030661,0.007761060221790264
FR029172,0.006811025364446862
FR028887,0.04701600405855514
FR030136,0.007480027767649895
FR028927,0.014020604643063159
FR030599,0.010478015679086388
FR028971,0.00690739982196262
FR024917,0.0260325005301018
FR025963,0.009844992434998838
FR025474,0.011863651649729705
FR021129,0.0065379282175999694
FR022911,0.018631802333992493
FR022287,0.006560160643122143
FR029063,0.008295201572910162
FR028904,0.004915663364137374
FR024886,0.010544386644756258
FR020755,0.16230323112706105
FR022745,0.008625286594129722
FR021156,0.01650014070354936
FR031331,0.014775310284522756
FR021123,0.05125562562883873
FR028809,0.0076643091163608665
FR021815,0.004833786663571406
FR030383,0.0024534078910523763
FR027618,0.04745932950873324
FR021816,0.005130935556448934
FR031060,0.01841997955189311
FR028069,0.00707644006086685
FR029078,0.006450107477913067
FR027015,0.04210094576468142
FR028708,0.027468075258548264
FR022508,0.018418840511532076
FR030991,0.008377041529515667
FR030946,0.0046727494898002545
FR021037,0.009779366717795921
FR028392,0.007084767457051176
FR028907,0.00604076919383029
FR030055,0.002815631018414273
FR030865,0.029403958716624823
FR022937,0.022348522639035567
FR028874,0.010404693870740129
FR027217,0.005011446419938873
FR030873,0.011729072872736635
FR029800,0.0181730853089117
FR025921,0.006082651979878728
FR029543,0.0034578309172503875
FR023109,0.18639706745941081
FR031132,0.02434597896451717
FR030978,0.006968075737970518
FR022859,0.004263032134451829
FR029572,0.005213059094126277
FR025843,0.0036571050456024544
FR026957,0.026792765993835455
FR031046,0.010879350231852093
FR024447,0.005746389977774667
FR021033,0.01558207380270329
FR030724,0.004929034610028722
FR030805,0.00791128658840461
FR026146,0.013577181139037258
FR028042,0.007987605216196982
FR028233,0.004288933254698026
FR022563,0.006174957054517398
FR022786,0.008719910398282854
FR025765,0.014188193233423376
FR021773,0.005952138672600658
FR024282,0.0035963767635468756
FR027969,0.008543878895388218
FR027528,0.009020912610206646
FR030529,0.059387342528744516
FR027817,0.02761214771379577
FR027302,0.00929418257251649
FR023895,0.0103090248989637
FR022181,0.006147986018713719
FR029335,0.014817306696901322
FR026129,0.7482574102437698
FR025083,0.008250737785872608
FR030057,0.013178379018064101
FR024126,0.003937208604064627
FR024579,0.012426182719711196
FR028964,0.015532419683933717
FR024673,0.003940160678418921
FR031173,0.004830993172650691
FR020743,0.009285352019219846
FR023707,0.005847763172333902
FR020454,0.05451784256075114
FR031936,0.013711215323602569
FR027260,0.004537742111452402
FR025766,0.009696387854764635
FR021922,0.007538071043828462
FR025520,0.005481052959298309
FR021849,0.005352131121335059
FR028742,0.003942601957752074
FR022237,0.006187255298559477
FR029484,0.017506404309619493
FR029853,0.02467853960383254
FR024197,0.09235272645743295
FR020750,0.00806572513550815
FR022056,0.008245688695833123
FR031112,0.0056819903996276604
FR023350,0.01364460257931793
FR025536,0.011339957021456678
FR022389,0.00952144350106824
FR031637,0.0033067709710824797
FR029623,0.010660350471455252
FR024433,0.012020324662750834
FR029384,0.006148272690572079
FR029514,0.015961074715272888
FR029354,0.013342938764521495
FR029585,0.01011508210641039
FR022874,0.01946729287358008
FR031395,0.033908139053500146
FR022410,0.00791289817725808
FR025335,0.01988702922027909
FR028460,0.008563787966895234
FR020860,0.009434886802359757
FR021606,0.014708914791993188
FR024408,0.006928435461057559
FR020621,0.0075762335126725935
FR028273,0.009429484305713023
FR031567,0.015940537280546153
FR020376,0.04327153092925936
FR030159,0.004978341450467023
FR024281,0.005703367887991551
FR025365,0.02205205214356838
FR031412,0.03090360058113763
FR021011,0.0037773677461832625
FR023555,0.004249093055009073
FR022939,0.013951141202229627
FR030511,0.008113585155864682
FR024263,0.004556039404287797
FR023078,0.004685808995494066
FR020010,0.006327769316659543
FR029395,0.0074646203641818565
FR027842,0.007515784162156367
FR031010,0.0074084754340657645
FR023544,0.029327868883113402
FR028957,0.013403189417310543
FR028176,0.013771783950258501
FR024109,0.003325888442773575
FR028487,0.01704228459285661
FR029068,0.0037566599793612205
FR031204,0.01644992900561253
FR027225,0.01599145979817635
FR020926,0.006009382392232863
FR031791,0.1811520922370315
FR025489,0.0044576039327973585
FR027283,0.007602036834192638
FR020839,0.009267108527591847
FR029695,0.008782982871350698
FR031558,0.003605026864420875
FR020301,0.0090340648172162
FR029722,0.00956770910933505
FR029796,0.0053135996645627265
FR020738,0.018639628676963692
FR031055,0.00796254764103885
FR030742,0.01468656135711526
FR025352,0.0322942255283513
FR028416,0.013102566284926615
FR021013,0.003352841174711023
FR027010,0.005779487217062543
FR021893,0.006790957113955179
FR027793,0.012723718678468745
FR022101,0.006898374790288599
FR030655,0.015332282238162406
FR024796,0.02071384482500222
FR028723,0.006465817433017653
FR029570,0.01090745308239143
FR024746,0.0061510338720131745
FR028414,0.005642442885870261
FR030988,0.012380515023685942
FR021524,0.013634705804263219
FR026221,0.005694121222765682
FR025739,0.0049149930624348805
FR024283,0.012713141953626498
FR028196,0.010858770719598853
FR020932,0.013151783163702746
FR020527,0.014445290739477557
FR025506,0.01247639456345509
FR022260,0.006584664111549806
FR025478,0.005430942430000823
FR023307,0.01284422537626718
FR030718,0.009626144168651016
FR022580,0.0259243652544476
FR031477,0.009069388180648534
FR030210,0.018477674924604188
FR022912,0.021179932845604856
FR021551,0.0076130234085274185
FR027168,0.004326532235265159
FR020471,0.009737501576653337
FR025779,0.005410168052340273
FR024774,0.00486829234995978
FR024964,0.5882384408617984
FR025121,0.010147434493224285
FR027940,0.007102156277952687
FR027657,0.004449110364836262
FR025165,0.005263455136913995
FR028298,0.00528414198625181
FR022807,0.026289668459555205
FR024855,0.0039590770371752074
FR020821,0.011386521395471718
FR028578,0.029326765194050843
FR031330,0.004107015140197295
FR023252,0.0757869241246891
FR021763,0.006926880299292552
FR028063,0.010490586655396364
FR020192,0.004671199366508215
FR022899,0.00580274530156955
FR025570,0.004517568777513368
FR022189,0.0034063849302543242
FR030377,0.01902686425217838
FR027423,0.004917811631369098
FR029553,0.009554087942343487
FR021099,0.007103094245415766
FR030705,0.01568677635170772
FR025641,0.01042574422928837
FR023134,0.025337583619124755
FR022398,0.011546285719790252
FR020059,0.08494151526830855
FR023224,0.012372366888676717
FR020501,0.056135222069869005
FR029186,0.009505950244228973
FR028635,0.011154378832690277
FR021108,0.008422743562005848
FR025016,0.006794905320876841
FR022934,0.008561234046817672
FR020350,0.007569688336781811
FR022622,0.006118492259185468
FR030085,0.017664616665607563
FR021945,0.005608051938487134
FR031801,0.0031606911753671446
FR024274,0.0030192903371302196
FR028546,0.010786391947986603
FR028528,0.005671689473170374
FR026652,0.01404537074262866
FR029061,0.012076675883053382
FR028206,0.030176045175303545
FR026399,0.011400600080276959
FR022948,0.0075032107658850765
FR023717,0.004477326143643842
FR020519,0.0054426979820599505
FR030419,0.004718454186839506
FR026854,0.012398426253951331
FR024170,0.02260673253771241
FR020609,0.012465891936739752
FR031129,0.00976001909628139
FR023519,0.008464117084626951
FR026782,0.010572240441788821
FR028300,0.004146331011169054
FR029227,0.0068768264956297395
FR021776,0.009437469754614989
FR025183,0.01174162581425357
FR026422,0.008368881597561027
FR021244,0.006778097944673986
FR023864,0.00868144697540795
FR026187,0.017265596872583736
FR029751,0.00509524446882549
FR021233,0.009118039662515337
FR030395,0.005068571321392937
FR027692,0.012808600426414223
FR027379,0.0071033066132382885
FR026306,0.004940769186391994
FR031983,0.006301647442159071
FR027685,0.0034442496487405174
FR030649,0.016444259235722663
FR022089,0.007082974905142691
FR029241,0.04467568845110017
FR025320,0.00977643984523825
FR024088,0.005125342020918204
FR030884,0.0043632310814379896
FR022957,0.004473698075287892
FR027241,0.012060852281194238
FR022879,0.004922379562855306
FR022746,0.027911742844987646
FR026293,0.006306981678697976
FR024674,0.012990769678070353
FR020912,0.005679329987298544
FR027228,0.009322646428682265
FR021429,0.006665123499993028
FR025610,0.03587237699396275
FR027264,0.00436468851008988
FR029547,0.0056373236054278976
FR026942,0.007096175212099122
FR031778,0.010415052698556549
FR024229,0.008278316407916335
FR022680,0.006144848319411573
FR021466,0.47659955674776666
FR030039,0.006997648818697263
FR024332,0.01524095994224682
FR023748,0.012156533696781465
FR021126,0.012562427083876357
FR028688,0.0068823595204600295
FR023788,0.012843383916599695
FR030345,0.007691957739106249
FR021517,0.0057391093834478196
FR025033,0.03734169761833196
FR021367,0.0051824169326563155
FR021862,0.00729201503294809
FR022539,0.005275228256739777
FR028510,0.011284137303828273
FR024426,0.0034772079234275223
FR028071,0.011601410874470225
FR029795,0.009090457890607476
FR020205,0.005117681267133335
FR020959,0.05358183976298064
FR027057,0.004923805209830838
FR028901,0.006133383080648551
FR022873,0.009690640073206882
FR027476,0.03752299589176254
FR025588,0.010361712259774534
FR030198,0.016661247337489745
FR023966,0.014005191575900152
FR024298,0.005840219029527696
FR023177,0.0075548278498663735
FR026053,0.005205226349597311
FR025873,0.07248762762947833
FR023333,0.005982751294711643
FR028085,0.007934408045797344
FR023794,0.006294901712358583
FR029203,0.0044793554518109905
FR021095,0.006875911641001678
FR024192,0.010135087587971598
FR028429,0.009384135301875594
FR025627,0.0077082608996224735
FR024459,0.007816738681085107
FR029347,0.004821229511286187
FR023698,0.006901006680993855
FR026546,0.012584098898252094
FR024077,0.005372965444949457
FR022568,0.003654864702218391
FR026055,0.008513823132491225
FR025381,0.017419047823502308
FR020210,0.006568390264867534
FR026620,0.007400413303415633
FR029595,0.00980200814988353
FR031120,0.006379018398149988
FR030811,0.008178347541038217
FR024837,0.012307071746237441
FR028404,0.008775942933990196
FR025346,0.021540601840640283
FR021489,0.011648158285156005
FR020262,0.008777256044411867
FR028682,0.0046162635382751924
FR020638,0.048181304168686004
FR020531,0.06630792845506546
FR030874,0.01627445384641579
FR029928,0.007376943488528962
FR021311,0.01942385871067585
FR028660,0.011280814564874807
FR031292,0.015579342199766307
FR020329,0.005425645210405826
FR022980,0.007595553140456374
FR027297,0.016094262381289446
FR030616,0.0071877780807594995
FR026378,0.022964641357258342
FR027333,0.00544989482178952
FR029850,0.005979389533142187
FR027331,0.004928960295494859
FR028090,0.020760877502205337
FR028358,0.006372446296955878
FR026103,0.018689829854333435
FR028750,0.00597698391438017
FR028292,0.007294538236220465
FR026437,0.006226111699295989
FR030776,0.0054405825455636925
FR027782,0.015111758333459069
FR023894,0.0060863021658539825
FR024638,0.006678820743330356
FR023777,0.01759868245982558
FR029416,0.005928567820415356
FR026417,0.03472050511295324
FR030809,0.006930221044505901
FR028346,0.00310438355716508
FR028933,0.004325173234518025
FR031122,0.015193096975976136
FR029551,0.027391949568080255
FR029804,0.030961564642948153
FR026341,0.009365009753088802
FR026538,0.018907919904166293
FR025548,0.008506553845864634
FR025716,0.00374291998731528
FR025005,0.005273368586257236
FR025330,0.00436907949358928
FR026151,0.009025566653142237
FR031852,0.01134849024915217
FR025628,0.00795382994018765
FR028897,0.012804236491236326
FR030046,0.005150416298460055
FR020889,0.011520956355476444
FR027809,0.009607799678908737
FR029832,0.004941729525621044
FR023474,0.018666774416785367
FR031851,0.010546792514977405
FR030680,0.004049888853219727
FR020579,0.01243795276226083
FR026688,0.02280773840665045
FR028234,0.0035220827701874353
FR020330,0.053273454212962826
FR030508,0.02199250818837175
FR022804,0.3228327214882875
FR021266,0.018029102833325702
FR024208,0.011916224967984002
FR031730,0.020987040763412332
FR031195,0.01047441357865262
FR026251,0.011766782643966436
FR025224,0.006210709400948485
FR031670,0.0033916274810757594
FR024911,0.020791921778638544
FR028412,0.015498853305121194
FR022649,0.003941615924711229
FR029029,0.01387315825322937
FR022631,0.0034306314911005573
FR029982,0.03640270279837758
FR028431,0.014387610828550284
FR024442,0.006131091712719005
FR025198,0.47619013817010547
FR027273,0.011131640641753697
FR028674,0.017522920366134665
FR028888,0.0065942694533237
FR026142,0.031039013463060407
FR031348,0.024616826534076472
FR021755,0.006814904000007724
FR021127,0.004221605157898297
FR031472,0.006133425088552802
FR026367,0.004822765227129135
FR031064,0.009830911923848893
FR023230,0.004210307640767658
FR030328,0.0416409212706482
FR026931,0.00604690898235086
FR026889,0.007835574201159854
FR022703,0.009034937852014117
FR027841,0.018268307982938367
FR030777,0.0205280142952699
FR031942,0.014127793262726307
FR022121,0.004904234388790896
FR028845,0.019219450974133856
FR027340,0.02286941152071736
FR023730,0.013353978817073304
FR025941,0.0031384403014339548
FR025454,0.009364269508898645
FR025139,0.014548778499593722
FR022464,0.005318086133536659
FR030281,0.02285442355381275
FR022164,0.01483134999597759
FR020995,0.01295542253649112
FR031530,0.011158223750507571
FR022018,0.022867017410159875
FR026028,0.010007937780750074
FR021363,0.010492369347560076
FR027031,0.012965799803093925
FR029228,0.005547823277122458
FR029569,0.01043783060643506
FR024235,0.007250262226052563
FR025504,0.009530988043336092
FR031059,0.18647447789186425
FR027079,0.018355628116556173
FR025490,0.006823871319982413
FR029066,0.012294164949769098
FR023802,0.019249686649015784
FR030795,0.01083602559167906
FR029675,0.015358630204709563
FR021036,0.015797189157893278
FR030852,0.024308045355955606
FR026722,0.007328489856464062
FR027664,0.00845152422573455
FR031287,0.004682163630732644
FR030881,0.004044226191329406
FR028122,0.0049971688949232524
FR027510,0.008772177864605258
FR022346,0.0045578740419519636
FR029163,0.010860999387897509
FR023541,0.09953626595849022
FR020220,0.007863284991626193
FR020649,0.0034036288263931437
FR024711,0.005450851024291878
FR029799,0.049233056536958544
FR024597,0.0070693605732625436
FR029760,0.006206725324908602
FR031673,0.05298309076116862
FR031413,0.00980895855727001
FR020292,0.009120727102625733
FR029538,0.008312273457136808
FR028302,0.004112411688669525
FR022506,0.003856352043703637
FR021923,0.004516135140902303
FR024392,0.013622784487778195
FR028522,0.005118223017135821
FR021785,0.026511443579395305
FR022457,0.01008814287171231
FR023136,0.004107667270926594
FR027663,0.006448169028211342
FR023538,0.006028383429383322
FR022751,0.0041978903321428255
FR028738,0.019125405873749512
FR022093,0.005474955739214857
FR024708,0.6575352352634125
FR025301,0.012157744565796037
FR027882,0.030842137156099646
FR030030,0.01118490371642426
FR029742,0.0039349620477750905
FR031522,0.005581767747457154
FR023448,0.011658844896043404
FR022154,0.023669882450998336
FR031458,0.008519276085310282
FR026296,0.005886149508269909
FR031061,0.005593025976816901
FR025413,0.008928580568500174
FR021573,0.005932953572476691
FR025472,0.004601783923522915
FR022039,0.0360519993043369
FR020068,0.022221769168124034
FR029995,0.00830800344304719
FR025178,0.019449406911738628
FR022924,0.06324250994705873
FR020324,0.012076338529265608
FR027781,0.005098434790164456
FR022717,0.00793556239311362
FR030446,0.007400222211023644
FR023645,0.012207106474505916
FR029698,0.014088400173839218
FR020615,0.0050001615884627225
FR030779,0.01137957545071894
FR023105,0.0073326744034045935
FR024318,0.03691670786869801
FR026147,0.011086302908541224
FR023432,0.007536018991715772
FR029101,0.005015375138813271
FR029651,0.00314987194603107
FR025010,0.007796396227121612
FR027583,0.04254198517804877
FR026928,0.004781039709848079
FR030181,0.015503938111377593
FR021221,0.00469831875819719
FR027862,0.0030814045868940306
FR021759,0.030327063242774132
FR028822,0.013252851847857645
FR030201,0.044663018384811154
FR027005,0.008997755509345106
FR025736,0.007475970684708827
FR021772,0.00906997907877101
FR021231,0.014757928971621698
FR029175,0.0393832198490092
FR022876,0.00609826288323056
FR020194,0.00777847364708101
FR026150,0.04259776273652956
FR021652,0.008663136436102227
FR023197,0.005505799673674242
FR022803,0.01193285310553065
FR031126,0.009692377577594625
FR027966,0.0051815084851338546
FR031495,0.012261636799340924
FR022369,0.007765080260043818
FR022921,0.007868168261990978
FR030910,0.006093769224234628
FR027983,0.008902009697735113
FR021453,0.006794244584122251
FR023429,0.01767538539774372
FR026245,0.008775753740870963
FR023232,0.0040666784257864285
FR025831,0.02630547556967896
FR021920,0.010153359877764423
FR029711,0.01647446870861413
FR030461,0.004134201426194725
FR027769,0.008904048855848352
FR024060,0.006964440387642023
FR021488,0.007103097337104137
FR028746,0.022606799578335255
FR020587,0.004725352298267549
FR026000,0.004254911342806566
FR024245,0.005459816747559104
FR026817,0.024758666947469667
FR021640,0.0048078760020381596
FR028889,0.01769056411050387
FR026785,0.005361218817140169
FR026135,0.005239960011288025
FR022942,0.003292044878857076
FR022300,0.010093503927970862
FR028008,0.009817982924864287
FR023188,0.02009436431086196
FR020307,0.020891397302204535
FR025632,0.011045285109058653
FR024137,0.006208991711880952
FR030576,0.007581881443081494
FR026598,0.005816249830868212
FR020322,0.005974588389605617
FR031655,0.164356153848
FR021792,0.02658586913817577
FR021817,0.07857637887841969
FR027077,0.012507756579481591
FR022898,0.005842167473819914
FR028178,0.01142552092658806
FR023090,0.04547435231567486
FR028831,0.0030127393410867287
FR031285,0.006874601550238814
FR028581,0.008037300731005666
FR031758,0.020533252034299888
FR028675,0.009143708327979753
FR028768,0.08202274716044448
FR031384,0.0034890774214823873
FR030676,0.014080560410831115
FR020063,0.02030045917893672
FR027148,0.00491606840209644
FR022059,0.009267318038276032
FR020120,0.04274202750583306
FR029345,0.010334582726950587
FR029613,0.004691774550497533
FR030870,0.015371497390070233
FR028895,0.02818814555808114
FR024221,0.004958162504960785
FR031069,0.03108691656006159
FR029882,0.012402781187464377
FR023992,0.02392585908841783
FR022972,0.19584119874858402
FR021195,0.006874020639633616
FR030546,0.02474791692619797
FR025128,0.015882898587636547
FR028856,0.005323104418530582
FR026792,0.0035163200110466973
FR022935,0.008919275533836982
FR026895,0.020134017598281487
FR028716,0.011334519323140411
FR021947,0.04373841832944354
FR030068,0.00296467438419564
FR025433,0.006897541726257145
FR025605,0.02991069037265389
FR030214,0.006345694009253463
FR022846,0.0041239765694926775
FR023688,0.00419879249523173
FR021803,0.8568711882342971
FR029440,0.006476865643554203
FR030154,0.004436515465400106
FR027776,0.003340481338455011
FR020929,0.01841610456184701
FR022014,0.003755691315771277
FR021412,0.008102631253838278
FR020008,0.010251263499707218
FR021224,0.010259854755998348
FR022678,0.03882255454520878
FR029086,0.003951859785134584
FR030815,0.008735627082713637
FR027761,0.009248618203295039
FR030212,0.008976811377125688
FR027242,0.007270916210568012
FR031508,0.013528681596619347
FR023916,0.010850225923045636
FR026068,0.014937839230524042
FR026089,0.02062088779618893
FR020157,0.2389277321126692
FR023297,0.01166494865904681
FR020634,0.025161662311403966
FR029532,0.011995383646067294
FR029927,0.008652570480598537
FR026211,0.010689556711447069
FR023752,0.006076248636620751
FR028805,0.01306329472632003
FR021029,0.009588420445890616
FR028530,0.0062565938460271645
FR024295,0.028443856970547875
FR022522,0.025036219530867616
FR020884,0.004501653767273875
FR021051,0.004912738603940145
FR031459,0.0073099422560702915
FR027986,0.0041375097256357045
FR027027,0.019413209810374168
FR026962,0.007459411896615964
FR021536,0.0067871284653954035
FR020258,0.015159663159946527
FR030449,0.004726435235038176
FR025786,0.01207229005769769
FR025438,0.010615423556927933
FR027834,0.005502819974946843
FR026744,0.05559013576692856
FR021719,0.004666519778893095
FR026896,0.013240241452458956
FR021082,0.018697511593328976
FR028284,0.032226206655902714
FR031307,0.269119271027151
FR028202,0.007421387200296116
FR028080,0.026811032346429987
FR020813,0.017858732211729827
FR027571,0.010728199297731795
FR031908,0.02565588034787377
FR020040,0.005710507183570743
FR024154,0.004082011732733435
FR023647,0.006174975935754469
FR022180,0.009632192407755796
FR023192,0.0033261369745035602
FR020607,0.005588312627404708
FR025493,0.005913540148914039
FR022052,0.010945476678885763
FR028954,0.004706254141083566
FR025501,0.0036736509201187794
FR024846,0.005578350978806534
FR024303,0.010446975192009905
FR027984,0.005869982511622041
FR028045,0.010818801243832412
FR021398,0.008130421170345698
FR028172,0.004208992268483329
FR020380,0.6087764082697655
FR027473,0.003866019572119718
FR026198,0.003502327991855505
FR024773,0.033444788084874284
FR028870,0.025836200438176794
FR028852,0.02677354961356304
FR030653,0.00736446515861173
FR026735,0.00606180871580776
FR024233,0.015516894439229195
FR031409,0.020957118653186273
FR022708,0.7847232772568171
FR030373,0.010369204216123317
FR029072,0.019904930487942778
FR026701,0.019876756834335648
FR026626,0.012736806149601015
FR025718,0.02206421574469553
FR020870,0.06627898357214686
FR022966,0.03176311471200031
FR027293,0.012271630042591774
FR023533,0.007367683188644595
FR028946,0.016412065518856746
FR023924,0.005299478856705345
FR023240,0.0052263655955081915
FR027920,0.005539204149576409
FR025291,0.010248616739872879
FR023976,0.016118087923386485
FR022383,0.005813955633904739
FR020298,0.00770218791130359
FR024115,0.0035283209999225984
FR029039,0.009130386369496427
FR024247,0.054834253926119916
FR022914,0.006953026122651952
FR025375,0.06690824684284873
FR030675,0.07644215118257489
FR025407,0.0054369352617315205
FR025044,0.008878681536893324
FR030205,0.04552820136639788
FR021066,0.004655294697541517
FR031447,0.01272431877422787
FR031081,0.01645549067503213
FR025976,0.00317827607603084
FR021054,0.004147140213608904
FR022795,0.004289817149453724
FR022767,0.015872900612803713
FR026153,0.006059551025660083
FR023098,0.006663462213326465
FR028862,0.0049297395649589475
FR024540,0.03564696394286258
FR022877,0.006477712726849577
FR024652,0.058819629216676925
FR030631,0.00307604904495671
FR026867,0.00489548803826167
FR031128,0.0044910636586351785
FR030545,0.03160735278010132
FR029139,0.007858702720446285
FR030775,0.009084063275794191
FR024385,0.02390353914532144
FR031747,0.011146553330232675
FR023397,0.006924421919040349
FR024019,0.00754177429358433
FR030102,0.013021202580753285
FR024015,0.005854834103310421
FR026647,0.0022507368778277364
FR025357,0.005850354992961669
FR028195,0.0955881525138498
FR029798,0.004583829851744313
FR031823,0.007903908431063342
FR028588,0.004148730080609812
FR022500,0.004198231477342776
FR023594,0.017348933207389384
FR020372,0.004848417617833507
FR025935,0.009463561178591602
FR022844,0.0111905677986967
FR021819,0.007375978908097628
FR027621,0.019471442598172187
FR030535,0.011223609660143234
FR024256,0.011675515218257038
FR020418,0.012744004387579102
FR030844,0.008891856394232135
FR021863,0.003923823755783358
FR024477,0.003696641443077242
FR026947,0.008304505148488697
FR026395,0.015325984477071713
FR029455,0.054968277560034993
FR026174,0.023055123839664526
FR020535,0.042349133980301816
FR026544,0.008113749367308305
FR022064,0.009614739186056527
FR024370,0.011103785681550076
FR029803,0.013432915372680408
FR022126,0.009491122397260751
FR030490,0.0057664543848696395
FR021557,0.017754957151838457
FR027741,0.003706600998003056
FR022090,0.004129826395543787
FR021746,0.01249608246090315
FR029721,0.004230464566808958
FR024232,0.028021643153361614
FR029954,0.018605771715542167
FR027382,0.01421105131921494
FR027640,0.01563561084915483
FR031280,0.004554417535874519
FR026747,0.003929119072936622
FR021314,0.00964382895938374
FR027310,0.020814792218108908
FR020487,0.013561448231363914
FR021064,0.00845844274937962
FR026862,0.004011808476771375
FR030671,0.015488641583094629
FR022312,0.015616721738721927
FR027501,0.005686071385287017
FR031402,0.012672795361851636
FR027246,0.011652835707099324
FR026280,0.0037102444211739435
FR024501,0.027678590336178373
FR029535,0.019734228983346556
FR030011,0.007089611921370141
FR021124,0.003671940369136314
FR027028,0.018243916307701336
FR023027,0.008067016220679577
FR031711,0.013594562075820358
FR026177,0.008100600734782878
FR025618,0.004000069942457808
FR025817,0.006399043006506874
FR027844,0.007838451081672007
FR021134,0.007652760136057779
FR027786,0.05194861955924698
FR022868,0.8857042771994381
FR026558,0.006187480162179675
FR022306,0.006789581480513014
FR023640,0.007833957070688144
FR026638,0.02735140983637684
FR020622,0.008403977761770423
FR031740,0.1659034333395602
FR030871,0.0030051776290627085
FR028432,0.0032930465481064083
FR029548,0.005539105475600532
FR030840,0.008494903095641104
FR028297,0.038055921651871064
FR020434,0.007876308189989622
FR025662,0.014255171530414588
FR023907,0.0050291702392471615
FR031197,0.021473614406807468
FR022543,0.003763016186638711
FR024366,0.011448903974183803
FR027036,0.004909900111302305
FR028459,0.010782282159694663
FR024918,0.008003837709124476
FR027050,0.02025188120277936
FR027815,0.005683753854561035
FR030755,0.006775597604720719
FR024524,0.005818170810411407
FR030771,0.016931839543320497
FR023537,0.0335542463172947
FR020119,0.01166863874633724
FR024482,0.1039638657585263
FR022557,0.015234142709677278
FR025104,0.012909862319289506
FR031455,0.007570935355656909
FR022371,0.010997409434722322
FR028222,0.004347545555604247
FR029588,0.012335712860778773
FR030698,0.007146828318760466
FR026523,0.004040111007043697
FR024312,0.005137575759344591
FR031364,0.012568706145668535
FR029212,0.01451786961721938
FR021405,0.0052520968811087506
FR031736,0.004992020753178506
FR027270,0.007616868732742919
FR031657,0.05868312757807457
FR031970,0.022413562937237022
FR030681,0.004733577822838961
FR024478,0.008919439659666965
FR030387,0.0036748193549565066
FR021665,0.009350982872165759
FR021286,0.010740940055917036
FR023284,0.009641736635699078
FR025426,0.012677362795881603
FR029443,0.01967272948925971
FR031380,0.020666657964430665
FR022131,0.010250655093613528
FR024452,0.023107984635785152
FR031594,0.060507716824467095
FR020373,0.6483507959271684
FR030847,0.019603617338646
FR021028,0.00921180752316374
FR030126,0.051262124921989824
FR030402,0.007649137399061716
FR028121,0.013170897032316862
FR024266,0.004948376864609398
FR031381,0.00877824182773452
FR028661,0.005972730021222379
FR020427,0.005115697113190889
FR026287,0.09782954097167437
FR027139,0.07863943275442845
FR020794,0.012887359983051285
FR027880,0.019927313299057187
FR026595,0.02531485087336898
FR026723,0.0038591932282566895
FR024615,0.00930238908498192
FR023923,0.009871039450512799
FR025399,0.006480854962181144
FR021694,0.002959273318571471
FR030444,0.007005637585467355
FR030307,0.016209900812646453
FR022016,0.007726090218596981
FR028301,0.0031986683601444932
FR028492,0.009723273767529869
FR021258,0.013916369576904836
FR031415,0.007351572627840941
FR029719,0.04638694866160707
FR020664,0.004989021566411421
FR029786,0.005737870392384768
FR023511,0.06617735522934268
FR027661,0.006335195509055104
FR024389,0.016448386666267495
FR025286,0.010603388938980768
FR030462,0.02475283033151849
FR021423,0.006012913081444421
FR028525,0.027603691094456095
FR024737,0.006540959955873504
FR023024,0.00909632519863769
FR026238,0.010622573736392868
FR022595,0.011642603521115503
FR026358,0.0036582905292124406
FR030258,0.008390688833474314
FR025514,0.014002868418289233
FR029187,0.005015554627914461
FR023971,0.028805627700782828
FR026116,0.005026250362907527
FR026650,0.014254188609321625
FR027326,0.014853717409450523
FR029382,0.021162429803578055
FR024820,0.010769992057479047
FR031957,0.006183278763626001
FR026827,0.005352093878971299
FR028007,0.018672079796717755
FR026825,0.013710080435316413
FR028745,0.0620190762403805
FR021888,0.01317311545075631
FR028013,0.007501328864774795
FR026178,0.010848669180222929
FR031807,0.006238279014702591
FR022234,0.007287081215656743
FR026713,0.004511285125515669
FR021499,0.0035740059477558316
FR025760,0.014029543517425963
FR030138,0.025209549976553374
FR028113,0.7357131413373096
FR024388,0.015483544329035925
FR026988,0.018202648948555368
FR027442,0.00581297839465145
FR021931,0.006674452663707713
FR022233,0.0048723895663829
FR026057,0.006231219586509186
FR029070,0.008465817232149342
FR023076,0.019113521164311642
FR026697,0.011041762725094334
FR025031,0.01051308622647983
FR028117,0.032651241042331046
FR030247,0.007567313333114121
FR027845,0.005409554207806658
FR021069,0.011097031507984564
FR023418,0.026518036093788954
FR029924,0.020549990445218075
FR028715,0.0056693048058200825
FR026930,0.007858146574124782
FR031151,0.006307187471103465
FR022660,0.006894465486013131
FR022015,0.0065571664784033435
FR029079,0.010396272429521377
FR027363,0.036983712700723884
FR026291,0.013070542781019646
FR030728,0.00919015745247282
FR021135,0.007151279413839293
FR030134,0.016754684310679575
FR025264,0.005189453669679848
FR020511,0.0076276416434727465
FR031985,0.0039025301689896486
FR022567,0.03514958239850148
FR020335,0.007836162976883217
FR022670,0.012105590220289448
FR024083,0.014575376813722743
FR028388,0.012225304990677702
FR020482,0.02672647720963108
FR022475,0.004264281111902783
FR025028,0.01942184754821972
FR023294,0.00946477803516412
FR025395,0.006343168477039207
FR029048,0.007962692556311156
FR022518,0.01625864008085437
FR024880,0.011615005525941613
FR024132,0.02557691743312277
FR029625,0.006829273107510582
FR028066,0.008442779502182477
FR024876,0.005435977353943062
FR031198,0.010356034087144788
FR027647,0.005591604346543381
FR020538,0.008629172880946293
FR025332,0.007576836001103394
FR031121,0.005930586438432406
FR021142,0.0040582295183955504
FR022210,0.00993082186387207
FR030041,0.03771603276411916
FR023054,0.0043884079059453695
FR024184,0.0039336489730134455
FR020295,0.008588747636297848
FR020522,0.00334532401924496
FR029593,0.007165898191388911
FR027539,0.014853974729278224
FR023125,0.0042019024146237784
FR031850,0.0072827708372698845
FR024732,0.014019923517050498
FR029730,0.03991303472632372
FR028177,0.0050772863715840945
FR025855,0.012416258325664451
FR029310,0.007712429839494009
FR021143,0.012250405078767857
FR026435,0.020962469352914716
FR030274,0.0067084805863911415
FR027955,0.013671706075719445
FR031442,0.004678557809539345
FR024450,0.025999508728251602
FR024842,0.03458932119242379
FR031328,0.0072712918363543756
FR029610,0.01966422375834142
FR020193,0.020485669486986425
FR029115,0.012197610969386107
FR022722,0.008015307312049554
FR027628,0.013380472796949205
FR024200,0.0036078999136581564
FR029022,0.004612262719171484
FR024682,0.007191031961585817
FR028548,0.006448484044900728
FR024866,0.003366694992019079
FR028313,0.006445245947960043
FR031748,0.012694371811142626
FR031341,0.004903823030619196
FR025156,0.005501628142013363
FR028919,0.010972561742152134
FR022636,0.008931025999944936
FR024530,0.017305858105196137
FR029933,0.016213746462864116
FR023590,0.022554398145304317
FR026108,0.007546676140334001
FR021933,0.021942799704533656
FR020269,0.007423189451969981
FR024593,0.0854096794002188
FR031188,0.023582526140842934
FR025240,0.006118070265891272
FR023523,0.007941972869762273
FR025218,0.005255363756677583
FR030969,0.014208228147724844
FR024913,0.01612822761700624
FR020729,0.03498720749305566
FR021165,0.005545819250179256
FR023217,0.006982380497562009
FR029446,0.016326546784782594
FR028630,0.0037167959459050277
FR026022,0.005725336487766902
FR025849,0.01856309197681958
FR022917,0.00457964974472494
FR025574,0.006658521172167963
FR029409,0.007442412828286731
FR023574,0.011652320884174212
FR025404,0.015076933422230768
FR028310,0.06267347547566285
FR020354,0.02262694288890972
FR021612,0.00592975229814845
FR023273,0.004216068509925283
FR022907,0.016390864177208142
FR021669,0.010286656304924901
FR030390,0.006003543679509795
FR024143,0.011241930489221511
FR025378,0.014838225737687876
FR020777,0.013824221452667854
FR023144,0.009458521939367363
FR030020,0.007529189424496043
FR021334,0.03671014784913886
FR023817,0.00907748140221146
FR026421,0.009230260009229215
FR028472,0.019537155266354626
FR026682,0.004958512462251809
FR028569,0.0048012435837797175
FR031999,0.009373622122207877
FR029815,0.004070599557214836
FR026218,0.06030724205619814
FR031871,0.005811187460869445
FR027191,0.011525385595402787
FR026670,0.006131349012390907
FR027843,0.022539916750409412
FR030356,0.0045131548370134795
FR021761,0.006304240921348805
FR025092,0.04779787397575453
FR023860,0.0034373676704062953
FR025539,0.013113842601428793
FR025815,0.005846761619775829
FR029486,0.005227532551147525
FR027655,0.011533343915925925
FR025689,0.005951473830135917
FR021188,0.02368389170256128
FR026548,0.006737131162413317
FR023724,0.003972304630477962
FR025552,0.0059200465551118775
FR020143,0.0061715115988182564
FR024560,0.012894169956867629
FR021035,0.016844649973118516
FR022474,0.006246410359626168
FR028801,0.010376945120343659
FR024033,0.0400480640983321
FR022087,0.007478675266418837
FR026997,0.016121262487834638
FR025784,0.011682800419117992
FR025525,0.006796826354752953
FR030013,0.009038916279954973
FR021809,0.23269000818479468
FR023580,0.004030708731213202
FR031685,0.019190698106928236
FR021474,0.026578581907710307
FR029959,0.0101113210413144
FR024180,0.01085525030535924
FR031583,0.00810955949110009
FR020997,0.006421576725308106
FR031987,0.006551548322343151
FR021703,0.11480754405481211
FR031513,0.006681001645144113
FR023922,0.02271389441086043
FR020083,0.00641975898575328
FR031143,0.015947679967679824
FR020672,0.01851279745316624
FR030220,0.010250515999834852
FR029242,0.0193558431099153
FR024923,0.004366036584901638
FR024236,0.03572445161510421
FR023884,0.008180503486612468
FR029279,0.004854030293374313
FR029828,0.003465942393561271
FR025235,0.01964228052038041
FR025103,0.008671605231591346
FR020871,0.11504419533915881
FR027507,0.013506367596104135
FR028677,0.008367312857678746
FR020653,0.011473051476477073
FR026828,0.005025561030207383
FR029331,0.005450801564614677
FR030080,0.005864520116496262
FR024690,0.03949789112832627
FR023885,0.004999993666961174
FR025250,0.015052860239558475
FR026778,0.014760224217792661
FR031686,0.006646603806770864
FR026649,0.005679807041113061
FR021729,0.003287815752976758
FR030608,0.03459349972137883
FR028991,0.014963505971892752
FR021279,0.011316988570927795
FR026182,0.008380464035836012
FR023108,0.006468886787371064
FR026901,0.006170634749231677
FR027715,0.005949384399201044
FR020211,0.006406171605115594
FR031234,0.014395250532163298
FR023769,0.014645644380036621
FR022135,0.018676856517174188
FR023800,0.007259102430691599
FR023808,0.01052185524554196
FR025122,0.015740758071632905
FR021976,0.05031461354209219
FR023305,0.015183801480605982
FR027613,0.01941948524281635
FR031118,0.010105697406108062
FR022275,0.018694116761751468
FR031814,0.006148346305785624
FR027956,0.008112581579840416
FR022843,0.020779493568692176
FR028736,0.011698109886819852
FR029211,0.0701257960444576
FR030320,0.004359105273725539
FR020250,0.014281995364190217
FR031482,0.015560835100564158
FR025646,0.015817368185096603
FR024014,0.009434773237928183
FR024944,0.008077537452143829
FR029025,0.02258147227207414
FR021291,0.1456511479453332
FR021505,0.008993493481699675
FR024185,0.01014784123635843
FR024588,0.0065816961752612185
FR021702,0.016186938076371733
FR027938,0.010265719438122402
FR027625,0.025487057880267318
FR031512,0.0063789872872165474
FR027546,0.01270553814099967
FR028434,0.004901014203897767
FR024984,0.00478475813098384
FR026373,0.007055048651872034
FR028057,0.0035361815431952373
FR022809,0.10739606847636345
FR026254,0.029306055016965794
FR031359,0.004922614228804535
FR022359,0.006409229228096731
FR027559,0.024236914881671665
FR027805,0.0029883569835210738
FR023989,0.038558334193358676
FR021778,0.0058360620679319295
FR026818,0.005924312499604287
FR029458,0.013376885465647515
FR031620,0.018956536846374845
FR021540,0.39268556479088607
FR025094,0.014911256288602357
FR031286,0.00668504020228697
FR020943,0.011915863528118695
FR031139,0.00970562334658629
FR024974,0.004920150783497947
FR028441,0.025776574794947455
FR028334,0.00610903585184879
FR022176,0.00507298358855824
FR026471,0.01886855143120864
FR029696,0.026640941138941186
FR027279,0.003525483028336082
FR030520,0.008819877530998645
FR026932,0.005799964254233889
FR021178,0.008405060902126707
FR026070,0.009855616360062009
FR025797,0.014033157435793382
FR021514,0.01581499532957191
FR027947,0.007584455390245734
FR021217,0.011159791561336733
FR020506,0.03157074663194554
FR027414,0.05186737500552232
FR020489,0.013724148073211729
FR023639,0.007794571295396621
FR023463,0.017503622680083458
FR021806,0.016136684790535642
FR025248,0.0055742440681215265
FR020392,0.01108181320937362
FR026259,0.010705665585844156
FR028026,0.02762652218532353
FR023005,0.015092048086399353
FR031606,0.005277737515197771
FR029648,0.008942835735442706
FR024404,0.0068587857404642655
FR025244,0.00608349063826278
FR027298,0.8764519040592169
FR020502,0.011456752632483165
FR026158,0.010768203651726298
FR023676,0.019825138143681104
FR031201,0.009981928007194595
FR030278,0.004970212027382566
FR022782,0.014403975686324113
FR024661,0.030196146378765505
FR029180,0.012240614462498202
FR022293,0.009375270328730107
FR026447,0.008145810249924687
FR031528,0.006460688287054897
FR023726,0.01781049884791541
FR027346,0.005020509942521387
FR031644,0.016300387272831396
FR024655,0.010866251184544437
FR029503,0.0048266188832461554
FR030997,0.015753382011556155
FR026934,0.0033812204071703433
FR029452,0.0044105138839207894
FR030192,0.03605463456858164
FR029363,0.006701171583650805
FR029872,0.008760989891557528
FR023847,0.005972579255278278
FR029085,0.37664417370465897
FR030954,0.015389913986956267
FR024050,0.020707726027815183
FR022455,0.007119679783656831
FR021414,0.015108875417131124
FR026639,0.008317213961281369
FR031913,0.01874371670092944
FR030403,0.004672899161469757
FR030231,0.015447961325189783
FR030026,0.006218807661361523
FR024250,0.00619095150157427
FR020969,0.036235168609471916
FR024548,0.006421438391892532
FR028794,0.03817306753859309
FR031662,0.0541271438887484
FR024766,0.06793959639200178
FR024853,0.018351927759505404
FR026268,0.0037220664840301705
FR027122,0.011092873504051784
FR024986,0.003506167282711657
FR020366,0.009648092747361506
FR029738,0.03155560679125764
FR028426,0.00944074334528402
FR023959,0.005577014214427382
FR020095,0.8544133810871244
FR021226,0.0055499072521888945
FR031478,0.006604317942528004
FR030758,0.6347910845748329
FR025642,0.004661895145420562
FR020060,0.00533897996656682
FR023876,0.011068241356750585
FR024458,0.023023281745411166
FR022050,0.006470178913628233
FR030309,0.002642197438340794
FR024018,0.0038031075811793464
FR030792,0.02089957193709701
FR028213,0.009008854980366434
FR030249,0.005249427505178539
FR028871,0.010593355212085277
FR030163,0.015845272883178406
FR031149,0.17818363584973468
FR023121,0.0073707004939693194
FR028422,0.005396712516645818
FR023303,0.006387659718411859
FR024373,0.013095180725267752
FR031899,0.13629490360547533
FR030289,0.041760660960940534
FR027820,0.022055174079306405
FR024010,0.016389896878229313
FR027155,0.04836353846254307
FR024490,0.0046149271299294175
FR026202,0.006151488172266101
FR022615,0.09069914721462434
FR020723,0.008253234176913298
FR026380,0.004160901435309821
FR030696,0.02469123214245128
FR031516,0.005857429692246953
FR031379,0.06537375454135791
FR023678,0.005172641503508936
FR022705,0.006540160294933095
FR031551,0.004083017780205399
FR023340,0.009764122601752964
FR025789,0.002758128245720041
FR026907,0.010513466927534942
FR020291,0.3175499723653497
FR026455,0.014200398682554344
FR024975,0.046615255310822286
FR020706,0.008192624156305279
FR028625,0.045389068137565575
FR028018,0.06567599855612334
FR023229,0.006976881518893793
FR024340,0.004079568820008319
FR022901,0.00935030453553283
FR029375,0.009910442966623943
FR030493,0.006393736934302471
FR021275,0.0242491515071821
FR025995,0.008228128897829822
FR025793,0.005537913138422959
FR024326,0.0034721416959179975
FR029940,0.0061876235909758175
FR025929,0.00913549587918375
FR031808,0.009126904819543685
FR025735,0.0062290286236369044
FR025821,0.01102562243411147
FR030515,0.009444007123734947
FR023457,0.004291323100542934
FR025403,0.010297892297547625
FR026224,0.07420953736802668
FR027733,0.006071672830147068
FR031592,0.0062600581825435
FR028174,0.003921882966893232
FR024549,0.009727824938025131
FR026104,0.0056148381678479495
FR028580,0.004545012297193801
FR028917,0.009200248046731162
FR026545,0.005424572496910731
FR029640,0.005849264171595161
FR026497,0.02703800926841447
FR024441,0.010166977689627071
FR026850,0.07382464339740866
FR022718,0.004870485486767744
FR029336,0.021876111989838992
FR022385,0.006965912937896198
FR020783,0.010195284350295339
FR030391,0.01219253344243991
FR022800,0.013575815554818054
FR027886,0.020286756714764178
FR022941,0.013623146802314103
FR023651,0.007092326787977765
FR021673,0.007118943654858499
FR031185,0.008077087637211761
FR029224,0.0066669293660806565
FR021969,0.016119469251788993
FR025902,0.006117534779690922
FR025532,0.010068161071455643
FR028401,0.010550961514079723
FR030207,0.14908220294475577
FR026117,0.00475044700303086
FR024859,0.009862186325878543
FR022784,0.008995035065247996
FR028898,0.06295390867318743
FR031101,0.02675349842665118
FR023633,0.01375700496972398
FR021983,0.005236904112346256
FR029529,0.016611719751204075
FR025191,0.006519176543022037
FR025678,0.016436536219242875
FR031505,0.05177170052506204
FR028437,0.00886143540926142
FR028398,0.008863465884721533
FR028966,0.003908381268094577
FR028925,0.009597765266638223
FR031989,0.007203945318638496
FR026407,0.01115043258885047
FR029910,0.03114331062220087
FR029120,0.010642017607255978
FR021677,0.005414327394349282
FR027906,0.012240573682298587
FR025971,0.013220881673479356
FR028631,0.007358114187643474
FR028638,0.007856626593268669
FR027086,0.011498701349609878
FR029456,0.01630155139572325
FR023874,0.011333637706520471
FR027049,0.004442503741323644
FR021494,0.003995131662494949
FR027942,0.0038848415676489625
FR024955,0.02128836369914509
FR026410,0.013951895342563627
FR023163,0.0058454633214430705
FR028761,0.008029964253457063
FR028490,0.01941814053487199
FR030951,0.011405983087926943
FR026379,0.008051236740827741
FR026363,0.003297848862341475
FR028673,0.00702803715184169
FR026208,0.00500514902918495
FR024479,0.008812640742077302
FR026526,0.008754697072389541
FR026876,0.00820876800187463
FR021274,0.009945863659783491
FR026155,0.24729063127509981
FR020599,0.010539793764948267
FR025223,0.02207986551145954
FR023205,0.004878120707216321
FR022857,0.01667367795249655
FR024384,0.02460985536405599
FR026326,0.009570866152739064
FR028963,0.004968762712725936
FR030673,0.004092732550249757
FR021527,0.010123877538945721
FR027458,0.008375903232078026
FR020438,0.005311298642234823
FR020937,0.007065346188529909
FR024065,0.006458190948041498
FR023731,0.016704788223355714
FR024806,0.01008179457187634
FR023510,0.013783559123660898
FR027106,0.004048756859178113
FR024816,0.032346562101844105
FR021270,0.006613887655689761
FR020445,0.026200076703370285
FR025773,0.012089589615854338
FR021218,0.007924688887982447
FR021614,0.026790339709910176
FR021117,0.011205774293152239
FR031092,0.03559201059692389
FR023265,0.015669302823526705
FR027778,0.023708504091157073
FR021543,0.01725279750067462
FR022348,0.006369549203483466
FR026433,0.01622033837888746
FR027019,0.014421483708904653
FR025347,0.03725445952722045
FR029965,0.006246003518925695
FR023281,0.052231989594024905
FR023346,0.004728914496982175
FR023244,0.003245560572638689
FR024098,0.019441302571248036
FR030234,0.013219985378513942
FR020896,0.011905394927937473
FR021897,0.007272393489671715
FR029371,0.010257005382774256
FR027239,0.014808053571239942
FR030833,0.011425729671402977
FR028215,0.007817839712488912
FR022617,0.009079807249551949
FR023981,0.006915422950602518
FR021519,0.011161091615991376
FR021992,0.0033734186720053377
FR024451,0.003474207103304696
FR022657,0.010980044625674906
FR031756,0.015508399330665942
FR031781,0.0268493125373117
FR027679,0.031915077783194815
FR026588,0.4755509677626984
FR026412,0.012665987077246735
FR031887,0.006915796258566994
FR027953,0.2621510827521013
FR022061,0.007392699669609792
FR030054,0.03813347866790563
FR023865,0.004627198409238623
FR028194,0.028044170724829474
FR020021,0.005395280919190828
FR029868,0.02637814051967488
FR022865,0.01206392057662525
FR021649,0.0075225225062496015
FR025590,0.014589328333645613
FR029688,0.007367610884197374
FR023445,0.024310279535258168
FR022589,0.005267506567429084
FR021520,0.005280400608273583
FR031016,0.003730040681737034
FR029797,0.006980098384521507
FR020541,0.007921012471628273
FR020797,0.010795961029578164
FR026454,0.026820333902622097
FR024167,0.004517213637102913
FR027623,0.005682099409148923
FR030856,0.011545942424406447
FR027146,0.01788700770627295
FR026693,0.005250326064111076
FR024292,0.020053647569309545
FR020172,0.014559858780549929
FR029866,0.022289205159040277
FR023526,0.004916154678253881
FR030339,0.006010630549345813
FR023493,0.007753828876430946
FR022961,0.0050507278191073484
FR024729,0.013843530817947116
FR023031,0.029022475431243887
FR025645,0.007245442522274624
FR029387,0.018066832514380005
FR024779,0.030656932304570488
FR023042,0.031111075826154067
FR023183,0.0103519959362497
FR031481,0.01649948427783413
FR025586,0.02525957172868499
FR029505,0.004366484146596558
FR020737,0.008047512718430027
FR026066,0.009264679954643683
FR022132,0.012860013364423587
FR029392,0.012855828900968081
FR021609,0.004360709955378766
FR020791,0.0134981428848974
FR027185,0.004829222406741885
FR025315,0.005340363585408875
FR029194,0.009804225954376964
FR022583,0.009723861785001913
FR028618,0.004894856972921199
FR023743,0.007281514451109779
FR024538,0.006997103768018984
FR021990,0.005685944286851994
FR020786,0.02124068911606876
FR021419,0.007307994374030668
FR028893,0.00775529821441239
FR029445,0.007277135882959201
FR027708,0.019520822118360558
FR026499,0.008403463342670954
FR023757,0.0070663822568945624
FR029262,0.2645676870459167
FR025386,0.005677203389363616
FR028649,0.012096330244827107
FR022030,0.010310460760947436
FR031221,0.0062889574368335185
FR023398,0.008237368471409047
FR024044,0.4387753532083428
FR025901,0.0064601332760075335
FR031205,0.010648561409685542
FR025770,0.004688645588346251
FR024993,0.05344555904274011
FR024182,0.014146485888478014
FR023763,0.004495664020883836
FR027153,0.01982090882159096
FR020573,0.01679823844322769
FR028572,0.0053289761064787625
FR031113,0.012673261437696332
FR031466,0.013445359192877634
FR030445,0.004932111442847486
FR027085,0.004210606849021166
FR026909,0.010144848673438771
FR026175,0.005863268054164919
FR022513,0.01235577867640888
FR022596,0.005691659969725626
FR028312,0.01036760008103802
FR031299,0.01845763517028524
FR028339,0.0067641829282266
FR028987,0.005891934798757382
FR026824,0.01555056020610356
FR026132,0.04093765221754276
FR025087,0.010925803770155985
FR021928,0.006510364949742361
FR027936,0.006179429707730115
FR023801,0.007512991324942236
FR029420,0.007074013834900332
FR024701,0.026747666448860546
FR024676,0.005308249284135549
FR031698,0.0075673747815728064
FR031994,0.006391454598003698
FR029745,0.009166048510091196
FR030232,0.012804689209592471
FR030944,0.024041573053172515
FR027187,0.009244783402033902
FR025703,0.004902519150316969
FR025463,0.008188902278406768
FR028210,0.011435025413640507
FR025819,0.007679104135277744
FR027396,0.019731840702126142
FR025340,0.005981081876741791
FR020311,0.004350613582690693
FR027868,0.007610523043103596
FR020264,0.01793257922083155
FR028996,0.12914634727951896
FR030485,0.008067709168313359
FR027695,0.12387490405736472
FR022338,0.006165436103082489
FR023619,0.006884148267763771
FR022963,0.00471710855513967
FR029794,0.055137923735670766
FR022374,0.019205906469108733
FR024570,0.0033701315111864583
FR030918,0.03459313349793171
FR028747,0.013294395998938174
FR027222,0.010431347093738972
FR020796,0.008735198656864503
FR023225,0.017941196593090347
FR031753,0.009673812431769142
FR021249,0.010917915340533949
FR030872,0.007401135215463014
FR024794,0.0348150404121286
FR021052,0.011162436890199244
FR025201,0.005326057491304435
FR024163,0.00460331994358491
FR029664,0.005606513507640536
FR022401,0.015230426756137908
FR030921,0.006449676697943145
FR029013,0.012681751251829427
FR031504,0.005218217413661184
FR027928,0.008298671598521717
FR026038,0.06590971459802329
FR029330,0.005575319882868796
FR028656,0.008816367239022854
FR027316,0.006333571699985646
FR024753,0.028854394095743262
FR028780,0.013018375638892249
FR022136,0.004420050453925672
FR025531,0.010531973098269575
FR027251,0.005747628771535067
FR024663,0.012254517654577381
FR030714,0.00733109790441055
FR031432,0.029505945694627368
FR025409,0.0170876904701489
FR024912,0.009564813317151213
FR027972,0.0072197789675012445
FR024609,0.006003690588539471
FR021211,0.014393916406253645
FR030381,0.012639073635568997
FR028617,0.005397581177315526
FR030115,0.006995793453108146
FR021571,0.013649717593434538
FR023506,0.005623650835924383
FR031372,0.01183972037749402
FR020286,0.009663859056035218
FR026003,0.0051806698394306185
FR025339,0.09708726072618183
FR022035,0.0069681398153140384
FR031946,0.004836401664447519
FR029605,0.006278506615265872
FR025270,0.006451258428253547
FR025527,0.011060764624278475
FR027719,0.02030450665266998
FR026521,0.005248926333097219
FR022669,0.013147245941722513
FR026655,0.09064224767572411
FR024022,0.008070998018688557
FR020421,0.00330447656685752
FR027620,0.034698106517726694
FR022449,0.03809741122537659
FR021671,0.012203291524176967
FR027545,0.008108313872654257
FR029233,0.012988475008041825
FR026900,0.0076886081685696595
FR022642,0.009527454575212145
FR020138,0.009346386469504423
FR026756,0.004038083369773676
FR029226,0.0060155197517074155
FR024020,0.011937609723276371
FR029690,0.0076795180783667
FR031277,0.012218301173178753
FR024211,0.005777249183325337
FR030492,0.013647923304270615
FR029328,0.018781730999781712
FR021861,0.006858677915902967
FR022805,0.028488629594180626
FR030841,0.010527677339591028
FR021905,0.009605967865303797
FR029410,0.0077804355403500265
FR028981,0.004383820554230584
FR021613,0.004260963270187381
FR030097,0.020519930787625356
FR028640,0.016618716049105937
FR028498,0.032684793615642325
FR028709,0.007777559689249844
FR030005,0.006117944127047076
FR021358,0.01242085460522841
FR022319,0.03472583578567405
FR024900,0.0035442880522915687
FR023440,0.00705486263314232
FR031474,0.010865947369792055
FR027161,0.008700217218783609
FR031861,0.006528068173612114
FR029282,0.013721519009667846
FR025949,0.006135920265966757
FR025190,0.011805509787772096
FR024973,0.04385498863451875
FR027397,0.05504114932030768
FR020496,0.005495989021899129
FR030251,0.010676035250418877
FR025171,0.006541465501433306
FR027147,0.02998345961474318
FR023279,0.006133896471866416
FR029099,0.003954728263130271
FR021103,0.8669759015519378
FR029806,0.010869661697646502
FR021710,0.009897966498203719
FR027660,0.006818183343794923
FR020788,0.08431046198814388
FR031262,0.004623326775808715
FR023615,0.01328665350510332
FR028129,0.008005256457431713
FR020544,0.06369477203801645
FR024925,0.007533386432192697
FR020370,0.0099209037713684
FR025695,0.01912837664680396
FR028400,0.007583400367499223
FR031742,0.007732671148916169
FR030014,0.011280056947996317
FR031919,0.006474536772032693
FR025566,0.002955601661603806
FR025018,0.22660158399024918
FR020861,0.010574457534532483
FR022196,0.023781789476970218
FR029103,0.00529468099316833
FR028290,0.004891644784799255
FR030049,0.008336876265042783
FR024574,0.012893877315908076
FR028347,0.01840319303872481
FR021100,0.0038152923605588953
FR030440,0.009690960350420913
FR030063,0.005666137003881631
FR023409,0.010199607615949449
FR027130,0.018259385279822793
FR023849,0.005483578474391583
FR020114,0.00729628730045386
FR021845,0.01587885630171756
FR027714,0.007741375116526164
FR029036,0.04974438629901231
FR027996,0.021498544763537665
FR026260,0.010634955923428044
FR031417,0.035815616140573714
FR020466,0.007384008153129227
FR031796,0.014885442540279967
FR024253,0.08120355908056984
FR027265,0.005761038851542893
FR021155,0.015139405033315536
FR020641,0.00506572311065454
FR026217,0.0031087044627303973
FR030127,0.005594262796198079
FR025509,0.014564680349968263
FR021495,0.009968924496885636
FR027443,0.0037693173373135624
FR030482,0.004365671494571392
FR020470,0.035752221941845345
FR028463,0.014117595550242858
FR023006,0.01006622805066211
FR025829,0.015073856041553488
FR030577,0.04221145622582744
FR022712,0.013340470385064723
FR025006,0.0047934099114439795
FR031002,0.009861066529019094
FR028377,0.0065469840923003024
FR022112,0.0074295204810736135
FR024840,0.007352775938692747
FR025685,0.026806242761463418
FR030825,0.00456584251825067
FR029889,0.004242859414237043
FR024427,0.007094935452572594
FR031498,0.014705667654581858
FR020412,0.039147116424791725
FR029238,0.00451586390957264
FR021250,0.004083509627720002
FR031163,0.013830426901289678
FR031902,0.011689338558563982
FR026888,0.004000309913676815
FR028094,0.006005452504951026
FR022220,0.004065665669214192
FR024291,0.012909940554705585
FR028064,0.011315612250197405
FR023164,0.1976390557093935
FR023728,0.008401574770472238
FR030416,0.009002062019434655
FR023750,0.013941828005688248
FR031515,0.021865955961984797
FR025931,0.025984644539929148
FR026727,0.004432800378486772
FR026470,0.011742187307323437
FR022092,0.008040822568938191
FR022913,0.008887077222262011
FR027132,0.011319581159405543
FR024998,0.018018650018728176
FR021726,0.00828940436840974
FR031940,0.02824418729124035
FR022981,0.004535494061418413
FR031172,0.008709714349566527
FR021882,0.01253112629912812
FR023708,0.02483882451136009
FR030156,0.014633196217027558
FR024264,0.003719433769229117
FR023000,0.004379131229887395
FR030552,0.028319287534909678
FR023720,0.02432950485198806
FR024410,0.005256783906330156
FR024394,0.00940234897885935
FR031986,0.008465431505874577
FR022701,0.008731726888152354
FR025560,0.0038100095360504168
FR027645,0.021005539193790022
FR028124,0.011819920143159237
FR030069,0.00543406475461712
FR024396,0.01540429658648552
FR027686,0.01157083444953044
FR020436,0.006009656522117753
FR023625,0.006188231784044343
FR023332,0.06345374675674217
FR022893,0.0049845981682869805
FR028403,0.005514010424831092
FR031760,0.006563412581339652
FR026216,0.006540199813742487
FR030006,0.00719840901963841
FR029112,0.029757805664660554
FR030029,0.011653147745810078
FR027925,0.007402183494524074
FR028395,0.003805540575129711
FR023116,0.008558943825166119
FR026571,0.018159668656754717
FR023388,0.027021096168536214
FR029857,0.017829601541988125
FR028081,0.004803714033134106
FR030094,0.03203191083538505
FR022031,0.004243847007302722
FR031026,0.003806023213618456
FR024580,0.008110093315546943
FR029513,0.00586462975321139
FR028351,0.006568154271268463
FR031057,0.057740082719539475
FR030298,0.007982063973050148
FR020754,0.00857863261178662
FR024104,0.017821932838899712
FR021628,0.008989553019893893
FR022847,0.010100564629164643
FR023416,0.0060442033041952425
FR024634,0.017731044374213505
FR024832,0.003741615408948949
FR025354,0.010027783268020698
FR023784,0.020285390532303115
FR021395,0.005348104094000411
FR024882,0.026775616986140525
FR020433,0.004013256267881326
FR021979,0.3846346917471486
FR030259,0.006897677416556033
FR025163,0.009737767274123595
FR029136,0.008686017722731417
FR023247,0.004787429058173467
FR024467,0.040220619058476924
FR031696,0.010899314525384238
FR023379,0.007068287367066871
FR024237,0.03800201679089548
FR022797,0.036374475101701484
FR030929,0.00543184418076799
FR027248,0.02398350821462312
FR028390,0.006813960262971
FR023771,0.005037921008596886
FR027676,0.09822097172996926
FR031923,0.008062601140336618
FR027104,0.006827780161088948
FR024342,0.016832057656412134
FR022990,0.04925545270237429
FR020235,0.009290711436331195
FR026724,0.007924357908501843
FR028767,0.012589034728285625
FR024249,0.00714876088248616
FR026525,0.009507282989690818
FR027713,0.009457375299527955
FR028418,0.025377642136943417
FR024139,0.011061703523056635
FR026194,0.00920891204959934
FR030800,0.0056547603780086565
FR028915,0.003929989481940914
FR021219,0.018211655772189233
FR020386,0.010946495214006573
FR020725,0.36436672690808297
FR022367,0.005164629142118985
FR029708,0.0050543124311694205
FR030958,0.006049130028628502
FR023828,0.004994477820617072
FR031202,0.010981049799398892
FR030740,0.009977266257960643
FR024689,0.00422329040531051
FR023073,0.011657709881696642
FR024147,0.00820527086671902
FR030407,0.020847819435293246
FR028315,0.006026545593544026
FR027436,0.015351968427519633
FR029474,0.0077061668376890834
FR025502,0.008146673866066554
FR028415,0.008556011869400103
FR025899,0.006415517265203889
FR020087,0.013790824259168189
FR030550,0.006007453353950966
FR023815,0.010344447614976628
FR027098,0.0057058263431209845
FR030414,0.008441431076304991
FR023287,0.0031695148816886834
FR025158,0.004929617123411353
FR022826,0.01027354259144258
FR031545,0.01473630475318342
FR031666,0.00927318348513691
FR024425,0.01226149929024616
FR029342,0.0056039447730403934
FR029606,0.012170269244848566
FR029056,0.003568267756537491
FR029666,0.008446802576301036
FR021981,0.01618964627100806
FR020478,0.003328835321025419
FR031154,0.005822181469860824
FR022761,0.009898883538439141
FR029669,0.012626512117862984
FR025057,0.005998081841996232
FR024402,0.006868438414564198
FR023113,0.01784384451587944
FR029329,0.007864718874794532
FR028114,0.005671652729750988
FR025039,0.004839494869665774
FR031089,0.0072854957005354356
FR030960,0.011508860332434572
FR020822,0.005964562342715689
FR023362,0.005470057155490982
FR031701,0.003103700894321564
FR026770,0.02076182471764437
FR029433,0.006158068371822264
FR023781,0.00790681289040757
FR025655,0.01013658780045546
FR028180,0.004103418172114832
FR021769,0.012364014214232121
FR030217,0.007539560690680384
FR025836,0.005498872946227912
FR020171,0.017092555597383575
FR020162,0.11938214945272622
FR023327,0.0049281331600076255
FR020224,0.004751393483471537
FR031440,0.014993322853959845
FR029424,0.008473516617845461
FR029441,0.011490274781042618
FR029988,0.013523540562851466
FR029767,0.0037334095334208574
FR021715,0.01172599317986844
FR023719,0.0689058593038802
FR022108,0.028807418475242468
FR021510,0.008829857040067744
FR020774,0.009023153791932253
FR031145,0.023572077534100247
FR026773,0.004971971245203025
FR027090,0.27358658961326404
FR029394,0.018028815620352738
FR026551,0.005071040744984572
FR028967,0.012590440890714436
FR029515,0.011644703656415022
FR026461,0.009400682607182489
FR029318,0.003320855822963392
FR027087,0.01620689961568669
FR024080,0.006693598907919688
FR025418,0.007596895421176281
FR031480,0.010996176727591513
FR027108,0.00490205367948198
FR021948,0.005422207015896907
FR027026,0.00505299995487801
FR025327,0.020807142483017595
FR029777,0.00628271709166759
FR024991,0.007325110694173032
FR030537,0.011806152463226983
FR025129,0.03258277077507376
FR026578,0.00594163816246365
FR023249,0.0031334320750596297
FR029527,0.012417332402677676
FR028590,0.012804803550048299
FR031595,0.00530595103684673
FR022107,0.0031594352051940756
FR031952,0.007012000160395063
FR030763,0.005496280428271891
FR021056,0.0055214422031561235
FR022477,0.007563309130180736
FR024493,0.006654549839220235
FR030290,0.006896152553348862
FR020430,0.007989772517387018
FR022235,0.004553938105609896
FR031361,0.00776402117680689
FR028201,0.0046681323642384365
FR026863,0.005542130916148187
FR031027,0.0063222906164360215
FR029244,0.009072910086806019
FR030408,0.014201557975328166
FR029104,0.020424378895024173
FR026420,0.004352160075383783
FR028383,0.008439096448925789
FR024843,0.00692643910422511
FR020159,0.01801902066858927
FR021456,0.05522291071010978
FR022211,0.003780336139775855
FR022728,0.004743223340774057
FR022860,0.012450404911726496
FR030739,0.017371064728313547
FR029769,0.015014365623746657
FR022241,0.7585701534051013
FR027040,0.018489928889944433
FR020604,0.07984760849852243
FR025053,0.012630311274530561
FR022822,0.004734379789319601
FR030783,0.007046125356771632
FR023844,0.012293242849293309
FR030032,0.022522291537283773
FR022350,0.02608609634941899
FR026685,0.003726872582701893
FR030571,0.019997712912980654
FR028877,0.007868387193151355
FR020906,0.004713617134298572
FR024004,0.12230263408988631
FR024502,0.005100270309961279
FR026060,0.003460257606857193
FR026987,0.006122775870106198
FR029234,0.024917244476070015
FR021528,0.004811198772152527
FR020397,0.01665374407707883
FR020381,0.0033017587241943687
FR025707,0.005021554965945372
FR030523,0.004917168717688761
FR020106,0.005915752970682228
FR031634,0.003678309038279122
FR024781,0.027497922761020942
FR029825,0.006743169128175993
FR020803,0.02046887227643695
FR028164,0.011577750487606172
FR026253,0.01028259720477045
FR029032,0.010549817571947418
FR026707,0.010989675355274812
FR024330,0.00910531354207024
FR024445,0.008724873140313071
FR029865,0.008329590543691798
FR021899,0.01333699975788114
FR024733,0.012760681726476028
FR024694,0.025080905842341718
FR021297,0.01431798452659574
FR024512,0.009400591484429238
FR021336,0.017789932454857174
FR031013,0.0115889196499003
FR027982,0.005690504539608301
FR031329,0.00538171497575005
FR027641,0.012635751811403828
FR031446,0.009032307921690014
FR030591,0.014938677509126277
FR029467,0.012936431372185503
FR020804,0.004998948601013646
FR024031,0.026439189976755574
FR025726,0.012085773503977488
FR026666,0.00587394707152507
FR022608,0.006527728602185537
FR022956,0.00817266408061398
FR023120,0.0046056413436698345
FR027644,0.010178739902137746
FR022885,0.014593068348322292
FR029249,0.01858734425290079
FR023234,0.01838422882128781
FR027353,0.005232240132865514
FR031078,0.03710397549126252
FR021079,0.005952086784418322
FR020583,0.005665242651622786
FR021259,0.005423776289697898
FR031012,0.030263755072507482
FR021589,0.007612295749559761
FR030641,0.004525997173443289
FR027765,0.016236853156474062
FR024505,0.004710606945041938
FR025688,0.019289564229381752
FR027871,0.010078008972526503
FR025392,0.00771558762420029
FR020261,0.00593961928595778
FR027525,0.00764636251549317
FR025066,0.007209915097556305
FR021309,0.020019117518497713
FR025503,0.00945279452516683
FR029052,0.010712655238593254
FR022812,0.006671384007538708
FR021910,0.005737155171121351
FR027662,0.003722836925983243
FR027787,0.009645563913117322
FR021492,0.3265705661480106
FR030270,0.007784946952141887
FR031009,0.03097163289537669
FR031140,0.009825771920956211
FR024214,0.012920148666172146
FR031297,0.011461649901529553
FR029847,0.0060014403949021095
FR024914,0.016705062247488696
FR024135,0.006912130380900427
FR030620,0.022739863241669593
FR030911,0.030470286500840493
FR021157,0.00467436435325609
FR024257,0.011559955564657503
FR031917,0.010668787341507755
FR030729,0.04948483272058327
FR021308,0.013917286344340049
FR020781,0.006074483488489464
FR022417,0.002513601039747125
FR022125,0.004671566966017337
FR023955,0.021953959209666467
FR024406,0.010626113540560816
FR022515,0.023927464785782473
FR025089,0.0029671115788629347
FR025421,0.006273177252878591
FR020801,0.01672054088463979
FR026802,0.008032212999566713
FR026207,0.0038731099263978504
FR024491,0.005597386413133993
FR030725,0.004701449338172265
FR023772,0.1079450503438373
FR024164,0.006587566127567441
FR024583,0.005381335018832818
FR030380,0.004536109166005497
FR028224,0.0092201344171527
FR022257,0.005394842733638912
FR027380,0.026169080084100634
FR027505,0.04737777434780281
FR025243,0.11172499348664558
FR029269,0.010373404035161012
FR029945,0.16680217498794428
FR024600,0.02313928765123438
FR020296,0.00417660751391684
FR020492,0.010876905813125988
FR027816,0.012285186219931401
FR022748,0.004971377726871743
FR030037,0.006669477751523487
FR027544,0.005968377694892417
FR022214,0.0041524671970399035
FR025756,0.0065075473379300084
FR031920,0.004007041540220138
FR028601,0.008360103525687964
FR022171,0.020026997592791175
FR020132,0.1056666130378944
FR022605,0.012321401285408432
FR026555,0.007231895049295464
FR027434,0.011636730369237753
FR031438,0.009394068660733208
FR027065,0.012459129120408346
FR028691,0.009804085025785322
FR031176,0.004247141907768502
FR021991,0.0546560959029659
FR020429,0.0055777070024341764
FR021985,0.1284691718487443
FR026290,0.005946824171412684
FR022278,0.009722261714009401
FR025609,0.028070772383998965
FR028951,0.009174279734859467
FR026351,0.014540690944223347
FR022330,0.029485677713350943
FR027308,0.0034046263082914406
FR029926,0.011104208951183579
FR020116,0.0045361663814568525
FR027449,0.009762794851878346
FR023982,0.017716205927348027
FR023492,0.005124059974879007
FR021827,0.007493884798325972
FR023413,0.025337707025141702
FR025608,0.015755228147624714
FR027446,0.021962793503899694
FR022883,0.006538659518234123
FR030130,0.009545395376669055
FR024130,0.0067958940536023875
FR029483,0.006084141447766578
FR029630,0.008625056334380491
FR024148,0.0031826084774501185
FR021679,0.016516849884700802
FR024003,0.005152308519869265
FR022341,0.01084659192854869
FR022588,0.024275391088989483
FR022100,0.1676514448603422
FR020493,0.023509473022509712
FR025385,0.0044609236221633975
FR020074,0.007295995923264391
FR030975,0.01901177835431283
FR020341,0.009225042033700087
FR029765,0.004318607923900025
FR023500,0.012527026668116845
FR026415,0.004336796890682672
FR023649,0.029939126444905057
FR030059,0.017372219616627084
FR028533,0.010240765368614707
FR020549,0.010029354529296328
FR022757,0.012790220075258926
FR020072,0.007281415120137543
FR022592,0.012330462969709544
FR025232,0.005537555264418162
FR026492,0.020748083519077636
FR030851,0.0449087938110038
FR027511,0.004612590793178336
FR024691,0.010174105711184152
FR021738,0.07190054300953083
FR020547,0.009109843745769914
FR024924,0.004706167075894988
FR027456,0.004798910822896873
FR020928,0.008672732239179675
FR021293,0.013852398528753607
FR023535,0.05996078692834016
FR021222,0.30546251092977633
FR027199,0.015776420494374974
FR024885,0.0075889210293940915
FR022836,0.004346826210778356
FR027054,0.021761055571257033
FR022495,0.01228587106495031
FR031783,0.007480320486699344
FR031527,0.005740909758383492
FR030280,0.022115202080259258
FR024146,0.018119663889661086
FR029810,0.027245893481092427
FR022470,0.00422373239999292
FR020934,0.02025567917898172
FR026449,0.010432587273801691
FR031561,0.007326167964059241
FR029418,0.006767946217963181
FR021834,0.014030568754870288
FR021634,0.015234006918077289
FR030106,0.013649380413831555
FR030678,0.041166502852085826
FR030158,0.014017488029665098
FR030196,0.007200960084219274
FR028629,0.0243050075411812
FR020408,0.17121733992490715
FR020712,0.005428198949385572
FR029609,0.006342963849251168
FR024909,0.007762422761461165
FR028502,0.0056387202450344474
FR030586,0.005623605757522724
FR020355,0.004749984829104798
FR020869,0.006614814079024642
FR029154,0.004498198003077198
FR027177,0.02270180022990396
FR024099,0.023947377779815367
FR024959,0.008304363848391824
FR020423,0.009966070917016984
FR020665,0.006556529700190985
FR022492,0.008597152741835734
FR025694,0.030213201106767153
FR030949,0.008913711350999186
FR021264,0.008052102887217565
FR027400,0.013877076933508014
FR024346,0.011484172956945093
FR027278,0.020930667361597453
FR020214,0.004854003944802792
FR030151,0.005202591468355343
FR027891,0.023010900814461457
FR028855,0.009871000431759272
FR029478,0.0075621085111303955
FR020994,0.015488700848912879
FR030471,0.01670817657073747
FR031568,0.027943706953796478
FR027274,0.020071104448895656
FR026137,0.007166679989327232
FR028167,0.02451897171692896
FR023168,0.016504526852119745
FR029491,0.00420938448911268
FR029724,0.005391922527726877
FR020394,0.020921120342207465
FR022862,0.008484488779132332
FR031803,0.005581223995987361
FR022133,0.008357729358185084
FR025310,0.005219458072481109
FR031638,0.012061381780197238
FR020858,0.03078051692976469
FR023059,0.042875586972286474
FR031346,0.01183032230866964
FR025673,0.007143510293533002
FR031549,0.00852286832651022
FR023425,0.009602954023992808
FR028029,0.018494452959101897
FR029961,0.1334552830299594
FR027181,0.01583964746768497
FR024999,0.003869282400992778
FR029351,0.02636529199535912
FR023593,0.0031449409076205097
FR021675,0.03115366684423221
FR030835,0.015693918947462172
FR023290,0.006754465405704643
FR022081,0.004438180539132927
FR022127,0.020324629028619808
FR031312,0.009469918392452259
FR024803,0.01143612026423013
FR031599,0.009011514114253393
FR020369,0.0035067470449561557
FR027277,0.008888132581194298
FR022740,0.012241859536944689
FR027047,0.007235320132635534
FR022994,0.01284263622230132
FR026754,0.01443192193707811
FR025523,0.014158630174110667
FR027371,0.006647236831273032
FR028634,0.017084777561322245
FR029665,0.0593124181217539
FR030152,0.005015144238155991
FR031192,0.0447415501840743
FR027048,0.015197497601904975
FR022798,0.028205582877023898
FR024007,0.004644247689386152
FR027341,0.004196800021680946
FR028850,0.028398583540614215
FR030878,0.007798225975956846
FR020231,0.008429984551395596
FR028205,0.012874517852379896
FR022205,0.006555697713912112
FR028799,0.01610293992960943
FR025578,0.01288165579783323
FR027237,0.009366379874683185
FR028552,0.007139833260287336
FR024980,0.035325779387805505
FR025488,0.007361875033140527
FR024922,0.1593903641280921
FR023532,0.006262492743855243
FR027236,0.007736437239572386
FR025334,0.008801337599964536
FR026263,0.010804510757143884
FR025026,0.004994029503211472
FR026913,0.025878688510455754
FR026188,0.016346547245224698
FR027061,0.021023691516995884
FR031713,0.008719238680382017
FR028765,0.004786391923771388
FR026279,0.008040346357223794
FR024386,0.014314638645312747
FR020596,0.016250940021111614
FR020046,0.01377569440860613
FR028238,0.005058200538735769
FR022117,0.0069246505346720446
FR023700,0.02129553383062663
FR021455,0.00923840780016505
FR029064,0.004935355331859044
FR025027,0.005335739088464362
FR026669,0.0066240989448805325
FR023507,0.00727910815696949
FR020221,0.004446131328472505
FR023190,0.005456870889880254
FR023478,0.011343647256432835
FR029047,0.007044565640371961
FR022759,0.022701964642255924
FR025886,0.00567446019323801
FR024672,0.02610893296921944
FR024514,0.005602169340588835
FR029166,0.010569701685164202
FR031066,0.011557911478973174
FR028142,0.023944074587475998
FR030723,0.02689631692616231
FR022713,0.008497548257917344
FR027189,0.007082251333143534
FR029779,0.8254249247067861
FR024542,0.009720572103876113
FR024994,0.007578307970997758
FR031067,0.006575227339030869
FR030410,0.006238244073394475
FR028483,0.005528002137046024
FR030654,0.019855198783708235
FR021433,0.006439716943346609
FR024087,0.003894714264562693
FR028732,0.03509254604470538
FR028504,0.016179568683660987
FR021240,0.07174670281180331
FR025721,0.00646102849740395
FR028608,0.02988073854575351
FR025370,0.008305143463240218
FR022082,0.030382136691752198
FR026189,0.0036778303865385455
FR029643,0.0035825192161384176
FR027945,0.005993247006132732
FR031090,0.004575361532694775
FR026716,0.01625456467606435
FR031320,0.00316813210535333
FR028914,0.009992773865675843
FR028526,0.0048147369665837375
FR029190,0.012920857607017527
FR029295,0.007754144436077528
FR021378,0.0056578381725881964
FR026235,0.009397672878233797
FR031997,0.0034775925630895
FR029758,0.010709738952877258
FR023487,0.08999903967783436
FR030857,0.007146137374741718
FR027981,0.008537931857323336
FR031095,0.0387449357318433
FR025681,0.014904727323069064
FR021464,0.011214163931155425
FR028908,0.006359298936442377
FR027179,0.016477039817729373
FR029521,0.004097631628618414
FR025268,0.008582296208405634
FR029687,0.02477657078186097
FR026286,0.007944456590862958
FR021144,0.18666311159557097
FR024767,0.008059072123165263
FR025008,0.010413914436214448
FR024470,0.006046150095120118
FR026507,0.01934489014446651
FR026858,0.020949939103282845
FR021684,0.003435812941684781
FR025633,0.00447847603163447
FR031863,0.008444715620586175
FR030931,0.004149613868817037
FR022979,0.005042158596146524
FR022735,0.004731113961387582
FR023578,0.010957764118010423
FR027289,0.0059653609674675135
FR030056,0.0042503638066613714
FR023732,0.005081372055618611
FR031574,0.19122036430561443
FR025563,0.006562322750931529
FR031315,0.007247332988572041
FR020561,0.010242691658650832
FR026393,0.0046022032091724945
FR023933,0.007761444355103386
FR024740,0.006841075590157132
FR023138,0.011363053668107814
FR028539,0.007081165884954101
FR024201,0.05742807180487508
FR031695,0.0059879611899177985
FR030505,0.013077374415508169
FR024071,0.006646013908412599
FR024861,0.01712852557436459
FR030100,0.010056785315685175
FR030730,0.0071738024839846145
FR029874,0.0048097173401882905
FR023339,0.010593127724424802
FR026864,0.004488528399336699
FR028591,0.0040636340269219005
FR029334,0.006023618442999965
FR030645,0.008914864522019391
FR028440,0.02396427819210232
FR030430,0.01635099634125131
FR020098,0.006043202580453355
FR029057,0.0035716064611436603
FR028739,0.0063485965407158495
FR024525,0.013626298350051727
FR031929,0.012984538468010712
FR022473,0.004644819784037847
FR027180,0.007557075915673221
FR026956,0.03309666998130737
FR023052,0.008242775524792568
FR022578,0.011250624923842063
FR020066,0.00563915568903888
FR023029,0.01469704505426179
FR031805,0.04591622672424953
FR029775,0.049950509943400924
FR028783,0.0043729477738875065
FR030707,0.007960239574253136
FR021121,0.01854484152887447
FR028838,0.007416682200634986
FR027323,0.02058236927015387
FR028652,0.009361267370615234
FR026714,0.0056994165633604595
FR031042,0.015393818841521176
FR024709,0.007765369200548232
FR027836,0.004078195193776906
FR020318,0.0050831362924349775
FR020570,0.0070292445093507825
FR024038,0.008996753337939398
FR024136,0.01034471475024239
FR024046,0.009221090924924898
FR026192,0.005449520635684185
FR028079,0.006985680412243437
FR022344,0.009343007005370985
FR024424,0.00643728648563506
FR025839,0.01488090137065593
FR031764,0.004417250986583605
FR027773,0.009697495802278478
FR023810,0.01801529096724557
FR020105,0.011301464851911575
FR021490,0.006285440197933872
FR030162,0.004530970183577272
FR021659,0.008786608553491171
FR028217,0.014751628527671246
FR025867,0.007871057777842838
FR031689,0.03867014681826207
FR024714,0.01178870776720654
FR024783,0.004234038176395396
FR021902,0.010108006367063587
FR030450,0.005454350094972814
FR026095,0.008250895513250738
FR025771,0.012732268385672468
FR025382,0.006749129971501738
FR030244,0.009382070815603015
FR021929,0.005917760099237415
FR026566,0.01754178366113614
FR023459,0.003706429701470084
FR028435,0.0507545670885841
FR026191,0.006194415519598524
FR022356,0.005397532742789385
FR028690,0.005187749854840697
FR023524,0.006410290431125306
FR022137,0.010653556345966686
FR030561,0.007960544526335569
FR024112,0.004804719859168095
FR030188,0.06594264617410536
FR031873,0.010445992205588868
FR030605,0.008177662461280683
FR029465,0.015511140146133482
FR025391,0.008267990236255868
FR020818,0.005057299336636525
FR030765,0.022373019331449938
FR027035,0.0045528948897043345
FR030684,0.0061645519408207545
FR028458,0.004656191018678214
FR022299,0.019813245594470598
FR025443,0.007237766383325702
FR030972,0.003880168673775246
FR026664,0.013076893264931593
FR031959,0.0069048315130703876
FR025410,0.09270381156691451
FR022469,0.006251047043678987
FR030882,0.00637065691243628
FR026963,0.004704388044898196
FR028566,0.0058490384608561544
FR026509,0.004046508967244883
FR021461,0.005263415865238116
FR029254,0.07796112426834394
FR029938,0.016278320939010153
FR027737,0.029354761028288056
FR028032,0.010150292863609519
FR021364,0.01649817228749665
FR021493,0.021331583108504713
FR029776,0.010137568228451306
FR022219,0.008238766622937557
FR028261,0.004559976371430794
FR027748,0.02885878255641954
FR022483,0.009728106389802623
FR025751,0.0166352597862652
FR021145,0.007247607087195766
FR023685,0.02384179544116232
FR025445,0.007597968716919619
FR020536,0.016160177232649658
FR023995,0.0033932830797148684
FR020909,0.005917488372500087
FR029184,0.007936315218790457
FR025467,0.004440634126367794
FR031883,0.0058660091898428204
FR031932,0.06917992998622735
FR021657,0.006433651566317085
FR025204,0.019243102283377965
FR024698,0.010908988039711753
FR021616,0.009497220240001533
FR020256,0.0053854371623339534
FR022922,0.0064028900083127425
FR021700,0.012733659629030827
FR026541,0.01025824082876465
FR021964,0.006806390357221118
FR024484,0.009147925657843364
FR020556,0.013253352948579733
FR030796,0.020151440605999132
FR027888,0.008541314373003477
FR020798,0.009216375766011125
FR024446,0.0071664038941256294
FR030685,0.003605249921735325
FR027078,0.005359382797946466
FR022425,0.007445539597251877
FR030947,0.0043384502796393
FR029852,0.012325108935345663
FR028555,0.008601946179200081
FR029732,0.008246000590957012
FR025767,0.022297042629212806
FR025329,0.014847366415317148
FR029492,0.0054387190599260275
FR022789,0.004664803417142029
FR028031,0.010758480087375562
FR024805,0.01508384605468647
FR025119,0.006575937248760384
FR022620,0.06006555716283089
FR021471,0.01181405224780355
FR020475,0.006662987273829468
FR020576,0.005662127492529769
FR022774,0.01648364002951081
FR031785,0.003912045884903213
FR031800,0.010896506855137204
FR028112,0.019878983287911395
FR022676,0.012484496173586289
FR021619,0.004447309921405062
FR026597,0.013013205972614461
FR027889,0.010625678630984747
FR021496,0.017943853813064695
FR024172,0.006420540035809956
FR025746,0.03247910395546491
FR022178,0.016649641253885218
FR023118,0.008194227095402178
FR020751,0.008367968153202971
FR027103,0.011717503627280263
FR021507,0.017955229453185624
FR030827,0.006022228933771064
FR022551,0.016743603545107972
FR023913,0.008480685157673036
FR024334,0.01641972921468766
FR020431,0.012161660502770356
FR022292,0.00664644105936337
FR030036,0.005398138290377119
FR025220,0.01663776195798395
FR031750,0.008374866099714032
FR020740,0.005276857764181903
FR031626,0.005122698623195957
FR025649,0.006996421638373745
FR021276,0.03220679946095577
FR027879,0.005080203658440136
FR025453,0.014658517876123883
FR030999,0.004812087540687644
FR021558,0.011019809339638854
FR028361,0.024576956764541375
FR020705,0.004688794266393659
FR020070,0.025871318536500588
FR028040,0.003443712709188746
FR022664,0.005210551687886424
FR022863,0.008194628086353059
FR026836,0.013237789467847257
FR029111,0.006158301342003683
FR027208,0.01089996343561457
FR031079,0.004841435708715957
FR028454,0.006721405336883711
FR022527,0.006585656552520131
FR024852,0.015900255693418158
FR025647,0.005698271114119505
FR028340,0.01398438076099338
FR028544,0.01176294530345286
FR023486,0.030698533974508786
FR022652,0.027945203686912546
FR020281,0.05141243738938537
FR027704,0.004452703730064969
FR026874,0.021970029550688632
FR028039,0.014949146098553079
FR028203,0.008703743943463965
FR031439,0.03111471058320973
FR029563,0.02200758523042457
FR023725,0.008322008589689718
FR021993,0.012163360170886933
FR028136,0.005857733310006884
FR022497,0.008622416667018564
FR022704,0.005684691585542269
FR028119,0.00496129823117115
FR020845,0.004020946338938109
FR031554,0.009033130301527269
FR030087,0.003933201581729134
FR021813,0.013157391328220348
FR026725,0.008132444639893679
FR029389,0.006421903678652747
FR027732,0.006915396405440729
FR024078,0.012730447552944352
FR031915,0.0029829372510321622
FR022051,0.004258635046871122
FR031212,0.005781399455749346
FR021904,0.0037980646188001143
FR022833,0.015309650638860944
FR025561,0.005006869177666911
FR025550,0.12666922813060794
FR026841,0.005458341689709368
FR023673,0.010908022323707814
FR029893,0.07972017656521727
FR022607,0.0037502139313654636
FR029879,0.01593059755872604
FR029179,0.018145535353228562
FR028776,0.013794921943655409
FR023854,0.003393822878453099
FR020644,0.008380237957106022
FR030801,0.008679379707381894
FR031860,0.007094431939910356
FR021482,0.005447335159934523
FR020733,0.006047878372176934
FR031898,0.004313639182393417
FR030012,0.006299936706974702
FR021106,0.016603312837259777
FR028218,0.005261862791596002
FR025568,0.009020952082505718
FR022991,0.020197020776811923
FR030351,0.005711906612886679
FR025088,0.005568237277392682
FR020742,0.003238207087229786
FR021346,0.004817217139740534
FR023706,0.0053940379922980015
FR031579,0.006559744094625265
FR027461,0.03259794289582642
FR021383,0.02064468227421171
FR021965,0.00834695850967557
FR023823,0.005201419438982531
FR021919,0.0056563811961004695
FR030803,0.003767359968190801
FR031313,0.003989079775189861
FR022733,0.017158065090643822
FR024455,0.01518017726190785
FR026102,0.06614716528446167
FR026887,0.015512412413258667
FR024903,0.008931679065626178
FR025154,0.006411662187167178
FR024419,0.006357524785826943
FR025853,0.006942975134049237
FR024608,0.007770911409980451
FR021003,0.006570703306208304
FR023552,0.0053794413312880495
FR021852,0.007236744194594793
FR031890,0.00552236723811991
FR023465,0.01003661925970328
FR030075,0.018760010660372285
FR026295,0.007087254323262332
FR025734,0.004564995115788231
FR026752,0.021915012735881857
FR023565,0.01459322857573927
FR028379,0.037816279690029056
FR028481,0.004967076546291059
FR029043,0.024679847432918654
FR029667,0.021998258986231135
FR024067,0.007992925595032124
FR029750,0.0052633874884982735
FR024262,0.005581210939622535
FR030227,0.010711882459271628
FR025397,0.02566033140662848
FR024968,0.004190935460881689
FR023789,0.007487411634354543
FR029178,0.007368615040473414
FR020918,0.030744724362640814
FR026921,0.056377743910877444
FR024626,0.013534444571828383
FR030479,0.1535722223237615
FR030810,0.006965752895621064
FR021268,0.006535396532700697
FR025079,0.03124238697994543
FR026080,0.0059704164343561805
FR028265,0.009581986849148306
FR022528,0.003934654175879522
FR030269,0.011112832267871488
FR030017,0.006586198099242993
FR022542,0.009650182966623655
FR025959,0.031933021789921995
FR030937,0.004964098094056598
FR023383,0.0034761009355658385
FR023262,0.05578651510271917
FR028942,0.008448892486437763
FR020852,0.006402488557736565
FR025712,0.006416726278552396
FR028464,0.015488043893409496
FR030480,0.00343410160519115
FR026599,0.015704713569551887
FR024722,0.005148560947698154
FR020145,0.011632855672060346
FR027320,0.0056182642980535345
FR029944,0.022459712396848134
FR026058,0.004116959745804505
FR020780,0.03143274689941207
FR023381,0.006190891532365293
FR031137,0.00803291740619279
FR027120,0.01139628817169306
FR020744,0.0887286090001351
FR027167,0.011493984852936987
FR026856,0.010246787373825792
FR023564,0.02656016536173029
FR030602,0.0038295961271565147
FR029673,0.005323530985355169
FR020312,0.011935713941917227
FR031279,0.015654609209813115
FR030015,0.011523011232721075
FR029377,0.009448455518758067
FR030122,0.01461631436740882
FR026893,0.0036213931544451525
FR024867,0.01045377015822244
FR022467,0.007012619959296756
FR027861,0.004795248360308622
FR021690,0.013297383083218997
FR023521,0.0057840930148004965
FR028293,0.03179667202151955
FR031454,0.05216706980900456
FR030677,0.0066579480719820335
FR027401,0.005891025944064322
FR027589,0.01698462917527719
FR031225,0.004561229350366307
FR028193,0.16791578753356712
FR028556,0.028063471604685242
FR028938,0.021094048527798018
FR027223,0.004291942944948779
FR024329,0.022909622023725797
FR030531,0.06139129240570784
FR026329,0.02289777723328653
FR029531,0.29655306705205026
FR020684,0.010717464597503033
FR021058,0.010965758224434389
FR028529,0.012019778859489433
FR022550,0.01254654432652195
FR028636,0.008915673877243718
FR030502,0.007847989978484373
FR025656,0.02335780609426489
FR029502,0.005401395835778782
FR030066,0.012381113142994097
FR022625,0.014325318186258257
FR030689,0.01331485694423822
FR023396,0.014192195678254294
FR027275,0.01748218449102585
FR028961,0.008904000999848411
FR028714,0.044681229003933856
FR028282,0.00873691053266068
FR027170,0.004760921206364583
FR028170,0.01875852428275755
FR029827,0.004209050824614642
FR022159,0.007199215957524117
FR021173,0.023471656349762966
FR027975,0.011680414908160543
FR020015,0.005290687655202465
FR027909,0.010420413560786036
FR029509,0.007685307152790072
FR031411,0.00651084771550447
FR030665,0.1454425782901066
FR030237,0.02672527755510028
FR022363,0.005720858521570062
FR026024,0.19343534742365484
FR022597,0.018693579710200022
FR021267,0.004452343719819183
FR023103,0.020348788044547518
FR029058,0.016954325839005135
FR026686,0.00793411246024689
FR020290,0.007263242613270188
FR027578,0.01161001960535341
FR025013,0.004114102104660529
FR027711,0.0056958341573383016
FR030624,0.007318985157454563
FR027399,0.01605392489037586
FR030282,0.007512952980447428
FR024622,0.017964067105249337
FR022840,0.01003195164154146
FR026209,0.00745904521731484
FR020716,0.01658384702123259
FR028865,0.008895437697247984
FR022199,0.008940219648033269
FR028575,0.0057959800683383255
FR021860,0.006767234381611286
FR026203,0.10676340752250568
FR020709,0.02049277987684766
FR023378,0.00792208348095724
FR025559,0.02381246342037665
FR026594,0.03420795651167399
FR031717,0.009660946581573446
FR021120,0.00989878824846515
FR025279,0.008139540734469198
FR031343,0.01734457198792803
FR022829,0.0050535808658025054
FR029156,0.005633348088373518
FR028751,0.006700015825556302
FR026568,0.004096297450318654
FR022447,0.005382407633813894
FR028294,0.003336946392375073
FR022252,0.003301853089167136
FR028791,0.010906051225733977
FR030924,0.0033710589678204615
FR021696,0.009224753198114336
FR026805,0.013202110975555372
FR026416,0.015504885997469903
FR023858,0.006648993398661267
FR024844,0.005053398221797048
FR020571,0.008211633805925643
FR026654,0.006370198333280952
FR031664,0.0070450879378704786
FR020367,0.0039780896054488635
FR020071,0.004133519585098855
FR029493,0.009777358821522152
FR022919,0.009318907363635482
FR027688,0.0036846004387641627
FR024751,0.023984792867428318
FR023117,0.004293257697374458
FR021062,0.0070139166415308955
FR020951,0.008229805030246054
FR020410,0.005871917311781641
FR031884,0.007013914677309473
FR026223,0.02850057784039651
FR026316,0.004028419467801119
FR025314,0.006644187534325231
FR021689,0.005579481912080979
FR023623,0.03760576725187367
FR030153,0.006037368518647785
FR029210,0.056764195831493426
FR028793,0.05159562077102002
FR020349,0.008564648956736434
FR024073,0.021341745449692466
FR024543,0.0345926909062524
FR026154,0.014048742110949572
FR031702,0.7775474321662534
FR029655,0.0074927424193054785
FR026964,0.007662413434599254
FR026979,0.010710486963259234
FR030369,0.02332880441850894
FR028267,0.006348945046841759
FR021604,0.03476309375071023
FR029289,0.004368650488190541
FR031738,0.013120106377507731
FR022265,0.007804989229883324
FR021753,0.010693208266333545
FR027542,0.005035733952933445
FR022294,0.02412404848805191
FR024016,0.004776118107234208
FR021908,0.0096832023459382
FR021895,0.007318907568431131
FR028685,0.0062101130025523825
FR031309,0.005269607910336644
FR026366,0.0065537223041222375
FR028251,0.3122675691096396
FR022548,0.017926954068579443
FR030711,0.007708331202058769
FR020485,0.005347765737284751
FR028781,0.004834239809042852
FR023643,0.007690809189327584
FR020832,0.01795644633728235
FR030447,0.009056246061219686
FR028041,0.0033418783547448892
FR020923,0.009019988317849264
FR031918,0.022366978045826758
FR030141,0.0052072225800115736
FR024466,0.0036834228379103912
FR026738,0.011130624089116848
FR031178,0.025646187617384176
FR020990,0.009441852755754921
FR031712,0.2618142963026325
FR031231,0.013214153050328036
FR029209,0.07575274827527911
FR027958,0.0039727445143602665
FR022531,0.0048003319070156385
FR030265,0.018821607990517804
FR024338,0.004046208547265648
FR030279,0.0072436906154542124
FR023300,0.004548639533455306
FR029678,0.009185162301974817
FR031682,0.03222597060063131
FR027597,0.009938006224739398
FR022848,0.005348382598525646
FR021010,0.017465671283343344
FR030821,0.005448856605753798
FR028452,0.005592609505014546
FR025640,0.013038361052055678
FR023491,0.015562093550155665
FR027133,0.038934042210876554
FR021870,0.014016485733376726
FR024179,0.03004812607340591
FR025925,0.005472800669020906
FR031856,0.003715614787913505
FR030303,0.010291084673292688
FR023352,0.012443868878391749
FR030108,0.01004021370605627
FR030985,0.02573178948490546
FR023917,0.004132328252148758
FR027513,0.008769634357584564
FR025099,0.00966949389113614
FR021721,0.04326180718326349
FR030314,0.009450409218768644
FR025228,0.004840729476603068
FR030664,0.004566152281315328
FR029922,0.054290608861109105
FR021592,0.0582277951882705
FR025740,0.027370886361506107
FR023033,0.006621500712171852
FR025496,0.018597184979066376
FR029002,0.021507222918511572
FR025292,0.015642093832968402
FR024061,0.006511642138201918
FR031880,0.01356769221984432
FR030223,0.005571923676885587
FR021533,0.005396215242259009
FR030534,0.009261003701258205
FR027569,0.020487052232957645
FR024723,0.03201197400444282
FR024899,0.003078392750151047
FR030849,0.13591152951229934
FR029366,0.010626996987748341
FR030773,0.03218662772820351
FR023100,0.0072403192008880495
FR028531,0.04666817724428805
FR030357,0.006209614835108316
FR024897,0.004023458342955382
FR031222,0.005359572469560109
FR023420,0.005627983552374501
FR024238,0.09885493348696314
FR024637,0.004332687591922624
FR025599,0.008219247712750784
FR031660,0.021584568261075184
FR030761,0.024963624026838122
FR031581,0.006493995825533855
FR029968,0.02769191807839515
FR029725,0.004433305490680618
FR026205,0.017865816850767963
FR023663,0.00800249657206167
FR029911,0.006417303428859153
FR023329,0.00969867764358863
FR031494,0.0074917522980213844
FR025366,0.014090480992412991
FR022565,0.007574200489613237
FR029557,0.11352912602140171
FR031251,0.008411870753988951
FR025159,0.035774361627966246
FR030096,0.009530742326843927
FR023181,0.0062092836799971
FR031199,0.009334899919062275
FR029105,0.0050235577336208235
FR024800,0.006616084950859484
FR025880,0.003471891702692488
FR020685,0.011117657594844198
FR026766,0.005062862887856278
FR030712,0.0056140949705682855
FR027151,0.004532691349113771
FR024833,0.006622022517095738
FR022779,0.008738594401373524
FR020763,0.005282194153447415
FR023790,0.004387577132842121
FR025626,0.0072553793167507985
FR025774,0.02146289610069857
FR024508,0.0039842642531535116
FR031038,0.007967456859906533
FR020883,0.03811088510645008
FR025572,0.007202874401456535
FR029744,0.007609539844411062
FR028828,0.009499189400854788
FR025859,0.005452559665894459
FR021403,0.013955239560281751
FR023022,0.007036259260172836
FR028943,0.005690886289272534
FR027866,0.035744870061344455
FR023299,0.023622510091759474
FR031190,0.011565368175881153
FR029041,0.02233123541642315
FR024982,0.0035306800777443817
FR021951,0.004973113810144435
FR020748,0.008428074446898096
FR024891,0.008307501701885465
FR025187,0.0037756379589643915
FR026637,0.02299345867127194
FR028262,0.004725504005424366
FR028724,0.00770391581138156
FR029403,0.012209756605716143
FR023011,0.0045197212626167695
FR031400,0.007934815570978308
FR029693,0.00575073332599361
FR025606,0.006024949651226038
FR020872,0.012020875059784723
FR027910,0.1322953013046323
FR021907,0.010772440406279725
FR026629,0.004454059330501963
FR023712,0.006433045388462134
FR022054,0.01196609669953977
FR027754,0.006964214976853779
FR020030,0.03519969511004002
FR029723,0.02534678989649657
FR021131,0.004411216609443276
FR020173,0.006204355635634716
FR021437,0.022982840037066986
FR021432,0.0073643105446172235
FR026414,0.0062505936038412535
FR021059,0.005991173074541491
FR021518,0.00961008094738497
FR020461,0.021739358608186866
FR024341,0.018018821211432237
FR020661,0.00551921228811966
FR020877,0.01728720315157791
FR022480,0.004044832145537148
FR026552,0.034282911466456276
FR024198,0.015303178734480543
FR025274,0.007853850640369168
FR026791,0.03288275718123628
FR020586,0.007788556423770332
FR028343,0.01806809967690292
FR024557,0.0462513260868906
FR031238,0.02656693948245676
FR023257,0.005054228361490235
FR031237,0.005509808600261765
FR022593,0.015194783396459553
FR021457,0.04504861673702706
FR031156,0.009528448176738678
FR021189,0.004884942389817081
FR024667,0.011126684415159047
FR026483,0.059803404514683314
FR027802,0.010035227359031052
FR031537,0.01634680034282341
FR020880,0.003893368347399783
FR025042,0.01886181004524328
FR029188,0.011735029546277614
FR031723,0.011022840716893903
FR025978,0.012439597729757048
FR026356,0.3518214792970332
FR022719,0.025321795166330947
FR021370,0.012919123891970896
FR026112,0.005985315856398522
FR023850,0.010434949002761939
FR023749,0.005189405271255489
FR030489,0.0050372479605935785
FR020152,0.007746221292816685
FR027007,0.01121341267754012
FR026607,0.009396447149840587
FR028299,0.007947695475502937
FR022413,0.00820976207331711
FR020753,0.006593022922079009
FR028378,0.022775079516634107
FR030496,0.02167100766448196
FR021751,0.013461121846125263
FR028686,0.014985082257530157
FR021060,0.004938121541892125
FR024718,0.008498371608134327
FR023657,0.02311822593767691
FR031034,0.0181977371330078
FR021460,0.00717534138071962
FR024222,0.01955834438638218
FR029305,0.02231626922294902
FR020402,0.009760392157498535
FR029622,0.02311679470325447
FR024005,0.03127285271486552
FR027163,0.0059117795515364864
FR029790,0.007984146718695278
FR021130,0.01002984317594752
FR022870,0.009110509183396506
FR029320,0.005455081677858231
FR028554,0.004745693808908894
FR020052,0.08292758482607707
FR026164,0.006011201376663598
FR021204,0.0063879572067729
FR020703,0.00472474355712857
FR022422,0.013512491345819532
FR021725,0.027606015054088794
FR023515,0.011598173023834816
FR020747,0.00932292493395239
FR030573,0.005917818586443765
FR030637,0.01008091718466038
FR025693,0.006916987286061396
FR025494,0.007447559229073799
FR029161,0.007674132076779966
FR021601,0.011219201515061648
FR030164,0.014563667585606737
FR031003,0.010920308809012335
FR021648,0.009001933639881162
FR023302,0.0075718013575009095
FR027718,0.06666393330132647
FR026530,0.012393727191114907
FR020331,0.004844982173530939
FR029692,0.07251321849133899
FR031729,0.007618565366538976
FR025060,0.008214524328312319
FR031073,0.007178937766621726
FR027598,0.03911449001000154
FR027560,0.04414127172387348
FR030741,0.00477875162932117
FR020202,0.00582177054598221
FR023101,0.008475112613765948
FR020041,0.004294135924543039
FR027792,0.018132162390117595
FR025452,0.01471719519637106
FR022040,0.004760115405976342
FR023514,0.016235872550946138
FR024808,0.004851964166133683
FR029964,0.007601057699933881
FR026847,0.0219698786497886
FR025600,0.006572744881434908
FR027567,0.006340544645110328
FR025174,0.013738874944240819
FR020873,0.028755145460064625
FR026870,0.005688396024074955
FR027357,0.04258827951191553
FR026505,0.004229417139648065
FR021595,0.006811832755919794
FR028902,0.02446574065245327
FR025146,0.004151753432820329
FR024889,0.007717542266722971
FR024935,0.005127480868951313
FR027876,0.009328498994042481
FR031787,0.005922353667309729
FR030060,0.004591440490771851
FR027110,0.014478077606643016
FR030016,0.04296533000396037
FR031733,0.058121722541387554
FR029129,0.006868995301657558
FR029482,0.042379631108739706
FR021602,0.014491483549593401
FR025234,0.02965358921178493
FR021179,0.006723476737148874
FR020978,0.016118416135614287
FR030053,0.004491306386201928
FR028050,0.016142402290606737
FR029615,0.006883167060251003
FR024558,0.01051106029001593
FR026833,0.008597491913651095
FR028537,0.013683956685677243
FR022758,0.005711687505352292
FR024418,0.00435766207750717
FR023198,0.0031472186489574943
FR022151,0.007215036918577439
FR030626,0.008921645016113065
FR027003,0.10273688153403435
FR029904,0.004015466507922213
FR028577,0.005604293977745201
FR023669,0.015195914171429823
FR021022,0.006011667237821478
FR028372,0.00989950118698298
FR022706,0.004181493461054764
FR028106,0.006076870605439159
FR031276,0.005770346803299022
FR024612,0.03800622976932811
FR027860,0.03183163704359056
FR029594,0.027317444176829842
FR023550,0.0040238924588395664
FR026658,0.007531568645335438
FR023032,0.0028071961746281484
FR023799,0.015865615332895523
FR023277,0.005709921302431142
FR021840,0.010075158483175143
FR025795,0.007908997511743097
FR030640,0.01389799904681103
FR028868,0.0070165570008679165
FR022010,0.007660359271579213
FR026660,0.004561621292031132
FR026124,0.7087096067831726
FR030476,0.01092081638533254
FR031971,0.004397148977987574
FR031679,0.007074163613801735
FR028882,0.005725144495473835
FR022962,0.006546857245151047
FR027083,0.019896407368809533
FR024943,0.2674811467680537
FR025137,0.0036736136804817903
FR026849,0.008510009990370191
FR031422,0.0069353382108745506
FR021209,0.013399616410491222
FR022723,0.008465558378251067
FR027483,0.028319582150388833
FR027041,0.04015767595954321
FR023304,0.006385048902753013
FR023014,0.011118298997033472
FR021152,0.08077992141722642
FR025948,0.013485238459178314
FR023233,0.004476495109089743
FR030215,0.022525113604471726
FR031193,0.013793350982124844
FR024444,0.05900814601013882
FR029845,0.818727992356939
FR024278,0.032508710027183786
FR020238,0.007350906262791962
FR020435,0.0070129226760464345
FR027800,0.004440497429666486
FR022444,0.051894312898306594
FR022333,0.004956560692890876
FR027328,0.008180186744523437
FR029813,0.009638369946104453
FR020782,0.06383031165421657
FR026337,0.00919520320852857
FR030211,0.004825608782498841
FR025434,0.007446323766913766
FR024343,0.01361725175816895
FR027526,0.0259304441746125
FR028248,0.048614833216861685
FR028143,0.03253272890807302
FR020879,0.0031996357317589396
FR020090,0.021006572185961855
FR022326,0.018673584828437926
FR027376,0.0342503653295883
FR026288,0.02503231432911466
FR031728,0.021456328654164393
FR031788,0.010681691403342287
FR023737,0.013400230789706497
FR022184,0.008105607621711836
FR026429,0.009593870542972276
FR024799,0.007685817658970047
FR023009,0.007703995279914662
FR025912,0.0063349553553706806
FR030133,0.007614781347048047
FR025663,0.003375071556673502
FR025160,0.005948045440311149
FR028501,0.004417288097630749
FR025667,0.006584668153261569
FR031248,0.006668423146239678
FR030090,0.013118091901909124
FR025045,0.009647139347154311
FR026406,0.008027895390463512
FR024789,0.006212264701859269
FR020516,0.14597188194618876
FR020688,0.11541040399568839
FR027896,0.008081022986086029
FR026457,0.02836662099724378
FR023701,0.004702393467069081
FR029848,0.011822114175842871
FR020043,0.005296054867110912
FR029149,0.7773791543661478
FR023030,0.01596398112034625
FR024561,0.00647878768089827
FR021356,0.01577736284075163
FR026079,0.013193650704000175
FR023095,0.014307773279216052
FR023112,0.024289321868373036
FR028934,0.005510652371432274
FR021458,0.006121785592308304
FR029470,0.0070926881019834406
FR022174,0.008575383656888026
FR020208,0.010346172616336188
FR025205,0.01340589418553107
FR027937,0.01619942222661135
FR020476,0.01922367662955656
FR026169,0.004026008763942036
FR029587,0.009217520294641965
FR027285,0.004589741755971463
FR027847,0.00824577855578311
FR021223,0.013813143514783974
FR028841,0.01886317257079125
FR026573,0.005525926510144613
FR020403,0.0810808883533333
FR020378,0.0053967052806219735
FR030932,0.014572319520855748
FR027281,0.0074424546002972965
FR028093,0.007020781107757172
FR030642,0.27080456885359105
FR022659,0.006431766798338863
FR030695,0.004168961574378944
FR023086,0.00606452307913114
FR025679,0.00471110448393835
FR025804,0.012248591710116195
FR029367,0.004994355136186965
FR026808,0.008516409592053058
FR029611,0.008498738115438368
FR020251,0.021126572956913642
FR026511,0.017600405363376245
FR025030,0.0067793622389057655
FR023926,0.0034180208343507464
FR031536,0.01564086598308984
FR031351,0.005576287462613072
FR021046,0.0030911798853320177
FR028323,0.005643071674417656
FR030326,0.00665019016923471
FR030233,0.011780716453386537
FR025213,0.013681775686985804
FR024144,0.008266480495676843
FR024715,0.03904054156719423
FR031771,0.011049486413145586
FR027912,0.009996836921733107
FR031403,0.06941079372765682
FR027138,0.018246608965766926
FR031371,0.03683687924791288
FR030022,0.008431244240847433
FR028505,0.010701373996760449
FR023453,0.03765789029244086
FR030264,0.00802293645255917
FR020123,0.022687999063115655
FR031969,0.004278626573801787
FR027825,0.011538958392347025
FR031896,0.003388385814363272
FR031882,0.007194449046170991
FR021430,0.00508832302471093
FR021027,0.00839518950666292
FR027993,0.005212471817525198
FR022273,0.017130768484017112
FR022290,0.04316624194938527
FR022738,0.0064767208983388235
FR022564,0.005988672413188352
FR028789,0.010627271461376129
FR020626,0.012255289191385563
FR022462,0.0040741230053692404
FR021788,0.027065087304785164
FR026767,0.028655914219463268
FR031901,0.008949588981852576
FR031538,0.005329099548907216
FR029554,0.004099507004386106
FR031047,0.01393923517359363
FR020215,0.02061376154748471
FR023438,0.01615373106490505
FR026237,0.004492015284383743
FR024002,0.003276081696257379
FR021094,0.009944405099635147
FR029237,0.016553413336851126
FR024692,0.013453683848665476
FR027519,0.013263326657771241
FR030903,0.004499352178651784
FR028766,0.008498272744611714
FR031672,0.006895683877024448
FR030627,0.020470111900700465
FR027924,0.009786780361238544
FR022349,0.016314850264303498
FR025648,0.004577362346853471
FR024311,0.012794177636799093
FR031083,0.014988483917597726
FR021470,0.004418041357523013
FR023458,0.00555884124133132
FR022555,0.015336927735603172
FR024848,0.02474763526940404
FR028775,0.007775553001450034
FR022855,0.008837630594052046
FR027874,0.009950132853838344
FR020816,0.006303422715283132
FR023787,0.0045179771834219645
FR028785,0.003128523445413324
FR028469,0.10843482417653896
FR031433,0.006901835665499514
FR026908,0.00793313437583201
FR020555,0.005008403161988912
FR027311,0.006711162710485208
FR029707,0.008461881847469373
FR020109,0.008961340021409353
FR030971,0.010612389151954768
FR027188,0.008640865639078463
FR026234,0.007828410361448745
FR031811,0.012695948378291305
FR028357,0.02404343874768221
FR020498,0.13616890105745746
FR031749,0.006058310240788972
FR024025,0.010167257766439983
FR027105,0.009629458516340013
FR024209,0.004576249511861291
FR031525,0.011125647864928614
FR031470,0.2510148316961692
FR031180,0.005428422144798726
FR024616,0.03382932047549682
FR028443,0.009291924536330511
FR022380,0.051619055712256424
FR023336,0.005063839457263327
FR023543,0.006210688003451814
FR028183,0.011234977573165175
FR020353,0.013113767437953042
FR024382,0.019303022456365455
FR029137,0.0074290807346846675
FR026314,0.02239721547847113
FR025758,0.026927481017605566
FR024619,0.010114840298931376
FR026811,0.08934741748972111
FR030930,0.006973652528568401
FR021625,0.008302195213375321
FR025914,0.1497094268807987
FR020158,0.008885745173497338
FR022118,0.005696220969568425
FR022749,0.010540532746705522
FR031257,0.01047518541901066
FR028830,0.010809028098286476
FR024013,0.009761834227248162
FR025216,0.01234307631435996
FR029151,0.008153679939545853
FR020981,0.0061321674562762425
FR028586,0.020899741448657992
FR023840,0.01051106422175321
FR025412,0.010940856205142294
FR030468,0.014031521770483571
FR023145,0.008619012894742952
FR022183,0.01816282245347748
FR023573,0.005969967542536118
FR025073,0.006279331051966784
FR029414,0.030058305000414138
FR024286,0.019279055588549365
FR028703,0.02655066453126076
FR030305,0.02004667615180729
FR027901,0.024418638218508832
FR029021,0.03327182813124301
FR024720,0.004938882449166421
FR028471,0.010220283154788845
FR028962,0.00724013882260043
FR021044,0.014806483528538607
FR021168,0.10269099225996561
FR023914,0.015217344070895719
FR026474,0.005149224542894468
FR024916,0.005088492155931522
FR031166,0.006337222116283553
FR022967,0.028057246891045506
FR031219,0.007976048389666894
FR025893,0.01533641267675177
FR021322,0.04355305213527825
FR026170,0.006597319497958998
FR025495,0.01216908715400918
FR025411,0.029081719396544452
FR023740,0.008740147882395298
FR025875,0.018067720251601735
FR028320,0.0069063367650601904
FR029559,0.012101064880905097
FR024195,0.03113093704565959
FR022674,0.009540161614142442
FR027020,0.01023349637899866
FR030648,0.004194974603083593
FR022229,0.00665526174196249
FR028665,0.01252256827914013
FR027388,0.013191785657176328
FR026096,0.021340124163592624
FR031236,0.004001236421578562
FR025580,0.013505628053518598
FR022352,0.08727513302077025
FR028270,0.005614018012930558
FR025068,0.01845362229776839
FR020368,0.027784723433708674
FR025025,0.020658944980187003
FR030114,0.02089946538664362
FR022973,0.01101693197899718
FR028308,0.007680293753882049
FR022282,0.004703474817780647
FR025933,0.026446656037537698
FR023904,0.029338779116213597
FR028910,0.01252271687526268
FR026342,0.06766543414429008
FR020987,0.004034159074993305
FR028345,0.009678479155938093
FR031206,0.006207849827124471
FR021085,0.020913467718888287
FR029243,0.015667589849904177
FR028795,0.005805350553332685
FR027433,0.009443509329102569
FR022063,0.023878346212615968
FR031160,0.012221394786144955
FR024961,0.005937236401027182
FR026885,0.006550036937309299
FR029583,0.0030244255302143623
FR031602,0.005506687227904414
FR020548,0.005579673758787163
FR030253,0.027959176479608848
FR026482,0.0035174966920173264
FR029805,0.005562734905923776
FR026837,0.022810242154408585
FR024553,0.09132707024811024
FR025840,0.01827012932841808
FR027673,0.0052100631538432775
FR023655,0.004168638294468967
FR027742,0.024913383782541938
FR026967,0.02322103943904809
FR020977,0.11815873704065036
FR031981,0.027402700661767393
FR024498,0.01110168338172807
FR028212,0.005086053081593279
FR023716,0.018914124093871325
FR021799,0.011362604827150185
FR023065,0.006459841347843759
FR025868,0.00482620627039028
FR026325,0.003598060015631603
FR023471,0.018838140573110482
FR025587,0.009008046527989715
FR024096,0.00436932227419814
FR021180,0.005087422501917689
FR026890,0.00321541994943672
FR020530,0.030640602644420024
FR030604,0.005994198802848393
FR025280,0.006311141746499613
FR023829,0.005824155217406626
FR026036,0.005779042237559859
FR024731,0.006607468493475427
FR031639,0.010250201421440433
FR023146,0.003814772254981197
FR027921,0.00676620397772458
FR031378,0.005704613845487601
FR027617,0.040542851975509796
FR025239,0.009227315253597804
FR028988,0.011582396372485983
FR026051,0.004006773113721593
FR020608,0.09074265011814064
FR025036,0.004260811557398013
FR020698,0.006782093764343565
FR025227,0.005922963611834611
FR025680,0.00984504296607043
FR021762,0.010471859115269832
FR022521,0.01925659554893901
FR021730,0.009509744096238115
FR024037,0.008417118609829091
FR031520,0.01294566883423695
FR022762,0.007008611879671431
FR025141,0.01713938677691302
FR029929,0.0151590480471473
FR031819,0.00499642945514654
FR023603,0.014802115395134322
FR020842,0.012170816772417176
FR024697,0.008896684257493803
FR022420,0.0734436638390058
FR029460,0.006532427823536977
FR020952,0.007911473746744755
FR029989,0.005248019654290998
FR024216,0.005120135281269993
FR030797,0.011218947212932618
FR020967,0.3560077095918855
FR021623,0.005056397831707318
FR026384,0.01259607354585617
FR022906,0.00336003851140143
FR021900,0.015843237166965708
FR028389,0.017309493337203365
FR023124,0.004161238685821156
FR031855,0.014784890187332547
FR023292,0.008804145110534763
FR031519,0.011019502079397458
FR025567,0.04265311498187944
FR026672,0.012449062587656297
FR029684,0.003423904457501617
FR025750,0.005331605145275152
FR022227,0.004023262121945569
FR020113,0.003931669592087754
FR025500,0.008848584766083665
FR020314,0.006779237040019484
FR021605,0.0066597170663720475
FR021971,0.023770761351163842
FR021547,0.026141374127365103
FR029033,0.005662644167222286
FR026430,0.019540855706111797
FR021341,0.006222174978141413
FR028405,0.004788902902122237
FR023650,0.00820675869594078
FR029360,0.003924002526137662
FR029054,0.07032499256313392
FR028424,0.0041384100546205
FR024699,0.006826583594787191
FR024684,0.01356765026867075
FR025284,0.013123678187298487
FR023357,0.020548129956568722
FR026952,0.006253050228456633
FR021077,0.02227254991644227
FR029984,0.009272197311580757
FR026075,0.006003406608957164
FR024323,0.007016815502965049
FR025762,0.024863053289094522
FR028713,0.005068004018591796
FR024598,0.00707778649900731
FR028163,0.007653449473857732
FR024030,0.025938767322694838
FR023920,0.004781057527247214
FR023715,0.008825130759268615
FR025117,0.009317389155129908
FR024599,0.0058243008886105395
FR023680,0.02859577529318332
FR028507,0.022848410410318022
FR022864,0.006080350142658747
FR025271,0.008349449617300619
FR024417,0.004664727158500881
FR025420,0.004385041696775878
FR030434,0.02114832642394065
FR022853,0.0031261414995452674
FR023814,0.01641829355012825
FR023949,0.009759839816299631
FR031165,0.0038036766692855655
FR029966,0.00915063560508666
FR030848,0.01590732993475523
FR021377,0.031625088112812
FR030173,0.006386416223367608
FR024460,0.007601087142657626
FR023212,0.012857176511885537
FR026343,0.012350288019887341
FR031724,0.004196662794547609
FR022949,0.00456562867874752
FR023377,0.011007479823982386
FR029217,0.0071795985722265185
FR031144,0.00784615326533176
FR027292,0.007008719653815073
FR030368,0.4215175043007962
FR021206,0.009850884310807276
FR023337,0.009804276209033019
FR020333,0.013904564365470426
FR026278,0.014493485990275995
FR022168,0.0035869830730267684
FR027144,0.005655407786179546
FR025219,0.0059720826600743555
FR026486,0.022273207606321923
FR029495,0.004586710697227249
FR020662,0.008388475674859078
FR028884,0.016733198471701526
FR025032,0.05049480959669165
FR025904,0.00789340301624079
FR023037,0.02314004506347016
FR029407,0.009987173047919731
FR027979,0.027881163242325223
FR026718,0.0041314402341767476
FR029526,0.008951444512356126
FR027821,0.014968610213942935
FR030129,0.020514037454501144
FR022357,0.004802012421051003
FR027646,0.018364426539813204
FR022271,0.023327458341266788
FR021428,0.015998138830485627
FR021491,0.04491324034355569
FR027857,0.00596728101059524
FR020676,0.021864550859974553
FR029471,0.057499445559665095
FR028647,0.03685056059814991
FR023026,0.0058965990654755674
FR024778,0.014073151561970582
FR028230,0.009978588156944218
FR020799,0.009065065439484765
FR030914,0.0095337701773409
FR026621,0.008964558517531987
FR024151,0.01704873863279508
FR021235,0.011735675821975766
FR024001,0.012408357486605027
FR029704,0.021834867671675993
FR024952,0.004464160199593269
FR026277,0.005113551597494703
FR022304,0.0144881277592535
FR026338,0.061659530376881946
FR029396,0.01909436392888488
FR030386,0.009364735336819034
FR021125,0.007742155881631102
FR025387,0.6372657423799408
FR029381,0.031430430354357344
FR023433,0.016292493248493762
FR023980,0.009280453136324019
FR021354,0.011133524480006415
FR027389,0.046409050012485145
FR028020,0.015238351042291548
FR031318,0.0037327704860346
FR026401,0.015021253459603997
FR030898,0.009331504767915961
FR024529,0.003055749373871473
FR026946,0.006955933311729795
FR023094,0.010151484437670744
FR023586,0.013418385859866613
FR028632,0.005318539717232744
FR020248,0.008548815390856382
FR026954,0.02748466231437533
FR020243,0.004479689983132114
FR025153,0.00639267556169201
FR028911,0.009034253273819645
FR029265,0.005784216060789953
FR024428,0.003494953748945974
FR030799,0.004023489202404944
FR031828,0.00648393376939677
FR026298,0.006907834435809189
FR026843,0.01056286154401271
FR022498,0.0073066229890872535
FR021503,0.015995127031577565
FR031834,0.014203136257665958
FR030547,0.004236590826795514
FR024041,0.00670646848330515
FR022814,0.028498039853357332
FR023316,0.022082624374811784
FR030283,0.029303810870482533
FR028427,0.009427986546876009
FR026514,0.008827739593934462
FR020168,0.019270492989974165
FR021435,0.01467401441727249
FR021916,0.023687813832885644
FR027784,0.017538197788684283
FR029956,0.010519115128263493
FR024513,0.025716141988151798
FR020645,0.040335561596489614
FR031275,0.034658453969955025
FR022288,0.09644261635693699
FR027634,0.0090304859520268
FR030371,0.007696550048822655
FR020992,0.0056309243681075
FR020005,0.006510667810191139
FR031905,0.011036474494158411
FR029931,0.0038018441021097117
FR024907,0.004216618496103398
FR023002,0.009624331125672923
FR029863,0.00635670480786255
FR031243,0.004787616140689226
FR021041,0.008775104381927893
FR026281,0.005324794369695681
FR024474,0.010324228188996476
FR020648,0.015277840112306007
FR024225,0.005881181800369609
FR028240,0.015777710816042966
FR030104,0.010862358648746476
FR024788,0.020899557023672553
FR031677,0.003159065654675569
FR023484,0.008727675023222952
FR022665,0.04041080843532667
FR020899,0.010614113750452018
FR027004,0.02631533424905149
FR029802,0.005449373960268219
FR021718,0.006320791240463465
FR021585,0.009127578970548323
FR025396,0.011150334227854485
FR025012,0.024509277044591188
FR023460,0.05466702908638217
FR024797,0.004918688368312879
FR021115,0.004735349285093758
FR031255,0.21076628867654912
FR029294,0.004996844230459032
FR030989,0.03256493128598619
FR023414,0.08138486938129262
FR027997,0.009264781069820097
FR023953,0.004487397646256541
FR025393,0.013502029823579842
FR031414,0.004581245084040561
FR020050,0.00904454216279417
FR024890,0.025704370804125392
FR023648,0.007254590655240492
FR031564,0.012903772579692266
FR030117,0.004424578845413051
FR027284,0.005480362090418758
FR021263,0.027368245190567863
FR030202,0.005762824528167721
FR027529,0.007978991935276208
FR031958,0.008177740687559722
FR027764,0.11361574635761355
FR021896,0.01584486827000294
FR021708,0.008552239257530953
FR025065,0.010578318225648158
FR025256,0.00393073538164927
FR028730,0.013302012049795756
FR024668,0.008754706639075089
FR023607,0.015110699526359845
FR026536,0.0038205193472501753
FR025722,0.0031033891276896013
FR023250,0.01688159745597545
FR025953,0.021421681727151014
FR029705,0.009685793038911858
FR022629,0.0035627452092651486
FR021656,0.011525483068581314
FR022004,0.014153400238798691
FR026662,0.008117874379584509
FR031097,0.019425551516842186
FR030018,0.004572821791534757
FR020056,0.031773087414057266
FR020961,0.01037688975311345
FR020702,0.008391270200033439
FR030150,0.006573799513274643
FR031483,0.009733262173016899
FR024905,0.012146099290274326
FR029370,0.0114256584890847
FR031393,0.004916372329198935
FR022036,0.00816357197988116
FR030411,0.015208707985885311
FR030394,0.008790342924185122
FR026284,0.006173073602909992
FR025691,0.00870470586066617
FR031817,0.008797112450650832
FR026502,0.014280922953241315
FR020044,0.016411628429909883
FR023410,0.009603773223185234
FR022687,0.014961393172182643
FR023793,0.008740315188387028
FR024360,0.05523452129292862
FR022489,0.03119999879915561
FR030635,0.0055358226028936145
FR024110,0.009817123386447264
FR021567,0.0052052205833053745
FR028264,0.005593566285711135
FR031162,0.010844770250363794
FR025763,0.024899358770843476
FR031714,0.00518838179214382
FR027066,0.004138031360032777
FR021192,0.0033884931937091974
FR029321,0.005075974252410457
FR024790,0.03745556733618999
FR024240,0.014774723210510654
FR028133,0.09661499963694335
FR029239,0.013598123618160596
FR023077,0.025170084113257895
FR029082,0.015207848493484133
FR020455,0.005234293634891356
FR023295,0.0211254198301775
FR027361,0.014666368680852093
FR023560,0.00574467536672098
FR021361,0.011677921930002121
FR029575,0.007829622266673532
FR027887,0.37423172326986265
FR024377,0.03627444984994481
FR031103,0.01142569030841314
FR031179,0.017159078608057477
FR020666,0.00437089698912828
FR020091,0.009075983059324262
FR024383,0.0054595331995834035
FR022397,0.003849537345750558
FR023441,0.006850794197305647
FR031992,0.0038318685407051434
FR029571,0.009059616607032858
FR028607,0.02260520580025791
FR025425,0.02082669472458269
FR029044,0.005290015922083642
FR021368,0.027481362835538026
FR027417,0.0038446229093058427
FR028154,0.011558043136345408
FR023620,0.005427174182316507
FR029937,0.009852081276510025
FR023351,0.009663862416808581
FR023043,0.02357273833598783
FR024371,0.02998452090973805
FR031836,0.008562666611910033
FR023878,0.006127147878802417
FR029092,0.013779769400791318
FR028669,0.02215780947525047
FR022272,0.011643347192072667
FR020949,0.005304436405055425
FR021425,0.013574930342151629
FR030838,0.007230108403224439
FR024177,0.006399357898176717
FR022780,0.005555222975926759
FR020110,0.03345322310347794
FR030713,0.006850486482989958
FR025415,0.004319784897848509
FR029930,0.00841137858039632
FR021502,0.07862962014559731
FR023264,0.022155477291067077
FR030509,0.009282324001630022
FR027411,0.003990337681163665
FR023803,0.017886373554565453
FR025903,0.00439604634302819
FR023313,0.00702470785100366
FR026010,0.006141119153534614
FR026332,0.01244138177999841
FR030048,0.020148112586133447
FR026865,0.007881623017970666
FR022787,0.006682690156448241
FR029084,0.005696714425313153
FR029324,0.003949881444359449
FR024496,0.008837224289623365
FR026616,0.005586859921401245
FR027600,0.0059163189759274025
FR021236,0.011309348953253189
FR021796,0.009785845487434325
FR020339,0.007864207893789072
FR026659,0.0038921167790388995
FR026702,0.03091103882823726
FR023021,0.014677213438679814
FR027250,0.0054138685926948
FR030010,0.010957379237344645
FR030203,0.026531254468109715
FR025759,0.006912501270448805
FR020569,0.004256459608982899
FR024801,0.006727354699421276
FR027749,0.058667719243008086
FR030033,0.006352643087250871
FR031984,0.004355097044959162
FR031718,0.006231767708115518
FR020082,0.02080887061836737
FR023792,0.008374597622948005
FR021301,0.03818775920576203
FR030963,0.009059944383670294
FR028542,0.03205859287079579
FR028495,0.01186541703968762
FR026094,0.031002647217232247
FR024273,0.0077744013933616464
FR025184,0.19366042968642364
FR021485,0.010065154916518501
FR030574,0.010243251717789123
FR031227,0.011974040046364076
FR023928,0.010661475372483816
FR020420,0.010581639830728979
FR023045,0.013689026452678988
FR022057,0.03492690187906997
FR026820,0.012301968747792668
FR030519,0.013507685369292841
FR021777,0.008365097215230096
FR025982,0.014283381742154294
FR022729,0.023349401611993233
FR021745,0.011390972078650573
FR027771,0.01043497376069251
FR025998,0.008822440322309957
FR021376,0.011344969740499377
FR024276,0.03516696961493197
FR021150,0.008236452279527845
FR027240,0.0031294655733419157
FR026528,0.01088971324913913
FR023699,0.025418325163294564
FR025635,0.009411513085029102
FR023338,0.011878645378198957
FR021325,0.007870924936262567
FR029608,0.008019084759098603
FR030607,0.0044101080230175655
FR030379,0.010227711072927768
FR029081,0.01192451413371552
FR030109,0.008176065434783804
FR028095,0.026303481408683927
FR030488,0.018091710543322554
FR030426,0.014137340505583592
FR020624,0.00639246429142762
FR028993,0.02092090336743844
FR027355,0.004376746632772417
FR021691,0.004294309564483365
FR030240,0.02196581169681361
FR022355,0.007591698575129676
FR025214,0.0215217571656234
FR030254,0.003328407321959971
FR022992,0.008890855096487463
FR020450,0.006546607798118146
FR020187,0.005285881805853185
FR031416,0.028145105412683086
FR024159,0.006244590404820586
FR025652,0.0059123880313026594
FR028645,0.02249159561568935
FR022839,0.004858675078083832
FR023599,0.007635565313339959
FR026784,0.006234689485033485
FR028338,0.027170432806768684
FR029413,0.005747738898622458
FR026892,0.006134928505547236
FR020965,0.02118124677776786
FR024499,0.11624163266656144
FR024888,0.01791936456679308
FR029522,0.027840859322804314
FR028864,0.05163995846766904
FR023477,0.004496240748072449
FR021865,0.013384450622078405
FR020810,0.013555624189079837
FR031576,0.020887036608372288
FR022440,0.004189538813820621
FR020567,0.00931020645896688
FR027587,0.005091590696849285
FR028517,0.00405010820311881
FR027000,0.007651906521897643
FR024207,0.009111306637106211
FR020266,0.007735071370534847
FR031975,0.010113438003033801
FR021544,0.08370224490098861
FR021687,0.003871566457364446
FR023040,0.03824054435040255
FR023813,0.006395293486264772
FR020851,0.03923700630502175
FR027330,0.00491581652946366
FR031448,0.008750059436112526
FR031295,0.15721931818269938
FR024356,0.021774567087626512
FR025591,0.009508957204148285
FR028287,0.018368796513542365
FR024066,0.010330510309360405
FR026758,0.006730082859475711
FR030148,0.015108201389563258
FR030510,0.004310359474704291
FR021548,0.005258584305268929
FR025035,0.011716637465256663
FR024475,0.021212967798608106
FR029628,0.005379271465647519
FR023891,0.013589050307924127
FR027951,0.006264827168127549
FR031904,0.007234023576706258
FR024075,0.010663195402707092
FR030323,0.01907006798819587
FR027232,0.0055725674536421365
FR021401,0.007628201340352301
FR031651,0.02892453430013951
FR029406,0.009031592678383656
FR025215,0.005325301686182198
FR026307,0.007799269298617353
FR023439,0.011442578624043017
FR025377,0.019015572884612662
FR026651,0.05120687415843879
FR031134,0.007616518744970593
FR029880,0.016774746142686738
FR030746,0.0059254901657246825
FR028827,0.005417351490701947
FR027499,0.004441300954064682
FR031040,0.012962852579802805
FR026123,0.013602670475302694
FR030466,0.06219643613083688
FR026577,0.007075837682152688
FR024217,0.0141365271112976
FR021666,0.007376763815444788
FR023605,0.005791396988690307
FR024898,0.005997087009129381
FR024228,0.004795756106627533
FR021319,0.014728304436731562
FR021394,0.016263521119716153
FR030722,0.009966605148377824
FR026294,0.014124275108699577
FR023582,0.0034954950939140054
FR022399,0.00580050766532928
FR023401,0.027869563879650627
FR029208,0.005299695790736116
FR023755,0.009462100519569347
FR022619,0.020288262247414635
FR030514,0.0108184180105368
FR025090,0.013123175528019393
FR023873,0.006423780635126028
FR027329,0.030139229231399934
FR027738,0.010471073425272811
FR030549,0.01902615251938863
FR020628,0.005257379054467203
FR028881,0.010077572659030462
FR026832,0.03959384813883639
FR025457,0.013814557398208563
FR024831,0.004592177317271951
FR026047,0.07750082250278821
FR031589,0.5846082282664893
FR027234,0.005465416598743024
FR028825,0.012465428469579005
FR027675,0.007559544666833627
FR028506,0.014665204418405482
FR025277,0.004240351364243297
FR030061,0.008125306368233557
FR021961,0.007002111484366252
FR031106,0.013162043056265801
FR029604,0.008299330912286951
FR025661,0.09180606843256364
FR026632,0.0064597971493683655
FR029646,0.004782613260298348
FR027724,0.06177349371617034
FR021166,0.0095569858341129
FR030497,0.03240088428231532
FR021706,0.0082905851583537
FR029994,0.010068095795391006
FR029469,0.003242964626706801
FR021239,0.016218242983431472
FR025451,0.005585582005864241
FR029264,0.013939971094164852
FR025956,0.005866645965273227
FR026121,0.005197585159400717
FR030512,0.08324678051125403
FR029050,0.008070081128153888
FR030919,0.006766281779946243
FR023127,0.0340448428967805
FR021836,0.015555422921481155
FR020076,0.014500491263206827
FR026596,0.004975045121648361
FR028983,0.0049996959206123825
FR020520,0.01612564589439395
FR024449,0.010728873628452078
FR029404,0.007716730626870162
FR025318,0.014429087802326202
FR022170,0.00879218158573534
FR026452,0.010834303446603253
FR029110,0.006442700738790412
FR025579,0.005375192944536764
FR025003,0.013249286951392537
FR020523,0.005735493789800995
FR031423,0.006674993339117678
FR029909,0.0052389671884729705
FR030609,0.00448233223543414
FR028547,0.019466716788451376
FR029641,0.06795693047048698
FR027812,0.007766809600045485
FR026788,0.015321955415332465
FR022424,0.005953272741095664
FR026582,0.06094317655442929
FR026064,0.007573641793310109
FR021379,0.00605908922850247
FR022029,0.010310419236064182
FR031725,0.057415079314627915
FR030183,0.01557523301947512
FR021953,0.008893561799823304
FR026522,0.007004443659661125
FR031645,0.007682967565224613
FR025917,0.026972895447022728
FR027652,0.004626345761921502
FR029991,0.008193705522793648
FR020525,0.00718764923033167
FR031953,0.007055779293441329
FR024749,0.007554500185985411
FR029277,0.0065908702483775585
FR022247,0.0033088689630751287
FR029311,0.011824734685070238
FR031437,0.006630707355106442
FR031827,0.0054964818892373115
FR023363,0.004966565614175493
FR029397,0.006146094682945394
FR026425,0.014823797944320599
FR030463,0.006821653002068694
FR020682,0.0051961148122856154
FR030330,0.006637042595208473
FR021728,0.00566407021421937
FR030622,0.0035212583615263334
FR025372,0.0042831626280322044
FR028103,0.014102908413509987
FR028309,0.008353450254851555
FR031502,0.006628603596620325
FR029236,0.00473824894747024
FR029027,0.025929494242890684
FR024358,0.014301621872900072
FR022011,0.019903001101778013
FR023231,0.005747401068829622
FR025456,0.008890737245778163
FR022932,0.0074220643320046156
FR021451,0.0036693337089013004
FR026190,0.0048089970810494915
FR022724,0.009132852030747785
FR028449,0.12498629498912002
FR028989,0.005057197400818365
FR020855,0.013636703999964778
FR024183,0.04186973204191593
FR028105,0.006812795890681479
FR027717,0.0204719253456845
FR022280,0.004926813712014585
FR027553,0.004516769596708956
FR029240,0.00844665292683018
FR026553,0.01065715942689531
FR021039,0.010134177948001297
FR027325,0.0132533215916868
FR028826,0.004330688396300875
FR020505,0.03695687146910743
FR025992,0.0291139138511533
FR022894,0.00528988579436006
FR024465,0.006021511041900878
FR026440,0.005534014646216233
FR027438,0.013648250395740299
FR021015,0.009515595595075458
FR023044,0.006576052304391752
FR026786,0.008587525261824182
FR026241,0.00919737804397154
FR020572,0.007352543897875559
FR027025,0.00737305200533678
FR026409,0.008907716723759989
FR025394,0.004408715820047883
FR023096,0.005306472941629187
FR021078,0.01619285514794073
FR030614,0.009376657818117565
FR031835,0.005335264320500665
FR023968,0.004792329368972009
FR027607,0.05321417944565236
FR023546,0.00556266624073917
FR023104,0.014410752456278486
FR026344,0.051888430458324045
FR028965,0.005115677702873402
FR025364,0.010367474216114819
FR022419,0.06750386745169726
FR026539,0.010786529289309382
FR028969,0.005224021383002558
FR020508,0.01622980518033972
FR022666,0.0054009025306166625
FR026056,0.020712631467623487
FR020443,0.06383976289848028
FR026282,0.007843541608356866
FR028886,0.009104890338925304
FR025362,0.004407304725432203
FR028534,0.01499348601659054
FR025440,0.05249391120923548
FR022691,0.006458614174166562
FR029838,0.012728788747539388
FR025977,0.005753235212885461
FR027112,0.010625891887211433
FR022926,0.04025555586730202
FR026357,0.010837482377451574
FR030400,0.012269685570918901
FR025830,0.010643191001438802
FR031591,0.006616525518488822
FR028179,0.005555463935030822
FR023952,0.02424674140259889
FR029552,0.006353486214431452
FR026214,0.009646611474893754
FR021963,0.08031850042960056
FR020009,0.008327340175898765
FR020554,0.00486214131435616
FR022192,0.008013532823491577
FR030329,0.0030093521256483206
FR020749,0.016701395055994352
FR025979,0.007390166938391415
FR024893,0.018800661668406583
FR027142,0.003918549002919876
FR027391,0.012906278800461362
FR024492,0.029965733107796377
FR021118,0.008118952946922432
FR025881,0.01903441484274604
FR031306,0.00562604449188348
FR025359,0.009042697037564832
FR023513,0.014313333499648213
FR024528,0.005702823182727923
FR023652,0.01693172014547375
FR027904,0.0033264847081687495
FR028532,0.02249820241348998
FR025499,0.005777869632006109
FR031282,0.03467909688142959
FR028381,0.005056738679275069
FR024150,0.012668807345928035
FR028462,0.012110917668944069
FR025907,0.00627126316089117
FR024141,0.015362339530338349
FR026547,0.014574832743681213
FR029935,0.0037113267607090084
FR028161,0.010808029864737839
FR028909,0.007675463237909243
FR023818,0.014154297062438028
FR021357,0.004197423343620162
FR031245,0.00503694971239777
FR030171,0.01494156532977337
FR028670,0.013191416117655907
FR023666,0.012479760860661316
FR030107,0.12713426424529048
FR021989,0.006357648803442735
FR023508,0.004773997028126443
FR027863,0.019772286290364392
FR022095,0.013529522011570715
FR024299,0.0077129983882909415
FR027174,0.007063364082160859
FR030594,0.015091767390313255
FR029855,0.0072896055356818186
FR030124,0.01591636320823027
FR023950,0.006472624327076061
FR020448,0.004812180961889239
FR021636,0.010880479687521687
FR022122,0.01769793554609415
FR022345,0.00466246880925634
FR030738,0.018896844321459376
FR020985,0.004220116470501745
FR022119,0.015308834066812438
FR023539,0.014178248520788386
FR027521,0.008550734596046793
FR022393,0.028224737634560498
FR023948,0.011042065293233176
FR027819,0.006500021418256311
FR022764,0.017377303955481392
FR028280,0.020382315774884564
FR020800,0.005973100789511672
FR027358,0.004372863705984854
FR021967,0.011017435314611116
FR029117,0.008588619097737404
FR024106,0.0074395390025397065
FR027202,0.06805228247560743
FR022916,0.005348421598672988
FR021841,0.013079738303567665
FR024352,0.00758101279010776
FR025363,0.008619586906842778
FR029160,0.009062961941305335
FR026090,0.012559093915734659
FR028824,0.00495845959883972
FR020399,0.004837265759746821
FR025427,0.005471417409308069
FR020935,0.012336777371042915
FR026065,0.009956575099220906
FR029003,0.009814371806528907
FR024378,0.0031641512070846437
FR031548,0.018232188441122933
FR022577,0.012447927619615492
FR031931,0.03202348382252759
FR023200,0.010075308031870242
FR026796,0.009673067256130489
FR029223,0.005858257896561417
FR022404,0.010663914727491777
FR023447,0.004136498144679882
FR030137,0.0032179397783901388
FR025923,0.034218377807972725
FR025172,0.011957847642957934
FR029972,0.007830235643967507
FR027927,0.030568634782549307
FR030619,0.010939590881512211
FR024379,0.008410396729868359
FR030998,0.014359350408266709
FR027489,0.8284872646277612
FR026855,0.006440942533323724
FR025612,0.031139689727849557
FR026398,0.01135073939485838
FR021431,0.019031658510964194
FR027336,0.06801368953535325
FR024704,0.005762508292380113
FR026014,0.010695512102145945
FR026141,0.008497683432145506
FR027734,0.007990864438142314
FR025226,0.007772572937794825
FR025189,0.014873510660990377
FR023577,0.004622368125145529
FR030310,0.01956304022465828
FR031426,0.031193121986204542
FR028380,0.004545107361140694
FR031523,0.003838463144382194
FR030058,0.019566369647813806
FR021522,0.004477073705076686
FR026013,0.021801169207085212
FR020299,0.004625258233491601
FR028576,0.006509695718547347
FR025896,0.009209441026661186
FR022623,0.004818792627146377
FR022716,0.02467253835098469
FR031363,0.02896874601504898
FR023937,0.003070037300624437
FR027848,0.03634958927137947
FR022041,0.006644112178900589
FR028689,0.02577716569666235
FR030199,0.0035182767921802536
FR022140,0.009619364531819134
FR029253,0.026534738189181683
FR030956,0.003429318998125752
FR022944,0.00543759961823379
FR027200,0.005820370001340551
FR025437,0.007496326516299482
FR022756,0.010447938650519073
FR024845,0.007649385320131483
FR023557,0.005991370286497157
FR025812,0.004565904367720578
FR025051,0.031204401279948037
FR025602,0.008425588711939117
FR026857,0.015009091786376206
FR025822,0.01244167193367866
FR028982,0.05095015437497012
FR031191,0.008930002827389063
FR031133,0.029048828750443557
FR021353,0.03043650605301753
FR021375,0.006818955838578972
FR025996,0.013925359175266485
FR027407,0.012131902646072838
FR028950,0.005959549068601098
FR030992,0.015494255564558504
FR025168,0.006207902805869768
FR031584,0.004486469245614466
FR020062,0.0069356024879481185
FR030503,0.006330812885413295
FR024277,0.006746145346129194
FR028574,0.026374513177791235
FR021855,0.0067588794798963655
FR021722,0.008304758878135806
FR029450,0.02878664628353823
FR029768,0.005434596190319475
FR026008,0.00547076755104271
FR024443,0.025594110798525815
FR022080,0.004174078518940003
FR027492,0.004880977957863593
FR024534,0.009847751207206481
FR031339,0.022137465033460656
FR029487,0.011313213179453017
FR021001,0.009553942763560405
FR020086,0.05835472055735896
FR020099,0.004231187823099129
FR031264,0.008513032853200628
FR023760,0.008969790897520077
FR030536,0.008136747040245208
FR024850,0.004214215215146917
FR030112,0.005566490617114805
FR020756,0.009114359948480437
FR023099,0.08110364412355896
FR021501,0.025268842768130385
FR020904,0.007988073083029679
FR028349,0.010495033147323574
FR020428,0.008932159403639329
FR021525,0.04338616006740868
FR027282,0.02950664963142391
FR024765,0.008893884346731447
FR027554,0.8292660896651762
FR031998,0.008928626032567425
FR028098,0.01064034358362266
FR020267,0.005161766629089247
FR025000,0.01976682188251506
FR020643,0.006756139596696999
FR029358,0.010027427310303028
FR029658,0.012940462918943343
FR031159,0.0043601107255587255
FR020424,0.005331119760177703
FR022046,0.019770235864514655
FR025878,0.006246942052965291
FR020191,0.03843200481663863
FR024545,0.028951912373628506
FR020494,0.004287499929210276
FR020939,0.004611896411519458
FR023575,0.010701695336768237
FR021465,0.007095913159990483
FR025460,0.005558767124702648
FR030105,0.0076628257366990445
FR031373,0.0065252400543868
FR023821,0.0044455138489383605
FR028337,0.009161251857394363
FR021952,0.006548254514003218
FR026317,0.12015141484552798
FR024971,0.04290899252938196
FR023427,0.006186408483199943
FR023723,0.02028565059340453
FR022468,0.00571706083265319
FR027705,0.009056477880224078
FR027231,0.0068515448772525035
FR031322,0.039081223014421
FR027669,0.006121115815586275
FR025672,0.00678768642151092
FR027403,0.01063598385126641
FR031573,0.026410157075969186
FR020308,0.05825300386141968
FR028076,0.0071577614323549005
FR021515,0.006141084385016067
FR031181,0.012323550886726889
FR027468,0.019316031991136618
FR029198,0.015683321670731526
FR025968,0.009350053696411592
FR020857,0.026519014631024334
FR028408,0.012576665715004279
FR027608,0.029299108500764788
FR027766,0.029199967915147507
FR026324,0.00889714441372151
FR021442,0.024541491832344994
FR023559,0.02801150820079955
FR027244,0.006161424831233659
FR020812,0.006193485156828262
FR023589,0.01655464368925132
FR031806,0.014806346756583008
FR020663,0.004187720067554022
FR025197,0.10654875532154118
FR029998,0.015598862542683351
FR025289,0.01122135345210834
FR024786,0.004520476499878537
FR029385,0.011999104136785153
FR025885,0.007073759495768707
FR021473,0.010515141639050938
FR024328,0.0036677714755442474
FR029598,0.014613408654001963
FR030855,0.00795533943899662
FR023972,0.010540303042284609
FR027687,0.008895793975345614
FR024814,0.00800590335264079
FR029017,0.006535235946982261
FR020036,0.004053528026260204
FR020363,0.008351084613120554
FR020887,0.00859478430745173
FR025037,0.014445467430391254
FR021532,0.011551978701480047
FR027440,0.01840302701797818
FR021576,0.00520959416508475
FR030667,0.08384859076529311
FR021658,0.06037286741283811
FR024495,0.0051715690431203155
FR031383,0.005550295481135645
FR024576,0.013820289726992233
FR023028,0.011696460854110032
FR023172,0.014818674787836545
FR025973,0.005493580125893373
FR031739,0.008778662973101693
FR026980,0.007918376309443535
FR030045,0.012374022386968322
FR021676,0.03503530231241277
FR026389,0.04544894925323233
FR030559,0.0074291719908105795
FR025368,0.011447886577962436
FR024937,0.005292821361142129
FR022067,0.01009026670939019
FR021326,0.017949569353294274
FR023071,0.007358262208108463
FR024544,0.024470115348202825
FR027374,0.007522280664207878
FR020069,0.029458061494409115
FR022590,0.006241318501415146
FR028545,0.0139600186110117
FR025305,0.006380503219225291
FR023001,0.008545676080727361
FR027788,0.0054422712606889065
FR031857,0.01578859283702646
FR028160,0.008889008162063668
FR027961,0.00838836681368136
FR023985,0.0072252371597113065
FR021647,0.02978504645598648
FR028318,0.010756773742387577
FR021245,0.009258170270549327
FR028006,0.018905276954034468
FR026872,0.009073481017850877
FR020064,0.012581318610850243
FR021449,0.01743168558212903
FR027763,0.04117233459656233
FR023312,0.004698553268356676
FR030674,0.007692739078559552
FR020254,0.006109403056993806
FR022216,0.007183499099026126
FR022315,0.004574942451567779
FR023791,0.01681304579377662
FR030854,0.006050481542944132
FR023317,0.02197064937954659
FR023288,0.012100728895000341
FR021680,0.003915506302119487
FR030807,0.006674165256891344
FR026633,0.006784378623430873
FR024721,0.01999805522306569
FR022940,0.013121088790911142
FR027700,0.004245317307162602
FR023165,0.006271614194297767
FR030565,0.025196120247188813
FR026861,0.05686683417976836
FR021712,0.012687688883123294
FR030568,0.006309000498190805
FR030417,0.026329335658592124
FR029218,0.0036394717411022104
FR021790,0.004452828214926587
FR020690,0.009553971132326913
FR030694,0.17120622899281485
FR020820,0.011903685643309328
FR027601,0.013056515423409692
FR030128,0.011879180019760969
FR024693,0.005982462588617549
FR029939,0.012417435524142265
FR023036,0.011875037945565095
FR021717,0.049460674259816303
FR026917,0.01579677825506817
FR028009,0.006666382118774207
FR022431,0.005070540810875855
FR025211,0.0034371097839001148
FR026054,0.013608874288805287
FR027430,0.02595505499049519
FR020484,0.032846802805270095
FR022624,0.02640895241140532
FR029109,0.01065554302930084
FR027334,0.014396868337026362
FR027160,0.010208504792803531
FR029355,0.01267995829860738
FR029299,0.0056067430908826035
FR029728,0.011415350128232941
FR027073,0.12888703684750258
FR023280,0.006424221842535253
FR026513,0.003662502765265606
FR027579,0.00829324530511025
FR022793,0.006037198508753716
FR029649,0.017957669884239462
FR021599,0.007792102710404691
FR028221,0.005025833883679451
FR028363,0.007192880315567718
FR031314,0.007054674674488731
FR030793,0.004712237228672024
FR022635,0.008718562857518715
FR028719,0.01384913993019691
FR022295,0.007006968477084714
FR023016,0.00682943082328003
FR021655,0.014925803449827668
FR027531,0.010085062207839685
FR022536,0.009955918122805137
FR021284,0.01650507333307117
FR026432,0.009556533353621107
FR030070,0.005305438699043731
FR020720,0.008110790054674305
FR026231,0.005746382035294259
FR028729,0.00909624483573695
FR021714,0.004325290453556997
FR020941,0.005975348440934109
FR025406,0.08297720648288781
FR027349,0.030775069837717828
FR024374,0.008657865920497937
FR029731,0.014649341310460945
FR024053,0.013899371074639765
FR031974,0.0040749946805433215
FR022320,0.00804850962090363
FR031158,0.0069536282867867834
FR031772,0.011283321579981579
FR026081,0.008436373208162413
FR030276,0.009143944836413623
FR026853,0.004355250663468807
FR022504,0.006128107948010055
FR029169,0.012412883465766574
FR022003,0.017799072587885524
FR024650,0.0036161283791050296
FR025569,0.006536079706954368
FR025202,0.009443515657830253
FR028968,0.02204408854104929
FR026063,0.009240749649686037
FR027111,0.012475093690194127
FR020051,0.005720330454921745
FR020728,0.014297939718110409
FR025780,0.023824993519541406
FR029353,0.00861701947510057
FR029214,0.007097600047704275
FR026453,0.004531899908430152
FR027577,0.003406660475823613
FR024851,0.03779711776157822
FR030748,0.011387551835923241
FR024284,0.007387467810218417
FR023667,0.008517138041035887
FR024601,0.01964404569105963
FR027335,0.028259894873020015
FR026845,0.023659678694941268
FR028442,0.004455233138210211
FR020400,0.0049032391520187945
FR020940,0.01190358656353652
FR023235,0.008867829411210264
FR029365,0.03984625372797337
FR026737,0.006995755537809303
FR020346,0.005749899293129098
FR024675,0.0606864162208177
FR026353,0.009508564690527733
FR022610,0.00774542464344537
FR028926,0.004666541265746232
FR030915,0.0068944448026687505
FR023283,0.012236006976034232
FR020458,0.032967084514235225
FR025384,0.006961439452014689
FR024647,0.020466933700513848
FR021912,0.006792428898159749
FR026222,0.01874988504261398
FR022739,0.0075365545571104585
FR026951,0.0052956106439601604
FR029626,0.0076148161292214165
FR030704,0.005519150689590821
FR031658,0.004071603285862551
FR021229,0.013144362309557258
FR023681,0.00864359387183294
FR029096,0.020990844094228377
FR023194,0.005735538316982949
FR020784,0.013263722820250715
FR023516,0.01306040201548834
FR029619,0.011530975298279357
FR028849,0.0040678380156175
FR029960,0.046615028824089445
FR022088,0.01311705303996103
FR029000,0.008264725964924547
FR023812,0.00594227002218841
FR027803,0.020637377947407037
FR023842,0.030546199965837538
FR028903,0.004992640395656929
FR025432,0.006866262376037681
FR023872,0.02743395485301143
FR031770,0.011048975857561937
FR027253,0.006324086547246794
FR026110,0.02482879990953369
FR020118,0.0044283433658639255
FR023344,0.010285986519474795
FR021750,0.00575155664440667
FR029787,0.02580091034037118
FR026441,0.0127367894903502
FR024967,0.050028651547136836
FR020817,0.7334385244634717
FR029480,0.00695994552464767
FR031444,0.006592895035131588
FR028049,0.021581444457210455
FR021300,0.0053013782043969965
FR020141,0.0525956493299233
FR020241,0.00866793794501328
FR023334,0.01214085472506087
FR021927,0.01134203269430486
FR027398,0.005400060113497534
FR028096,0.024566264121213682
FR021987,0.010413860195241442
FR025614,0.006613606072946675
FR024476,0.011076017232223304
FR021332,0.004108533712150626
FR024034,0.01581368387460215
FR028157,0.006290452688394954
FR021304,0.01200926136992229
FR027034,0.004815997018346429
FR021791,0.010090552953990688
FR028807,0.007584290569666012
FR024941,0.009829120145560843
FR027536,0.008968066832906903
FR020112,0.0033061072041255567
FR020122,0.016234867729659798
FR028803,0.004730951536857178
FR027094,0.022932068955474443
FR021408,0.024876809540889184
FR024688,0.004730793267411929
FR022262,0.8611046953163413
FR028790,0.007655579344748381
FR031593,0.009857791146729931
FR031394,0.006101804365502077
FR022068,0.019085181419568307
FR029586,0.0039273866057684004
FR024630,0.008311951506734378
FR022714,0.024722415901766822
FR026049,0.0259699481835922
FR022172,0.003890587094717611
FR026244,0.02052132006843719
FR025818,0.01555609427290534
FR024945,0.05123283321162546
FR021132,0.007558825713548591
FR029005,0.003001091752793448
FR030077,0.01022328744131445
FR023783,0.012180837169245746
FR026219,0.01645876554792541
FR028837,0.00922609376977487
FR026969,0.0030980576315036957
FR030902,0.0068908684395244
FR026835,0.004217702397336647
FR026797,0.007361070010342287
FR031475,0.010415154767619821
FR025112,0.02520783117796068
FR030287,0.013384156067055005
FR022372,0.005510092446606398
FR023628,0.006402082417423849
FR027420,0.01326531176095316
FR027365,0.03369925623529534
FR025546,0.00855717388990387
FR021296,0.003660833359807577
FR025898,0.012614511969712533
FR021956,0.03884698002648147
FR023034,0.0052706242924136105
FR029541,0.00449814778105617
FR022831,0.005234036857739989
FR028321,0.008765371669834795
FR024785,0.01371201804275043
FR026972,0.006592374420347889
FR028036,0.003284040302489525
FR024054,0.007603840490526721
FR031311,0.01285868004576753
FR027592,0.009936819774985398
FR029898,0.2079203365549808
FR028614,0.0035145008357147707
FR028182,0.013130769759712165
FR027677,0.0035414952670628657
FR031688,0.004852313828772964
FR026472,0.019984770411735124
FR029885,0.00689657614768559
FR021885,0.024217131680864794
FR027464,0.004065867955133468
FR020914,0.004712845698667358
FR028291,0.004451080541498183
FR027973,0.00580689888425906
FR024064,0.013129886233508938
FR028466,0.010630076092381518
FR030023,0.010456832287603189
FR025675,0.0034387554777664717
FR020724,0.008637677125156609
FR024965,0.004396858152830528
FR021832,0.004203426328922773
FR027074,0.017305435719180806
FR025316,0.04782521496744187
FR026377,0.008169874259051638
FR027410,0.005413881066448261
FR030652,0.005178885414614727
FR024113,0.01251490932373948
FR025055,0.005997843852099416
FR027425,0.006394077890691076
FR025513,0.7954452074011866
FR028535,0.007495002676278251
FR023797,0.010238293533031864
FR026960,0.009080986778601741
FR028905,0.060149006001979456
FR026267,0.004018440475310221
FR020198,0.01972877590891027
FR028115,0.004549598125885293
FR021760,0.014457628453819819
FR025161,0.016040362357275528
FR023856,0.007048993145556598
FR020011,0.0033014893023859534
FR023630,0.004253346065800612
FR030304,0.02004431416203461
FR025723,0.05530309176138124
FR026368,0.00526703578413811
FR025436,0.008188103636015295
FR021876,0.006466781766821946
FR029296,0.00537543233084975
FR023238,0.02107388737743355
FR028168,0.018895005513349362
FR026869,0.004159445484847069
FR024857,0.019428655377512954
FR027900,0.014500386218527653
FR022507,0.029412635405402676
FR025222,0.005428474853560403
FR028642,0.008535874846745114
FR030195,0.03131270157947378
FR022049,0.07207813519756152
FR027908,0.008484464485839446
FR023910,0.004945606418597098
FR022163,0.019610265845209533
FR029861,0.008919855217761386
FR024665,0.10291257374221603
FR022510,0.017166768510181514
FR030772,0.016600761223068312
FR024160,0.02184636984446025
FR031611,0.010176073791447625
FR027840,0.004945261101482365
FR020315,0.5100405279305453
FR022109,0.008843525857812607
FR020004,0.004237131354736096
FR027563,0.6819734642111266
FR020678,0.019430093043860196
FR031317,0.005250707124579231
FR030433,0.04924678532665566
FR025181,0.004968871890901087
FR028149,0.018398273177867453
FR025622,0.00945309835154985
FR028847,0.04100597841976737
FR023853,0.0054408246208787455
FR024747,0.3620644559885372
FR024527,0.012532734976125235
FR025449,0.10017220560311665
FR021596,0.013085410995381293
FR025981,0.003725352921808758
FR031585,0.008282531108668592
FR024440,0.033489376307417926
FR031872,0.010689675384363485
FR027366,0.004782531780734791
FR030008,0.030642399058424093
FR021651,0.006615061097675156
FR022258,0.018828946068745377
FR024063,0.007620628197500437
FR026700,0.00995697383082462
FR024741,0.016422910708346155
FR029618,0.004484017967438395
FR026085,0.006143539117245755
FR025709,0.033055234726030835
FR030540,0.018926565889207502
FR021873,0.00392786919303667
FR023495,0.005930610086567119
FR029250,0.004083553968003138
FR026609,0.00793071281820272
FR024048,0.014163658513746208
FR026247,0.007656305617656567
FR022321,0.0038243379146648687
FR027772,0.007249339002080975
FR027811,0.0399959409062167
FR021635,0.04075946911689452
FR027342,0.015015378130011104
FR025510,0.007561239997162042
FR028654,0.006861165523778852
FR026564,0.006885905924722944
FR020671,0.00976691918368135
FR024878,0.00988365036569659
FR027369,0.015136671028969154
FR028836,0.012444503268060613
FR029679,0.004174129370581767
FR025188,0.004499549904616132
FR030001,0.006924980122115484
FR030064,0.0073557384363199755
FR030623,0.009582445826434782
FR025431,0.00524490792552992
FR024145,0.014138937670360511
FR028787,0.003575049542373172
FR029946,0.009341553710827502
FR024989,0.010160575648015036
FR026226,0.0050553391632712314
FR030169,0.004240232192207808
FR028344,0.005217501260270811
FR023627,0.0037349112679694466
FR026510,0.028805876687554716
FR024304,0.01117804810954149
FR030370,0.006288641503388979
FR021915,0.005905353577212262
FR022411,0.017503222540554485
FR020216,0.0066435753970806475
FR024960,0.015094383543172418
FR025833,0.006497598065410094
FR022156,0.013188219723536992
FR025321,0.011707058318110482
FR029031,0.017231010811228756
FR024260,0.08276027731074989
FR023906,0.005805681608386475
FR020024,0.013902945870581714
FR024780,0.0043307084365796465
FR024551,0.03322771878726283
FR020542,0.016941546752506344
FR031048,0.006451679612006082
FR025450,0.009357312207110072
FR027865,0.0035410821789136114
FR025994,0.08984242794603539
FR029165,0.013397619443204436
FR027639,0.006185815276381934
FR023965,0.018004762860156766
FR028848,0.055194297334466326
FR027313,0.006366818029007219
FR031681,0.07970203429773731
FR028692,0.00575107761188028
FR023704,0.013838252167322884
FR024951,0.018627552283418617
FR021866,0.02115011935844489
FR022415,0.011118226031218596
FR021497,0.03760117875774699
FR028153,0.009271741035549726
FR022442,0.01994838998979692
FR030268,0.00459985331255183
FR031616,0.006037402940624735
FR023323,0.005999463021572741
FR027096,0.00874526168124789
FR026600,0.004772789020410657
FR026044,0.014804104788347783
FR027037,0.016428166145813695
FR020911,0.01622543127438556
FR024310,0.022668312595157097
FR027777,0.005330014827863598
FR026751,0.013352753778473702
FR028259,0.013015891858534499
FR027929,0.05815728761950335
FR027851,0.009918139586646234
FR026039,0.05121303271873079
FR028565,0.013123415642160316
FR030241,0.1496027745949837
FR029573,0.007217378116099278
FR029534,0.006325156253828535
FR023206,0.15122707700872753
FR026101,0.019102644446534513
FR022150,0.006839650445089071
FR023209,0.015343068454718872
FR028439,0.00945526301187265
FR027745,0.006634213246209515
FR029562,0.01385113934903679
FR026083,0.005229328710775872
FR030908,0.018239019130820006
FR024189,0.006126530015592928
FR029322,0.009248851395556236
FR023827,0.01753344021151222
FR020228,0.010730194481785261
FR031041,0.010150850774051166
FR026925,0.00945466503385351
FR031582,0.00646595132816874
FR021307,0.020582633360255575
FR031656,0.0081925262404423
FR028493,0.0046127025472241165
FR020745,0.0059700470649862595
FR022752,0.0048652785519223566
FR031914,0.00433557412068546
FR020239,0.048968695483730826
FR026563,0.012652608378055074
FR021251,0.006112030298904831
FR023832,0.006693853163940763
FR020169,0.018276746642064245
FR022327,0.029090790217283374
FR026069,0.04097581683038957
FR020667,0.034115402517198495
FR028181,0.03984879030067458
FR028229,0.019260928452940862
FR025791,0.05032578477109516
FR025841,0.007909024477606871
FR026113,0.00443482258233583
FR020589,0.016506549814751623
FR030790,0.023699612074733374
FR030990,0.01480993526045426
FR029436,0.005117550057334613
FR030252,0.00447008526595292
FR023756,0.015780417984594435
FR031213,0.035090988641142275
FR024752,0.03363124402075818
FR031735,0.023699456440010543
FR027752,0.019915586537250306
FR031068,0.008604633074663493
FR024169,0.017426979314334297
FR022696,0.008901343932849226
FR029582,0.011325960863702762
FR031209,0.02124701191100367
FR022566,0.008091167455532719
FR020779,0.051970127579775795
FR021645,0.008385179569700687
FR024569,0.00898461273197768
FR029974,0.004850681954448785
FR029537,0.010635208096157844
FR026376,0.01075878972479879
FR027084,0.031956293141443146
FR026097,0.01249185980800278
FR028916,0.549027618160512
FR020630,0.00909902763074658
FR027864,0.013152664740884747
FR028001,0.004512734840914539
FR023068,0.01141601631268068
FR029749,0.004664089365732602
FR021823,0.005156907504866784
FR028433,0.015059199376736476
FR025077,0.05576353147364157
FR026213,0.005193627271999459
FR023754,0.026302867097240713
FR021892,0.008732206070804067
FR029207,0.018519486061015535
FR028062,0.009252857753937619
FR022261,0.003380307944222913
FR024290,0.009274069259748285
FR025782,0.011589708722789284
FR021149,0.011724801438109058
FR027566,0.038648547422774064
FR031789,0.007009506875825721
FR024040,0.006350828968608967
FR031951,0.013715462271187352
FR030928,0.004568698253815078
FR030621,0.025925567177266774
FR030051,0.004773280083357419
FR022788,0.008158459821945548
FR026760,0.006459333878384895
FR031572,0.00401149099448567
FR031824,0.004486667354277424
FR027541,0.0032254641230373055
FR022491,0.025352110771428887
FR020042,0.015596908394791238
FR030716,0.027762659663887128
FR025535,0.011522000556766625
FR028470,0.011196028613735778
FR022727,0.014410627914234956
FR031560,0.00858925764735647
FR029157,0.005983209924529399
FR021674,0.011949177937674924
FR023141,0.007066039311669077
FR026139,0.006332354889431876
FR025697,0.011215961915371815
FR027195,0.04727277108189422
FR024438,0.20295220285570367
FR023961,0.009361862141176628
FR031786,0.01058501163330614
FR023626,0.012835364541111723
FR027907,0.023442215736553716
FR029464,0.003989156176548519
FR030734,0.008484899267586738
FR027650,0.005169319298641661
FR028543,0.05240191528516332
FR021093,0.006253601098828972
FR030721,0.011098667638536123
FR026336,0.006007776376599955
FR028931,0.004364437299993046
FR030243,0.01714388870350934
FR024957,0.0037363616276253724
FR031135,0.0033066518260382914
FR021996,0.0069188180087996045
FR021588,0.023164099519444082
FR027367,0.007624493963288128
FR022677,0.007987213377291693
FR021631,0.008068629424981407
FR022203,0.007974474338091527
FR030839,0.0406777803774739
FR027445,0.004804162198891503
FR021040,0.01424358694038554
FR028891,0.016285208237700514
FR027517,0.02417777363312217
FR031833,0.005087061292694658
FR027409,0.017063762107477544
