id,fraud,oof_prediction
FR016993,0,0.04897617548704147
FR002433,0,0.007124828174710274
FR009253,0,0.004376026801764965
FR004881,0,0.03497573733329773
FR014830,0,0.008505107834935188
FR002399,0,0.006027442868798971
FR015431,0,0.006018789950758219
FR006764,0,0.0038552044425159693
FR011935,0,0.00752613740041852
FR017076,0,0.046819575130939484
FR001696,0,0.013474308885633945
FR019211,0,0.008571437560021877
FR004666,0,0.005111488047987223
FR007907,0,0.007976832799613476
FR013872,0,0.0070401756092906
FR003379,0,0.030483312904834747
FR010022,0,0.003800002159550786
FR001242,0,0.01892552524805069
FR011221,0,0.1154789999127388
FR014562,0,0.010843388736248016
FR005582,0,0.006830126512795687
FR008785,0,0.008321092464029789
FR014724,0,0.0314786359667778
FR003159,0,0.0057034618221223354
FR012341,0,0.005376014392822981
FR007282,0,0.007695618085563183
FR012149,0,0.03508308157324791
FR003112,0,0.004868013318628073
FR017004,0,0.014336775057017803
FR008458,0,0.021423446014523506
FR019978,0,0.02066788077354431
FR017279,0,0.011092442087829113
FR003764,0,0.06011113524436951
FR007458,0,0.005927906837314367
FR006026,0,0.01625995524227619
FR006065,0,0.005459344945847988
FR002163,0,0.012587467208504677
FR015780,0,0.0068049621768295765
FR005762,0,0.007660627365112305
FR010057,0,0.00900392234325409
FR005378,0,0.0036227386444807053
FR017235,0,0.0057000587694346905
FR003360,0,0.00904692430049181
FR002756,0,0.027479633688926697
FR002480,0,0.011435683816671371
FR017073,0,0.005013356450945139
FR010129,0,0.0056456816382706165
FR010047,0,0.009464983828365803
FR018067,0,0.019219979643821716
FR005951,0,0.004163171164691448
FR000105,0,0.027971066534519196
FR002481,0,0.011674470268189907
FR014604,0,0.042489588260650635
FR013837,0,0.1512625515460968
FR018248,0,0.009581641294062138
FR015646,0,0.009733167476952076
FR014568,0,0.007569142151623964
FR000934,0,0.0055275713093578815
FR016737,0,0.01815418154001236
FR004502,0,0.008027042262256145
FR011246,0,0.008357149548828602
FR014482,0,0.002929294714704156
FR015850,0,0.01080841664224863
FR012360,0,0.011618501506745815
FR009488,0,0.004644770175218582
FR018710,0,0.014001789502799511
FR010543,0,0.004180381540209055
FR008336,0,0.013670793734490871
FR016369,0,0.006049563176929951
FR012179,0,0.013885052874684334
FR009180,0,0.09547008574008942
FR000812,0,0.005664074793457985
FR001687,0,0.007969923317432404
FR003991,0,0.006848773919045925
FR002539,0,0.0248285923153162
FR009111,0,0.00424675177782774
FR011023,0,0.007033948320895433
FR018642,0,0.015127560123801231
FR004362,0,0.004984880331903696
FR011593,0,0.03028024733066559
FR007949,0,0.009042967110872269
FR003977,0,0.0050393687561154366
FR000125,0,0.010384726338088512
FR010904,0,0.011379627510905266
FR001652,0,0.01630689948797226
FR017815,0,0.02384519763290882
FR007185,0,0.007434637285768986
FR009299,0,0.015525891445577145
FR007816,0,0.005481756757944822
FR001461,0,0.02318788878619671
FR011711,0,0.019408682361245155
FR008913,0,0.00651541817933321
FR016903,0,0.006082187406718731
FR016265,0,0.031348370015621185
FR011145,0,0.008117257617413998
FR003467,0,0.0034602831583470106
FR010500,0,0.006306880619376898
FR000217,0,0.0036990055814385414
FR002477,0,0.003902069991454482
FR005576,0,0.014233467169106007
FR002137,0,0.004010607488453388
FR018989,0,0.010473922826349735
FR018332,0,0.031527549028396606
FR006022,0,0.016826879233121872
FR006208,0,0.01070981752127409
FR017372,0,0.014316492713987827
FR009210,0,0.0030541601590812206
FR017690,0,0.03299674764275551
FR019962,1,0.015009909868240356
FR004144,0,0.002856065519154072
FR000920,0,0.007099086884409189
FR009572,0,0.007448316551744938
FR002027,0,0.0038952722679823637
FR017958,0,0.00536553468555212
FR009901,0,0.005886485334485769
FR000325,0,0.006247733253985643
FR008506,0,0.008311167359352112
FR014798,0,0.004218433052301407
FR009314,0,0.004326257389038801
FR010040,0,0.0059612891636788845
FR008972,0,0.04892897978425026
FR004933,0,0.007986086420714855
FR019325,0,0.0068785566836595535
FR003648,0,0.006057045888155699
FR005424,0,0.013959825970232487
FR003999,0,0.005025132093578577
FR014279,0,0.01395847275853157
FR003521,0,0.01124117337167263
FR013717,0,0.01596650667488575
FR004135,0,0.03853278234601021
FR014613,0,0.007555138785392046
FR014599,0,0.02579486183822155
FR014508,0,0.05056433752179146
FR003195,0,0.005870041903108358
FR019019,0,0.0031437743455171585
FR005995,0,0.0053055244497954845
FR008698,0,0.01324358768761158
FR006468,0,0.009082114323973656
FR013070,0,0.042323578149080276
FR006994,0,0.009907929226756096
FR012959,0,0.014124670997262001
FR000990,0,0.00891627836972475
FR016313,0,0.014197864569723606
FR013941,0,0.007295038551092148
FR004185,0,0.0049627493135631084
FR011983,0,0.034469764679670334
FR008738,0,0.0062022944912314415
FR009281,0,0.0069059995003044605
FR008436,0,0.012749899178743362
FR010546,0,0.00904291495680809
FR011413,0,0.006764084566384554
FR010582,0,0.006356778088957071
FR005033,0,0.005891669075936079
FR017769,0,0.04607764631509781
FR010225,0,0.0069617610424757
FR008734,0,0.009405838325619698
FR006444,1,0.3833605647087097
FR000547,0,0.007582707796245813
FR018005,0,0.02249760366976261
FR014734,0,0.0030000838451087475
FR016143,0,0.009515629149973392
FR001383,0,0.020018156617879868
FR014337,0,0.0344216488301754
FR017561,0,0.013799133710563183
FR019755,0,0.012710955925285816
FR004869,0,0.017387334257364273
FR018186,0,0.007974867708981037
FR018958,0,0.02145596407353878
FR011123,0,0.005971129983663559
FR007499,0,0.7504971623420715
FR011048,0,0.006103164982050657
FR008743,0,0.004632043652236462
FR008790,0,0.0222660843282938
FR007022,0,0.012493552640080452
FR005614,0,0.007080570794641972
FR009118,0,0.006855679210275412
FR013694,0,0.03139388933777809
FR012244,0,0.004586564842611551
FR014282,0,0.011233612895011902
FR003180,0,0.006943163461983204
FR017696,0,0.00557181891053915
FR014901,0,0.007416165433824062
FR019362,0,0.004582539200782776
FR016681,1,0.008336255326867104
FR016578,0,0.005589445121586323
FR004106,0,0.004702517297118902
FR014007,0,0.008158995769917965
FR000449,0,0.00800470169633627
FR001265,0,0.016149206086993217
FR015364,0,0.0069933002814650536
FR004354,0,0.008354546502232552
FR011598,0,0.005880212876945734
FR011555,0,0.01400789339095354
FR005194,0,0.010027283802628517
FR009749,0,0.008751231245696545
FR016707,0,0.0037246679421514273
FR002680,0,0.01190985832363367
FR002079,0,0.012572630308568478
FR015743,0,0.012144951149821281
FR010778,0,0.0028421853203326464
FR010315,0,0.006618702784180641
FR002571,0,0.006770289968699217
FR019625,0,0.04106246307492256
FR015012,0,0.00459379144012928
FR016923,0,0.005218276288360357
FR010852,0,0.003970760852098465
FR008653,0,0.010200409218668938
FR011766,0,0.008022024296224117
FR013522,0,0.006518693640828133
FR015887,0,0.011548319831490517
FR010111,0,0.0027090131770819426
FR018575,0,0.020870700478553772
FR012600,0,0.00899314321577549
FR008909,0,0.011565811932086945
FR009320,1,0.0053571416065096855
FR009615,0,0.020885882899165154
FR006383,0,0.01169275026768446
FR014807,0,0.005397510249167681
FR009544,0,0.008066206239163876
FR016824,0,0.00767559465020895
FR017596,0,0.029587319120764732
FR012577,0,0.01056246180087328
FR011809,0,0.0047022514045238495
FR018369,0,0.010481749661266804
FR002530,0,0.003191569820046425
FR013189,0,0.013024682179093361
FR001410,0,0.007536359131336212
FR000960,0,0.005499221850186586
FR000311,0,0.01567406952381134
FR012538,0,0.0056327031925320625
FR016270,0,0.04628031328320503
FR013160,0,0.004780993331223726
FR010572,0,0.0102161206305027
FR012862,0,0.045447155833244324
FR005575,0,0.005953927058726549
FR012064,0,0.0162824559956789
FR019941,0,0.024694127961993217
FR000157,0,0.008435813710093498
FR014347,0,0.005570804234594107
FR006347,0,0.026573093608021736
FR001906,0,0.04868568107485771
FR009006,0,0.004517608787864447
FR009011,0,0.008317383006215096
FR018442,0,0.03151123598217964
FR007955,0,0.00776880607008934
FR013723,1,0.7130184769630432
FR012490,0,0.004832080565392971
FR018616,0,0.008616163395345211
FR010929,0,0.00498375715687871
FR015941,0,0.0073185511864721775
FR003839,0,0.009744912385940552
FR015940,0,0.008502877317368984
FR005305,0,0.004782079719007015
FR014518,0,0.005233749747276306
FR005725,0,0.025465574115514755
FR004566,0,0.005471734330058098
FR016728,0,0.018804531544446945
FR017238,0,0.007706283591687679
FR001589,0,0.005289238411933184
FR004523,0,0.012931229546666145
FR014721,0,0.004221577197313309
FR005704,0,0.022753531113266945
FR012006,0,0.0036250923294574022
FR007619,0,0.022478921338915825
FR007556,0,0.009593863040208817
FR002545,0,0.010414066724479198
FR000715,0,0.020072637125849724
FR002085,0,0.0036957242991775274
FR014645,0,0.003752326825633645
FR002895,0,0.013489085249602795
FR002077,0,0.005270775407552719
FR002423,0,0.00909558217972517
FR009606,0,0.02005005069077015
FR012606,0,0.005535886622965336
FR007967,0,0.008541963994503021
FR015493,0,0.006303020287305117
FR017830,0,0.005523292347788811
FR008569,0,0.009722363203763962
FR000467,0,0.15783101320266724
FR007344,0,0.005308263469487429
FR002367,0,0.007249193266034126
FR008246,0,0.0039877681992948055
FR015378,0,0.03379416838288307
FR006169,0,0.009940875694155693
FR002141,0,0.00949539989233017
FR006869,0,0.011018547229468822
FR008857,0,0.01722903735935688
FR007310,0,0.014900805428624153
FR019581,0,0.006126876920461655
FR015096,0,0.005151132121682167
FR004070,0,0.004278178326785564
FR005840,0,0.02037135139107704
FR006160,0,0.005300906486809254
FR001721,0,0.07856583595275879
FR001402,0,0.009043406695127487
FR005775,0,0.0036019461695104837
FR017243,0,0.012833780609071255
FR015763,0,0.0038071086164563894
FR016827,0,0.004921524785459042
FR003300,0,0.009778126142919064
FR009889,0,0.00442750146612525
FR014402,0,0.005902184639126062
FR000152,0,0.006243747193366289
FR001680,0,0.007521087769418955
FR014146,0,0.0055116391740739346
FR006690,0,0.0037318123504519463
FR013253,0,0.006900220178067684
FR004809,0,0.060120634734630585
FR009084,0,0.0030581133905798197
FR012599,0,0.006107482127845287
FR008358,0,0.005684144329279661
FR018620,0,0.00390440970659256
FR009123,0,0.008587884716689587
FR013434,0,0.007992223836481571
FR002983,0,0.022002657875418663
FR006575,0,0.010930154472589493
FR005300,0,0.005464203655719757
FR003201,0,0.005807859823107719
FR015653,0,0.004659608472138643
FR018863,0,0.00529900100082159
FR017994,0,0.01088659930974245
FR002071,0,0.005886867642402649
FR003871,0,0.007870664820075035
FR001036,0,0.004884496796876192
FR013177,0,0.005507970694452524
FR005478,0,0.008796000853180885
FR013818,0,0.004820453468710184
FR012967,0,0.010085362941026688
FR012607,0,0.008848680183291435
FR012690,0,0.06336280703544617
FR016998,0,0.09327658265829086
FR013368,0,0.01335745956748724
FR006795,0,0.017048681154847145
FR016140,0,0.006916534621268511
FR010462,0,0.004322103690356016
FR015594,0,0.0037376871332526207
FR015005,0,0.006425913423299789
FR010112,0,0.05555720999836922
FR007652,0,0.012336041778326035
FR010826,0,0.017127208411693573
FR008437,0,0.013097180984914303
FR019218,0,0.10212230682373047
FR008442,0,0.004399832803755999
FR009327,0,0.010324030183255672
FR005593,0,0.00565135944634676
FR010222,0,0.003924601245671511
FR005208,0,0.004620728548616171
FR015108,0,0.020525962114334106
FR000714,0,0.007170453201979399
FR016579,0,0.0036628730595111847
FR014241,0,0.016056517139077187
FR003404,0,0.0045366655103862286
FR012427,0,0.04089748486876488
FR010553,0,0.0062982020899653435
FR015410,0,0.004310998134315014
FR009383,0,0.006068033166229725
FR013861,0,0.010661972686648369
FR017375,0,0.017605576664209366
FR001748,0,0.0046181147918105125
FR015708,0,0.0057098339311778545
FR017411,0,0.010151563212275505
FR011718,0,0.008371376432478428
FR004005,0,0.005112070124596357
FR008000,0,0.005047841928899288
FR006001,0,0.006338642910122871
FR012401,0,0.007751424331218004
FR019781,0,0.009546139277517796
FR017490,0,0.008659825660288334
FR008915,0,0.006789159961044788
FR019789,0,0.012505942024290562
FR016398,0,0.0072881015948951244
FR015572,0,0.012140248902142048
FR006187,0,0.004509995691478252
FR012730,0,0.004404696170240641
FR006563,0,0.044065799564123154
FR010764,0,0.00509445508942008
FR017875,0,0.007248177658766508
FR003459,0,0.007088607642799616
FR016123,0,0.003805175656452775
FR015130,0,0.005018994212150574
FR009514,0,0.009718021377921104
FR001734,0,0.002429091138765216
FR002519,0,0.00809198897331953
FR013238,0,0.010710635222494602
FR009096,0,0.024607708677649498
FR010652,0,0.11495466530323029
FR011765,0,0.013414748944342136
FR012604,0,0.010088171809911728
FR012528,0,0.008851408027112484
FR014016,0,0.005661158822476864
FR013713,0,0.025707179680466652
FR008446,0,0.007754275109618902
FR002776,0,0.013182862661778927
FR007780,0,0.021858427673578262
FR013293,0,0.004730721469968557
FR000609,0,0.0038633563090115786
FR015792,0,0.014423923566937447
FR004175,0,0.014844627119600773
FR002606,0,0.007174011319875717
FR004611,0,0.009351379238069057
FR005164,0,0.015031526796519756
FR000632,0,0.006674312986433506
FR000392,0,0.00820272695273161
FR012759,0,0.019612058997154236
FR017829,0,0.010753103531897068
FR019391,0,0.006365633103996515
FR007846,0,0.011122431606054306
FR007814,0,0.011258214712142944
FR018714,0,0.003962842281907797
FR007128,0,0.017280925065279007
FR018709,0,0.006013709120452404
FR015712,0,0.013965859077870846
FR010382,0,0.03258516639471054
FR007756,0,0.009598045609891415
FR019079,0,0.009980064816772938
FR002006,0,0.00777224637567997
FR001401,0,0.0032711303792893887
FR008302,0,0.0034167903941124678
FR015003,0,0.007778371684253216
FR008503,0,0.008189117535948753
FR002392,0,0.004153144545853138
FR005241,0,0.06102990359067917
FR009859,0,0.02492372877895832
FR013142,0,0.007682047318667173
FR015732,0,0.015411139465868473
FR003522,0,0.005781622137874365
FR003851,0,0.00538190733641386
FR019657,0,0.026477884501218796
FR018393,0,0.01313212513923645
FR016890,0,0.005418883170932531
FR004369,0,0.010338612832129002
FR019880,0,0.013313266448676586
FR007771,0,0.008186697959899902
FR000122,0,0.0024469587951898575
FR014342,0,0.017167020589113235
FR002499,0,0.045765649527311325
FR011253,0,0.02495737373828888
FR015728,0,0.021151723340153694
FR003596,0,0.00466152373701334
FR011717,0,0.004089399706572294
FR016553,0,0.014045502990484238
FR010001,0,0.006638332270085812
FR017725,0,0.01927243173122406
FR002926,0,0.005024040583521128
FR007291,0,0.024921933189034462
FR008515,0,0.009053877554833889
FR003218,0,0.0036140931770205498
FR015314,0,0.006695730146020651
FR016793,0,0.05525781959295273
FR011567,0,0.013314011506736279
FR009250,0,0.004692161921411753
FR013770,0,0.007154068909585476
FR008793,0,0.004099387675523758
FR010370,0,0.0031011782120913267
FR014231,0,0.007202381733804941
FR014615,0,0.004975657910108566
FR008131,0,0.0030877392273396254
FR012506,0,0.0044519794173538685
FR000014,0,0.02657472901046276
FR008307,0,0.008169115521013737
FR002866,0,0.0038432960864156485
FR012211,0,0.0039382511749863625
FR002924,0,0.006838700734078884
FR018670,0,0.018775885924696922
FR006704,0,0.032138891518116
FR002559,1,0.6838432550430298
FR018634,0,0.004099173936992884
FR011449,0,0.022903354838490486
FR010071,0,0.009612584486603737
FR009191,0,0.03645613417029381
FR008584,0,0.010234430432319641
FR013320,0,0.0026841391809284687
FR018087,0,0.011079404503107071
FR011361,0,0.012359867803752422
FR010812,0,0.016276637092232704
FR002357,0,0.00272557744756341
FR015480,0,0.01067773811519146
FR016518,0,0.006732590030878782
FR017605,0,0.00987625028938055
FR017044,0,0.011808356270194054
FR001622,0,0.00415872922167182
FR017993,0,0.02326406165957451
FR006554,0,0.028170336037874222
FR005450,0,0.005206292029470205
FR014303,0,0.021024873480200768
FR018056,0,0.012991108931601048
FR014238,0,0.016693733632564545
FR006743,0,0.008770336396992207
FR017610,0,0.007789719384163618
FR005907,0,0.024470824748277664
FR015530,0,0.006001906003803015
FR008146,0,0.0034027094952762127
FR008470,0,0.010687852278351784
FR018730,0,0.008198480121791363
FR008316,0,0.01046398002654314
FR003142,0,0.028481226414442062
FR006793,0,0.01373665314167738
FR016656,0,0.004932299721986055
FR016264,0,0.04348785802721977
FR004756,0,0.02712561935186386
FR010158,0,0.0055750166065990925
FR014410,0,0.005285526625812054
FR007409,0,0.007982619106769562
FR011715,0,0.012977897189557552
FR011101,0,0.0030114883556962013
FR008392,1,0.016679055988788605
FR019951,0,0.00993755366653204
FR007452,0,0.03801678866147995
FR012821,0,0.010658391751348972
FR012796,0,0.02470669150352478
FR014802,1,0.00593461561948061
FR019330,0,0.004715955816209316
FR004050,0,0.009418291039764881
FR013103,0,0.00426094513386488
FR008662,0,0.0037362861912697554
FR019526,0,0.010139300487935543
FR001493,0,0.0065935589373111725
FR006040,0,0.014059164561331272
FR013895,0,0.01422133669257164
FR006368,0,0.010848668403923512
FR011258,0,0.005136820487678051
FR007007,0,0.011497744359076023
FR011611,0,0.006850132718682289
FR008575,0,0.0077337846159935
FR000673,0,0.006155246403068304
FR014869,0,0.00553798396140337
FR013125,0,0.005471118725836277
FR013495,0,0.005611815955489874
FR014479,0,0.0036301352083683014
FR003931,0,0.008529361337423325
FR003317,0,0.005845447536557913
FR012878,0,0.010090043768286705
FR015977,0,0.0063200159929692745
FR007061,0,0.008525293320417404
FR003913,0,0.009620226919651031
FR010172,0,0.0060233017429709435
FR009495,0,0.007435815874487162
FR001586,0,0.006748939398676157
FR001259,0,0.004925734829157591
FR003000,0,0.00565098412334919
FR019022,0,0.004542134236544371
FR000053,0,0.012153437361121178
FR014083,0,0.005242578219622374
FR005620,0,0.07046246528625488
FR007245,0,0.006637738086283207
FR007905,0,0.009265684522688389
FR017904,1,0.008209281601011753
FR005617,0,0.01599915884435177
FR003943,0,0.003760526655241847
FR011954,0,0.07831863313913345
FR019834,0,0.010151535272598267
FR010166,0,0.019701046869158745
FR007367,0,0.005059007089585066
FR007843,0,0.015503864735364914
FR014062,0,0.007458687759935856
FR015884,0,0.007176687940955162
FR011987,0,0.011731584556400776
FR012671,0,0.01307399570941925
FR019070,0,0.015306915156543255
FR017437,0,0.007547569461166859
FR008902,0,0.005914303474128246
FR016880,0,0.010129116475582123
FR014394,0,0.006990503054112196
FR008231,0,0.004295313265174627
FR014716,0,0.005470809992402792
FR011863,0,0.07430291920900345
FR007946,0,0.003601617645472288
FR013063,0,0.011267518624663353
FR000859,0,0.004022351931780577
FR003493,1,0.006261971779167652
FR003972,0,0.01194106973707676
FR017894,0,0.004336753394454718
FR000133,0,0.009428332559764385
FR013973,0,0.005641316995024681
FR004474,0,0.01135451253503561
FR000173,0,0.004317802842706442
FR009703,0,0.017228545621037483
FR016078,0,0.00535180326551199
FR009039,0,0.010300805792212486
FR014460,0,0.003013808745890856
FR008500,0,0.009270526468753815
FR014841,0,0.00526260444894433
FR005206,0,0.06134789437055588
FR005918,0,0.007590929511934519
FR001935,0,0.009141250513494015
FR009923,0,0.010192988440394402
FR012755,0,0.004997516516596079
FR013772,0,0.016473427414894104
FR000259,0,0.009292582049965858
FR008965,0,0.0061766826547682285
FR000351,0,0.007213471923023462
FR005141,0,0.01547397393733263
FR006245,0,0.005841248203068972
FR004721,0,0.004841826390475035
FR017322,0,0.010602354072034359
FR003303,0,0.007775804027915001
FR017319,0,0.10102734714746475
FR012123,0,0.006051383912563324
FR016850,0,0.018922945484519005
FR018030,0,0.038109853863716125
FR000712,0,0.017352307215332985
FR006547,0,0.01768713817000389
FR002121,0,0.005240367725491524
FR016223,0,0.00797321181744337
FR008456,0,0.13447289168834686
FR007776,0,0.008327142335474491
FR018309,0,0.01223672740161419
FR016446,0,0.0033359001390635967
FR018252,0,0.01927889883518219
FR006703,0,0.030771180987358093
FR018239,0,0.017246607691049576
FR001540,0,0.008505434729158878
FR008160,0,0.004755387548357248
FR005904,0,0.008124270476400852
FR007834,0,0.015577467158436775
FR011187,0,0.005611675325781107
FR018859,0,0.007797406520694494
FR014465,0,0.013008552603423595
FR015520,0,0.004160003270953894
FR005888,0,0.010918006300926208
FR007822,0,0.0043772319331765175
FR008565,0,0.004787098150700331
FR015896,0,0.008198274299502373
FR003990,0,0.0063761500641703606
FR016405,0,0.005646789912134409
FR006138,0,0.006201586220413446
FR010583,0,0.004369616042822599
FR001196,0,0.004194309469312429
FR019446,0,0.015422038733959198
FR011731,0,0.009200433269143105
FR009996,0,0.005449623800814152
FR006918,0,0.015143836848437786
FR019258,0,0.006734707858413458
FR011421,0,0.005864943377673626
FR000662,0,0.004822354298084974
FR017127,0,0.016407372429966927
FR004072,0,0.013361006043851376
FR002105,0,0.005957224406301975
FR011725,0,0.01062240544706583
FR014406,0,0.006752369459718466
FR005883,0,0.007675017695873976
FR013642,0,0.004173735156655312
FR007913,0,0.005539725534617901
FR019467,0,0.005471004638820887
FR001390,0,0.03509775921702385
FR004659,0,0.01485032495111227
FR017415,0,0.015118880197405815
FR009626,0,0.004561032168567181
FR009719,0,0.008510964922606945
FR014720,0,0.006744222715497017
FR005040,0,0.0039044932927936316
FR013217,0,0.025443656370043755
FR011404,0,0.01220571156591177
FR009214,0,0.009853432886302471
FR017565,0,0.0037557135801762342
FR019349,0,0.004375970922410488
FR010020,0,0.012024786323308945
FR018307,0,0.005133538972586393
FR013119,0,0.009214614517986774
FR008213,0,0.013666068203747272
FR017253,0,0.003964651376008987
FR018024,0,0.009451741352677345
FR011892,0,0.005379648879170418
FR008959,0,0.013309553265571594
FR008912,0,0.012988816946744919
FR006404,0,0.007707085460424423
FR003319,0,0.009634721092879772
FR000403,0,0.005872054025530815
FR001415,0,0.007469928823411465
FR011384,0,0.007194799836724997
FR014954,0,0.0193502064794302
FR001030,0,0.004915585275739431
FR010305,0,0.007636039052158594
FR005287,0,0.02105034328997135
FR018292,0,0.006649860180914402
FR003663,0,0.012315353378653526
FR014251,0,0.006933616474270821
FR002078,0,0.025711843743920326
FR018162,0,0.005059611983597279
FR014591,0,0.005585797131061554
FR005104,0,0.004563543945550919
FR017895,0,0.00926537811756134
FR013546,0,0.01206719409674406
FR011654,1,0.007348115090280771
FR013191,0,0.01865844614803791
FR003712,0,0.01000902894884348
FR005510,0,0.0071620396338403225
FR018213,0,0.008026977069675922
FR009526,0,0.014501466415822506
FR016075,0,0.005172339268028736
FR004438,0,0.01443552691489458
FR011394,0,0.012960030697286129
FR019236,0,0.00600831862539053
FR010239,0,0.005927606951445341
FR016896,0,0.004077415447682142
FR008398,0,0.0036092246882617474
FR017460,0,0.0215590950101614
FR010055,0,0.010167420841753483
FR003531,0,0.004972988273948431
FR005558,0,0.007833298295736313
FR003846,0,0.012446817010641098
FR010755,0,0.08137644082307816
FR012685,0,0.004004290793091059
FR001574,0,0.009727359749376774
FR010276,0,0.008294221945106983
FR004779,0,0.004552421625703573
FR008779,0,0.007781217806041241
FR000253,0,0.004748786333948374
FR004636,0,0.008577327243983746
FR006599,0,0.0073183574713766575
FR013512,0,0.0068348478525877
FR016241,0,0.018048137426376343
FR006989,0,0.007526140660047531
FR001595,0,0.00390592310577631
FR001388,0,0.008373232558369637
FR003739,0,0.011234995909035206
FR010246,0,0.018477700650691986
FR002329,0,0.006560956593602896
FR011641,0,0.021278437227010727
FR009130,0,0.004663446918129921
FR012226,0,0.011793332174420357
FR018090,0,0.002568719442933798
FR001876,0,0.005170085001736879
FR017573,0,0.01762491837143898
FR003346,0,0.007918971590697765
FR010620,0,0.019631560891866684
FR017412,0,0.005804672371596098
FR015680,0,0.00890270434319973
FR015759,0,0.009770713746547699
FR003983,0,0.11199863255023956
FR001167,0,0.03472878411412239
FR001634,0,0.00899486429989338
FR002811,0,0.004632452502846718
FR011801,0,0.005717421416193247
FR003872,0,0.007879446260631084
FR018503,0,0.006070510018616915
FR014803,0,0.004931103903800249
FR005536,0,0.009884978644549847
FR015879,0,0.0071395873092114925
FR003960,0,0.004083467181771994
FR008696,0,0.011710076592862606
FR019267,0,0.005176571197807789
FR018649,0,0.013274374417960644
FR017954,0,0.020871460437774658
FR002379,0,0.011677667498588562
FR009540,0,0.06105854734778404
FR007068,0,0.008417903445661068
FR013623,0,0.003139419946819544
FR005228,0,0.005531047936528921
FR002467,0,0.006493395660072565
FR003138,0,0.009095994755625725
FR017064,0,0.01836548186838627
FR019481,0,0.0047691031359136105
FR011018,0,0.012409805320203304
FR003828,0,0.003462753724306822
FR011172,0,0.003680594265460968
FR002476,0,0.008945467881858349
FR000327,0,0.012185250408947468
FR015656,0,0.009404399432241917
FR019371,0,0.011133016087114811
FR012090,0,0.005685704760253429
FR017664,0,0.007376937661319971
FR007023,0,0.0260719433426857
FR018784,0,0.010886716656386852
FR014567,0,0.0043549262918531895
FR003090,0,0.011470191180706024
FR017570,0,0.00576601130887866
FR008788,0,0.0041976249776780605
FR010756,0,0.0037182853557169437
FR013778,0,0.00984064768999815
FR002494,0,0.010241972282528877
FR006742,0,0.0030560612212866545
FR009385,0,0.009975274093449116
FR015588,0,0.016930636018514633
FR003122,0,0.004989401903003454
FR012843,0,0.009768937714397907
FR000652,0,0.01175894308835268
FR011058,0,0.007366278674453497
FR008266,0,0.006057924125343561
FR014478,0,0.005403552204370499
FR005121,0,0.004501445218920708
FR000110,0,0.0031188505236059427
FR007740,0,0.009986351244151592
FR019572,0,0.005428078584372997
FR012263,0,0.007125246338546276
FR017213,0,0.020961951464414597
FR016053,0,0.00910471472889185
FR015400,0,0.01953054405748844
FR007978,0,0.006456478498876095
FR014994,0,0.00734423054382205
FR003740,0,0.012673693709075451
FR009087,0,0.018022866919636726
FR016380,0,0.004038729704916477
FR004542,0,0.009529716335237026
FR013487,0,0.032992102205753326
FR000473,0,0.005638744682073593
FR008531,0,0.003600327530875802
FR018790,0,0.009551777504384518
FR019112,0,0.006207551807165146
FR006789,0,0.04010387510061264
FR004136,0,0.007433546241372824
FR006805,0,0.10147849470376968
FR007150,0,0.0070083667524158955
FR002508,0,0.0036370856687426567
FR018349,0,0.00479133240878582
FR009070,0,0.008089547045528889
FR008646,0,0.03537388890981674
FR002242,0,0.039955444633960724
FR009270,0,0.0032882641535252333
FR012497,0,0.013694223016500473
FR014708,0,0.011949974112212658
FR011468,0,0.012251214124262333
FR000353,0,0.00940158311277628
FR016427,0,0.008897459134459496
FR015609,0,0.007728561758995056
FR007477,0,0.08477435261011124
FR011751,0,0.004384725820273161
FR000463,0,0.004630126990377903
FR002516,0,0.00598370423540473
FR005310,0,0.011117283254861832
FR009100,0,0.26478615403175354
FR012713,0,0.005387086421251297
FR001913,0,0.007869007997214794
FR009941,0,0.003675322514027357
FR011924,0,0.005365242250263691
FR019661,0,0.0042278035543859005
FR002388,0,0.0030551287345588207
FR007918,0,0.010347881354391575
FR001810,0,0.004409072920680046
FR003213,0,0.007031767163425684
FR016028,0,0.00578326964750886
FR016916,0,0.004679836332798004
FR012639,0,0.014802294783294201
FR007097,0,0.015520630404353142
FR006095,0,0.01931922324001789
FR005684,0,0.003855134593322873
FR001264,0,0.005997526925057173
FR005502,0,0.0135441143065691
FR001235,0,0.017677538096904755
FR008443,0,0.010076754726469517
FR014873,0,0.011332112364470959
FR014871,0,0.008544516749680042
FR006355,0,0.006255378946661949
FR015253,0,0.004735305905342102
FR018988,0,0.012097478844225407
FR015052,0,0.01153229083865881
FR017465,0,0.0057357968762516975
FR013064,0,0.005006102379411459
FR008571,0,0.04587031155824661
FR008328,0,0.009080539457499981
FR013822,0,0.07748649269342422
FR012854,0,0.004908702801913023
FR016984,0,0.008059357292950153
FR014596,0,0.012249448336660862
FR000219,0,0.006775348447263241
FR015834,0,0.007127618417143822
FR014793,0,0.02859492413699627
FR002212,0,0.011192127130925655
FR015804,0,0.019175445660948753
FR009608,0,0.003834264585748315
FR002739,0,0.005049113649874926
FR013181,0,0.0071876333095133305
FR006505,0,0.018413541838526726
FR017084,0,0.013079781085252762
FR001033,0,0.005053971894085407
FR001166,0,0.009978863410651684
FR014271,0,0.09137782454490662
FR004179,0,0.008657959289848804
FR015809,0,0.00763811357319355
FR015878,0,0.0051048435270786285
FR007323,0,0.01850714720785618
FR013938,0,0.004913706332445145
FR015761,0,0.007306080311536789
FR002455,0,0.004897510167211294
FR018074,0,0.021053973585367203
FR010752,0,0.017003512009978294
FR005084,0,0.00792570598423481
FR015622,0,0.013607087545096874
FR011489,0,0.020401285961270332
FR006166,0,0.0035483052488416433
FR016550,0,0.006617649458348751
FR012582,0,0.010366463102400303
FR018268,0,0.008350327610969543
FR001094,0,0.005095199681818485
FR014838,0,0.015503894537687302
FR019623,0,0.3953872323036194
FR009339,0,0.00508127361536026
FR000185,0,0.01886300928890705
FR012317,0,0.008464519865810871
FR008711,0,0.011797795072197914
FR005940,0,0.008558140136301517
FR013633,0,0.009123852476477623
FR006178,0,0.004766007885336876
FR005011,0,0.007314775604754686
FR019529,0,0.011357028968632221
FR004489,0,0.0030300987418740988
FR009074,0,0.015207461081445217
FR004304,0,0.010605434887111187
FR018865,0,0.00415841955691576
FR000696,0,0.014636024832725525
FR018427,0,0.011045173741877079
FR002251,0,0.024533618241548538
FR000944,0,0.007940458133816719
FR000805,0,0.013825043104588985
FR005101,0,0.006218825466930866
FR015469,1,0.03307170420885086
FR013174,0,0.008747235871851444
FR012721,0,0.0051348102279007435
FR005583,0,0.012516645714640617
FR004961,0,0.012570653110742569
FR015945,0,0.0077896155416965485
FR009674,0,0.014371078461408615
FR017822,0,0.0024750411976128817
FR008705,0,0.004546974785625935
FR018950,0,0.011946669779717922
FR017673,0,0.019094711169600487
FR001968,0,0.039919283241033554
FR017406,0,0.0278081763535738
FR007410,0,0.006781226024031639
FR012036,0,0.0067140283063054085
FR018137,0,0.02829364314675331
FR006841,0,0.006085538305342197
FR015605,0,0.011663113720715046
FR001228,0,0.015193336643278599
FR019492,0,0.014285653829574585
FR011374,0,0.004266921430826187
FR004075,0,0.016704414039850235
FR015182,0,0.012116681784391403
FR002217,0,0.004763934761285782
FR012660,0,0.010965724475681782
FR007435,0,0.01896456442773342
FR019226,0,0.004505560267716646
FR003725,0,0.004747731611132622
FR019507,0,0.008307029493153095
FR019916,0,0.013149283826351166
FR003591,0,0.003999696578830481
FR005336,0,0.00617712177336216
FR012027,0,0.006008068099617958
FR013308,0,0.006816406734287739
FR014229,0,0.009894471615552902
FR005801,0,0.005505829118192196
FR019219,0,0.004577521700412035
FR018762,0,0.00432347459718585
FR005293,0,0.006966905202716589
FR018621,0,0.0031524731311947107
FR013272,0,0.009569277986884117
FR005616,0,0.009017261676490307
FR007569,0,0.02371397614479065
FR007730,0,0.008625747635960579
FR002445,0,0.008525890298187733
FR019479,0,0.008647880516946316
FR007770,0,0.006494312081485987
FR016455,0,0.003992384299635887
FR007844,0,0.010604700073599815
FR016080,0,0.0034963374491780996
FR007279,0,0.007118741981685162
FR004445,0,0.0403667613863945
FR009137,0,0.023369411006569862
FR019775,0,0.009858515113592148
FR006565,0,0.005999854765832424
FR016068,0,0.014378936029970646
FR002051,0,0.0046785795129835606
FR015928,0,0.007575086783617735
FR009132,0,0.009989307262003422
FR013703,0,0.004292987287044525
FR004873,0,0.003227995242923498
FR010162,0,0.006113160867244005
FR001346,0,0.02226043865084648
FR001853,0,0.004182625096291304
FR007870,0,0.03537696599960327
FR000570,0,0.015589602291584015
FR011417,0,0.004861182998865843
FR012012,0,0.005480358377099037
FR008052,0,0.010229958221316338
FR003790,0,0.019679581746459007
FR008812,0,0.005445051472634077
FR013388,0,0.006275302730500698
FR016397,0,0.009695928543806076
FR010440,0,0.0075362734496593475
FR017455,0,0.009834558703005314
FR008225,0,0.00965155754238367
FR005209,0,0.005703354254364967
FR015458,0,0.011965162120759487
FR015054,0,0.010796080343425274
FR017795,0,0.009364326484501362
FR011696,0,0.005997734144330025
FR006574,0,0.012759829871356487
FR019109,0,0.04175512120127678
FR006263,0,0.015667105093598366
FR011516,0,0.04495662450790405
FR013678,0,0.09245339781045914
FR017779,0,0.014804826118052006
FR009181,0,0.011860114522278309
FR015062,0,0.01713390462100506
FR019939,0,0.01067846268415451
FR008666,0,0.006860170513391495
FR002088,0,0.007790824864059687
FR015952,0,0.0114199323579669
FR011011,0,0.026816964149475098
FR017074,0,0.009765174239873886
FR018850,0,0.00854643527418375
FR015595,0,0.005420034285634756
FR011276,0,0.017642289400100708
FR003129,0,0.007557677570730448
FR006804,0,0.0060943118296563625
FR009604,0,0.004628854803740978
FR014512,0,0.00858071818947792
FR001224,0,0.03512342646718025
FR012706,0,0.017061039805412292
FR011092,0,0.00831153616309166
FR006131,0,0.02394966408610344
FR005592,0,0.004485175013542175
FR004829,0,0.006960119586437941
FR016381,0,0.024414366111159325
FR004272,0,0.015875468030571938
FR010636,0,0.006866810843348503
FR007184,0,0.004841132555156946
FR019119,1,0.1447199583053589
FR004471,0,0.008880717679858208
FR014697,0,0.008821188472211361
FR014113,0,0.01429372001439333
FR006467,0,0.16663187742233276
FR019087,0,0.014543319121003151
FR008534,0,0.018993040546774864
FR001077,0,0.003692749422043562
FR006702,0,0.005439873319119215
FR017743,0,0.008851834572851658
FR014663,0,0.006382929626852274
FR003850,0,0.004454841837286949
FR014655,0,0.008608517237007618
FR002998,0,0.012935490347445011
FR005818,0,0.05179304629564285
FR002325,0,0.003887884085997939
FR005802,0,0.009566535241901875
FR014578,0,0.02716284804046154
FR014939,0,0.010219997726380825
FR013221,0,0.0057233283296227455
FR013603,0,0.006103211548179388
FR000684,0,0.011130150407552719
FR007992,0,0.004049484618008137
FR019491,0,0.024441275745630264
FR005294,0,0.017951451241970062
FR017226,0,0.007918105460703373
FR001838,0,0.004784093704074621
FR015951,0,0.04625489562749863
FR009049,0,0.02505073882639408
FR017396,0,0.007818448357284069
FR012757,0,0.005241113714873791
FR018922,0,0.007814439944922924
FR015243,0,0.0034981335047632456
FR007460,0,0.006937442347407341
FR011252,0,0.010740856640040874
FR013210,0,0.004135326482355595
FR012340,0,0.005421760026365519
FR001863,0,0.029623636975884438
FR007808,0,0.006480128969997168
FR008176,0,0.007069894578307867
FR007686,0,0.004356009885668755
FR017107,0,0.006427548825740814
FR013535,0,0.006407903507351875
FR015329,0,0.039256881922483444
FR019355,0,0.012247037142515182
FR000516,0,0.007059150841087103
FR011984,0,0.01016094908118248
FR016475,0,0.008731568232178688
FR005964,0,0.003251458751037717
FR013274,0,0.009964876808226109
FR002593,0,0.07907629013061523
FR019516,0,0.030758356675505638
FR010721,0,0.004752580542117357
FR016977,0,0.0152035066857934
FR000818,1,0.015400788746774197
FR008494,0,0.0057080830447375774
FR004585,0,0.005495958495885134
FR004694,0,0.03791293874382973
FR013992,0,0.009157340042293072
FR005761,0,0.003120589768514037
FR009265,0,0.04637564346194267
FR016432,0,0.07728332281112671
FR010241,0,0.0691445991396904
FR015535,0,0.0044509293511509895
FR000162,0,0.0048915548250079155
FR002910,0,0.004690507426857948
FR005774,0,0.008495258167386055
FR011364,1,0.004511861130595207
FR006118,0,0.13966070115566254
FR015860,0,0.03871522471308708
FR009950,0,0.017807509750127792
FR006175,0,0.014675460755825043
FR013832,0,0.017832262441515923
FR006150,0,0.02110857330262661
FR014423,0,0.005011299625039101
FR017447,0,0.047253113240003586
FR005486,0,0.01707436703145504
FR003950,0,0.010381634347140789
FR002439,0,0.012741667218506336
FR017915,0,0.0033263983204960823
FR002170,0,0.011096177622675896
FR003709,0,0.08027450740337372
FR002296,0,0.01386673841625452
FR010655,0,0.04291534423828125
FR012313,0,0.010330555029213428
FR012260,0,0.03500256687402725
FR005565,0,0.025370869785547256
FR009392,0,0.002381634432822466
FR012425,0,0.009292318485677242
FR001393,0,0.008275470696389675
FR018340,0,0.015418080613017082
FR010998,0,0.009532466530799866
FR019414,0,0.003995286766439676
FR017122,0,0.010109513998031616
FR013237,0,0.0067363884299993515
FR008076,0,0.01054380089044571
FR013996,0,0.007390840910375118
FR013965,0,0.03790710121393204
FR005159,0,0.003402929287403822
FR014011,0,0.006994827650487423
FR016277,0,0.006424793042242527
FR016009,0,0.010516569018363953
FR015460,0,0.011216460727155209
FR003602,0,0.01663447543978691
FR005460,0,0.006784110330045223
FR019091,0,0.03852486610412598
FR019506,0,0.005953365471214056
FR001017,0,0.007293702103197575
FR002236,0,0.05774301663041115
FR010981,0,0.005733409896492958
FR003729,0,0.007651596330106258
FR007922,0,0.010040119290351868
FR015766,0,0.012511666864156723
FR017383,0,0.0030508863274008036
FR003187,0,0.01709812693297863
FR016524,0,0.009429294615983963
FR009660,0,0.009635508991777897
FR017985,0,0.027074426412582397
FR002262,0,0.003896197071298957
FR018007,0,0.007154468912631273
FR012984,0,0.10563955456018448
FR019088,0,0.006433267146348953
FR003562,0,0.005899287294596434
FR016779,0,0.0186875332146883
FR018532,0,0.0056829932145774364
FR015328,0,0.005681285168975592
FR014862,0,0.013383697718381882
FR004782,0,0.006320890039205551
FR009773,0,0.004282696172595024
FR001702,1,0.08263865113258362
FR005152,0,0.005959932692348957
FR010920,0,0.004352538846433163
FR015295,0,0.011778103187680244
FR019614,0,0.028007514774799347
FR004772,0,0.011477546766400337
FR010719,0,0.004688918590545654
FR004992,0,0.00467572920024395
FR016869,0,0.022433768957853317
FR011303,0,0.006820995360612869
FR018656,0,0.008133682422339916
FR013650,0,0.00883201789110899
FR010077,0,0.00872074905782938
FR011931,0,0.0064649200066924095
FR015597,0,0.003900146810337901
FR012677,0,0.017103640362620354
FR012610,0,0.04433659836649895
FR003667,0,0.008601190522313118
FR011412,0,0.004784649703651667
FR012729,0,0.005290123634040356
FR014250,0,0.0075043244287371635
FR001771,0,0.014495117589831352
FR009730,0,0.004251352045685053
FR001333,0,0.018791845068335533
FR018543,0,0.009563255123794079
FR007693,0,0.005917370785027742
FR015134,0,0.01152773667126894
FR000134,0,0.007626787293702364
FR019719,0,0.0030025611631572247
FR001165,0,0.005219768732786179
FR019266,0,0.005563473794609308
FR002008,0,0.007545044645667076
FR015133,0,0.0070604318752884865
FR002228,0,0.008267300203442574
FR000128,0,0.014688975177705288
FR002656,0,0.004068547394126654
FR015175,0,0.014075388200581074
FR000227,0,0.0066083394922316074
FR013621,0,0.006516597233712673
FR006606,0,0.007859081961214542
FR005263,0,0.031400784850120544
FR006170,0,0.014971129596233368
FR004549,0,0.02497386373579502
FR000493,0,0.00894076842814684
FR017418,0,0.00590874906629324
FR007199,1,0.03749047964811325
FR005685,0,0.007480726111680269
FR019733,0,0.0041940705850720406
FR003681,0,0.005970872472971678
FR003674,0,0.005474446341395378
FR017746,0,0.04967743158340454
FR002726,0,0.029963303357362747
FR016806,0,0.011599384248256683
FR003657,0,0.015039950609207153
FR019583,0,0.004940208978950977
FR016374,0,0.0034796770196408033
FR016747,0,0.02275347150862217
FR012740,0,0.005821816623210907
FR011973,0,0.02002914994955063
FR014367,0,0.0042007616721093655
FR017391,0,0.012095740996301174
FR001240,0,0.029422251507639885
FR005428,0,0.008275697939097881
FR019589,0,0.0038991132751107216
FR019160,0,0.007250589784234762
FR005948,0,0.011888313107192516
FR005648,0,0.02023257501423359
FR003401,0,0.005926202051341534
FR014069,0,0.005972452461719513
FR008168,0,0.00464833015576005
FR001025,0,0.013393478468060493
FR009952,0,0.0068183112889528275
FR014212,0,0.003977400716394186
FR007165,0,0.008365448564291
FR006090,0,0.04589769244194031
FR008761,0,0.004290366545319557
FR010430,0,0.025514788925647736
FR004037,0,0.0049696010537445545
FR002013,0,0.006396189332008362
FR008186,0,0.017173755913972855
FR003761,0,0.012322704307734966
FR011379,0,0.010085615329444408
FR011929,0,0.003983645234256983
FR007348,0,0.008554022759199142
FR001985,0,0.005689914338290691
FR011476,0,0.020497078076004982
FR016983,0,0.007657257374376059
FR013749,0,0.13773250579833984
FR001660,0,0.003972330130636692
FR000017,0,0.07884688675403595
FR002659,0,0.0039226035587489605
FR003766,0,0.0031606440898030996
FR008547,0,0.00550030218437314
FR015381,0,0.007684400305151939
FR011203,0,0.005229203961789608
FR005146,0,0.013756274245679379
FR016567,0,0.00303785246796906
FR010476,0,0.007044993806630373
FR009103,0,0.007758216001093388
FR009144,0,0.006123451516032219
FR004082,0,0.0044477228075265884
FR007439,0,0.009462019428610802
FR006993,0,0.004492790903896093
FR018638,0,0.004507528152316809
FR009575,0,0.010464971885085106
FR016323,0,0.021320508792996407
FR007817,0,0.022855401039123535
FR003769,0,0.004663369618356228
FR014649,0,0.01385650597512722
FR012216,0,0.005269083194434643
FR006194,0,0.004636055324226618
FR016742,0,0.004694395698606968
FR003442,0,0.0041997903026640415
FR014770,0,0.005693638697266579
FR018689,0,0.007348830811679363
FR009562,0,0.006158625241369009
FR006129,0,0.010867966338992119
FR016122,0,0.005715920124202967
FR013853,0,0.7020235657691956
FR002103,0,0.011881145648658276
FR007826,0,0.010252714157104492
FR014804,0,0.01104741357266903
FR009329,0,0.008478225208818913
FR017030,0,0.005869374144822359
FR019680,0,0.01189684122800827
FR012173,0,0.007177822757512331
FR010052,0,0.0411088652908802
FR015811,0,0.005158713087439537
FR005935,0,0.010671553201973438
FR017566,0,0.0034568533301353455
FR000628,0,0.0055173602886497974
FR014666,0,0.00353370257653296
FR017975,0,0.004544888623058796
FR008527,0,0.01926209218800068
FR014898,0,0.006149476859718561
FR019918,0,0.0092144925147295
FR006749,0,0.004145822487771511
FR015891,0,0.014004601165652275
FR007273,0,0.027593431994318962
FR009797,0,0.006398034747689962
FR017600,0,0.029285183176398277
FR005190,0,0.006073307245969772
FR019482,0,0.04639480635523796
FR000536,0,0.004646909423172474
FR007125,0,0.01284030545502901
FR017827,0,0.004246608819812536
FR002781,0,0.004046067129820585
FR006398,0,0.004438840784132481
FR017712,0,0.03135361149907112
FR009968,0,0.0061831665225327015
FR019700,0,0.007741403765976429
FR010195,0,0.016204407438635826
FR016287,0,0.005912046413868666
FR000191,0,0.014783983118832111
FR002243,0,0.008078806102275848
FR014052,0,0.02100769616663456
FR018982,0,0.007427651900798082
FR017802,0,0.06919427216053009
FR013563,0,0.01190231367945671
FR002617,0,0.006911685224622488
FR003198,0,0.03412570431828499
FR019932,0,0.0029607294127345085
FR010274,0,0.0043886806815862656
FR017366,0,0.009877169504761696
FR018060,0,0.009225870482623577
FR011777,0,0.007091790437698364
FR010878,0,0.006389286834746599
FR008165,0,0.005422965623438358
FR000627,0,0.011170422658324242
FR006609,0,0.02980879880487919
FR016588,0,0.0070958505384624004
FR001330,0,0.02186454087495804
FR002420,0,0.008046387694776058
FR002081,0,0.014562713913619518
FR004802,0,0.02693437784910202
FR008632,0,0.018966343253850937
FR010699,0,0.010446890257298946
FR013744,0,0.014142031781375408
FR002546,0,0.005969848483800888
FR017723,0,0.014385797083377838
FR014588,0,0.011589858680963516
FR003933,0,0.015263214707374573
FR002034,0,0.011171112768352032
FR011684,0,0.004929739981889725
FR018738,0,0.004526909906417131
FR015299,0,0.013234847225248814
FR006734,0,0.008187762461602688
FR018847,0,0.0344921313226223
FR003896,0,0.008954180404543877
FR000619,0,0.007620871067047119
FR005091,0,0.005274396855384111
FR008451,0,0.007441878318786621
FR015788,0,0.02895636484026909
FR019436,0,0.0069462088868021965
FR013121,0,0.01660158298909664
FR019590,0,0.005796900950372219
FR002278,0,0.021807927638292313
FR007797,0,0.02483825944364071
FR009419,0,0.006725310813635588
FR019193,0,0.04067021980881691
FR011737,0,0.03223781660199165
FR006389,0,0.004309307783842087
FR014693,0,0.0030700997449457645
FR009684,0,0.01925618015229702
FR005680,0,0.005488313734531403
FR014664,0,0.05169292166829109
FR019559,0,0.002787213074043393
FR017170,1,0.008279968984425068
FR016844,0,0.005342885851860046
FR014529,0,0.00621609715744853
FR017858,0,0.04634624347090721
FR014498,0,0.012840843759477139
FR012257,0,0.008386669680476189
FR016886,0,0.008539839647710323
FR015422,0,0.010600429028272629
FR000592,0,0.00834596622735262
FR003212,0,0.006120112258940935
FR011635,0,0.010209593921899796
FR003742,0,0.004011125769466162
FR008051,0,0.004984388127923012
FR012996,0,0.0061566815711557865
FR001746,0,0.0634571760892868
FR008089,0,0.004302873741835356
FR004763,0,0.0052614761516451836
FR003565,0,0.005769467446953058
FR016662,0,0.01723095215857029
FR019493,0,0.00625976175069809
FR015770,0,0.013394354842603207
FR017103,0,0.036948978900909424
FR010283,0,0.005226101726293564
FR007137,1,0.016842039301991463
FR007793,0,0.004922372754663229
FR010782,0,0.006057134363800287
FR019361,0,0.028200089931488037
FR003968,0,0.016691511496901512
FR014075,0,0.027249788865447044
FR003324,0,0.004343887325376272
FR015643,0,0.006019563414156437
FR011687,0,0.011608392000198364
FR007126,0,0.025409577414393425
FR003144,0,0.0032422998920083046
FR015185,0,0.009897134266793728
FR004692,0,0.016625171527266502
FR012718,0,0.004641967359930277
FR018020,0,0.0033092929515987635
FR013353,0,0.011074593290686607
FR015718,0,0.0038430404383689165
FR011180,0,0.003124913899227977
FR002161,0,0.01576950028538704
FR009765,0,0.0037237282376736403
FR002853,0,0.019292106851935387
FR016951,0,0.006266015116125345
FR008676,0,0.009487595409154892
FR010148,1,0.005634757224470377
FR019853,1,0.07329262793064117
FR004071,0,0.007576287258416414
FR009407,0,0.020178990438580513
FR019891,0,0.032762736082077026
FR014180,1,0.003587938379496336
FR019996,0,0.008787108585238457
FR009017,0,0.0068133240565657616
FR016230,0,0.004964496474713087
FR010747,0,0.030194774270057678
FR016801,0,0.012373967096209526
FR000548,0,0.07263762503862381
FR003097,0,0.004230410326272249
FR012536,0,0.02839304693043232
FR005385,0,0.0068594915792346
FR015038,0,0.010029020719230175
FR006938,0,0.004160479176789522
FR007109,0,0.0036437618546187878
FR019039,0,0.004908677190542221
FR003247,0,0.005665528122335672
FR013953,0,0.008307245559990406
FR001338,0,0.016733629629015923
FR012826,0,0.00782656017690897
FR008037,0,0.006003467831760645
FR015125,0,0.018378686159849167
FR011736,0,0.012237177230417728
FR007498,0,0.0606575682759285
FR008980,0,0.012377703562378883
FR019593,0,0.0057850247249007225
FR006071,0,0.020787328481674194
FR008566,0,0.007701198570430279
FR019971,0,0.008874491788446903
FR007210,0,0.007570488378405571
FR014107,0,0.01502988301217556
FR018674,0,0.0073757232166826725
FR002733,0,0.014844236895442009
FR010441,0,0.016376473009586334
FR019483,0,0.005502550862729549
FR017548,0,0.00678800605237484
FR013640,0,0.009942424483597279
FR010387,0,0.008311344310641289
FR019259,0,0.051468200981616974
FR010259,0,0.004778300877660513
FR010130,0,0.009110653772950172
FR002888,0,0.022114474326372147
FR008171,0,0.013946953229606152
FR005479,0,0.012949110940098763
FR003223,0,0.009353411383926868
FR002740,0,0.010962564498186111
FR001806,0,0.03476966172456741
FR013725,0,0.019499948248267174
FR000634,0,0.00540771521627903
FR009150,0,0.002427260624244809
FR010347,0,0.014873064123094082
FR016347,0,0.006113696843385696
FR007915,0,0.009092389605939388
FR012619,0,0.013937067240476608
FR018805,0,0.005303771235048771
FR006590,0,0.004251101519912481
FR001911,0,0.008101186715066433
FR003067,0,0.0048126522451639175
FR016971,0,0.009450264275074005
FR013474,0,0.026104776188731194
FR001903,0,0.008237414062023163
FR017938,0,0.005613506305962801
FR018727,0,0.010096099227666855
FR012770,0,0.1372774988412857
FR018693,0,0.0059448350220918655
FR012985,0,0.030766122043132782
FR017905,0,0.007339879404753447
FR019399,0,0.038331709802150726
FR002284,0,0.007255458272993565
FR000220,0,0.007899293676018715
FR002348,0,0.030721155926585197
FR003995,0,0.004271881654858589
FR000581,0,0.02145111933350563
FR019861,0,0.005567323882132769
FR011073,0,0.015549703501164913
FR012182,0,0.00455633457750082
FR014985,0,0.003262336365878582
FR012787,0,0.025186391547322273
FR012765,0,0.025743864476680756
FR019762,0,0.027188898995518684
FR007963,0,0.06766761094331741
FR012315,0,0.006120048463344574
FR014058,0,0.003466365858912468
FR019862,0,0.010295970365405083
FR012884,0,0.013306829147040844
FR004661,0,0.037224192172288895
FR002308,0,0.003521272912621498
FR001502,0,0.005512187723070383
FR015029,0,0.007648363709449768
FR007281,0,0.00468062749132514
FR009718,0,0.013440970331430435
FR009902,0,0.006159722805023193
FR015514,0,0.005281737074255943
FR019021,0,0.00840039737522602
FR004924,1,0.6686701774597168
FR007034,0,0.00839278195053339
FR007631,0,0.014076115563511848
FR012812,0,0.004298963584005833
FR004907,0,0.024539273232221603
FR015565,0,0.007749377749860287
FR004697,0,0.005385047756135464
FR015104,0,0.0058484687469899654
FR000296,0,0.004275308921933174
FR003589,0,0.06674442440271378
FR019085,0,0.004575347527861595
FR012083,0,0.029019998386502266
FR006307,0,0.0052614412270486355
FR004010,0,0.003993222489953041
FR015341,0,0.005676864180713892
FR011837,0,0.020578673109412193
FR015943,0,0.008982563391327858
FR005853,0,0.00532140675932169
FR011472,0,0.008387013338506222
FR005694,0,0.006628083065152168
FR001384,0,0.005759039893746376
FR010371,0,0.004336471203714609
FR003815,0,0.004286188632249832
FR018611,0,0.009731866419315338
FR015049,0,0.025963211432099342
FR004556,0,0.03562521934509277
FR016291,0,0.015094277448952198
FR006765,0,0.006269581615924835
FR001522,0,0.02850160002708435
FR011645,0,0.009981322102248669
FR012742,0,0.03942939639091492
FR008190,0,0.003252800554037094
FR005929,0,0.006657556630671024
FR008305,0,0.006572933401912451
FR001851,0,0.012058806605637074
FR014710,0,0.012924542650580406
FR015738,0,0.003640155540779233
FR003852,0,0.005227073561400175
FR004435,0,0.00754329189658165
FR003325,0,0.006755795329809189
FR001106,0,0.040632154792547226
FR011234,0,0.006882281042635441
FR000143,0,0.009264620952308178
FR013686,0,0.0048136296682059765
FR002907,0,0.01084886770695448
FR002536,0,0.013903875835239887
FR010646,0,0.004514459520578384
FR002302,0,0.004616822116076946
FR005231,0,0.018558897078037262
FR018106,1,0.10030020028352737
FR015948,0,0.029811382293701172
FR015094,0,0.0049254195764660835
FR001426,0,0.004221036098897457
FR018251,0,0.005008694250136614
FR016104,0,0.00992185901850462
FR009565,0,0.006090676877647638
FR017923,0,0.03563317283987999
FR004840,0,0.005455915350466967
FR016064,0,0.013125445693731308
FR016542,0,0.0039870524778962135
FR002804,0,0.009134234860539436
FR009887,0,0.05514141172170639
FR019633,0,0.015069280751049519
FR003194,0,0.018166258931159973
FR000689,0,0.0040075574070215225
FR016932,0,0.008700039237737656
FR003886,0,0.004302737303078175
FR013602,0,0.004825495183467865
FR010865,0,0.013747718185186386
FR016576,0,0.00740562891587615
FR014961,0,0.015871906653046608
FR003765,0,0.003889980725944042
FR005545,0,0.008730989880859852
FR011532,0,0.1078285351395607
FR017001,0,0.006577674299478531
FR009708,0,0.013992548920214176
FR012270,0,0.008420148864388466
FR003361,0,0.01317902933806181
FR001361,0,0.003326048841699958
FR008777,0,0.005054029170423746
FR012514,0,0.007689444813877344
FR001551,0,0.03106798604130745
FR000731,0,0.00437752902507782
FR019068,0,0.0027331195306032896
FR000830,0,0.011593623086810112
FR014057,0,0.008855951949954033
FR016220,0,0.012622863054275513
FR017674,0,0.011502753011882305
FR003162,0,0.03009980358183384
FR004525,0,0.00531592033803463
FR009375,0,0.005989992059767246
FR010567,0,0.014135506004095078
FR014339,0,0.009046655148267746
FR012054,0,0.014255308546125889
FR012515,0,0.04499272257089615
FR011797,0,0.02178223431110382
FR008831,0,0.0060993279330432415
FR010288,0,0.004369309172034264
FR008069,0,0.004206434357911348
FR015726,0,0.005349024198949337
FR005481,0,0.005035745911300182
FR018943,0,0.019169993698596954
FR000033,0,0.0092457365244627
FR017798,0,0.009577497839927673
FR018969,0,0.006829072721302509
FR014931,0,0.003828364424407482
FR019363,0,0.004497632384300232
FR017051,0,0.02557433769106865
FR019162,1,0.027880840003490448
FR005139,0,0.00877260509878397
FR009316,0,0.029306607320904732
FR016007,0,0.005916955880820751
FR015649,0,0.005904398392885923
FR016884,0,0.0065051475539803505
FR015694,0,0.007512095384299755
FR014521,0,0.006197746377438307
FR003085,0,0.009343364275991917
FR000487,0,0.0064476109109818935
FR016476,0,0.008913679048418999
FR016473,0,0.00284806196577847
FR000826,0,0.0077647557482123375
FR010268,0,0.005334742367267609
FR010767,0,0.0040528979152441025
FR001921,0,0.010947163216769695
FR017261,0,0.0037800990976393223
FR010687,0,0.017351841554045677
FR017335,0,0.00846750196069479
FR017149,0,0.005435254890471697
FR016283,0,0.004253316670656204
FR015805,0,0.004409617278724909
FR010945,0,0.00760171702131629
FR019374,0,0.0037009073421359062
FR002743,0,0.008059022016823292
FR002123,0,0.013852433301508427
FR015374,0,0.011054448783397675
FR011534,0,0.022532902657985687
FR012278,0,0.00408642552793026
FR009584,0,0.052977047860622406
FR018906,0,0.021633422002196312
FR010632,0,0.03660979121923447
FR016813,0,0.004680218640714884
FR011980,0,0.006873786449432373
FR013787,0,0.02853011153638363
FR001559,0,0.010405800305306911
FR000887,0,0.004778670612722635
FR000440,0,0.06208691745996475
FR009145,0,0.007910654880106449
FR015558,0,0.01924583502113819
FR002666,0,0.07537195086479187
FR000905,0,0.0036559049040079117
FR000102,0,0.0069988686591386795
FR014187,0,0.016645321622490883
FR003440,0,0.028069447726011276
FR008908,0,0.004427209030836821
FR004191,0,0.049422040581703186
FR002323,0,0.11134815216064453
FR017907,0,0.005336569622159004
FR017703,0,0.01965007372200489
FR012499,0,0.00473557785153389
FR017291,0,0.009906510822474957
FR010414,0,0.009618973359465599
FR010132,0,0.0065611558966338634
FR009366,0,0.005088107660412788
FR019787,0,0.025841351598501205
FR007446,0,0.007053331471979618
FR004147,0,0.010585930198431015
FR010364,0,0.05150296539068222
FR002918,0,0.012159151956439018
FR005360,0,0.027689578011631966
FR012052,0,0.006941286846995354
FR003568,0,0.005119183100759983
FR010196,0,0.006102835293859243
FR008087,0,0.012896164320409298
FR003894,0,0.010012639686465263
FR014796,0,0.005458912346512079
FR019075,0,0.0035434241872280836
FR018264,0,0.0033426559530198574
FR006494,0,0.006652588490396738
FR014386,0,0.048967525362968445
FR014644,0,0.00701169902458787
FR005315,0,0.11019010841846466
FR017007,0,0.005302412901073694
FR017643,0,0.020034311339259148
FR014999,0,0.00416348734870553
FR012566,0,0.020514173433184624
FR005676,0,0.005894878413528204
FR000937,0,0.0055870977230370045
FR017968,0,0.01353389210999012
FR016483,0,0.018171468749642372
FR009434,0,0.004793738014996052
FR008932,0,0.009276047348976135
FR005671,0,0.013879621401429176
FR009387,0,0.005051373038440943
FR003530,0,0.0032773627899587154
FR015236,0,0.008535347878932953
FR015819,0,0.0032485767733305693
FR000466,0,0.0032224077731370926
FR018968,0,0.008486579172313213
FR019095,0,0.017546910792589188
FR012151,0,0.031019985675811768
FR018441,0,0.0028870406094938517
FR002822,0,0.014584161341190338
FR017521,0,0.005215121433138847
FR012676,0,0.005005707964301109
FR006549,0,0.05670321360230446
FR017198,0,0.003962078131735325
FR012142,0,0.02367260865867138
FR008602,0,0.008990304544568062
FR011791,0,0.024052752181887627
FR008024,0,0.10163143277168274
FR014255,0,0.006037512794137001
FR013657,0,0.041433341801166534
FR003519,0,0.006511354353278875
FR010480,0,0.0056581697426736355
FR012791,0,0.0131384851410985
FR007462,0,0.009621904231607914
FR009917,0,0.03155127540230751
FR011657,0,0.022998156026005745
FR013305,0,0.00927340891212225
FR002507,0,0.004727994557470083
FR014312,0,0.01849091798067093
FR000010,0,0.012787315994501114
FR002608,0,0.00363682652823627
FR011414,0,0.05091307312250137
FR017848,0,0.02073083072900772
FR001427,0,0.0068342299200594425
FR001677,0,0.0048004332929849625
FR014329,0,0.010408343747258186
FR010194,0,0.04834259673953056
FR017969,0,0.010143124498426914
FR004634,0,0.015352174639701843
FR016636,0,0.003261364297941327
FR000491,0,0.00378432497382164
FR016257,0,0.00368888839147985
FR018223,0,0.02426864393055439
FR011171,0,0.014637765474617481
FR001042,0,0.010379836894571781
FR015696,0,0.00595490075647831
FR017452,0,0.004132349044084549
FR007725,0,0.0033642821945250034
FR012792,0,0.01104145497083664
FR005127,0,0.027782341465353966
FR012459,0,0.008114279247820377
FR007911,0,0.006397389341145754
FR010203,0,0.005166434682905674
FR014858,0,0.005939503666013479
FR014096,0,0.01719922199845314
FR003777,0,0.01154741644859314
FR007951,0,0.005478458479046822
FR001238,0,0.006762607954442501
FR000372,0,0.0049841138534247875
FR009927,0,0.0037520844489336014
FR010909,0,0.018341975286602974
FR007696,0,0.03284294530749321
FR002196,0,0.004186706617474556
FR012643,0,0.014563843607902527
FR017957,0,0.012976668775081635
FR007617,0,0.004621489439159632
FR002544,0,0.0035719680599868298
FR004311,0,0.005376447923481464
FR006233,0,0.005349684040993452
FR010580,0,0.0057229758240282536
FR008863,0,0.01380502711981535
FR019671,0,0.007575247902423143
FR018684,0,0.04999705031514168
FR019844,0,0.005627956707030535
FR013120,0,0.010061312466859818
FR014679,0,0.006782992742955685
FR004335,0,0.018746478483080864
FR016218,0,0.005122283007949591
FR015363,0,0.028993435204029083
FR019704,0,0.00585555424913764
FR003479,0,0.011161651462316513
FR003611,0,0.0035770651884377003
FR003944,0,0.005657040048390627
FR007239,0,0.021164793521165848
FR003600,0,0.008008568547666073
FR015093,0,0.005589967127889395
FR001275,0,0.009837535209953785
FR000319,0,0.011596393771469593
FR000885,0,0.007817874662578106
FR018601,0,0.00450562871992588
FR001614,0,0.0052799866534769535
FR015577,0,0.004230786114931107
FR002994,0,0.09675478935241699
FR004121,0,0.006189445964992046
FR012037,0,0.009700054302811623
FR019246,0,0.006650909315794706
FR016722,0,0.0032901340164244175
FR015336,0,0.006289702374488115
FR000437,0,0.01065391767770052
FR017099,0,0.024824708700180054
FR005318,0,0.0044024339877069
FR007417,0,0.004770259838551283
FR019822,0,0.009014646522700787
FR014164,0,0.005308434367179871
FR011020,0,0.004264924209564924
FR011433,0,0.010348662734031677
FR001079,0,0.02228609286248684
FR018946,0,0.031245343387126923
FR000332,0,0.05966578796505928
FR019573,0,0.0032781106419861317
FR001608,0,0.011642888188362122
FR008726,0,0.004684167448431253
FR006892,0,0.013658062554895878
FR001685,0,0.019666966050863266
FR001840,0,0.005335731897503138
FR012656,0,0.003959606401622295
FR001494,0,0.006625509355217218
FR001868,0,0.01429574191570282
FR019693,0,0.0071162451058626175
FR017617,0,0.007542253006249666
FR016120,0,0.00508134113624692
FR006428,0,0.009201976470649242
FR015479,0,0.004708767868578434
FR014477,0,0.005429265554994345
FR003976,0,0.048943549394607544
FR005099,0,0.004841839894652367
FR008991,0,0.005612928885966539
FR003755,0,0.005120592191815376
FR014114,0,0.004660532809793949
FR000527,0,0.1132819727063179
FR018335,0,0.005521839018911123
FR016981,0,0.007491124793887138
FR007593,0,0.01897948421537876
FR015856,0,0.004905117210000753
FR001912,0,0.0034151440486311913
FR003343,0,0.0057921018451452255
FR018377,0,0.0036691606510430574
FR005401,0,0.0830126702785492
FR002589,0,0.0029855428729206324
FR014345,0,0.047251418232917786
FR006275,0,0.13327835500240326
FR011459,0,0.010994862765073776
FR003047,0,0.005647775251418352
FR000580,0,0.0062976740300655365
FR012679,0,0.03190665319561958
FR011437,0,0.03043273650109768
FR004573,0,0.006340519990772009
FR018290,0,0.020804455503821373
FR011392,0,0.018042083829641342
FR004515,0,0.0054862163960933685
FR013630,0,0.007307307794690132
FR019057,0,0.00751392962411046
FR003311,0,0.0040192012675106525
FR006992,0,0.00672951340675354
FR010136,0,0.01442943699657917
FR011855,0,0.04054872319102287
FR017734,0,0.035691890865564346
FR015482,0,0.002753362525254488
FR004020,0,0.008848162367939949
FR000271,0,0.009908527135848999
FR000645,0,0.014604019932448864
FR010317,0,0.0052952952682971954
FR003424,0,0.007029520347714424
FR016158,0,0.011200759559869766
FR003946,0,0.005567661952227354
FR012168,0,0.006476881913840771
FR004124,0,0.01541153620928526
FR019570,0,0.007577754091471434
FR019390,0,0.005717865657061338
FR005350,0,0.022327836602926254
FR000703,0,0.016960805281996727
FR002882,0,0.004728151485323906
FR014902,0,0.022432643920183182
FR015802,0,0.00739537226036191
FR009644,0,0.02198430895805359
FR011638,0,0.010511688888072968
FR016591,0,0.003679928369820118
FR012325,0,0.005036670248955488
FR008654,0,0.039398688822984695
FR005075,0,0.013521668501198292
FR004389,0,0.005637688562273979
FR003835,0,0.0065178475342690945
FR009823,0,0.007894344627857208
FR001823,0,0.0031905730720609426
FR003456,0,0.0060231625102460384
FR016967,0,0.00766443507745862
FR001741,0,0.007873845286667347
FR012491,0,0.005694353953003883
FR002850,0,0.0037384149618446827
FR010316,0,0.005984430201351643
FR004675,1,0.046371184289455414
FR006048,0,0.012511142529547215
FR001407,0,0.006161962170153856
FR013670,0,0.005861758254468441
FR018602,0,0.0034709114115685225
FR010804,0,0.007887423038482666
FR003312,0,0.03783245384693146
FR008702,0,0.007663169410079718
FR002755,0,0.01816549338400364
FR010154,0,0.002533775521442294
FR014982,0,0.04597865417599678
FR011228,0,0.04087519645690918
FR012029,0,0.004486991558223963
FR000390,0,0.015108908526599407
FR002869,0,0.014530151151120663
FR014316,0,0.005325686652213335
FR012028,0,0.007992840372025967
FR014059,0,0.009206529706716537
FR009127,0,0.0463138185441494
FR005028,0,0.02334388718008995
FR009195,0,0.008494419045746326
FR005172,0,0.00407099025323987
FR016929,0,0.041401397436857224
FR002633,0,0.004291057121008635
FR008811,0,0.008959467522799969
FR009971,0,0.008464879356324673
FR018357,0,0.007823602296411991
FR008690,0,0.007533541880548
FR017169,0,0.011007008142769337
FR019262,0,0.011705232784152031
FR019840,0,0.0072728549130260944
FR012041,0,0.049222614616155624
FR007535,0,0.003692495170980692
FR003080,0,0.021527377888560295
FR019873,0,0.0032623782753944397
FR017141,0,0.028867391869425774
FR002745,1,0.04978521168231964
FR013764,0,0.02843947894871235
FR014060,0,0.05047781765460968
FR009784,0,0.009948247112333775
FR009682,0,0.010483485646545887
FR009209,0,0.005516494624316692
FR012358,0,0.005588645115494728
FR005797,0,0.0072033158503472805
FR005511,0,0.009201849810779095
FR012806,0,0.01835133321583271
FR012951,0,0.009192381985485554
FR019418,0,0.003432039637118578
FR013109,0,0.005702007561922073
FR004988,0,0.015811311081051826
FR001567,0,0.008568382821977139
FR001669,0,0.004803552757948637
FR005043,0,0.00396080082282424
FR005990,0,0.009022756479680538
FR018757,0,0.007534921634942293
FR008519,0,0.004691618494689465
FR017787,0,0.007995747961103916
FR010588,0,0.005418297369033098
FR003993,0,0.00774809904396534
FR007579,0,0.014505528844892979
FR014889,0,0.008804644457995892
FR010355,0,0.009178655222058296
FR008691,0,0.005382034927606583
FR003781,0,0.16846923530101776
FR018376,0,0.003234228817746043
FR018677,0,0.007615247741341591
FR019967,0,0.008955530822277069
FR004954,0,0.008404700085520744
FR011334,1,0.1869121789932251
FR007197,0,0.013582016341388226
FR013836,0,0.008235571905970573
FR008523,0,0.022464346140623093
FR003439,0,0.01811409927904606
FR002710,0,0.003864408005028963
FR019560,0,0.004987248219549656
FR017965,0,0.0061532543040812016
FR014815,0,0.023672183975577354
FR018008,0,0.01841711439192295
FR019260,0,0.017688486725091934
FR016255,0,0.011571640148758888
FR007584,0,0.008017715066671371
FR001420,0,0.0077076256275177
FR014264,0,0.010541761294007301
FR016701,0,0.018237408250570297
FR017651,0,0.007985641248524189
FR001387,0,0.017306728288531303
FR006706,0,0.0033934565726667643
FR017495,0,0.012566805817186832
FR007648,0,0.017630072310566902
FR000800,0,0.011907046660780907
FR011426,0,0.0040478697046637535
FR011168,0,0.0066611273214221
FR018808,0,0.015430469997227192
FR012554,0,0.006114284973591566
FR002390,0,0.007463030517101288
FR000093,0,0.007621120195835829
FR006109,0,0.10855520516633987
FR000456,0,0.00596420606598258
FR012697,0,0.009817810729146004
FR012591,0,0.009095207788050175
FR004327,0,0.010754909366369247
FR018231,0,0.004297618288546801
FR010820,0,0.0029873731546103954
FR013923,0,0.009842153638601303
FR014286,0,0.0051073310896754265
FR014624,0,0.0035034052561968565
FR015194,0,0.004884807392954826
FR000069,0,0.020516132935881615
FR010398,0,0.00973763968795538
FR001430,0,0.009011384099721909
FR005661,0,0.010455461218953133
FR010295,0,0.00880966056138277
FR001085,0,0.0059408326633274555
FR013942,0,0.007482270244508982
FR011895,0,0.032230403274297714
FR000529,0,0.005780559033155441
FR008041,0,0.030210096389055252
FR002285,0,0.004354231990873814
FR003280,0,0.01372151356190443
FR013752,0,0.010702407918870449
FR012657,0,0.01741546392440796
FR009876,0,0.061046302318573
FR001186,0,0.06167638301849365
FR003347,0,0.0048881396651268005
FR017209,0,0.02119477093219757
FR006719,0,0.019032688811421394
FR001501,0,0.01852468214929104
FR015490,0,0.011824319139122963
FR019747,0,0.009830037131905556
FR010461,0,0.004013869911432266
FR007159,0,0.008108519949018955
FR013437,0,0.003198315156623721
FR019994,0,0.004206671845167875
FR013367,0,0.01101093739271164
FR011668,0,0.005971588660031557
FR013273,0,0.007285234984010458
FR013916,0,0.004746872931718826
FR009771,0,0.008485817350447178
FR004240,0,0.014564589597284794
FR016872,0,0.014336309395730495
FR000751,0,0.011865871958434582
FR006908,0,0.0056487019173800945
FR006659,0,0.005382501985877752
FR016395,0,0.0440685972571373
FR008152,0,0.02759098820388317
FR013589,0,0.02160780131816864
FR003803,0,0.006403351202607155
FR015947,0,0.02744768001139164
FR002437,0,0.01027887687087059
FR015990,0,0.00656075170263648
FR016811,0,0.011984055861830711
FR001417,0,0.05421346798539162
FR004718,0,0.006478128023445606
FR013133,0,0.003739384701475501
FR018795,0,0.007967031560838223
FR015724,0,0.02055598422884941
FR008391,0,0.008369076997041702
FR007304,0,0.00826862920075655
FR004035,0,0.006106196902692318
FR018258,0,0.027500394731760025
FR011587,0,0.004276758525520563
FR015115,0,0.014461221173405647
FR001437,0,0.010493006557226181
FR015187,0,0.007844408974051476
FR012804,0,0.053515732288360596
FR001276,0,0.011720975860953331
FR009109,0,0.011151483282446861
FR015686,0,0.015000397339463234
FR009625,0,0.21957121789455414
FR007332,0,0.015637973323464394
FR012275,0,0.06594682484865189
FR016442,0,0.03138988837599754
FR006380,0,0.009879080578684807
FR010898,0,0.07340329140424728
FR006820,0,0.005422176327556372
FR006449,0,0.007054630666971207
FR019181,0,0.004497963469475508
FR006351,0,0.012991402298212051
FR016958,0,0.02992432937026024
FR002865,0,0.024513404816389084
FR018884,0,0.006405262276530266
FR014974,0,0.003930010832846165
FR010568,0,0.03788544610142708
FR004676,0,0.009399793110787868
FR010960,0,0.01584370993077755
FR010444,0,0.017454486340284348
FR013966,0,0.006207440048456192
FR003510,0,0.005817190278321505
FR010895,0,0.00568107794970274
FR016492,0,0.08032794296741486
FR015500,0,0.013496923260390759
FR017995,0,0.004461256321519613
FR017056,0,0.003247202606871724
FR013542,0,0.004457179456949234
FR018577,0,0.004722137004137039
FR002583,0,0.003562679747119546
FR013712,0,0.0053832982666790485
FR014811,0,0.014326939359307289
FR006589,0,0.004625672474503517
FR000840,0,0.015356773510575294
FR016157,0,0.0050047910772264
FR015042,0,0.043059948831796646
FR004652,0,0.020231567323207855
FR017225,0,0.03985687345266342
FR000150,0,0.006684715393930674
FR004132,0,0.0031809608917683363
FR004546,0,0.00970091950148344
FR002404,0,0.006166142411530018
FR018459,0,0.006240047048777342
FR015627,0,0.03186532109975815
FR012896,0,0.017602896317839622
FR004323,0,0.009202237240970135
FR005384,0,0.01049723569303751
FR006678,0,0.004831642843782902
FR018325,0,0.006388530135154724
FR016370,0,0.011303618550300598
FR017312,0,0.015193792060017586
FR012834,0,0.012377167120575905
FR008195,0,0.03263130038976669
FR004879,0,0.00984195340424776
FR003062,0,0.05494346842169762
FR011390,0,0.018682681024074554
FR012667,0,0.007813614793121815
FR016199,0,0.00713664386421442
FR004422,0,0.00721543887630105
FR001447,0,0.004528829362243414
FR013019,0,0.007920496165752411
FR012024,0,0.005126381758600473
FR010974,0,0.0590403787791729
FR019910,0,0.008277803659439087
FR014160,0,0.00801092479377985
FR006886,0,0.003909336403012276
FR013303,0,0.011625923216342926
FR001594,0,0.00813896581530571
FR014573,0,0.025627609342336655
FR001296,0,0.00960829108953476
FR006501,0,0.005306433420628309
FR013952,0,0.01604991778731346
FR001175,0,0.008442133665084839
FR013759,0,0.013402517884969711
FR000802,0,0.01800718531012535
FR015024,0,0.0076294331811368465
FR002029,0,0.021089496091008186
FR002914,0,0.02157749980688095
FR008274,0,0.011552784591913223
FR011671,0,0.006767647806555033
FR018241,0,0.011989391408860683
FR011000,0,0.003221874823793769
FR009933,0,0.03134489059448242
FR012352,0,0.003693951293826103
FR013967,0,0.08454649150371552
FR015933,0,0.004154728259891272
FR019188,0,0.2711426615715027
FR002565,0,0.010656607337296009
FR013840,0,0.013607414439320564
FR001821,0,0.02416049875319004
FR002962,0,0.0038151643238961697
FR009977,0,0.0054991883225739
FR000262,0,0.008103636093437672
FR001451,0,0.00552942231297493
FR012803,0,0.01415241975337267
FR004113,0,0.03970210999250412
FR012109,0,0.004839444532990456
FR004159,0,0.027451887726783752
FR002280,0,0.007591018918901682
FR008161,0,0.023101093247532845
FR018745,0,0.038983382284641266
FR014413,0,0.009762998670339584
FR012911,0,0.010976118966937065
FR010496,0,0.023387106135487556
FR015812,0,0.0051003145053982735
FR005400,0,0.018651697784662247
FR011799,0,0.012825722806155682
FR002626,0,0.03242006152868271
FR016495,0,0.0066894725896418095
FR017118,0,0.004582599736750126
FR006036,0,0.0031081896740943193
FR018921,0,0.004882296081632376
FR005923,0,0.003053016262128949
FR004681,0,0.0039824796840548515
FR015861,0,0.0049965232610702515
FR015153,0,0.006266074255108833
FR013593,0,0.005937665700912476
FR003221,0,0.01275274995714426
FR007238,0,0.00698062963783741
FR016938,0,0.009291594848036766
FR011918,0,0.012436658143997192
FR009969,0,0.011556907556951046
FR001621,0,0.009728268720209599
FR004217,0,0.004290097858756781
FR014977,0,0.004537333268672228
FR006108,0,0.0535452663898468
FR015571,0,0.008825450204312801
FR018804,0,0.010543880052864552
FR002765,0,0.004290126264095306
FR008982,0,0.03877691924571991
FR017514,0,0.005250623449683189
FR005637,0,0.006159092299640179
FR005225,0,0.005199751816689968
FR011956,0,0.005235527642071247
FR001288,0,0.002920939354225993
FR006258,0,0.009896661154925823
FR001459,0,0.006634601391851902
FR008525,0,0.008310730569064617
FR003100,0,0.007812783122062683
FR019836,0,0.0064968205988407135
FR014597,0,0.005318036302924156
FR017365,0,0.0037416648119688034
FR003032,0,0.012371543794870377
FR016312,0,0.035019561648368835
FR004998,0,0.006322196219116449
FR016142,0,0.0059656365774571896
FR019448,0,0.012975766323506832
FR003768,0,0.018567964434623718
FR015842,0,0.006140291225165129
FR009862,0,0.010642524808645248
FR000869,0,0.01649956963956356
FR016342,0,0.022655349224805832
FR011932,0,0.0045823086984455585
FR014033,0,0.009389392100274563
FR005042,0,0.0064599658362567425
FR007716,1,0.014108113944530487
FR018664,0,0.005390825215727091
FR017439,0,0.004509531892836094
FR002301,0,0.008037752471864223
FR002022,0,0.02165159024298191
FR019462,0,0.011455375701189041
FR009378,0,0.015397608280181885
FR001309,0,0.006573257502168417
FR009044,0,0.007207644637674093
FR000922,0,0.01266044843941927
FR010016,0,0.02116166241466999
FR016183,0,0.018438275903463364
FR012438,0,0.005770488176494837
FR012025,0,0.006127602886408567
FR016023,0,0.006706207059323788
FR014108,0,0.007057489827275276
FR018430,0,0.00764378672465682
FR003265,0,0.0063567571341991425
FR008102,0,0.003675851970911026
FR016624,0,0.0044981855899095535
FR003734,0,0.015790317207574844
FR010617,0,0.02077932097017765
FR010795,0,0.010173003189265728
FR018359,1,0.003954625688493252
FR008775,0,0.004522303584963083
FR012957,0,0.007010065950453281
FR002936,0,0.006030397489666939
FR014712,0,0.0029259014409035444
FR017451,0,0.00813485961407423
FR014700,0,0.05293377861380577
FR010504,0,0.008752219378948212
FR008659,0,0.019498560577630997
FR001740,0,0.012876051478087902
FR013814,0,0.012909311801195145
FR017546,0,0.0411565788090229
FR019632,0,0.008411955088376999
FR009333,0,0.013196876272559166
FR007899,0,0.005848920904099941
FR005528,0,0.0157172828912735
FR009067,0,0.006317557767033577
FR006872,0,0.008681696839630604
FR016415,0,0.014888574369251728
FR019576,0,0.019830839708447456
FR015200,0,0.010774102993309498
FR006658,0,0.005274962168186903
FR006491,0,0.007005148567259312
FR004494,0,0.04049935191869736
FR008070,0,0.011631370522081852
FR000121,0,0.004955219570547342
FR006950,0,0.015101452358067036
FR004728,0,0.014846168458461761
FR019626,0,0.03120565041899681
FR015925,0,0.006419684737920761
FR001739,0,0.057955123484134674
FR016504,0,0.034656308591365814
FR009371,0,0.005745058413594961
FR000567,0,0.010710074566304684
FR009837,0,0.005186013877391815
FR018173,0,0.007103137671947479
FR002796,0,0.01071922853589058
FR015619,0,0.011901920661330223
FR013450,0,0.006413136143237352
FR009422,0,0.12401695549488068
FR000603,0,0.028590261936187744
FR006260,0,0.005525055341422558
FR006433,0,0.014370950870215893
FR000807,0,0.003449454205110669
FR008377,0,0.004052337724715471
FR018592,0,0.01064212340861559
FR006400,0,0.01792873442173004
FR015877,0,0.006251903250813484
FR018063,0,0.019241150468587875
FR006352,0,0.006857425905764103
FR001350,0,0.01623988337814808
FR018198,0,0.008463019505143166
FR004709,0,0.003555856179445982
FR006870,0,0.004235798958688974
FR014494,0,0.0057534752413630486
FR018025,0,0.047002505511045456
FR012603,0,0.007109358441084623
FR017266,0,0.009474258869886398
FR014360,0,0.011371627449989319
FR005822,0,0.008985322900116444
FR006452,0,0.013163169845938683
FR013216,0,0.03043653815984726
FR011164,0,0.008877314627170563
FR015123,0,0.007204309105873108
FR004511,0,0.013700053095817566
FR001464,0,0.00899102259427309
FR013974,0,0.007132330909371376
FR015828,0,0.03661354258656502
FR012505,0,0.009387360885739326
FR005742,0,0.014484998770058155
FR013665,0,0.004828931298106909
FR010189,0,0.009436392225325108
FR000962,0,0.005877749528735876
FR008374,0,0.006136082578450441
FR017507,0,0.016832750290632248
FR011720,0,0.005465051159262657
FR018549,0,0.005574212875217199
FR002181,0,0.0035064928233623505
FR009522,0,0.013237451203167439
FR012492,0,0.007059047464281321
FR018358,0,0.014660526998341084
FR006152,0,0.005098930560052395
FR012710,0,0.007083635311573744
FR016590,0,0.0219067744910717
FR011713,0,0.007924471981823444
FR005509,0,0.004521515686064959
FR012370,0,0.008936172351241112
FR016511,0,0.004214977379888296
FR014542,0,0.02361360937356949
FR002186,0,0.036300305277109146
FR005846,0,0.005551627837121487
FR001511,0,0.027721930295228958
FR018197,0,0.004804831929504871
FR006450,0,0.013894359581172466
FR018514,0,0.011042974889278412
FR009818,0,0.008866132237017155
FR019723,0,0.007362747564911842
FR004999,0,0.021203458309173584
FR015613,0,0.005187977571040392
FR003192,0,0.01196044497191906
FR011879,0,0.006531707476824522
FR016859,0,0.006818653549998999
FR004391,0,0.017462288960814476
FR019320,0,0.01851338893175125
FR013374,0,0.01762455701828003
FR004906,0,0.015795720741152763
FR013722,0,0.018662724643945694
FR003498,0,0.0026648384518921375
FR006619,0,0.004955501761287451
FR004049,0,0.03144979849457741
FR013155,0,0.011092185974121094
FR019459,0,0.036987073719501495
FR009958,0,0.00919356383383274
FR003594,0,0.10165787488222122
FR018192,0,0.03169102594256401
FR003009,0,0.0074812076054513454
FR003407,0,0.012598656117916107
FR013382,0,0.01296263001859188
FR002772,0,0.02065342478454113
FR002947,0,0.02433895878493786
FR003373,0,0.02670796774327755
FR016377,0,0.007146432064473629
FR001550,0,0.020837407559156418
FR016299,0,0.007904576137661934
FR004413,1,0.013860056176781654
FR010738,0,0.003907905425876379
FR012725,0,0.0026305827777832747
FR004411,1,0.014603368937969208
FR004633,0,0.009314296767115593
FR012859,0,0.008000541478395462
FR007104,0,0.008263325318694115
FR015806,0,0.007674407213926315
FR003759,0,0.014418814331293106
FR016631,0,0.01983577013015747
FR002182,0,0.006127480883151293
FR018842,0,0.016694195568561554
FR006003,0,0.01907762885093689
FR004643,0,0.004028682131320238
FR019653,0,0.011417880654335022
FR016368,0,0.005731102544814348
FR012596,0,0.004869341384619474
FR011763,0,0.007829074747860432
FR007908,0,0.00593270268291235
FR012098,1,0.03691687434911728
FR008997,0,0.012146197259426117
FR002939,0,0.007847066968679428
FR005746,0,0.009297882206737995
FR009026,0,0.010924027301371098
FR017139,0,0.005625635385513306
FR012548,0,0.006949048023670912
FR019327,0,0.004583807196468115
FR014632,0,0.004722123965620995
FR004131,0,0.005589275620877743
FR017888,0,0.011971776373684406
FR019815,0,0.0040882658213377
FR005874,0,0.006863384507596493
FR002651,0,0.026429433375597
FR013370,0,0.0051911259070038795
FR007758,0,0.007057195995002985
FR017316,0,0.010144421830773354
FR005090,0,0.017141960561275482
FR018249,0,0.007846621796488762
FR010063,0,0.006257961504161358
FR015752,0,0.02387895993888378
FR001231,0,0.018404550850391388
FR011254,0,0.00919191725552082
FR002972,0,0.006541383918374777
FR019366,0,0.007165064569562674
FR017906,0,0.0058435662649571896
FR016531,0,0.014582770876586437
FR007587,0,0.005549824796617031
FR004439,1,0.05839712172746658
FR016546,0,0.009381567128002644
FR018394,0,0.011611215770244598
FR005768,0,0.009242217056453228
FR017928,0,0.03678673878312111
FR019865,0,0.005078294780105352
FR015248,0,0.005954406689852476
FR001354,0,0.004086019936949015
FR016449,0,0.006120570935308933
FR014209,0,0.019550414755940437
FR011597,0,0.017060991376638412
FR013997,0,0.013314055278897285
FR004197,1,0.07437770068645477
FR019323,0,0.03229500725865364
FR013812,0,0.004514969885349274
FR002632,0,0.010061535984277725
FR004856,1,0.02201175130903721
FR003191,0,0.004556487780064344
FR012564,0,0.007216401863843203
FR008183,0,0.0355679914355278
FR005886,0,0.009083050303161144
FR018275,0,0.006586513482034206
FR007852,0,0.009395962581038475
FR000584,0,0.00601140595972538
FR009235,0,0.010517844930291176
FR017484,0,0.03814928978681564
FR004346,0,0.024958157911896706
FR008589,0,0.006432371214032173
FR008352,0,0.035662222653627396
FR001681,0,0.009009268134832382
FR010983,0,0.019744006916880608
FR009607,0,0.003273102454841137
FR011367,0,0.015636887401342392
FR018330,0,0.007290202658623457
FR010940,0,0.006278720684349537
FR001223,0,0.008040174841880798
FR014063,0,0.00637279124930501
FR009430,0,0.015372009016573429
FR019977,0,0.01624235324561596
FR014846,0,0.010394654236733913
FR013825,0,0.004521053750067949
FR001145,0,0.01817113347351551
FR013102,0,0.006393137853592634
FR016867,0,0.003419738495722413
FR018505,0,0.006486701779067516
FR017943,0,0.010343443602323532
FR007131,0,0.010729973204433918
FR000545,0,0.012134931050240993
FR014106,0,0.005322568118572235
FR006101,0,0.11895609647035599
FR015128,0,0.06572168320417404
FR010363,0,0.004184931516647339
FR014426,0,0.019673816859722137
FR002714,0,0.035085950046777725
FR015456,0,0.010099965147674084
FR019998,0,0.008626282215118408
FR014881,0,0.007013638503849506
FR005682,0,0.01344655454158783
FR008347,0,0.005597290582954884
FR000947,0,0.03534797951579094
FR008520,0,0.0036706249229609966
FR005560,0,0.010336246341466904
FR007350,0,0.04225499927997589
FR001187,0,0.0393003448843956
FR012932,0,0.01840069890022278
FR014717,0,0.007910070940852165
FR008701,0,0.014494006521999836
FR008687,0,0.014921572059392929
FR017750,0,0.014199833385646343
FR008184,0,0.010804842226207256
FR009962,0,0.010111793875694275
FR015691,0,0.012326308526098728
FR010388,0,0.013437329791486263
FR015389,0,0.009552796371281147
FR001943,0,0.011080903932452202
FR017478,0,0.008297093212604523
FR010894,0,0.007341672666370869
FR000284,0,0.005902305245399475
FR008737,0,0.04471007362008095
FR012139,0,0.011486261151731014
FR004973,0,0.01083392184227705
FR010167,0,0.5539459586143494
FR018409,0,0.005728839430958033
FR005523,0,0.01688287779688835
FR001038,0,0.12165572494268417
FR015522,0,0.012978422455489635
FR008271,0,0.0035542596597224474
FR017125,0,0.006238426547497511
FR018429,0,0.006654706317931414
FR008640,0,0.007287014741450548
FR002237,0,0.0053571234457194805
FR001188,0,0.00753945903852582
FR006232,0,0.0093383165076375
FR006047,0,0.015231010504066944
FR019907,0,0.006036668550223112
FR018149,0,0.018497731536626816
FR008590,0,0.005186171270906925
FR017434,0,0.01563917100429535
FR001882,0,0.01711805909872055
FR004641,0,0.020064521580934525
FR003245,0,0.006636675447225571
FR019346,0,0.005327594466507435
FR019538,0,0.004091449081897736
FR011380,0,0.020202206447720528
FR006376,0,0.008413729257881641
FR008441,0,0.006692264229059219
FR003220,0,0.007486697752028704
FR002981,0,0.005869084503501654
FR001942,0,0.01588381454348564
FR003150,0,0.035582005977630615
FR002116,0,0.015377992764115334
FR004957,0,0.005778736900538206
FR005503,0,0.02961179055273533
FR017921,0,0.007716700434684753
FR008311,0,0.028566353023052216
FR008164,0,0.003994470462203026
FR009817,0,0.0149539178237319
FR012805,0,0.00439866166561842
FR002579,0,0.013440970331430435
FR016655,0,0.07645918428897858
FR017157,0,0.06412851065397263
FR006388,0,0.003917544614523649
FR010806,0,0.008932710625231266
FR014383,0,0.04144150763750076
FR008890,0,0.019819380715489388
FR013441,0,0.007699282374233007
FR004548,0,0.008655156008899212
FR014357,0,0.0059285843744874
FR012507,1,0.32164663076400757
FR013581,0,0.004315171390771866
FR004341,0,0.00968592893332243
FR016288,0,0.01378850918263197
FR001071,0,0.004742469172924757
FR009242,0,0.01215298566967249
FR016087,0,0.0032704989425837994
FR007721,0,0.013572430238127708
FR004892,0,0.008343144319951534
FR008270,0,0.004813479259610176
FR005696,0,0.007863604463636875
FR004380,0,0.02729671448469162
FR003188,0,0.028307823464274406
FR007203,0,0.005627564154565334
FR013138,0,0.1508057862520218
FR017346,0,0.016136588528752327
FR018729,0,0.04463949054479599
FR005745,0,0.014471220783889294
FR009918,0,0.003919340670108795
FR014019,0,0.004361611790955067
FR013653,0,0.0023175228852778673
FR012785,0,0.00956939160823822
FR006561,0,0.004106532782316208
FR017072,0,0.004810944199562073
FR001671,0,0.005778424441814423
FR013139,0,0.007040025666356087
FR009444,0,0.01148046925663948
FR002523,0,0.01173962652683258
FR015631,0,0.008779902011156082
FR000896,0,0.05853922292590141
FR002389,0,0.004958976060152054
FR009200,0,0.006990890018641949
FR014706,0,0.00680035213008523
FR019734,0,0.007477462757378817
FR019742,0,0.016463086009025574
FR000324,0,0.023442355915904045
FR007098,0,0.00727410102263093
FR016672,0,0.007562682498246431
FR018983,0,0.01177156250923872
FR010409,0,0.00372294127009809
FR017469,0,0.012518709525465965
FR008079,1,0.009282455779612064
FR001590,0,0.015513191930949688
FR010512,0,0.026404347270727158
FR008684,0,0.004759297706186771
FR007577,0,0.005185089074075222
FR005988,0,0.014419546350836754
FR017140,0,0.018669217824935913
FR014722,0,0.012989446520805359
FR004716,0,0.03577316179871559
FR014975,0,0.006084923166781664
FR010705,0,0.006221867632120848
FR016822,0,0.008263462223112583
FR017349,0,0.02300175279378891
FR011066,0,0.00579239334911108
FR011409,0,0.009894662536680698
FR015944,0,0.012653065845370293
FR015245,0,0.02219441533088684
FR000574,0,0.018759122118353844
FR005977,0,0.003098849905654788
FR010805,0,0.007650140672922134
FR008658,0,0.0074932761490345
FR000642,0,0.008508394472301006
FR011090,0,0.010456200689077377
FR015443,0,0.029919516295194626
FR008430,0,0.014849063009023666
FR011644,0,0.007418584078550339
FR013869,0,0.005373129155486822
FR010383,0,0.010876565240323544
FR019046,0,0.005878635216504335
FR001598,0,0.005545061081647873
FR014352,0,0.0038548288866877556
FR008061,0,0.015565011650323868
FR007638,0,0.0053058043122291565
FR004203,0,0.0043157595209777355
FR013148,0,0.006133596412837505
FR007986,0,0.009172984398901463
FR005526,0,0.00927642360329628
FR008792,0,0.028737308457493782
FR013048,0,0.014442862942814827
FR001552,0,0.010239503346383572
FR001411,0,0.004502340219914913
FR001120,0,0.004514703992754221
FR005148,0,0.011267215013504028
FR016714,0,0.022471874952316284
FR001147,0,0.0046427296474576
FR003984,0,0.0037420326843857765
FR001788,0,0.005069864448159933
FR014598,0,0.03700258210301399
FR012584,0,0.0036750398576259613
FR017716,0,0.010815484449267387
FR004039,0,0.02158862166106701
FR015220,0,0.012320389039814472
FR008529,0,0.0027909730561077595
FR010164,0,0.017868734896183014
FR011358,0,0.5926877856254578
FR006543,0,0.006101973354816437
FR008512,0,0.03787757456302643
FR019427,0,0.0050138491205871105
FR018161,0,0.005117211490869522
FR007505,0,0.020652560517191887
FR007362,0,0.00816706009209156
FR011982,0,0.005478375591337681
FR018515,0,0.006326751317828894
FR011323,0,0.006219135131686926
FR008103,0,0.011513786390423775
FR009545,0,0.0027087426278740168
FR017245,0,0.00700122257694602
FR015931,0,0.013440893962979317
FR009129,0,0.0068740700371563435
FR000406,0,0.09352682530879974
FR013719,0,0.007533402647823095
FR018721,0,0.005776247009634972
FR006973,0,0.029350684955716133
FR006999,0,0.13207712769508362
FR001900,0,0.011073904111981392
FR008223,0,0.009130959399044514
FR006326,0,0.008700939826667309
FR011078,0,0.005321528296917677
FR003124,0,0.016455281525850296
FR004464,0,0.0168471559882164
FR007099,0,0.01775357872247696
FR010451,0,0.010191207751631737
FR016364,0,0.007150766905397177
FR002040,0,0.008860364556312561
FR002457,0,0.0057550761848688126
FR014436,1,0.04070292413234711
FR009576,0,0.03808240219950676
FR010484,0,0.016177291050553322
FR013894,0,0.08557405322790146
FR019170,0,0.009082607924938202
FR017761,0,0.008694041520357132
FR005958,0,0.020423034206032753
FR014030,0,0.009089966304600239
FR007563,0,0.005392679013311863
FR008926,0,0.005998135078698397
FR003210,0,0.004090502858161926
FR008421,0,0.003919592127203941
FR006540,0,0.005783634725958109
FR002696,0,0.007923928089439869
FR012187,0,0.0072534941136837006
FR000342,0,0.018280906602740288
FR017684,1,0.00438337679952383
FR012768,0,0.005180262960493565
FR005692,0,0.017871439456939697
FR009297,0,0.03592881187796593
FR004660,0,0.004158628638833761
FR019729,0,0.013027526438236237
FR013521,0,0.01603439822793007
FR004465,0,0.004715407732874155
FR003020,0,0.036557380110025406
FR004727,0,0.04860217124223709
FR008941,0,0.024067800492048264
FR016459,0,0.015021322295069695
FR006038,0,0.008317166939377785
FR015002,0,0.00575576676055789
FR006904,0,0.0025943259242922068
FR018984,0,0.008214998058974743
FR009668,0,0.04487790912389755
FR012420,0,0.009777179919183254
FR007567,0,0.005363906268030405
FR005312,0,0.027006670832633972
FR008073,0,0.03656511753797531
FR001763,0,0.016079749912023544
FR013709,0,0.005243866238743067
FR018572,0,0.03271733969449997
FR007082,0,0.011801770888268948
FR003982,0,0.032498691231012344
FR005410,0,0.0037382179871201515
FR000083,0,0.010604850016534328
FR013956,0,0.008906579576432705
FR010586,0,0.013759574852883816
FR019602,0,0.005904790014028549
FR001531,0,0.009250638075172901
FR004524,0,0.009040005505084991
FR014236,0,0.0037500138860195875
FR000481,0,0.012839320115745068
FR015871,0,0.011311236768960953
FR008917,0,0.005277299787849188
FR018095,0,0.007412592880427837
FR006121,0,0.004648914560675621
FR014363,0,0.0049851685762405396
FR001439,0,0.007811570540070534
FR013797,0,0.0033307403791695833
FR008510,0,0.016435353085398674
FR009455,0,0.023013712838292122
FR010416,0,0.009649642743170261
FR003059,0,0.011574639938771725
FR002938,0,0.005780007690191269
FR015587,0,0.009629922918975353
FR017961,0,0.023603590205311775
FR015899,0,0.006278943736106157
FR008693,0,0.0032832857687026262
FR013948,0,0.0043961480259895325
FR013598,0,0.0054739685729146
FR016759,0,0.004930207971483469
FR015993,0,0.015573219396173954
FR015365,0,0.1220918819308281
FR003282,0,0.01587815023958683
FR014318,0,0.01374788023531437
FR019242,1,0.005990716628730297
FR000591,0,0.014927034266293049
FR009973,0,0.004941163584589958
FR004917,0,0.005614201072603464
FR000316,0,0.007856427691876888
FR010642,0,0.015683680772781372
FR003907,0,0.008447951637208462
FR013166,0,0.004380096681416035
FR000362,0,0.004302900284528732
FR008080,0,0.004069287329912186
FR003098,0,0.010507973842322826
FR000813,0,0.009024175815284252
FR019558,0,0.031277868896722794
FR011314,0,0.005704505834728479
FR003819,0,0.003781354520469904
FR001592,0,0.018576446920633316
FR007385,0,0.004984281957149506
FR018496,0,0.004951917566359043
FR002120,0,0.0151475565508008
FR003942,0,0.011620039120316505
FR018975,1,0.01487206481397152
FR000486,0,0.14908263087272644
FR012231,0,0.008585790172219276
FR001150,0,0.007471151649951935
FR019303,0,0.005520048085600138
FR019878,0,0.005109085701406002
FR006066,0,0.005684936419129372
FR015729,0,0.00543014332652092
FR019966,0,0.009316366165876389
FR010349,0,0.008180311881005764
FR008837,0,0.00862415786832571
FR001278,0,0.003003307618200779
FR003974,0,0.016033930703997612
FR009860,0,0.13697394728660583
FR016067,0,0.01407064963132143
FR017339,0,0.007170303259044886
FR007009,0,0.010264599695801735
FR009255,0,0.03835620358586311
FR019923,0,0.004148788284510374
FR010028,0,0.009289689362049103
FR019495,0,0.006388214882463217
FR019758,0,0.008459954522550106
FR001510,0,0.006054072640836239
FR004014,0,0.003997336141765118
FR019121,0,0.02100091427564621
FR015315,0,0.005970895756036043
FR006485,0,0.003480667481198907
FR002724,0,0.005853153299540281
FR014549,0,0.005409061908721924
FR005542,0,0.006180725991725922
FR007269,0,0.008266017772257328
FR002638,0,0.007515295408666134
FR010858,0,0.005476499907672405
FR004739,0,0.0032995808869600296
FR004836,0,0.006615411955863237
FR000955,0,0.005608140025287867
FR018242,0,0.007847597822546959
FR008411,0,0.005533723626285791
FR012002,0,0.004641779698431492
FR009991,0,0.012129302136600018
FR019319,0,0.025935055688023567
FR019901,0,0.005746354814618826
FR014870,0,0.004952267277985811
FR000399,0,0.006844804622232914
FR008287,0,0.012285460717976093
FR005772,0,0.03781069442629814
FR014570,0,0.005246799439191818
FR002171,0,0.015688709914684296
FR001202,0,0.012412668205797672
FR009231,0,0.008724311366677284
FR001408,0,0.008083408698439598
FR019784,0,0.0052431002259254456
FR008564,0,0.01906115934252739
FR015497,0,0.003582969307899475
FR006705,0,0.005046141799539328
FR000101,0,0.007237110286951065
FR002675,0,0.006659698206931353
FR016319,0,0.017905065789818764
FR011867,0,0.018554138019680977
FR002634,0,0.015091490931808949
FR018678,0,0.005775956436991692
FR019915,0,0.004823052790015936
FR000870,0,0.007055686321109533
FR001297,0,0.006248198449611664
FR014132,0,0.0043398612178862095
FR003722,0,0.004422787111252546
FR010947,0,0.014883323572576046
FR014490,0,0.012356346473097801
FR017362,0,0.01132398284971714
FR018900,0,0.007075480185449123
FR011356,0,0.0027609539683908224
FR019831,0,0.006899830885231495
FR006348,0,0.10663653910160065
FR004811,0,0.013435008935630322
FR009909,0,0.008476297371089458
FR000065,0,0.04874343052506447
FR017463,0,0.011621825397014618
FR016851,0,0.007576710544526577
FR012368,0,0.015454285778105259
FR005445,0,0.008006083779036999
FR002682,0,0.01249335240572691
FR003978,0,0.010031255893409252
FR009648,0,0.007082055788487196
FR014192,0,0.016087908297777176
FR014818,0,0.17611761391162872
FR007296,0,0.006602122448384762
FR011465,0,0.009437876753509045
FR009086,0,0.012151398696005344
FR019652,0,0.007304088678210974
FR005271,1,0.6021621823310852
FR019377,0,0.004511366132646799
FR013883,0,0.0158228762447834
FR012751,0,0.004721513949334621
FR016155,0,0.002768944948911667
FR015888,0,0.003321216907352209
FR006768,0,0.006610080599784851
FR007497,0,0.014011219143867493
FR019192,0,0.006783133838325739
FR011036,0,0.005402980837970972
FR010754,0,0.04742381349205971
FR018750,0,0.04448065534234047
FR011615,0,0.0073006004095077515
FR004708,0,0.009880498982965946
FR002668,0,0.013383029960095882
FR011576,0,0.006331600248813629
FR018539,0,0.01631547510623932
FR010513,0,0.0869448333978653
FR015349,0,0.008001919835805893
FR013558,0,0.00874411966651678
FR004062,0,0.003717504907399416
FR009932,0,0.0027441305574029684
FR003558,0,0.012003917247056961
FR014728,0,0.00668607372790575
FR015151,0,0.007279150653630495
FR010570,0,0.007823965512216091
FR011097,0,0.004991014022380114
FR018180,0,0.008427592925727367
FR016660,0,0.00501452898606658
FR000375,0,0.0034413582179695368
FR000606,0,0.00906403549015522
FR006177,0,0.005804168991744518
FR017767,0,0.02955818735063076
FR001487,0,0.013770371675491333
FR018873,0,0.03078613430261612
FR009021,0,0.00839052814990282
FR005391,0,0.00831115897744894
FR005784,0,0.010510928928852081
FR016740,0,0.0043534752912819386
FR003744,0,0.011611723341047764
FR019571,0,0.014733527787029743
FR001650,0,0.008145423606038094
FR004923,0,0.005787005182355642
FR009126,0,0.007824009284377098
FR018472,0,0.009591126814484596
FR005932,0,0.003055051900446415
FR004230,0,0.004024312365800142
FR019517,0,0.011013508774340153
FR009669,0,0.005904412362724543
FR009050,0,0.004154327791184187
FR005433,0,0.009722542949020863
FR004024,0,0.00613244017586112
FR009405,0,0.025735147297382355
FR018933,0,0.00545418681576848
FR010663,0,0.004605102352797985
FR008197,0,0.002791046164929867
FR002685,0,0.6187873482704163
FR009449,0,0.02280886285007
FR009352,1,0.03201892971992493
FR003924,0,0.005346295423805714
FR009059,0,0.013679328374564648
FR009528,0,0.00576099194586277
FR010644,0,0.008024551905691624
FR010574,0,0.020847225561738014
FR005928,0,0.005434793885797262
FR017710,0,0.10489363223314285
FR006255,0,0.00725035322830081
FR001215,0,0.012475904077291489
FR019777,0,0.005906612612307072
FR019798,0,0.01166540663689375
FR004940,0,0.02482796460390091
FR010989,0,0.0035467862617224455
FR010662,0,0.02897539548575878
FR002698,0,0.016493959352374077
FR009866,0,0.005459129810333252
FR014324,0,0.008569184690713882
FR018327,0,0.008647901006042957
FR002913,0,0.024154968559741974
FR015526,1,0.006406795233488083
FR008385,0,0.007738001644611359
FR008850,0,0.010365593247115612
FR000011,0,0.009544557891786098
FR004950,0,0.039911169558763504
FR003550,0,0.009532718919217587
FR014307,0,0.004116709344089031
FR014066,0,0.021648449823260307
FR012079,0,0.006071246229112148
FR005144,0,0.006732500623911619
FR007639,0,0.025035684928297997
FR016146,0,0.009061676450073719
FR013248,0,0.03634624928236008
FR018924,0,0.028818050399422646
FR001829,0,0.007515836972743273
FR000579,0,0.0035029191058129072
FR015529,0,0.006930431816726923
FR018753,0,0.013259698636829853
FR017320,0,0.005390932783484459
FR001554,0,0.014393831603229046
FR008188,0,0.004798251204192638
FR006220,0,0.12030958384275436
FR014821,0,0.006583166774362326
FR015727,0,0.0065942369401454926
FR001753,0,0.06519894301891327
FR019837,0,0.026248572394251823
FR001845,0,0.008032526820898056
FR003685,0,0.010538146831095219
FR012044,0,0.012958341278135777
FR000108,0,0.02418040670454502
FR004596,0,0.010048577561974525
FR004211,0,0.006520537659525871
FR015787,0,0.007403777912259102
FR002463,0,0.00247443956322968
FR007002,0,0.007319233380258083
FR015275,0,0.00775798549875617
FR007198,0,0.007611097302287817
FR016817,0,0.021971337497234344
FR003367,0,0.012543668039143085
FR018032,0,0.004319330211728811
FR006110,0,0.726475179195404
FR011184,0,0.005395528860390186
FR012920,0,0.005980874411761761
FR001523,0,0.010831698775291443
FR004516,0,0.023328926414251328
FR019387,0,0.012334131635725498
FR017219,0,0.010088619776070118
FR014161,0,0.06019236892461777
FR016206,0,0.0770496129989624
FR011539,0,0.02067980356514454
FR006954,0,0.033684007823467255
FR015750,0,0.008851532824337482
FR016033,0,0.014965111389756203
FR014744,0,0.008965765126049519
FR005290,0,0.005480158142745495
FR019585,0,0.004087930079549551
FR017392,0,0.021693704649806023
FR011243,0,0.08202821016311646
FR000598,0,0.005125649273395538
FR007254,0,0.008106764405965805
FR012069,0,0.008052559569478035
FR008815,0,0.010563005693256855
FR007636,0,0.012477708049118519
FR009024,0,0.009178715758025646
FR009776,0,0.012802560813724995
FR007346,0,0.009854954667389393
FR006839,0,0.011454290710389614
FR004015,0,0.01614350825548172
FR017940,0,0.00403241254389286
FR007529,0,0.010605975985527039
FR011208,0,0.008703486062586308
FR015981,0,0.0034532099962234497
FR000694,0,0.057824790477752686
FR003414,0,0.006179965101182461
FR002005,0,0.006287884898483753
FR004418,0,0.02098485268652439
FR006910,0,0.045452460646629333
FR001326,0,0.003720138920471072
FR013879,0,0.016893239691853523
FR007875,0,0.012148921377956867
FR007062,0,0.05695273354649544
FR009944,1,0.008432703092694283
FR003069,0,0.006391854025423527
FR011873,0,0.04928307235240936
FR014788,0,0.0056051225401461124
FR003208,0,0.0135496836155653
FR018434,0,0.0672617256641388
FR003074,0,0.02721123769879341
FR008719,0,0.006600853055715561
FR006628,0,0.004990905523300171
FR019974,0,0.03648007661104202
FR010306,0,0.004589857999235392
FR001168,0,0.003924262244254351
FR002783,0,0.005835455376654863
FR009758,0,0.005183657631278038
FR014808,0,0.007972490973770618
FR010772,0,0.02054070495069027
FR014249,0,0.006773275788873434
FR001693,0,0.007101819384843111
FR010835,0,0.0032892145682126284
FR009581,0,0.002638721140101552
FR005334,0,0.020763779059052467
FR008372,0,0.005968575365841389
FR014091,0,0.07263069599866867
FR019082,0,0.006401333957910538
FR013416,0,0.033670663833618164
FR001429,0,0.017515817657113075
FR010413,0,0.008795921690762043
FR015938,0,0.010102597065269947
FR001034,0,0.010279580019414425
FR012865,0,0.0078038317151367664
FR013531,0,0.0031005721539258957
FR006956,0,0.018885411322116852
FR018660,0,0.004496287554502487
FR019797,0,0.00525305513292551
FR011940,0,0.00417243130505085
FR003011,0,0.024384478107094765
FR017175,0,0.007805575150996447
FR015274,0,0.008365321904420853
FR010540,0,0.0077332546934485435
FR005959,0,0.004482442047446966
FR008847,0,0.006752283312380314
FR001919,0,0.00387591402977705
FR013457,0,0.0180307999253273
FR001916,0,0.010177455842494965
FR016992,0,0.005650073755532503
FR016999,0,0.011058551259338856
FR007957,0,0.007247223984450102
FR001230,0,0.0058098952285945415
FR019958,0,0.0050521185621619225
FR003418,0,0.004423660691827536
FR013692,0,0.006045269779860973
FR014723,0,0.01615292578935623
FR005394,0,0.005836315453052521
FR002068,0,0.0027918480336666107
FR003454,0,0.12569989264011383
FR014142,0,0.005968439392745495
FR002118,0,0.009205777198076248
FR014528,0,0.011242079548537731
FR001784,0,0.021567339077591896
FR016658,0,0.009566191583871841
FR016868,0,0.005415402352809906
FR013132,0,0.004908567760139704
FR019605,0,0.009002216160297394
FR003631,0,0.005847163498401642
FR017584,0,0.01744987443089485
FR011740,0,0.018460769206285477
FR013727,0,0.005048783496022224
FR015902,0,0.0072299703024327755
FR018891,0,0.00392498355358839
FR017300,0,0.011700666509568691
FR003383,0,0.005182654596865177
FR005047,0,0.02781064435839653
FR000848,0,0.003906365018337965
FR013134,0,0.018767260015010834
FR010432,0,0.014122672379016876
FR008495,0,0.011580576188862324
FR010378,0,0.01653270423412323
FR018387,0,0.017105156555771828
FR015046,0,0.00413069874048233
FR015552,0,0.006196753587573767
FR016708,0,0.007879647426307201
FR016874,0,0.018831636756658554
FR003352,0,0.004769752733409405
FR018374,0,0.022389858961105347
FR006679,0,0.021416310220956802
FR001588,0,0.013289885595440865
FR010395,0,0.00405645277351141
FR015157,0,0.01137384120374918
FR011943,0,0.04527965933084488
FR005780,0,0.008277851156890392
FR014452,0,0.03153357654809952
FR002350,0,0.01085189264267683
FR008240,0,0.005308109801262617
FR000791,0,0.007745873648673296
FR017308,0,0.011566945351660252
FR008596,0,0.003206353634595871
FR018629,0,0.006049221847206354
FR014313,0,0.005221487954258919
FR004223,0,0.004763070959597826
FR017820,0,0.006432861555367708
FR006818,0,0.005232555791735649
FR004544,0,0.010907110758125782
FR019707,0,0.011926333419978619
FR011436,0,0.03568250313401222
FR010252,0,0.006423058453947306
FR019992,0,0.005276358686387539
FR010614,0,0.014851595275104046
FR007645,0,0.008475352078676224
FR007612,0,0.022155718877911568
FR011572,0,0.009268498979508877
FR008245,0,0.0051427059806883335
FR001539,0,0.03468522056937218
FR017506,0,0.0045151906087994576
FR000836,0,0.022632211446762085
FR006656,0,0.008446293883025646
FR006299,0,0.004710008390247822
FR012463,0,0.004751475527882576
FR004116,0,0.024116352200508118
FR004833,0,0.004961877595633268
FR003796,0,0.010809267871081829
FR008741,0,0.0060201650485396385
FR006266,0,0.03057870641350746
FR002596,0,0.005827748216688633
FR017109,0,0.014060711488127708
FR009413,0,0.02820003218948841
FR004674,0,0.006190601736307144
FR001352,0,0.003842228092253208
FR007541,0,0.002384671475738287
FR013407,0,0.008017969317734241
FR001644,0,0.10125730186700821
FR002712,0,0.007489040493965149
FR009406,0,0.006934706587344408
FR011885,0,0.02026965096592903
FR006873,0,0.03887629881501198
FR018199,0,0.15997645258903503
FR003775,0,0.005762019194662571
FR004539,0,0.00846573244780302
FR000910,0,0.013979515992105007
FR018839,0,0.009674225933849812
FR003533,0,0.012098578736186028
FR017692,0,0.0052955965511500835
FR013634,0,0.01451085414737463
FR008568,0,0.008585039526224136
FR019929,0,0.01239903923124075
FR014540,0,0.009410944767296314
FR003618,0,0.0029435569886118174
FR004972,0,0.1357412040233612
FR000279,0,0.0044202557764947414
FR018824,0,0.03436628356575966
FR005578,0,0.005036689341068268
FR014385,0,0.019419612362980843
FR017806,0,0.004526783246546984
FR014290,0,0.006357669830322266
FR002089,0,0.03164563700556755
FR011497,0,0.005825215019285679
FR019351,0,0.01656665839254856
FR006021,0,0.004285506904125214
FR014768,0,0.00354568799957633
FR005123,0,0.01417551003396511
FR016748,0,0.00558131979778409
FR010800,0,0.024870727211236954
FR006611,0,0.017514217644929886
FR001216,0,0.004055751487612724
FR012775,0,0.05511251091957092
FR017737,0,0.004857897292822599
FR018316,0,0.006749649066478014
FR003560,0,0.02087765373289585
FR008227,0,0.009594329632818699
FR015242,0,0.06612491607666016
FR000530,0,0.014586423523724079
FR003866,0,0.004481178242713213
FR010278,0,0.015424760989844799
FR000094,0,0.006621490232646465
FR010335,0,0.09508056193590164
FR005383,0,0.00562561908736825
FR002885,0,0.008364522829651833
FR009221,0,0.005624872166663408
FR007320,0,0.02045583724975586
FR019940,0,0.014276811853051186
FR018719,0,0.0055711823515594006
FR007755,0,0.007871327921748161
FR000898,0,0.0070299990475177765
FR005630,0,0.017833981662988663
FR004814,0,0.011502904817461967
FR005976,0,0.005631125066429377
FR007020,0,0.012033853679895401
FR002785,0,0.004338851664215326
FR007371,0,0.019596923142671585
FR005699,0,0.009590777568519115
FR004828,0,0.013642987236380577
FR007786,0,0.00806497037410736
FR005406,0,0.010050480253994465
FR007864,0,0.006020314060151577
FR012663,0,0.0054474761709570885
FR003027,0,0.014942585490643978
FR018516,0,0.008178973570466042
FR017948,0,0.009758122265338898
FR002146,0,0.011711335740983486
FR016950,0,0.004905072972178459
FR001283,0,0.02434595115482807
FR002563,0,0.005821780767291784
FR010188,0,0.005217934958636761
FR017953,0,0.012516156770288944
FR016676,0,0.007951467297971249
FR013459,0,0.035801149904727936
FR013207,0,0.009237331338226795
FR018085,0,0.0062807295471429825
FR013362,0,0.008792874403297901
FR000198,0,0.008049127645790577
FR013505,0,0.004227480385452509
FR017419,0,0.017547018826007843
FR000636,0,0.009295773692429066
FR003106,0,0.01918902061879635
FR003664,0,0.011821289546787739
FR006426,0,0.0033668652176856995
FR017811,0,0.005478848237544298
FR005634,0,0.011092834174633026
FR006134,0,0.011033007875084877
FR005912,0,0.009092414751648903
FR001069,0,0.011791120283305645
FR017311,0,0.05104361101984978
FR018485,0,0.008375624194741249
FR019332,0,0.006395222153514624
FR016623,0,0.017220715060830116
FR018706,0,0.023243894800543785
FR013041,0,0.004468819126486778
FR011103,0,0.03498077392578125
FR009986,0,0.007322081830352545
FR005092,0,0.0066106501035392284
FR014201,0,0.011372201144695282
FR003708,0,0.005209197290241718
FR015731,0,0.007644712924957275
FR017040,0,0.0056381081230938435
FR018976,0,0.013152248226106167
FR009077,0,0.005743423942476511
FR015598,0,0.03598758205771446
FR017260,0,0.009630382061004639
FR017515,0,0.007156765088438988
FR019969,0,0.024952903389930725
FR019130,0,0.014936530962586403
FR005396,0,0.007136011961847544
FR007751,0,0.014691619202494621
FR010667,0,0.008292656391859055
FR004985,0,0.015798768028616905
FR013493,0,0.008202753961086273
FR014553,0,0.0097779780626297
FR017708,0,0.005386583041399717
FR014258,0,0.007280746474862099
FR014612,0,0.0037480532191693783
FR009519,0,0.028757670894265175
FR010951,0,0.005499939434230328
FR002164,0,0.00491773895919323
FR012354,0,0.006734857335686684
FR010340,0,0.006593452766537666
FR017773,0,0.0035589542239904404
FR001141,0,0.006924973335117102
FR005644,0,0.007792855612933636
FR015064,0,0.019964443519711494
FR002400,0,0.03364216536283493
FR002727,0,0.00861025508493185
FR014878,0,0.006713481619954109
FR014864,0,0.007005834951996803
FR016003,0,0.004178537987172604
FR014173,0,0.005348565056920052
FR005452,0,0.007552950643002987
FR010921,0,0.005877253133803606
FR006506,0,0.012663238681852818
FR006230,0,0.01601337641477585
FR004271,0,0.0032929559238255024
FR009845,0,0.0073092239908874035
FR005727,0,0.008723300881683826
FR017498,0,0.009897436946630478
FR011200,0,0.006631594151258469
FR014120,0,0.005030625965446234
FR013957,0,0.0036930739879608154
FR017606,0,0.012617789208889008
FR001465,0,0.04268014430999756
FR019132,0,0.005099322181195021
FR002690,0,0.004027387127280235
FR006834,0,0.007925810292363167
FR001285,0,0.005302236881107092
FR017486,0,0.004800408147275448
FR008639,0,0.008158477954566479
FR008264,0,0.003155800048261881
FR006224,0,0.0048833428882062435
FR004649,0,0.010342803783714771
FR005710,0,0.061177030205726624
FR003406,0,0.0036537086125463247
FR011693,0,0.029068898409605026
FR019615,0,0.009591194801032543
FR014028,0,0.013248967006802559
FR017035,0,0.009984112344682217
FR007287,0,0.007481189910322428
FR001000,0,0.003278247779235244
FR007561,0,0.009542691521346569
FR001112,0,0.006977559067308903
FR015311,0,0.006245715077966452
FR015372,0,0.004926382564008236
FR011260,0,0.02186671830713749
FR005129,0,0.0075204335153102875
FR016036,0,0.009007531218230724
FR009836,0,0.008469587191939354
FR000705,0,0.010854318737983704
FR014074,0,0.027397140860557556
FR018855,0,0.06386971473693848
FR018523,0,0.006331759039312601
FR011315,0,0.018742794170975685
FR014845,0,0.006066046189516783
FR011680,0,0.010148468427360058
FR009287,0,0.006133059039711952
FR004883,0,0.007976715452969074
FR001335,0,0.021796254441142082
FR018013,0,0.009303831495344639
FR006676,0,0.00889136828482151
FR011207,0,0.028351256623864174
FR009342,0,0.006884061265736818
FR018756,0,0.01549026183784008
FR014976,0,0.020177403464913368
FR007829,0,0.008506878279149532
FR010381,0,0.010927438735961914
FR011163,0,0.026285141706466675
FR009750,0,0.002696559764444828
FR009439,0,0.0070876916870474815
FR006248,0,0.004538576118648052
FR016517,0,0.008297254331409931
FR006838,0,0.008910663425922394
FR017655,0,0.008261047303676605
FR006406,0,0.011884605512022972
FR004176,0,0.05327760800719261
FR004713,0,0.004211646504700184
FR019850,0,0.004544877912849188
FR016356,0,0.011119653470814228
FR000320,0,0.007345420308411121
FR017911,1,0.017235416918992996
FR012745,0,0.0053312694653868675
FR014996,0,0.01773413084447384
FR016946,0,0.02386552467942238
FR012273,0,0.007055502384901047
FR019006,0,0.007143537048250437
FR008348,0,0.006907461676746607
FR017368,0,0.012788381427526474
FR003733,0,0.005157122388482094
FR013919,0,0.004298110492527485
FR000087,0,0.041502807289361954
FR015822,0,0.004494290333241224
FR009720,0,0.007683883886784315
FR016894,0,0.007066233549267054
FR000238,0,0.007783213164657354
FR007202,0,0.0367903970181942
FR013435,0,0.11408139765262604
FR017682,0,0.03264357149600983
FR002160,0,0.015098431147634983
FR005573,1,0.6191383004188538
FR011745,0,0.004503603558987379
FR001561,0,0.00868444237858057
FR014003,0,0.008369452320039272
FR006482,0,0.03250880166888237
FR014253,0,0.012861440889537334
FR000535,0,0.006992684677243233
FR005767,0,0.007687749806791544
FR019717,0,0.02144959382712841
FR015056,0,0.008928177878260612
FR010751,0,0.01440840307623148
FR001263,0,0.05023167282342911
FR006200,0,0.011957335285842419
FR005910,0,0.013302634470164776
FR019419,0,0.036461904644966125
FR008751,0,0.01547978725284338
FR015973,0,0.006785113364458084
FR010585,1,0.149637371301651
FR008958,0,0.005607958883047104
FR005579,0,0.00287674181163311
FR019350,0,0.0036125376354902983
FR014928,0,0.028713081032037735
FR015494,1,0.029952501878142357
FR005165,0,0.004818843211978674
FR001572,0,0.05936413258314133
FR016980,0,0.07323624938726425
FR004845,0,0.004808168858289719
FR018635,0,0.007659133989363909
FR004886,0,0.007022367790341377
FR004698,0,0.0094881821423769
FR014374,0,0.011542437598109245
FR001745,0,0.005790336988866329
FR008781,0,0.014300466515123844
FR004915,0,0.03694469481706619
FR010098,0,0.0927182137966156
FR006139,0,0.03177179768681526
FR002003,0,0.005560171324759722
FR006041,0,0.004323842003941536
FR010298,0,0.03660344332456589
FR019859,0,0.14892564713954926
FR013792,0,0.054407622665166855
FR017774,0,0.005387720186263323
FR016706,0,0.015176442451775074
FR019721,0,0.010960952378809452
FR007243,0,0.02955300360918045
FR011038,0,0.003424560185521841
FR013936,0,0.06812028586864471
FR017006,0,0.054931558668613434
FR018716,0,0.005251562688499689
FR007667,0,0.009688219986855984
FR017714,0,0.005091432482004166
FR011553,0,0.009163559414446354
FR016330,0,0.012922844849526882
FR011496,0,0.008735680021345615
FR016481,0,0.013338319957256317
FR005475,0,0.008714769966900349
FR013501,0,0.028526082634925842
FR018185,0,0.03499331325292587
FR002075,0,0.007916873320937157
FR008205,0,0.009055336937308311
FR001762,0,0.013567534275352955
FR015331,0,0.005574001464992762
FR007257,0,0.03678427264094353
FR017791,0,0.021485237404704094
FR005504,0,0.025390444323420525
FR011037,0,0.006477198097854853
FR009691,0,0.008340797387063503
FR016237,0,0.007296303287148476
FR007178,0,0.014149639755487442
FR009162,0,0.00447860499843955
FR003736,0,0.002953859744593501
FR005233,0,0.012551874853670597
FR011706,0,0.00695617264136672
FR003334,0,0.012472191825509071
FR012146,0,0.004396372940391302
FR005722,0,0.00431758351624012
FR005899,0,0.07597805559635162
FR004912,0,0.009215306490659714
FR008487,0,0.005053705535829067
FR002986,0,0.006966773420572281
FR013414,0,0.032048020511865616
FR007252,0,0.011499359272420406
FR014790,0,0.007514371071010828
FR000071,0,0.0070971339009702206
FR012365,1,0.14199282228946686
FR019441,0,0.003541643498465419
FR018300,0,0.013328715227544308
FR012372,0,0.00729175191372633
FR006560,0,0.006471781060099602
FR005183,0,0.006780387833714485
FR013470,0,0.006778137292712927
FR003754,0,0.003906587604433298
FR009440,0,0.005932474974542856
FR011521,0,0.003756286110728979
FR005875,0,0.007020638789981604
FR003635,0,0.013504944741725922
FR001353,0,0.009061445482075214
FR014137,0,0.008148444816470146
FR005687,0,0.03106219694018364
FR010726,0,0.009812225587666035
FR001308,0,0.009428261779248714
FR008660,0,0.010298414155840874
FR015970,0,0.007650912273675203
FR002066,0,0.01094333827495575
FR014335,0,0.008121604099869728
FR016121,0,0.005189262330532074
FR012346,0,0.008891452103853226
FR018064,0,0.004607358481734991
FR013795,0,0.02331928163766861
FR000596,0,0.03791455551981926
FR008535,0,0.01810828223824501
FR005740,1,0.004836845211684704
FR001538,0,0.006171088200062513
FR011575,0,0.010720664635300636
FR007999,0,0.020014464855194092
FR000039,0,0.008327827788889408
FR000179,0,0.018349897116422653
FR019047,0,0.023058142513036728
FR011454,0,0.014885218814015388
FR003110,0,0.02336696721613407
FR008821,0,0.009771091863512993
FR002091,0,0.006929024122655392
FR001804,0,0.00990194734185934
FR007127,0,0.004492226056754589
FR014195,0,0.031060775741934776
FR016604,0,0.0057424576953053474
FR015098,0,0.00690179830417037
FR016002,0,0.021907638758420944
FR018452,0,0.01348890084773302
FR002258,0,0.00554320216178894
FR004506,0,0.004033845383673906
FR013283,0,0.009666823782026768
FR017082,0,0.005460007581859827
FR009754,0,0.006448900327086449
FR011634,0,0.011385949328541756
FR012077,0,0.015661781653761864
FR017287,0,0.00629258481785655
FR001476,0,0.014180689118802547
FR016401,0,0.020149551331996918
FR014206,0,0.011373658664524555
FR007706,0,0.007959652692079544
FR018598,0,0.006667335983365774
FR018715,0,0.021491825580596924
FR004161,0,0.004968354012817144
FR013263,0,0.005062435287982225
FR005683,0,0.03244743123650551
FR007274,0,0.009768236428499222
FR010411,0,0.029482075944542885
FR000184,0,0.030342096462845802
FR010092,0,0.00569310924038291
FR017702,0,0.006229691673070192
FR008293,0,0.005150782875716686
FR002677,0,0.008279573172330856
FR011307,0,0.0086208526045084
FR002358,0,0.00560753932222724
FR007389,0,0.008447524160146713
FR009318,0,0.006918709259480238
FR012825,0,0.005949458573013544
FR006442,0,0.012152440845966339
FR019178,0,0.03635334596037865
FR002185,0,0.011631124652922153
FR006623,0,0.007510229013860226
FR001765,0,0.004789465572685003
FR006460,0,0.02119758538901806
FR018333,0,0.004738423973321915
FR017010,0,0.008056124672293663
FR002567,0,0.004959867801517248
FR011719,0,0.008845440112054348
FR003992,0,0.013887704350054264
FR011083,0,0.008954561315476894
FR002330,0,0.03471264988183975
FR003328,0,0.007631729822605848
FR013322,0,0.0033154464326798916
FR006797,0,0.010189596563577652
FR002070,0,0.005174398422241211
FR006715,0,0.0572170689702034
FR002418,0,0.010717099532485008
FR001466,0,0.01773643121123314
FR003598,0,0.013121691532433033
FR002424,0,0.017864486202597618
FR015450,0,0.012471110559999943
FR003537,0,0.00548601895570755
FR014558,0,0.00651183258742094
FR005037,0,0.005111745558679104
FR013453,0,0.005881347227841616
FR002835,0,0.005903452169150114
FR015417,0,0.003589930245652795
FR009743,0,0.011032070964574814
FR009323,0,0.014853068627417088
FR004955,0,0.009335185401141644
FR012101,0,0.006365036591887474
FR000599,0,0.004468666389584541
FR007898,0,0.010656120255589485
FR001716,0,0.008113809861242771
FR007568,0,0.012268178164958954
FR001002,0,0.013264098204672337
FR019000,0,0.0060854628682136536
FR019624,0,0.005653297062963247
FR004613,0,0.00789712741971016
FR019983,0,0.008296697400510311
FR002664,1,0.04421613737940788
FR000360,0,0.011430229991674423
FR001431,0,0.02346642129123211
FR008577,0,0.003003213554620743
FR006453,0,0.016819093376398087
FR011651,0,0.010962296277284622
FR006405,0,0.013287840411067009
FR018890,0,0.007262220606207848
FR003273,0,0.00815845187753439
FR000043,0,0.003395852167159319
FR016853,0,0.006472569424659014
FR007614,0,0.005482908338308334
FR003276,0,0.014987312257289886
FR011063,0,0.020830802619457245
FR017671,0,0.004514866974204779
FR018054,0,0.011686580255627632
FR004033,1,0.00557660311460495
FR006728,0,0.0059772212989628315
FR006470,0,0.003864954924210906
FR007251,0,0.006245143711566925
FR016834,0,0.005556263029575348
FR019339,0,0.025831792503595352
FR009726,0,0.024859949946403503
FR016787,0,0.013748073019087315
FR008543,0,0.010557036846876144
FR007937,0,0.006167001090943813
FR000024,0,0.005651099607348442
FR005061,0,0.007128296885639429
FR000097,0,0.007263778243213892
FR000514,0,0.14219900965690613
FR002179,0,0.10147789120674133
FR003034,0,0.013496948406100273
FR006888,0,0.005283766891807318
FR001700,0,0.00883603934198618
FR011967,0,0.0061500039882957935
FR008235,0,0.005666591227054596
FR000589,0,0.006413978058844805
FR004074,0,0.004688965156674385
FR019066,0,0.055945124477148056
FR015041,0,0.017368566244840622
FR009125,0,0.004846628755331039
FR009228,0,0.009915036149322987
FR018844,0,0.005534718744456768
FR016772,0,0.010127470828592777
FR016006,0,0.006244788412004709
FR013544,0,0.004140594508498907
FR003656,0,0.006154409609735012
FR015713,0,0.007510531228035688
FR018181,0,0.003649381920695305
FR019015,0,0.004530078731477261
FR014756,0,0.011770513840019703
FR015697,0,0.0073600998148322105
FR018042,0,0.004473580047488213
FR008071,0,0.00734498118981719
FR000985,0,0.012541530653834343
FR005351,0,0.004402122925966978
FR006791,0,0.003731583710759878
FR006237,0,0.01044787559658289
FR007856,0,0.011566650122404099
FR013611,0,0.008532123640179634
FR012181,0,0.004012958612293005
FR008973,0,0.007150175049901009
FR009997,0,0.04881998896598816
FR003863,0,0.011593137867748737
FR001846,0,0.004255366511642933
FR014042,0,0.006115632597357035
FR008290,0,0.016979316249489784
FR013265,0,0.019186731427907944
FR000424,0,0.007510435301810503
FR000681,0,0.009199246764183044
FR003244,0,0.03114769235253334
FR013788,0,0.006431237328797579
FR001732,0,0.05192273482680321
FR007455,0,0.009125490672886372
FR004971,0,0.006188240833580494
FR017874,0,0.005260113626718521
FR004528,0,0.012559087947010994
FR008365,0,0.008031549863517284
FR017919,0,0.12205156683921814
FR009461,0,0.029253026470541954
FR019513,0,0.024195700883865356
FR008886,0,0.008376123383641243
FR004810,0,0.0072663165628910065
FR018792,0,0.004934980068355799
FR002849,0,0.006939229555428028
FR018643,0,0.025656994432210922
FR008992,0,0.003138333559036255
FR006272,0,0.022724265232682228
FR009547,0,0.007030066102743149
FR013440,0,0.011470246128737926
FR013918,0,0.04547935351729393
FR010256,0,0.00996951200067997
FR002648,0,0.007033508270978928
FR005180,0,0.005781440995633602
FR009675,0,0.0037396440748125315
FR001874,0,0.00838256161659956
FR019356,0,0.008120636455714703
FR000564,0,0.006408880930393934
FR019461,0,0.00572355929762125
FR003189,0,0.02219942770898342
FR001442,0,0.007937487214803696
FR018589,0,0.06524977833032608
FR000914,0,0.007680248934775591
FR012532,0,0.010014005936682224
FR004610,0,0.007175326347351074
FR001059,0,0.00883448589593172
FR011178,0,0.009764367714524269
FR016625,0,0.006365838460624218
FR008285,0,0.004210954532027245
FR007727,0,0.006285620853304863
FR016821,0,0.01002938486635685
FR016034,0,0.0243692547082901
FR007449,0,0.006705549079924822
FR004798,0,0.01086363010108471
FR007959,0,0.020512161776423454
FR014515,0,0.005451865028589964
FR005824,0,0.0040157572366297245
FR017523,0,0.006589531432837248
FR015028,0,0.014381591230630875
FR009463,0,0.025572139769792557
FR016536,0,0.007447674870491028
FR016457,0,0.014868670143187046
FR017126,0,0.005409452132880688
FR001180,0,0.029534799978137016
FR007135,0,0.03279648721218109
FR014593,0,0.013174261897802353
FR002451,1,0.014932720921933651
FR001241,0,0.05017130821943283
FR001548,0,0.03434824198484421
FR011822,0,0.0356319397687912
FR019744,0,0.046726156026124954
FR004097,0,0.01635654643177986
FR011617,0,0.011649277061223984
FR018396,0,0.003910309635102749
FR018201,0,0.01234358549118042
FR005265,0,0.006352394353598356
FR001932,0,0.00516972690820694
FR004569,0,0.008743627928197384
FR001563,0,0.004171644803136587
FR010796,0,0.006572877522557974
FR006297,0,0.0636802688241005
FR003071,0,0.011827412061393261
FR004083,0,0.019127991050481796
FR007745,0,0.019086260348558426
FR003688,0,0.0064070564694702625
FR013154,0,0.02910846471786499
FR005055,0,0.032658230513334274
FR017914,0,0.004454596899449825
FR006371,0,0.0070037320256233215
FR003450,0,0.0048792180605232716
FR010967,0,0.03807409480214119
FR019012,0,0.006040032021701336
FR010238,0,0.007098710164427757
FR006295,0,0.005109735298901796
FR006193,0,0.019289806485176086
FR008090,0,0.012546055018901825
FR003155,0,0.010250992141664028
FR003520,0,0.005349465645849705
FR002048,0,0.005185428541153669
FR011197,0,0.003753373399376869
FR001674,0,0.005970040336251259
FR018564,0,0.08537150919437408
FR017986,0,0.010147994384169579
FR001423,0,0.0065372176468372345
FR009610,0,0.032663047313690186
FR005674,0,0.0040427325293421745
FR000419,0,0.003504738677293062
FR011869,0,0.021744640544056892
FR019189,0,0.02053198218345642
FR005963,0,0.007518522907048464
FR005736,0,0.03182495757937431
FR013035,0,0.08784472197294235
FR005457,0,0.046974118798971176
FR009258,0,0.003979556728154421
FR004225,0,0.004487193655222654
FR010956,0,0.011246023699641228
FR007299,0,0.038224536925554276
FR014332,0,0.022403588518500328
FR008221,0,0.005233742296695709
FR004813,0,0.02997017838060856
FR003928,0,0.051041379570961
FR016477,0,0.00652053439989686
FR013228,1,0.03149426728487015
FR010140,0,0.005474934354424477
FR007540,0,0.00937375333160162
FR000483,0,0.017120547592639923
FR006067,0,0.00796990841627121
FR006162,0,0.005757535342127085
FR016308,0,0.009830106981098652
FR004571,0,0.008636274375021458
FR004577,0,0.009172655642032623
FR016181,0,0.007283925078809261
FR007490,0,0.027143072336912155
FR006627,0,0.00443252781406045
FR018347,0,0.03759586438536644
FR006004,0,0.018057381734251976
FR006845,0,0.014744529500603676
FR014205,0,0.009686912409961224
FR017587,0,0.0126052126288414
FR009226,0,0.0038478407077491283
FR003554,0,0.009195292368531227
FR013964,0,0.004135012626647949
FR010693,0,0.010756173171103
FR018411,0,0.01241086795926094
FR004322,0,0.007265848573297262
FR002937,0,0.06039787828922272
FR007710,0,0.018448609858751297
FR001633,0,0.008815478533506393
FR010511,0,0.0079402020201087
FR001584,0,0.042349860072135925
FR009470,0,0.008380187675356865
FR006488,0,0.007397403474897146
FR004259,0,0.0032471425365656614
FR002649,0,0.013119220733642578
FR017234,0,0.04318251460790634
FR018512,0,0.003640920389443636
FR009230,0,0.15527066588401794
FR004993,0,0.008568508550524712
FR000663,0,0.004067676141858101
FR005896,0,0.009426992386579514
FR016109,0,0.00631811423227191
FR008344,0,0.030906282365322113
FR019458,0,0.012469502165913582
FR014660,0,0.007207770831882954
FR013655,0,0.020697537809610367
FR006516,0,0.011394094675779343
FR005708,0,0.011937829665839672
FR016404,0,0.0068974788300693035
FR010797,0,0.07639365643262863
FR000883,0,0.003241363214328885
FR009179,0,0.008870642632246017
FR003457,0,0.02011226676404476
FR019835,0,0.025510983541607857
FR019348,0,0.01283135823905468
FR006997,0,0.008943003602325916
FR013378,0,0.00455897580832243
FR018303,0,0.02272411435842514
FR017619,0,0.009622408077120781
FR010536,0,0.058589011430740356
FR005596,0,0.017137952148914337
FR011376,0,0.01567661575973034
FR008552,0,0.008539569564163685
FR012250,0,0.013850465416908264
FR000528,0,0.019369428977370262
FR004450,1,0.018958790227770805
FR015995,0,0.009039318189024925
FR003472,0,0.011879421770572662
FR003763,0,0.26387935876846313
FR008643,0,0.019402723759412766
FR011309,0,0.0062787714414298534
FR009989,0,0.016009191051125526
FR006809,0,0.1314668506383896
FR008493,0,0.015406472608447075
FR010314,0,0.010627347975969315
FR016250,0,0.033287569880485535
FR007133,0,0.007895311340689659
FR014671,0,0.007127932272851467
FR009595,0,0.02631331793963909
FR001268,0,0.04160459339618683
FR019478,0,0.009336724877357483
FR010639,0,0.008753228932619095
FR001328,0,0.035409633070230484
FR001514,0,0.06154083088040352
FR012171,0,0.0423031710088253
FR019594,0,0.010155483148992062
FR017436,0,0.010344605892896652
FR005015,0,0.007293568458408117
FR001339,0,0.006276873406022787
FR010294,0,0.005297865252941847
FR004531,0,0.004662311635911465
FR007046,0,0.05839575454592705
FR000460,0,0.007765681482851505
FR012020,0,0.005215888377279043
FR017143,0,0.002332036616280675
FR008064,0,0.006323329173028469
FR006059,0,0.007504270877689123
FR000513,0,0.007983865216374397
FR012727,0,0.006614311598241329
FR017067,0,0.005869251675903797
FR000630,0,0.005578052252531052
FR005407,0,0.01000058464705944
FR003348,0,0.024358009919524193
FR014866,0,0.173733651638031
FR012767,0,0.016507014632225037
FR008194,0,0.012377009727060795
FR003041,0,0.012032316997647285
FR003930,1,0.7652981877326965
FR011752,0,0.029309218749403954
FR014252,0,0.0775332897901535
FR002845,1,0.06245744228363037
FR017222,0,0.004174323752522469
FR010534,0,0.00680127926170826
FR008943,0,0.09185916185379028
FR009393,1,0.013979299925267696
FR007743,0,0.007556282449513674
FR011297,0,0.012603129260241985
FR018016,0,0.010534845292568207
FR004946,0,0.009552042931318283
FR002331,0,0.011292949318885803
FR001341,0,0.017108740285038948
FR012732,0,0.003951923921704292
FR000264,0,0.006088636349886656
FR017731,0,0.007161757908761501
FR017297,0,0.005758119281381369
FR001777,0,0.009285099804401398
FR010377,0,0.005812256131321192
FR010779,0,0.006407043896615505
FR005569,0,0.032066263258457184
FR011462,0,0.01241577323526144
FR012228,0,0.0031488891690969467
FR001158,0,0.007120548747479916
FR012857,0,0.016930000856518745
FR008154,0,0.01010571513324976
FR006465,0,0.02091624028980732
FR019485,0,0.026818856596946716
FR017131,0,0.013633769936859608
FR010478,0,0.0054696607403457165
FR006147,0,0.009436022490262985
FR013681,0,0.00843802746385336
FR004348,0,0.005914210341870785
FR013557,1,0.5811305046081543
FR009441,0,0.019594958052039146
FR007897,0,0.006706410087645054
FR016738,1,0.013378559611737728
FR018234,0,0.0028256678488105536
FR017533,1,0.7357010841369629
FR004922,0,0.003033452434465289
FR007315,0,0.006933596450835466
FR001031,0,0.02616412751376629
FR010243,0,0.011914590373635292
FR002509,0,0.007084819953888655
FR015141,0,0.020904770120978355
FR015150,0,0.004052811302244663
FR013430,0,0.019671278074383736
FR019472,0,0.013671874068677425
FR014923,0,0.012479124590754509
FR002562,0,0.055693697184324265
FR012856,0,0.011926614679396152
FR000441,0,0.011038606986403465
FR006650,0,0.006918319966644049
FR011764,0,0.005022841971367598
FR007571,0,0.008031163364648819
FR012384,0,0.00797200482338667
FR006394,0,0.010701862163841724
FR019528,0,0.011556940153241158
FR001291,0,0.006852141115814447
FR012046,0,0.002602553926408291
FR018568,0,0.004717037081718445
FR017153,0,0.003954695072025061
FR009717,0,0.005906844977289438
FR012913,0,0.014167710207402706
FR006415,0,0.004845235031098127
FR005416,0,0.004097240976989269
FR014470,0,0.010602374561131
FR016267,0,0.013121134601533413
FR001280,0,0.011026817373931408
FR010266,0,0.01662743277847767
FR012575,0,0.02088622935116291
FR009831,0,0.024601610377430916
FR011947,0,0.01859119161963463
FR006306,1,0.03869543969631195
FR003743,0,0.006976297125220299
FR009243,0,0.009014650247991085
FR008224,0,0.009663418866693974
FR000902,0,0.006947616580873728
FR011150,0,0.004136843141168356
FR017033,0,0.012204775586724281
FR016752,0,0.03825558349490166
FR009030,0,0.009140602312982082
FR014899,0,0.011534416116774082
FR001398,0,0.007667968049645424
FR001930,0,0.0046957372687757015
FR002716,0,0.033155810087919235
FR009260,0,0.01935761421918869
FR003435,0,0.021027356386184692
FR013249,0,0.005813082680106163
FR007076,0,0.0031399226281791925
FR008622,0,0.00998094491660595
FR012815,0,0.009293421171605587
FR002831,0,0.006823821924626827
FR007987,0,0.01867346465587616
FR005269,0,0.01054979208856821
FR011245,0,0.01148416567593813
FR012110,0,0.014548247680068016
FR014662,0,0.007529218681156635
FR011536,0,0.012730431742966175
FR002000,0,0.0050096591003239155
FR014208,0,0.01736823283135891
FR010954,0,0.04838608577847481
FR012281,0,0.005184086039662361
FR004505,0,0.005888689775019884
FR007629,0,0.010636722669005394
FR018506,0,0.013900704681873322
FR014191,0,0.017427494749426842
FR002595,0,0.005418826825916767
FR014006,0,0.00456963712349534
FR008822,0,0.007200906053185463
FR008139,0,0.0052141910418868065
FR016274,0,0.014041264541447163
FR019769,0,0.0046521746553480625
FR016569,0,0.011768127791583538
FR010670,0,0.006276007741689682
FR007953,0,0.017267843708395958
FR016611,0,0.004757594782859087
FR005249,0,0.020066063851118088
FR012225,0,0.03806063160300255
FR008313,0,0.013356140814721584
FR006920,0,0.006032153032720089
FR002894,0,0.004836462438106537
FR006670,0,0.014461744576692581
FR008432,0,0.023304034024477005
FR011570,0,0.003248256864026189
FR003588,0,0.004567737225443125
FR016443,0,0.010970373637974262
FR007527,0,0.01075983140617609
FR008025,0,0.010379185900092125
FR002175,0,0.007111910730600357
FR015496,0,0.007530277129262686
FR010407,0,0.007997299544513226
FR019696,1,0.15266920626163483
FR003229,0,0.00553928455337882
FR000799,0,0.006466350052505732
FR007923,0,0.0074790408834815025
FR015935,0,0.0038619672413915396
FR002993,0,0.004491852596402168
FR000507,1,0.18793410062789917
FR014301,0,0.029581816866993904
FR006558,0,0.0549643449485302
FR017470,0,0.005601751152426004
FR002525,0,0.021660374477505684
FR013281,0,0.005602678284049034
FR007838,0,0.009030766785144806
FR016045,0,0.005054297856986523
FR017485,0,0.00384156359359622
FR013073,0,0.020332224667072296
FR014466,0,0.02734222821891308
FR012422,0,0.007956087589263916
FR006673,0,0.015339737758040428
FR007622,0,0.025659892708063126
FR018365,0,0.005965933669358492
FR006638,0,0.003926646895706654
FR003161,0,0.0047901589423418045
FR012344,0,0.05987062305212021
FR005404,0,0.012851903215050697
FR004540,0,0.008856475353240967
FR000590,0,0.007556422613561153
FR000141,0,0.01279521081596613
FR014860,0,0.02350005693733692
FR004854,0,0.010649129748344421
FR018256,0,0.009405825287103653
FR015101,0,0.004355993587523699
FR013115,0,0.011017597280442715
FR018909,0,0.00671043898910284
FR006846,0,0.016830556094646454
FR008123,0,0.012658994644880295
FR001877,0,0.01655479148030281
FR004555,0,0.005180912092328072
FR002718,0,0.011323487386107445
FR012638,0,0.006689111236482859
FR010712,0,0.011795004829764366
FR001080,0,0.008808210492134094
FR006536,0,0.01140712108463049
FR019501,0,0.04223732650279999
FR015127,0,0.005566650535911322
FR000831,0,0.009057972580194473
FR008861,0,0.005575191229581833
FR006874,0,0.012090357020497322
FR003962,0,0.006087689660489559
FR019912,0,0.01109981443732977
FR019331,0,0.06832259893417358
FR006634,0,0.012499690055847168
FR007496,0,0.006557949353009462
FR006323,1,0.7849047780036926
FR015628,0,0.011749040335416794
FR005458,0,0.01607658341526985
FR007514,0,0.009129725396633148
FR014124,0,0.0034217864740639925
FR019643,0,0.002912877593189478
FR002654,0,0.01616741344332695
FR013460,0,0.009553338401019573
FR008181,0,0.0714300274848938
FR000100,0,0.004198069684207439
FR007205,0,0.009278724901378155
FR006007,0,0.013276598416268826
FR018905,0,0.005721817258745432
FR017403,0,0.013670729473233223
FR012309,0,0.006998803000897169
FR016196,0,0.025440284982323647
FR000988,0,0.008955148980021477
FR005048,0,0.010734671726822853
FR006682,0,0.007028385065495968
FR010987,0,0.022720174863934517
FR013038,0,0.005646195262670517
FR010730,0,0.007152016274631023
FR001802,0,0.022472664713859558
FR014446,0,0.006960000842809677
FR007744,0,0.006990800611674786
FR015912,0,0.010396587662398815
FR015662,0,0.00446701655164361
FR016982,0,0.006854010745882988
FR015401,0,0.02866479568183422
FR010207,0,0.008937351405620575
FR000539,0,0.008558282628655434
FR006535,0,0.01309846993535757
FR010595,0,0.014555297791957855
FR005374,0,0.01695077493786812
FR014331,0,0.008239148184657097
FR004209,0,0.006865839008241892
FR005716,0,0.008173200301826
FR004117,0,0.02711109071969986
FR003314,0,0.0038613122887909412
FR018954,0,0.011174432002007961
FR003587,0,0.005901001859456301
FR010988,0,0.005388399586081505
FR015435,0,0.005991823971271515
FR011642,0,0.05184444412589073
FR010997,0,0.008691530674695969
FR012473,0,0.019662300124764442
FR000953,0,0.009347223676741123
FR003133,0,0.005980006884783506
FR012525,0,0.03711385279893875
FR014757,0,0.0060495659708976746
FR000371,0,0.012959140352904797
FR007130,0,0.0070948428474366665
FR016292,0,0.005613229237496853
FR007169,0,0.03764426335692406
FR006823,0,0.008467637933790684
FR002535,0,0.007058707065880299
FR007960,0,0.005829903297126293
FR005355,0,0.004827609285712242
FR007359,0,0.010058785788714886
FR008112,0,0.009890710934996605
FR000612,0,0.006577861029654741
FR014813,0,0.006757277064025402
FR014791,0,0.004980851896107197
FR006403,0,0.005460797343403101
FR013570,0,0.003241407684981823
FR013805,0,0.0075590903870761395
FR006130,0,0.011598793789744377
FR009326,0,0.004330757539719343
FR017742,0,0.005791759118437767
FR000798,0,0.03336741775274277
FR009171,0,0.026054205372929573
FR000347,0,0.012019699439406395
FR012749,0,0.05120636522769928
FR007640,0,0.005187613423913717
FR010324,0,0.0037543990183621645
FR000721,0,0.005395654588937759
FR013145,1,0.10448069870471954
FR018368,0,0.0039299251511693
FR018175,0,0.009618809446692467
FR019431,0,0.0550985112786293
FR015325,0,0.005313974339514971
FR009151,0,0.007208201102912426
FR008633,0,0.0063789840787649155
FR019610,0,0.003492689458653331
FR019502,0,0.0061566527001559734
FR003571,0,0.0059281629510223866
FR017936,0,0.007439797278493643
FR018211,0,0.010610129684209824
FR011969,0,0.007198727689683437
FR004301,1,0.06705158948898315
FR003200,0,0.009369069710373878
FR014829,0,0.005216734483838081
FR001848,0,0.0047499267384409904
FR008675,0,0.012307247146964073
FR013086,0,0.004927055910229683
FR007902,0,0.004622500855475664
FR015026,0,0.0033354340121150017
FR009600,0,0.05940596014261246
FR010392,0,0.005150516517460346
FR016680,0,0.013668060302734375
FR015213,0,0.017010655254125595
FR006024,0,0.007928337901830673
FR012339,0,0.01289654616266489
FR018708,0,0.008852374739944935
FR013620,0,0.005690275691449642
FR008686,0,0.007710032165050507
FR015734,0,0.011158605106174946
FR015855,0,0.005175802391022444
FR015510,0,0.003872943576425314
FR007885,0,0.014478689059615135
FR011658,0,0.005573676433414221
FR000971,0,0.022450437769293785
FR010290,0,0.006159416399896145
FR003841,0,0.01749011129140854
FR019668,0,0.009105028584599495
FR004507,0,0.5180346369743347
FR019271,0,0.0059754676185548306
FR000384,0,0.009591275826096535
FR015936,0,0.026618508622050285
FR005166,0,0.0053170653991401196
FR003704,0,0.006842209026217461
FR007545,0,0.0054234471172094345
FR009972,0,0.02443855255842209
FR012241,0,0.00826589297503233
FR008261,0,0.0028733639046549797
FR007386,0,0.04224138706922531
FR005953,0,0.003514085430651903
FR001658,0,0.011726642958819866
FR004941,0,0.004344332497566938
FR004624,0,0.006007145158946514
FR019989,0,0.0052846865728497505
FR013906,0,0.02430381439626217
FR016101,0,0.007468885742127895
FR005215,0,0.003586283652111888
FR015208,0,0.013941937126219273
FR001712,0,0.004078519530594349
FR018046,0,0.006547814235091209
FR002222,0,0.005862583871930838
FR009360,0,0.003763006767258048
FR003703,0,0.016563907265663147
FR014097,0,0.010189558379352093
FR001013,0,0.0039198435842990875
FR006249,0,0.008130720816552639
FR012620,0,0.004780498333275318
FR016582,0,0.011550546623766422
FR018412,0,0.006455930881202221
FR011256,0,0.005093838553875685
FR008078,0,0.010576190426945686
FR001421,0,0.006943035405129194
FR002333,0,0.004557264503091574
FR002935,0,0.00934029370546341
FR002629,0,0.004539045970886946
FR000301,0,0.013778778724372387
FR001365,0,0.009374430403113365
FR004052,0,0.010385020636022091
FR004268,0,0.014680551365017891
FR010539,0,0.016929160803556442
FR017676,0,0.003720126813277602
FR012616,0,0.0077667878940701485
FR001585,0,0.0031806507613509893
FR007356,0,0.006901909597218037
FR017370,0,0.005397011060267687
FR014043,0,0.005926030222326517
FR006261,0,0.004939276725053787
FR013689,0,0.007185024209320545
FR005472,0,0.005686623975634575
FR017342,0,0.011004817672073841
FR017510,0,0.00739534804597497
FR016062,0,0.008009940385818481
FR019522,0,0.008689550682902336
FR000540,0,0.005926257930696011
FR017089,0,0.005717399995774031
FR003002,0,0.004613925702869892
FR013456,0,0.01285457145422697
FR010343,0,0.004731642082333565
FR011039,0,0.007060541771352291
FR015337,0,0.0077639189548790455
FR000911,0,0.009910061955451965
FR003285,0,0.009522270411252975
FR004564,0,0.011189046315848827
FR007388,0,0.011596886441111565
FR005223,1,0.7193767428398132
FR004863,0,0.004384648986160755
FR012311,0,0.0062786489725112915
FR016997,0,0.11510864645242691
FR019504,0,0.018735205754637718
FR015457,0,0.01657676137983799
FR011071,0,0.010731436312198639
FR010877,0,0.21205681562423706
FR005462,0,0.0043994588777422905
FR017277,0,0.02422960102558136
FR000310,0,0.006906166207045317
FR010091,0,0.009471611119806767
FR003786,0,0.007043049670755863
FR010883,0,0.0060261320322752
FR009777,0,0.04214167594909668
FR007361,0,0.008042357861995697
FR016025,0,0.005633512046188116
FR000593,0,0.005665699951350689
FR014199,0,0.034398604184389114
FR013185,0,0.016070790588855743
FR007319,0,0.02549230307340622
FR016049,0,0.013864540494978428
FR014874,0,0.002930333837866783
FR008339,0,0.0038208323530852795
FR009599,0,0.011225782334804535
FR010486,0,0.008618614636361599
FR005524,0,0.0038721784949302673
FR001207,0,0.012696093879640102
FR015764,0,0.01119925919920206
FR007994,0,0.009343492798507214
FR007827,0,0.009866844862699509
FR014031,0,0.0057935575023293495
FR015446,0,0.004671802744269371
FR008903,0,0.0070467423647642136
FR015376,0,0.018638819456100464
FR002195,0,0.004955238662660122
FR009215,0,0.010676996782422066
FR017430,0,0.006036774720996618
FR001418,0,0.011769698932766914
FR002019,0,0.01756674237549305
FR000790,0,0.00906002800911665
FR001662,0,0.1379731297492981
FR010854,0,0.0035332038532942533
FR000231,0,0.004998823162168264
FR012980,0,0.005704249255359173
FR007979,0,0.0036740414798259735
FR007231,0,0.011540604755282402
FR005235,0,0.037778787314891815
FR016110,0,0.0061118341982364655
FR003684,0,0.01625593565404415
FR019737,0,0.02985449507832527
FR019832,0,0.004175160080194473
FR010220,0,0.009972915053367615
FR011782,0,0.004871204495429993
FR003876,0,0.004535309039056301
FR006502,0,0.0077733322978019714
FR007290,0,0.011871515773236752
FR007519,0,0.007847107946872711
FR014774,0,0.011470841243863106
FR012894,0,0.0051778508350253105
FR005182,0,0.004423381760716438
FR002153,0,0.0059106736443936825
FR019215,0,0.0077026779763400555
FR009533,0,0.005770649295300245
FR013010,0,0.050883226096630096
FR014924,0,0.006975491531193256
FR005044,0,0.010613027960062027
FR000855,0,0.00311923585832119
FR014010,0,0.010392206721007824
FR004734,0,0.0053599318489432335
FR008155,0,0.006632448639720678
FR005237,0,0.010133180767297745
FR013227,0,0.0636947900056839
FR010958,0,0.006317941006273031
FR013045,0,0.0047693862579762936
FR010808,0,0.018617361783981323
FR015531,0,0.010956739075481892
FR013354,0,0.006372686009854078
FR010615,0,0.007230754476040602
FR002575,0,0.005905532278120518
FR018092,0,0.006198962219059467
FR010908,0,0.01016194187104702
FR002162,0,0.015498291701078415
FR009475,0,0.006483494769781828
FR003998,0,0.005714091006666422
FR019761,0,0.01048257015645504
FR008647,0,0.006968548521399498
FR013307,0,0.004738419316709042
FR007083,0,0.010679803788661957
FR017816,0,0.009550170972943306
FR014930,0,0.010431349277496338
FR019364,0,0.011269446462392807
FR010482,0,0.004504638724029064
FR008357,0,0.011040725745260715
FR010412,0,0.007179542910307646
FR005869,0,0.005420736502856016
FR011375,0,0.011336306110024452
FR014254,0,0.00631320383399725
FR002288,0,0.005703618749976158
FR012417,0,0.015268468298017979
FR003425,0,0.007677723187953234
FR000199,1,0.1093151792883873
FR006043,0,0.029019413515925407
FR019151,0,0.0067467400804162025
FR014859,0,0.009403684176504612
FR005443,0,0.0048017618246376514
FR004501,0,0.005125151015818119
FR010115,0,0.0037673586048185825
FR015143,0,0.006668368820101023
FR017012,0,0.025533515959978104
FR011029,0,0.008013464510440826
FR011352,0,0.011528666131198406
FR003986,1,0.030451303347945213
FR015620,0,0.03125787153840065
FR001951,0,0.007106047589331865
FR003915,0,0.04935304820537567
FR010178,0,0.010800414718687534
FR019960,0,0.0031642746180295944
FR010204,0,0.047569841146469116
FR005669,0,0.007529617752879858
FR015968,0,0.008293096907436848
FR001177,0,0.005927660036832094
FR004264,0,0.041168686002492905
FR008593,0,0.026526430621743202
FR011770,0,0.01489128079265356
FR009650,0,0.006796356290578842
FR018992,0,0.02022451162338257
FR012011,0,0.011121498420834541
FR016697,0,0.00852828100323677
FR003231,0,0.013452154584228992
FR014921,0,0.017976384609937668
FR004308,0,0.010187423788011074
FR007182,0,0.023315193131566048
FR012174,0,0.010547846555709839
FR005442,0,0.07736259698867798
FR016551,0,0.005219501443207264
FR017024,0,0.021736137568950653
FR012813,0,0.019443828612565994
FR009741,0,0.016373569145798683
FR006473,0,0.013634526170790195
FR007526,0,0.009593590162694454
FR014170,0,0.009433334693312645
FR009382,0,0.020968865603208542
FR011968,0,0.010919726453721523
FR018740,0,0.013367160223424435
FR001144,0,0.006474121008068323
FR013302,0,0.06449436396360397
FR010318,0,0.005949630402028561
FR005213,0,0.00790798757225275
FR011490,0,0.03551172837615013
FR010938,0,0.005290304310619831
FR016425,0,0.025940755382180214
FR010593,0,0.003941123373806477
FR011211,0,0.005618043709546328
FR019892,0,0.013119067065417767
FR016964,0,0.005379998590797186
FR009590,0,0.01066831685602665
FR009232,0,0.0063405344262719154
FR017683,0,0.029842298477888107
FR001053,0,0.004617799539119005
FR010977,0,0.02197124995291233
FR015166,0,0.0035798943135887384
FR015169,0,0.016281981021165848
FR008346,0,0.003860751399770379
FR004725,0,0.005196235608309507
FR011326,0,0.011671379208564758
FR004861,0,0.018485981971025467
FR013172,0,0.009250485338270664
FR005311,0,0.03634980693459511
FR005670,0,0.007021067664027214
FR000421,0,0.02519208751618862
FR002872,0,0.026101551949977875
FR000138,0,0.006484157871454954
FR002797,0,0.004902929533272982
FR004760,0,0.043657463043928146
FR000707,0,0.014782330952584743
FR016877,0,0.011871358379721642
FR018888,0,0.02313988469541073
FR018815,0,0.004742648918181658
FR004584,0,0.003096295055001974
FR016914,0,0.010466799139976501
FR009368,0,0.019343122839927673
FR018217,0,0.026561833918094635
FR001730,0,0.004386064596474171
FR016907,0,0.0072821080684661865
FR016694,0,0.004941651131957769
FR019674,0,0.004623619839549065
FR007703,0,0.004102558363229036
FR015165,0,0.008582266978919506
FR012386,0,0.010673663578927517
FR015233,0,0.026565780863165855
FR016440,0,0.004189856816083193
FR007753,0,0.005966807249933481
FR011495,0,0.00345207960344851
FR002964,0,0.07172683626413345
FR007931,0,0.00875917263329029
FR005703,0,0.003889127168804407
FR002169,0,0.02513386309146881
FR002955,0,0.009257138706743717
FR011365,0,0.01075081154704094
FR013203,0,0.008234668523073196
FR018524,0,0.0545056127011776
FR002252,0,0.004646721761673689
FR019003,1,0.008516129106283188
FR001313,0,0.003934420645236969
FR010394,0,0.030698532238602638
FR000113,0,0.009161978960037231
FR005377,0,0.010127031244337559
FR009657,0,0.010422772727906704
FR002764,0,0.0161086767911911
FR001689,0,0.00756160169839859
FR002722,0,0.006334973033517599
FR009494,0,0.012763237580657005
FR004773,0,0.007899978198111057
FR003287,0,0.01611991971731186
FR018856,0,0.0061032953672111034
FR011663,0,0.005914715584367514
FR015092,0,0.005153162870556116
FR017054,0,0.004028589930385351
FR002283,0,0.007702619768679142
FR015586,0,0.11827804148197174
FR019817,0,0.005644739605486393
FR004890,0,0.012444214895367622
FR012021,0,0.01369471289217472
FR008459,0,0.002692258218303323
FR007100,0,0.008347421884536743
FR011773,0,0.0068326182663440704
FR016501,0,0.010618923231959343
FR009160,0,0.004973689094185829
FR018832,0,0.047880690544843674
FR019872,0,0.025077026337385178
FR007053,0,0.0036357641220092773
FR016260,0,0.004217976704239845
FR002686,0,0.02398226223886013
FR006292,0,0.003570985747501254
FR007934,0,0.011287936009466648
FR019846,0,0.003199096769094467
FR006240,0,0.009221921674907207
FR000336,0,0.007352177985012531
FR018908,0,0.01031011063605547
FR017755,0,0.01851823925971985
FR013645,0,0.008581374771893024
FR007928,0,0.016844747588038445
FR001960,0,0.003792156232520938
FR003808,0,0.0272672176361084
FR011880,0,0.003659177105873823
FR004462,0,0.0031659731175750494
FR014531,0,0.005418736487627029
FR003576,0,0.008511427789926529
FR003633,0,0.06415064632892609
FR011698,0,0.007429339457303286
FR005274,0,0.0075957514345645905
FR010169,0,0.00490031810477376
FR004964,1,0.009684652090072632
FR017008,0,0.004213590640574694
FR018154,0,0.00378310470841825
FR007647,0,0.0037819291464984417
FR013846,0,0.004052591975778341
FR018283,0,0.01005794107913971
FR001558,0,0.005266779568046331
FR019133,0,0.011143856681883335
FR000573,0,0.01266559399664402
FR016947,0,0.004797299858182669
FR007340,0,0.0073722051456570625
FR000844,0,0.010250947438180447
FR002884,0,0.02586224116384983
FR000273,0,0.007635023910552263
FR005125,0,0.007728693075478077
FR016893,0,0.01215434167534113
FR000732,0,0.0065943337976932526
FR014323,0,0.0250962283462286
FR000203,0,0.01159034576267004
FR015103,0,0.009813138283789158
FR014970,0,0.017209090292453766
FR006069,0,0.0224015936255455
FR004522,0,0.003783397376537323
FR010360,0,0.005662549752742052
FR002354,0,0.00907270796597004
FR011959,0,0.014744558371603489
FR005787,0,0.014858189970254898
FR005639,0,0.011428392492234707
FR005289,0,0.018717020750045776
FR012909,0,0.012316200882196426
FR003909,0,0.012053648009896278
FR008002,0,0.0071336920373141766
FR017251,0,0.010506605729460716
FR001725,0,0.0045010666362941265
FR019731,0,0.013288390822708607
FR019434,0,0.008500742726027966
FR006202,0,0.012879718095064163
FR016820,0,0.01789374090731144
FR001965,0,0.011528263799846172
FR003853,0,0.011733653023838997
FR016114,0,0.021184930577874184
FR012436,0,0.005352828651666641
FR012633,0,0.01594330556690693
FR019550,0,0.011807545088231564
FR002653,0,0.005806695204228163
FR000517,0,0.01553682703524828
FR005057,0,0.0892769992351532
FR019980,0,0.01237997692078352
FR002135,0,0.008961105719208717
FR008005,0,0.00550036458298564
FR012307,0,0.03281210735440254
FR003680,0,0.03935667872428894
FR015129,0,0.03738280385732651
FR008324,0,0.010267148725688457
FR003782,0,0.01286047138273716
FR010492,0,0.006327785551548004
FR019774,0,0.010998985730111599
FR004717,0,0.00421837717294693
FR018857,0,0.01566021703183651
FR017252,0,0.0210616122931242
FR008100,0,0.007314526475965977
FR003888,0,0.0072835939936339855
FR007691,0,0.007071990519762039
FR005262,0,0.013888154178857803
FR006128,0,0.00751471659168601
FR006091,0,0.051606934517621994
FR005345,0,0.006412453018128872
FR014049,0,0.017613867297768593
FR003341,0,0.016237545758485794
FR008683,0,0.01702607423067093
FR006960,0,0.004382484592497349
FR006475,0,0.006568728480488062
FR000299,0,0.007824460975825787
FR001438,0,0.01298013236373663
FR013351,0,0.015468823723495007
FR002631,0,0.004658849909901619
FR007646,0,0.007078489288687706
FR009652,0,0.004089696798473597
FR011022,0,0.002897669328376651
FR007513,0,0.0146973617374897
FR011475,0,0.005245829001069069
FR016439,0,0.04622025042772293
FR003354,0,0.004531519487500191
FR006250,0,0.004605480469763279
FR010925,0,0.009554574266076088
FR011760,0,0.004721646662801504
FR011331,0,0.006749619729816914
FR015765,0,0.0038841331843286753
FR018687,0,0.004542323760688305
FR004342,0,0.020986361429095268
FR007821,0,0.019897060468792915
FR013903,0,0.013900392688810825
FR007484,0,0.0044325655326247215
FR017113,0,0.004613799042999744
FR016766,0,0.12070806324481964
FR011699,0,0.004339313600212336
FR002725,0,0.016203518956899643
FR007054,0,0.0038221643771976233
FR008498,0,0.01096559502184391
FR012623,0,0.012521544471383095
FR017019,0,0.005006090272217989
FR001709,0,0.009411909617483616
FR017249,1,0.02980286069214344
FR010758,0,0.0047240289859473705
FR019416,0,0.023976508527994156
FR019509,0,0.01649271510541439
FR011669,0,0.005721052642911673
FR000903,0,0.03812409192323685
FR012478,0,0.0073966821655631065
FR017747,0,0.010490220040082932
FR009895,0,0.015108532272279263
FR004559,0,0.02935364656150341
FR011609,1,0.1569543331861496
FR015966,0,0.00460868189111352
FR013193,0,0.022868013009428978
FR016749,0,0.0057296110317111015
FR008050,0,0.005810040980577469
FR016957,0,0.01735255867242813
FR002919,0,0.0038495517801493406
FR010296,0,0.007350417785346508
FR006392,0,0.0068856095895171165
FR018400,0,0.0034462627954781055
FR006851,0,0.0041588181629776955
FR013346,0,0.034915924072265625
FR009937,0,0.004225253127515316
FR001645,0,0.003974846098572016
FR014611,1,0.0299381110817194
FR003416,0,0.00820634700357914
FR017013,0,0.012956749647855759
FR009960,0,0.007445046212524176
FR002026,0,0.007148851174861193
FR016115,0,0.01636705920100212
FR013317,0,0.004301619715988636
FR002393,0,0.008629940450191498
FR005259,1,0.020024718716740608
FR004186,0,0.0036496175453066826
FR018668,0,0.07739454507827759
FR016913,0,0.014028324745595455
FR017964,0,0.00299775879830122
FR008855,0,0.0076051997020840645
FR009397,0,0.007102666888386011
FR008621,0,0.0073118130676448345
FR006550,0,0.014194060117006302
FR000967,0,0.0307308342307806
FR005359,0,0.010090219788253307
FR000188,0,0.003978098277002573
FR014907,0,0.00749226612970233
FR003878,0,0.004541474860161543
FR014468,0,0.014560922048985958
FR012107,0,0.00843253917992115
FR017336,0,0.008417338132858276
FR004509,0,0.008079341612756252
FR007060,0,0.005876888055354357
FR009874,0,0.014012174680829048
FR018117,0,0.006447562016546726
FR017924,0,0.010505931451916695
FR007927,0,0.028051819652318954
FR015843,0,0.013392194174230099
FR017096,1,0.6887733340263367
FR014543,0,0.0080586401745677
FR018507,0,0.01201742421835661
FR018497,0,0.009915242902934551
FR018224,0,0.017409084364771843
FR000252,0,0.004106382839381695
FR012254,0,0.020572887733578682
FR016816,0,0.0042011067271232605
FR019725,0,0.012651861645281315
FR018353,0,0.020468086004257202
FR004204,0,0.003253162605687976
FR009523,0,0.007028401363641024
FR004417,0,0.010852077044546604
FR013536,0,0.07457097619771957
FR008203,0,0.0038064229302108288
FR010264,0,0.005257289856672287
FR003706,0,0.008783416822552681
FR010096,0,0.12240628153085709
FR004701,0,0.011185264214873314
FR012700,0,0.005439662374556065
FR019553,0,0.03036925382912159
FR008119,0,0.004362597595900297
FR015907,0,0.0116032175719738
FR008901,0,0.03420408070087433
FR013548,0,0.03671487793326378
FR005466,0,0.0030029192566871643
FR019306,0,0.0037262358237057924
FR010253,0,0.02525879628956318
FR016761,0,0.006283670663833618
FR008557,0,0.11317606270313263
FR009694,0,0.004567685537040234
FR007656,0,0.007465030066668987
FR000629,0,0.004706777166575193
FR001587,0,0.013138621114194393
FR013628,0,0.005000187084078789
FR010328,0,0.020824212580919266
FR011051,0,0.009710975922644138
FR014652,0,0.0038201280403882265
FR010068,0,0.006436346098780632
FR000758,0,0.013093551620841026
FR009273,0,0.003997883293777704
FR017593,0,0.033535510301589966
FR007001,0,0.023555433377623558
FR012189,0,0.035175759345293045
FR012213,0,0.023827407509088516
FR003787,0,0.007108298130333424
FR000190,0,0.007203237619251013
FR012103,0,0.004582406487315893
FR002304,0,0.01479555107653141
FR012117,0,0.022225983440876007
FR019979,0,0.006623880472034216
FR017098,0,0.007640445604920387
FR004904,0,0.008790730498731136
FR017304,0,0.006620884872972965
FR000337,0,0.005546312779188156
FR013385,0,0.01859256625175476
FR002411,0,0.04223025590181351
FR005217,0,0.04533800855278969
FR001226,0,0.005325022619217634
FR001887,0,0.002770273946225643
FR014957,0,0.004188915714621544
FR004408,0,0.0068683624267578125
FR016685,0,0.008979770354926586
FR001736,0,0.005828620865941048
FR017050,0,0.005998444743454456
FR016670,0,0.004730651620775461
FR011269,0,0.024567168205976486
FR005013,0,0.004353599157184362
FR015579,0,0.0074861375615000725
FR005198,0,0.005847686901688576
FR019595,0,0.019701557233929634
FR014211,0,0.0036604900378733873
FR005864,0,0.014700622297823429
FR008276,0,0.006029277108609676
FR014537,0,0.009980186820030212
FR003389,0,0.007620802614837885
FR013260,0,0.004595479462295771
FR004449,0,0.0077612451277673244
FR018475,0,0.018979324027895927
FR009337,0,0.009274526499211788
FR013586,0,0.011695335619151592
FR012496,0,0.028614725917577744
FR011397,0,0.006127611733973026
FR017987,0,0.021295171231031418
FR016248,0,0.009564055129885674
FR019113,0,0.005807807669043541
FR013604,0,0.003977406769990921
FR005776,0,0.007267905864864588
FR000488,0,0.006191587541252375
FR004057,0,0.010226680897176266
FR015625,0,0.012939192354679108
FR004013,0,0.02886154316365719
FR008006,0,0.006430530454963446
FR004838,0,0.005999468266963959
FR014054,0,0.0216774120926857
FR016073,0,0.06306841224431992
FR012738,0,0.016689976677298546
FR018874,0,0.00457967771217227
FR012858,0,0.013297177851200104
FR005771,0,0.0060426886193454266
FR009035,0,0.004693691618740559
FR008688,0,0.019780825823545456
FR014614,0,0.00518760597333312
FR015772,0,0.052415281534194946
FR016180,0,0.0034938810858875513
FR017083,0,0.0081121064722538
FR006432,0,0.0038259353023022413
FR019324,0,0.004726213403046131
FR018519,0,0.004738379269838333
FR009852,0,0.006408486049622297
FR012907,0,0.08802203088998795
FR014885,1,0.06329938769340515
FR004626,0,0.005695388186722994
FR019575,0,0.011007323861122131
FR012664,0,0.013429664075374603
FR012993,0,0.016687989234924316
FR014552,0,0.01414225809276104
FR001952,0,0.005663682706654072
FR000041,0,0.025431182235479355
FR006649,0,0.013976716436445713
FR017337,0,0.035307906568050385
FR007240,0,0.02161196991801262
FR009560,0,0.013085247948765755
FR013497,0,0.00544879911467433
FR007787,0,0.018309546634554863
FR009790,0,0.019226012751460075
FR005419,0,0.020240729674696922
FR016684,0,0.012104091234505177
FR001956,0,0.010522078722715378
FR014709,0,0.011183598078787327
FR018194,0,0.006807354278862476
FR018930,0,0.004705238156020641
FR005898,0,0.0271175354719162
FR002244,0,0.024885891005396843
FR013870,0,0.027017559856176376
FR015451,0,0.00895170122385025
FR000445,0,0.0034591781441122293
FR005393,0,0.008229883387684822
FR002852,0,0.018894826993346214
FR016082,0,0.013337929733097553
FR002425,1,0.7702304124832153
FR017719,0,0.005487143062055111
FR015566,0,0.004827512893825769
FR009851,0,0.004264610353857279
FR015424,0,0.004965968895703554
FR008682,0,0.009551758877933025
FR006551,0,0.021262962371110916
FR015163,0,0.009574354626238346
FR012632,0,0.004843080881983042
FR004055,0,0.009628422558307648
FR015124,0,0.028712715953588486
FR015034,0,0.009178178384900093
FR014665,0,0.0176116731017828
FR018345,0,0.017447715625166893
FR000972,0,0.0026075358036905527
FR005069,0,0.01753300055861473
FR007464,0,0.006183374673128128
FR008415,0,0.01458743680268526
FR011708,0,0.0035166041925549507
FR018742,0,0.0071102469228208065
FR003987,0,0.00335562601685524
FR010519,0,0.02884475700557232
FR010872,0,0.0805758610367775
FR012099,0,0.022576581686735153
FR017534,0,0.00938954297453165
FR011455,0,0.01072609145194292
FR007396,1,0.021767565980553627
FR010190,0,0.008541499264538288
FR017609,0,0.0038852384313941
FR010576,0,0.06902974843978882
FR011850,0,0.004466905724257231
FR003809,0,0.025056995451450348
FR002303,0,0.009857100434601307
FR015537,0,0.013859333470463753
FR014735,0,0.009170220233500004
FR001233,0,0.007624276448041201
FR007687,0,0.00862589105963707
FR000950,0,0.023251673206686974
FR002365,0,0.004449805244803429
FR000286,0,0.007578399498015642
FR018752,0,0.00498898746445775
FR010058,0,0.0036784722469747066
FR001524,0,0.004859436769038439
FR008288,0,0.004060353618115187
FR015235,0,0.060415513813495636
FR015506,0,0.010955247096717358
FR014839,0,0.011177335865795612
FR010048,0,0.0062493146397173405
FR001849,0,0.028988206759095192
FR005309,0,0.013974009081721306
FR013111,0,0.005685788579285145
FR009014,0,0.019493475556373596
FR019830,0,0.015409338288009167
FR017090,1,0.006993833929300308
FR017101,0,0.00528728449717164
FR002007,0,0.018561622127890587
FR010984,0,0.005891040433198214
FR017549,0,0.004627751652151346
FR004183,0,0.006037469953298569
FR017233,0,0.005016425624489784
FR019210,0,0.02551402896642685
FR003858,0,0.006681270897388458
FR000346,0,0.02405998855829239
FR002234,0,0.005012155510485172
FR016017,1,0.011365673504769802
FR014823,0,0.023352976888418198
FR018951,0,0.0047638146206736565
FR019108,0,0.007174286060035229
FR016021,1,0.04941853880882263
FR002148,0,0.008053161203861237
FR002518,0,0.023127617314457893
FR009477,0,0.05417259410023689
FR008488,0,0.005147502291947603
FR014369,0,0.005702001973986626
FR004547,0,0.009328308515250683
FR010556,0,0.013364475220441818
FR007108,0,0.004497724585235119
FR016934,0,0.008775781840085983
FR011332,0,0.11787538230419159
FR007795,0,0.003695613471791148
FR007025,0,0.027886848896741867
FR006986,0,0.022178880870342255
FR001239,0,0.014219872653484344
FR010829,0,0.008257824927568436
FR012551,0,0.026340674608945847
FR010592,0,0.004974831361323595
FR011298,0,0.027111705392599106
FR013644,0,0.008536167442798615
FR003920,0,0.00901088584214449
FR015076,0,0.004594406578689814
FR015651,0,0.004868745803833008
FR001827,0,0.05136357992887497
FR010320,0,0.004850263707339764
FR017046,0,0.004813794046640396
FR005453,0,0.006168813444674015
FR006635,0,0.02337716519832611
FR018450,0,0.0592571496963501
FR014116,0,0.004308665636926889
FR007657,0,0.010893132537603378
FR015589,0,0.013421301729977131
FR010849,0,0.044806189835071564
FR000155,0,0.00908949039876461
FR013677,0,0.015550180338323116
FR005488,0,0.005635825917124748
FR008832,0,0.004977485164999962
FR018455,0,0.07240192592144012
FR013442,0,0.030076764523983
FR008723,1,0.0294421948492527
FR010577,0,0.006790928542613983
FR012571,0,0.007852395996451378
FR009334,0,0.01299419067800045
FR019514,0,0.010270492173731327
FR002460,0,0.0031364813912659883
FR011131,0,0.002910877112299204
FR000607,0,0.0024942648597061634
FR017733,0,0.004412590526044369
FR011996,0,0.005517760757356882
FR017540,0,0.00960185844451189
FR001914,0,0.0057587879709899426
FR013773,0,0.006334112025797367
FR010400,0,0.13718467950820923
FR016402,0,0.006350092124193907
FR007522,0,0.019938848912715912
FR005279,0,0.01016504131257534
FR002415,0,0.006171535700559616
FR008108,0,0.005906814243644476
FR004442,0,0.004729349631816149
FR005366,0,0.009355898946523666
FR017872,0,0.01184547133743763
FR012852,0,0.022499753162264824
FR008879,0,0.0072867246344685555
FR009128,0,0.009138115681707859
FR006205,0,0.027428612112998962
FR015549,0,0.004646924789994955
FR007627,0,0.007575373165309429
FR010251,0,0.005683209281414747
FR010391,0,0.006021600682288408
FR003864,0,0.005884398240596056
FR015465,0,0.004810037557035685
FR002997,0,0.008151964284479618
FR017562,0,0.007253270596265793
FR018219,0,0.005045006982982159
FR014047,0,0.012747492641210556
FR013024,0,0.005044698249548674
FR013349,0,0.035712871700525284
FR004409,0,0.0075503382831811905
FR016107,0,0.012457065284252167
FR003994,0,0.008614826947450638
FR017529,0,0.004021272994577885
FR013188,0,0.008075711317360401
FR009304,0,0.019104909151792526
FR014623,0,0.015167878940701485
FR019156,0,0.009017590433359146
FR016329,0,0.011156474240124226
FR002360,0,0.006327090319246054
FR013979,0,0.01756918616592884
FR007112,0,0.006906300783157349
FR018974,0,0.026648208498954773
FR017599,0,0.02365177683532238
FR010423,0,0.02928782068192959
FR019600,0,0.027813132852315903
FR010824,1,0.009803187102079391
FR017701,0,0.005485805682837963
FR003415,0,0.006053586956113577
FR015872,0,0.006130469497293234
FR017273,0,0.004668063949793577
FR006176,0,0.010374641977250576
FR015963,0,0.011204599402844906
FR010957,0,0.02538142539560795
FR005444,0,0.007296640891581774
FR015261,0,0.0034504919312894344
FR011137,0,0.021659551188349724
FR006513,0,0.006549042649567127
FR001852,0,0.009316673502326012
FR001713,0,0.013847685419023037
FR017405,0,0.004909718409180641
FR010144,0,0.007001019548624754
FR006747,0,0.009152495302259922
FR010518,0,0.013844280503690243
FR007878,0,0.006327159237116575
FR013833,0,0.01165053341537714
FR009288,0,0.0047217002138495445
FR004597,0,0.011813648976385593
FR008511,0,0.004691573791205883
FR005149,0,0.0341179259121418
FR005570,0,0.006714343558996916
FR019409,0,0.005050244741141796
FR000261,0,0.009168323129415512
FR001764,0,0.022437261417508125
FR015368,0,0.013000454753637314
FR014143,0,0.004463415127247572
FR011086,0,0.003238035598769784
FR010356,0,0.008607674390077591
FR005297,0,0.0058513362891972065
FR013753,0,0.007869596593081951
FR001939,0,0.011345598846673965
FR009566,0,0.012391671538352966
FR008389,0,0.007735904771834612
FR007854,0,0.11698223650455475
FR013096,1,0.6728984713554382
FR015997,0,0.004305935464799404
FR003816,0,0.011408251710236073
FR016295,0,0.009358414448797703
FR001918,0,0.0033055737148970366
FR005054,0,0.013030961155891418
FR006072,0,0.006990890018641949
FR000620,0,0.05966511741280556
FR012097,0,0.028236743062734604
FR012476,0,0.04519090801477432
FR013393,0,0.015120179392397404
FR008450,0,0.006882769986987114
FR003185,0,0.012336832471191883
FR012520,0,0.010941651649773121
FR016051,0,0.008371415548026562
FR017890,0,0.0072526391595602036
FR017075,0,0.01704856939613819
FR001317,0,0.016082925722002983
FR001485,0,0.004958522040396929
FR016897,0,0.00596253527328372
FR011026,0,0.00833117961883545
FR015547,0,0.01183011569082737
FR018240,0,0.02471541240811348
FR006637,0,0.0047793323174119
FR005675,0,0.02939227595925331
FR008036,0,0.012603800743818283
FR002514,0,0.01952015981078148
FR016599,0,0.01333836279809475
FR009414,0,0.0044743213802576065
FR016394,0,0.014626999385654926
FR004326,0,0.0034953788854181767
FR005056,0,0.007478729356080294
FR012578,0,0.0037947134114801884
FR010066,0,0.009870866313576698
FR010888,0,0.011134191416203976
FR012220,0,0.006810478866100311
FR019739,0,0.015165450051426888
FR018489,0,0.004758324008435011
FR002851,0,0.038189034909009933
FR014524,0,0.010495551861822605
FR017344,0,0.0147398691624403
FR002473,0,0.06447097659111023
FR008034,0,0.025975139811635017
FR003890,0,0.008519201539456844
FR014328,0,0.019101759418845177
FR010240,0,0.04993347451090813
FR007472,0,0.029701566323637962
FR005451,0,0.010898261331021786
FR001018,0,0.026175301522016525
FR018657,0,0.012560654431581497
FR007705,0,0.013811487704515457
FR002794,0,0.009658291935920715
FR000899,0,0.03640027344226837
FR008733,0,0.020867597311735153
FR012000,0,0.007671328727155924
FR014378,0,0.014894682914018631
FR005690,1,0.6768397092819214
FR017136,0,0.010590815916657448
FR011805,0,0.01144646480679512
FR011955,0,0.007859003730118275
FR014310,0,0.012435409240424633
FR007372,0,0.009312647394835949
FR013395,0,0.005570830777287483
FR010390,0,0.010453294962644577
FR002495,0,0.00637822225689888
FR011501,0,0.006979069206863642
FR017977,0,0.009962741285562515
FR008260,0,0.006988993845880032
FR000266,0,0.0084686866030097
FR004228,0,0.007588907610625029
FR016437,0,0.007514371071010828
FR018320,0,0.004862034227699041
FR013028,0,0.019266396760940552
FR001796,0,0.008054905571043491
FR018216,0,0.012683046981692314
FR008044,0,0.020721355453133583
FR011666,0,0.005234703421592712
FR004480,0,0.011254340410232544
FR006254,0,0.006010770797729492
FR010406,0,0.018985269591212273
FR019265,0,0.05661165341734886
FR009076,0,0.011703632771968842
FR006978,0,0.005329234525561333
FR000344,0,0.009675683453679085
FR018584,0,0.01739788055419922
FR006933,0,0.0047503504902124405
FR002805,0,0.031260982155799866
FR016095,0,0.005033108871430159
FR003063,0,0.015574799850583076
FR008868,0,0.04345378279685974
FR019410,0,0.037911057472229004
FR000839,0,0.007181017659604549
FR000018,0,0.012383859604597092
FR002428,0,0.005881709977984428
FR008332,0,0.004580932203680277
FR016703,0,0.007138337008655071
FR019818,0,0.009650385938584805
FR004076,0,0.02022523619234562
FR006815,0,0.010713833384215832
FR006585,0,0.0050230203196406364
FR007715,0,0.0061627598479390144
FR009499,1,0.014925189316272736
FR010594,0,0.01168153714388609
FR016931,0,0.027190886437892914
FR018786,0,0.009243683889508247
FR001886,0,0.00645768316462636
FR012008,0,0.008226887322962284
FR005495,0,0.023109644651412964
FR015640,0,0.0044079492799937725
FR001192,0,0.011001351289451122
FR011273,0,0.0042959172278642654
FR001920,0,0.003463657107204199
FR018116,0,0.006106819491833448
FR017477,0,0.019237790256738663
FR007549,0,0.06614001840353012
FR001560,0,0.004624342080205679
FR007550,0,0.007878875359892845
FR015373,0,0.00635134382173419
FR003614,0,0.003188185626640916
FR002841,0,0.004022623412311077
FR007105,0,0.006720139645040035
FR019056,0,0.0056102946400642395
FR015442,0,0.014019765891134739
FR009492,0,0.007389791775494814
FR006123,0,0.018793877214193344
FR009854,0,0.008434440940618515
FR004133,0,0.0074189105071127415
FR002249,0,0.07529126107692719
FR017730,0,0.006826873403042555
FR018414,0,0.008279455825686455
FR002391,0,0.030218951404094696
FR008010,0,0.04387408122420311
FR002566,0,0.00929093174636364
FR018646,0,0.00719657726585865
FR009072,0,0.006424896419048309
FR014462,0,0.007077926304191351
FR007952,0,0.0053560794331133366
FR007406,0,0.013423638418316841
FR004044,0,0.004738439805805683
FR006674,0,0.006396362092345953
FR007222,0,0.004543967079371214
FR000819,0,0.003913853317499161
FR019287,0,0.007059883326292038
FR008496,0,0.013553112745285034
FR018934,0,0.008427927270531654
FR018898,0,0.011457978747785091
FR011574,0,0.02209770865738392
FR003799,0,0.04201161488890648
FR008258,0,0.0059280055575072765
FR019708,0,0.026501260697841644
FR012503,0,0.03342577815055847
FR010025,0,0.005566846113651991
FR011810,1,0.30344220995903015
FR002708,0,0.005212702788412571
FR004112,0,0.010627152398228645
FR016296,0,0.0055445218458771706
FR001564,0,0.0055295554921031
FR017296,0,0.011301588267087936
FR005120,0,0.007102582603693008
FR000343,0,0.010197275318205357
FR002933,0,0.004715103190392256
FR013239,1,0.010985377244651318
FR000952,0,0.005764136556535959
FR000443,0,0.011038029566407204
FR019949,0,0.004814877174794674
FR003919,0,0.030113253742456436
FR018747,0,0.023421509191393852
FR008787,0,0.023880546912550926
FR015215,0,0.008706324733793736
FR013513,0,0.005538627505302429
FR000420,0,0.00430621113628149
FR002342,0,0.03288763388991356
FR010452,0,0.010353445075452328
FR002815,0,0.004523076117038727
FR002867,0,0.0044829994440078735
FR009158,0,0.011037081480026245
FR004396,0,0.004140343051403761
FR002401,0,0.011640232987701893
FR005760,0,0.005617574322968721
FR017254,0,0.008296179585158825
FR001667,0,0.024472862482070923
FR015695,0,0.005539302714169025
FR010074,0,0.00790898222476244
FR017955,0,0.006809069309383631
FR017842,0,0.005261900369077921
FR000458,0,0.006360279396176338
FR009716,0,0.01247874740511179
FR010474,0,0.011041189543902874
FR017939,0,0.03867277130484581
FR013882,0,0.009705057367682457
FR011853,1,0.3418710231781006
FR008928,0,0.006142434198409319
FR017326,0,0.0048258500173687935
FR003822,0,0.005172824952751398
FR008727,0,0.032114747911691666
FR007170,0,0.01055864617228508
FR011095,0,0.00955065805464983
FR008769,0,0.006283539347350597
FR009953,0,0.008289622142910957
FR003865,0,0.005053264554589987
FR011424,0,0.00595324719324708
FR007613,0,0.004010135307908058
FR008471,0,0.014783651567995548
FR006171,0,0.005432541482150555
FR005554,0,0.00997370108962059
FR016468,0,0.1245306059718132
FR004030,0,0.011049789376556873
FR008409,0,0.010638358071446419
FR002189,0,0.010471022687852383
FR017278,0,0.012386379763484001
FR011442,0,0.015916135162115097
FR006603,0,0.022825682535767555
FR011830,0,0.004017760511487722
FR003371,0,0.005129110999405384
FR018423,0,0.007234249729663134
FR000575,0,0.005639937240630388
FR010284,0,0.004096320830285549
FR018837,0,0.003404794493690133
FR015513,0,0.03898342326283455
FR011482,0,0.004822924267500639
FR014217,0,0.01603325456380844
FR008560,0,0.0045632668770849705
FR007289,0,0.007071213331073523
FR011882,0,0.006036002188920975
FR013178,0,0.01091124676167965
FR000762,0,0.004723477642983198
FR013403,0,0.013370003551244736
FR015568,0,0.005158856976777315
FR019101,0,0.0035244447644799948
FR011204,0,0.004597761668264866
FR014690,0,0.004359791986644268
FR015270,0,0.008817732334136963
FR014732,0,0.035798557102680206
FR003673,0,0.005600085947662592
FR001133,0,0.007080835290253162
FR003326,0,0.01278202049434185
FR006285,0,0.007708734832704067
FR011606,0,0.003965749405324459
FR002954,0,0.012667657807469368
FR013835,0,0.004333213437348604
FR012396,0,0.006418541073799133
FR018626,0,0.014317710883915424
FR012559,0,0.009676030836999416
FR006425,0,0.04317956045269966
FR002819,0,0.005166204180568457
FR013123,0,0.0032281961757689714
FR014787,0,0.007266577798873186
FR010715,0,0.008288713172078133
FR002719,0,0.009509074501693249
FR019237,0,0.005765863694250584
FR010257,0,0.005261912941932678
FR003066,0,0.03715234622359276
FR002860,0,0.008290830068290234
FR003698,0,0.0032767164520919323
FR011017,0,0.01274809893220663
FR001509,0,0.014173079282045364
FR016360,0,0.0073403832502663136
FR015020,0,0.012061652727425098
FR019096,0,0.014459189027547836
FR005316,0,0.01308000274002552
FR002876,0,0.005116274580359459
FR017913,0,0.01017072331160307
FR018834,0,0.004053595010191202
FR007217,0,0.019509827718138695
FR001957,0,0.013199230656027794
FR018129,0,0.008976245298981667
FR005007,0,0.008034217171370983
FR004345,0,0.00586316455155611
FR010939,0,0.007086929865181446
FR001122,0,0.004507404286414385
FR014749,0,0.010935110040009022
FR010640,0,0.004972079768776894
FR015386,0,0.006102574989199638
FR005817,0,0.013913686387240887
FR015067,0,0.018960613757371902
FR016259,0,0.11020713299512863
FR017620,0,0.01819240115582943
FR015008,0,0.0607188418507576
FR000391,0,0.017871573567390442
FR004795,0,0.0126886498183012
FR010629,0,0.0048384154215455055
FR004839,0,0.005185352638363838
FR004412,0,0.005048273131251335
FR009974,0,0.007221265230327845
FR007968,0,0.009319429285824299
FR010769,0,0.0373443178832531
FR010823,0,0.006553967483341694
FR016420,0,0.005624504294246435
FR013126,0,0.009987888857722282
FR005804,0,0.01470427680760622
FR005354,0,0.021409660577774048
FR014915,0,0.008051987737417221
FR018329,0,0.008295532315969467
FR008067,0,0.005328082013875246
FR007781,0,0.004385039675980806
FR016099,0,0.004958761390298605
FR001316,0,0.2837180197238922
FR001212,0,0.01905255764722824
FR010205,0,0.002765063662081957
FR018779,0,0.010730586014688015
FR006125,0,0.013945057988166809
FR007379,0,0.01566137745976448
FR017654,0,0.01765569858253002
FR002945,0,0.01329288724809885
FR006596,0,0.008424963802099228
FR007080,0,0.007930341176688671
FR016560,1,0.05599644407629967
FR015725,0,0.0038977006915956736
FR014680,0,0.008127533830702305
FR006639,0,0.025143638253211975
FR005841,0,0.006126929074525833
FR003947,0,0.01253372523933649
FR001113,0,0.01285466831177473
FR007000,0,0.011869003996253014
FR003377,0,0.015184706076979637
FR001290,0,0.018121691420674324
FR003735,0,0.5419617295265198
FR017657,0,0.00917724147439003
FR002032,0,0.01959039270877838
FR001525,0,0.011515278369188309
FR009713,0,0.006629785057157278
FR007521,0,0.01838097535073757
FR019063,0,0.0038108392618596554
FR011876,0,0.005960661917924881
FR001096,0,0.004256370943039656
FR007939,0,0.02677309513092041
FR011010,0,0.009101484902203083
FR019158,0,0.004815706983208656
FR016961,0,0.015947429463267326
FR018910,0,0.004570582881569862
FR017591,0,0.027841519564390182
FR018566,0,0.015039443969726562
FR018200,0,0.003889127168804407
FR002133,0,0.007035040762275457
FR018675,0,0.03103819489479065
FR013867,0,0.004559782799333334
FR007374,0,0.004092018585652113
FR013479,0,0.007199160289019346
FR019285,0,0.007411368656903505
FR015987,0,0.0038999319076538086
FR011205,0,0.005208233837038279
FR016785,0,0.02262227237224579
FR014135,0,0.00381644768640399
FR014755,0,0.006482398137450218
FR015184,0,0.006238752044737339
FR002187,0,0.006357118487358093
FR004560,0,0.00513133779168129
FR003351,0,0.005218075588345528
FR004150,0,0.009838158264756203
FR019970,0,0.005855331663042307
FR011919,0,0.025699011981487274
FR019988,0,0.009873420931398869
FR016169,0,0.0073045166209340096
FR016131,0,0.006478646770119667
FR005397,0,0.0035826952662318945
FR014633,0,0.007521895691752434
FR010420,0,0.0031778912525624037
FR010529,0,0.023598844185471535
FR011577,0,0.004185301251709461
FR014674,0,0.0038326585199683905
FR012699,0,0.005549558904021978
FR015258,0,0.03755854070186615
FR016474,0,0.014259027317166328
FR003365,0,0.005654680542647839
FR017358,0,0.0059383888728916645
FR012795,0,0.0372086763381958
FR004267,0,0.0053758639842271805
FR005689,0,0.006532769184559584
FR016912,0,0.006578042171895504
FR004859,0,0.010246657766401768
FR010880,0,0.008978242985904217
FR015225,0,0.0036855426151305437
FR016770,0,0.00426686042919755
FR016976,0,0.011747434735298157
FR002263,0,0.007267003878951073
FR007286,0,0.010095122270286083
FR007974,0,0.063271164894104
FR019997,0,0.0062705595046281815
FR012864,0,0.007960153743624687
FR014971,0,0.03794737160205841
FR015055,0,0.008318138308823109
FR003838,0,0.00890503078699112
FR015730,0,0.06192901358008385
FR000841,0,0.03844679519534111
FR006907,0,0.04353068023920059
FR019957,0,0.1489146500825882
FR007547,0,0.0045330943539738655
FR005709,0,0.026356779038906097
FR019592,0,0.004003360867500305
FR001617,0,0.018692880868911743
FR000242,0,0.022830847650766373
FR012347,0,0.0061243195086717606
FR005638,0,0.007950725965201855
FR014812,0,0.015788139775395393
FR002843,0,0.007152504287660122
FR009015,0,0.00660581374540925
FR014707,0,0.012783674523234367
FR000649,0,0.032521042972803116
FR013332,0,0.005298420786857605
FR005803,0,0.005420032422989607
FR016583,0,0.0053798300214111805
FR006906,0,0.006074697710573673
FR008884,0,0.03564460575580597
FR005606,0,0.011999349109828472
FR010524,0,0.0060839722864329815
FR008268,0,0.004152183886617422
FR012300,0,0.00839138962328434
FR003692,0,0.015586280263960361
FR013204,0,0.013377107679843903
FR016278,0,0.03753660246729851
FR015343,0,0.0050310962833464146
FR017545,0,0.015448176302015781
FR006014,0,0.004237154498696327
FR016212,0,0.017904771491885185
FR007187,0,0.01476271077990532
FR011115,0,0.009642495773732662
FR001360,0,0.006476320791989565
FR013896,0,0.015434258617460728
FR008394,0,0.0032751113176345825
FR009418,0,0.009967257268726826
FR002277,0,0.003914866596460342
FR017034,0,0.009761556051671505
FR017057,0,0.1045604720711708
FR000074,0,0.011132427491247654
FR002988,0,0.01129757147282362
FR016866,0,0.006784531753510237
FR010442,0,0.008414951153099537
FR006722,0,0.0033144524786621332
FR004226,0,0.005213545635342598
FR000355,0,0.00497403834015131
FR008075,0,0.007282025180757046
FR000137,0,0.004072154406458139
FR002922,0,0.00493543641641736
FR004221,0,0.004705133382230997
FR007857,0,0.0046446118503808975
FR019752,0,0.0033391849137842655
FR014353,0,0.006916963495314121
FR008773,0,0.02063119411468506
FR007056,1,0.5821985602378845
FR003419,0,0.009916815906763077
FR001812,0,0.013173220679163933
FR011242,0,0.021745173260569572
FR003603,0,0.021471457555890083
FR000295,0,0.00566127710044384
FR000763,0,0.010675516910851002
FR004164,0,0.006398444063961506
FR005868,0,0.005380939692258835
FR007186,0,0.004814164247363806
FR008452,0,0.012531064450740814
FR019384,0,0.005458650644868612
FR006759,0,0.007018574979156256
FR007225,0,0.004668307490646839
FR012413,0,0.005330470856279135
FR008942,0,0.007997056469321251
FR019488,0,0.018462231382727623
FR005548,0,0.003089164849370718
FR006878,0,0.01377105712890625
FR015610,0,0.06797939538955688
FR003671,0,0.008928734809160233
FR011695,0,0.005381761584430933
FR006990,0,0.012346661649644375
FR016207,0,0.006550879217684269
FR001414,0,0.0321933887898922
FR011813,0,0.012427518144249916
FR011306,0,0.04325861111283302
FR007680,0,0.003060124581679702
FR005257,0,0.004578564781695604
FR006379,0,0.03743778541684151
FR006721,0,0.04652673006057739
FR002361,0,0.009579076431691647
FR009816,0,0.003538504708558321
FR002932,0,0.0117813004180789
FR004476,0,0.0232566948980093
FR002159,0,0.013836236670613289
FR007660,0,0.011924300342798233
FR018143,0,0.007514008320868015
FR010815,0,0.011324634775519371
FR018398,0,0.04583277180790901
FR018304,0,0.005881489720195532
FR012274,0,0.004437336232513189
FR006979,0,0.020276570692658424
FR005525,0,0.0061828382313251495
FR013632,0,0.011793514713644981
FR003236,0,0.01815696991980076
FR017630,0,0.003318391041830182
FR015721,0,0.01792721450328827
FR012807,0,0.009168899618089199
FR011128,0,0.004760408774018288
FR012927,0,0.004382721614092588
FR004545,0,0.010753327049314976
FR000278,0,0.03307798504829407
FR019393,0,0.006318090483546257
FR012208,0,0.011099317111074924
FR011235,0,0.012768399901688099
FR004094,0,0.006663601379841566
FR005595,0,0.008912828750908375
FR003445,0,0.015986492857336998
FR014987,0,0.005671516060829163
FR002345,0,0.025183143094182014
FR019776,0,0.005277039483189583
FR012948,0,0.005887456238269806
FR004983,0,0.12051665782928467
FR009638,0,0.006257365457713604
FR007402,0,0.02957768365740776
FR014579,0,0.08154941350221634
FR002180,0,0.009694114327430725
FR007580,0,0.005623688455671072
FR019067,0,0.022964168339967728
FR019437,0,0.02395070530474186
FR015478,0,0.005384866613894701
FR012118,0,0.010895784012973309
FR019228,0,0.005702659022063017
FR019711,0,0.003121434012427926
FR014174,0,0.012013246305286884
FR013053,0,0.005146183539181948
FR018088,0,0.027160121127963066
FR016729,0,0.020825857296586037
FR000913,0,0.005572548136115074
FR010968,0,0.008024782873690128
FR015580,0,0.0037384312599897385
FR018970,0,0.0065932185389101505
FR011670,0,0.007898329757153988
FR018354,0,0.0031908901873975992
FR000978,0,0.010909312404692173
FR013106,0,0.009273909032344818
FR003320,0,0.05201731622219086
FR012136,0,0.04281490668654442
FR016797,0,0.05359802022576332
FR003582,0,0.006376406643539667
FR012328,0,0.007167025003582239
FR005485,0,0.009047330357134342
FR014525,0,0.026152534410357475
FR008362,0,0.006393995601683855
FR001637,0,0.008929726667702198
FR016540,0,0.0148758040741086
FR015201,0,0.06416928023099899
FR014694,0,0.00446232408285141
FR014875,0,0.014461037702858448
FR015533,0,0.01664719358086586
FR001987,0,0.006515411660075188
FR017182,0,0.009038122370839119
FR003019,0,0.006486576050519943
FR010803,0,0.004045229405164719
FR005446,0,0.03910742700099945
FR003773,0,0.02865595370531082
FR016687,0,0.00884117279201746
FR015023,0,0.0028645300772041082
FR007432,0,0.004302771762013435
FR016921,0,0.009302016347646713
FR016510,0,0.0035339377354830503
FR000379,1,0.04677413031458855
FR000780,0,0.007735369727015495
FR002752,0,0.008402395062148571
FR019736,0,0.011221586726605892
FR010433,0,0.004265300929546356
FR017220,0,0.012462293729186058
FR006327,0,0.010971186682581902
FR014993,0,0.005926772020757198
FR005842,0,0.01650545932352543
FR000091,0,0.011990928091108799
FR013599,0,0.008676424622535706
FR016663,0,0.014866379089653492
FR003601,0,0.005272240843623877
FR014368,0,0.021421972662210464
FR010236,0,0.006655342876911163
FR000275,0,0.007184111978858709
FR017984,0,0.00719164963811636
FR007180,0,0.006499251816421747
FR012366,0,0.004118535667657852
FR009341,0,0.008420920930802822
FR002678,0,0.02547401748597622
FR010065,0,0.019037729129195213
FR018630,1,0.3611772060394287
FR018449,0,0.02402341552078724
FR004943,0,0.008674763143062592
FR011990,0,0.01399372797459364
FR012200,0,0.008964167907834053
FR011443,0,0.004626197274774313
FR006519,0,0.004151413217186928
FR001825,0,0.01009569875895977
FR004670,0,0.03949303552508354
FR015027,0,0.023631678894162178
FR004536,0,0.012000394985079765
FR008215,0,0.025020286440849304
FR012381,0,0.0028177169151604176
FR007476,0,0.014527090825140476
FR012235,0,0.005832222290337086
FR011541,0,0.007503738161176443
FR011105,0,0.27657678723335266
FR013798,0,0.005610648076981306
FR003818,0,0.011916054412722588
FR000602,0,0.008338064886629581
FR006384,0,0.021602030843496323
FR019093,0,0.021421121433377266
FR004724,0,0.009802612476050854
FR004156,0,0.008336838334798813
FR013267,0,0.00570925185456872
FR009112,0,0.005506366956979036
FR016436,0,0.010814214125275612
FR019766,0,0.003952218685299158
FR018139,0,0.01420842669904232
FR016616,0,0.004139898810535669
FR016379,0,0.011926721781492233
FR018068,0,0.062129031866788864
FR019311,0,0.01887960359454155
FR004344,0,0.009180329740047455
FR002004,0,0.004769341088831425
FR003398,0,0.020107097923755646
FR013473,0,0.009054121561348438
FR004207,0,0.005429718177765608
FR007481,0,0.004307070281356573
FR017224,0,0.086168572306633
FR006186,0,0.045948393642902374
FR014814,0,0.013800484128296375
FR012026,0,0.040836967527866364
FR019302,0,0.008865625597536564
FR015321,0,0.005979678127914667
FR001443,0,0.004026522394269705
FR015992,0,0.00758407125249505
FR017715,0,0.008838369511067867
FR006070,0,0.0036477851681411266
FR011241,0,0.02055785246193409
FR001155,0,0.022142430767416954
FR002641,0,0.013409222476184368
FR007684,0,0.003716148668900132
FR003975,0,0.01644284650683403
FR019455,0,0.020354919135570526
FR013085,0,0.0044329361990094185
FR004008,0,0.0071909790858626366
FR002018,0,0.00425546383485198
FR019092,0,0.004037561826407909
FR019010,0,0.0029368402902036905
FR000655,0,0.01662518084049225
FR005181,0,0.00612286850810051
FR007175,0,0.01881844364106655
FR012127,0,0.004519550129771233
FR003779,0,0.005418708547949791
FR007819,0,0.005684610456228256
FR018978,0,0.01320466585457325
FR000019,0,0.013448193669319153
FR007546,0,0.006025043781846762
FR012868,0,0.012377563863992691
FR017367,0,0.008876161649823189
FR002183,0,0.04660627618432045
FR018437,0,0.011956929229199886
FR003470,0,0.011304812505841255
FR006559,0,0.014345942065119743
FR005244,0,0.008433946408331394
FR014605,0,0.019938265904784203
FR000977,0,0.0048537952825427055
FR005238,0,0.013447199948132038
FR018105,0,0.005806296598166227
FR002218,0,0.08381849527359009
FR019885,0,0.010531972162425518
FR005020,0,0.025129999965429306
FR014754,0,0.011120780371129513
FR007661,0,0.0033265782985836267
FR005665,0,0.005183183588087559
FR006665,0,0.02397550456225872
FR001980,0,0.012884151190519333
FR003538,0,0.00953555479645729
FR002268,0,0.0056389798410236835
FR016741,0,0.014352820813655853
FR015962,0,0.010242355056107044
FR015107,0,0.008045904338359833
FR015014,0,0.011151871643960476
FR016904,0,0.004308071918785572
FR016164,0,0.003872956382110715
FR016141,0,0.018819116055965424
FR003471,0,0.00589729892089963
FR001519,0,0.03309648111462593
FR015077,0,0.01286451704800129
FR014896,0,0.005999197717756033
FR001277,0,0.010105634108185768
FR001103,0,0.0051191882230341434
FR009272,0,0.009223556146025658
FR005236,0,0.0030812963377684355
FR013054,0,0.035607196390628815
FR001984,0,0.006802706979215145
FR005204,0,0.004056439269334078
FR019713,0,0.14240354299545288
FR010645,0,0.01737402006983757
FR016696,0,0.007867143489420414
FR019689,0,0.010471629910171032
FR004956,0,0.008800508454442024
FR015844,1,0.0059751789085567
FR011175,0,0.010688265785574913
FR009984,0,0.006541706621646881
FR016780,0,0.0059967502020299435
FR010184,0,0.00805045384913683
FR006814,0,0.01263413019478321
FR016286,0,0.03853414207696915
FR014703,0,0.14264701306819916
FR010488,0,0.0048123253509402275
FR006137,0,0.05711693689227104
FR015615,0,0.006872878409922123
FR003160,0,0.01018351037055254
FR016069,0,0.01790730468928814
FR006533,1,0.45284339785575867
FR018754,0,0.00843139924108982
FR007075,0,0.04839158058166504
FR017183,0,0.003916335757821798
FR016396,0,0.010631916113197803
FR003794,0,0.010734306648373604
FR008583,0,0.00673616211861372
FR000281,0,0.0032236180268228054
FR000595,0,0.005146100651472807
FR001837,0,0.011268357746303082
FR010791,0,0.006540339905768633
FR015698,0,0.01420665718615055
FR007737,0,0.012929823249578476
FR006758,0,0.019080528989434242
FR006754,0,0.007426080759614706
FR019902,0,0.009687919169664383
FR015737,0,0.004478160757571459
FR016575,0,0.009895699098706245
FR014766,0,0.005002319812774658
FR018255,0,0.015804212540388107
FR005012,0,0.006763312965631485
FR009928,0,0.005457480903714895
FR002532,0,0.0033020724076777697
FR013516,0,0.025518951937556267
FR001625,0,0.00493346294388175
FR010561,0,0.006555324885994196
FR012921,0,0.007975316606462002
FR010123,0,0.013336562551558018
FR010787,0,0.005425224546343088
FR015958,0,0.012870507314801216
FR005201,0,0.004435518756508827
FR018413,0,0.028354424983263016
FR003444,0,0.0061265574768185616
FR002873,0,0.007305782288312912
FR006962,0,0.017692124471068382
FR015545,0,0.013144983910024166
FR019335,0,0.008493535220623016
FR009066,0,0.004210508894175291
FR000001,0,0.03804601728916168
FR019857,0,0.016813859343528748
FR004625,0,0.014333951286971569
FR012521,0,0.014732039533555508
FR008872,0,0.02220478467643261
FR004914,0,0.004642952233552933
FR019628,0,0.014187750406563282
FR014257,0,0.003839666722342372
FR008970,0,0.0033169027883559465
FR013234,0,0.005039349664002657
FR002112,0,0.003440507920458913
FR004765,0,0.0071553997695446014
FR001253,0,0.02920631878077984
FR010604,0,0.01597711816430092
FR009672,0,0.004118895623832941
FR014572,0,0.007803827989846468
FR018319,0,0.005018432624638081
FR007554,0,0.006668488495051861
FR002408,0,0.03317906707525253
FR004938,0,0.05037752166390419
FR009187,0,0.012802265584468842
FR012214,0,0.006681995932012796
FR005783,0,0.006480006501078606
FR001892,1,0.010773255489766598
FR009220,0,0.008029146119952202
FR000569,1,0.00363216083496809
FR013699,0,0.021989859640598297
FR007916,0,0.007991944439709187
FR003318,0,0.015526955015957355
FR007847,0,0.005125673953443766
FR010790,0,0.005654589273035526
FR008768,0,0.014321701601147652
FR013429,0,0.003443255554884672
FR019207,0,0.0033165605273097754
FR008009,0,0.020886920392513275
FR011445,0,0.0071441116742789745
FR018788,0,0.006103408522903919
FR004910,0,0.006543283816426992
FR009805,0,0.03806198015809059
FR002117,0,0.0064665828831493855
FR016275,0,0.007810365874320269
FR011734,0,0.037149351090192795
FR000049,0,0.004499522503465414
FR013674,0,0.04958979785442352
FR013468,0,0.03242916241288185
FR019793,0,0.03584226593375206
FR000322,0,0.011118232272565365
FR008376,0,0.004573358688503504
FR011056,0,0.024379698559641838
FR004115,0,0.0070054433308541775
FR010307,0,0.01678602583706379
FR009176,0,0.005463866516947746
FR001174,0,0.0043967654928565025
FR006416,1,0.16804304718971252
FR007774,0,0.005677265115082264
FR015801,0,0.009516622871160507
FR005939,0,0.010945207439363003
FR016781,1,0.06289521604776382
FR003089,0,0.00484827533364296
FR013476,0,0.13027146458625793
FR007825,0,0.017799686640501022
FR016171,0,0.031205270439386368
FR004178,0,0.007562987506389618
FR011901,0,0.003732004202902317
FR011033,0,0.007706122938543558
FR009420,0,0.01044760923832655
FR013397,0,0.004021721892058849
FR006800,0,0.0035498887300491333
FR004787,0,0.022420544177293777
FR010375,0,0.006785681936889887
FR016586,0,0.005889097228646278
FR000323,1,0.30394721031188965
FR018305,0,0.015212569385766983
FR019888,0,0.009468663483858109
FR001770,0,0.0094563327729702
FR006447,0,0.02505352906882763
FR005757,0,0.00800601951777935
FR016316,0,0.006365657318383455
FR014283,0,0.005525144748389721
FR010408,0,0.0046674832701683044
FR003060,0,0.016892418265342712
FR001648,0,0.011344634927809238
FR010590,0,0.0027056862600147724
FR010671,0,0.00997834000736475
FR013498,0,0.006271233782172203
FR017897,0,0.03379426151514053
FR005623,0,0.011325878091156483
FR015047,0,0.008522186428308487
FR018723,0,0.011145653203129768
FR010678,0,0.0491168238222599
FR018504,0,0.006562231108546257
FR017369,0,0.005907811224460602
FR003820,0,0.005915222689509392
FR003064,0,0.007090370170772076
FR007616,0,0.008173981681466103
FR014523,0,0.011639919131994247
FR000472,0,0.005298850126564503
FR007534,0,0.00637216679751873
FR014237,0,0.006586036179214716
FR002977,0,0.004679350182414055
FR007682,0,0.0044507537968456745
FR014262,0,0.0073457080870866776
FR014197,0,0.003610295243561268
FR004173,0,0.0070635173469781876
FR014817,0,0.012798259034752846
FR011299,0,0.004568296950310469
FR003651,0,0.007021586410701275
FR005553,0,0.006467514671385288
FR018389,0,0.0076764668338000774
FR004527,0,0.016808966174721718
FR005773,0,0.004155047703534365
FR018397,0,0.005762800108641386
FR011682,0,0.01881948672235012
FR007347,0,0.005117680411785841
FR002842,0,0.06492550671100616
FR005749,0,0.007223405409604311
FR007738,0,0.003808070905506611
FR008482,0,0.004944418556988239
FR010174,0,0.0071335830725729465
FR013580,0,0.0035166060552001
FR009501,0,0.005115961655974388
FR010170,0,0.005835939198732376
FR017088,0,0.004740317817777395
FR004137,0,0.007494408171623945
FR012670,0,0.0026759631000459194
FR019741,0,0.010526861064136028
FR011170,0,0.04321714863181114
FR018236,0,0.012829279527068138
FR001029,0,0.004531358368694782
FR004599,0,0.006594293285161257
FR011833,0,0.005062195472419262
FR016632,0,0.019792096689343452
FR008485,0,0.005727503448724747
FR005113,0,0.013693186454474926
FR017538,0,0.05690430849790573
FR017197,0,0.01755478046834469
FR002970,0,0.0052063120529055595
FR008420,0,0.07749532908201218
FR011122,0,0.005942265968769789
FR009967,0,0.008696017786860466
FR016376,0,0.011674497276544571
FR018658,0,0.02492903172969818
FR007138,0,0.04566781595349312
FR009959,0,0.004769777413457632
FR016149,0,0.006904393434524536
FR002471,0,0.006841771304607391
FR001347,0,0.008735951967537403
FR003411,0,0.006661543622612953
FR015035,0,0.00977903138846159
FR001117,0,0.008291990496218204
FR011681,0,0.00457472400739789
FR010021,0,0.01646117866039276
FR014740,0,0.006014920771121979
FR005327,0,0.007642614655196667
FR006829,0,0.00748816505074501
FR009364,0,0.006971066351979971
FR003644,0,0.009348079562187195
FR005546,0,0.018725508823990822
FR014139,0,0.008710071444511414
FR002253,0,0.04263479262590408
FR010429,0,0.01841374859213829
FR001861,0,0.007471367716789246
FR008106,0,0.010900532826781273
FR012936,0,0.014223862439393997
FR007336,0,0.00842378381639719
FR011784,0,0.007422682363539934
FR013458,0,0.027029113844037056
FR015218,0,0.014224317856132984
FR012467,0,0.023295791819691658
FR015403,0,0.004435575567185879
FR003654,0,0.007557978387922049
FR014190,0,0.009636200033128262
FR009791,0,0.00406169006600976
FR010575,0,0.02117309346795082
FR016479,0,0.05492277070879936
FR014121,0,0.013632064685225487
FR008222,0,0.007797144819051027
FR016505,1,0.036927733570337296
FR016391,0,0.010845061391592026
FR018548,0,0.005189838819205761
FR018662,0,0.009192482568323612
FR014503,0,0.005730865988880396
FR014177,0,0.005119625013321638
FR005931,0,0.004784199874848127
FR015777,0,0.046006038784980774
FR000553,0,0.009452500380575657
FR006929,0,0.010736844502389431
FR017309,0,0.004404183942824602
FR015099,0,0.010670743882656097
FR012898,0,0.009140420705080032
FR014327,0,0.004713497124612331
FR001557,0,0.004741840995848179
FR008630,0,0.01875820942223072
FR006967,0,0.007961878553032875
FR011951,0,0.006264545023441315
FR018751,0,0.023704711347818375
FR009244,0,0.005079046823084354
FR019136,0,0.0038115778006613255
FR018986,0,0.005213881842792034
FR016315,0,0.007927153259515762
FR012469,0,0.020700426772236824
FR008241,0,0.006660956423729658
FR016600,0,0.021521246060729027
FR012867,0,0.16847456991672516
FR009695,0,0.01683475449681282
FR001752,0,0.008694222196936607
FR013065,0,0.008003906346857548
FR004785,0,0.007439279928803444
FR001486,0,0.010024690069258213
FR002901,0,0.006169696804136038
FR008318,0,0.003428258001804352
FR000195,0,0.0076234894804656506
FR012192,0,0.0063370270654559135
FR018416,0,0.004101292230188847
FR012058,0,0.0064707729034125805
FR011691,0,0.011871252208948135
FR007961,0,0.01664680428802967
FR010598,0,0.004422739148139954
FR013735,0,0.012449249625205994
FR011965,0,0.017320096492767334
FR013585,0,0.019113363698124886
FR000211,0,0.004848839249461889
FR004213,0,0.012093553319573402
FR012047,0,0.033310819417238235
FR000879,0,0.004235875327140093
FR016873,0,0.005204485263675451
FR000288,0,0.005241665057837963
FR010494,0,0.005866150371730328
FR002416,0,0.00818914920091629
FR000970,0,0.013670504093170166
FR005635,0,0.02318880520761013
FR011509,0,0.010779034346342087
FR001490,0,0.014780746772885323
FR005556,0,0.006202094256877899
FR012013,0,0.012235418893396854
FR014653,0,0.01438731886446476
FR016690,0,0.006052560172975063
FR013363,0,0.1794584095478058
FR000665,0,0.004453355446457863
FR006753,0,0.0028357491828501225
FR014073,1,0.009174657985568047
FR010223,0,0.04273555800318718
FR013077,0,0.004499133676290512
FR012572,0,0.009034339338541031
FR017834,0,0.005230193492025137
FR019369,0,0.007762636989355087
FR005469,0,0.012002724222838879
FR004768,0,0.004739562049508095
FR009530,0,0.004058210179209709
FR004618,0,0.015008429996669292
FR016195,0,0.007401290349662304
FR003387,0,0.007790890987962484
FR008936,0,0.016520079225301743
FR017491,0,0.008081447333097458
FR016644,0,0.0049217683263123035
FR003151,0,0.006412154994904995
FR019013,0,0.00448583485558629
FR001455,0,0.015028957277536392
FR010971,0,0.05062316730618477
FR003316,0,0.007233404088765383
FR014156,0,0.014481459744274616
FR003804,0,0.004428552463650703
FR012989,0,0.01971181482076645
FR015499,0,0.008432750590145588
FR010107,0,0.023772280663251877
FR008842,0,0.026872124522924423
FR009592,0,0.025716669857501984
FR017809,0,0.008489139378070831
FR016071,0,0.008894016034901142
FR002550,0,0.007501561660319567
FR012613,0,0.02417290396988392
FR010887,0,0.0068201227113604546
FR019937,0,0.020916378125548363
FR013107,0,0.003935379441827536
FR017912,0,0.021491719409823418
FR019432,0,0.0037121435161679983
FR001542,0,0.03632224723696709
FR003791,0,0.004045561887323856
FR000495,0,0.004500306211411953
FR009279,0,0.00706513924524188
FR003532,0,0.005488886497914791
FR009052,0,0.005639167502522469
FR012754,1,0.07032249122858047
FR019309,0,0.005239355843514204
FR016327,0,0.00591188995167613
FR008137,0,0.007813049480319023
FR003205,0,0.021243266761302948
FR017011,0,0.003945114556699991
FR008797,0,0.004637967795133591
FR009082,0,0.005388179793953896
FR009478,0,0.026830662041902542
FR014398,0,0.006437568459659815
FR002053,0,0.003910827916115522
FR009317,0,0.013390593230724335
FR016919,0,0.006253974512219429
FR002143,0,0.005188548471778631
FR004719,0,0.006250155624002218
FR000007,0,0.003674105741083622
FR000164,0,0.009360677562654018
FR010332,0,0.006885084323585033
FR019165,0,0.005120667163282633
FR005483,1,0.6119651794433594
FR006917,0,0.004721664357930422
FR017298,0,0.01676478236913681
FR010744,0,0.00722472183406353
FR013745,0,0.010961608961224556
FR016953,0,0.007804352790117264
FR005796,0,0.004080026876181364
FR004278,0,0.011582477018237114
FR018513,0,0.007061508018523455
FR013748,0,0.006556616630405188
FR011268,0,0.007565739098936319
FR017268,0,0.04526869207620621
FR010841,0,0.004001621622592211
FR019438,0,0.016962410882115364
FR015234,0,0.004129961598664522
FR004608,0,0.0066870651207864285
FR002946,0,0.008050167933106422
FR019375,0,0.017962036654353142
FR003358,0,0.008887343108654022
FR002230,0,0.01755712367594242
FR011057,0,0.004086283966898918
FR014527,0,0.0344519317150116
FR002953,0,0.004783221520483494
FR006105,0,0.015389861539006233
FR005066,0,0.007224950939416885
FR005512,0,0.007776414975523949
FR000708,0,0.009638394229114056
FR005605,0,0.005240573547780514
FR002223,0,0.0291040800511837
FR016645,0,0.0053579723462462425
FR011118,0,0.012421398423612118
FR008538,0,0.03202283754944801
FR012563,0,0.03477957099676132
FR002056,0,0.07055521756410599
FR002438,0,0.014300413429737091
FR016832,0,0.007123441901057959
FR003091,0,0.020274987444281578
FR010825,0,0.0062440843321383
FR018717,0,0.00657858420163393
FR008211,0,0.004641275387257338
FR011108,0,0.005620401352643967
FR009104,0,0.007383365649729967
FR018341,0,0.007824108935892582
FR007799,0,0.012973334640264511
FR017119,0,0.013507028110325336
FR000766,0,0.009277861565351486
FR000330,0,0.00842474028468132
FR017256,0,0.0034314198419451714
FR000576,0,0.008818821050226688
FR001267,0,0.010235058143734932
FR000241,0,0.00520804850384593
FR006853,0,0.005436938721686602
FR006955,0,0.011784899048507214
FR009068,0,0.008242901414632797
FR017130,0,0.010524049401283264
FR007811,1,0.007775549311190844
FR004831,0,0.005269985646009445
FR017557,0,0.007908581756055355
FR003078,0,0.007747273426502943
FR012511,0,0.0300067700445652
FR017997,0,0.011725085787475109
FR002982,0,0.029404761269688606
FR006622,0,0.019486887380480766
FR011503,0,0.006338407751172781
FR000746,0,0.01270677987486124
FR008922,0,0.020376401022076607
FR007039,0,0.004352919291704893
FR012389,0,0.009399247355759144
FR016594,0,0.004221552982926369
FR012465,0,0.005018815863877535
FR012872,0,0.027295054867863655
FR008614,0,0.014092111960053444
FR005045,0,0.004893036093562841
FR019452,0,0.05940539389848709
FR019352,0,0.012986897490918636
FR003797,1,0.014556064270436764
FR001582,0,0.0047364928759634495
FR012978,0,0.018071793019771576
FR008153,0,0.0026332701090723276
FR001091,0,0.006712667178362608
FR011318,0,0.006399659905582666
FR001601,0,0.008662364445626736
FR008229,0,0.377880334854126
FR002102,0,0.019106803461909294
FR011778,0,0.006652743089944124
FR014292,0,0.006840903777629137
FR003329,0,0.007967484183609486
FR009302,0,0.0045543815940618515
FR008283,0,0.021484876051545143
FR012860,0,0.0024642408825457096
FR011933,0,0.0037556239403784275
FR012032,0,0.007073728367686272
FR000380,0,0.009606652893126011
FR013075,0,0.003755843499675393
FR019329,0,0.005637539550662041
FR001683,0,0.008200465701520443
FR007055,0,0.019726965576410294
FR008460,0,0.009693908505141735
FR018920,0,0.003529380075633526
FR005328,0,0.005306312348693609
FR007596,0,0.008849073201417923
FR004639,0,0.019481871277093887
FR014213,0,0.01536358892917633
FR014609,0,0.017922304570674896
FR010710,0,0.0030438241083174944
FR006457,0,0.005369437858462334
FR013720,0,0.0031875174026936293
FR014636,0,0.005374528001993895
FR003344,0,0.014627596363425255
FR006056,0,0.012413077987730503
FR012781,0,0.014319932088255882
FR019936,0,0.008673250675201416
FR011524,0,0.005220908205956221
FR018488,0,0.00509612774476409
FR014222,0,0.004067096393555403
FR008856,0,0.006858475040644407
FR019548,0,0.015289460308849812
FR003961,0,0.006720544304698706
FR011218,0,0.0034856812562793493
FR009733,0,0.03837889805436134
FR003551,0,0.02053508535027504
FR009078,0,0.019554344937205315
FR003018,0,0.023784877732396126
FR000052,0,0.03125400096178055
FR017520,0,0.03326118364930153
FR003420,0,0.012871094048023224
FR005368,0,0.009218933992087841
FR007572,0,0.007260856218636036
FR015740,0,0.0037048037629574537
FR000987,0,0.005250847898423672
FR016777,0,0.007978270761668682
FR007595,0,0.006615524645894766
FR015882,0,0.004102147184312344
FR010628,0,0.003348349127918482
FR013785,0,0.0029440789949148893
FR004111,0,0.020363150164484978
FR016460,0,0.008000647649168968
FR008885,0,0.01060451939702034
FR001373,0,0.008920860476791859
FR001063,0,0.0034504919312894344
FR011388,0,0.005820127669721842
FR013297,0,0.008049136027693748
FR019199,0,0.004467160440981388
FR012431,0,0.0038031369913369417
FR008429,0,0.03227340430021286
FR010723,0,0.013934911228716373
FR006746,0,0.00840684212744236
FR001641,0,0.0047280751168727875
FR019659,0,0.005290437489748001
FR004841,0,0.004098973236978054
FR006077,0,0.013661621138453484
FR011479,0,0.1450270563364029
FR000469,0,0.008237811736762524
FR014530,0,0.008786975406110287
FR008220,0,0.005305851809680462
FR007040,0,0.00963269267231226
FR001706,0,0.004390086978673935
FR008475,0,0.00796384084969759
FR007416,0,0.00949412677437067
FR009169,0,0.006635955534875393
FR006063,0,0.005755575839430094
FR014998,0,0.015432178042829037
FR002663,0,0.0042769694700837135
FR016261,0,0.0157831609249115
FR007422,0,0.02372538484632969
FR007437,0,0.0076200272887945175
FR011926,0,0.2144978642463684
FR004415,0,0.03752164542675018
FR015517,0,0.010731237940490246
FR004101,0,0.005151151679456234
FR011636,0,0.00540308328345418
FR002458,0,0.012735412456095219
FR008469,0,0.03700472414493561
FR008296,0,0.015126210637390614
FR006484,0,0.0053779189474880695
FR017522,0,0.010528300888836384
FR016133,0,0.004017861559987068
FR003903,0,0.0983743742108345
FR000550,0,0.022235559299588203
FR019868,0,0.004597580526024103
FR019640,0,0.009837093763053417
FR004986,0,0.004560581408441067
FR005422,0,0.009349117055535316
FR008321,0,0.00978037528693676
FR018294,0,0.005058543756604195
FR010180,0,0.008587413467466831
FR010949,0,0.004457433242350817
FR005110,0,0.24959588050842285
FR017331,0,0.005212390795350075
FR013679,0,0.010404331609606743
FR012194,0,0.02600019797682762
FR015396,0,0.007539887446910143
FR008371,0,0.11556701362133026
FR009291,0,0.00804023165255785
FR001193,0,0.004495709203183651
FR011069,0,0.011326977983117104
FR017930,0,0.006881078705191612
FR019310,0,0.005707200616598129
FR019716,0,0.00512000871822238
FR002625,0,0.005247774999588728
FR015154,0,0.002846237039193511
FR006246,0,0.00547201931476593
FR004976,0,0.010562611743807793
FR000562,0,0.0051670619286596775
FR016111,0,0.018544021993875504
FR018344,0,0.007350779604166746
FR014678,0,0.014895913191139698
FR017239,0,0.01578531600534916
FR007134,0,0.09011521935462952
FR011158,0,0.011801770888268948
FR001759,0,0.01486061979085207
FR005239,0,0.010657954961061478
FR010405,0,0.106538325548172
FR006312,0,0.032749734818935394
FR007735,0,0.0069451238960027695
FR019706,1,0.028705384582281113
FR002177,0,0.004367666784673929
FR010094,0,0.006918227765709162
FR004242,0,0.005008116830140352
FR011972,0,0.007223036140203476
FR018299,0,0.014372307807207108
FR014064,0,0.010638936422765255
FR004436,0,0.012201693840324879
FR009961,0,0.004490726627409458
FR005275,0,0.10414619743824005
FR003892,0,0.01685331016778946
FR012051,0,0.005475014913827181
FR016202,0,0.004483516793698072
FR016375,0,0.01903272047638893
FR010964,0,0.005732608027756214
FR001067,0,0.0076334853656589985
FR000546,0,0.010080385021865368
FR016412,0,0.022481612861156464
FR011650,0,0.004854546394199133
FR019565,0,0.005911114159971476
FR009806,0,0.007169251795858145
FR009701,0,0.004280065651983023
FR007196,0,0.0075295465067029
FR007395,0,0.004821624141186476
FR012087,0,0.026670115068554878
FR017306,0,0.007720469497144222
FR018991,0,0.00897730141878128
FR004387,0,0.023337597027420998
FR011240,0,0.034956127405166626
FR013627,0,0.010549483820796013
FR012800,0,0.014878010377287865
FR014247,0,0.007324220612645149
FR010358,0,0.005604192614555359
FR008255,0,0.013049795292317867
FR010097,0,0.01679469272494316
FR017499,0,0.0056489380076527596
FR000743,1,0.08455152809619904
FR002450,0,0.005090627819299698
FR011888,0,0.009388833306729794
FR001107,0,0.005903015844523907
FR017908,0,0.005757811013609171
FR002898,0,0.008686305955052376
FR015637,0,0.00921188946813345
FR009920,0,0.006114082410931587
FR008200,0,0.025559304282069206
FR015174,0,0.008198104798793793
FR005915,0,0.00688738701865077
FR005282,0,0.005127410404384136
FR000926,0,0.00605749012902379
FR010458,0,0.01769685000181198
FR016978,0,0.0038500744849443436
FR000006,0,0.010344249196350574
FR006612,0,0.007169591262936592
FR012243,0,0.008014563471078873
FR016191,0,0.025581808760762215
FR012519,0,0.003450256073847413
FR013060,0,0.027056459337472916
FR017851,0,0.013574434444308281
FR011529,0,0.008018306456506252
FR015693,0,0.008108044974505901
FR010990,0,0.0660870224237442
FR017409,0,0.00404247734695673
FR002798,0,0.009909585118293762
FR000389,0,0.010350747965276241
FR015291,0,0.008785651065409184
FR005879,0,0.006808072794228792
FR013426,0,0.008160670287907124
FR006832,0,0.007911874912679195
FR002190,0,0.013105861842632294
FR017799,0,0.02088075503706932
FR011293,0,0.005517988465726376
FR010254,0,0.00638619065284729
FR009906,0,0.2880691587924957
FR006909,0,0.005700066685676575
FR008623,0,0.0042916093952953815
FR000533,0,0.004659232683479786
FR018045,0,0.0065825460478663445
FR007427,0,0.019036294892430305
FR012756,0,0.007078355178236961
FR003788,0,0.01123787835240364
FR009976,0,0.01953996531665325
FR009471,0,0.0056801410391926765
FR001078,0,0.00669302511960268
FR014451,0,0.15860171616077423
FR019404,0,0.01499217003583908
FR012230,0,0.010987771674990654
FR004127,0,0.005659352522343397
FR001136,0,0.009555075317621231
FR017340,0,0.00571037270128727
FR001210,0,0.004637404344975948
FR014082,0,0.0044701131992042065
FR018741,0,0.025767967104911804
FR006231,0,0.025920189917087555
FR008433,0,0.010299037210643291
FR015798,0,0.0038125503342598677
FR001039,0,0.011780579574406147
FR011538,0,0.006249424070119858
FR006667,0,0.01229557953774929
FR015719,0,0.03258833661675453
FR007615,0,0.009669065475463867
FR016819,0,0.0037702841218560934
FR013163,0,0.013000327162444592
FR008823,0,0.009192512370646
FR003394,0,0.006961679086089134
FR019031,0,0.0292444359511137
FR009734,0,0.004696272313594818
FR011903,0,0.004751852247864008
FR009740,0,0.006137417629361153
FR014077,0,0.01029058825224638
FR016807,0,0.006286032032221556
FR016547,0,0.010934357531368732
FR008354,0,0.017309777438640594
FR008776,0,0.005255679599940777
FR002372,0,0.02446511760354042
FR012649,0,0.007673724554479122
FR008315,0,0.006015818100422621
FR007208,0,0.0034523222129791975
FR009502,0,0.06524623185396194
FR006094,0,0.011719566769897938
FR013062,0,0.01056763157248497
FR011872,0,0.006833145394921303
FR017270,0,0.006774145178496838
FR009140,0,0.011240903288125992
FR002339,1,0.0332692451775074
FR012160,1,0.0054747057147324085
FR018458,0,0.013148633763194084
FR016940,0,0.008085335604846478
FR011927,0,0.010044755414128304
FR007869,0,0.06705270707607269
FR011608,0,0.026691310107707977
FR006944,0,0.010896353982388973
FR013376,0,0.014662436209619045
FR012259,0,0.006632228847593069
FR009472,0,0.004069608170539141
FR018375,0,0.008612827397882938
FR005677,0,0.00880045909434557
FR011549,0,0.04880542308092117
FR013161,0,0.008507372811436653
FR018841,0,0.008669107221066952
FR003147,0,0.004641251172870398
FR009167,0,0.007721708156168461
FR019574,0,0.021106407046318054
FR010083,0,0.04872192442417145
FR018826,0,0.007584031671285629
FR016864,0,0.00798822846263647
FR018739,0,0.009045911021530628
FR017559,0,0.0067756082862615585
FR014005,0,0.004263527225703001
FR008763,0,0.004445983562618494
FR012493,0,0.013689368031919003
FR015889,0,0.013257048092782497
FR009161,0,0.01101969089359045
FR000560,0,0.0033930018544197083
FR004388,0,0.028424864634871483
FR000505,0,0.0050752791576087475
FR015559,0,0.011227227747440338
FR013871,0,0.013253062032163143
FR008989,0,0.013769127428531647
FR001140,0,0.007366264704614878
FR016357,0,0.009632219560444355
FR016732,0,0.02324582263827324
FR013334,0,0.031358834356069565
FR018227,0,0.012528551742434502
FR015358,0,0.01246067974716425
FR017763,0,0.017569556832313538
FR014918,0,0.00936173927038908
FR014777,0,0.004972726572304964
FR012218,0,0.006555333733558655
FR005302,0,0.005006270948797464
FR015121,0,0.009951887652277946
FR013029,0,0.019491398707032204
FR018097,0,0.006089011672884226
FR008839,0,0.016141563653945923
FR005207,0,0.004513932392001152
FR015477,0,0.008057286962866783
FR017884,0,0.0052940696477890015
FR003622,0,0.004033328033983707
FR002699,0,0.017466837540268898
FR012523,0,0.00613335520029068
FR019299,0,0.0075553241185843945
FR005160,0,0.003210993018001318
FR006273,0,0.008797726593911648
FR002858,0,0.006709479261189699
FR007260,0,0.006639542989432812
FR000995,0,0.0048867808654904366
FR017877,0,0.007062213495373726
FR018146,0,0.031489431858062744
FR009891,0,0.025841953232884407
FR005214,0,0.008885743096470833
FR018425,0,0.008560074493288994
FR006532,0,0.0067670391872525215
FR019173,0,0.003183149266988039
FR015326,0,0.08133142441511154
FR009060,0,0.005012812092900276
FR013726,0,0.005783491767942905
FR002069,0,0.008416932076215744
FR005034,0,0.006110913120210171
FR017525,0,0.006015676073729992
FR000508,0,0.006059572100639343
FR011652,0,0.008998779579997063
FR011391,0,0.005098158959299326
FR019740,0,0.05192232504487038
FR003295,0,0.0056071532890200615
FR010361,0,0.011157963424921036
FR005299,0,0.014181029982864857
FR012827,0,0.005725746508687735
FR000422,0,0.20576484501361847
FR016189,0,0.004751281812787056
FR007419,0,0.006677019409835339
FR003077,0,0.010346226394176483
FR014569,0,0.01735002174973488
FR004742,0,0.003328702412545681
FR008481,0,0.0077958498150110245
FR011963,0,0.04640345647931099
FR018228,0,0.011023936793208122
FR006267,0,0.008248801343142986
FR008645,0,0.0035151843912899494
FR014587,0,0.00395635049790144
FR000551,0,0.006865429226309061
FR017359,0,0.013550416566431522
FR011686,0,0.011310383677482605
FR010686,0,0.009596808813512325
FR009616,0,0.02508460357785225
FR000396,0,0.006547972094267607
FR019933,0,0.006104024592787027
FR000338,0,0.005995741114020348
FR014619,0,0.07825891673564911
FR007695,0,0.0036746314726769924
FR007292,0,0.02061202935874462
FR012316,0,0.00876618456095457
FR005484,0,0.01091286912560463
FR008275,0,0.005804664455354214
FR006553,1,0.013179302215576172
FR012106,0,0.007465800736099482
FR019964,0,0.0100388303399086
FR014580,0,0.004072454292327166
FR007259,0,0.005954770836979151
FR006914,0,0.010606426745653152
FR013543,0,0.004754532128572464
FR017441,1,0.011533312499523163
FR017295,0,0.005584684666246176
FR005532,0,0.005377781577408314
FR018833,0,0.03351830691099167
FR010428,0,0.0038378264289349318
FR006085,0,0.2986903190612793
FR004244,0,0.02227497287094593
FR001086,0,0.007289208937436342
FR004201,0,0.005680342670530081
FR018047,0,0.008428717032074928
FR010024,0,0.023490725085139275
FR013526,0,0.005813619587570429
FR005343,0,0.011373755522072315
FR007059,0,0.03987639397382736
FR016539,0,0.005174967925995588
FR011125,0,0.031896624714136124
FR013842,1,0.1469496786594391
FR015508,0,0.018979093059897423
FR002338,0,0.003850212087854743
FR005340,0,0.0055679758079349995
FR010104,0,0.006465943064540625
FR006472,0,0.00485297292470932
FR001597,0,0.002716695424169302
FR008755,0,0.021172158420085907
FR003579,0,0.0068907830864191055
FR012992,0,0.008432156406342983
FR010926,0,0.010191131383180618
FR003455,0,0.01051976066082716
FR000549,0,0.0071486555971205235
FR009521,0,0.009250394068658352
FR016726,0,0.006330025382339954
FR000381,0,0.005485948640853167
FR005833,0,0.007153157610446215
FR013960,0,0.0028846394270658493
FR017526,0,0.00417241919785738
FR015180,0,0.009483289904892445
FR004807,0,0.003909542690962553
FR000257,0,0.0039884536527097225
FR005361,0,0.007920376025140285
FR007810,0,0.059654608368873596
FR002925,0,0.003851768560707569
FR010003,0,0.026817580685019493
FR015156,0,0.0062130047008395195
FR003834,0,0.006336144171655178
FR011858,0,0.015318396501243114
FR005662,0,0.009613968431949615
FR001826,0,0.006200921721756458
FR018145,0,0.008933587931096554
FR008617,0,0.025770153850317
FR008249,0,0.0070077297277748585
FR008048,0,0.01585192047059536
FR014493,0,0.013524385169148445
FR002201,0,0.03172919154167175
FR014648,0,0.015069677494466305
FR005501,0,0.008216160349547863
FR019549,0,0.011698637157678604
FR017675,0,0.007085392717272043
FR003607,0,0.02741347998380661
FR001749,0,0.007328031584620476
FR004808,0,0.006962275132536888
FR013631,0,0.05383679270744324
FR009238,0,0.00814131461083889
FR007669,0,0.007537722121924162
FR015546,0,0.004931146278977394
FR004108,0,0.006334706209599972
FR016652,0,0.00704540079459548
FR009353,0,0.016461610794067383
FR007049,0,0.0042968555353581905
FR017771,0,0.005485654808580875
FR003487,0,0.006334883160889149
FR008209,0,0.005854676943272352
FR009237,0,0.016946706920862198
FR000613,0,0.004709675442427397
FR015421,0,0.018677078187465668
FR014852,0,0.0132304010912776
FR002281,0,0.006068340968340635
FR004265,0,0.004122662357985973
FR018963,0,0.01223923359066248
FR008128,0,0.005110268481075764
FR001205,0,0.00925273634493351
FR015924,0,0.02128852903842926
FR018468,0,0.009510942734777927
FR008423,0,0.029709722846746445
FR000833,0,0.021058840677142143
FR015857,0,0.030677281320095062
FR006363,0,0.004756208509206772
FR008780,0,0.01807393878698349
FR004300,0,0.00365878245793283
FR006265,0,0.01386274117976427
FR012185,0,0.004937390331178904
FR002318,0,0.005726865027099848
FR009783,0,0.005235251970589161
FR004825,0,0.044114451855421066
FR003306,0,0.012645442970097065
FR011976,0,0.031182557344436646
FR017843,0,0.009006896987557411
FR014792,0,0.026815902441740036
FR003847,0,0.01157290581613779
FR014894,0,0.007775465492159128
FR010424,0,0.007863902486860752
FR002700,0,0.008579988032579422
FR015425,1,0.022333066910505295
FR014658,0,0.004113527946174145
FR006359,0,0.007283966057002544
FR007428,0,0.004085180349647999
FR019591,0,0.007620001677423716
FR006029,0,0.01043684408068657
FR014981,0,0.0035326466895639896
FR003758,0,0.009333906695246696
FR005800,0,0.009395474568009377
FR007019,0,0.009299911558628082
FR013929,0,0.06914643943309784
FR019145,0,0.007125519681721926
FR012750,0,0.01260099932551384
FR005438,0,0.006446370389312506
FR019622,0,0.0027944070752710104
FR013287,0,0.007092085666954517
FR007321,0,0.009804042987525463
FR012762,0,0.00852616410702467
FR018553,0,0.009153766557574272
FR004815,0,0.008834218606352806
FR005930,0,0.009716452099382877
FR004730,0,0.0032814277801662683
FR003368,0,0.013719080947339535
FR007559,0,0.012234710156917572
FR002770,0,0.005745215807110071
FR001489,0,0.0065640597604215145
FR017666,0,0.007829790003597736
FR009738,0,0.060772962868213654
FR007551,0,0.008966396562755108
FR016072,0,0.013005577027797699
FR009292,0,0.006160213146358728
FR010961,0,0.02305099368095398
FR018243,0,0.00408279849216342
FR017345,0,0.00689403060823679
FR019275,0,0.01996050588786602
FR003288,0,0.013370362110435963
FR019911,0,0.013077621348202229
FR017317,0,0.007674926891922951
FR004452,0,0.009885543026030064
FR010265,0,0.006821466609835625
FR004334,0,0.005977487191557884
FR003386,0,0.006230376195162535
FR016508,0,0.004149696324020624
FR002782,0,0.004530542995780706
FR016647,0,0.010048042051494122
FR015267,0,0.010026209056377411
FR005513,0,0.005001876503229141
FR000605,0,0.0032286918722093105
FR019476,0,0.011626734398305416
FR010229,0,0.004440142773091793
FR015131,1,0.611577033996582
FR005533,0,0.014431098476052284
FR011655,0,0.006231903098523617
FR019326,0,0.005525906570255756
FR014242,0,0.015388639643788338
FR001372,0,0.006938230711966753
FR018182,0,0.005082168150693178
FR008057,0,0.00843095313757658
FR009634,0,0.042354173958301544
FR003893,0,0.007521540392190218
FR010271,0,0.004937092773616314
FR013702,1,0.004130259621888399
FR016208,0,0.011550492607057095
FR001479,0,0.0055131809785962105
FR016154,0,0.008437552489340305
FR018059,0,0.004661431070417166
FR008179,0,0.010269052349030972
FR007936,0,0.01602174900472164
FR013478,0,0.006950617767870426
FR013011,0,0.009585547260940075
FR012963,0,0.009892957285046577
FR006790,0,0.011432643979787827
FR005911,0,0.02291731722652912
FR006271,0,0.03004165180027485
FR009709,0,0.006483043078333139
FR003481,0,0.004291163291782141
FR001756,0,0.008673603646457195
FR002980,0,0.005890602245926857
FR014358,0,0.009254817850887775
FR016031,0,0.018400704488158226
FR004091,0,0.007829971611499786
FR002615,0,0.007013734430074692
FR013659,0,0.00686419103294611
FR005743,0,0.013130214996635914
FR007977,0,0.008742342703044415
FR014295,0,0.0028275172226130962
FR011403,0,0.010066604241728783
FR006785,0,0.007408980280160904
FR012612,0,0.01876208558678627
FR008673,0,0.005126901902258396
FR006616,0,0.006199843715876341
FR013464,0,0.010915663093328476
FR017649,0,0.009557168930768967
FR012695,0,0.004547754302620888
FR015791,0,0.017178794369101524
FR003555,0,0.009302029386162758
FR011025,0,0.009881717152893543
FR018426,0,0.008111021481454372
FR001159,0,0.01406106911599636
FR009198,0,0.004310799762606621
FR000683,0,0.007384770549833775
FR012472,0,0.009412523359060287
FR008695,0,0.006619439460337162
FR014733,0,0.005301676224917173
FR012120,0,0.004193853586912155
FR008784,0,0.005864926613867283
FR008187,0,0.01608610339462757
FR004123,0,0.012597238644957542
FR000736,0,0.007537796627730131
FR017751,0,0.0060839722864329815
FR004996,0,0.006766132544726133
FR011485,0,0.04503611847758293
FR004122,0,0.019778242334723473
FR011322,0,0.022068161517381668
FR019496,0,0.018549086526036263
FR019692,0,0.020557712763547897
FR009520,0,0.004136964678764343
FR017876,0,0.09236481785774231
FR012371,0,0.0057115801610052586
FR019200,0,0.007238141261041164
FR009628,0,0.009467647410929203
FR002498,0,0.007770220749080181
FR018767,0,0.008721251972019672
FR011165,0,0.008938111364841461
FR018573,0,0.004479058086872101
FR013455,0,0.004947514273226261
FR011457,0,0.005826079286634922
FR007263,0,0.06925095617771149
FR017711,0,0.028911979869008064
FR017267,0,0.005982402712106705
FR011046,0,0.006297157611697912
FR004994,0,0.009546730667352676
FR008159,0,0.005563024897128344
FR019718,0,0.03918467462062836
FR006366,0,0.004961832892149687
FR000082,0,0.008027501404285431
FR000404,0,0.007816195487976074
FR005193,0,0.003175271674990654
FR012253,0,0.022916032001376152
FR012061,0,0.06883692741394043
FR009031,0,0.008690704591572285
FR019645,0,0.007561776787042618
FR005870,0,0.03280717507004738
FR014688,0,0.004895736929029226
FR008919,0,0.007333042100071907
FR017043,0,0.006977849639952183
FR017041,0,0.006622723303735256
FR009688,0,0.004360371734946966
FR016016,0,0.005370634607970715
FR005429,0,0.01435118168592453
FR010952,0,0.003345157252624631
FR002614,0,0.005488152615725994
FR010992,0,0.004541575908660889
FR004699,0,0.0061082784086465836
FR019198,0,0.020391320809721947
FR011280,0,0.0333436094224453
FR007375,0,0.006814650725573301
FR008133,0,0.014980802312493324
FR010506,0,0.006810937076807022
FR004606,0,0.021205967292189598
FR005737,0,0.5614350438117981
FR013341,0,0.007826441898941994
FR003058,0,0.05171046406030655
FR013958,0,0.012664776295423508
FR003590,0,0.0045112487860023975
FR015593,0,0.0062636337243020535
FR005261,0,0.01998094469308853
FR016282,0,0.006278018932789564
FR007812,0,0.005131678655743599
FR003718,0,0.004902096930891275
FR015751,0,0.009867302142083645
FR001320,0,0.00573371397331357
FR017670,0,0.012929379940032959
FR014128,0,0.013448181562125683
FR010696,0,0.007311708759516478
FR010668,0,0.014686607755720615
FR018250,0,0.0048355949111282825
FR010389,0,0.006337888538837433
FR009879,0,0.0077382586896419525
FR000293,0,0.005063223652541637
FR010376,0,0.010705053806304932
FR006340,1,0.15089824795722961
FR015429,0,0.006597489584237337
FR012641,0,0.054656051099300385
FR007805,0,0.011448563076555729
FR000626,0,0.005646281410008669
FR011814,0,0.034449346363544464
FR004777,0,0.0029556015506386757
FR006633,0,0.011955115012824535
FR004614,0,0.008855542168021202
FR006970,0,0.024417279288172722
FR001949,0,0.012041617184877396
FR002275,0,0.003952906001359224
FR012374,0,0.020664218813180923
FR008948,0,0.007347767241299152
FR016815,0,0.020539354532957077
FR008887,0,0.003973094280809164
FR008193,0,0.005275372881442308
FR018775,0,0.011558297090232372
FR000741,0,0.0056787701323628426
FR015079,0,0.011941052973270416
FR001260,0,0.02626803144812584
FR003535,0,0.010203134268522263
FR007195,0,0.0029255980625748634
FR009391,0,0.006757203955203295
FR005882,0,0.00950493011623621
FR018669,0,0.005477546714246273
FR009062,0,0.006426038220524788
FR002934,0,0.008399690501391888
FR001994,0,0.004776416812092066
FR017735,0,0.03212527930736542
FR004200,0,0.0037644875701516867
FR012018,0,0.00424858508631587
FR016603,0,0.005798563826829195
FR005107,0,0.024819714948534966
FR014702,0,0.0421341210603714
FR005323,0,0.04633920639753342
FR015006,0,0.04152693226933479
FR018812,0,0.0057740784250199795
FR018966,0,0.007462455425411463
FR009023,0,0.02229689620435238
FR010727,0,0.016005782410502434
FR001170,0,0.031779251992702484
FR002167,0,0.012597101740539074
FR009680,0,0.005532228387892246
FR015195,1,0.4241839349269867
FR019134,0,0.004603847861289978
FR000572,0,0.007545998319983482
FR003491,0,0.02650110237300396
FR005711,0,0.008400083519518375
FR003652,0,0.02049320936203003
FR010470,0,0.013203691691160202
FR005250,1,0.009022428654134274
FR017333,0,0.0064596328884363174
FR010866,0,0.015662390738725662
FR001992,0,0.02774350345134735
FR019616,0,0.005660402122884989
FR008138,0,0.0057498374953866005
FR019527,0,0.006112393457442522
FR000954,0,0.009788001887500286
FR006625,0,0.003593971487134695
FR008449,0,0.019456984475255013
FR005594,0,0.002735102316364646
FR011962,0,0.028812013566493988
FR003615,0,0.005078538320958614
FR000509,0,0.012299337424337864
FR017015,1,0.5927755236625671
FR008579,0,0.010115565732121468
FR001976,0,0.012845759280025959
FR011382,0,0.008208676241338253
FR006144,0,0.007475375197827816
FR003294,0,0.004432066809386015
FR017061,0,0.009745377115905285
FR014245,0,0.007293419912457466
FR016541,0,0.007389158476144075
FR001474,0,0.00615449994802475
FR002824,0,0.021948177367448807
FR012348,0,0.009682508185505867
FR003927,0,0.007628931663930416
FR012614,0,0.005060163792222738
FR007772,0,0.005652511492371559
FR017898,0,0.0149539178237319
FR010564,0,0.003226693021133542
FR012517,0,0.01202521100640297
FR004987,0,0.020356135442852974
FR004084,1,0.006805168930441141
FR015667,0,0.09816411882638931
FR013381,0,0.004940249025821686
FR015858,0,0.003021769691258669
FR007229,0,0.006350062321871519
FR000269,0,0.023506684228777885
FR002790,0,0.009086179547011852
FR007601,0,0.025096910074353218
FR013993,0,0.004221819806843996
FR017386,0,0.017867622897028923
FR013406,0,0.005823511630296707
FR001517,0,0.015974652022123337
FR004317,0,0.012637181207537651
FR008323,0,0.005241729784756899
FR000776,0,0.008485202677547932
FR017989,0,0.013617966324090958
FR009987,0,0.014348712749779224
FR002555,0,0.00569016532972455
FR005031,0,0.006924055051058531
FR018749,0,0.004403362516313791
FR005946,0,0.006807354278862476
FR016042,0,0.01578245684504509
FR014319,0,0.0118104824796319
FR007351,0,0.018709734082221985
FR005993,0,0.00771568575873971
FR000446,0,0.014528614468872547
FR010999,0,0.010567436926066875
FR008554,0,0.011640528216958046
FR009460,0,0.005248626694083214
FR016245,0,0.0034597585909068584
FR010165,0,0.00457333866506815
FR013056,0,0.015097098425030708
FR005519,0,0.01075979694724083
FR010520,0,0.0043078698217868805
FR010619,0,0.025808194652199745
FR008597,0,0.008372175507247448
FR001562,0,0.010913130827248096
FR000968,0,0.0075141615234315395
FR001635,0,0.017555734142661095
FR012440,0,0.012853434309363365
FR011798,0,0.020070606842637062
FR011525,0,0.03101145289838314
FR003544,0,0.006237019319087267
FR018445,0,0.02639160118997097
FR011016,0,0.030248235911130905
FR005819,0,0.01224535796791315
FR009751,0,0.016799213364720345
FR011147,0,0.020603494718670845
FR003275,0,0.008262707851827145
FR013127,0,0.0028994278982281685
FR007298,0,0.04201877489686012
FR005140,0,0.6356649994850159
FR018562,0,0.043217383325099945
FR006257,0,0.011609628796577454
FR014816,0,0.008298438973724842
FR014243,0,0.018737172707915306
FR006481,0,0.003808229696005583
FR015910,0,0.010066804476082325
FR009629,0,0.011592907831072807
FR014421,0,0.005684357136487961
FR015280,0,0.007835518568754196
FR013783,1,0.08403633534908295
FR004664,0,0.009667010977864265
FR004166,0,0.028392083942890167
FR000851,0,0.558763325214386
FR005496,0,0.04764135926961899
FR012947,0,0.015223924070596695
FR009481,0,0.0036787621211260557
FR014418,0,0.012594285421073437
FR011794,0,0.030550962314009666
FR017026,0,0.01690867356956005
FR016626,0,0.006253613159060478
FR017945,0,0.00706147076562047
FR000124,0,0.004805949050933123
FR012941,0,0.01521932054311037
FR013130,0,0.012618240900337696
FR009373,0,0.014494666829705238
FR013629,0,0.012302698567509651
FR015016,0,0.005094489082694054
FR000559,0,0.007177490275353193
FR011579,0,0.004558032378554344
FR019253,0,0.010385735891759396
FR019435,0,0.01365583948791027
FR019367,0,0.014590522274374962
FR006875,0,0.007547966204583645
FR011637,0,0.035074349492788315
FR010641,0,0.010163103230297565
FR007664,0,0.00400862330570817
FR008574,0,0.00843889731913805
FR001066,0,0.010560782626271248
FR014984,0,0.006574674509465694
FR019103,0,0.0034727263264358044
FR019341,0,0.005972375627607107
FR000722,0,0.01655556820333004
FR010366,0,0.028177937492728233
FR018556,0,0.008002756163477898
FR017794,0,0.006458399351686239
FR018830,0,0.01187813375145197
FR005341,0,0.009508837014436722
FR012816,0,0.010727270506322384
FR006413,0,0.006050437688827515
FR000496,0,0.003604988334700465
FR008047,0,0.007817238569259644
FR004399,0,0.004909350071102381
FR006852,0,0.0029553796630352736
FR012892,0,0.04922910034656525
FR008401,0,0.007106979377567768
FR012786,0,0.008425760082900524
FR008848,0,0.005030055530369282
FR004397,0,0.006720611359924078
FR016482,0,0.007329460699111223
FR014854,0,0.01609918847680092
FR013672,0,0.020525027066469193
FR013261,0,0.00657602958381176
FR015939,0,0.024974705651402473
FR010656,1,0.01197354681789875
FR017177,0,0.01432492583990097
FR005615,0,0.015679381787776947
FR000648,0,0.0034890100359916687
FR006214,0,0.008886978030204773
FR003434,0,0.03380771726369858
FR004119,0,0.038382548838853836
FR005763,0,0.00926154013723135
FR010811,0,0.014124119654297829
FR016526,0,0.004005603026598692
FR009556,0,0.006267354357987642
FR013813,0,0.009296836331486702
FR015782,0,0.005317032802850008
FR002363,0,0.004336471203714609
FR017589,0,0.01147816888988018
FR003465,0,0.02096063457429409
FR016554,0,0.005132374819368124
FR016046,0,0.002595987170934677
FR018544,1,0.08943498879671097
FR014322,0,0.009994877502322197
FR000442,0,0.005119469482451677
FR010973,0,0.008817775174975395
FR014872,0,0.024492569267749786
FR009655,0,0.019261281937360764
FR012798,0,0.015422677621245384
FR002368,0,0.01841876469552517
FR011079,0,0.008905502036213875
FR006361,0,0.006387080065906048
FR018944,0,0.005096383858472109
FR008417,0,0.006443897262215614
FR006421,0,0.008545910008251667
FR019171,0,0.004064873792231083
FR015214,0,0.013478873297572136
FR014737,0,0.018176212906837463
FR004358,0,0.03720268979668617
FR000314,0,0.009766940958797932
FR013205,0,0.004029049072414637
FR013226,0,0.011531469412147999
FR016210,0,0.007321537937968969
FR007249,0,0.012402928434312344
FR015231,0,0.0068486896343529224
FR017421,0,0.005514433607459068
FR013669,0,0.007557226810604334
FR008526,0,0.008516507223248482
FR002510,0,0.00838787853717804
FR012403,0,0.004020575899630785
FR003353,0,0.007843473926186562
FR008522,0,0.0046773627400398254
FR015898,0,0.003704272210597992
FR004181,0,0.012442111037671566
FR007489,0,0.004140879958868027
FR002605,0,0.010330370627343655
FR018939,0,0.021320395171642303
FR005372,0,0.004365778062492609
FR004731,0,0.006183934397995472
FR012133,0,0.0028382539749145508
FR016324,0,0.012386420741677284
FR002225,0,0.004473902750760317
FR013605,0,0.005099786911159754
FR016462,0,0.005644859746098518
FR018220,0,0.005806618370115757
FR013757,0,0.011028341017663479
FR011721,0,0.005819791462272406
FR013949,0,0.002597734797745943
FR017454,0,0.006023464724421501
FR002521,0,0.009341110475361347
FR013908,0,0.004710647743195295
FR016836,0,0.00979034136980772
FR013313,0,0.003999611362814903
FR016568,0,0.003319474868476391
FR017878,0,0.002873658901080489
FR016162,0,0.013257933780550957
FR003757,0,0.005698110908269882
FR007450,0,0.027441775426268578
FR002324,0,0.009577266871929169
FR011271,0,0.015117794275283813
FR006782,0,0.011032169684767723
FR011540,0,0.009922613389790058
FR005119,0,0.0036111976951360703
FR001005,0,0.008530418388545513
FR000933,0,0.01634133979678154
FR017014,0,0.008352444507181644
FR008968,0,0.004747220315039158
FR019968,0,0.006074173375964165
FR019959,0,0.010969338938593864
FR001605,0,0.005774061661213636
FR009042,0,0.006122775375843048
FR010330,0,0.00813650619238615
FR018378,0,0.03145366162061691
FR011230,0,0.010015575215220451
FR000356,0,0.004890638403594494
FR019531,0,0.020925773307681084
FR003146,0,0.0179055854678154
FR019621,0,0.009408047422766685
FR016061,0,0.0066790212877094746
FR012818,0,0.013065679930150509
FR013863,0,0.0070632402785122395
FR010177,0,0.03777046874165535
FR011059,0,0.083046093583107
FR003595,0,0.012315794825553894
FR010013,0,0.015196654945611954
FR019540,1,0.010477373376488686
FR017926,0,0.007582377642393112
FR005697,0,0.0061068166978657246
FR012734,1,0.00988482404500246
FR014014,0,0.004683580249547958
FR007475,0,0.008744652383029461
FR017416,0,0.22291509807109833
FR004457,0,0.01807061769068241
FR009712,0,0.019673636183142662
FR014330,0,0.021882640197873116
FR012626,0,0.008120701648294926
FR002287,0,0.004013372119516134
FR007914,0,0.007810403127223253
FR018823,0,0.005076847039163113
FR009248,0,0.0031614946201443672
FR016837,0,0.015756679698824883
FR017687,0,0.027184518054127693
FR003756,0,0.01220389548689127
FR014356,0,0.007363681681454182
FR007421,0,0.017648406326770782
FR006777,0,0.006233923137187958
FR017788,0,0.0058860862627625465
FR009593,0,0.006926022469997406
FR006971,0,0.02219505049288273
FR015736,0,0.004654509015381336
FR004706,0,0.030444428324699402
FR001306,0,0.0457565002143383
FR011757,0,0.013283933512866497
FR018203,0,0.010523911565542221
FR012119,0,0.004500801675021648
FR010313,0,0.005514454562216997
FR004058,0,0.005547643639147282
FR018981,0,0.007510627619922161
FR011231,0,0.015305887907743454
FR001850,0,0.004804754629731178
FR016574,0,0.012367920018732548
FR000497,0,0.0046104188077151775
FR014781,0,0.01668739505112171
FR018026,0,0.01546107791364193
FR006985,0,0.006577188614755869
FR012500,0,0.007333538495004177
FR010095,0,0.00563992140814662
FR005862,0,0.0050689601339399815
FR014391,0,0.006337858736515045
FR000012,0,0.004738046322017908
FR001432,0,0.021285563707351685
FR015503,0,0.15366533398628235
FR018651,0,0.01628984324634075
FR004703,0,0.004224902018904686
FR003653,0,0.0036478876136243343
FR014152,0,0.01017697062343359
FR001040,0,0.011425294913351536
FR018313,0,0.016252420842647552
FR015066,0,0.03040224127471447
FR009134,0,0.006090367678552866
FR011305,0,0.007315343711525202
FR017146,0,0.004399123135954142
FR001232,0,0.005682799499481916
FR011564,0,0.004051098600029945
FR003695,0,0.00501814903691411
FR004688,0,0.005523973144590855
FR014040,0,0.027533086016774178
FR015176,0,0.005308039486408234
FR010331,0,0.008303318172693253
FR011368,1,0.010931268334388733
FR010713,0,0.01840480975806713
FR006647,0,0.012341417372226715
FR001885,0,0.0051603601314127445
FR015749,0,0.014013973996043205
FR012668,0,0.005967816803604364
FR013559,0,0.009146944619715214
FR002245,0,0.0073738908395171165
FR002166,0,0.005314864218235016
FR014422,0,0.017023535445332527
FR007285,0,0.004701472818851471
FR013454,0,0.01322365552186966
FR008058,0,0.006596248596906662
FR018366,0,0.008212516084313393
FR007116,0,0.01128147728741169
FR011649,0,0.004762675613164902
FR001675,0,0.013280690647661686
FR003108,0,0.0028399063739925623
FR003842,0,0.0035335146822035313
FR012886,0,0.01694612018764019
FR001295,1,0.16009584069252014
FR014280,0,0.010411590337753296
FR005807,0,0.007846766151487827
FR009873,0,0.007531203795224428
FR013033,0,0.003899764735251665
FR011878,1,0.10889268666505814
FR015921,0,0.00837851595133543
FR018586,0,0.00625354191288352
FR008786,0,0.01976333186030388
FR014483,0,0.004709901288151741
FR014491,0,0.009765705093741417
FR001936,0,0.004116873722523451
FR017844,0,0.04830118268728256
FR000966,0,0.012062902562320232
FR013289,0,0.07495351135730743
FR017482,0,0.009151089936494827
FR001591,0,0.0038587581366300583
FR019637,0,0.005834567826241255
FR010186,0,0.008448402397334576
FR000418,0,0.008894120343029499
FR015706,0,0.03986909240484238
FR011824,0,0.016368795186281204
FR011419,0,0.011192486621439457
FR003291,0,0.01173703745007515
FR017228,0,0.01533601526170969
FR014228,0,0.006177525967359543
FR016908,0,0.005296008661389351
FR007218,0,0.01511790044605732
FR011458,0,0.008016588166356087
FR012602,0,0.0067678275518119335
FR011406,0,0.0041364990174770355
FR005133,0,0.03940737992525101
FR009381,0,0.0042806933633983135
FR011013,0,0.008409700356423855
FR001917,0,0.0058402735739946365
FR002119,0,0.027345353737473488
FR017038,1,0.08938120305538177
FR015257,0,0.013026698492467403
FR007976,0,0.021506881341338158
FR008615,0,0.005062863230705261
FR010558,0,0.013652300462126732
FR003384,0,0.010008741170167923
FR008976,0,0.00407099025323987
FR014182,0,0.009874474257230759
FR019373,0,0.005116636399179697
FR012910,0,0.0038663060404360294
FR008120,0,0.010457958094775677
FR012287,0,0.009354639798402786
FR013718,0,0.025325901806354523
FR006940,0,0.015370369888842106
FR015557,0,0.10974247753620148
FR012621,0,0.00253513315692544
FR007625,0,0.02570950984954834
FR002335,1,0.032560013234615326
FR000367,0,0.02509918622672558
FR005732,0,0.00923048797994852
FR005827,0,0.012529265135526657
FR002834,0,0.005094998516142368
FR016725,0,0.007230963557958603
FR009819,0,0.0026027285493910313
FR012212,0,0.03926340863108635
FR010465,0,0.012924493290483952
FR011618,0,0.09674228727817535
FR001258,0,0.008146136999130249
FR006689,0,0.0036169961094856262
FR016841,0,0.007843191735446453
FR004390,0,0.014883134514093399
FR012350,0,0.006356076803058386
FR016962,0,0.008989221416413784
FR006713,0,0.021208960562944412
FR017474,0,0.00834664423018694
FR018644,0,0.0045660571195185184
FR017531,0,0.0033101956360042095
FR004967,0,0.007880005054175854
FR007760,0,0.006804037373512983
FR000963,0,0.008870487101376057
FR015867,0,0.010462750680744648
FR005897,0,0.005753794219344854
FR019896,0,0.004717970732599497
FR002346,0,0.012608388438820839
FR007142,0,0.004740151111036539
FR013311,0,0.037390585988759995
FR011112,0,0.013929094187915325
FR010624,0,0.004015002399682999
FR017077,0,0.00390709238126874
FR008955,0,0.007684679701924324
FR014616,0,0.006394901778548956
FR011430,0,0.010870411992073059
FR004361,0,0.007220882456749678
FR012543,0,0.005915777757763863
FR011098,0,0.004904167726635933
FR002173,0,0.005803464446216822
FR000194,0,0.010221478529274464
FR016348,0,0.010692653246223927
FR016814,0,0.01718246564269066
FR004740,0,0.010576863773167133
FR014147,0,0.02986331842839718
FR015444,0,0.0036784023977816105
FR003226,0,0.031269948929548264
FR001496,0,0.0074837994761765
FR010234,0,0.004315228667110205
FR000749,0,0.008134166710078716
FR006414,0,0.01548849418759346
FR016883,0,0.016964485868811607
FR006188,0,0.004484947305172682
FR007149,0,0.012898186221718788
FR013486,0,0.005582261830568314
FR015356,0,0.027620093896985054
FR016166,0,0.004109248053282499
FR014840,0,0.006997742690145969
FR016188,0,0.014148881658911705
FR011348,0,0.006631666794419289
FR000706,0,0.01138160191476345
FR003340,0,0.012146242894232273
FR019190,0,0.008290301077067852
FR008604,0,0.017251433804631233
FR010322,0,0.006230172235518694
FR004088,0,0.006625537294894457
FR007718,0,0.02025272697210312
FR016438,0,0.07296077162027359
FR007921,0,0.006058417726308107
FR004172,0,0.006666347850114107
FR011452,0,0.010671881027519703
FR018590,0,0.005492865573614836
FR014617,0,0.006924773566424847
FR006163,0,0.007289640139788389
FR002084,0,0.014404699206352234
FR017882,0,0.012648455798625946
FR012901,0,0.009137679822742939
FR005890,0,0.006924858316779137
FR017093,0,0.0029829791747033596
FR011460,0,0.010468176566064358
FR004704,0,0.004280097782611847
FR003561,0,0.019518399611115456
FR015905,0,0.009489773772656918
FR019627,0,0.01580473780632019
FR010399,0,0.005813490133732557
FR008634,0,0.02149851992726326
FR001649,0,0.004324663430452347
FR001127,0,0.06611478328704834
FR015164,0,0.0032143767457455397
FR010213,0,0.011201762594282627
FR008598,0,0.004459031391888857
FR013652,0,0.024878494441509247
FR007284,0,0.00639245705679059
FR011551,0,0.013249371200799942
FR008405,0,0.0071548172272741795
FR019380,0,0.0065340097062289715
FR001570,0,0.00772362295538187
FR018058,0,0.005085286218672991
FR011360,0,0.003385928925126791
FR019946,0,0.004959091078490019
FR015078,0,0.01737099140882492
FR002307,0,0.0036720416974276304
FR007270,0,0.01068409625440836
FR000801,0,0.0038947041612118483
FR009417,0,0.009566313587129116
FR014336,0,0.007085057906806469
FR004837,0,0.019932132214307785
FR000096,0,0.007337437942624092
FR018259,0,0.014318403787910938
FR002250,0,0.013159492053091526
FR007073,0,0.005250790622085333
FR016852,0,0.006254715379327536
FR013963,0,0.016083605587482452
FR011812,0,0.016934184357523918
FR006537,0,0.0055002314038574696
FR010250,0,0.004700622521340847
FR003509,0,0.021794535219669342
FR001458,0,0.004354893229901791
FR006301,0,0.014038662426173687
FR006998,0,0.0084086824208498
FR008124,1,0.3581486642360687
FR004789,0,0.003975085448473692
FR018254,0,0.034167252480983734
FR016138,0,0.018851937726140022
FR017764,0,0.02254912257194519
FR007271,0,0.027600647881627083
FR008930,0,0.013874441385269165
FR002989,0,0.005028449464589357
FR003382,0,0.007967966608703136
FR017571,0,0.020529288798570633
FR002762,0,0.002281185472384095
FR016987,0,0.025077002122998238
FR001102,0,0.01075985748320818
FR008126,0,0.0072990041226148605
FR000740,0,0.009219125844538212
FR003261,0,0.0059926812537014484
FR008049,0,0.008360161446034908
FR015838,0,0.019255170598626137
FR016758,0,0.0055131129920482635
FR002732,0,0.002468022983521223
FR007036,0,0.042069025337696075
FR005754,0,0.02158660627901554
FR004920,0,0.0046097952872514725
FR012594,0,0.0045469338074326515
FR014055,0,0.007729651872068644
FR014223,0,0.026921771466732025
FR003682,0,0.011001678183674812
FR017424,0,0.009274902753531933
FR018052,0,0.006721241399645805
FR019921,0,0.02342962473630905
FR009516,0,0.004387713968753815
FR011213,0,0.010847082361578941
FR010596,0,0.006893769837915897
FR002759,0,0.014228805899620056
FR004085,0,0.07199392467737198
FR001495,0,0.010356811806559563
FR002839,0,0.006506574805825949
FR013258,0,0.004773665685206652
FR000500,0,0.010390706360340118
FR014966,0,0.014764535240828991
FR008390,0,0.0062745423056185246
FR009885,0,0.021164027974009514
FR005375,0,0.04163040965795517
FR010339,0,0.006432684604078531
FR013705,0,0.007351384963840246
FR017760,0,0.019170209765434265
FR002769,0,0.005856772419065237
FR004847,0,0.010661957785487175
FR019065,0,0.00386703759431839
FR014634,0,0.019356146454811096
FR011588,0,0.023425407707691193
FR004503,0,0.013500561937689781
FR008020,0,0.00859072245657444
FR003508,0,0.004974937532097101
FR012930,0,0.06330911070108414
FR008671,0,0.004504242911934853
FR003534,0,0.01541671808809042
FR018733,0,0.004868682939559221
FR018720,0,0.010982383973896503
FR018280,0,0.028076330199837685
FR019993,0,0.005583657417446375
FR001262,0,0.019857943058013916
FR008182,0,0.008926481939852238
FR018781,0,0.05108058825135231
FR016906,0,0.010176856070756912
FR001125,0,0.007806106936186552
FR011500,0,0.033854905515909195
FR008803,0,0.00972514133900404
FR003253,0,0.018504969775676727
FR015575,0,0.00490601547062397
FR018816,0,0.03180316090583801
FR019191,0,0.036951057612895966
FR016279,0,0.005567395128309727
FR014980,0,0.007539509329944849
FR002092,0,0.009914746508002281
FR004299,0,0.007950319908559322
FR010587,0,0.6638550758361816
FR004826,0,0.006733390502631664
FR015488,0,0.012284934520721436
FR009115,0,0.007669157814234495
FR005724,0,0.01752062700688839
FR008610,0,0.02337203361093998
FR002971,0,0.009715048596262932
FR014906,0,0.004709197208285332
FR006369,0,0.00691294576972723
FR008700,0,0.008659944869577885
FR010448,0,0.004293973557651043
FR007763,0,0.013678382150828838
FR011438,0,0.007945853285491467
FR010527,0,0.007013003807514906
FR003616,0,0.017922328785061836
FR017299,0,0.0034046939108520746
FR008728,0,0.009461000561714172
FR006180,0,0.009432364255189896
FR013525,0,0.011239053681492805
FR011024,0,0.004318709019571543
FR003412,0,0.003056366229429841
FR006408,0,0.07350470125675201
FR015511,0,0.015238371677696705
FR001463,0,0.0036655121948570013
FR001366,0,0.008004747331142426
FR002703,0,0.011375519447028637
FR008491,0,0.011336946859955788
FR003186,0,0.007350268308073282
FR013855,0,0.009036222472786903
FR009632,0,0.019719161093235016
FR014475,0,0.013481390662491322
FR014267,0,0.010858830064535141
FR015601,0,0.040556129068136215
FR011302,0,0.08793394267559052
FR006204,0,0.008314673788845539
FR008428,1,0.004974823910742998
FR008679,0,0.006897282786667347
FR009894,0,0.010836783796548843
FR011605,0,0.05862104520201683
FR015357,0,0.01916610449552536
FR001553,0,0.006731295492500067
FR006988,0,0.007330578286200762
FR009568,0,0.005771826021373272
FR012918,0,0.006381006445735693
FR013688,0,0.18608525395393372
FR014354,0,0.057688914239406586
FR008284,0,0.034241046756505966
FR012166,0,0.003407094394788146
FR012743,0,0.010328849777579308
FR006900,0,0.016538869589567184
FR002887,0,0.00796447042375803
FR008257,1,0.008053911849856377
FR013969,0,0.011902420781552792
FR006279,0,0.059539757668972015
FR016823,0,0.017068078741431236
FR012320,0,0.014908458106219769
FR001703,0,0.0043326085433363914
FR014676,0,0.005422546528279781
FR019511,0,0.01410293485969305
FR001569,0,0.0073499963618814945
FR008650,0,0.0052995141595602036
FR009268,0,0.012491692788898945
FR005863,0,0.005909158382564783
FR019214,0,0.004920642357319593
FR009348,0,0.005669461563229561
FR000224,0,0.007096750661730766
FR001750,0,0.03485598787665367
FR013118,0,0.0072504496201872826
FR000577,0,0.007164281327277422
FR014366,0,0.0053737531416118145
FR011337,0,0.0029522310942411423
FR008559,0,0.005141513422131538
FR015473,0,0.005237636622041464
FR004867,0,0.009021135978400707
FR009154,0,0.004924133885651827
FR009844,0,0.004164436366409063
FR015019,0,0.035838402807712555
FR011327,0,0.0030859943944960833
FR008233,0,0.005375162698328495
FR006686,0,0.00799887627363205
FR016161,0,0.004914333112537861
FR015455,0,0.007741319946944714
FR006031,1,0.08924844115972519
FR004959,0,0.009471225552260876
FR011845,0,0.005910774692893028
FR009671,0,0.009741907939314842
FR019123,0,0.016453275457024574
FR005535,0,0.01823587529361248
FR000983,0,0.010833905078470707
FR008178,0,0.008366215974092484
FR014414,0,0.021852532401680946
FR001898,0,0.006124516949057579
FR009159,0,0.005616959650069475
FR016085,0,0.0035636872053146362
FR004843,0,0.02459578961133957
FR004377,0,0.008184685371816158
FR019251,0,0.006493561901152134
FR017301,0,0.0046300808899104595
FR008113,0,0.0061012678779661655
FR005944,0,0.003554852679371834
FR015831,0,0.01281670667231083
FR002723,0,0.005046259146183729
FR009764,0,0.04498292878270149
FR005132,0,0.005561260972172022
FR008789,0,0.005877108313143253
FR000104,0,0.0059992605820298195
FR001324,0,0.005915360525250435
FR016001,0,0.004450168460607529
FR012555,0,0.019485821947455406
FR019823,0,0.01059917826205492
FR012887,0,0.007772787474095821
FR002327,0,0.01176045648753643
FR006083,0,0.00869075022637844
FR016165,0,0.007439135108143091
FR006062,0,0.06600385904312134
FR001089,0,0.011929615400731564
FR001612,0,0.006700069643557072
FR010737,0,0.010218463838100433
FR017744,0,0.029740624129772186
FR008873,0,0.005841785576194525
FR019771,0,0.006379235070198774
FR002645,0,0.02617746591567993
FR015676,0,0.005723779089748859
FR016469,0,0.005896024405956268
FR003676,0,0.009579632431268692
FR015472,0,0.006820532958954573
FR005721,0,0.03868022561073303
FR013549,0,0.04803583025932312
FR011839,0,0.0034657877404242754
FR001668,0,0.021534299477934837
FR019235,0,0.015400976873934269
FR001867,0,0.00980011373758316
FR013984,0,0.015800436958670616
FR017933,0,0.010078486055135727
FR006002,0,0.00690803024917841
FR012238,0,0.022087454795837402
FR018851,0,0.018577102571725845
FR008097,0,0.04225129634141922
FR007488,0,0.005527096800506115
FR013971,0,0.007632300723344088
FR014972,0,0.011903154663741589
FR019796,0,0.011028976179659367
FR018104,0,0.010255583561956882
FR000638,0,0.028616566210985184
FR009295,0,0.021752819418907166
FR012217,0,0.11089735478162766
FR008985,0,0.004866666626185179
FR018892,0,0.0036948518827557564
FR009681,0,0.005106124561280012
FR019913,0,0.020490305498242378
FR010072,0,0.008796595968306065
FR000809,0,0.009114011190831661
FR014320,0,0.019820043817162514
FR011922,0,0.011865274049341679
FR018612,0,0.010015972889959812
FR006836,0,0.11251971870660782
FR008956,0,0.00616559898480773
FR003732,0,0.007270489819347858
FR009004,0,0.0036947326734662056
FR009756,0,0.012565499171614647
FR010463,0,0.008556789718568325
FR018940,0,0.00886872224509716
FR009416,0,0.013386284932494164
FR004875,0,0.009661749005317688
FR002373,0,0.014429504051804543
FR002848,0,0.00680978549644351
FR019314,0,0.008058727718889713
FR012508,1,0.5245075821876526
FR003321,0,0.006412975490093231
FR019802,0,0.010059559717774391
FR016711,0,0.007713794708251953
FR012945,0,0.010645592585206032
FR017981,0,0.005124227609485388
FR010508,0,0.014102159067988396
FR012376,0,0.014133365824818611
FR002527,0,0.01173859741538763
FR006693,0,0.015673533082008362
FR011439,0,0.004065872170031071
FR007322,0,0.024738209322094917
FR008173,0,0.006097443401813507
FR019032,0,0.13533207774162292
FR018422,0,0.007127102464437485
FR005342,0,0.02951625920832157
FR002800,0,0.021498970687389374
FR010029,1,0.010018927976489067
FR019586,0,0.01210861373692751
FR010618,0,0.08613685518503189
FR017705,0,0.01665119081735611
FR013447,0,0.005745619535446167
FR007537,0,0.01850598305463791
FR010105,0,0.006167276296764612
FR010610,0,0.04671410471200943
FR005521,0,0.008253456093370914
FR017325,0,0.00641696946695447
FR018109,0,0.014433261938393116
FR012481,1,0.044611606746912
FR001169,0,0.0047078519128263
FR005518,0,0.00529706384986639
FR019469,0,0.023382294923067093
FR004857,0,0.007021014112979174
FR002241,0,0.01488269492983818
FR012291,0,0.0060689738020300865
FR013350,0,0.012898598797619343
FR003397,0,0.008676540106534958
FR003785,0,0.004524512682110071
FR017395,0,0.0032001477666199207
FR005232,0,0.012952713295817375
FR012733,0,0.0077945999801158905
FR013151,0,0.006067302543669939
FR007300,0,0.010817024856805801
FR003749,0,0.020445363596081734
FR019811,0,0.012932172045111656
FR001808,0,0.03931096941232681
FR000183,0,0.0036949010100215673
FR002322,0,0.0061088744550943375
FR004823,0,0.014271626248955727
FR012301,0,0.010745031759142876
FR012161,0,0.013031677342951298
FR005974,0,0.019434500485658646
FR013333,1,0.018529390916228294
FR014683,0,0.010417664423584938
FR008335,0,0.020782873034477234
FR003868,0,0.0034301090054214
FR016995,0,0.045361343771219254
FR010907,0,0.007573943585157394
FR014035,0,0.003830852685496211
FR007479,0,0.007472160272300243
FR001701,0,0.029428673908114433
FR018828,0,0.006621251814067364
FR008053,0,0.00459579611197114
FR019710,0,0.08368866890668869
FR016311,0,0.007740078028291464
FR010966,0,0.0060859788209199905
FR015087,0,0.005541951395571232
FR003050,0,0.003733800258487463
FR010357,0,0.04087020456790924
FR006148,0,0.02611793950200081
FR002240,0,0.005984952207654715
FR006727,0,0.02790604531764984
FR017749,0,0.010762379504740238
FR006479,0,0.004008840303868055
FR011483,0,0.00449339859187603
FR004287,0,0.006169521249830723
FR012462,0,0.09025473892688751
FR016106,0,0.035941705107688904
FR005714,0,0.004493778105825186
FR002892,0,0.005223425105214119
FR010711,0,0.005828231573104858
FR016525,0,0.01851082593202591
FR000333,0,0.012986334972083569
FR003499,0,0.02594807744026184
FR008563,0,0.04064421355724335
FR009349,0,0.011165989562869072
FR014715,0,0.006745047401636839
FR009813,0,0.05970112606883049
FR011506,0,0.010853730142116547
FR005039,0,0.007982200011610985
FR008479,0,0.021738875657320023
FR011484,0,0.007485904265195131
FR007677,0,0.009733015671372414
FR006726,0,0.031269848346710205
FR019556,0,0.024170389398932457
FR019288,0,0.00557835353538394
FR005967,0,0.029454262927174568
FR019074,0,0.019066354259848595
FR003500,0,0.005495142657309771
FR001945,0,0.1542671024799347
FR011865,0,0.009333545342087746
FR013851,0,0.009339407086372375
FR010694,0,0.013059347867965698
FR015608,0,0.015424921177327633
FR000465,0,0.00647346768528223
FR010901,0,0.0035845560487359762
FR011401,0,0.006374917458742857
FR006983,0,0.0063936226069927216
FR004926,0,0.016250209882855415
FR009219,0,0.00519770011305809
FR004848,0,0.006390073336660862
FR010248,0,0.007613196969032288
FR008715,0,0.030888060107827187
FR008770,0,0.00450139818713069
FR001409,0,0.0026902323588728905
FR015088,0,0.0045621576718986034
FR000635,0,0.006682347506284714
FR001549,0,0.04060618579387665
FR016585,0,0.03995989263057709
FR018712,0,0.005202048923820257
FR000181,0,0.008838060311973095
FR007880,0,0.0037057807203382254
FR005467,0,0.005121080204844475
FR009663,0,0.010040734894573689
FR011899,0,0.006894239690154791
FR012692,0,0.0071454038843512535
FR014753,0,0.008974832482635975
FR008587,0,0.01165869552642107
FR002319,0,0.003890825202688575
FR016948,0,0.004353828728199005
FR006858,0,0.006421984173357487
FR019665,0,0.012861398048698902
FR010874,0,0.02486974559724331
FR005738,0,0.015439274720847607
FR015359,0,0.0032276748679578304
FR009689,0,0.007053033914417028
FR014225,0,0.004344687331467867
FR019148,0,0.030022818595170975
FR014651,0,0.004817256238311529
FR014086,0,0.006276055239140987
FR008343,0,0.007850516587495804
FR016429,0,0.01202604454010725
FR008063,0,0.0068092080764472485
FR014695,0,0.011204578913748264
FR006876,0,0.004023483023047447
FR013269,0,0.004476307425647974
FR007316,0,0.009357994422316551
FR008731,0,0.006356600672006607
FR014685,0,0.0060170842334628105
FR009236,0,0.004671853967010975
FR009861,0,0.015077797695994377
FR011028,1,0.002552935853600502
FR002504,0,0.010201001539826393
FR012057,0,0.004632879048585892
FR018053,0,0.004927113652229309
FR006934,0,0.007325510028749704
FR003546,0,0.007263881154358387
FR009736,0,0.01670157164335251
FR001101,0,0.0037140094209462404
FR019044,0,0.008041699416935444
FR018148,0,0.017396526411175728
FR003056,0,0.007779947016388178
FR002751,0,0.012804356403648853
FR008545,0,0.010112510062754154
FR009293,0,0.03000834584236145
FR015251,0,0.0046274797059595585
FR014748,0,0.003589531173929572
FR012708,0,0.031359102576971054
FR001629,0,0.014371078461408615
FR004307,0,0.013113845139741898
FR016130,0,0.04009459912776947
FR013624,0,0.019914330914616585
FR002011,0,0.0033356209751218557
FR012284,0,0.004620677791535854
FR018221,0,0.021247034892439842
FR003473,0,0.004005405120551586
FR010106,0,0.01531372219324112
FR000109,0,0.017089810222387314
FR012023,0,0.002411982510238886
FR007815,0,0.005722381640225649
FR004104,0,0.018367135897278786
FR000884,0,0.00409321952611208
FR010774,0,0.005091164261102676
FR001491,0,0.010406900197267532
FR000498,0,0.005402770359069109
FR000140,0,0.01716756634414196
FR019489,0,0.008739582262933254
FR015687,0,0.012333531863987446
FR005258,0,0.011840845458209515
FR005292,0,0.015217691659927368
FR011550,0,0.00475251954048872
FR012845,0,0.0077329217456281185
FR016945,0,0.018923139199614525
FR012741,0,0.021636322140693665
FR016413,0,0.03740344196557999
FR017513,0,0.00806783139705658
FR005459,0,0.013529106974601746
FR008121,0,0.005906086415052414
FR011753,0,0.009615953080356121
FR004065,0,0.0036734743043780327
FR006691,0,0.022595513612031937
FR009658,0,0.014872819185256958
FR018918,0,0.004234373103827238
FR019440,0,0.027422437444329262
FR016014,0,0.006498891860246658
FR015810,0,0.005546062719076872
FR017217,0,0.008705477230250835
FR012105,0,0.023456338793039322
FR016776,0,0.005034634843468666
FR005313,0,0.052552733570337296
FR016709,0,0.008090606890618801
FR017137,0,0.007723129820078611
FR012132,0,0.003957368899136782
FR002016,0,0.05430763214826584
FR009354,0,0.0032097401563078165
FR014141,1,0.04489986598491669
FR018019,0,0.012001779861748219
FR015346,0,0.006611892953515053
FR016795,0,0.003914228640496731
FR009833,0,0.004155213478952646
FR013383,0,0.006306441035121679
FR002916,0,0.006894223392009735
FR006548,0,0.07115236669778824
FR015120,0,0.024205105379223824
FR008337,0,0.006401509512215853
FR001054,0,0.0044370791874825954
FR014656,0,0.004489441402256489
FR016743,0,0.01080347690731287
FR013622,0,0.019397718831896782
FR000357,0,0.05955006554722786
FR003460,0,0.030543217435479164
FR019928,0,0.01953432522714138
FR016236,0,0.012570026330649853
FR000624,0,0.012176834046840668
FR015955,0,0.004052788019180298
FR000943,0,0.008413725532591343
FR011304,0,0.0034873494878411293
FR019579,0,0.010740344412624836
FR000388,0,0.0036366728600114584
FR003264,0,0.00864420272409916
FR004913,0,0.009036482311785221
FR008267,0,0.005333308130502701
FR008962,0,0.01640753261744976
FR007938,0,0.035509057343006134
FR017932,0,0.008032172918319702
FR006199,0,0.009086196310818195
FR007752,0,0.01227064523845911
FR002684,0,0.01471375860273838
FR009798,0,0.01077780406922102
FR006493,0,0.011357022449374199
FR016417,0,0.0075310757383704185
FR009905,0,0.030981717631220818
FR018176,0,0.01013406552374363
FR003497,1,0.047384753823280334
FR009212,0,0.007255021948367357
FR006251,0,0.003989194519817829
FR004832,0,0.008755061775445938
FR008001,0,0.0067185042425990105
FR014371,0,0.005704019218683243
FR013327,0,0.008537954650819302
FR016721,0,0.04475471004843712
FR014592,0,0.004210562910884619
FR017489,0,0.007617276627570391
FR017836,0,0.007655775174498558
FR012349,0,0.018205810338258743
FR004630,0,0.00884375162422657
FR014167,0,0.006461511831730604
FR019358,0,0.01736474223434925
FR013615,0,0.0035893823951482773
FR004374,0,0.005970150697976351
FR015172,0,0.006527246907353401
FR010931,0,0.016395147889852524
FR006317,0,0.02825777605175972
FR000882,0,0.004885725677013397
FR010533,0,0.005150631070137024
FR005330,0,0.0026654836256057024
FR019541,0,0.005246083252131939
FR000144,0,0.008436284027993679
FR016485,0,0.009194093756377697
FR000641,0,0.007698684465140104
FR017158,0,0.039783380925655365
FR002897,0,0.01767623797059059
FR006023,0,0.0030001853592693806
FR007747,0,0.005977657623589039
FR004497,0,0.0033307597041130066
FR001966,0,0.00856699701398611
FR002482,0,0.005398879759013653
FR003956,0,0.01012889202684164
FR010830,0,0.006057467311620712
FR018279,0,0.03202193230390549
FR013446,0,0.00815125834196806
FR013001,0,0.011215793900191784
FR004899,0,0.004792558029294014
FR019678,0,0.022672489285469055
FR000858,0,0.01932716928422451
FR000847,0,0.005856253206729889
FR011823,0,0.010739472694694996
FR015179,0,0.0073584942147135735
FR008669,0,0.01004408672451973
FR005256,0,0.005013653542846441
FR007576,0,0.010182827711105347
FR019398,0,0.02816135808825493
FR007373,0,0.023074258118867874
FR009147,0,0.005810316652059555
FR013899,0,0.0034387686755508184
FR019400,0,0.0031329826451838017
FR011149,0,0.00971285067498684
FR017429,0,0.006135657895356417
FR017626,0,0.0049743615090847015
FR016910,0,0.00935896672308445
FR013399,0,0.013487746007740498
FR014117,0,0.005572284106165171
FR018035,0,0.02106626331806183
FR012303,0,0.0029387413524091244
FR009795,0,0.0077800871804356575
FR010060,0,0.012288562953472137
FR013881,0,0.007903405465185642
FR003701,0,0.03361337259411812
FR007892,0,0.012946613132953644
FR015380,0,0.010113125666975975
FR002906,0,0.007727972697466612
FR018115,0,0.025130361318588257
FR007845,0,0.01809154637157917
FR018144,0,0.0029377886094152927
FR006771,0,0.003784646512940526
FR013666,0,0.016700701788067818
FR008077,0,0.007346212398260832
FR005168,0,0.026200249791145325
FR004990,0,0.010407823137938976
FR009388,0,0.008032138459384441
FR003463,0,0.003035219619050622
FR003553,0,0.007570066023617983
FR009983,0,0.003945950418710709
FR002886,0,0.009167565032839775
FR001095,0,0.014607383869588375
FR016846,0,0.011120728217065334
FR016030,0,0.020661985501646996
FR007425,0,0.010758643969893456
FR018112,0,0.009515912272036076
FR001105,0,0.004967274609953165
FR011786,0,0.0065085142850875854
FR001847,0,0.0061698486097157
FR016079,0,0.009314372204244137
FR005587,0,0.019468842074275017
FR013432,0,0.004718913231045008
FR017978,0,0.022058000788092613
FR018555,0,0.009081264957785606
FR018122,0,0.012273905798792839
FR016431,0,0.0051127588376402855
FR000701,0,0.013688692823052406
FR017138,0,0.005449145566672087
FR002753,0,0.003613382112234831
FR017677,0,0.0074302684515714645
FR018831,0,0.006221050396561623
FR007223,0,0.014102092944085598
FR005111,0,0.009662894532084465
FR007146,0,0.08988065272569656
FR000326,0,0.004522908478975296
FR009883,0,0.016466090455651283
FR012712,0,0.003663891227915883
FR018293,0,0.008000083267688751
FR014297,0,0.008006447926163673
FR002522,0,0.005505077075213194
FR015746,0,0.007392426021397114
FR008086,0,0.005962303373962641
FR002760,0,0.034393686801195145
FR011677,0,0.01056080311536789
FR011781,0,0.003837128635495901
FR017172,0,0.0032522655092179775
FR018849,0,0.005848252680152655
FR009955,0,0.019779717549681664
FR001728,0,0.043128851801157
FR001022,0,0.02910534106194973
FR005713,0,0.01116116251796484
FR012302,0,0.005216576159000397
FR016284,0,0.051487650722265244
FR008834,0,0.012419900856912136
FR006395,0,0.032138973474502563
FR010745,0,0.0033668060787022114
FR014233,0,0.004181483294814825
FR007078,0,0.018902750685811043
FR010487,0,0.009300394915044308
FR006057,0,0.005587823688983917
FR017910,0,0.023227784782648087
FR006117,0,0.007953796535730362
FR002257,0,0.015436389483511448
FR008074,0,0.006677550729364157
FR004593,0,0.008924735710024834
FR016406,0,0.007013412658125162
FR012426,0,0.01976683922111988
FR017971,0,0.008556445129215717
FR000209,0,0.0061332243494689465
FR012001,0,0.006925767287611961
FR000387,0,0.010264207608997822
FR003934,0,0.005507688503712416
FR003217,0,0.015775710344314575
FR002844,0,0.013367267325520515
FR001389,0,0.006147821433842182
FR019466,0,0.012930047698318958
FR006418,0,0.008784242905676365
FR006849,0,0.006611764896661043
FR001889,0,0.0031333595979958773
FR004460,0,0.006281830370426178
FR019898,0,0.004148727282881737
FR014747,0,0.04898760840296745
FR003249,0,0.008887196891009808
FR013212,0,0.008612880483269691
FR001440,0,0.04185711219906807
FR005997,0,0.02128041721880436
FR010948,0,0.010527735576033592
FR017553,0,0.006569770630449057
FR016710,0,0.01562065351754427
FR001453,0,0.008395076729357243
FR012285,1,0.06636190414428711
FR007990,0,0.012353135272860527
FR000285,0,0.008421801030635834
FR019806,0,0.006996191572397947
FR015296,0,0.0395071841776371
FR019871,0,0.0042795902118086815
FR019128,0,0.007976549677550793
FR015211,0,0.10030736774206161
FR000739,1,0.01697782799601555
FR001244,0,0.009361916221678257
FR011072,0,0.004375428427010775
FR000474,0,0.013436665758490562
FR017216,0,0.012886413373053074
FR015170,0,0.06335075199604034
FR005126,0,0.015077832154929638
FR011887,0,0.0039682043716311455
FR006925,0,0.007938298396766186
FR012322,0,0.005897696129977703
FR008425,0,0.007328604348003864
FR005018,0,0.012235447764396667
FR004695,0,0.008085568435490131
FR009938,0,0.007491035852581263
FR016384,0,0.011145142838358879
FR008314,0,0.005486185196787119
FR015065,0,0.007049298379570246
FR011366,0,0.007289529778063297
FR006372,0,0.04731925576925278
FR014230,0,0.017660297453403473
FR006420,0,0.014377402141690254
FR003272,0,0.04718856140971184
FR014675,0,0.005015083588659763
FR002321,0,0.0053008487448096275
FR009081,0,0.00469005573540926
FR008697,0,0.014515737071633339
FR000061,0,0.024036727845668793
FR010647,0,0.011313785798847675
FR016865,0,0.008786913007497787
FR010208,0,0.009514092467725277
FR012388,0,0.007432283367961645
FR001996,0,0.008259491994976997
FR006286,0,0.012493593618273735
FR004793,0,0.04717036709189415
FR009796,0,0.033037230372428894
FR001506,0,0.003377037588506937
FR014751,0,0.013693960383534431
FR012689,0,0.00903918594121933
FR003807,0,0.03398006409406662
FR017334,0,0.005042281933128834
FR004600,0,0.00827602669596672
FR019166,0,0.009022998623549938
FR004764,0,0.006359567865729332
FR012922,0,0.011189410462975502
FR016463,0,0.005735927261412144
FR000056,0,0.015791622921824455
FR000824,0,0.017015112563967705
FR009586,0,0.026412639766931534
FR006595,0,0.016739169135689735
FR010221,0,0.020787948742508888
FR003844,0,0.00342235597781837
FR016617,0,0.011861216276884079
FR008022,0,0.008425242267549038
FR017640,0,0.008032245561480522
FR006215,0,0.03486694023013115
FR008085,0,0.04744625464081764
FR003699,0,0.0062368218787014484
FR017318,0,0.003938928246498108
FR014554,0,0.006377479527145624
FR002862,0,0.01611142046749592
FR001718,0,0.02926860935986042
FR002017,0,0.013197008520364761
FR010346,1,0.5727633833885193
FR011425,0,0.005265597719699144
FR016222,0,0.004700335208326578
FR012483,0,0.004409328103065491
FR003117,0,0.005845381412655115
FR009757,0,0.003705449867993593
FR017555,0,0.008097249083220959
FR013002,0,0.005878807976841927
FR019601,0,0.007326658349484205
FR008745,0,0.024141855537891388
FR010607,0,0.006986158434301615
FR004214,0,0.002829343546181917
FR005197,0,0.003907250240445137
FR000331,0,0.005441259127110243
FR001270,0,0.00932379812002182
FR008216,0,0.010583238676190376
FR011907,0,0.007036969531327486
FR001988,0,0.02166333980858326
FR014050,0,0.006761733442544937
FR003979,0,0.0027452020440250635
FR002294,0,0.003984362352639437
FR001191,0,0.009065431542694569
FR013617,0,0.010100307874381542
FR015599,0,0.008705999702215195
FR008191,0,0.0046498458832502365
FR000678,0,0.02293485775589943
FR011019,1,0.010810399428009987
FR008532,0,0.022889012470841408
FR000016,0,0.003138714237138629
FR019098,0,0.05058978497982025
FR011905,0,0.007378331385552883
FR006695,0,0.007377916015684605
FR001470,0,0.012631893157958984
FR005411,0,0.004942441359162331
FR014377,0,0.011059777811169624
FR012609,0,0.002374776406213641
FR011945,1,0.009332222864031792
FR002597,0,0.006432575173676014
FR019049,0,0.007790717761963606
FR012286,0,0.033652737736701965
FR016470,0,0.010094764642417431
FR007011,0,0.008008905686438084
FR008817,0,0.005543312523514032
FR009731,0,0.006475703790783882
FR010522,0,0.0046399980783462524
FR006222,0,0.011245706118643284
FR018226,0,0.014781282283365726
FR014068,0,0.05214734375476837
FR010352,0,0.008567171171307564
FR018829,0,0.012217232957482338
FR006025,0,0.010715638287365437
FR002049,0,0.0053108748979866505
FR006050,0,0.028158865869045258
FR013765,0,0.02288641780614853
FR001813,0,0.002856261096894741
FR007120,0,0.016856376081705093
FR000730,0,0.015296131372451782
FR010638,0,0.03638262674212456
FR015063,0,0.00500706909224391
FR011992,0,0.009705583564937115
FR013359,0,0.01067983265966177
FR015255,0,0.003948121331632137
FR015972,0,0.010528961196541786
FR011266,1,0.030187375843524933
FR012940,0,0.007143340539187193
FR010798,0,0.011981385760009289
FR003391,0,0.02631429396569729
FR019791,0,0.016274917870759964
FR010734,0,0.005856595002114773
FR015701,0,0.011910717003047466
FR001225,0,0.18455705046653748
FR017642,0,0.03209895268082619
FR004602,0,0.01756366528570652
FR002220,0,0.028312986716628075
FR004686,0,0.05317847430706024
FR011136,0,0.007544627413153648
FR005604,0,0.003897987073287368
FR005514,0,0.017981039360165596
FR014210,0,0.007651245221495628
FR006042,0,0.021275468170642853
FR000428,0,0.013510014861822128
FR007066,0,0.006102983374148607
FR010946,0,0.0034225573763251305
FR010279,0,0.024184411391615868
FR009656,0,0.004970360081642866
FR011724,0,0.03231503441929817
FR017776,0,0.05047554150223732
FR017210,0,0.007129862438887358
FR006798,0,0.015345183201134205
FR007508,0,0.005388246383517981
FR004786,0,0.017601536586880684
FR006824,0,0.009552602656185627
FR005185,0,0.0382482148706913
FR006315,0,0.006401555147022009
FR016784,0,0.00723400991410017
FR017797,0,0.008665402419865131
FR007248,0,0.04616444930434227
FR019821,0,0.011188962496817112
FR016175,0,0.013957113958895206
FR004043,0,0.018078284338116646
FR013662,0,0.014586292207241058
FR014686,0,0.006227805279195309
FR011508,0,0.0034953507129102945
FR016233,0,0.01164788194000721
FR007459,0,0.005175556987524033
FR000931,0,0.02860562689602375
FR017941,0,0.01216814760118723
FR013654,0,0.013619143515825272
FR018084,0,0.014623012393712997
FR010622,0,0.008291511796414852
FR008661,0,0.00951411947607994
FR003916,0,0.013826955109834671
FR019497,0,0.01997683197259903
FR003697,0,0.028644928708672523
FR019417,0,0.009428853169083595
FR005304,0,0.0033041820861399174
FR018465,0,0.014557145535945892
FR006981,0,0.011783771216869354
FR013704,0,0.005943772848695517
FR002923,0,0.006529458798468113
FR008854,0,0.006265910807996988
FR015191,0,0.03706372529268265
FR007297,0,0.004401272162795067
FR007333,0,0.0048891534097492695
FR019229,0,0.00586282555013895
FR007032,0,0.06254769116640091
FR012359,0,0.017273899167776108
FR004623,0,0.004384689964354038
FR008549,0,0.010463579557836056
FR000303,0,0.012862651608884335
FR009924,0,0.0072271134704351425
FR009400,0,0.012249967083334923
FR013087,0,0.007933718152344227
FR012477,0,0.016527332365512848
FR016682,0,0.004025958478450775
FR015489,0,0.017172079533338547
FR019763,0,0.013809839263558388
FR017290,0,0.0063601406291127205
FR009614,0,0.017536787316203117
FR008869,0,0.003214543219655752
FR018444,0,0.01158235128968954
FR012209,0,0.006165020167827606
FR013852,0,0.015805138275027275
FR008349,0,0.004383791238069534
FR005308,1,0.004368817433714867
FR002958,0,0.0051244995556771755
FR011750,0,0.025704875588417053
FR002729,0,0.02225913666188717
FR009553,0,0.01336587779223919
FR005925,0,0.016428593546152115
FR013278,0,0.022913234308362007
FR005691,0,0.012019988149404526
FR009310,0,0.014937162399291992
FR011788,0,0.012427167035639286
FR004948,0,0.018145481124520302
FR001790,0,0.004885222762823105
FR008530,0,0.01222218293696642
FR014809,0,0.014354345388710499
FR012771,0,0.061140261590480804
FR010333,0,0.013437108136713505
FR009538,0,0.01402953825891018
FR008286,0,0.002988397143781185
FR015596,0,0.018386106938123703
FR017602,1,0.060870490968227386
FR007057,0,0.004515387583523989
FR019765,0,0.019605133682489395
FR013169,0,0.005319138523191214
FR008537,0,0.046192921698093414
FR014532,0,0.015892894938588142
FR002479,0,0.034184779971838
FR004238,0,0.019447140395641327
FR016178,0,0.00668874429538846
FR012982,0,0.004028544295579195
FR003313,0,0.006790162995457649
FR015305,0,0.009846559725701809
FR019464,0,0.06262735277414322
FR019843,0,0.006423396058380604
FR003305,0,0.014612051658332348
FR009185,0,0.024969056248664856
FR014988,0,0.01645963452756405
FR014029,0,0.01593158021569252
FR005978,0,0.005462035071104765
FR001897,0,0.03956214711070061
FR002421,0,0.009693757630884647
FR004023,0,0.0169137641787529
FR010464,0,0.005652634892612696
FR003251,0,0.022786421701312065
FR003488,0,0.010323152877390385
FR013591,0,0.014111987315118313
FR008259,0,0.025363359600305557
FR000520,0,0.006814078893512487
FR010000,0,0.02336384542286396
FR013565,0,0.010613990016281605
FR010410,0,0.0047462694346904755
FR006290,0,0.00728470366448164
FR012937,1,0.01426548883318901
FR017201,0,0.004081265069544315
FR009053,0,0.007960266433656216
FR006835,0,0.007978145964443684
FR004061,0,0.004046607296913862
FR019786,0,0.009073376655578613
FR000413,0,0.005718281026929617
FR013612,0,0.06936238706111908
FR016410,0,0.007151014171540737
FR002574,0,0.024628575891256332
FR006235,0,0.012565734796226025
FR003052,0,0.008780627511441708
FR010245,0,0.007036236580461264
FR018791,0,0.009346265345811844
FR018999,0,0.007871637120842934
FR009390,0,0.004412482026964426
FR015986,0,0.007360378280282021
FR003905,0,0.008370663039386272
FR016831,0,0.006279467139393091
FR014172,0,0.008468390442430973
FR015794,0,0.02197106182575226
FR000817,0,0.03708966076374054
FR018731,0,0.005841743666678667
FR002861,0,0.004131793510168791
FR008378,0,0.017162417992949486
FR000435,0,0.04709926247596741
FR012567,0,0.02347208745777607
FR005272,0,0.0035600350238382816
FR016842,0,0.05573492869734764
FR008017,0,0.008880114182829857
FR008570,0,0.029825154691934586
FR013983,1,0.004631929099559784
FR019641,0,0.02737945318222046
FR007037,0,0.14931586384773254
FR003356,0,0.004208334255963564
FR012115,0,0.019997885450720787
FR019903,0,0.00822498556226492
FR008541,0,0.005108346696943045
FR001611,0,0.0073860990814864635
FR008218,0,0.007131567224860191
FR015841,0,0.016991162672638893
FR013555,0,0.004841270390897989
FR003980,0,0.006568510551005602
FR009175,0,0.045446306467056274
FR001893,0,0.03289000689983368
FR004453,0,0.012211243622004986
FR013922,0,0.005491508170962334
FR008157,0,0.021697843447327614
FR017361,0,0.007387004792690277
FR014168,0,0.008963075466454029
FR017579,0,0.01559233944863081
FR005544,0,0.04191131517291069
FR005843,0,0.006118905730545521
FR003238,0,0.0036886187735944986
FR009824,0,0.017033712938427925
FR007991,0,0.03339872881770134
FR011325,0,0.023576200008392334
FR008381,0,0.007900714874267578
FR009782,0,0.005816842895001173
FR000868,0,0.03654341772198677
FR011146,0,0.004159738775342703
FR013264,0,0.017587441951036453
FR010348,0,0.005499832797795534
FR003081,0,0.00668721366673708
FR014001,0,0.014734379015862942
FR008060,0,0.0032039647921919823
FR003310,0,0.01287638396024704
FR000718,0,0.011741623282432556
FR017688,0,0.012155595235526562
FR000737,0,0.005340912379324436
FR015440,0,0.008645722642540932
FR008338,0,0.011126314289867878
FR017792,0,0.007478892337530851
FR009073,0,0.004404508043080568
FR010718,0,0.01963299699127674
FR017229,0,0.013677385635674
FR002194,0,0.02032589726150036
FR004759,0,0.009977412410080433
FR002847,0,0.005446078721433878
FR008129,0,0.058302391320466995
FR008202,0,0.007867232896387577
FR012938,0,0.013021678663790226
FR014078,0,0.034390971064567566
FR011134,0,0.004452002700418234
FR019222,0,0.005396104883402586
FR017200,0,0.00553232291713357
FR007532,0,0.034302499145269394
FR015447,0,0.004937329329550266
FR015277,0,0.005897902883589268
FR001743,0,0.028026491403579712
FR016302,0,0.061304524540901184
FR000608,0,0.005098770838230848
FR003776,0,0.007722793146967888
FR000393,0,0.00329933175817132
FR000499,0,0.007854431867599487
FR007004,0,0.006045077927410603
FR006033,0,0.003418268170207739
FR002506,0,0.004435000941157341
FR003266,0,0.0051806909032166
FR003484,0,0.006961236707866192
FR016491,0,0.0070915683172643185
FR016862,0,0.0099478242918849
FR016125,0,0.0047906544059515
FR000484,0,0.008330998942255974
FR009172,0,0.005560469347983599
FR004932,1,0.03395472466945648
FR004157,0,0.005198025610297918
FR017845,0,0.3814104497432709
FR002832,1,0.20612949132919312
FR010969,0,0.015684830024838448
FR010299,0,0.010873970575630665
FR019424,0,0.00738292234018445
FR011255,0,0.004272522870451212
FR012397,0,0.003335957182571292
FR009445,0,0.011088645085692406
FR012764,0,0.007484805770218372
FR012444,0,0.11700780689716339
FR013848,0,0.004559566732496023
FR006419,0,0.0491667203605175
FR008026,0,0.007443745620548725
FR006356,0,0.024471621960401535
FR015614,0,0.005289995577186346
FR017645,0,0.004918219521641731
FR010124,0,0.005989282391965389
FR009007,0,0.0064795613288879395
FR000036,0,0.007585173938423395
FR002944,0,0.022989414632320404
FR012451,0,0.014770065434277058
FR012258,0,0.005396383814513683
FR000291,0,0.009985370561480522
FR019129,0,0.007196236867457628
FR005934,0,0.009474989026784897
FR005234,0,0.00653037428855896
FR008553,0,0.0068389661610126495
FR005116,0,0.029207291081547737
FR014582,0,0.011317504569888115
FR016298,0,0.005215119104832411
FR012977,0,0.005948609672486782
FR005747,0,0.0171491838991642
FR005277,0,0.004554628394544125
FR007183,0,0.019394610077142715
FR012096,0,0.017864953726530075
FR007970,0,0.0241880863904953
FR011065,0,0.00365698360837996
FR002364,0,0.0067857555113732815
FR007179,0,0.005411017220467329
FR007325,0,0.010537847876548767
FR004605,0,0.005734459031373262
FR011672,0,0.01816372573375702
FR009485,0,0.018368138000369072
FR002205,0,0.03056970238685608
FR016344,0,0.00591960409656167
FR006576,0,0.009190862067043781
FR014782,0,0.009858449921011925
FR006305,0,0.005569861736148596
FR007701,0,0.004211800638586283
FR001019,0,0.0038288752548396587
FR007944,0,0.008286475203931332
FR012337,0,0.014256058260798454
FR017321,0,0.005309355910867453
FR010053,0,0.007349081337451935
FR006631,0,0.021129053086042404
FR002748,0,0.02331051416695118
FR008254,0,0.05204390361905098
FR008055,0,0.003771968185901642
FR007717,0,0.009051863104104996
FR000521,0,0.005648546386510134
FR019525,0,0.005141444969922304
FR012288,0,0.008958671241998672
FR002709,0,0.002908523892983794
FR018362,0,0.0208525899797678
FR010056,0,0.012436311691999435
FR003153,0,0.005999971646815538
FR018178,0,0.006627838592976332
FR003518,0,0.01601613499224186
FR001209,0,0.012548364698886871
FR017028,0,0.0068969763815402985
FR006243,1,0.07596684247255325
FR019909,0,0.0030080731958150864
FR000130,0,0.009184290654957294
FR012495,0,0.004996070172637701
FR000904,0,0.00467165419831872
FR014365,0,0.010462765581905842
FR019474,0,0.005407789722084999
FR000894,0,0.006241132039576769
FR002432,0,0.014855273067951202
FR017494,0,0.005252862814813852
FR017397,1,0.06140018254518509
FR000999,0,0.006897113285958767
FR002192,0,0.0922686830163002
FR001990,0,0.004941925406455994
FR016039,0,0.0059350766241550446
FR012914,0,0.004277448635548353
FR012675,0,0.019550587981939316
FR006969,0,0.008807303383946419
FR019520,0,0.01900618150830269
FR009213,0,0.004459128715097904
FR008016,0,0.01048972550779581
FR017826,0,0.008018306456506252
FR019292,0,0.013899444602429867
FR003345,0,0.7263482809066772
FR003370,0,0.004085366148501635
FR015308,0,0.006273593753576279
FR011154,0,0.007453416008502245
FR019688,0,0.011331470683217049
FR019149,0,0.012635152786970139
FR014053,0,0.011490684933960438
FR001695,0,0.004817848093807697
FR017544,0,0.04437196999788284
FR009801,0,0.012999066151678562
FR006338,0,0.009311899542808533
FR011338,0,0.010959732346236706
FR018848,0,0.010703008621931076
FR003860,0,0.005285701714456081
FR003897,0,0.0038421896751970053
FR016804,0,0.005293040070682764
FR009040,0,0.0030134462285786867
FR014944,0,0.014603910967707634
FR008175,0,0.004179686773568392
FR012707,0,0.20984657108783722
FR002738,0,0.023215683177113533
FR012003,0,0.004566120449453592
FR019277,0,0.007016126066446304
FR002156,0,0.005762448068708181
FR008117,0,0.011300821788609028
FR000417,0,0.008591262623667717
FR006256,0,0.00563799636438489
FR001109,0,0.024701079353690147
FR017718,0,0.008503355085849762
FR017991,0,0.0181780606508255
FR015679,0,0.0042426385916769505
FR013625,0,0.01577921397984028
FR010255,0,0.014240775257349014
FR010786,0,0.023729193955659866
FR004416,0,0.025082405656576157
FR016609,0,0.005938109941780567
FR002454,0,0.016068309545516968
FR008135,0,0.009641831740736961
FR009826,0,0.0031893891282379627
FR011808,0,0.0061189960688352585
FR006126,0,0.015699096024036407
FR004589,0,0.03483222424983978
FR010807,0,0.018950602039694786
FR010037,0,0.009637424722313881
FR000757,0,0.009830514900386333
FR010879,0,0.014412466436624527
FR008578,0,0.013128324411809444
FR005567,0,0.06125641241669655
FR015584,0,0.003497858066111803
FR015778,0,0.014978015795350075
FR010589,0,0.016336211934685707
FR010367,0,0.007343285251408815
FR010023,0,0.00696720601990819
FR011585,0,0.013488659635186195
FR018491,0,0.011216053739190102
FR017302,0,0.004999944940209389
FR003040,0,0.010623647831380367
FR000512,0,0.00788892712444067
FR016879,0,0.011066699400544167
FR019368,0,0.006473752669990063
FR000693,0,0.010694186203181744
FR018244,0,0.004457974806427956
FR019619,0,0.006601578090339899
FR016488,0,0.009750339202582836
FR000476,0,0.012506583705544472
FR010991,0,0.007025480270385742
FR001926,0,0.004345275461673737
FR018158,0,0.006842827890068293
FR005145,0,0.008127041161060333
FR002427,0,0.003931224346160889
FR016063,0,0.006982024759054184
FR012078,0,0.009003203362226486
FR009432,0,0.006567241623997688
FR017023,0,0.032778505235910416
FR015538,0,0.019480369985103607
FR000862,0,0.011751111596822739
FR012797,0,0.03278031945228577
FR017276,0,0.009668349288403988
FR004866,0,0.00414630863815546
FR005715,0,0.0062373122200369835
FR013912,0,0.0041692606173455715
FR002174,0,0.023369748145341873
FR015279,0,0.006600818131119013
FR010235,0,0.06827561557292938
FR002012,0,0.03684370964765549
FR001500,0,0.00913248211145401
FR005088,0,0.013205226510763168
FR011188,0,0.003276179078966379
FR009659,0,0.014452680945396423
FR015892,0,0.007039982359856367
FR018291,0,0.002598083345219493
FR018208,0,0.006573786959052086
FR007339,0,0.0039990185759961605
FR000828,0,0.008399121463298798
FR000067,0,0.01956808567047119
FR017647,0,0.010259137488901615
FR003861,0,0.006321821827441454
FR007457,0,0.010277241468429565
FR019906,0,0.03435191139578819
FR001737,0,0.004653155338019133
FR007494,0,0.007793787866830826
FR008877,0,0.00342372409068048
FR010691,0,0.0027067980263382196
FR018559,0,0.01619379036128521
FR003665,0,0.014213323593139648
FR013375,0,0.004599615000188351
FR007237,0,0.0035084146074950695
FR005338,0,0.004829437471926212
FR002940,0,0.007052980829030275
FR014080,0,0.014370201155543327
FR016213,0,0.00834505446255207
FR013774,0,0.04638329893350601
FR004543,0,0.007399489637464285
FR000523,0,0.0028052988927811384
FR005845,0,0.003671326208859682
FR010472,0,0.004724078346043825
FR017045,0,0.0055662416853010654
FR009188,0,0.0026333604473620653
FR009666,0,0.007639856077730656
FR007306,0,0.007264748215675354
FR012406,0,0.008279256522655487
FR011389,0,0.007894352078437805
FR017377,0,0.04124848544597626
FR001842,0,0.03385859355330467
FR007337,0,0.007053822744637728
FR005102,0,0.014440697617828846
FR013256,0,0.004702530801296234
FR019033,0,0.00958564318716526
FR008794,0,0.012172779999673367
FR010374,0,0.007391621358692646
FR016649,0,0.016034044325351715
FR017214,0,0.004397638142108917
FR013999,0,0.01661062426865101
FR011732,0,0.004699868615716696
FR003086,0,0.010568519122898579
FR005980,0,0.004914734046906233
FR009446,0,0.015185796655714512
FR007247,0,0.013853267766535282
FR016335,0,0.0071979062631726265
FR018551,0,0.008259875699877739
FR004458,0,0.0029202005825936794
FR009047,0,0.006057329475879669
FR019104,0,0.004691293463110924
FR007079,0,0.005928848870098591
FR008636,0,0.010747049003839493
FR011675,0,0.017161540687084198
FR008838,0,0.009051384404301643
FR009919,0,0.012194989249110222
FR012464,0,0.02911296859383583
FR003696,0,0.009747378528118134
FR013098,0,0.013192140497267246
FR004347,0,0.003566756611689925
FR012560,0,0.0066355750896036625
FR018789,0,0.005987817887216806
FR018233,0,0.006116638425737619
FR018682,0,0.02076612412929535
FR002028,0,0.006974256597459316
FR017456,0,0.007952817715704441
FR006528,0,0.0055910199880599976
FR002533,0,0.03456326574087143
FR001293,0,0.004980284254997969
FR012662,0,0.006295200437307358
FR014786,1,0.020439328625798225
FR004751,0,0.006021460983902216
FR018765,0,0.00990874320268631
FR003206,0,0.011605651117861271
FR007972,0,0.003017628099769354
FR003880,0,0.007155888248234987
FR014618,0,0.004111186601221561
FR007574,0,0.0062645189464092255
FR010509,0,0.022902967408299446
FR015292,0,0.008804881013929844
FR008127,0,0.0226263627409935
FR010672,0,0.008174781687557697
FR016528,0,0.004606866743415594
FR008367,0,0.002273780759423971
FR005161,0,0.005363789852708578
FR017949,0,0.003135358914732933
FR018141,0,0.003773708362132311
FR010612,0,0.038301046937704086
FR002667,0,0.011613540351390839
FR003215,0,0.0062318523414433
FR002431,0,0.009755073115229607
FR002441,0,0.01130129024386406
FR003814,0,0.005692267324775457
FR005098,1,0.049139734357595444
FR005439,0,0.011229031719267368
FR010116,0,0.06583720445632935
FR016845,0,0.021223803982138634
FR004928,0,0.012212284840643406
FR004565,0,0.003903860691934824
FR017852,0,0.005427869968116283
FR004834,0,0.010992467403411865
FR002414,0,0.013220015913248062
FR001742,0,0.008951401337981224
FR019118,0,0.008173327893018723
FR005791,0,0.013173220679163933
FR016204,0,0.02720058709383011
FR001358,0,0.003172491444274783
FR012419,0,0.054472483694553375
FR000738,0,0.011731579899787903
FR014134,0,0.03159148991107941
FR000208,0,0.00787653960287571
FR016499,0,0.0042143892496824265
FR016669,0,0.0038228309713304043
FR014207,0,0.003413781290873885
FR018846,0,0.013177027925848961
FR005303,1,0.491849422454834
FR012414,0,0.012399143539369106
FR007397,0,0.0496264286339283
FR018952,0,0.006987657397985458
FR011034,0,0.01024514902383089
FR001130,0,0.02179468795657158
FR019778,0,0.01681610755622387
FR016266,0,0.02058129757642746
FR019749,0,0.0065490142442286015
FR002643,0,0.011643541045486927
FR012736,0,0.008570327423512936
FR016382,0,0.007002823520451784
FR000359,0,0.00339899561367929
FR012999,0,0.021361270919442177
FR013318,0,0.006315343081951141
FR002749,0,0.026115955784916878
FR019582,0,0.009347797371447086
FR009216,0,0.06397143006324768
FR004977,0,0.007263599429279566
FR005493,0,0.00996358785778284
FR008422,0,0.02055901475250721
FR010477,0,0.009303387254476547
FR017472,0,0.013359220698475838
FR010303,0,0.004206535872071981
FR013438,0,0.025480227544903755
FR007438,0,0.004488825798034668
FR018796,0,0.007351276930421591
FR010232,0,0.005189754534512758
FR003298,0,0.004277993459254503
FR015080,0,0.06847639381885529
FR003548,0,0.006832307670265436
FR017242,0,0.015450244769454002
FR007424,0,0.0073555028066039085
FR001114,0,0.005719099659472704
FR007544,0,0.008118605241179466
FR004927,0,0.005709595512598753
FR011372,0,0.003676945110782981
FR004378,0,0.036650657653808594
FR015937,0,0.013085069134831429
FR007789,0,0.008508237078785896
FR019494,0,0.00911193247884512
FR019883,0,0.00322219030931592
FR000225,0,0.005434391554445028
FR017388,0,0.006368408445268869
FR002395,0,0.005940274801105261
FR009665,0,0.009165382944047451
FR005435,1,0.08656644076108932
FR006303,0,0.013520041480660439
FR007486,0,0.013612765818834305
FR015470,0,0.006373516283929348
FR009772,0,0.03131793439388275
FR000235,0,0.013200914487242699
FR000350,0,0.008148275315761566
FR012823,0,0.010882990434765816
FR000289,0,0.005406376905739307
FR013740,0,0.004302152898162603
FR005962,0,0.004158186260610819
FR005820,0,0.00834172498434782
FR019882,0,0.0057381875813007355
FR011578,0,0.009228498674929142
FR016350,0,0.06608673185110092
FR011558,0,0.005447166506201029
FR000378,0,0.04174751043319702
FR005498,0,0.004606954287737608
FR008361,0,0.005537099204957485
FR011552,0,0.009720697067677975
FR000159,0,0.01858191005885601
FR009678,0,0.004720021970570087
FR005741,0,0.00329350377433002
FR002412,0,0.005371416918933392
FR008713,0,0.007125169038772583
FR017058,0,0.004835780709981918
FR015091,0,0.0028630676679313183
FR019007,0,0.014239992946386337
FR005851,0,0.011154438368976116
FR012379,0,0.00681160157546401
FR002449,0,0.007344519719481468
FR019060,0,0.01006069965660572
FR004877,0,0.007951430045068264
FR009396,0,0.005492917727679014
FR017667,0,0.0048148659989237785
FR015050,0,0.006599105428904295
FR013044,0,0.06462467461824417
FR003917,0,0.006138097960501909
FR017726,0,0.009861866943538189
FR014448,0,0.006391436327248812
FR003070,0,0.0059838430024683475
FR017996,0,0.010110081173479557
FR002890,0,0.02550031803548336
FR019662,0,0.016996443271636963
FR010930,0,0.005986373871564865
FR016365,0,0.005545883905142546
FR007699,0,0.02763097733259201
FR001471,0,0.041231703013181686
FR018190,0,0.010195706970989704
FR012704,0,0.015307217836380005
FR009136,0,0.008120640181005001
FR000653,0,0.0064894529059529305
FR007352,0,0.012042880989611149
FR011683,0,0.00616680271923542
FR018526,0,0.006656717974692583
FR010816,0,0.0056417775340378284
FR017274,0,0.03882821276783943
FR008109,0,0.006177748087793589
FR013793,0,0.0023543168790638447
FR017121,0,0.023422181606292725
FR019041,0,0.0067326826974749565
FR003005,0,0.004947905894368887
FR010606,0,0.00346282753162086
FR013294,0,0.030566487461328506
FR012535,0,0.008054395206272602
FR018126,0,0.012082364410161972
FR001006,0,0.004294254817068577
FR011769,0,0.006876680999994278
FR018591,0,0.007424130570143461
FR016570,0,0.009430991485714912
FR002072,0,0.0071077533066272736
FR012837,0,0.0055147684179246426
FR009723,0,0.007251276634633541
FR016168,0,0.006919325795024633
FR018439,0,0.00805686041712761
FR004737,0,0.0041147819720208645
FR013587,0,0.020751720294356346
FR015207,0,0.002773627173155546
FR006226,0,0.01343135628849268
FR007642,0,0.005900159478187561
FR018229,0,0.008967036381363869
FR017805,0,0.002832854399457574
FR013418,0,0.016020365059375763
FR003364,0,0.010258653201162815
FR013052,0,0.004680056590586901
FR014760,0,0.009832566604018211
FR007491,0,0.006473670247942209
FR012752,0,0.014327370561659336
FR017636,0,0.019443538039922714
FR015883,0,0.006675083655864
FR001154,0,0.004094613250344992
FR019304,0,0.009159243665635586
FR003825,0,0.0068962606601417065
FR014382,0,0.007130804471671581
FR004419,0,0.004636825527995825
FR010323,0,0.009935349225997925
FR003840,0,0.00888732634484768
FR011064,0,0.007514015305787325
FR016534,0,0.01661386340856552
FR005989,0,0.06052541732788086
FR015528,0,0.008944656699895859
FR017181,0,0.014409635215997696
FR017389,0,0.009087866172194481
FR004017,0,0.010713610798120499
FR008427,0,0.0036551288794726133
FR018567,0,0.005147665739059448
FR019562,0,0.006498620845377445
FR008551,0,0.029386157169938087
FR005577,0,0.003914208151400089
FR012298,0,0.004558521322906017
FR013618,0,0.029252342879772186
FR015481,0,0.026844119653105736
FR005137,0,0.006291577126830816
FR017707,0,0.009992496110498905
FR003374,0,0.006010218057781458
FR017293,0,0.0067895748652517796
FR014581,0,0.002640237333253026
FR013093,0,0.008759533055126667
FR002272,0,0.012960366904735565
FR012162,0,0.00620678998529911
FR013823,0,0.003941554110497236
FR001809,0,0.008303982205688953
FR009799,0,0.00488780764862895
FR006984,0,0.008944816887378693
FR008591,0,0.008368676528334618
FR004495,0,0.0973983034491539
FR019924,0,0.005653875879943371
FR010679,0,0.09228897094726562
FR014822,0,0.023050054907798767
FR010995,0,0.041493915021419525
FR017783,0,0.01192053034901619
FR005751,0,0.003372554900124669
FR001799,0,0.02846902422606945
FR007215,0,0.00816585123538971
FR017741,0,0.012876985594630241
FR009653,0,0.01925523392856121
FR010934,0,0.0036837798543274403
FR014489,0,0.003036125795915723
FR001632,0,0.018146781250834465
FR007305,0,0.003831919515505433
FR010792,0,0.18145990371704102
FR005358,0,0.009416107088327408
FR004849,0,0.01233848836272955
FR019730,0,0.006501318421214819
FR004451,0,0.004887694492936134
FR015881,0,0.00900136586278677
FR009106,0,0.011960191652178764
FR013083,0,0.012662260793149471
FR003332,0,0.007755632046610117
FR003668,0,0.014642388559877872
FR000193,0,0.04399215802550316
FR017569,0,0.004896812606602907
FR009911,0,0.011617477051913738
FR003845,0,0.00593983568251133
FR006201,0,0.0040709939785301685
FR008663,0,0.006504990626126528
FR001905,0,0.005476817023009062
FR005471,1,0.0038494039326906204
FR000349,0,0.0036125017795711756
FR015592,0,0.02625252678990364
FR019313,0,0.009071345441043377
FR012783,0,0.008532733656466007
FR009347,0,0.03404386714100838
FR009315,0,0.0059990473091602325
FR004379,0,0.01598353683948517
FR010563,0,0.00789797492325306
FR007191,0,0.023539606481790543
FR013890,0,0.0037634267937391996
FR000280,0,0.005903799552470446
FR010418,0,0.021512998268008232
FR016557,0,0.003643616335466504
FR001475,0,0.0066378917545080185
FR002984,0,0.020248686894774437
FR003469,0,0.003973768092691898
FR006223,0,0.004633305594325066
FR016882,1,0.011581291444599628
FR013590,0,0.008016057312488556
FR007732,0,0.0037818069104105234
FR004031,0,0.009634521789848804
FR004365,0,0.007586257066577673
FR000702,0,0.007032142952084541
FR015287,0,0.003895582864060998
FR004406,0,0.005406320560723543
FR002409,0,0.005723969079554081
FR011383,0,0.003398221917450428
FR003503,1,0.046876560896635056
FR007769,0,0.01117190346121788
FR006965,0,0.018533194437623024
FR007592,0,0.011715585365891457
FR002098,0,0.0069987596943974495
FR012382,0,0.00339600071310997
FR010884,0,0.013781469315290451
FR004009,0,0.027397414669394493
FR006051,0,0.009212903678417206
FR013259,0,0.012132936157286167
FR004745,0,0.008440904319286346
FR018961,0,0.004846145398914814
FR008960,0,0.005670932587236166
FR005613,0,0.03172629699110985
FR011215,0,0.005902716424316168
FR002818,0,0.02547057531774044
FR014204,0,0.012728933244943619
FR009907,0,0.0036125979386270046
FR018862,0,0.042621858417987823
FR002655,0,0.06572731584310532
FR018267,0,0.014750093221664429
FR008830,0,0.014935743995010853
FR001857,0,0.006854737643152475
FR002020,0,0.009777378290891647
FR001602,0,0.014313249848783016
FR008835,0,0.0034804046154022217
FR006360,0,0.007782737724483013
FR006655,0,0.0038046857807785273
FR000617,0,0.00490559171885252
FR001469,0,0.018718427047133446
FR006241,0,0.0054653543047606945
FR000210,0,0.005350942723453045
FR011856,0,0.008302132599055767
FR013687,0,0.01747933030128479
FR007775,0,0.02073569968342781
FR004617,0,0.003757362486794591
FR006898,0,0.00646049901843071
FR017781,0,0.010499252006411552
FR015344,0,0.007451556622982025
FR013233,0,0.00794935692101717
FR000803,0,0.006351997144520283
FR007398,0,0.008518275804817677
FR016108,0,0.004585592076182365
FR012811,0,0.006868885830044746
FR013323,0,0.006784910336136818
FR005876,0,0.005987826269119978
FR012580,0,0.006510355044156313
FR015193,0,0.010568269528448582
FR018980,0,0.0059817275032401085
FR018798,0,0.0203239768743515
FR002352,0,0.03612097352743149
FR000704,0,0.010088281705975533
FR018889,0,0.010622240602970123
FR002446,0,0.004047668073326349
FR015476,0,0.01838618889451027
FR018700,0,0.005014227237552404
FR005175,0,0.010296350345015526
FR017129,0,0.0228889137506485
FR004937,0,0.011087227612733841
FR019405,1,0.03816331550478935
FR009649,0,0.006864990573376417
FR004193,0,0.009698290377855301
FR004019,0,0.017224930226802826
FR001830,0,0.0059789917431771755
FR018163,0,0.002641016151756048
FR011796,0,0.007401608861982822
FR002208,0,0.014296239241957664
FR015260,1,0.06354359537363052
FR003235,0,0.007622469216585159
FR018373,0,0.03167538344860077
FR001340,0,0.05331067740917206
FR010915,0,0.03860505670309067
FR018262,0,0.015058745630085468
FR012819,0,0.007933218963444233
FR004431,0,0.003974846098572016
FR012134,0,0.017730817198753357
FR013357,0,0.12564371526241302
FR010963,0,0.0068155317567288876
FR014194,0,0.0077982330694794655
FR004500,0,0.009496140293776989
FR008294,0,0.005262706428766251
FR014281,0,0.0026929446030408144
FR009498,0,0.019623834639787674
FR005612,0,0.060631487518548965
FR000307,0,0.009262853302061558
FR003431,0,0.010936543345451355
FR015388,0,0.011224734596908092
FR011076,0,0.014125408604741096
FR012296,0,0.005960825830698013
FR010034,0,0.006804169621318579
FR002134,0,0.009289299137890339
FR009594,0,0.011627632193267345
FR006135,0,0.010706775821745396
FR007685,0,0.004941484425216913
FR012518,0,0.004885941278189421
FR016838,0,0.004894101992249489
FR002746,0,0.009979122318327427
FR015379,0,0.012637224048376083
FR016076,0,0.02232920564711094
FR001998,0,0.05179045721888542
FR002788,0,0.007607831619679928
FR002995,0,0.009366790764033794
FR006474,0,0.0060899206437170506
FR010297,0,0.040934495627880096
FR008766,0,0.01534776296466589
FR002767,0,0.004222158808261156
FR019546,0,0.011179685592651367
FR011890,0,0.007347902283072472
FR008939,0,0.0064075058326125145
FR005945,0,0.02976374514400959
FR003855,0,0.00661624176427722
FR011080,0,0.02808956615626812
FR012964,0,0.013336844742298126
FR001654,0,0.004148163832724094
FR014643,1,0.008208295330405235
FR002219,0,0.008900423534214497
FR014571,0,0.005272683687508106
FR010953,0,0.006268690340220928
FR005216,0,0.009672577492892742
FR004654,0,0.008815953508019447
FR019961,0,0.008948063477873802
FR014667,0,0.004509728401899338
FR005552,0,0.03939225524663925
FR019557,0,0.006127852946519852
FR007713,0,0.01183674018830061
FR017115,0,0.004541713744401932
FR015742,0,0.011711765080690384
FR019360,0,0.0081589724868536
FR002306,0,0.016908247023820877
FR017801,0,0.0369231142103672
FR005848,0,0.004270411562174559
FR003954,0,0.00432191276922822
FR008292,0,0.015089818276464939
FR006354,0,0.03238629549741745
FR018600,0,0.01956307701766491
FR015665,0,0.004306421615183353
FR012424,0,0.011228509247303009
FR014795,0,0.010986807756125927
FR005695,0,0.009459173306822777
FR002552,0,0.008344569243490696
FR017338,0,0.0038370867259800434
FR016727,0,0.0070677162148058414
FR013887,0,0.024975134059786797
FR000842,0,0.007337486371397972
FR008625,0,0.007376973517239094
FR008540,0,0.03597936034202576
FR012831,0,0.005468826275318861
FR005386,0,0.008228346705436707
FR008642,0,0.007281870115548372
FR019759,0,0.010149751789867878
FR013523,1,0.029465381056070328
FR010345,0,0.0246223546564579
FR004685,0,0.009759897366166115
FR007943,0,0.004364382941275835
FR005063,0,0.005522200372070074
FR006621,0,0.006478975061327219
FR011491,0,0.0025262918788939714
FR001272,0,0.01580936647951603
FR004934,0,0.02594546042382717
FR008497,0,0.03454487770795822
FR018284,0,0.004454620182514191
FR017195,0,0.24788597226142883
FR003918,0,0.009545328095555305
FR015471,0,0.011600007303059101
FR006668,0,0.0035492561291903257
FR013377,0,0.009561494924128056
FR019443,0,0.016587646678090096
FR003076,0,0.007245248183608055
FR011407,0,0.0051529258489608765
FR017164,0,0.009637147188186646
FR015044,0,0.011628761887550354
FR006503,0,0.01595018245279789
FR019670,0,0.008786497637629509
FR008499,0,0.005600351374596357
FR000822,0,0.032227084040641785
FR012295,0,0.03846878558397293
FR005301,0,0.022793106734752655
FR018077,0,0.0072222016751766205
FR019389,0,0.013840517960488796
FR014232,0,0.013964919373393059
FR018380,0,0.0034688008017838
FR011100,0,0.007053013890981674
FR008132,1,0.6170511245727539
FR018210,0,0.009411375969648361
FR018179,0,0.029350915923714638
FR017748,0,0.007168328855186701
FR007515,0,0.0460091158747673
FR016956,0,0.010890815407037735
FR018810,0,0.018828649073839188
FR013817,0,0.005517279263585806
FR010859,0,0.005565793253481388
FR015895,0,0.007879788987338543
FR012665,1,0.07500750571489334
FR014506,0,0.006175230722874403
FR011934,0,0.013027931563556194
FR019676,0,0.022359110414981842
FR004190,0,0.008788574486970901
FR005960,0,0.00399218313395977
FR003196,0,0.0047685736790299416
FR010439,0,0.0061964066699147224
FR003578,0,0.005717589519917965
FR015404,0,0.01670077256858349
FR012195,0,0.012230216525495052
FR000939,0,0.03162307292222977
FR003751,0,0.02645924501121044
FR018370,0,0.017267528921365738
FR010526,0,0.008745401166379452
FR012484,0,0.009573952294886112
FR005324,0,0.006724240258336067
FR001321,0,0.0035751552786678076
FR016156,0,0.005272921174764633
FR006739,0,0.017552059143781662
FR000783,0,0.005680418107658625
FR001229,0,0.0029464636463671923
FR012081,0,0.007227609399706125
FR003572,0,0.0054238117299973965
FR014847,0,0.00698855658993125
FR012356,0,0.006769167724996805
FR001616,0,0.0053004114888608456
FR000095,0,0.020058246329426765
FR004437,0,0.005540619138628244
FR005251,0,0.008045264519751072
FR011096,0,0.0539722703397274
FR016430,0,0.021689604967832565
FR017653,0,0.010414764285087585
FR001399,0,0.00868455320596695
FR003629,0,0.00751135591417551
FR003483,0,0.009467053227126598
FR006930,0,0.012652839533984661
FR015178,0,0.007166329771280289
FR016731,0,0.025273799896240234
FR004410,0,0.005886482074856758
FR006334,0,0.011045548133552074
FR007224,0,0.013294694945216179
FR011779,0,0.004780827555805445
FR004587,0,0.010582509450614452
FR019953,0,0.036122530698776245
FR016627,0,0.0032134847715497017
FR015149,0,0.016469009220600128
FR015541,0,0.015043582767248154
FR007176,0,0.005851333495229483
FR018972,0,0.012757547199726105
FR014594,0,0.009026812389492989
FR002059,0,0.011862076818943024
FR003609,0,0.018893016502261162
FR001363,0,0.0032478708308190107
FR001513,0,0.03204486146569252
FR002353,0,0.016151349991559982
FR006780,0,0.04575974866747856
FR007474,0,0.003961564507335424
FR019827,0,0.009460424073040485
FR006936,0,0.008867843076586723
FR005698,0,0.059925176203250885
FR009036,0,0.005667636636644602
FR011185,0,0.0027738686185330153
FR017105,1,0.011409413069486618
FR010658,0,0.019087865948677063
FR015273,0,0.01414395309984684
FR013830,0,0.008082497864961624
FR014269,0,0.00826333649456501
FR001768,0,0.01641019620001316
FR009685,0,0.008505434729158878
FR004632,0,0.005995187442749739
FR001404,0,0.009388110600411892
FR000035,0,0.0579141303896904
FR010004,0,0.010157022625207901
FR012331,0,0.020870570093393326
FR017053,0,0.040324509143829346
FR015865,0,0.00809172447770834
FR012799,0,0.008484818041324615
FR014431,0,0.024691108614206314
FR018206,0,0.003952883183956146
FR001704,0,0.015784315764904022
FR007502,0,0.012097707018256187
FR004871,0,0.0061403121799230576
FR013976,0,0.0062600793316960335
FR011613,0,0.01681922934949398
FR005074,0,0.005676691886037588
FR000450,0,0.005361711606383324
FR014306,0,0.006046962924301624
FR004093,0,0.006812578998506069
FR019701,0,0.008590085431933403
FR002512,0,0.003498035715892911
FR013661,0,0.004480874165892601
FR009022,0,0.005655522458255291
FR011062,0,0.009646954946219921
FR013601,0,0.0039016527589410543
FR001164,0,0.02252841368317604
FR002692,0,0.028740623965859413
FR009450,0,0.007999625988304615
FR016249,0,0.0066224876791238785
FR019241,0,0.004658719524741173
FR017247,0,0.006039645057171583
FR002856,0,0.00633087707683444
FR007674,0,0.023044390603899956
FR015171,0,0.004582428373396397
FR018758,0,0.007880239747464657
FR012267,0,0.009879478253424168
FR010292,0,0.012453646399080753
FR003113,0,0.0060248724184930325
FR004792,0,0.06042492762207985
FR016760,0,0.019492972642183304
FR014400,0,0.03476320579648018
FR017443,0,0.006073931232094765
FR005448,0,0.00456984993070364
FR012141,0,0.01916695199906826
FR012714,0,0.006607040297240019
FR007668,0,0.00873465184122324
FR000654,0,0.017602097243070602
FR007926,0,0.010118669830262661
FR006471,0,0.0046676406636834145
FR016552,0,0.005423665512353182
FR003552,0,0.010089529678225517
FR018948,0,0.01179918460547924
FR000196,0,0.004489853046834469
FR007658,0,0.005037234164774418
FR016132,0,0.00500782486051321
FR004818,0,0.014074036851525307
FR005857,0,0.003033906687051058
FR014234,0,0.019427595660090446
FR002168,0,0.004363519139587879
FR010697,0,0.02498927153646946
FR000200,0,0.008651867508888245
FR002976,1,0.018674924969673157
FR003727,0,0.011051430366933346
FR007084,0,0.005302028264850378
FR008444,0,0.03195539489388466
FR003304,0,0.011645692400634289
FR018372,0,0.006463725585490465
FR006018,0,0.003353328909724951
FR012335,0,0.0031364813912659883
FR006283,0,0.09957773238420486
FR002326,0,0.008430554531514645
FR004558,0,0.006259640213102102
FR016450,0,0.04103757441043854
FR008816,0,0.00614594854414463
FR016716,0,0.007291524205356836
FR007950,0,0.014524825848639011
FR011498,0,0.004348383285105228
FR009770,0,0.003921228926628828
FR006168,0,0.013076205737888813
FR016467,0,0.023806748911738396
FR014637,0,0.006707741413265467
FR010980,0,0.00768806179985404
FR014917,0,0.018804850056767464
FR015360,0,0.025314699858427048
FR004616,0,0.020522285252809525
FR006100,0,0.0053000617772340775
FR012391,0,0.04709726944565773
FR000192,0,0.021377526223659515
FR011937,0,0.005963343661278486
FR007014,0,0.015274074859917164
FR008380,0,0.02085009776055813
FR007518,0,0.0068452428095042706
FR006996,0,0.006839500740170479
FR007739,0,0.028871089220046997
FR002775,0,0.0044848197139799595
FR008655,0,0.005264089442789555
FR013696,0,0.011620127595961094
FR009552,0,0.006439634133130312
FR009537,0,0.00850690994411707
FR009239,0,0.01530225109308958
FR008963,0,0.09532465040683746
FR013986,0,0.03812806308269501
FR014151,0,0.017880212515592575
FR009247,0,0.006972790230065584
FR011981,0,0.0377962701022625
FR005243,0,0.009920823387801647
FR019663,0,0.015905510634183884
FR008445,0,0.00871918722987175
FR013758,0,0.005700358655303717
FR015352,0,0.004778150934726
FR016736,0,0.006520756985992193
FR019254,0,0.009157223626971245
FR009377,0,0.012594285421073437
FR017590,0,0.009501981548964977
FR015611,0,0.006540519651025534
FR016789,0,0.00495609175413847
FR002966,0,0.005077304784208536
FR009970,0,0.3697027862071991
FR017167,0,0.0031828710343688726
FR003988,0,0.010872759856283665
FR006458,0,0.0030296032782644033
FR015061,0,0.006845641415566206
FR011330,0,0.00493987649679184
FR008252,0,0.008817207999527454
FR012839,0,0.005151327699422836
FR013100,0,0.035269636660814285
FR002082,0,0.0059250169433653355
FR005826,0,0.007443157024681568
FR018096,0,0.006080602295696735
FR018647,0,0.005435064435005188
FR013794,0,0.013145399279892445
FR000454,0,0.010042271576821804
FR015069,0,0.007984349504113197
FR007172,0,0.006770812440663576
FR014122,0,0.004133326467126608
FR018478,0,0.004068875685334206
FR018899,0,0.00778039637953043
FR011151,0,0.008069812320172787
FR007558,0,0.0025762903969734907
FR003774,0,0.01710905320942402
FR012981,0,0.0037953516002744436
FR015930,0,0.010797185823321342
FR005861,0,0.007951267994940281
FR018167,0,0.05831708014011383
FR019115,0,0.006627107039093971
FR008558,0,0.012463120743632317
FR000583,0,0.006799669004976749
FR007366,0,0.006455790251493454
FR000961,0,0.005865421611815691
FR009786,0,0.007184898015111685
FR007308,0,0.004334665834903717
FR015330,0,0.005823437124490738
FR009249,0,0.009205920621752739
FR018461,0,0.020383188501000404
FR018326,0,0.008587239310145378
FR004158,0,0.006261153612285852
FR014268,0,0.0196678526699543
FR003624,0,0.009985936805605888
FR018622,0,0.011023188941180706
FR008935,0,0.004742749966681004
FR009662,0,0.009545134380459785
FR007447,0,0.01895018108189106
FR011055,0,0.016883637756109238
FR019530,0,0.006699695717543364
FR009321,0,0.009781054221093655
FR013462,0,0.008960009552538395
FR019470,0,0.005665511824190617
FR000114,0,0.0061014387756586075
FR009437,0,0.00962027721107006
FR006831,0,0.011337236501276493
FR008875,0,0.01064832042902708
FR004679,0,0.00408294377848506
FR012608,0,0.007771085016429424
FR002387,0,0.006032066885381937
FR012159,0,0.038415536284446716
FR015660,0,0.02371279150247574
FR015459,0,0.014063415117561817
FR007167,0,0.006814479362219572
FR013750,0,0.010790317319333553
FR019406,0,0.01260349154472351
FR015774,0,0.008270999416708946
FR006373,0,0.0063615418039262295
FR010788,0,0.008393604308366776
FR004376,0,0.008584828115999699
FR005163,0,0.0042460947297513485
FR006291,0,0.0070534078404307365
FR002652,0,0.006425995845347643
FR000888,0,0.003869560081511736
FR009264,0,0.0034495608415454626
FR006320,0,0.006580803077667952
FR006234,0,0.006699816323816776
FR019613,0,0.005604235455393791
FR014100,0,0.05760696902871132
FR016239,0,0.07348654419183731
FR007689,0,0.012541554868221283
FR004320,0,0.015937816351652145
FR011004,0,0.004502819385379553
FR011886,0,0.013745325617492199
FR005628,0,0.003934674430638552
FR004414,0,0.008614481426775455
FR008581,0,0.004061487503349781
FR001381,0,0.024195093661546707
FR001534,0,0.0064222789369523525
FR012722,0,0.00984474178403616
FR011328,0,0.009160221554338932
FR016098,0,0.003176352707669139
FR008760,1,0.014173672534525394
FR010302,0,0.012605366297066212
FR011771,0,0.005835505668073893
FR005447,0,0.005705452524125576
FR012570,1,0.005126717034727335
FR013732,0,0.009838915430009365
FR011480,0,0.04646793752908707
FR012004,0,0.014259014278650284
FR017048,0,0.006405593827366829
FR009183,0,0.018263226374983788
FR001023,0,0.005187391769140959
FR007151,0,0.005865913815796375
FR013637,0,0.007665381766855717
FR014189,0,0.00355479191057384
FR006192,0,0.030576784163713455
FR000427,0,0.007848337292671204
FR001060,0,0.00805957056581974
FR012929,0,0.005398836452513933
FR009752,0,0.009079805575311184
FR003556,0,0.007583641447126865
FR011790,0,0.011727184988558292
FR012206,0,0.022086679935455322
FR001950,0,0.017966799437999725
FR000907,0,0.006043447647243738
FR006819,0,0.006047955248504877
FR016863,0,0.011025075800716877
FR013146,0,0.00556543143466115
FR012950,0,0.00691051734611392
FR005038,0,0.007754620164632797
FR002021,0,0.00468840217217803
FR013940,0,0.0076839858666062355
FR012357,0,0.00469309464097023
FR008907,0,0.017243538051843643
FR001007,0,0.07751011848449707
FR014387,0,0.011665203608572483
FR018613,0,0.007211873773485422
FR004001,0,0.01626466028392315
FR006928,0,0.006111373659223318
FR003908,0,0.0049505033530294895
FR005813,0,0.02381560392677784
FR008281,0,0.010341105982661247
FR009083,0,0.007582094520330429
FR019004,0,0.011026193387806416
FR003111,0,0.007135248277336359
FR002503,0,0.023705968633294106
FR012541,0,0.016738824546337128
FR015576,0,0.02701093629002571
FR016755,0,0.0807691141963005
FR018565,0,0.008347398601472378
FR019813,0,0.024159444496035576
FR012829,0,0.025090832263231277
FR015550,0,0.011006888933479786
FR005325,0,0.00736665865406394
FR000781,0,0.00762705085799098
FR005522,0,0.005596162751317024
FR018111,0,0.008386736735701561
FR017709,0,0.029330721125006676
FR006949,0,0.008251856081187725
FR014071,0,0.013653597794473171
FR016664,0,0.21341635286808014
FR007431,0,0.0060952999629080296
FR017246,0,0.006110516842454672
FR009802,0,0.043656136840581894
FR019168,0,0.0030105537734925747
FR008585,0,0.006307457108050585
FR019353,0,0.021393300965428352
FR001904,0,0.01573527790606022
FR007621,0,0.007080111652612686
FR007277,0,0.010352721437811852
FR012726,0,0.007279137149453163
FR014176,0,0.00536262197420001
FR001619,0,0.017855577170848846
FR009045,0,0.01507432758808136
FR009812,0,0.008575745858252048
FR004284,0,0.010946549475193024
FR015144,0,0.004402555525302887
FR000212,0,0.0047175027430057526
FR018578,0,0.012753033079206944
FR002127,0,0.00538833299651742
FR000272,0,0.009073874913156033
FR017371,0,0.0038472849410027266
FR015953,0,0.007567139808088541
FR012644,0,0.012035134248435497
FR009995,0,0.022879652678966522
FR011755,0,0.007570975460112095
FR008386,0,0.004955984186381102
FR018136,0,0.008077197708189487
FR006441,0,0.004683113656938076
FR003007,0,0.01935534179210663
FR004672,0,0.014657096937298775
FR014919,0,0.02978527918457985
FR009570,0,0.007859431207180023
FR008635,0,0.011168131604790688
FR001110,1,0.012536169961094856
FR013448,0,0.008255919441580772
FR011884,0,0.004216224420815706
FR000728,0,0.012659299187362194
FR004068,0,0.012664109468460083
FR006698,0,0.008300150744616985
FR018133,0,0.005957794841378927
FR010113,0,0.005101156421005726
FR019990,0,0.0071604931727051735
FR017091,0,0.0034465494100004435
FR019944,0,0.02217535488307476
FR001172,0,0.011572017334401608
FR015441,0,0.005372851155698299
FR019270,0,0.011620784178376198
FR014887,0,0.014026135206222534
FR019735,0,0.025907767936587334
FR001190,0,0.0076638576574623585
FR008046,0,0.003866670187562704
FR017123,0,0.004847313743084669
FR012881,0,0.019243206828832626
FR014507,0,0.004759159870445728
FR003613,1,0.1084962710738182
FR006167,0,0.009774433448910713
FR018062,0,0.0029113003984093666
FR013292,0,0.00995495542883873
FR008092,0,0.007835881784558296
FR001839,0,0.026476146653294563
FR003204,0,0.01101635955274105
FR009551,0,0.005139262415468693
FR016674,0,0.01796547695994377
FR000116,0,0.010605130344629288
FR014272,0,0.008509171195328236
FR008156,0,0.00470108212903142
FR012297,0,0.0026242202147841454
FR014293,0,0.012092607095837593
FR019023,0,0.040473055094480515
FR018296,0,0.03933361917734146
FR013084,0,0.006164953112602234
FR003103,0,0.009209757670760155
FR003669,0,0.010994131676852703
FR006788,0,0.013082390651106834
FR017378,0,0.013065176084637642
FR011647,0,0.006928378250449896
FR010698,0,0.02060496062040329
FR000009,0,0.005037815310060978
FR018263,0,0.00568432779982686
FR008148,0,0.004791270475834608
FR015502,0,0.005940089002251625
FR013946,0,0.007351764012128115
FR019176,0,0.0067053590901196
FR009355,0,0.022981567308306694
FR017323,0,0.003748206188902259
FR008990,0,0.007336719427257776
FR009722,0,0.004957493860274553
FR008677,0,0.025545993819832802
FR012423,0,0.01893896609544754
FR015582,0,0.005363146308809519
FR012853,0,0.0059241545386612415
FR009787,0,0.011285264045000076
FR007204,0,0.006926166824996471
FR008454,0,0.010010314173996449
FR006422,0,0.006983386818319559
FR013578,0,0.0831318274140358
FR006221,0,0.031889837235212326
FR004337,0,0.009038826450705528
FR006710,0,0.004175160080194473
FR014024,0,0.006723202299326658
FR008742,0,0.046771761029958725
FR008265,0,0.017455246299505234
FR017095,0,0.00926110241562128
FR001163,0,0.008157108910381794
FR006262,0,0.004638240672647953
FR017178,0,0.006576742976903915
FR001711,0,0.007808733731508255
FR003639,0,0.002986806444823742
FR003426,0,0.00487629184499383
FR008453,0,0.012870386242866516
FR006336,0,0.013437923043966293
FR014453,0,0.0028929023537784815
FR007536,0,0.01874927245080471
FR013481,0,0.007150300312787294
FR019131,0,0.035791702568531036
FR002315,0,0.004348641261458397
FR010684,0,0.004283635411411524
FR002691,0,0.004382850602269173
FR018641,0,0.03737214207649231
FR016917,0,0.013086923398077488
FR013511,0,0.021869590505957603
FR005030,0,0.018369337543845177
FR019016,0,0.013285416178405285
FR006607,0,0.005606581922620535
FR004887,0,0.007146114483475685
FR006926,0,0.0037094075232744217
FR013926,0,0.037522539496421814
FR003429,0,0.026493875309824944
FR014333,0,0.04705174267292023
FR006620,0,0.0037740778643637896
FR010780,0,0.005329330917447805
FR007924,0,0.0047142393887043
FR010832,0,0.02116096206009388
FR003224,0,0.010274889878928661
FR009721,0,0.01687460020184517
FR017094,0,0.008274437859654427
FR010403,0,0.005501992534846067
FR005143,0,0.00802586879581213
FR007700,0,0.009109745733439922
FR009075,0,0.003919331356883049
FR019301,0,0.010655229911208153
FR018404,0,0.009543340653181076
FR011860,0,0.03297344595193863
FR019029,0,0.008136960677802563
FR017784,0,0.004489940125495195
FR009583,0,0.010569301433861256
FR000398,1,0.021974580362439156
FR002505,0,0.009629331529140472
FR010233,0,0.00272179301828146
FR009542,0,0.005644653923809528
FR002951,0,0.0084811607375741
FR014390,0,0.009232358075678349
FR009240,0,0.004964618943631649
FR013539,0,0.003308179322630167
FR014602,0,0.004188148304820061
FR008167,0,0.009600824676454067
FR012846,0,0.0063082375563681126
FR019584,0,0.010684676468372345
FR015433,0,0.022502679377794266
FR008739,0,0.006826928351074457
FR005474,0,0.0870208591222763
FR012094,0,0.006259687710553408
FR001015,0,0.0051982649601995945
FR011224,0,0.018912894651293755
FR015623,0,0.005803681910037994
FR006027,0,0.025947706773877144
FR014620,0,0.013931217603385448
FR019715,0,0.010600603185594082
FR015475,0,0.018807118758559227
FR019536,0,0.009333774447441101
FR017803,0,0.006475173402577639
FR009088,0,0.004629550967365503
FR012248,0,0.006104464177042246
FR001516,0,0.008629712276160717
FR011087,0,0.008047491312026978
FR016564,0,0.006173723842948675
FR019722,0,0.009450986981391907
FR013153,0,0.005939008202403784
FR019842,0,0.00504148518666625
FR000915,0,0.01811087690293789
FR006850,0,0.0051065245643258095
FR007015,0,0.00715468218550086
FR002630,0,0.006955829914659262
FR008099,0,0.006857867818325758
FR006748,0,0.035260144621133804
FR017356,0,0.016297072172164917
FR000023,0,0.022324828431010246
FR001818,0,0.007669386919587851
FR011166,0,0.007101227529346943
FR016733,0,0.016226626932621002
FR014420,0,0.004482073709368706
FR002203,0,0.012483431957662106
FR017567,0,0.007055344991385937
FR015657,0,0.0034539911430329084
FR013219,0,0.003170910058543086
FR018811,0,0.00999191589653492
FR012986,0,0.010928062722086906
FR018480,0,0.01168283075094223
FR007324,0,0.008419165387749672
FR005700,0,0.006739818956702948
FR019508,0,0.009995543397963047
FR007919,0,0.005006660707294941
FR000451,0,0.004646767862141132
FR009282,0,0.007838974706828594
FR004294,0,0.006272769998759031
FR000201,0,0.004864960443228483
FR013874,0,0.004262837115675211
FR016889,0,0.01111204270273447
FR005759,0,0.013697998598217964
FR002603,0,0.004548416938632727
FR014065,0,0.00510819349437952
FR010365,0,0.0042580668814480305
FR002921,0,0.004714141134172678
FR007404,0,0.01512308418750763
FR001997,0,0.026952123269438744
FR003057,0,0.010804424993693829
FR002990,0,0.009360306896269321
FR006958,0,0.006093298085033894
FR006151,0,0.003847436746582389
FR018237,0,0.0052127595990896225
FR002786,0,0.007472305092960596
FR009858,0,0.005358175374567509
FR009438,0,0.0066140517592430115
FR001257,0,0.006643110420554876
FR016596,0,0.029714107513427734
FR016661,0,0.013037493452429771
FR006586,0,0.004600604064762592
FR005023,0,0.005540815647691488
FR015800,0,0.0071206772699952126
FR015635,0,0.008031686767935753
FR011673,0,0.024953370913863182
FR006720,0,0.004070174414664507
FR010155,0,0.006798481103032827
FR004405,1,0.010694559663534164
FR002239,0,0.031899500638246536
FR018324,0,0.005790553521364927
FR006288,0,0.03705485910177231
FR013562,0,0.005777871236205101
FR019956,0,0.2131327986717224
FR005834,0,0.006085526198148727
FR015323,0,0.009696046821773052
FR002706,0,0.01758580282330513
FR004921,0,0.004107332322746515
FR013114,0,0.00447480333968997
FR003875,0,0.010518688708543777
FR005010,0,0.016717851161956787
FR005347,0,0.012388398870825768
FR003342,0,0.015666723251342773
FR018609,0,0.005400544498115778
FR014438,0,0.010192112065851688
FR004011,0,0.009209892712533474
FR007945,0,0.0062139444053173065
FR008322,0,0.00749935070052743
FR009978,0,0.006593278143554926
FR016272,0,0.006558076478540897
FR018315,0,0.014714241027832031
FR010688,0,0.007073544431477785
FR004046,0,0.006413106340914965
FR018204,0,0.05230509862303734
FR001392,0,0.01088942401111126
FR004470,0,0.018971974030137062
FR007461,0,0.006181766279041767
FR009362,1,0.015555794350802898
FR007440,0,0.006722311023622751
FR018469,0,0.007284566294401884
FR009275,0,0.007142792455852032
FR006440,0,0.012318654917180538
FR002942,0,0.004404276143759489
FR016593,0,0.007553057745099068
FR014826,0,0.0037092911079525948
FR011377,0,0.0029246245976537466
FR005589,0,0.004584829788655043
FR012579,0,0.007912781089544296
FR011749,0,0.014611288905143738
FR007250,0,0.005557862110435963
FR008395,0,0.01582300290465355
FR004966,0,0.029209820553660393
FR012373,0,0.002660425379872322
FR005203,0,0.00683085760101676
FR002642,0,0.01351997721940279
FR004331,0,0.01302741002291441
FR012138,0,0.005627921782433987
FR003837,0,0.01613611914217472
FR008387,0,0.008815091103315353
FR018945,0,0.017800863832235336
FR016307,0,0.029680520296096802
FR019365,0,0.004157240502536297
FR009642,0,0.007505908142775297
FR012377,0,0.013516002334654331
FR019024,0,0.013936182484030724
FR003948,0,0.008512035943567753
FR011141,0,0.007444016635417938
FR019381,0,0.012499401345849037
FR001880,0,0.026980087161064148
FR000778,0,0.0038314571138471365
FR001747,0,0.041118234395980835
FR003873,0,0.008480755612254143
FR019899,0,0.010856950655579567
FR002405,0,0.04078326374292374
FR010319,0,0.002614785684272647
FR018903,0,0.00902324728667736
FR012207,0,0.0067542120814323425
FR006153,0,0.011095826514065266
FR017479,0,0.010367564857006073
FR008894,0,0.03322082757949829
FR010285,0,0.012901688925921917
FR012943,0,0.010545950382947922
FR019425,0,0.007682207506150007
FR003836,0,0.007783592212945223
FR004016,0,0.00303700496442616
FR001424,0,0.0047662751749157906
FR001450,0,0.019570395350456238
FR014110,0,0.0038219953421503305
FR004880,0,0.011333185248076916
FR018034,0,0.00935964286327362
FR005283,0,0.10004715621471405
FR011861,0,0.0028204608242958784
FR009963,0,0.03769862279295921
FR019234,0,0.0072684804908931255
FR016642,0,0.005338870920240879
FR000302,0,0.011426431126892567
FR013092,0,0.00476008839905262
FR018650,0,0.006976194679737091
FR004053,0,0.004987269639968872
FR010917,0,0.004432708956301212
FR001211,0,0.00454164482653141
FR014348,0,0.007290585432201624
FR006629,0,0.00900530070066452
FR011313,0,0.004657671321183443
FR011259,0,0.007597027346491814
FR008003,0,0.008791785687208176
FR009107,0,0.003843739628791809
FR015654,0,0.007247940171509981
FR002689,0,0.0039705135859549046
FR004373,0,0.009310443885624409
FR011006,0,0.06425689160823822
FR018048,0,0.005745553877204657
FR017480,0,0.005145072937011719
FR006699,0,0.020252007991075516
FR013431,0,0.07003045082092285
FR014647,0,0.02712484635412693
FR004120,0,0.025963740423321724
FR005631,0,0.008085595443844795
FR001488,0,0.020178109407424927
FR004263,0,0.00825379230082035
FR011198,0,0.01576337404549122
FR002094,0,0.011820542626082897
FR011789,0,0.0403086319565773
FR012988,0,0.011230557225644588
FR003559,0,0.004405622836202383
FR001386,0,0.0079474663361907
FR014428,0,0.006614835001528263
FR012595,1,0.010762603022158146
FR012737,0,0.005687503144145012
FR013503,0,0.007342795375734568
FR009559,0,0.005708085373044014
FR018424,0,0.006493770983070135
FR010231,0,0.006145669147372246
FR004036,0,0.009462734684348106
FR004918,0,0.00693681463599205
FR005058,0,0.003519926220178604
FR003216,0,0.008721602149307728
FR019061,0,0.008585079573094845
FR015604,0,0.007438959553837776
FR010911,0,0.007664460223168135
FR013866,0,0.00873563438653946
FR018947,0,0.006884390022605658
FR014946,0,0.011194618418812752
FR010131,0,0.005140552297234535
FR018540,0,0.0055528967641294
FR014714,0,0.013446219265460968
FR001879,0,0.008804290555417538
FR015252,0,0.012945557944476604
FR001012,0,0.023869363591074944
FR013266,0,0.0041480413638055325
FR015399,0,0.012994435615837574
FR015240,0,0.0581485778093338
FR014183,0,0.0063562155701220036
FR008876,0,0.006775334943085909
FR013463,0,0.011751593090593815
FR017672,0,0.010468004271388054
FR010084,0,0.009241225197911263
FR001780,0,0.0863332748413086
FR011803,0,0.0032488838769495487
FR006140,0,0.004927502013742924
FR000849,0,0.013290097936987877
FR012625,0,0.016362223774194717
FR013682,0,0.002842577174305916
FR011966,0,0.029536643996834755
FR010943,0,0.005456422455608845
FR013567,0,0.004854309372603893
FR010650,0,0.007661773823201656
FR001571,0,0.003321253228932619
FR014389,0,0.015328613109886646
FR006889,1,0.0481436550617218
FR017595,0,0.006642742082476616
FR008277,0,0.004162058234214783
FR010739,0,0.003101958194747567
FR016723,0,0.0068665966391563416
FR007830,0,0.008205683901906013
FR007788,0,0.01545475609600544
FR008927,0,0.007681022863835096
FR016887,0,0.03330932930111885
FR006632,0,0.015174434520304203
FR000582,0,0.013922493904829025
FR008054,0,0.004023976158350706
FR012140,0,0.010326403193175793
FR013854,0,0.004050575662404299
FR010550,1,0.013060006313025951
FR009908,0,0.0045142583549022675
FR011620,0,0.005475718528032303
FR000745,0,0.0075681209564208984
FR009319,0,0.005975538399070501
FR009173,0,0.010862399823963642
FR004684,0,0.15195482969284058
FR012042,0,0.007997257634997368
FR015642,0,0.006225240882486105
FR017999,0,0.09958101809024811
FR000969,0,0.015126642771065235
FR006641,0,0.006734816357493401
FR000236,0,0.04318980500102043
FR017186,0,0.007169509772211313
FR004297,0,0.02645154669880867
FR012439,0,0.010901407338678837
FR008544,0,0.03379908204078674
FR005551,0,0.007529814261943102
FR001156,1,0.013407997786998749
FR007408,0,0.0029534902423620224
FR012903,0,0.004976826254278421
FR013477,0,0.006425937637686729
FR009524,0,0.06923231482505798
FR008911,0,0.043189965188503265
FR002485,0,0.005304800346493721
FR019985,0,0.004770137835294008
FR000543,0,0.006584831979125738
FR007029,0,0.003817149670794606
FR004647,0,0.0042020780965685844
FR019038,0,0.025022925809025764
FR001058,0,0.01891244947910309
FR016790,0,0.09202037006616592
FR002810,0,0.015929987654089928
FR000622,0,0.33439791202545166
FR017305,0,0.028465135022997856
FR015230,0,0.007280949503183365
FR008400,0,0.018658502027392387
FR010720,0,0.007545091211795807
FR001134,0,0.00750573119148612
FR012280,0,0.0038017064798623323
FR016514,0,0.02004937455058098
FR019767,0,0.011736174114048481
FR000618,0,0.005820445250719786
FR007188,0,0.008330123499035835
FR013369,0,0.01253647729754448
FR002292,0,0.00724156154319644
FR013838,0,0.028637157753109932
FR000216,0,0.058316927403211594
FR008151,0,0.004095257259905338
FR008833,0,0.010562845505774021
FR003541,0,0.007602260448038578
FR011346,0,0.003171143587678671
FR003573,0,0.004196314141154289
FR016385,0,0.00890626385807991
FR018334,0,0.0033991425298154354
FR012240,0,0.03528232499957085
FR012681,0,0.0035183108411729336
FR015310,0,0.016752909868955612
FR005950,0,0.005944652482867241
FR009058,0,0.020225992426276207
FR018637,0,0.017483416944742203
FR000924,0,0.02383309230208397
FR000048,0,0.012509629130363464
FR003666,0,0.0062589701265096664
FR006410,0,0.0061806440353393555
FR009753,0,0.06081840768456459
FR019746,0,0.0043791234493255615
FR013829,0,0.004877227358520031
FR008664,0,0.004370458424091339
FR000639,0,0.004127124324440956
FR012919,0,0.005007059313356876
FR005184,0,0.009406216442584991
FR012203,0,0.0032748449593782425
FR010985,0,0.007985841482877731
FR011612,0,0.00849216990172863
FR000258,0,0.003213360905647278
FR005981,0,0.005793159361928701
FR011960,0,0.0036584348417818546
FR007089,0,0.005563621409237385
FR004592,0,0.006305162329226732
FR012841,0,0.0041419281624257565
FR004657,0,0.008730309084057808
FR019227,0,0.00883407611399889
FR014727,0,0.005579779390245676
FR006517,0,0.006415868643671274
FR005220,0,0.004985159263014793
FR015683,0,0.017993513494729996
FR006915,0,0.011911064386367798
FR017976,0,0.005676328670233488
FR012095,0,0.055531807243824005
FR007480,0,0.01943119615316391
FR001182,0,0.022921793162822723
FR015203,0,0.00754145672544837
FR011321,0,0.005137210246175528
FR009877,0,0.0063283103518188
FR003148,0,0.0053749713115394115
FR011783,0,0.0070225270465016365
FR001581,0,0.007618289440870285
FR008966,0,0.007487328257411718
FR014150,0,0.011777359060943127
FR011678,0,0.006306524854153395
FR001894,1,0.02288937009871006
FR019274,0,0.018537409603595734
FR011085,0,0.004521455615758896
FR009174,0,0.01558563020080328
FR009803,0,0.015807148069143295
FR000991,0,0.024957405403256416
FR000511,1,0.009833221323788166
FR011562,0,0.007077604532241821
FR010200,0,0.007253236137330532
FR013530,0,0.010088248178362846
FR005492,0,0.018751149997115135
FR011456,0,0.006764058955013752
FR009618,0,0.006950413808226585
FR009900,0,0.11051566898822784
FR004931,0,0.039499249309301376
FR015553,0,0.004737841431051493
FR014048,0,0.010497205890715122
FR010026,0,0.04375244677066803
FR019876,0,0.005569146014750004
FR000354,0,0.012631750665605068
FR003577,0,0.0053170123137533665
FR013230,0,0.006705218926072121
FR002979,0,0.005102318245917559
FR017665,0,0.007521416060626507
FR012031,0,0.004581138491630554
FR019552,0,0.026064008474349976
FR013884,0,0.0060013397596776485
FR015097,0,0.005428701639175415
FR018603,0,0.004944083280861378
FR015505,0,0.00425560912117362
FR003274,0,0.004949869122356176
FR001928,0,0.004317347891628742
FR000578,0,0.6334620714187622
FR005917,0,0.005391975864768028
FR008406,0,0.020593753084540367
FR006520,0,0.004855338949710131
FR002960,0,0.006406525615602732
FR003046,0,0.009006721898913383
FR004324,0,0.005144333466887474
FR006477,0,0.0031836198177188635
FR018448,0,0.03258882835507393
FR019442,0,0.005637103226035833
FR004215,0,0.02042861096560955
FR003175,0,0.024559078738093376
FR016184,0,0.0065595838241279125
FR018257,0,0.011260339058935642
FR018281,0,0.00596582842990756
FR013975,0,0.003869082313030958
FR005601,0,0.02241615019738674
FR018381,0,0.009616769850254059
FR006847,0,0.020935261622071266
FR005356,0,0.015232769772410393
FR008306,0,0.023358790203928947
FR019422,0,0.03321591392159462
FR012915,0,0.012345928698778152
FR009541,0,0.008871665224432945
FR012961,0,0.004403046797960997
FR000660,0,0.004439635202288628
FR017979,0,0.003717050887644291
FR007442,0,0.020703023299574852
FR001364,0,0.014784296974539757
FR019336,0,0.00470577459782362
FR013315,0,0.011031119152903557
FR004064,0,0.0056145573034882545
FR018885,0,0.006202926393598318
FR002695,0,0.024699434638023376
FR005281,0,0.0034749661572277546
FR003647,0,0.006255509797483683
FR018436,0,0.0050797429867088795
FR013251,0,0.013543547131121159
FR008301,0,0.005831440445035696
FR014450,0,0.014821215532720089
FR016321,0,0.021450724452733994
FR018931,0,0.005728592164814472
FR011395,0,0.006858361419290304
FR015221,0,0.0045901755802333355
FR004797,0,0.03121604025363922
FR012769,0,0.0072517674416303635
FR009330,0,0.006847590208053589
FR006349,0,0.012764967046678066
FR013734,0,0.010678140446543694
FR007380,0,0.040373869240283966
FR013968,1,0.052330806851387024
FR001126,0,0.005691562779247761
FR007925,0,0.009909574873745441
FR016190,0,0.008338632993400097
FR006156,0,0.021270791068673134
FR001672,0,0.006428973749279976
FR012880,0,0.008851244114339352
FR011075,0,0.008022009395062923
FR006577,0,0.005050970707088709
FR012409,0,0.023032961413264275
FR004255,0,0.005979003384709358
FR008269,0,0.017468057572841644
FR010497,0,0.011631978675723076
FR003284,0,0.01701212115585804
FR017942,0,0.007384977303445339
FR014962,0,0.011074415408074856
FR013714,0,0.00609214324504137
FR010597,0,0.00975286215543747
FR004048,0,0.024992935359477997
FR000013,0,0.0160757377743721
FR011994,0,0.006402431521564722
FR008492,0,0.035171493887901306
FR011952,0,0.007289160043001175
FR014762,0,0.0947023555636406
FR003737,0,0.0037205808330327272
FR012801,0,0.01856890134513378
FR000974,0,0.007319150026887655
FR019238,0,0.00395135348662734
FR005679,0,0.005754738114774227
FR013566,0,0.004326341208070517
FR013804,0,0.006357676349580288
FR009529,0,0.0040692430920898914
FR005500,0,0.0037649006117135286
FR012294,0,0.1992449313402176
FR011194,0,0.012251172214746475
FR004700,0,0.005063754506409168
FR009661,0,0.0038061030209064484
FR010311,0,0.005817493423819542
FR019439,0,0.004479160066694021
FR006542,0,0.021318867802619934
FR016065,0,0.04988756403326988
FR003233,0,0.013826883397996426
FR017202,0,0.0034027176443487406
FR013651,0,0.012830246239900589
FR015561,0,0.014021282084286213
FR010510,1,0.5752518773078918
FR002541,0,0.019394656643271446
FR009079,0,0.021117988973855972
FR006821,0,0.007191849872469902
FR016472,0,0.0046699740923941135
FR000832,0,0.006595823913812637
FR013171,0,0.013121486641466618
FR011121,0,0.009507440030574799
FR001043,0,0.01586139388382435
FR004925,0,0.007971296086907387
FR014824,0,0.003973139449954033
FR008490,0,0.009881404228508472
FR002836,0,0.0037451162934303284
FR013824,0,0.008612425066530704
FR001779,0,0.005916961468756199
FR009531,0,0.01071054395288229
FR018049,0,0.0208432637155056
FR006054,0,0.005382124334573746
FR005076,0,0.003471617354080081
FR002594,0,0.007903032004833221
FR011599,0,0.003798302263021469
FR007851,0,0.035348426550626755
FR017049,0,0.002962327329441905
FR005947,0,0.004768709186464548
FR007042,0,0.005419564433395863
FR016871,0,0.020047493278980255
FR002343,0,0.00667422404512763
FR006459,0,0.010616148822009563
FR000409,0,0.011140855960547924
FR008501,0,0.009415168315172195
FR002879,0,0.011748895980417728
FR001967,0,0.012878705747425556
FR002705,0,0.007732365746051073
FR004219,0,0.008453236892819405
FR010573,0,0.004777851514518261
FR004126,0,0.007015960291028023
FR017819,0,0.009949477389454842
FR011580,0,0.0028822661843150854
FR013420,0,0.06635810434818268
FR013445,0,0.03521120175719261
FR010851,0,0.0055286879651248455
FR012761,0,0.054685693234205246
FR003702,0,0.037473466247320175
FR013360,0,0.00969070103019476
FR017775,0,0.004413288552314043
FR002497,0,0.01027887687087059
FR005436,0,0.0043571870774030685
FR004018,0,0.012369580566883087
FR018897,0,0.006708491127938032
FR015779,0,0.018440959975123405
FR007500,0,0.010886650532484055
FR005147,0,0.010040792636573315
FR001348,0,0.004335738252848387
FR009029,0,0.012822777964174747
FR006068,0,0.018444344401359558
FR019699,0,0.013941996730864048
FR012019,0,0.021732786670327187
FR010149,0,0.06530951708555222
FR016422,0,0.03651491552591324
FR012065,0,0.00932772271335125
FR015748,0,0.013424042612314224
FR012874,0,0.008882880210876465
FR017693,0,0.005005454178899527
FR015974,0,0.042655788362026215
FR012502,0,0.01612640917301178
FR006173,0,0.004929843358695507
FR018339,0,0.021420972421765327
FR003623,0,0.03218866512179375
FR013021,0,0.030468206852674484
FR006219,0,0.01963122934103012
FR000754,0,0.06883157044649124
FR011420,0,0.006615214049816132
FR002035,0,0.004686468746513128
FR005653,0,0.007340508513152599
FR017632,0,0.006971403025090694
FR000525,0,0.004911197815090418
FR002672,0,0.02822010964155197
FR017373,0,0.006177815143018961
FR017087,0,0.012799203395843506
FR003263,0,0.00404474139213562
FR000046,0,0.0062924032099545
FR019008,0,0.028561849147081375
FR003135,0,0.011037471704185009
FR005389,0,0.005279805976897478
FR011993,0,0.003608009545132518
FR010916,0,0.011630252003669739
FR014590,0,0.02730458974838257
FR017512,0,0.006567807402461767
FR013214,0,0.016648458316922188
FR015629,0,0.006588601507246494
FR010725,0,0.02712106518447399
FR008247,0,0.005454407073557377
FR016671,0,0.0076920827850699425
FR003271,0,0.0037835286930203438
FR016724,0,0.01637658104300499
FR007207,0,0.008687521331012249
FR010171,0,0.00651912298053503
FR002891,0,0.006049663759768009
FR006020,0,0.005072350148111582
FR019646,0,0.012031319551169872
FR009589,0,0.010891097597777843
FR019014,0,0.004261483438313007
FR000370,0,0.025300903245806694
FR002478,0,0.051780857145786285
FR001599,0,0.029452532529830933
FR012960,0,0.007048150524497032
FR003505,0,0.005025420803576708
FR002549,0,0.008771257475018501
FR008829,0,0.004047350957989693
FR003710,0,0.01920616813004017
FR015419,0,0.007132131606340408
FR000098,0,0.016646241769194603
FR001613,0,0.01680612936615944
FR010630,0,0.02559259720146656
FR001831,0,0.007076086942106485
FR004248,0,0.013245251029729843
FR015366,0,0.0073097399435937405
FR013137,0,0.018934903666377068
FR008350,0,0.05335135757923126
FR006030,0,0.005312243010848761
FR011289,0,0.005975651554763317
FR013209,0,0.008963257074356079
FR003094,0,0.008790655992925167
FR016301,0,0.003945822827517986
FR018027,0,0.007826190441846848
FR007649,0,0.01289855595678091
FR001726,0,0.007892809808254242
FR006884,0,0.007246413733810186
FR016854,0,0.024004042148590088
FR006977,1,0.024297107011079788
FR014533,0,0.017412811517715454
FR002572,0,0.007662890013307333
FR015768,0,0.03903697803616524
FR006319,0,0.004091138020157814
FR000810,0,0.007381237577646971
FR009182,0,0.008336479775607586
FR012222,0,0.012796065770089626
FR004222,0,0.043835680931806564
FR015515,0,0.009778477251529694
FR002713,0,0.007206839509308338
FR014276,0,0.006850677542388439
FR015739,0,0.003966178745031357
FR014595,0,0.014041739515960217
FR003658,0,0.00643780967220664
FR002731,0,0.009890043176710606
FR015705,0,0.007842984981834888
FR017646,0,0.008842313662171364
FR003661,0,0.0049517531879246235
FR001507,0,0.020087415352463722
FR018818,0,0.03425844758749008
FR016657,0,0.005585380829870701
FR012158,0,0.006075852084904909
FR008826,0,0.00741370115429163
FR007181,0,0.010261326096951962
FR002397,0,0.004256631713360548
FR019486,0,0.010609733872115612
FR010676,0,0.010348008014261723
FR018017,0,0.01019615400582552
FR008937,0,0.033391062170267105
FR006074,0,0.005273238755762577
FR008384,0,0.014024335891008377
FR010741,0,0.02755521424114704
FR014561,0,0.004010367672890425
FR014439,0,0.014526334591209888
FR010626,0,0.004141155164688826
FR008424,0,0.006407696753740311
FR002496,0,0.008082319051027298
FR002728,0,0.01674252189695835
FR003260,0,0.012704506516456604
FR014023,0,0.0064538633450865746
FR018351,0,0.0076495325192809105
FR010521,0,0.038105420768260956
FR005004,0,0.0064043705351650715
FR005706,0,0.008161747828125954
FR004305,0,0.07400788366794586
FR006736,0,0.022615082561969757
FR000981,0,0.006710286717861891
FR000304,1,0.00785497110337019
FR006124,0,0.00403902493417263
FR005432,0,0.026637889444828033
FR018809,0,0.0072042131796479225
FR007041,0,0.005102156195789576
FR016240,0,0.004690698813647032
FR010179,0,0.0045168218202888966
FR012794,0,0.0038032059092074633
FR012634,0,0.017626455053687096
FR016930,0,0.012844156473875046
FR014067,1,0.03823645040392876
FR017891,0,0.004106858745217323
FR010810,0,0.024244561791419983
FR000132,0,0.008474763482809067
FR015402,0,0.00682767853140831
FR002580,0,0.01057545654475689
FR006448,0,0.011831742711365223
FR008595,0,0.012113138101994991
FR014350,0,0.022534813731908798
FR000386,1,0.035155512392520905
FR015775,0,0.00804894883185625
FR012779,0,0.006720712408423424
FR015347,0,0.0058191376738250256
FR006935,0,0.004508001264184713
FR003678,0,0.006413221824914217
FR017685,0,0.009180654771625996
FR009834,0,0.003693267237395048
FR010838,0,0.014928140677511692
FR019751,0,0.0030032391659915447
FR013058,0,0.011372259818017483
FR011270,0,0.005345407873392105
FR004487,0,0.06501229107379913
FR002624,0,0.006214465480297804
FR001076,0,0.023522574454545975
FR015673,0,0.005910077132284641
FR012038,0,0.009367631748318672
FR004261,0,0.011868114583194256
FR005568,0,0.015529848635196686
FR006566,0,0.004796457476913929
FR011774,0,0.1500636786222458
FR017500,0,0.09673047810792923
FR002131,0,0.003587373998016119
FR010191,0,0.03906780853867531
FR003033,0,0.008397473953664303
FR015487,0,0.006194052752107382
FR002231,0,0.010430256836116314
FR005387,0,0.00469348905608058
FR013475,0,0.011674024164676666
FR013507,0,0.008522311225533485
FR000415,0,0.00658766832202673
FR010372,0,0.007202487904578447
FR000432,0,0.00586081063374877
FR005832,0,0.007337062619626522
FR002464,0,0.012377954088151455
FR003753,0,0.006767211947590113
FR011070,0,0.009135180152952671
FR017002,0,0.005534697789698839
FR016205,0,0.01174650527536869
FR004237,0,0.0063268025405704975
FR000030,0,0.04827816039323807
FR005507,0,0.005222277715802193
FR002644,0,0.003622055519372225
FR002502,0,0.011409681290388107
FR004177,0,0.006070196162909269
FR010842,0,0.009561964310705662
FR003898,0,0.016952093690633774
FR015025,0,0.007430250756442547
FR015268,0,0.004195327404886484
FR013304,0,0.020838597789406776
FR000318,0,0.005147924646735191
FR006182,0,0.016825396567583084
FR005461,0,0.02251317724585533
FR011667,0,0.008184906095266342
FR000438,0,0.024156896397471428
FR017857,0,0.012837713584303856
FR006333,0,0.003699511755257845
FR009479,0,0.0037014244589954615
FR007876,0,0.0514218807220459
FR003547,0,0.00550070870667696
FR006454,0,0.00522947171702981
FR011250,0,0.010591944679617882
FR012701,0,0.01526057068258524
FR006684,0,0.020907439291477203
FR014004,0,0.014690196141600609
FR010750,0,0.01817220449447632
FR007868,0,0.0038737659342586994
FR019649,0,0.006486339028924704
FR016643,0,0.0028021710459142923
FR008865,0,0.004548870492726564
FR014806,0,0.005459825973957777
FR004970,0,0.013256000354886055
FR005319,0,0.021344220265746117
FR016580,0,0.0035157473757863045
FR018502,0,0.030949309468269348
FR010799,0,0.028304198756814003
FR011738,0,0.004885498434305191
FR007778,0,0.01571919396519661
FR017615,0,0.015648620203137398
FR014677,0,0.01650651916861534
FR013754,0,0.006042284891009331
FR019102,0,0.010324307717382908
FR005609,0,0.005650043953210115
FR005786,0,0.008949493058025837
FR013930,0,0.0206136517226696
FR000251,0,0.0076916939578950405
FR017493,0,0.006317049264907837
FR011729,0,0.0037471021059900522
FR016717,0,0.011056153103709221
FR004247,0,0.022561224177479744
FR011396,0,0.010831059888005257
FR015411,0,0.00434349337592721
FR014576,0,0.006291007623076439
FR000795,0,0.008201660588383675
FR015817,0,0.005856112111359835
FR009484,0,0.008338273502886295
FR007872,0,0.003935571759939194
FR013342,0,0.009972876869142056
FR003408,0,0.05136866867542267
FR006016,0,0.017647504806518555
FR001391,0,0.040772080421447754
FR006959,0,0.008491351269185543
FR011964,0,0.008253869600594044
FR002757,0,0.0052722436375916
FR004473,0,0.0907401293516159
FR005409,0,0.011343448422849178
FR001774,0,0.005821140483021736
FR002197,0,0.10557247698307037
FR002676,0,0.009194674901664257
FR019140,0,0.013953144662082195
FR004110,0,0.004080745857208967
FR016227,0,0.009674322791397572
FR000711,0,0.03184321150183678
FR001041,0,0.00743442215025425
FR010882,0,0.004855804610997438
FR005728,0,0.009734224528074265
FR018521,0,0.0040421262383461
FR014447,0,0.013594191521406174
FR003163,0,0.04892187938094139
FR005794,0,0.013686117716133595
FR010401,0,0.004148201085627079
FR016144,1,0.005407735705375671
FR003335,0,0.010741615667939186
FR018317,0,0.021017706021666527
FR001294,0,0.008542375639081001
FR002341,0,0.004965832456946373
FR017078,0,0.008307579904794693
FR018481,0,0.006255187094211578
FR008408,0,0.006014412734657526
FR004028,0,0.00588910561054945
FR003527,0,0.011317749507725239
FR001072,0,0.004395307041704655
FR010079,0,0.03466298431158066
FR015294,0,0.012341940775513649
FR004741,0,0.0030282423831522465
FR005789,0,0.0071511766873300076
FR005427,0,0.011326780542731285
FR018699,0,0.0035619335249066353
FR004562,0,0.006935626268386841
FR005540,0,0.008329343982040882
FR011556,0,0.003809878136962652
FR019841,0,0.004563834518194199
FR012576,0,0.009027029387652874
FR016839,0,0.006938598584383726
FR011345,0,0.008924710564315319
FR010479,0,0.003994778264313936
FR001566,0,0.0029200853314250708
FR000773,0,0.011994777247309685
FR006707,0,0.004117761272937059
FR010517,0,0.0037698200903832912
FR018051,0,0.011463391594588757
FR001859,0,0.0046616122126579285
FR017165,0,0.004636662546545267
FR019760,0,0.029522432014346123
FR014913,0,0.007556851487606764
FR018038,0,0.006399093195796013
FR015285,0,0.06182265281677246
FR001380,0,0.014854470267891884
FR007434,0,0.006988815031945705
FR010523,0,0.019261613488197327
FR009936,0,0.015202555805444717
FR011248,0,0.012016394175589085
FR008883,0,0.016939066350460052
FR015474,0,0.006055641919374466
FR008971,0,0.0026797594036906958
FR003957,0,0.005997893400490284
FR011333,0,0.014669070020318031
FR010344,0,0.015282145701348782
FR014408,0,0.01271696574985981
FR001274,0,0.004744258243590593
FR001044,0,0.7461843490600586
FR015808,0,0.006310778204351664
FR012039,0,0.013179253786802292
FR012227,0,0.007066006306558847
FR015534,0,0.004638696555048227
FR003910,0,0.00885940995067358
FR009166,0,0.0069745006039738655
FR019727,0,0.004095735494047403
FR011998,0,0.010146093554794788
FR006675,0,0.01666504703462124
FR012055,0,0.006205407902598381
FR007802,0,0.005450006574392319
FR012072,0,0.005172153003513813
FR012144,0,0.008225039578974247
FR004243,0,0.011072813533246517
FR002534,0,0.009190423414111137
FR003277,0,0.007367248646914959
FR001137,0,0.03787139803171158
FR018253,0,0.009552999399602413
FR009828,0,0.010624661110341549
FR015544,0,0.010002912022173405
FR008910,0,0.006385116372257471
FR005686,0,0.0045104240998625755
FR014499,0,0.007783084642142057
FR017187,0,0.014234162867069244
FR003297,0,0.026478659361600876
FR001252,0,0.005015185568481684
FR008542,0,0.02621397003531456
FR005373,0,0.005909491330385208
FR005226,0,0.027118943631649017
FR010845,0,0.009122904390096664
FR012912,0,0.010335217230021954
FR009409,0,0.005884423386305571
FR007903,0,0.00459566293284297
FR009056,0,0.004971230868250132
FR013229,0,0.03451656922698021
FR003585,0,0.00754974503070116
FR016386,0,0.008296477608382702
FR012952,0,0.007882645353674889
FR001543,0,0.011292858980596066
FR009229,0,0.020231010392308235
FR008988,0,0.007904901169240475
FR006386,0,0.010238236747682095
FR016252,0,0.008725449442863464
FR019702,0,0.009046505205333233
FR002693,0,0.0037468227092176676
FR002298,0,0.014579776674509048
FR017152,0,0.005136030726134777
FR019184,0,0.01007345411926508
FR006833,0,0.020762357860803604
FR017473,0,0.00663719093427062
FR016310,0,0.0044918120838701725
FR004622,0,0.004989375825971365
FR012683,0,0.007955862209200859
FR004900,0,0.005175080616027117
FR010362,0,0.003743858775123954
FR008304,0,0.0041700247675180435
FR004468,0,0.0421157069504261
FR019564,0,0.006514708511531353
FR007017,0,0.009072022512555122
FR000088,0,0.0032474373001605272
FR011312,0,0.004132919944822788
FR000682,0,0.005025616381317377
FR014186,0,0.005561869591474533
FR000086,0,0.011922585777938366
FR013366,0,0.012208770960569382
FR007143,0,0.0039977747946977615
FR001970,0,0.005281368736177683
FR010890,0,0.007754829246550798
FR004194,0,0.006002085283398628
FR011999,0,0.10016248375177383
FR010287,0,0.007187361363321543
FR003030,0,0.006958030629903078
FR016783,0,0.0078090098686516285
FR013915,0,0.006351528223603964
FR000276,0,0.019130298867821693
FR016363,0,0.0058590746484696865
FR004224,0,0.024056294932961464
FR013683,0,0.012212377041578293
FR009506,0,0.004587111528962851
FR011607,0,0.005528294946998358
FR011279,0,0.017440082505345345
FR005984,0,0.020118694752454758
FR009448,0,0.03430020809173584
FR012143,0,0.01269443891942501
FR005571,0,0.024878470227122307
FR005996,0,0.005446305964142084
FR006653,0,0.010273328050971031
FR016911,0,0.0029724538326263428
FR010329,0,0.006068539340049028
FR009710,0,0.007693539373576641
FR011354,0,0.08596368879079819
FR000552,0,0.005751165095716715
FR018878,0,0.005023413337767124
FR014783,0,0.043158601969480515
FR010625,0,0.009276770055294037
FR009146,0,0.017347590997815132
FR012552,0,0.009898773394525051
FR008859,0,0.013206567615270615
FR015976,0,0.008811650797724724
FR014051,0,0.0032325396314263344
FR006531,0,0.006337455939501524
FR001604,0,0.010508118197321892
FR013626,0,0.04524141550064087
FR005585,0,0.007925589568912983
FR015919,0,0.006879849825054407
FR005456,0,0.009165382944047451
FR000616,0,0.04792281240224838
FR017018,0,0.008001748472452164
FR005994,0,0.006447882391512394
FR009739,0,0.016949305310845375
FR006738,1,0.04046373441815376
FR000863,0,0.03663748502731323
FR006107,0,0.012847615405917168
FR017390,0,0.008050628006458282
FR012445,0,0.023888278752565384
FR011161,0,0.015622947365045547
FR012332,0,0.007789567578583956
FR000452,0,0.01180277206003666
FR017112,0,0.008668050169944763
FR002902,0,0.003954783547669649
FR005286,0,0.0060395910404622555
FR008827,0,0.011757087893784046
FR000643,0,0.006929083727300167
FR004252,0,0.011961616575717926
FR000646,0,0.007312290370464325
FR011300,0,0.006164830178022385
FR013250,0,0.0037972363643348217
FR016403,0,0.026334503665566444
FR016803,0,0.00492818234488368
FR010273,0,0.00817510299384594
FR004541,0,0.010971889831125736
FR014412,0,0.004298608284443617
FR018802,0,0.03886330500245094
FR014090,0,0.008845021948218346
FR001314,0,0.016193237155675888
FR003672,0,0.00667516328394413
FR006817,0,0.005258260294795036
FR002915,0,0.023107215762138367
FR017818,0,0.011092384345829487
FR005403,0,0.02936677262187004
FR007604,0,0.009636778384447098
FR015051,0,0.010855107568204403
FR000080,0,0.008996211923658848
FR002793,0,0.007490798365324736
FR015523,0,0.005025225225836039
FR004822,0,0.007728667464107275
FR014425,0,0.003221177961677313
FR012861,0,0.05064745247364044
FR010910,0,0.004371904768049717
FR000158,1,0.5162778496742249
FR005470,0,0.006118691526353359
FR006367,0,0.01783941127359867
FR018493,0,0.009810470044612885
FR016994,0,0.051062896847724915
FR018273,1,0.022983767092227936
FR016414,0,0.06582947820425034
FR004338,0,0.016821524128317833
FR011082,0,0.004161087796092033
FR002300,0,0.013407846912741661
FR019027,0,0.008479893207550049
FR016618,0,0.004631641320884228
FR014964,0,0.01646571233868599
FR007982,0,0.025297950953245163
FR018627,0,0.02381693571805954
FR001999,0,0.0038033975288271904
FR011398,0,0.02678571455180645
FR010402,0,0.007447238080203533
FR005314,0,0.0056152925826609135
FR016371,0,0.006067967042326927
FR013392,0,0.014364846982061863
FR001698,0,0.005419476889073849
FR000587,0,0.012809282168745995
FR013733,0,0.01012068148702383
FR006293,0,0.006908946670591831
FR015720,0,0.021089496091008186
FR003427,0,0.0049353851936757565
FR009643,0,0.008603565394878387
FR016895,0,0.005690696649253368
FR015102,0,0.038528427481651306
FR014544,0,0.005466598551720381
FR009761,0,0.013012642040848732
FR008981,0,0.003034263150766492
FR013667,0,0.00519731268286705
FR000771,0,0.016290675848722458
FR004174,0,0.004240101203322411
FR006511,0,0.009620927274227142
FR009532,0,0.04131530225276947
FR000973,0,0.006853160448372364
FR007623,0,0.06771980971097946
FR015265,0,0.004650121554732323
FR011167,0,0.005534681491553783
FR004696,0,0.0066020190715789795
FR013017,0,0.00391571456566453
FR013834,0,0.004981550853699446
FR011561,0,0.00706142745912075
FR009550,0,0.06255576014518738
FR006784,0,0.0074170432053506374
FR012268,0,0.0038959900848567486
FR009384,0,0.004404064733535051
FR009003,0,0.0077428873628377914
FR002670,0,0.009893232956528664
FR017990,0,0.015688981860876083
FR011852,0,0.01108163595199585
FR012650,0,0.010210948064923286
FR012646,0,0.028194230049848557
FR005730,0,0.006315232254564762
FR019728,0,0.017665022984147072
FR011418,0,0.008657836355268955
FR003526,0,0.004597366787493229
FR007236,0,0.006575779989361763
FR015532,0,0.029687566682696342
FR007414,0,0.0046814847737550735
FR005707,0,0.15768569707870483
FR005517,0,0.008680957369506359
FR015288,0,0.007049334701150656
FR007278,0,0.6580859422683716
FR011199,0,0.01064383052289486
FR019155,0,0.0049287392757833
FR000089,0,0.003744819201529026
FR000687,0,0.00527200847864151
FR003302,0,0.00508362939581275
FR004667,0,0.033326156437397
FR005247,0,0.007917379029095173
FR004493,0,0.006484259385615587
FR019984,0,0.09077371656894684
FR004180,0,0.004431246314197779
FR012998,0,0.007261010352522135
FR004359,0,0.07480431348085403
FR006724,0,0.009963803924620152
FR000856,0,0.018917037174105644
FR008234,0,0.005263957194983959
FR003711,0,0.006251065526157618
FR005380,0,0.005921939387917519
FR012574,0,0.005462924018502235
FR001529,0,0.008901244029402733
FR011238,1,0.4161222279071808
FR000949,0,0.006795233115553856
FR010228,0,0.005739441607147455
FR011287,0,0.007709070108830929
FR005174,0,0.02902897633612156
FR015338,0,0.010572479106485844
FR000861,0,0.004778570961207151
FR019973,0,0.0140308178961277
FR010069,0,0.010618441738188267
FR005852,0,0.011265643872320652
FR008455,1,0.009707647375762463
FR006861,0,0.00436639366671443
FR014865,0,0.008847405202686787
FR010986,0,0.004979018121957779
FR007085,0,0.05744713544845581
FR019809,0,0.016825348138809204
FR011387,0,0.01163583341985941
FR001021,0,0.06087065860629082
FR003338,0,0.01513667032122612
FR018904,0,0.01214311458170414
FR012501,0,0.009618065319955349
FR007570,0,0.006886154413223267
FR010763,0,0.017758600413799286
FR004803,0,0.13580982387065887
FR008507,0,0.011408277787268162
FR010870,0,0.02166626788675785
FR019294,0,0.00544540723785758
FR003870,0,0.014443522319197655
FR006763,0,0.017436135560274124
FR017159,0,0.0075166188180446625
FR006311,0,0.007894023321568966
FR014200,0,0.002759742084890604
FR013240,0,0.015491053462028503
FR001049,0,0.022124117240309715
FR010681,0,0.032457560300827026
FR014903,0,0.008860092610120773
FR005177,0,0.014421030879020691
FR016337,0,0.006101285573095083
FR003529,0,0.005479006562381983
FR013128,1,0.009498395957052708
FR003012,0,0.008357394486665726
FR008528,0,0.00742436945438385
FR015864,0,0.015929024666547775
FR010117,0,0.006884429138153791
FR006009,0,0.007887658663094044
FR017770,0,0.0032694267574697733
FR018156,0,0.004145166836678982
FR008710,0,0.006059115752577782
FR007454,0,0.008347130380570889
FR008814,0,0.013616083189845085
FR001776,0,0.011020584963262081
FR001754,0,0.008471045643091202
FR002875,0,0.007337788585573435
FR014179,0,0.01618778333067894
FR005701,0,0.014300815761089325
FR007503,0,0.006807044614106417
FR006423,0,0.0064127505756914616
FR002155,0,0.03791734576225281
FR017721,0,0.009480458684265614
FR015926,0,0.008820275776088238
FR009001,0,0.023065747693181038
FR013746,0,0.004914932418614626
FR009433,0,0.010556056164205074
FR014148,0,0.026795320212841034
FR012917,0,0.013903941959142685
FR013933,0,0.013593238778412342
FR017946,0,0.009604661725461483
FR013005,0,0.008705934509634972
FR001927,0,0.010502511635422707
FR001673,0,0.033491894602775574
FR009101,0,0.01528115477412939
FR010473,0,0.00623931922018528
FR017248,0,0.02410099282860756
FR017899,0,0.004723750986158848
FR012154,0,0.028055941686034203
FR011138,0,0.009286683984100819
FR003955,0,0.008784683421254158
FR019382,0,0.0038159347604960203
FR001963,0,0.10393700003623962
FR002255,0,0.01023778785020113
FR007412,0,0.00901158805936575
FR010714,0,0.037655480206012726
FR019421,0,0.0040220292285084724
FR009882,0,0.005033497698605061
FR014729,0,0.0060253809206187725
FR008177,0,0.01569058746099472
FR013891,0,0.002868114272132516
FR004429,0,0.011100525967776775
FR007597,0,0.014173938892781734
FR010443,0,0.009164616465568542
FR011881,0,0.00610460015013814
FR007031,0,0.0033669902477413416
FR014912,0,0.022368544712662697
FR000335,0,0.010586179792881012
FR003359,0,0.00894967932254076
FR005538,0,0.005588835570961237
FR016136,0,0.00756623363122344
FR005729,1,0.12799085676670074
FR013279,0,0.0038513238541781902
FR003255,0,0.003633610438555479
FR007624,0,0.007125405129045248
FR018266,0,0.02192005142569542
FR000361,0,0.006692670285701752
FR016192,1,0.1645565629005432
FR006274,0,0.011279386468231678
FR000433,0,0.0038718068972229958
FR005352,0,0.010691921226680279
FR011581,0,0.011106280609965324
FR007583,0,0.006996913813054562
FR004356,0,0.009081771597266197
FR008813,0,0.01223330944776535
FR009423,0,0.009245622903108597
FR016172,0,0.007074877619743347
FR000429,0,0.005527416244149208
FR001714,0,0.003819481935352087
FR008206,0,0.025159116834402084
FR014855,0,0.03587765246629715
FR010483,0,0.011119496077299118
FR019608,0,0.008160794153809547
FR002064,0,0.00823832955211401
FR013012,0,0.004366432782262564
FR018286,0,0.012600471265614033
FR008929,0,0.03419874608516693
FR004884,0,0.0096359271556139
FR019477,0,0.028198231011629105
FR003193,0,0.009196778759360313
FR005591,0,0.00791819579899311
FR011661,0,0.006399350706487894
FR001891,0,0.005006083287298679
FR017292,0,0.007036775816231966
FR004665,0,0.008037779480218887
FR014235,0,0.0032313815318048
FR000475,0,0.0051407841965556145
FR017289,0,0.0044451686553657055
FR009196,0,0.0065595959313213825
FR012655,0,0.0026397802866995335
FR017402,0,0.004478519782423973
FR012546,0,0.010071528144180775
FR012635,0,0.006848630961030722
FR007662,0,0.02695474959909916
FR008273,0,0.006193479988723993
FR000256,0,0.014742368832230568
FR015452,0,0.005194848403334618
FR014221,0,0.00845357682555914
FR001045,0,0.03148996829986572
FR003981,0,0.03105534426867962
FR015033,0,0.007279026322066784
FR016614,0,0.00375101319514215
FR013051,0,0.01699814759194851
FR004872,0,0.004660375881940126
FR017062,0,0.008867796510457993
FR016484,0,0.18255768716335297
FR016972,0,0.005633001681417227
FR019788,0,0.011220253072679043
FR018518,0,0.018206041306257248
FR019874,0,0.01178750954568386
FR001310,0,0.025020157918334007
FR017079,0,0.008873501792550087
FR009939,0,0.004754820838570595
FR018655,0,0.004393381532281637
FR002158,0,0.006762742530554533
FR006229,0,0.004975841846317053
FR016170,0,0.015985360369086266
FR014628,0,0.00584004120901227
FR007010,0,0.06342128664255142
FR000998,0,0.010616417974233627
FR019201,0,0.011321858502924442
FR004662,0,0.005871616769582033
FR016231,0,0.008733817376196384
FR011232,0,0.015039514750242233
FR004233,0,0.003993958234786987
FR005051,0,0.0039562564343214035
FR012450,0,0.008722896687686443
FR003409,0,0.007395078428089619
FR011434,0,0.014515532180666924
FR005131,0,0.006353800185024738
FR001787,0,0.004055560566484928
FR001219,0,0.005794062744826078
FR013845,0,0.010947752743959427
FR001065,0,0.010459180921316147
FR019930,0,0.012390481308102608
FR017831,0,0.0029878218192607164
FR007314,0,0.005828579422086477
FR015984,0,0.006539147347211838
FR017508,0,0.01075309794396162
FR015327,0,0.00787062756717205
FR011523,0,0.004053461831063032
FR001138,0,0.006745513062924147
FR018713,0,0.008445494808256626
FR019048,0,0.007545181084424257
FR006615,0,0.004831709433346987
FR010114,0,0.004825227428227663
FR002178,0,0.007425268646329641
FR000928,0,0.005075546447187662
FR001820,0,0.015089364722371101
FR011970,0,0.008408543653786182
FR003650,0,0.006425904575735331
FR003557,1,0.013280821964144707
FR002491,0,0.009514892473816872
FR016640,0,0.00941974576562643
FR005317,0,0.010021420195698738
FR000477,0,0.012287329882383347
FR003014,0,0.012004353106021881
FR016909,0,0.016139086335897446
FR005867,0,0.011603250168263912
FR018615,0,0.006415285170078278
FR012561,0,0.011868007481098175
FR012239,0,0.0053469520062208176
FR017410,0,0.005219927988946438
FR009867,0,0.012925746850669384
FR004270,0,0.0028863665647804737
FR015863,0,0.012230618856847286
FR001056,0,0.03451287001371384
FR013419,0,0.02007170394062996
FR013737,0,0.02121337689459324
FR014481,0,0.01499975472688675
FR002382,0,0.01722528412938118
FR014585,0,0.010924320667982101
FR003516,0,0.011947575956583023
FR007288,0,0.007791952230036259
FR019305,0,0.01474305521696806
FR004952,0,0.014377489686012268
FR004687,0,0.008407930843532085
FR001993,0,0.003143013920634985
FR008712,0,0.006862224545329809
FR007997,0,0.011454900726675987
FR003536,0,0.004969763569533825
FR001161,0,0.01393803022801876
FR001047,0,0.06925957649946213
FR005913,0,0.004498414229601622
FR018893,0,0.004215071443468332
FR011381,0,0.04043971002101898
FR004420,0,0.006135605741292238
FR008353,0,0.008609888143837452
FR009870,0,0.010420776903629303
FR005788,0,0.021198812872171402
FR004141,0,0.025460142642259598
FR004328,0,0.006174736190587282
FR002009,0,0.022171540185809135
FR013167,0,0.016561197116971016
FR000050,0,0.033014919608831406
FR002165,0,0.11012602597475052
FR008667,0,0.01228618435561657
FR008599,0,0.005410100799053907
FR012170,0,0.008593988604843616
FR010549,0,0.032033536583185196
FR011007,0,0.006513332016766071
FR001836,0,0.010166466236114502
FR010449,0,0.04240493103861809
FR001234,0,0.005760656204074621
FR013600,0,0.022030359134078026
FR005109,0,0.006117797922343016
FR019284,0,0.01151250023394823
FR000814,0,0.004149166867136955
FR003655,0,0.02428455278277397
FR014584,0,0.007119591347873211
FR001630,0,0.00783142726868391
FR015845,1,0.007229193579405546
FR001815,0,0.005771979223936796
FR015602,0,0.08816497027873993
FR008434,0,0.003192020347341895
FR011233,0,0.0032911973539739847
FR013928,0,0.008728510700166225
FR019402,0,0.006772598717361689
FR018636,0,0.0036515274550765753
FR009827,0,0.02362157590687275
FR000697,0,0.006853078957647085
FR011132,0,0.007692946121096611
FR011817,0,0.007219186518341303
FR015229,0,0.007015348877757788
FR004041,0,0.01682836189866066
FR017208,0,0.0047669424675405025
FR012156,0,0.006205042824149132
FR007139,0,0.009274293668568134
FR003714,0,0.015338239260017872
FR014548,0,0.007375255227088928
FR012082,0,0.005871383473277092
FR013761,0,0.009871994145214558
FR015085,0,0.007252577226608992
FR012056,0,0.006199849769473076
FR008504,0,0.012314965017139912
FR019209,1,0.4372008740901947
FR010011,0,0.016292747110128403
FR003096,0,0.007967913523316383
FR013372,0,0.0073113455437123775
FR013451,0,0.03511742502450943
FR002406,0,0.005063023883849382
FR013325,0,0.01001487486064434
FR007051,0,0.01491045393049717
FR016712,0,0.0075302449986338615
FR007525,0,0.005581769626587629
FR010777,0,0.006377297919243574
FR007264,0,0.009843737818300724
FR018673,0,0.01054625865072012
FR019886,0,0.006143167614936829
FR004469,0,0.09706909954547882
FR001959,0,0.00684157432988286
FR003190,0,0.006648603826761246
FR003430,0,0.012566328048706055
FR008567,0,0.0658731460571289
FR009370,0,0.003957474138587713
FR014832,0,0.03876224160194397
FR001953,0,0.009211097843945026
FR001731,0,0.003636601846665144
FR011081,0,0.02766774781048298
FR014905,0,0.004140233155339956
FR016538,0,0.019326794892549515
FR003643,0,0.011281609535217285
FR007862,0,0.007396079134196043
FR019782,0,0.0036229349207133055
FR019451,0,0.007311588153243065
FR017042,0,0.007581667043268681
FR003171,0,0.039042700082063675
FR007482,0,0.012720941565930843
FR013897,0,0.008538160473108292
FR008059,0,0.02492579072713852
FR013402,0,0.004506165627390146
FR004153,0,0.04399692267179489
FR011811,0,0.008192728273570538
FR002487,0,0.008881964720785618
FR010608,0,0.2684638500213623
FR013081,0,0.013456294313073158
FR013116,0,0.007329610176384449
FR016408,0,0.007405193522572517
FR007883,0,0.006041376851499081
FR002547,0,0.003368597012013197
FR016092,0,0.03894041106104851
FR007331,0,0.00487416610121727
FR010211,0,0.005570420995354652
FR003402,0,0.0027838621754199266
FR000044,0,0.01142729353159666
FR014227,0,0.006642383523285389
FR008670,0,0.004529035650193691
FR010044,0,0.017090965062379837
FR014084,0,0.010353020392358303
FR014911,0,0.00684676319360733
FR006239,0,0.01929754763841629
FR016193,0,0.0051688095554709435
FR011283,0,0.01609412021934986
FR011544,0,0.008854064159095287
FR019925,0,0.04389050602912903
FR012457,0,0.00771472929045558
FR007984,0,0.007583026774227619
FR000206,0,0.005649909842759371
FR005169,0,0.08898262679576874
FR004199,0,0.011104007251560688
FR001052,0,0.010215213522315025
FR002216,0,0.03171032294631004
FR018066,0,0.027621636167168617
FR019308,0,0.008160891011357307
FR003899,0,0.005273559130728245
FR006438,0,0.03668878972530365
FR013358,0,0.006217623129487038
FR018793,0,0.0044462536461651325
FR018464,0,0.03772769495844841
FR002031,0,0.017396142706274986
FR019154,0,0.009551763534545898
FR002855,0,0.004578819032758474
FR009863,0,0.006921058986335993
FR007832,0,0.007598250173032284
FR016027,0,0.01196045521646738
FR019606,0,0.004276125226169825
FR010002,0,0.008116389624774456
FR006436,0,0.0033346416894346476
FR009206,0,0.011887781322002411
FR015543,0,0.005333431996405125
FR018632,0,0.012452509254217148
FR005584,0,0.00452298391610384
FR013373,0,0.01065740641206503
FR007564,0,0.006867633666843176
FR004298,0,0.009877565316855907
FR002671,0,0.012272287160158157
FR008969,0,0.026013102382421494
FR012586,0,0.0054512289352715015
FR011451,0,0.01844819448888302
FR009654,0,0.00983252003788948
FR011714,0,0.004458466079086065
FR019698,0,0.012287410907447338
FR012015,1,0.013221316039562225
FR017691,0,0.006954338401556015
FR008473,0,0.011211320757865906
FR003355,0,0.018095310777425766
FR004790,0,0.005854934919625521
FR010634,0,0.018980691209435463
FR015606,0,0.008573107421398163
FR000994,1,0.030479110777378082
FR017759,0,0.015196646563708782
FR003109,0,0.05412672832608223
FR018998,0,0.02319110743701458
FR012642,0,0.005724878050386906
FR004446,0,0.011996855959296227
FR010514,0,0.003917794208973646
FR006164,0,0.0050499471835792065
FR006184,0,0.011429647915065289
FR003447,0,0.034127213060855865
FR008509,0,0.011320562101900578
FR010134,0,0.017052629962563515
FR004139,0,0.010358395986258984
FR012870,0,0.005461765918880701
FR014015,0,0.0032719247974455357
FR010019,0,0.04044061526656151
FR009822,0,0.008075498044490814
FR005264,0,0.006331420503556728
FR012334,0,0.005763538181781769
FR005972,0,0.008841344155371189
FR011099,0,0.0045381709933280945
FR013282,0,0.012879044748842716
FR012863,0,0.02160617895424366
FR004853,0,0.018059177324175835
FR006158,0,0.014653832651674747
FR003170,0,0.008402073755860329
FR002568,0,0.008513906970620155
FR014927,0,0.013155905529856682
FR000917,0,0.01152769848704338
FR003805,0,0.020481882616877556
FR005117,0,0.003709973068907857
FR004329,0,0.013921814039349556
FR003940,0,0.006594958249479532
FR008620,0,0.00466265669092536
FR014668,0,0.005294961389154196
FR011623,0,0.004711475223302841
FR014102,0,0.015536214224994183
FR006480,0,0.041243646293878555
FR002474,0,0.009318276308476925
FR016965,0,0.004902678541839123
FR018594,0,0.019547417759895325
FR005335,1,0.4658575654029846
FR012256,0,0.007469373755156994
FR001520,0,0.004516247194260359
FR017736,0,0.04558096453547478
FR006538,0,0.004379934631288052
FR007173,0,0.0045135170221328735
FR016493,0,0.011499245651066303
FR018527,0,0.0044519477523863316
FR000447,0,0.08044777810573578
FR004079,0,0.006426089443266392
FR002039,0,0.011377460323274136
FR013990,0,0.00367749878205359
FR018399,0,0.008867615833878517
FR008072,0,0.009454005397856236
FR013000,0,0.008477932773530483
FR019690,0,0.0038385980296880007
FR005455,0,0.00957940611988306
FR004707,0,0.013345022685825825
FR006080,0,0.003601793898269534
FR013141,0,0.006372105795890093
FR011744,0,0.00993678905069828
FR011843,0,0.0132833207026124
FR001833,0,0.01207334641367197
FR007157,0,0.009382444433867931
FR001480,0,0.007397914305329323
FR013839,0,0.003795760916545987
FR003369,0,0.06632836908102036
FR006630,0,0.005322492681443691
FR014959,0,0.0064229704439640045
FR017275,0,0.1308896392583847
FR015464,0,0.005162341054528952
FR007969,0,0.004829751327633858
FR016918,0,0.00905988272279501
FR000796,0,0.03514859080314636
FR019072,0,0.006624910049140453
FR011350,0,0.014584978111088276
FR000245,0,0.005330394953489304
FR009820,0,0.0425168052315712
FR011275,0,0.013142907060682774
FR004302,0,0.007073711603879929
FR013158,0,0.008690988644957542
FR018987,0,0.038574520498514175
FR015136,0,0.01038400549441576
FR008440,0,0.007989589124917984
FR001761,0,0.006056143902242184
FR014085,0,0.0046183825470507145
FR003612,0,0.011309370398521423
FR010923,0,0.009390207938849926
FR008399,0,0.0072488910518586636
FR001636,0,0.0066329981200397015
FR015859,0,0.02620321698486805
FR019081,0,0.004688866902142763
FR019748,0,0.00431745033711195
FR003767,0,0.029175322502851486
FR010654,0,0.04409660026431084
FR018579,0,0.004588607233017683
FR001319,0,0.0067964112386107445
FR006078,0,0.11361724138259888
FR018278,0,0.0057386551052331924
FR014577,0,0.009608421474695206
FR007021,0,0.015510069206357002
FR002226,0,0.010718727484345436
FR009809,0,0.005867551546543837
FR005029,0,0.010017834603786469
FR013483,0,0.09616541862487793
FR003649,0,0.01312608178704977
FR006927,0,0.014987227506935596
FR009148,0,0.008439116179943085
FR010039,0,0.00569306081160903
FR013708,0,0.007735695689916611
FR014784,0,0.005503359716385603
FR000692,0,0.005776378326117992
FR003630,0,0.012406363151967525
FR007493,0,0.06658785790205002
FR006697,0,0.002522808499634266
FR012122,0,0.009191556833684444
FR012190,0,0.03136499598622322
FR008858,0,0.003998897038400173
FR006557,0,0.00577271543443203
FR001647,0,0.004334081895649433
FR016651,0,0.003891904605552554
FR013122,0,0.009879095479846
FR010753,0,0.007045951206237078
FR015548,0,0.010461886413395405
FR013656,0,0.03526739031076431
FR002248,0,0.019105279818177223
FR007954,0,0.02135603316128254
FR007917,0,0.023266905918717384
FR000004,0,0.0035927745047956705
FR015893,0,0.006021623965352774
FR002711,0,0.007294944953173399
FR008533,0,0.013957088813185692
FR004690,0,0.011080073192715645
FR006019,0,0.007919615134596825
FR015090,0,0.006101877894252539
FR000081,0,0.022830847650766373
FR019686,0,0.02984229102730751
FR016979,0,0.018017657101154327
FR019401,0,0.008071801625192165
FR007094,0,0.0057750665582716465
FR018639,0,0.007163612172007561
FR017400,0,0.005573375150561333
FR002558,0,0.006745686288923025
FR015083,0,0.003414206439629197
FR006827,1,0.5678204298019409
FR003813,0,0.009204593487083912
FR008878,0,0.02663959003984928
FR019908,0,0.005087441299110651
FR005246,0,0.007242120802402496
FR018473,0,0.008523620665073395
FR014767,0,0.003630813444033265
FR007401,0,0.006126165855675936
FR019596,0,0.0043810633942484856
FR019028,0,0.018502578139305115
FR014340,0,0.004426656756550074
FR014726,0,0.0179273821413517
FR019743,0,0.01177632249891758
FR008278,0,0.04983527585864067
FR013186,0,0.013320566155016422
FR000786,0,0.008566313423216343
FR010475,0,0.006386511027812958
FR018588,0,0.00602355320006609
FR006523,0,0.03222285211086273
FR002704,0,0.028674812987446785
FR004929,0,0.01016197632998228
FR010557,0,0.0071043153293430805
FR006966,0,0.012035315856337547
FR012601,0,0.10062263160943985
FR014895,0,0.011526796966791153
FR019263,0,0.007351986598223448
FR013751,0,0.027219071984291077
FR008256,0,0.007550977636128664
FR019244,0,0.004095401149243116
FR011274,0,0.009618278592824936
FR016843,0,0.00562151288613677
FR000932,0,0.004462245386093855
FR013932,0,0.011581717990338802
FR009587,0,0.0229420717805624
FR000979,0,0.01326774898916483
FR004627,0,0.006138548720628023
FR003299,0,0.0080966055393219
FR006857,0,0.008548677898943424
FR014935,0,0.0064004212617874146
FR011974,0,0.006178887095302343
FR006165,0,0.004260629415512085
FR006253,0,0.004297720268368721
FR011762,0,0.009754031896591187
FR001938,0,0.0026589862536638975
FR001497,0,0.01003968808799982
FR018769,0,0.009461899287998676
FR019812,0,0.007035194430500269
FR010242,0,0.004143572878092527
FR010338,0,0.01421959139406681
FR006499,0,0.011952118948101997
FR017272,0,0.011731811799108982
FR016018,0,0.007701613940298557
FR000154,0,0.0036720416974276304
FR006601,0,0.006738887634128332
FR019017,0,0.024139665067195892
FR011206,0,0.004535515792667866
FR017032,0,0.009822479449212551
FR002968,0,0.004366698209196329
FR013316,0,0.015009707771241665
FR016304,0,0.007460113614797592
FR011985,0,0.008907556533813477
FR008952,0,0.0027901569847017527
FR002734,0,0.011627857573330402
FR015317,0,0.012578610330820084
FR003891,0,0.006655230186879635
FR016019,0,0.029705287888646126
FR008309,0,0.003970904275774956
FR014849,0,0.020508071407675743
FR003165,0,0.011153633706271648
FR017828,0,0.004695924464613199
FR015238,0,0.004060403909534216
FR005821,0,0.0034241972025483847
FR012279,0,0.004661251790821552
FR013326,0,0.007607622537761927
FR009617,0,0.01718263514339924
FR002857,0,0.004532986786216497
FR005298,0,0.007173124700784683
FR018797,0,0.01701967418193817
FR006478,0,0.007186109200119972
FR004029,0,0.00248206895776093
FR013904,0,0.007795698940753937
FR012048,0,0.021152013912796974
FR005008,0,0.0040471721440553665
FR010507,0,0.01057717390358448
FR003061,0,0.03416042774915695
FR012875,0,0.06132862716913223
FR012953,0,0.01497553288936615
FR018782,0,0.010999437421560287
FR016297,0,0.017335524782538414
FR015223,0,0.013002730906009674
FR016589,0,0.008365052752196789
FR012196,0,0.004816897679120302
FR002628,0,0.016862548887729645
FR003675,0,0.025679824873805046
FR005255,0,0.007690357975661755
FR017681,0,0.007706053555011749
FR012630,0,0.006207602098584175
FR014538,0,0.028722604736685753
FR017173,0,0.012412024661898613
FR014149,0,0.008532934822142124
FR007043,0,0.011568989604711533
FR018443,0,0.0060569108463823795
FR011370,0,0.0077880751341581345
FR016705,0,0.0063095856457948685
FR003436,0,0.019881870597600937
FR018348,0,0.010242379270493984
FR018140,0,0.008897492662072182
FR010422,0,0.00541038578376174
FR018289,0,0.006594271399080753
FR012111,0,0.014739149250090122
FR019468,0,0.020027974620461464
FR005838,0,0.028791870921850204
FR018410,0,0.004177928902208805
FR017156,0,0.003252074122428894
FR000886,0,0.00344467768445611
FR007121,0,0.03528142720460892
FR003610,0,0.019298842176795006
FR006651,0,0.03866163641214371
FR005866,0,0.017656518146395683
FR014198,0,0.0038240079302340746
FR017837,0,0.006794210057705641
FR018760,0,0.006884498056024313
FR017433,0,0.007344227284193039
FR002370,0,0.004397819750010967
FR013124,0,0.012932294979691505
FR002883,0,0.006628845818340778
FR004163,0,0.014126677066087723
FR005809,0,0.004465247970074415
FR009197,0,0.01623944193124771
FR018860,0,0.004936682991683483
FR015117,0,0.005928028374910355
FR008345,1,0.04140934720635414
FR000015,0,0.006454190704971552
FR001670,0,0.02365904115140438
FR013196,0,0.005656606052070856
FR013347,0,0.004424683749675751
FR006974,0,0.04390671104192734
FR013547,0,0.005892341956496239
FR002259,0,0.005130719393491745
FR005000,0,0.005152833182364702
FR007226,0,0.00972867850214243
FR019805,0,0.006722301710397005
FR010467,0,0.013113055378198624
FR001651,0,0.05932558327913284
FR003570,0,0.007181042339652777
FR010759,0,0.0028587854467332363
FR013241,0,0.00750140892341733
FR009305,0,0.008154216222465038
FR007400,0,0.013520332984626293
FR000501,0,0.029579268768429756
FR015420,0,0.007902168668806553
FR002620,0,0.008395480923354626
FR010280,0,0.011430639773607254
FR019124,0,0.006224438548088074
FR010771,0,0.07025755196809769
FR013690,0,0.010451569221913815
FR003101,0,0.003571771550923586
FR015820,0,0.007657499983906746
FR016029,0,0.005337222944945097
FR005726,0,0.008706933818757534
FR015578,0,0.013981658965349197
FR006075,0,0.023011814802885056
FR010146,0,0.009877486154437065
FR001092,0,0.015427549369633198
FR004182,0,0.006595914717763662
FR013561,0,0.013572168536484241
FR014953,0,0.01182703860104084
FR013900,0,0.05986872315406799
FR010547,0,0.003001409349963069
FR000923,0,0.004772795829921961
FR004281,0,0.006334841251373291
FR004754,0,0.004129663109779358
FR011594,0,0.04420168325304985
FR003202,0,0.004364242311567068
FR015832,0,0.0061186389066278934
FR009517,0,0.0072273691184818745
FR007390,0,0.015580883249640465
FR016667,0,0.028801627457141876
FR004749,0,0.02119573950767517
FR015301,0,0.0047006807290017605
FR009810,0,0.01011852640658617
FR015638,0,0.005160425789654255
FR010078,0,0.006529677659273148
FR001505,0,0.006027600262314081
FR018260,0,0.003945547621697187
FR004393,0,0.027849160134792328
FR008692,0,0.012981947511434555
FR010941,0,0.03146439790725708
FR007214,0,0.026725083589553833
FR009577,0,0.0035697356797754765
FR001282,0,0.008214777335524559
FR017180,0,0.010215642862021923
FR019202,0,0.008908002637326717
FR014983,0,0.006675390526652336
FR007578,0,0.005648659076541662
FR014476,0,0.006661234423518181
FR015670,0,0.006048800423741341
FR004060,0,0.004574667662382126
FR013386,0,0.021529586985707283
FR012441,0,0.0039003430865705013
FR014785,0,0.01884436421096325
FR012131,0,0.012301870621740818
FR012104,0,0.007052102591842413
FR004130,0,0.0044485232792794704
FR000233,0,0.019416887313127518
FR013271,0,0.006123764906078577
FR007879,0,0.005543302278965712
FR006443,0,0.005869479849934578
FR018902,0,0.00860038585960865
FR007859,0,0.0035077461507171392
FR008629,0,0.006979836151003838
FR012705,0,0.008506661280989647
FR004352,0,0.012075991369783878
FR004671,0,0.01785641349852085
FR001227,0,0.0035401980858296156
FR002721,0,0.01039818674325943
FR017524,0,0.01887734793126583
FR001895,0,0.0765509381890297
FR007850,0,0.010905444622039795
FR014284,0,0.005958938505500555
FR002459,0,0.007968076504766941
FR018726,0,0.012753657065331936
FR010905,0,0.004208554048091173
FR009369,0,0.006483635865151882
FR017917,0,0.007122517563402653
FR001121,0,0.014522170647978783
FR008906,0,0.004277530126273632
FR003686,0,0.007280601654201746
FR016963,0,0.005571652669459581
FR016148,0,0.016012009233236313
FR007234,0,0.003844104940071702
FR018189,0,0.006788028869777918
FR012293,0,0.005395329557359219
FR003480,0,0.0065824310295283794
FR008546,0,0.04142635688185692
FR005179,0,0.005029898136854172
FR017980,0,0.007256461773067713
FR019127,0,0.020043952390551567
FR014622,0,0.0319102481007576
FR001503,0,0.006323532667011023
FR013606,0,0.01693958416581154
FR009620,0,0.005763748660683632
FR014472,0,0.0038653588853776455
FR003016,0,0.0076252431608736515
FR011621,0,0.005821375176310539
FR009489,0,0.013046467676758766
FR000352,0,0.0029089124873280525
FR003131,0,0.024208256974816322
FR006744,0,0.008243607357144356
FR011447,0,0.006596251856535673
FR013584,0,0.004469434265047312
FR016004,0,0.009078781120479107
FR016102,0,0.008001821115612984
FR005130,0,0.009654337540268898
FR010237,0,0.006599449086934328
FR017695,0,0.010524606332182884
FR007487,0,0.010530124418437481
FR011894,0,0.008535387925803661
FR016058,0,0.01028965599834919
FR002154,0,0.003630782011896372
FR005414,0,0.009154808707535267
FR000806,0,0.015077287331223488
FR012526,0,0.020087940618395805
FR016328,0,0.004257250111550093
FR009789,0,0.010990824550390244
FR006088,0,0.0060540176928043365
FR002138,0,0.026046419516205788
FR001279,0,0.0039466568268835545
FR015057,0,0.007375363726168871
FR014397,0,0.010142707265913486
FR001301,0,0.011851774528622627
FR001329,0,0.006689580623060465
FR010031,0,0.0067712776362895966
FR018800,0,0.11262322217226028
FR016367,0,0.03996957838535309
FR011378,0,0.04018254950642586
FR007145,0,0.005698388908058405
FR001772,0,0.026212671771645546
FR003219,0,0.020450927317142487
FR018498,0,0.006571632344275713
FR012392,0,0.024789679795503616
FR016211,0,0.02753479778766632
FR009605,0,0.011703401803970337
FR017879,0,0.014079795219004154
FR000117,0,0.009065106511116028
FR004736,0,0.004826097283512354
FR011088,0,0.005845270119607449
FR009705,0,0.008706370368599892
FR001981,0,0.006585484370589256
FR007988,0,0.007563306018710136
FR006119,0,0.007739554159343243
FR004575,0,0.006028768606483936
FR018301,0,0.009388282895088196
FR016648,0,0.009163239039480686
FR017720,0,0.006744328420609236
FR008514,0,0.009639887139201164
FR011949,0,0.00956376176327467
FR013721,0,0.013733998872339725
FR011351,0,0.017602592706680298
FR017241,0,0.005177951417863369
FR012748,0,0.009271858260035515
FR004601,0,0.008757789619266987
FR009462,0,0.019241182133555412
FR005240,0,0.006482134573161602
FR005218,0,0.006912984419614077
FR013528,0,0.014834163710474968
FR013036,0,0.05298639088869095
FR009178,0,0.006128503009676933
FR017838,0,0.020947115495800972
FR019543,0,0.016012324020266533
FR005032,0,0.003002587938681245
FR014411,0,0.022749505937099457
FR002286,0,0.0036702000070363283
FR019635,0,0.004959938116371632
FR014008,0,0.00407289108261466
FR004149,0,0.015314046293497086
FR004096,0,0.015370038338005543
FR007168,0,0.0067520467564463615
FR003102,0,0.004942755680531263
FR013556,0,0.01758786290884018
FR002569,0,0.1402386575937271
FR012053,0,0.00547260046005249
FR005777,0,0.009709732607007027
FR011510,0,0.005880340933799744
FR018352,0,0.009168439544737339
FR015307,0,0.00811938475817442
FR018942,0,0.012900619767606258
FR019487,0,0.004045794252306223
FR007132,0,0.0026332540437579155
FR007244,0,0.0031344483140856028
FR012007,0,0.004801622591912746
FR016215,0,0.008614888414740562
FR017814,0,0.013857521116733551
FR010846,0,0.005540939513593912
FR003239,0,0.005159229040145874
FR007533,0,0.02824704349040985
FR019337,0,0.011346416547894478
FR009511,0,0.1960015743970871
FR011910,0,0.007664768490940332
FR013568,0,0.016840491443872452
FR007154,0,0.017108619213104248
FR010325,0,0.008645338006317616
FR012673,0,0.005001311656087637
FR007393,0,0.04226481914520264
FR005260,0,0.010422020219266415
FR018174,0,0.058789677917957306
FR010176,0,0.008999200537800789
FR008681,0,0.005605936050415039
FR003801,0,0.007820915430784225
FR008419,1,0.00744456285610795
FR012412,0,0.006458987016230822
FR015068,0,0.005836888682097197
FR013330,0,0.004383139777928591
FR017154,0,0.03670097887516022
FR007510,0,0.006499033421278
FR015438,0,0.0056619239039719105
FR009359,0,0.011507595889270306
FR009199,0,0.00995833519846201
FR004488,0,0.016320275142788887
FR008143,0,0.006168074440211058
FR016615,0,0.004876072518527508
FR008806,0,0.00619105389341712
FR019503,0,0.04825909435749054
FR012782,0,0.006009471602737904
FR013421,0,0.015906570479273796
FR013129,0,0.004288763739168644
FR002025,0,0.05135628581047058
FR018033,0,0.00970877893269062
FR002999,0,0.0057273320853710175
FR001512,0,0.016278376802802086
FR015717,0,0.015765689313411713
FR016434,0,0.021604394540190697
FR017483,0,0.03214826062321663
FR008798,0,0.00369818857870996
FR017360,0,0.03684759512543678
FR000604,0,0.00988310668617487
FR006469,0,0.015452624298632145
FR007403,0,0.0043563139624893665
FR001369,0,0.004995096009224653
FR004306,0,0.010766441933810711
FR007317,0,0.04569580778479576
FR010864,0,0.005987346637994051
FR012475,0,0.023919954895973206
FR007671,0,0.0042587886564433575
FR010118,0,0.00563227292150259
FR006330,0,0.005184597335755825
FR005649,0,0.004451971035450697
FR016084,0,0.0057890936732292175
FR006343,0,0.005076760426163673
FR015319,0,0.00817809533327818
FR006945,0,0.010122495703399181
FR000671,0,0.044127173721790314
FR018002,0,0.0038290354423224926
FR017497,0,0.006647914182394743
FR009512,0,0.005203783977776766
FR002975,0,0.004202489275485277
FR000168,0,0.13677097856998444
FR017069,0,0.008344624191522598
FR007465,0,0.04287579655647278
FR003626,0,0.013660567812621593
FR016219,0,0.011226962320506573
FR006588,0,0.022274022921919823
FR015281,0,0.00946141593158245
FR002863,0,0.007055418565869331
FR011630,0,0.005342328455299139
FR006429,0,0.03471588343381882
FR005094,0,0.004387276712805033
FR017652,0,0.004677211865782738
FR002660,1,0.07185700535774231
FR009331,0,0.010215811431407928
FR012223,0,0.006040910258889198
FR009760,0,0.01708124205470085
FR017265,0,0.005505620036274195
FR012844,0,0.020259616896510124
FR008236,0,0.004353307653218508
FR006463,0,0.012222453020513058
FR001896,0,0.014614460989832878
FR006822,0,0.029795387759804726
FR012778,0,0.012704004533588886
FR016857,0,0.004583911970257759
FR010450,0,0.03296647593379021
FR005543,0,0.018534546718001366
FR004784,0,0.006812998093664646
FR013553,0,0.015494552440941334
FR017880,0,0.013701251707971096
FR014550,0,0.016372118145227432
FR006495,0,0.0026062303222715855
FR004629,0,0.006764020770788193
FR013484,0,0.705366313457489
FR010703,0,0.014736518263816833
FR004903,0,0.0038270640652626753
FR013886,0,0.004245211835950613
FR015414,0,0.0035293702967464924
FR017616,1,0.005857944488525391
FR010976,0,0.10281696170568466
FR011195,0,0.01564756967127323
FR010906,0,0.003605440491810441
FR006564,0,0.006718338467180729
FR016513,0,0.017514357343316078
FR002889,0,0.011496481485664845
FR005490,0,0.007623706012964249
FR008066,0,0.009612543508410454
FR013595,0,0.03515060245990753
FR005770,0,0.003614539746195078
FR017992,0,0.0615483894944191
FR013034,0,0.0051692877896130085
FR009639,0,0.030544539913535118
FR000410,0,0.027567749843001366
FR019914,0,0.015979427844285965
FR006391,0,0.013685942627489567
FR011515,0,0.006590246222913265
FR000982,0,0.004601833410561085
FR009469,0,0.006584785412997007
FR003882,0,0.10370830446481705
FR003583,0,0.02212599664926529
FR003985,0,0.004713140893727541
FR012537,0,0.004686006344854832
FR012832,0,0.0038136879447847605
FR006794,0,0.005144767928868532
FR004229,0,0.007182904984802008
FR011336,0,0.0036212813574820757
FR000834,0,0.036910854279994965
FR007201,0,0.010161520913243294
FR011679,0,0.0029063355177640915
FR002472,0,0.012067961506545544
FR007842,0,0.0054358066990971565
FR019194,0,0.0037760913837701082
FR000680,0,0.00630906829610467
FR010455,0,0.022129055112600327
FR002214,0,0.01071313675493002
FR006766,0,0.028278563171625137
FR016281,0,0.007736936677247286
FR018454,0,0.01386495865881443
FR013003,0,0.028818458318710327
FR018379,0,0.003720570355653763
FR003290,0,0.006967928260564804
FR012565,0,0.013549689203500748
FR018081,0,0.004246358759701252
FR014133,0,0.006161316763609648
FR017856,0,0.013040702790021896
FR007906,0,0.020605774596333504
FR006692,0,0.00811732653528452
FR016566,0,0.0048970566131174564
FR015816,0,0.01559069287031889
FR006212,0,0.008595536462962627
FR001792,0,0.007796661462634802
FR000640,0,0.0029987480957061052
FR011829,0,0.004192308522760868
FR006854,0,0.0038451948203146458
FR010293,0,0.006879801861941814
FR005672,0,0.019473975524306297
FR006569,0,0.003961376380175352
FR009269,0,0.008342533372342587
FR008114,0,0.0030328973662108183
FR015148,0,0.0062123071402311325
FR005417,0,0.024814851582050323
FR018462,0,0.010424082167446613
FR005494,0,0.004685605876147747
FR003388,0,0.007275571580976248
FR010173,1,0.004499524366110563
FR010064,0,0.003118387656286359
FR007794,0,0.015538424253463745
FR009687,0,0.028667297214269638
FR005887,0,0.005129829049110413
FR008098,0,0.013855963945388794
FR010493,0,0.006737658753991127
FR010050,0,0.02138720266520977
FR003375,0,0.007432325277477503
FR007048,0,0.018952464684844017
FR006185,1,0.004912540316581726
FR005390,0,0.0029217044357210398
FR013779,0,0.018687669187784195
FR004283,0,0.09581252932548523
FR018695,0,0.010811878368258476
FR006830,0,0.013903719373047352
FR001452,1,0.012003351002931595
FR013026,0,0.005152050871402025
FR016767,0,0.007212676107883453
FR017236,0,0.010392418131232262
FR018582,0,0.00386670115403831
FR005530,0,0.010989056900143623
FR004098,0,0.0196025762706995
FR009340,0,0.003795315744355321
FR004882,0,0.006819470785558224
FR012402,0,0.005781723652034998
FR018671,0,0.009726615622639656
FR000414,0,0.012845824472606182
FR011504,0,0.004897358827292919
FR010466,0,0.006917749531567097
FR007605,0,0.007848919369280338
FR002074,0,0.003286367282271385
FR002899,0,0.01154431514441967
FR000631,0,0.007788999937474728
FR008757,0,0.024488309398293495
FR019634,0,0.012686069123446941
FR000929,0,0.004077065270394087
FR009164,0,0.026422513648867607
FR006427,0,0.010595028288662434
FR003452,0,0.005007164087146521
FR013893,0,0.019030891358852386
FR010157,0,0.010614801198244095
FR018153,0,0.005855110008269548
FR011453,0,0.007092172279953957
FR010054,0,0.010064058005809784
FR012112,1,0.01398922223597765
FR008185,0,0.00814705342054367
FR017614,0,0.005627110134810209
FR003022,0,0.017055585980415344
FR015918,0,0.008238334208726883
FR007092,0,0.008113902993500233
FR010616,0,0.009485865943133831
FR018310,0,0.003376853186637163
FR006890,0,0.0074485489167273045
FR008093,0,0.006486419588327408
FR019317,0,0.005868094507604837
FR007632,0,0.002945855725556612
FR018676,0,0.03392314538359642
FR012353,0,0.0039409794844686985
FR002336,0,0.012941976077854633
FR007777,0,0.0060006799176335335
FR007837,0,0.010912662371993065
FR006718,0,0.018783045932650566
FR018914,0,0.0075756278820335865
FR007095,0,0.0045168581418693066
FR002576,0,0.005652731750160456
FR000976,0,0.007917191833257675
FR013554,0,0.010719197802245617
FR009706,0,0.006700920406728983
FR012489,0,0.006369857117533684
FR003713,0,0.037817392498254776
FR016848,0,0.012559495866298676
FR009256,0,0.038706813007593155
FR009596,0,0.014609587378799915
FR005071,0,0.0075517999939620495
FR006012,0,0.012552334927022457
FR016572,0,0.004986852873116732
FR001708,0,0.04106472432613373
FR005001,0,0.023917850106954575
FR005398,0,0.012788579799234867
FR000792,0,0.007208546157926321
FR017931,0,0.02902372181415558
FR009510,0,0.02010858617722988
FR017207,0,0.013834024779498577
FR006434,0,0.008880742825567722
FR006217,0,0.022383619099855423
FR011936,0,0.003804880892857909
FR002920,0,0.0074820080772042274
FR014989,0,0.018196310847997665
FR007360,0,0.007916723378002644
FR013518,0,0.006508436519652605
FR015617,0,0.006886027287691832
FR010481,0,0.05212360620498657
FR009344,0,0.013934873044490814
FR007124,0,0.008902901783585548
FR004266,0,0.02018701285123825
FR009193,0,0.005715044680982828
FR014464,0,0.0065390788950026035
FR018484,0,0.051997873932123184
FR008754,0,0.011539636179804802
FR012983,0,0.005382732022553682
FR005128,0,0.01439681462943554
FR018806,0,0.009908017702400684
FR002044,0,0.006468633189797401
FR001119,0,0.009404728189110756
FR013280,0,0.013733495026826859
FR016605,0,0.0037249757442623377
FR016668,0,0.02088458649814129
FR019272,0,0.006352171767503023
FR013613,0,0.006458705291152
FR001074,0,0.005463737528771162
FR001359,0,0.03400488942861557
FR011595,0,0.019138559699058533
FR016955,0,0.02979089505970478
FR004769,0,0.004118361510336399
FR009063,0,0.010262517258524895
FR000401,0,0.00526540307328105
FR013902,0,0.07890817523002625
FR018003,0,0.012467928230762482
FR010914,0,0.017296714708209038
FR006483,0,0.008860012516379356
FR002377,0,0.008126257918775082
FR000865,0,0.004271249286830425
FR006000,0,0.005057970527559519
FR011864,0,0.013328270986676216
FR003540,0,0.005369509104639292
FR004234,0,0.006571417674422264
FR005778,0,0.004601385910063982
FR018702,0,0.005894895642995834
FR012387,0,0.004000185057520866
FR015454,0,0.005316737573593855
FR005903,0,0.00557995168492198
FR009401,0,0.009684497490525246
FR012201,0,0.0230368934571743
FR008242,0,0.008908865973353386
FR008987,0,0.008437473326921463
FR009013,0,0.005907511338591576
FR014415,0,0.007996894419193268
FR011263,0,0.011428828351199627
FR010729,0,0.014382977038621902
FR016229,0,0.009751848876476288
FR018879,0,0.00781666487455368
FR001884,0,0.08914671093225479
FR013215,0,0.0640668049454689
FR006594,0,0.015591813251376152
FR002199,0,0.0035468791611492634
FR017100,0,0.005635152570903301
FR011286,0,0.011439177207648754
FR013700,0,0.004466030281037092
FR001596,0,0.016087636351585388
FR004997,0,0.005560870282351971
FR011712,0,0.0361003503203392
FR000755,0,0.004735926166176796
FR016675,1,0.018370850011706352
FR014424,0,0.009722698479890823
FR009163,0,0.004190254956483841
FR007495,0,0.006699781399220228
FR001781,0,0.009062754921615124
FR002590,0,0.009363786317408085
FR007258,0,0.005861110985279083
FR009846,0,0.006436797324568033
FR012958,0,0.005493808537721634
FR013220,0,0.023526031523942947
FR008931,0,0.007025217637419701
FR011624,0,0.007393093779683113
FR017864,0,0.008010292425751686
FR004054,0,0.010462108068168163
FR006654,0,0.04970064386725426
FR013767,0,0.007403245195746422
FR003073,0,0.05842924490571022
FR010041,0,0.028857441619038582
FR004067,0,0.02017647959291935
FR006562,0,0.010486097075045109
FR000008,0,0.03045196458697319
FR008880,0,0.007228177040815353
FR007833,0,0.018072618171572685
FR017314,0,0.02175639569759369
FR006991,0,0.019551657140254974
FR005022,0,0.013533777557313442
FR011189,0,0.005282601807266474
FR018440,0,0.0379721075296402
FR003072,0,0.0423678420484066
FR002316,0,0.010948067530989647
FR010537,0,0.004676543641835451
FR018463,0,0.005959410220384598
FR018482,0,0.00608336366713047
FR006278,0,0.011303501203656197
FR013066,0,0.003992824349552393
FR019780,0,0.031047876924276352
FR007016,0,0.005275823175907135
FR000908,0,0.04142947867512703
FR003010,0,0.2110271155834198
FR016333,0,0.013446725904941559
FR000698,0,0.004275820218026638
FR016373,0,0.01766245812177658
FR001371,0,0.01182603556662798
FR004385,0,0.010098048485815525
FR010185,0,0.005525906570255756
FR016549,0,0.03424881771206856
FR014429,1,0.605909526348114
FR005005,0,0.00607041222974658
FR003515,0,0.0034743058495223522
FR006076,0,0.00570432236418128
FR010704,0,0.010364624671638012
FR000145,0,0.01602420024573803
FR017240,0,0.00997746828943491
FR003166,0,0.007185210939496756
FR017357,0,0.027302710339426994
FR008656,0,0.007401070091873407
FR007468,0,0.004151133354753256
FR007790,0,0.006069793365895748
FR002540,0,0.017962642014026642
FR011183,0,0.0047453707084059715
FR013198,0,0.0030269455164670944
FR014630,0,0.010628917254507542
FR010490,0,0.004989479668438435
FR007318,0,0.009020816534757614
FR016362,0,0.03649627044796944
FR017203,0,0.005413129925727844
FR006922,0,0.005702069494873285
FR007531,0,0.007690449245274067
FR001422,0,0.015831707045435905
FR002791,0,0.006718335673213005
FR001940,1,0.1533908098936081
FR004842,0,0.006004728376865387
FR019598,0,0.014085568487644196
FR004277,0,0.008242569863796234
FR016040,0,0.016995050013065338
FR018766,0,0.00406761234626174
FR014370,0,0.0115351602435112
FR011622,0,0.013765308074653149
FR000287,0,0.007253240328282118
FR014546,0,0.007157266605645418
FR008808,0,0.0076879276894032955
FR008548,0,0.01498268824070692
FR019792,0,0.020039374008774757
FR017262,1,0.019051367416977882
FR002107,0,0.00892439391463995
FR005712,0,0.0025345964822918177
FR010310,0,0.006201435811817646
FR001068,0,0.009828170761466026
FR001822,0,0.009978081099689007
FR009095,0,0.006624037399888039
FR003832,0,0.005139791406691074
FR004916,0,0.006654186639934778
FR009338,0,0.02843841165304184
FR006799,0,0.00418651569634676
FR014535,0,0.042810939252376556
FR015624,0,0.009718921035528183
FR019824,0,0.010898949578404427
FR013789,0,0.0038928843569010496
FR004860,0,0.018175845965743065
FR000761,0,0.010563035495579243
FR011920,0,0.05467408895492554
FR004712,0,0.03270252048969269
FR002871,0,0.01215080451220274
FR006324,0,0.00607689144089818
FR017215,0,0.0055306702852249146
FR000075,0,0.00901574082672596
FR005831,0,0.00882417056709528
FR005563,0,0.00725758820772171
FR011162,0,0.00813310593366623
FR006943,0,0.003985367249697447
FR018913,0,0.011288052424788475
FR011602,0,0.019298166036605835
FR003115,0,0.007733521983027458
FR001118,0,0.00325175398029387
FR001535,0,0.004192430060356855
FR002246,0,0.012417327612638474
FR007582,0,0.004270739853382111
FR018006,0,0.012263341806828976
FR007692,0,0.008129470981657505
FR000376,0,0.012812532484531403
FR013176,0,0.008081236854195595
FR002877,0,0.027343520894646645
FR018794,0,0.004312871489673853
FR001245,0,0.007132253143936396
FR012530,0,0.010509778745472431
FR003053,0,0.006567203905433416
FR009233,0,0.07224123924970627
FR018529,0,0.006013392470777035
FR006848,1,0.014836275950074196
FR014341,0,0.002845786279067397
FR000492,0,0.008370785973966122
FR015082,0,0.0073991394601762295
FR009509,0,0.0394006185233593
FR010350,0,0.01454375870525837
FR013424,0,0.021029796451330185
FR017150,0,0.004857855383306742
FR015283,0,0.004762523807585239
FR009929,0,0.007869298569858074
FR019213,0,0.003047511912882328
FR007090,0,0.016830097883939743
FR017496,0,0.032797809690237045
FR017821,0,0.008077159523963928
FR003528,0,0.3815303146839142
FR012265,0,0.004346639383584261
FR018127,1,0.20280985534191132
FR002413,0,0.006516736000776291
FR015142,0,0.012660430744290352
FR007855,0,0.0036840951070189476
FR004343,0,0.005141634959727526
FR000699,0,0.012019739486277103
FR010928,0,0.011022902093827724
FR010868,0,0.00621796166524291
FR018166,0,0.008179821074008942
FR018746,0,0.005070035811513662
FR004321,0,0.05306771770119667
FR016074,0,0.02503921277821064
FR018711,0,0.00687562907114625
FR016942,0,0.004300821106880903
FR018732,0,0.017829246819019318
FR009116,0,0.010137773118913174
FR004551,0,0.00711349630728364
FR002717,0,0.005256045609712601
FR000436,0,0.022408125922083855
FR013959,0,0.008553141728043556
FR001508,0,0.005664821248501539
FR010669,0,0.045790281146764755
FR000365,0,0.008271143771708012
FR004105,0,0.006471443921327591
FR010554,0,0.006823379546403885
FR006671,0,0.0056926533579826355
FR003381,0,0.006726626306772232
FR016699,0,0.003253038739785552
FR018476,0,0.005755322054028511
FR007618,0,0.08183065801858902
FR014381,0,0.005967539735138416
FR019212,0,0.00458928057923913
FR012147,0,0.004595235455781221
FR011793,0,0.003993491642177105
FR000171,0,0.009295242838561535
FR006280,0,0.04137486219406128
FR016090,0,0.018661877140402794
FR007633,0,0.026188697665929794
FR003068,0,0.007119493559002876
FR001419,0,0.014005311764776707
FR015836,0,0.022516001015901566
FR018777,0,0.007491302210837603
FR011481,0,0.03268849477171898
FR004908,0,0.015693731606006622
FR017568,0,0.032885290682315826
FR003256,0,0.006406003143638372
FR011193,0,0.0036278576590120792
FR001934,0,0.05915229022502899
FR019720,0,0.005377967841923237
FR018169,0,0.01853138580918312
FR000247,0,0.00880624633282423
FR019433,0,0.0064492910169065
FR001931,0,0.007576491683721542
FR010817,0,0.01283964142203331
FR014897,0,0.009298778139054775
FR018563,1,0.026134900748729706
FR001237,0,0.01236230693757534
FR007103,0,0.004709080792963505
FR004368,0,0.0037545645609498024
FR018446,0,0.003144464921206236
FR002647,0,0.015350054949522018
FR009038,0,0.004088019020855427
FR003771,0,0.01020353939384222
FR016602,0,0.0047099101357162
FR014969,0,0.009725182317197323
FR013901,0,0.01357798557728529
FR014861,0,0.005051452200859785
FR013170,0,0.00827877875417471
FR018697,0,0.013949504122138023
FR016081,0,0.004686551168560982
FR005491,0,0.003940985072404146
FR008021,0,0.01981758512556553
FR005654,0,0.010731370188295841
FR018541,0,0.004689594730734825
FR002375,0,0.008007155731320381
FR012433,0,0.004645599517971277
FR013405,0,0.1145600974559784
FR005816,0,0.03501065447926521
FR003567,0,0.025786887854337692
FR001093,0,0.005020528100430965
FR000300,0,0.0046901158057153225
FR014403,0,0.006694125011563301
FR014184,0,0.011529682204127312
FR000246,0,0.010938184335827827
FR007335,0,0.004934633616358042
FR007611,0,0.004171771463006735
FR002461,0,0.008130359463393688
FR017190,0,0.013597247190773487
FR013685,0,0.005091900937259197
FR009131,0,0.05146660655736923
FR004312,0,0.006657193880528212
FR014434,0,0.012707211077213287
FR009227,0,0.009652241133153439
FR002232,0,0.005754849873483181
FR016856,0,0.004372361581772566
FR014104,0,0.00785118155181408
FR014835,0,0.019478734582662582
FR011917,0,0.009193607605993748
FR005468,0,0.004620822612196207
FR016127,0,0.007566441781818867
FR009767,0,0.0032986558508127928
FR000382,0,0.010264493525028229
FR004894,0,0.0043393936939537525
FR002279,0,0.02859124168753624
FR014725,0,0.004556892439723015
FR005454,0,0.01457938551902771
FR002826,0,0.009814065881073475
FR015278,0,0.0050852480344474316
FR016798,0,0.0029537107329815626
FR010006,0,0.01899767853319645
FR018453,0,0.005152068100869656
FR009263,0,0.00644790381193161
FR008874,0,0.009916328825056553
FR011828,0,0.0026118624955415726
FR014758,0,0.006372969597578049
FR013049,0,0.044639430940151215
FR013480,0,0.10536546260118484
FR012277,0,0.0029559319373220205
FR010692,0,0.005542834289371967
FR019611,0,0.004532158374786377
FR014534,0,0.01895168237388134
FR004315,0,0.006185830570757389
FR013660,0,0.010488106869161129
FR018528,0,0.03439362347126007
FR018172,0,0.01728544384241104
FR004529,0,0.0047714123502373695
FR019790,0,0.004296343307942152
FR015956,0,0.4315189719200134
FR004239,0,0.011940118856728077
FR011052,0,0.006882437504827976
FR010742,0,0.005087890196591616
FR001626,0,0.009098634123802185
FR014882,0,0.012548919767141342
FR000614,0,0.006896828766912222
FR001527,0,0.005095373373478651
FR015249,0,0.017134852707386017
FR012624,0,0.02891302853822708
FR011342,0,0.003793432144448161
FR010899,0,0.0035596408415585756
FR000733,0,0.0030349756125360727
FR010059,0,0.004160022828727961
FR017440,0,0.003169865580275655
FR009204,0,0.00905802845954895
FR012326,0,0.014134548604488373
FR001075,0,0.006033253390341997
FR016763,0,0.003119720844551921
FR018596,0,0.003902808064594865
FR008582,0,0.0040505388751626015
FR016294,0,0.017711395397782326
FR004042,1,0.5699107646942139
FR008130,0,0.005389690399169922
FR002211,0,0.005621664691716433
FR009994,0,0.011464321054518223
FR011126,0,0.04507959261536598
FR015335,0,0.0077751195058226585
FR009840,0,0.0067678177729249
FR017847,0,0.006275784689933062
FR002452,0,0.008130159229040146
FR001694,0,0.0037109532859176397
FR006313,0,0.016275551170110703
FR013538,0,0.027828991413116455
FR002282,0,0.011611669324338436
FR003929,0,0.014838136732578278
FR015815,0,0.007775723002851009
FR006284,0,0.029840834438800812
FR000942,0,0.002812020480632782
FR019982,0,0.017804697155952454
FR011662,0,0.006946495268493891
FR014851,0,0.04707133024930954
FR015688,0,0.017177417874336243
FR016424,0,0.020244449377059937
FR016608,0,0.006833002902567387
FR017849,0,0.021139103919267654
FR009152,0,0.007484115194529295
FR011415,0,0.01764463633298874
FR002985,0,0.005445118062198162
FR000358,0,0.0036170082166790962
FR018036,0,0.02724933810532093
FR017431,0,0.07690812647342682
FR008949,0,0.04119380563497543
FR016606,0,0.0062820506282150745
FR015821,0,0.03990350663661957
FR012946,0,0.0055274139158427715
FR003422,0,0.009110214188694954
FR004590,0,0.0039028136525303125
FR003228,0,0.08921608328819275
FR018083,0,0.07133514434099197
FR009225,0,0.007836053147912025
FR018853,0,0.017548203468322754
FR018490,0,0.007926875725388527
FR010922,0,0.006473912391811609
FR002778,0,0.0222398042678833
FR015204,0,0.006446837913244963
FR018009,0,0.005414770450443029
FR006593,0,0.07588165253400803
FR002136,0,0.006577795837074518
FR014828,0,0.008310298435389996
FR003748,0,0.015500183217227459
FR002564,0,0.02226562239229679
FR009912,0,0.007100747432559729
FR016786,0,0.012063675560057163
FR000537,0,0.011877205222845078
FR014379,0,0.0049427347257733345
FR013820,0,0.0069440314546227455
FR017580,0,0.009744479320943356
FR002587,0,0.00712500000372529
FR018501,0,0.006452355999499559
FR006210,0,0.009980804286897182
FR002959,0,0.007036276627331972
FR015183,0,0.008902022615075111
FR015053,0,0.005528763867914677
FR019772,0,0.00989534892141819
FR014349,0,0.006546771619468927
FR016835,0,0.007228988688439131
FR011111,0,0.009294557385146618
FR005096,0,0.006720544304698706
FR000107,0,0.04753336310386658
FR017974,0,0.0048132711090147495
FR002448,0,0.004290982149541378
FR016293,0,0.007683738134801388
FR004858,0,0.002890292787924409
FR002846,0,0.0190216526389122
FR001445,0,0.012656312435865402
FR016454,0,0.03255683556199074
FR016173,0,0.023519262671470642
FR008253,0,0.011505361646413803
FR011548,0,0.0034023812040686607
FR009386,0,0.019340477883815765
FR010119,0,0.00457939924672246
FR000586,0,0.07483934611082077
FR015001,0,0.007191881071776152
FR008573,0,0.02176324650645256
FR003731,0,0.015181881375610828
FR014646,0,0.007777098566293716
FR007675,0,0.011204858310520649
FR019143,0,0.003806276712566614
FR008703,0,0.004243855364620686
FR013242,0,0.007198587525635958
FR001832,0,0.004826053511351347
FR001315,0,0.007110967766493559
FR015159,0,0.0066068838350474834
FR002735,0,0.016708580777049065
FR010515,0,0.010734418407082558
FR002063,0,0.005230724811553955
FR017420,0,0.010105057619512081
FR000843,0,0.005591643042862415
FR003660,0,0.06996605545282364
FR009759,0,0.07245700806379318
FR009597,0,0.004646245390176773
FR015408,0,0.01652544178068638
FR008125,0,0.01773255318403244
FR003973,0,0.0030921015422791243
FR008725,0,0.10518250614404678
FR011563,0,0.0034195566549897194
FR015848,0,0.010462848469614983
FR015920,0,0.002893353346735239
FR014629,0,0.0314335860311985
FR001972,0,0.003826882690191269
FR010214,0,0.0033229885157197714
FR012059,0,0.011071095243096352
FR001793,0,0.004674721974879503
FR005114,0,0.015397801995277405
FR001697,0,0.00800889078527689
FR004273,0,0.01007307879626751
FR017812,0,0.00763035798445344
FR007309,0,0.005756951402872801
FR013396,0,0.008094158954918385
FR006786,0,0.02992916665971279
FR002271,0,0.00703794602304697
FR009631,0,0.01318001002073288
FR000676,0,0.03477218374609947
FR018177,0,0.037820350378751755
FR018075,0,0.041174646466970444
FR016861,0,0.017928751185536385
FR012971,0,0.012270900420844555
FR018705,0,0.003310025669634342
FR007441,0,0.0028371962253004313
FR003441,1,0.014027480036020279
FR019895,0,0.005072412546724081
FR016057,0,0.007204571273177862
FR005982,0,0.023073069751262665
FR014659,0,0.002873204182833433
FR012895,0,0.008454344235360622
FR003378,0,0.007191264536231756
FR011402,0,0.009436802007257938
FR002355,0,0.006840453017503023
FR006840,0,0.014632957987487316
FR012684,0,0.006465936545282602
FR002349,0,0.006745174992829561
FR016052,0,0.006071367301046848
FR019685,0,0.0038916957564651966
FR017762,0,0.004658639430999756
FR018157,0,0.019010214135050774
FR018907,0,0.013403867371380329
FR001707,0,0.012585364282131195
FR016276,0,0.005513709504157305
FR005440,0,0.006002722308039665
FR012150,0,0.010189760476350784
FR002356,0,0.012195057235658169
FR002758,0,0.004985547158867121
FR019463,0,0.0037719751708209515
FR009641,0,0.009839537553489208
FR016012,1,0.013247494585812092
FR002816,0,0.004018290899693966
FR003625,0,0.007046415004879236
FR000825,0,0.007042696233838797
FR005667,0,0.005803579930216074
FR014978,0,0.005470755975693464
FR014159,0,0.0063622137531638145
FR009487,0,0.020752787590026855
FR006645,0,0.010603103786706924
FR006058,0,0.0074648745357990265
FR007683,0,0.010916600935161114
FR010566,0,0.0051805404946208
FR019833,0,0.016141949221491814
FR005463,0,0.008760894648730755
FR013319,0,0.03184859827160835
FR010103,0,0.004048546310514212
FR001948,0,0.029368463903665543
FR000020,0,0.006496752612292767
FR010781,0,0.029187221080064774
FR016641,0,0.006773259490728378
FR013551,0,0.008350632153451443
FR016952,0,0.006455395370721817
FR009496,0,0.005470428615808487
FR012672,0,0.010919345542788506
FR019854,0,0.005025067832320929
FR004382,0,0.005496294237673283
FR008368,0,0.006604262161999941
FR002149,0,0.009765553288161755
FR014304,0,0.032039739191532135
FR006461,0,0.004402127116918564
FR012842,0,0.0044607543386518955
FR013095,0,0.005378845147788525
FR018188,0,0.0054945978336036205
FR005295,0,0.002913043834269047
FR003152,0,0.0024969594087451696
FR004510,0,0.003994903061538935
FR016764,0,0.2476375699043274
FR006350,0,0.006259492132812738
FR015385,0,0.031070822849869728
FR017271,0,0.003619026392698288
FR019107,0,0.013118807226419449
FR011743,0,0.009657356888055801
FR006868,0,0.004383487161248922
FR001783,0,0.005424089729785919
FR010814,0,0.005635115318000317
FR001699,0,0.013609743677079678
FR010996,0,0.01823587901890278
FR010102,0,0.031435776501894
FR006778,0,0.008653765544295311
FR003178,0,0.0037870474625378847
FR000759,0,0.015775933861732483
FR010962,0,0.029274165630340576
FR004771,0,0.00755807850509882
FR015664,0,0.008111630566418171
FR012066,0,0.01644044741988182
FR012155,0,0.01837260089814663
FR000407,0,0.0051014418713748455
FR019316,0,0.0076055387035012245
FR000892,0,0.0039709098637104034
FR014940,0,0.02286606840789318
FR017185,0,0.0036223565693944693
FR015355,0,0.004443095065653324
FR011116,0,0.05714375525712967
FR005985,0,0.003944228403270245
FR010010,0,0.025514665991067886
FR009679,0,0.008847489021718502
FR009588,0,0.00684134429320693
FR005909,0,0.0033307389821857214
FR015377,0,0.03391224518418312
FR013006,0,0.006635679397732019
FR003700,0,0.027895821258425713
FR011464,0,0.00894157961010933
FR013892,0,0.015521146357059479
FR014457,0,0.012738637626171112
FR002046,0,0.006601985078305006
FR000857,0,0.005544519051909447
FR018894,0,0.038715071976184845
FR001467,0,0.006205560639500618
FR000073,0,0.006624652538448572
FR015135,0,0.01490749791264534
FR010082,0,0.014072662219405174
FR018314,0,0.0031874384731054306
FR014765,0,0.012575856409966946
FR017556,0,0.004809421952813864
FR002371,0,0.040498945862054825
FR018212,0,0.006566109135746956
FR000142,0,0.006558138877153397
FR008169,0,0.004764922428876162
FR003120,0,0.008607950992882252
FR008555,0,0.006075969897210598
FR017163,0,0.012467535212635994
FR016280,0,0.006405954249203205
FR010181,0,0.007408692967146635
FR006396,0,0.0039006839506328106
FR019465,0,0.005244624800980091
FR002024,0,0.005203732289373875
FR008974,0,0.015661809593439102
FR008791,0,0.020766373723745346
FR017039,0,0.005606239195913076
FR012793,0,0.007940990850329399
FR001962,0,0.07058780640363693
FR002083,0,0.009257327765226364
FR015556,0,0.01423434354364872
FR013747,0,0.00419251574203372
FR016700,0,0.009133302606642246
FR012075,0,0.005562392063438892
FR015322,0,0.020472446456551552
FR008891,0,0.006850759033113718
FR004102,0,0.005231883376836777
FR017982,0,0.007681393530219793
FR000667,0,0.01101798564195633
FR007311,0,0.018399998545646667
FR014275,0,0.03487616032361984
FR000423,0,0.009339923039078712
FR010359,0,0.007885430939495564
FR010460,0,0.005361655727028847
FR007910,0,0.013836834579706192
FR015632,0,0.01025476586073637
FR013935,0,0.014045852236449718
FR012640,0,0.004692678339779377
FR015655,0,0.010272256098687649
FR001866,0,0.007646738551557064
FR015132,0,0.01408381387591362
FR004817,0,0.05639500543475151
FR007471,0,0.008856027387082577
FR009769,0,0.009037592448294163
FR010643,0,0.003931437153369188
FR011349,0,0.010777555406093597
FR004162,0,0.005691835656762123
FR003641,0,0.0072145406156778336
FR017766,0,0.03858809545636177
FR001004,0,0.11658137291669846
FR003512,0,0.01082418579608202
FR015542,0,0.015618923120200634
FR016128,0,0.011112896725535393
FR012470,0,0.0313015840947628
FR007115,0,0.007321953307837248
FR018707,0,0.015096566639840603
FR012991,0,0.01545510534197092
FR002956,0,0.007200946565717459
FR018308,0,0.0031157888006418943
FR018661,0,0.003941348288208246
FR017786,0,0.0072236210107803345
FR006860,0,0.006322390865534544
FR000057,0,0.004975532181560993
FR009513,0,0.0031487587839365005
FR010873,0,0.011478601954877377
FR016970,0,0.007311414927244186
FR006941,0,0.01856818050146103
FR002344,0,0.028271228075027466
FR015847,0,0.0058539994060993195
FR017509,0,0.019974032416939735
FR009254,0,0.00881112553179264
FR013807,0,0.0030705651734024286
FR003315,0,0.03953751176595688
FR008704,0,0.00784217193722725
FR008764,0,0.004320560954511166
FR002202,0,0.0047789085656404495
FR013880,0,0.005820011720061302
FR000029,0,0.013800976797938347
FR009557,0,0.01024975348263979
FR000502,0,0.015721620991826057
FR016621,0,0.02758404053747654
FR019110,0,0.00664391927421093
FR018479,1,0.790174663066864
FR007330,0,0.004038025625050068
FR001116,0,0.22418725490570068
FR013187,0,0.012255385518074036
FR004360,0,0.05926543474197388
FR014239,0,0.008075841702520847
FR007650,0,0.037882328033447266
FR003566,0,0.007804010063409805
FR008680,0,0.012473096139729023
FR003339,0,0.012069922871887684
FR016653,0,0.007745064329355955
FR012597,0,0.0030502048321068287
FR019291,0,0.008371898904442787
FR015250,0,0.007548409514129162
FR011068,0,0.024220405146479607
FR014261,0,0.006659139879047871
FR009149,0,0.006439712829887867
FR011857,0,0.010178310796618462
FR015504,0,0.004706964828073978
FR019224,0,0.00874846801161766
FR010272,0,0.00671740947291255
FR008147,0,0.010249950923025608
FR007129,0,0.016601957380771637
FR013030,0,0.010315672494471073
FR015126,0,0.010895578190684319
FR009853,0,0.005904163233935833
FR014118,0,0.011217046529054642
FR001715,0,0.05332998186349869
FR001100,0,0.009064515121281147
FR012428,1,0.0097573297098279
FR015869,0,0.007805748376995325
FR013609,0,0.011963014490902424
FR013080,0,0.006670624949038029
FR019037,0,0.00920852180570364
FR010532,0,0.0053597260266542435
FR017453,0,0.004989908542484045
FR011546,0,0.014191792346537113
FR017959,0,0.004929169546812773
FR011217,0,0.01655545085668564
FR002736,0,0.007367436308413744
FR018858,0,0.01966148242354393
FR010581,0,0.007009448483586311
FR019220,0,0.010808135382831097
FR004868,0,0.006581692025065422
FR007591,0,0.019147351384162903
FR017586,0,0.007630758453160524
FR011820,0,0.0049372147768735886
FR013321,0,0.0041956002824008465
FR007070,0,0.006276534404605627
FR007378,0,0.03510977700352669
FR006711,0,0.005194752011448145
FR016137,0,0.004623543005436659
FR016941,0,0.05013703927397728
FR019322,0,0.008498262614011765
FR011043,0,0.019190870225429535
FR011008,0,0.009547397494316101
FR012934,0,0.01516684703528881
FR015217,0,0.03179742023348808
FR004499,0,0.004821196664124727
FR009061,0,0.006028085947036743
FR019058,0,0.027842262759804726
FR000461,0,0.45021840929985046
FR002591,0,0.00737247709184885
FR006035,0,0.007288746535778046
FR005136,0,0.004649837035685778
FR017193,0,0.0064855595119297504
FR004750,0,0.006596955005079508
FR001057,0,0.0031242899131029844
FR017988,0,0.01006097998470068
FR008013,0,0.03302920237183571
FR008189,0,0.008911342360079288
FR010085,0,0.00563517352566123
FR015915,0,0.027996156364679337
FR019987,0,0.005450931377708912
FR000611,0,0.005786974914371967
FR004651,0,0.013512284494936466
FR001323,0,0.008481701835989952
FR005268,0,0.007052947301417589
FR011527,0,0.0040337382815778255
FR003959,0,0.01574750617146492
FR011319,0,0.030551062896847725
FR007506,0,0.006820878945291042
FR018872,0,0.009486425668001175
FR017145,0,0.018924914300441742
FR014908,0,0.012950623407959938
FR006712,0,0.013932179659605026
FR018571,0,0.00491940276697278
FR009925,0,0.02199985645711422
FR011487,0,0.009549382142722607
FR011386,0,0.009371481835842133
FR015994,0,0.006243134383112192
FR019386,0,0.02217802219092846
FR007528,0,0.009088072925806046
FR013951,0,0.008823532611131668
FR013716,0,0.01899363286793232
FR007575,0,0.01948857307434082
FR007714,0,0.028661057353019714
FR019542,0,0.004717547446489334
FR005108,0,0.08736146241426468
FR005025,0,0.02877000905573368
FR013300,0,0.010657135397195816
FR005561,0,0.004373268689960241
FR004638,0,0.023559624329209328
FR010396,0,0.005616357550024986
FR011317,0,0.03472482040524483
FR017772,0,0.01014793198555708
FR014510,0,0.01079039927572012
FR009410,0,0.0053959437645971775
FR013978,0,0.10344693809747696
FR002115,0,0.009403910487890244
FR009697,0,0.020657410845160484
FR009624,0,0.010084244422614574
FR009303,0,0.016165684908628464
FR007353,0,0.013958263210952282
FR006430,0,0.003720328211784363
FR003174,0,0.009395726956427097
FR003911,0,0.07036042213439941
FR015790,0,0.005013647023588419
FR018801,0,0.0048415991477668285
FR018010,0,0.006252836901694536
FR007590,0,0.029924465343356133
FR015745,0,0.011013654060661793
FR011427,0,0.004066959489136934
FR003130,0,0.010097247548401356
FR012229,0,0.007926331833004951
FR009394,0,0.016007231548428535
FR001593,0,0.009164195507764816
FR012177,0,0.0130226481705904
FR007144,0,0.04037010297179222
FR002381,0,0.011164120398461819
FR016306,0,0.02552075870335102
FR000120,0,0.037396207451820374
FR017855,0,0.01124452892690897
FR004723,0,0.006065485533326864
FR012615,0,0.009689588099718094
FR009956,0,0.01493540033698082
FR011566,0,0.004589715972542763
FR013067,0,0.006078991107642651
FR013183,0,0.008179561235010624
FR006120,0,0.009254323318600655
FR006061,0,0.020522773265838623
FR019651,0,0.0036930320784449577
FR010651,0,0.11879301816225052
FR005828,0,0.004499150440096855
FR008464,0,0.005661851726472378
FR004427,0,0.03872130066156387
FR007779,0,0.03410549834370613
FR018209,0,0.006928220856934786
FR014799,0,0.09404381364583969
FR004644,0,0.01274974923580885
FR019283,0,0.007099658250808716
FR003015,0,0.024576904252171516
FR019042,0,0.01265482883900404
FR014034,0,0.048084210604429245
FR015644,0,0.03670881688594818
FR008329,0,0.026930280029773712
FR001922,0,0.007635023910552263
FR011173,0,0.004407641477882862
FR017558,0,0.01720276102423668
FR000028,0,0.008989386260509491
FR006005,0,0.005940604489296675
FR000317,0,0.01694442704319954
FR015324,0,0.00886201485991478
FR011975,0,0.007553189992904663
FR003640,0,0.003611149499192834
FR018691,0,0.004278676118701696
FR004766,0,0.006609313189983368
FR007338,0,0.007083568722009659
FR004198,0,0.0032340246252715588
FR014626,0,0.01244954764842987
FR006011,0,0.004531992599368095
FR015946,0,0.00734820868819952
FR009934,0,0.007206750568002462
FR010419,0,0.02458273619413376
FR000045,0,0.008761714212596416
FR016340,0,0.0102412523701787
FR006975,0,0.044744305312633514
FR010731,0,0.008076139725744724
FR012148,0,0.010523539036512375
FR013444,0,0.012247699312865734
FR000215,0,0.016409950330853462
FR010503,0,0.0034317723475396633
FR018623,0,0.008960813283920288
FR010080,0,0.007849926128983498
FR010886,0,0.003949801437556744
FR009745,0,0.02483719401061535
FR007509,0,0.007395932450890541
FR010127,0,0.012110439129173756
FR000670,0,0.006309968419373035
FR000876,0,0.0068832882679998875
FR015241,0,0.011633321642875671
FR005847,0,0.0036777451168745756
FR015189,0,0.020216960459947586
FR004236,0,0.0028700828552246094
FR009548,0,0.012791302055120468
FR016389,0,0.013487282209098339
FR013180,0,0.03964803367853165
FR014473,0,0.0031306184828281403
FR015021,0,0.014102363958954811
FR002604,0,0.04728158935904503
FR019732,0,0.009217609651386738
FR006725,0,0.059285424649715424
FR002002,0,0.00412030192092061
FR003752,0,0.0038464225362986326
FR000395,0,0.004362599458545446
FR016926,0,0.008955411612987518
FR004498,0,0.022427501156926155
FR012342,0,0.006272478960454464
FR003857,0,0.007942456752061844
FR013136,0,0.005530135240405798
FR019681,0,0.0070977890864014626
FR002128,0,0.011962180025875568
FR013583,0,0.01980559341609478
FR010724,0,0.002602484542876482
FR004788,0,0.005381735973060131
FR004581,0,0.005963518749922514
FR002376,0,0.005575447343289852
FR013506,0,0.014738068915903568
FR018776,0,0.005916495807468891
FR015272,0,0.010397622361779213
FR003694,0,0.005792794283479452
FR002774,0,0.011188339442014694
FR007896,0,0.01009977888315916
FR006028,0,0.006124502047896385
FR001104,0,0.019531678408384323
FR005966,0,0.005559702403843403
FR018098,0,0.00575109152123332
FR002859,0,0.005491693038493395
FR012272,0,0.12859800457954407
FR000165,0,0.007408177014440298
FR019972,0,0.010643232613801956
FR011707,0,0.01363584864884615
FR002207,0,0.037404052913188934
FR007512,0,0.005769760813564062
FR017680,0,0.017460014671087265
FR015762,0,0.003358534537255764
FR004911,0,0.004785998724400997
FR009234,0,0.011011477559804916
FR002291,0,0.014292793348431587
FR000174,0,0.028493624180555344
FR007598,0,0.005845322739332914
FR003127,0,0.01668306067585945
FR007606,0,0.00954215507954359
FR019247,0,0.008130740374326706
FR016881,0,0.007032889407128096
FR012928,0,0.021625027060508728
FR002802,0,0.007069432642310858
FR000866,0,0.004807762801647186
FR005280,0,0.004222160670906305
FR019607,0,0.005277262534946203
FR014263,0,0.010813810862600803
FR016933,0,0.005181652028113604
FR008483,0,0.007230141665786505
FR001899,0,0.013978083617985249
FR005081,0,0.004598298575729132
FR013931,0,0.00905992928892374
FR014037,0,0.007456142921000719
FR005529,0,0.01868470013141632
FR016452,0,0.0038829119876027107
FR006174,0,0.045203983783721924
FR018055,0,0.013453103601932526
FR002720,0,0.004005019087344408
FR007363,0,0.07187937945127487
FR015833,0,0.005008649080991745
FR013934,0,0.006499575451016426
FR014819,0,0.030544135719537735
FR010199,0,0.0069908639416098595
FR012233,0,0.008187631145119667
FR016630,0,0.00579780014231801
FR006571,0,0.0037883662153035402
FR011320,0,0.0061841863207519054
FR007456,0,0.007721130736172199
FR005598,0,0.018521474674344063
FR003132,0,0.008293358609080315
FR016387,0,0.021516526117920876
FR009847,0,0.0035441515501588583
FR004775,0,0.004582165274769068
FR009558,0,0.0043591586872935295
FR018916,0,0.01203832682222128
FR002096,0,0.008557913824915886
FR019639,0,0.006874515675008297
FR009993,0,0.021050695329904556
FR006242,0,0.003979369532316923
FR004478,0,0.0027218665927648544
FR010334,0,0.008794213645160198
FR008056,0,0.00683465413749218
FR003423,0,0.051735375076532364
FR011169,0,0.008235042914748192
FR006737,0,0.0042992387898266315
FR009910,0,0.004726787563413382
FR000329,0,0.004887499380856752
FR007644,0,0.003829812165349722
FR002108,0,0.006129699759185314
FR015139,0,0.008762704208493233
FR018547,0,0.007301623467355967
FR006216,0,0.005600066855549812
FR001767,0,0.007923767901957035
FR008889,0,0.04247191175818443
FR014022,0,0.009832821786403656
FR017608,0,0.012448727153241634
FR018531,0,0.003482333617284894
FR014395,0,0.008437229320406914
FR009277,0,0.004569374490529299
FR001646,0,0.011544380336999893
FR005100,0,0.003634365275502205
FR011249,0,0.01243932731449604
FR018542,0,0.003025857964530587
FR001143,0,0.007429782301187515
FR011288,0,0.011551608331501484
FR015525,1,0.11648178100585938
FR000397,0,0.007227407768368721
FR006189,0,0.04304758086800575
FR012321,0,0.014259335584938526
FR007655,0,0.006540584843605757
FR017442,0,0.014680592343211174
FR018927,0,0.004093591123819351
FR019040,0,0.004562088754028082
FR010341,0,0.005442864261567593
FR004251,0,0.0038885949179530144
FR006646,0,0.004923372529447079
FR013291,0,0.008512381464242935
FR019223,0,0.04396926239132881
FR009535,0,0.01413845643401146
FR000366,0,0.012764167971909046
FR002111,0,0.0223481897264719
FR008457,0,0.015635574236512184
FR019059,0,0.00676165334880352
FR019315,0,0.0035821401979774237
FR016654,0,0.03139856085181236
FR015980,0,0.004096542950719595
FR011730,0,0.009485158137977123
FR001929,0,0.002977453637868166
FR004056,0,0.003269402077421546
FR011656,0,0.0066504934802651405
FR017426,0,0.04264023154973984
FR011689,0,0.013977649621665478
FR009313,0,0.00934350211173296
FR015795,1,0.01365024596452713
FR019687,0,0.007563069462776184
FR016471,0,0.0032079084776341915
FR012522,0,0.08453403413295746
FR016673,0,0.007836953736841679
FR018744,0,0.016404179856181145
FR018073,0,0.0041350084356963634
FR009016,0,0.01722034439444542
FR004235,0,0.0075637102127075195
FR011148,0,0.008331053890287876
FR007407,0,0.031166434288024902
FR008518,0,0.007672868203371763
FR001766,0,0.01123723667114973
FR007653,0,0.004098603501915932
FR002780,0,0.015854688361287117
FR016103,0,0.004575162660330534
FR019533,0,0.024519557133316994
FR018895,0,0.005962676834315062
FR004059,0,0.007456799503415823
FR001199,0,0.007079518400132656
FR009800,0,0.017931731417775154
FR016388,0,0.03581106662750244
FR007096,0,0.009553798474371433
FR007005,0,0.015616540797054768
FR018610,0,0.003741948865354061
FR008925,0,0.006585758179426193
FR002394,0,0.020124170929193497
FR002807,0,0.012031269259750843
FR003721,0,0.0117090605199337
FR008263,0,0.005103458184748888
FR015512,0,0.030635830014944077
FR015269,0,0.004514787811785936
FR003716,1,0.011606919579207897
FR002586,0,0.0030427321325987577
FR002542,0,0.016236700117588043
FR006525,0,0.018342727795243263
FR002176,0,0.010580362752079964
FR002453,0,0.009267899207770824
FR015000,0,0.02074889838695526
FR009942,0,0.009158728644251823
FR004118,0,0.050135936588048935
FR005322,0,0.006317536812275648
FR016366,0,0.04022018611431122
FR000989,0,0.013163993135094643
FR011130,0,0.014829056337475777
FR007964,0,0.008097689598798752
FR019500,0,0.009185310453176498
FR003083,0,0.003536452306434512
FR016691,0,0.0047292085364460945
FR012617,0,0.022121425718069077
FR002266,0,0.00981218833476305
FR019820,0,0.01401540357619524
FR018076,0,0.052885450422763824
FR009571,0,0.016247283667325974
FR010993,0,0.00862550362944603
FR005187,0,0.0051858569495379925
FR005189,0,0.0144201023504138
FR013031,0,0.024882426485419273
FR016522,0,0.007303991820663214
FR015699,0,0.002967204200103879
FR012251,0,0.006590808276087046
FR003279,0,0.03492080047726631
FR013275,0,0.017943138256669044
FR012516,0,0.043833643198013306
FR013286,0,0.0055421800352633
FR010393,0,0.020718883723020554
FR002469,0,0.02009899541735649
FR006757,0,0.008868957869708538
FR003269,0,0.004725394304841757
FR012198,0,0.005536409094929695
FR004129,0,0.0035416334867477417
FR019804,0,0.027454370632767677
FR008355,0,0.004211910534650087
FR015271,0,0.007013346068561077
FR008105,0,0.004638960584998131
FR002270,0,0.010428962297737598
FR014027,0,0.005523446947336197
FR004125,0,0.034179672598838806
FR001797,0,0.00637153210118413
FR016465,0,0.008728786371648312
FR016762,0,0.016129134222865105
FR014511,0,0.016767526045441628
FR013408,0,0.03199932351708412
FR000416,0,0.011814762838184834
FR000489,0,0.009480132721364498
FR014853,0,0.14732243120670319
FR005026,0,0.011471766047179699
FR003543,0,0.0404466949403286
FR016849,0,0.053855426609516144
FR003443,0,0.053230736404657364
FR016426,0,0.007169356569647789
FR004151,0,0.003776893485337496
FR019523,0,0.012233378365635872
FR001425,0,0.0091658104211092
FR019250,0,0.011066945269703865
FR002436,0,0.010891487821936607
FR019185,0,0.002886546542868018
FR008312,0,0.009074311703443527
FR006390,0,0.005884693935513496
FR019183,0,0.005098661873489618
FR011507,0,0.011421057395637035
FR006149,0,0.017088865861296654
FR019195,0,0.022959494963288307
FR002773,0,0.0026325227227061987
FR017435,0,0.004504510201513767
FR015362,0,0.01078126672655344
FR006866,0,0.004227942321449518
FR002825,0,0.005427674390375614
FR019248,1,0.3382098972797394
FR016105,0,0.007032050285488367
FR009755,0,0.0034546134993433952
FR012814,0,0.019380202516913414
FR006053,0,0.012728099711239338
FR014032,0,0.0032648909837007523
FR003963,0,0.0127785075455904
FR015934,0,0.0297154001891613
FR003996,0,0.02985846810042858
FR009429,0,0.0028685959987342358
FR002310,0,0.004371055867522955
FR018654,0,0.0119814183562994
FR009880,0,0.0054826741106808186
FR014405,0,0.022850753739476204
FR017071,0,0.039705920964479446
FR006813,0,0.00455161789432168
FR002417,0,0.051169343292713165
FR016860,0,0.004837540909647942
FR008027,0,0.00491954293102026
FR019249,0,0.006178014446049929
FR001686,0,0.006513961125165224
FR000808,0,0.02089867554605007
FR012531,0,0.013267206028103828
FR016715,0,0.004723262041807175
FR019660,0,0.006017726380378008
FR017081,0,0.07323139160871506
FR018470,0,0.007724858354777098
FR015105,0,0.004025405738502741
FR012876,0,0.015639465302228928
FR007806,0,0.015977831557393074
FR002585,0,0.037504006177186966
FR009020,0,0.007842383347451687
FR012210,0,0.01070820540189743
FR005171,0,0.010015475563704967
FR018435,0,0.05359213054180145
FR018331,0,0.004705809988081455
FR006919,0,0.007596973795443773
FR002730,0,0.012411902658641338
FR009850,0,0.021418452262878418
FR008325,0,0.009380255825817585
FR011311,0,0.010765863582491875
FR006776,0,0.01112992875277996
FR012648,0,0.019159533083438873
FR010565,0,0.025316888466477394
FR014474,0,0.008555037900805473
FR016359,0,0.05655892565846443
FR016253,0,0.009664989076554775
FR009603,0,0.0033128997310996056
FR005085,0,0.01779010333120823
FR008750,0,0.0035930341109633446
FR014831,0,0.004879956599324942
FR018015,0,0.012894597835838795
FR007566,0,0.032078422605991364
FR015463,0,0.008633449673652649
FR007726,0,0.006036451086401939
FR010110,0,0.01570281758904457
FR002311,0,0.008897930383682251
FR001311,0,0.00889843050390482
FR000555,0,0.009341644123196602
FR001888,0,0.01785791851580143
FR012830,0,0.008466592989861965
FR008601,0,0.005395025014877319
FR016256,0,0.016427291557192802
FR014603,0,0.011470532976090908
FR014877,0,0.007887084037065506
FR010108,0,0.015774570405483246
FR005755,0,0.008464370854198933
FR015018,0,0.0032063748221844435
FR010151,0,0.004894431680440903
FR010746,0,0.003490676637738943
FR013494,0,0.003931960090994835
FR018819,0,0.00606687692925334
FR018734,0,0.01018749549984932
FR018597,0,0.008018394000828266
FR004455,0,0.006148567423224449
FR003792,0,0.005177209619432688
FR008674,0,0.01510706264525652
FR018456,0,0.025645803660154343
FR003495,0,0.037457291036844254
FR001600,0,0.0060782600194215775
FR012728,0,0.009261063300073147
FR003887,0,0.0045378501527011395
FR007678,0,0.2467227429151535
FR014094,0,0.029710182920098305
FR015636,0,0.008960356004536152
FR007164,0,0.07610446214675903
FR008895,0,0.005046333186328411
FR004171,0,0.04757215455174446
FR005657,0,0.008661226369440556
FR011340,0,0.02487162873148918
FR010009,0,0.013731157407164574
FR002067,0,0.014369208365678787
FR001082,0,0.006464497186243534
FR017144,0,0.0046141184866428375
FR002101,0,0.005343438591808081
FR008331,0,0.027122290804982185
FR008413,0,0.005808834917843342
FR004086,0,0.005693349521607161
FR014126,0,0.013699783012270927
FR009856,0,0.006755814887583256
FR005812,0,0.006250674370676279
FR019280,0,0.004157961346209049
FR018743,0,0.06945770978927612
FR011643,0,0.03662467002868652
FR010891,0,0.008210761472582817
FR013815,0,0.023414479568600655
FR007628,0,0.00785389356315136
FR015190,0,0.01739148236811161
FR018099,0,0.011593175120651722
FR002661,0,0.006815864238888025
FR009640,0,0.008515219204127789
FR017407,0,0.0060329558327794075
FR007813,0,0.009280460886657238
FR016532,0,0.010392545722424984
FR014759,0,0.11248115450143814
FR010446,0,0.019462648779153824
FR006081,0,0.01446979958564043
FR000092,0,0.010788979008793831
FR009564,0,0.011017045937478542
FR013252,0,0.002724961843341589
FR000772,0,0.011938055045902729
FR018467,0,0.02169727347791195
FR018755,0,0.006920269224792719
FR003292,0,0.006891775410622358
FR019394,0,0.02715585008263588
FR000938,0,0.040809426456689835
FR009189,0,0.045171547681093216
FR003679,0,0.005864298436790705
FR017401,0,0.032652754336595535
FR007557,0,0.006599648855626583
FR011277,0,0.011335435323417187
FR016775,0,0.05868600681424141
FR017111,0,0.005184599664062262
FR005156,0,0.005223603453487158
FR006947,0,0.007061859127134085
FR011819,0,0.006420286372303963
FR002987,0,0.010621834546327591
FR005943,0,0.005657670553773642
FR007088,0,0.022891145199537277
FR009357,0,0.12103035300970078
FR000032,0,0.00813116692006588
FR007708,0,0.004355939570814371
FR004430,0,0.031927935779094696
FR009284,0,0.037884291261434555
FR002513,0,0.011201007291674614
FR016818,0,0.01045667938888073
FR008934,0,0.01336890272796154
FR004895,0,0.023639343678951263
FR009855,0,0.006155774462968111
FR005992,0,0.004707954823970795
FR019279,0,0.008364008739590645
FR011094,0,0.006673026364296675
FR003477,0,0.03188859298825264
FR006417,0,0.010492080822587013
FR018533,0,0.009860907681286335
FR012987,0,0.02521722950041294
FR004078,0,0.0043870205990970135
FR013517,0,0.004689169581979513
FR017867,0,0.004071315284818411
FR016433,0,0.00609425688162446
FR014427,0,0.007222598418593407
FR000439,0,0.016028884798288345
FR001037,0,0.0064906952902674675
FR007588,1,0.011515913531184196
FR016461,0,0.005781813990324736
FR005418,0,0.006112587172538042
FR002442,0,0.005716746672987938
FR019407,0,0.004942070692777634
FR005764,0,0.007653724867850542
FR003687,0,0.005501796957105398
FR005150,0,0.07098129391670227
FR001803,0,0.39541196823120117
FR010142,0,0.005865235347300768
FR018960,0,0.0027168658562004566
FR019682,0,0.004631676711142063
FR012923,0,0.005139886401593685
FR009453,0,0.009639127179980278
FR000713,0,0.004305148031562567
FR005230,0,0.022460157051682472
FR001769,0,0.011252096854150295
FR017364,0,0.008505715988576412
FR001139,0,0.009399603120982647
FR009979,0,0.009261282160878181
FR018979,0,0.03193113952875137
FR007430,0,0.005887721199542284
FR003475,0,0.00498134084045887
FR016351,0,0.009121761657297611
FR013821,0,0.007699304260313511
FR014900,0,0.011319211684167385
FR005221,0,0.010083906352519989
FR007736,0,0.03067779168486595
FR019866,0,0.09420858323574066
FR002150,0,0.01632697321474552
FR018666,0,0.004290217999368906
FR014399,0,0.009342786855995655
FR003259,0,0.6988478899002075
FR019897,0,0.005138675216585398
FR015297,0,0.013615052215754986
FR008174,0,0.024325108155608177
FR009612,0,0.012202837504446507
FR001573,0,0.013862748630344868
FR005607,0,0.00757709750905633
FR017886,0,0.005222590174525976
FR000250,0,0.01334588322788477
FR010161,0,0.005250493995845318
FR013032,0,0.013235756196081638
FR008319,0,0.014350870624184608
FR008718,0,0.003523662919178605
FR013162,0,0.005433484446257353
FR016968,0,0.006269647274166346
FR011441,0,0.045302800834178925
FR019532,0,0.05884091928601265
FR007782,0,0.005464999470859766
FR019328,0,0.09104306250810623
FR009747,0,0.008830302394926548
FR007995,0,0.021159889176487923
FR014219,0,0.03308471292257309
FR001545,0,0.0061102211475372314
FR000127,0,0.005940260831266642
FR000464,0,0.014131950214505196
FR009848,0,0.008780959993600845
FR012658,1,0.5852252244949341
FR010661,0,0.01009665708988905
FR009119,0,0.007767603266984224
FR002132,0,0.016122445464134216
FR003604,0,0.005175250116735697
FR019976,0,0.03680171072483063
FR007006,0,0.007179349195212126
FR006773,0,0.007507418282330036
FR004282,0,0.006759642623364925
FR001337,0,0.004762616474181414
FR014416,0,0.007038712501525879
FR016047,0,0.02932068333029747
FR019064,0,0.00981263816356659
FR005339,0,0.00902798492461443
FR013099,0,0.01221118588000536
FR013222,0,0.003556236159056425
FR011913,0,0.014384391717612743
FR000821,0,0.026089536026120186
FR000163,0,0.09273350238800049
FR007709,0,0.00963240209966898
FR017554,1,0.018829798325896263
FR006700,0,0.007139032706618309
FR007012,0,0.007777739316225052
FR015439,0,0.0030232483986765146
FR017205,0,0.0056554824113845825
FR019975,0,0.0065466538071632385
FR003833,0,0.012075286358594894
FR003363,0,0.008979393169283867
FR004726,0,0.007971016690135002
FR016693,0,0.027960270643234253
FR012408,0,0.010854656808078289
FR009473,0,0.015066428110003471
FR002501,0,0.013182124122977257
FR017393,0,0.009536685422062874
FR005705,0,0.013919948600232601
FR017285,0,0.007584803272038698
FR004677,0,0.035878874361515045
FR004621,0,0.06942921131849289
FR019161,0,0.01360006257891655
FR012587,0,0.004851430654525757
FR002340,0,0.005814476870000362
FR008998,0,0.03585682436823845
FR001055,0,0.02548515424132347
FR012731,0,0.07278770208358765
FR010227,0,0.010373270139098167
FR004715,0,0.042852263897657394
FR019826,0,0.0076973773539066315
FR006729,0,0.0061224219389259815
FR016677,0,0.024005170911550522
FR013826,0,0.007993592880666256
FR012882,0,0.013391784392297268
FR006259,0,0.00759854493662715
FR010955,0,0.0050954148173332214
FR001691,0,0.00870994757860899
FR007866,0,0.00636407732963562
FR012631,0,0.007588274776935577
FR004800,0,0.028314467519521713
FR009034,0,0.008400822058320045
FR017892,0,0.02791077457368374
FR017585,0,0.004275085404515266
FR017881,0,0.0029054859187453985
FR000175,0,0.0064948443323373795
FR007354,0,0.00746121583506465
FR015672,0,0.022800862789154053
FR018195,0,0.007050035987049341
FR014730,0,0.03060189075767994
FR017745,0,0.021432794630527496
FR017097,0,0.009516303427517414
FR010459,0,0.009159225970506668
FR019563,0,0.02273510955274105
FR014317,0,0.0061692725867033005
FR008327,0,0.010897551663219929
FR014154,0,0.016127128154039383
FR005154,0,0.01089286059141159
FR006345,0,0.005024972837418318
FR009869,0,0.005427002441138029
FR009285,0,0.007378027308732271
FR012547,0,0.007783846464008093
FR019684,0,0.005862069316208363
FR010501,0,0.005900131538510323
FR002771,0,0.005302025470882654
FR019524,0,0.004979393444955349
FR006828,0,0.024334616959095
FR006740,0,0.022689176723361015
FR006143,1,0.02930074743926525
FR017423,0,0.014751036651432514
FR002269,0,0.004608056042343378
FR007101,0,0.00689610093832016
FR006774,0,0.004335151519626379
FR004794,0,0.005545131862163544
FR006680,0,0.004019130486994982
FR017824,0,0.01811094954609871
FR018546,0,0.008760256692767143
FR019411,0,0.003343218471854925
FR019034,0,0.024718396365642548
FR003035,0,0.005566257052123547
FR019001,0,0.00957897212356329
FR001541,0,0.006313314661383629
FR006335,0,0.007254764903336763
FR013858,0,0.006722336634993553
FR002582,0,0.05734274536371231
FR004443,0,0.008613242767751217
FR008104,0,0.0049721128307282925
FR005849,0,0.008250240236520767
FR008297,0,0.007448679301887751
FR017659,0,0.012967340648174286
FR006136,0,0.026497159153223038
FR006498,0,0.004019052255898714
FR015387,0,0.006003894843161106
FR011201,0,0.006392468698322773
FR017916,0,0.00857609510421753
FR001357,0,0.003476983169093728
FR013534,0,0.0052613611333072186
FR018759,0,0.01059352420270443
FR015426,0,0.0041983346454799175
FR001925,0,0.013924183323979378
FR006842,0,0.010641751810908318
FR013907,0,0.0037572586443275213
FR011826,0,0.00947345420718193
FR016147,0,0.004423247184604406
FR008484,0,0.014259705320000648
FR012458,0,0.0048211002722382545
FR017155,0,0.01871684566140175
FR012820,0,0.009401854127645493
FR011542,0,0.006582474801689386
FR009500,0,0.004413604736328125
FR011866,0,0.007977413944900036
FR009464,0,0.012676175683736801
FR010206,0,0.014289366081357002
FR003099,0,0.028143838047981262
FR003126,0,0.09156946837902069
FR007391,0,0.005262546706944704
FR003949,0,0.004655361641198397
FR013091,0,0.007629293017089367
FR004806,0,0.012501479126513004
FR015633,0,0.006000068504363298
FR012125,0,0.012397234328091145
FR015652,0,0.03436728194355965
FR019599,0,0.019431382417678833
FR009990,0,0.02496407739818096
FR008576,0,0.004622568842023611
FR005196,0,0.01533224992454052
FR019359,0,0.005448812618851662
FR013078,0,0.00493200495839119
FR007326,0,0.01920214854180813
FR008759,0,0.012368817813694477
FR008418,0,0.0067718676291406155
FR004490,0,0.02483949437737465
FR017597,0,0.04039406031370163
FR018451,0,0.045621536672115326
FR016718,0,0.03962147235870361
FR007071,0,0.017904888838529587
FR010076,0,0.007111041806638241
FR000600,0,0.5476745367050171
FR017258,0,0.0194555651396513
FR008594,0,0.005580602213740349
FR012627,0,0.004739566706120968
FR003608,0,0.01072604674845934
FR001869,0,0.013821727596223354
FR006353,0,0.06007039174437523
FR007261,0,0.008923950605094433
FR002627,0,0.006107192952185869
FR010426,0,0.018595702946186066
FR017863,0,0.007944981567561626
FR006089,0,0.007306685671210289
FR015384,0,0.00527800852432847
FR004310,0,0.004755807109177113
FR005270,0,0.004226051736623049
FR007940,0,0.0029045536648482084
FR018814,0,0.014304136857390404
FR005815,0,0.017787987366318703
FR002233,0,0.013943438418209553
FR003169,0,0.010164537467062473
FR004402,0,0.003234053496271372
FR014193,0,0.013503986410796642
FR017148,0,0.021659893915057182
FR005858,0,0.009189286269247532
FR019554,1,0.0792035236954689
FR002484,0,0.015383330173790455
FR013947,0,0.0069604492746293545
FR011701,0,0.010019566863775253
FR012452,0,0.014090854674577713
FR010827,0,0.003902045777067542
FR018164,0,0.004017623141407967
FR005072,1,0.5805635452270508
FR003932,0,0.02736581303179264
FR010434,0,0.04242103546857834
FR010226,0,0.006210205610841513
FR003222,0,0.007450967561453581
FR014856,0,0.037420254200696945
FR003997,0,0.011883889324963093
FR018265,0,0.010141530074179173
FR000788,0,0.011109774000942707
FR010627,0,0.003225481603294611
FR005252,0,0.010657723993062973
FR004594,0,0.0043517230078577995
FR007888,0,0.0059066712856292725
FR017635,0,0.009457524865865707
FR006624,0,0.00687268003821373
FR015647,0,0.004330276511609554
FR011806,0,0.012934011407196522
FR000900,0,0.008076552301645279
FR009286,0,0.008537930436432362
FR013076,0,0.006448762491345406
FR002801,0,0.007617312949150801
FR003466,0,0.015082273632287979
FR012583,0,0.006563139613717794
FR006316,0,0.016484912484884262
FR001666,0,0.009618600830435753
FR002702,0,0.003139551030471921
FR014384,0,0.029617618769407272
FR017778,0,0.007754242047667503
FR009636,0,0.006067446433007717
FR004770,0,0.02782391384243965
FR011537,0,0.0076374816708266735
FR015224,0,0.02357512339949608
FR009298,0,0.005389813333749771
FR019785,0,0.0054662046022713184
FR009311,0,0.007300506811589003
FR011005,0,0.010759633965790272
FR001735,0,0.060971107333898544
FR011547,0,0.004572995938360691
FR010308,0,0.017960095778107643
FR006663,0,0.04621288552880287
FR005810,0,0.006215729285031557
FR018417,0,0.01164332777261734
FR011728,0,0.04712072014808655
FR008251,1,0.00945503730326891
FR005641,0,0.09558630734682083
FR011835,0,0.021340204402804375
FR009724,0,0.007117636501789093
FR017294,0,0.004269631113857031
FR004069,0,0.004651805851608515
FR012871,0,0.014907400123775005
FR005973,0,0.004203151911497116
FR001547,0,0.007902261801064014
FR005600,0,0.02373841032385826
FR005035,0,0.006276472005993128
FR014692,0,0.013059944845736027
FR002974,0,0.0054915472865104675
FR012124,0,0.0048387739807367325
FR003029,0,0.006698013748973608
FR002744,0,0.01607207953929901
FR016533,0,0.003911422565579414
FR013841,0,0.08472632616758347
FR001181,1,0.051103461533784866
FR018134,0,0.011010335758328438
FR012888,0,0.005723589099943638
FR011513,0,0.04275205358862877
FR003575,0,0.019999394193291664
FR015483,0,0.004949378315359354
FR004678,0,0.0048126522451639175
FR018080,0,0.005945021286606789
FR008967,0,0.005637533497065306
FR015960,0,0.01352714654058218
FR002707,0,0.005958057474344969
FR005155,0,0.003076168242841959
FR013619,0,0.011441247537732124
FR008983,0,0.006395707372575998
FR006660,0,0.008401453495025635
FR001872,0,0.06839247792959213
FR006880,0,0.0064388164319098
FR017517,0,0.01649271510541439
FR007681,0,0.04564346373081207
FR004351,0,0.0773734301328659
FR012629,0,0.02536311186850071
FR010090,0,0.005061393603682518
FR000021,0,0.004027807619422674
FR016515,0,0.00971412193030119
FR014056,0,0.008647373877465725
FR011554,0,0.008373869583010674
FR011114,0,0.006340459920465946
FR016445,0,0.017932016402482986
FR016086,0,0.0088554872199893
FR000234,0,0.004870887380093336
FR016634,0,0.003904335666447878
FR004484,0,0.004600291606038809
FR013079,0,0.020150085911154747
FR007038,0,0.004696949850767851
FR015302,0,0.004691135138273239
FR007329,0,0.02725951001048088
FR016498,0,0.013055489398539066
FR013801,0,0.0058609358966350555
FR013981,0,0.005084929522126913
FR003262,0,0.07852000743150711
FR003395,0,0.0035042676609009504
FR005388,0,0.023027146235108376
FR002095,0,0.00384321715682745
FR010269,0,0.007110024802386761
FR019300,0,0.00572115508839488
FR011219,0,0.004916768055409193
FR016613,0,0.01496250368654728
FR013811,0,0.0059395432472229
FR002965,0,0.028422454372048378
FR007641,0,0.0045074536465108395
FR008300,0,0.00532535882666707
FR010505,0,0.010927443392574787
FR015682,0,0.008922580629587173
FR000677,0,0.016681816428899765
FR001312,0,0.004889503587037325
FR007920,0,0.0050414446741342545
FR001532,0,0.005211750511080027
FR015574,0,0.01369826216250658
FR013972,0,0.005538084078580141
FR004456,0,0.007284476421773434
FR010282,0,0.006998856086283922
FR010469,0,0.004364393651485443
FR011045,0,0.034528862684965134
FR010900,0,0.00576350511983037
FR001528,0,0.0036930441856384277
FR000510,0,0.00659890566021204
FR011586,0,0.0063467444851994514
FR018492,0,0.0061875018291175365
FR019005,0,0.004152976907789707
FR010182,0,0.006812717765569687
FR017611,0,0.006061267107725143
FR013864,0,0.005297689698636532
FR017065,0,0.013946782797574997
FR001720,0,0.007759463973343372
FR007283,0,0.008203999139368534
FR009807,0,0.025890842080116272
FR016044,0,0.004381990991532803
FR003093,0,0.006018230691552162
FR006487,0,0.01030563935637474
FR018152,0,0.0034035344142466784
FR015181,0,0.0469186045229435
FR007672,0,0.027782605960965157
FR015007,0,0.003672592807561159
FR015786,0,0.004456870723515749
FR010579,0,0.009239553473889828
FR013257,0,0.01631489396095276
FR009732,0,0.019961919635534286
FR018029,0,0.003234896110370755
FR008957,0,0.007775512523949146
FR012183,0,0.00945029966533184
FR019991,0,0.01107979565858841
FR010495,0,0.03753326088190079
FR011726,0,0.00798912812024355
FR000846,0,0.007477603852748871
FR002795,0,0.004084472078830004
FR009309,0,0.02955937758088112
FR015072,0,0.42084014415740967
FR001214,0,0.005830812267959118
FR008796,0,0.008387172594666481
FR013225,0,0.018010515719652176
FR001299,0,0.00987681932747364
FR006411,0,0.006108556408435106
FR015590,0,0.016994349658489227
FR010844,0,0.011483488604426384
FR005588,0,0.014811491593718529
FR007235,0,0.024940641596913338
FR014857,0,0.014960712753236294
FR010903,0,0.06644881516695023
FR010070,0,0.006657206919044256
FR001400,0,0.009874054230749607
FR009692,0,0.004567087162286043
FR005999,0,0.01204531081020832
FR003437,0,0.005883026402443647
FR003923,0,0.013721744529902935
FR014670,0,0.01135353371500969
FR008447,0,0.04695688188076019
FR019139,0,0.050323788076639175
FR015111,0,0.011596929281949997
FR007444,0,0.17047670483589172
FR001304,0,0.018971553072333336
FR001020,0,0.0169497262686491
FR017698,0,0.00663234805688262
FR009904,0,0.053995367139577866
FR013944,0,0.006373416632413864
FR000993,0,0.00799049623310566
FR011061,0,0.008573313243687153
FR001355,0,0.003818424418568611
FR003333,0,0.009414879605174065
FR001556,0,0.005496719386428595
FR017697,0,0.005091396160423756
FR009395,0,0.003718232735991478
FR012966,0,0.005171102937310934
FR013873,0,0.029961368069052696
FR007241,0,0.003977484069764614
FR002750,0,0.008740565739572048
FR013579,0,0.006001015659421682
FR012252,0,0.00886230356991291
FR004935,0,0.004016892518848181
FR006052,0,0.007741549983620644
FR010633,0,0.018178412690758705
FR012504,0,0.008600487373769283
FR010978,0,0.011536732316017151
FR013043,0,0.015171241015195847
FR004192,0,0.004298271611332893
FR012247,0,0.021808888763189316
FR004722,0,0.0078972727060318
FR014958,0,0.009973913431167603
FR008685,0,0.013790733180940151
FR003042,0,0.018910100683569908
FR017332,0,0.004495852626860142
FR010892,0,0.012338796630501747
FR018587,0,0.007645627949386835
FR000588,0,0.009853159077465534
FR012176,0,0.02673502266407013
FR017237,0,0.006442532874643803
FR008094,0,0.008524342440068722
FR014500,0,0.010250406339764595
FR009554,0,0.01025133952498436
FR006310,0,0.008948219940066338
FR017288,0,0.006648225709795952
FR009482,0,0.0059598651714622974
FR013594,0,0.005009452346712351
FR005370,0,0.005270965863019228
FR006456,0,0.004616429563611746
FR005413,0,0.13654467463493347
FR016507,0,0.009697058238089085
FR002599,0,0.014692054130136967
FR000204,0,0.028418008238077164
FR009527,0,0.00684182345867157
FR017307,0,0.0029177621472626925
FR002200,0,0.01110426988452673
FR011639,0,0.005348689388483763
FR007504,0,0.029016336426138878
FR000426,0,0.03148972988128662
FR007637,0,0.006006114650517702
FR018022,0,0.004417222458869219
FR012062,0,0.0064085195772349834
FR017284,0,0.009347938932478428
FR006617,0,0.008428437635302544
FR017414,0,0.007364486809819937
FR015290,0,0.0057518575340509415
FR004978,0,0.007325243204832077
FR006905,0,0.02539840340614319
FR012114,0,0.006270092912018299
FR017934,0,0.02150738425552845
FR000823,0,0.019347134977579117
FR008172,0,0.006138068623840809
FR001481,0,0.0073075913824141026
FR004332,0,0.016039445996284485
FR007013,0,0.0047609261237084866
FR000837,0,0.015287025831639767
FR006582,0,0.005693830084055662
FR005365,0,0.01282318215817213
FR010379,0,0.0028954148292541504
FR016224,0,0.01553327590227127
FR003268,0,0.007944274693727493
FR004165,0,0.006577998399734497
FR011440,0,0.012361159548163414
FR009467,0,0.008402450941503048
FR009306,0,0.007655119523406029
FR005003,0,0.007236802019178867
FR008864,0,0.004790452308952808
FR012429,0,0.09039398282766342
FR006500,0,0.012071839533746243
FR012598,0,0.0194117221981287
FR000126,0,0.004799118731170893
FR013071,0,0.005235815886408091
FR006772,0,0.0141806835308671
FR019498,0,0.005806494504213333
FR017699,0,0.02987692505121231
FR011628,0,0.005654331762343645
FR011182,0,0.004645396489650011
FR012840,0,0.16013438999652863
FR014960,0,0.008577010594308376
FR002142,0,0.025228478014469147
FR014517,0,0.02499075047671795
FR011986,1,0.22760890424251556
FR001498,0,0.013997497968375683
FR016182,0,0.005246164742857218
FR007560,0,0.003921206574887037
FR012899,0,0.007626762613654137
FR012180,0,0.009135003201663494
FR005795,0,0.05188436806201935
FR008736,0,0.03463069722056389
FR005019,0,0.04944794625043869
FR003881,0,0.011114547029137611
FR014458,0,0.0048883878625929356
FR011889,0,0.01414430607110262
FR017142,0,0.011734571307897568
FR001327,0,0.0044333841651678085
FR009913,0,0.007908851839601994
FR004066,0,0.018819741904735565
FR012446,0,0.010816570371389389
FR002109,0,0.015443637035787106
FR009611,0,0.010125067085027695
FR001663,0,0.007572850212454796
FR000672,0,0.007672322914004326
FR015703,0,0.006205893121659756
FR007573,0,0.007417201064527035
FR013339,0,0.004099039360880852
FR013268,0,0.006496333982795477
FR015237,0,0.0058881682343780994
FR015432,0,0.009527051821351051
FR004392,0,0.05626356601715088
FR002362,0,0.007947086356580257
FR002386,0,0.010815219022333622
FR010342,0,0.06826941668987274
FR004801,0,0.025384055450558662
FR001723,0,0.02293841540813446
FR006932,0,0.00686405086889863
FR013309,0,0.0041147335432469845
FR012527,0,0.006165461614727974
FR018912,0,0.010446703061461449
FR017021,0,0.007159791421145201
FR015304,0,0.007743656635284424
FR015492,0,0.027479328215122223
FR017956,0,0.007906236685812473
FR002799,0,0.01159723661839962
FR013117,0,0.03910354524850845
FR000542,0,0.009825531393289566
FR003024,0,0.008334671147167683
FR011807,0,0.0031429885420948267
FR008088,0,0.008145674131810665
FR007233,0,0.007824757136404514
FR019281,0,0.006447464227676392
FR001862,0,0.04553575441241264
FR014551,0,0.02740393951535225
FR013192,0,0.016535969451069832
FR001656,0,0.01866989955306053
FR009266,0,0.0028251451440155506
FR006102,0,0.004462790209800005
FR014945,0,0.031110303476452827
FR017343,0,0.01773461326956749
FR008145,0,0.017888084053993225
FR015039,0,0.02186228707432747
FR016088,0,0.009771125391125679
FR018460,0,0.012726307846605778
FR003885,0,0.012792831286787987
FR005655,0,0.010194643400609493
FR005793,0,0.007524549029767513
FR006733,0,0.008839530870318413
FR008844,0,0.007249645888805389
FR009673,1,0.05109158158302307
FR017861,0,0.005376842804253101
FR008476,0,0.006805797107517719
FR017161,0,0.005295275244861841
FR001444,0,0.03566141799092293
FR008651,0,0.0061523159965872765
FR012866,0,0.014510765671730042
FR000941,0,0.007611694745719433
FR001955,0,0.025142299011349678
FR009871,0,0.014220507815480232
FR001991,0,0.013734191656112671
FR010528,0,0.005064789671450853
FR008230,0,0.004432572051882744
FR006902,0,0.010191727429628372
FR008881,0,0.011080204509198666
FR004220,0,0.03601473942399025
FR006887,0,0.0058334749191999435
FR005723,0,0.00840525608509779
FR015661,0,0.010808910243213177
FR013469,0,0.013767950236797333
FR000945,0,0.005561598110944033
FR009165,0,0.2479763627052307
FR015418,0,0.005470431409776211
FR008414,0,0.004911400377750397
FR007160,0,0.003551469650119543
FR006644,0,0.006470656022429466
FR019849,0,0.007686367724090815
FR009534,0,0.0042975409887731075
FR014943,0,0.00721977511420846
FR005516,0,0.08165885508060455
FR016989,0,0.0024734630715101957
FR001273,0,0.00908687524497509
FR014487,0,0.019929230213165283
FR007174,0,0.020350469276309013
FR012994,0,0.03577603027224541
FR002419,0,0.026740798726677895
FR006496,0,0.01104660052806139
FR000478,0,0.013203112408518791
FR002090,0,0.01717655546963215
FR015773,0,0.0076029193587601185
FR003043,0,0.0057013374753296375
FR016203,0,0.009348093532025814
FR004583,0,0.009269287809729576
FR015923,0,0.026483871042728424
FR010499,0,0.006833359133452177
FR019691,0,0.008649577386677265
FR014657,0,0.019509872421622276
FR010837,0,0.014872721396386623
FR006111,0,0.003701714565977454
FR007387,0,0.024214601144194603
FR012534,0,0.00729678338393569
FR004260,0,0.01406165026128292
FR019947,0,0.009913880378007889
FR000621,0,0.012754924595355988
FR017481,0,0.010312587022781372
FR004463,0,0.00711666326969862
FR002434,0,0.005327680613845587
FR004580,0,0.004645868204534054
FR000149,0,0.0033635355066508055
FR007981,0,0.0059093511663377285
FR014810,0,0.02792952209711075
FR014547,0,0.006881046108901501
FR009811,0,0.006536554545164108
FR017598,0,0.007325118873268366
FR001064,0,0.008186787366867065
FR007453,0,0.004942263010889292
FR004799,0,0.003669049357995391
FR012035,0,0.022943859919905663
FR006154,0,0.022881699725985527
FR011787,0,0.011454728431999683
FR000470,0,0.007719840854406357
FR002929,0,0.003899235278367996
FR016629,0,0.004990138113498688
FR019569,0,0.01146747823804617
FR012327,0,0.008599682711064816
FR006584,0,0.008092336356639862
FR005619,0,0.010172317735850811
FR017244,0,0.007254108786582947
FR004444,0,0.00574677437543869
FR015827,0,0.008601190522313118
FR009486,0,0.00295220292173326
FR011021,0,0.006901935674250126
FR012113,0,0.0030494392849504948
FR014171,0,0.0029951860196888447
FR006604,0,0.006361252162605524
FR015709,0,0.006777186878025532
FR009153,0,0.009737883694469929
FR005062,0,0.027730612084269524
FR015011,0,0.003974624909460545
FR015394,0,0.009378678165376186
FR012448,0,0.01008218340575695
FR015445,0,0.006598202046006918
FR000229,0,0.0033745975233614445
FR008014,0,0.013543190434575081
FR013069,0,0.02127731591463089
FR000986,0,0.005091623403131962
FR000254,0,0.004905817564576864
FR002366,0,0.0029094615019857883
FR015427,0,0.01735735684633255
FR008204,0,0.08398320525884628
FR009965,0,0.008809622377157211
FR009114,0,0.00327987945638597
FR002332,1,0.009148414246737957
FR005739,0,0.014145608991384506
FR016768,0,0.008540650829672813
FR018355,0,0.007923583500087261
FR016937,0,0.011537570506334305
FR005188,0,0.0024755923077464104
FR005949,0,0.01119181141257286
FR012017,0,0.005952536128461361
FR015692,0,0.004559880122542381
FR019370,0,0.016818905249238014
FR014794,0,0.023749353364109993
FR018770,0,0.013168193399906158
FR004533,0,0.144576758146286
FR004026,0,0.015166169963777065
FR006755,0,0.006262236274778843
FR000037,0,0.004193101078271866
FR019045,0,0.006656727287918329
FR010743,0,0.006048852112144232
FR012698,0,0.005292914807796478
FR006583,0,0.020481767132878304
FR007470,0,0.010722201317548752
FR015560,0,0.007762662600725889
FR008192,0,0.017791777849197388
FR006172,0,0.01119101420044899
FR009458,0,0.004557143431156874
FR000815,0,0.039698291569948196
FR010471,0,0.0069387140683829784
FR000123,0,0.033668529242277145
FR007823,0,0.005100312177091837
FR015909,0,0.02402392402291298
FR011129,0,0.006620150990784168
FR011825,0,0.005289691966027021
FR004530,0,0.004803021904081106
FR005242,0,0.0062848227098584175
FR015824,0,0.01152055524289608
FR002057,0,0.009237262420356274
FR002607,1,0.5987651944160461
FR011836,0,0.02970346063375473
FR019863,0,0.0276937335729599
FR004521,0,0.006354288198053837
FR014801,0,0.00712669687345624
FR017063,0,0.016094248741865158
FR000717,0,0.007169214077293873
FR015075,0,0.006311409175395966
FR007704,0,0.01927782967686653
FR004367,0,0.011260168626904488
FR007831,0,0.01871764101088047
FR015648,0,0.014574303291738033
FR011912,0,0.004239640198647976
FR018486,0,0.007892570458352566
FR011032,0,0.00473336037248373
FR009194,0,0.00618839031085372
FR013247,0,0.00930151529610157
FR000063,0,0.008939939551055431
FR014417,0,0.013877247460186481
FR004472,0,0.005803822074085474
FR014625,0,0.015757065266370773
FR016041,0,0.012422913685441017
FR015415,0,0.006816302891820669
FR004878,0,0.03256695345044136
FR010569,0,0.006003396585583687
FR009002,0,0.007267093285918236
FR007933,0,0.014264042489230633
FR014045,0,0.004182710777968168
FR015430,0,0.0027126753702759743
FR017204,0,0.022770904004573822
FR017679,0,0.02529776282608509
FR016022,0,0.0044365632347762585
FR009525,0,0.025070393458008766
FR000816,0,0.07478281110525131
FR011747,0,0.0062427883967757225
FR012703,0,0.0029799926560372114
FR015913,1,0.16315814852714539
FR012549,0,0.008261570706963539
FR018536,0,0.03148915618658066
FR015564,0,0.023522088304162025
FR016037,0,0.0037479710299521685
FR004537,0,0.0044221724383533
FR006466,0,0.01517506130039692
FR014364,0,0.2709321677684784
FR014298,0,0.005922379903495312
FR003438,0,0.011534519493579865
FR008600,0,0.022044170647859573
FR017840,0,0.008897706866264343
FR004504,0,0.005526774562895298
FR004951,0,0.027170252054929733
FR000872,0,0.007986056618392467
FR013729,0,0.01010076142847538
FR009696,0,0.006485202349722385
FR001448,0,0.03217808157205582
FR004160,0,0.049698010087013245
FR018070,0,0.004947326146066189
FR009914,0,0.0066350786946713924
FR016480,0,0.005339197348803282
FR008101,0,0.012072584591805935
FR008272,0,0.003155819373205304
FR004646,0,0.00684213126078248
FR017833,0,0.07577253133058548
FR006877,0,0.006912805140018463
FR015916,1,0.02342790551483631
FR017633,0,0.004239557310938835
FR001374,0,0.004012945108115673
FR010674,0,0.007086530327796936
FR019261,0,0.011360766366124153
FR018408,0,0.009320847690105438
FR012970,0,0.0101822754368186
FR013635,0,0.006456209346652031
FR013675,0,0.04505802318453789
FR017221,0,0.005710930563509464
FR009508,0,0.021048368886113167
FR012405,0,0.010386236011981964
FR005603,0,0.003989599645137787
FR018956,0,0.007728393189609051
FR002104,0,0.012427061796188354
FR003137,0,0.010285514406859875
FR003989,0,0.008467113599181175
FR015840,0,0.004067816771566868
FR000563,0,0.005736104212701321
FR019567,0,0.01141243614256382
FR010560,0,0.0037941725458949804
FR001923,0,0.007876971736550331
FR007694,0,0.0034878512378782034
FR009033,0,0.01106746681034565
FR008562,0,0.005407233722507954
FR014948,0,0.007353674620389938
FR017450,0,0.012661133892834187
FR009301,0,0.037561703473329544
FR008244,0,0.00590315880253911
FR000860,0,0.02391858585178852
FR002639,0,0.004395732656121254
FR018471,0,0.006338377948850393
FR000946,0,0.07683953642845154
FR013588,0,0.04938836395740509
FR018215,0,0.006362892221659422
FR017315,0,0.021000871434807777
FR009793,0,0.006493506487458944
FR011301,0,0.0036785004194825888
FR013201,0,0.010710296221077442
FR012169,0,0.010182865895330906
FR012780,0,0.07723916321992874
FR012163,0,0.015998633578419685
FR004330,0,0.004738554358482361
FR001428,0,0.007243941072374582
FR013911,0,0.050697702914476395
FR007166,0,0.005329676903784275
FR006581,0,0.013802352361381054
FR010783,0,0.02063797228038311
FR009630,0,0.006043078377842903
FR017713,0,0.006068268790841103
FR009881,0,0.006605294533073902
FR009456,0,0.006818692199885845
FR012145,0,0.004154596012085676
FR005640,0,0.0073877559043467045
FR005541,0,0.057265859097242355
FR012074,0,0.011825121939182281
FR010425,0,0.005166167393326759
FR016421,0,0.016472099348902702
FR006287,0,0.011122631840407848
FR008801,0,0.029273811727762222
FR015298,0,0.010066429153084755
FR018803,0,0.0060180542059242725
FR008753,0,0.006814298685640097
FR005693,0,0.027582718059420586
FR005049,0,0.008688010275363922
FR008950,0,0.03524954989552498
FR019318,0,0.02638309821486473
FR000115,0,0.007623796351253986
FR010944,0,0.005772934295237064
FR001858,0,0.012114433571696281
FR000835,0,0.005176058039069176
FR017492,0,0.030078787356615067
FR010008,0,0.01933732070028782
FR009602,0,0.0085618756711483
FR000135,0,0.007225405890494585
FR016692,0,0.00519343139603734
FR008637,0,0.004847854375839233
FR003901,0,0.004384559113532305
FR016303,0,0.006531388498842716
FR009762,0,0.17424985766410828
FR016581,0,0.19421538710594177
FR016927,0,0.0029383765067905188
FR018820,0,0.003561774268746376
FR018953,0,0.00480011897161603
FR012215,0,0.009182711131870747
FR012939,0,0.07878322154283524
FR017835,0,0.00953791942447424
FR002374,0,0.004148290026932955
FR008062,0,0.004762835800647736
FR004276,0,0.007847015745937824
FR013569,0,0.007963905110955238
FR011296,0,0.00618629390373826
FR019344,0,0.005231922958046198
FR014471,0,0.009234181605279446
FR004604,0,0.0041370396502316
FR002854,0,0.0034682240802794695
FR010015,0,0.007614577189087868
FR009804,0,0.008222912438213825
FR001201,0,0.00896546896547079
FR011522,0,0.004972700495272875
FR011911,0,0.009934579953551292
FR007932,0,0.004779173992574215
FR013023,0,0.00913163274526596
FR014012,0,0.00762825645506382
FR019620,0,0.007558578625321388
FR010535,0,0.004444058984518051
FR017230,0,0.015322836115956306
FR012556,0,0.005913717672228813
FR000077,0,0.02979244664311409
FR008999,1,0.014160385355353355
FR003634,0,0.012677542865276337
FR015017,0,0.0058976709842681885
FR007355,0,0.004768928978592157
FR009676,0,0.005177897401154041
FR000919,0,0.005643746815621853
FR011514,0,0.005571552086621523
FR012456,0,0.008882195688784122
FR015551,0,0.010416995733976364
FR014041,0,0.006492051295936108
FR002763,0,0.005192335229367018
FR001875,0,0.006693783216178417
FR015351,0,0.007065982557833195
FR011214,1,0.46203696727752686
FR018079,0,0.14723287522792816
FR016336,0,0.010266062803566456
FR000148,1,0.03877963125705719
FR014519,0,0.0058970083482563496
FR010893,0,0.01365392655134201
FR018202,0,0.00642526475712657
FR019206,0,0.003730383701622486
FR018406,0,0.004357236437499523
FR008586,0,0.01035303995013237
FR014407,0,0.03805731609463692
FR001856,0,0.008522042073309422
FR007548,0,0.0064984457567334175
FR000207,0,0.005761781241744757
FR007935,0,0.005436412524431944
FR012009,0,0.00833340547978878
FR015073,0,0.004765594378113747
FR006859,0,0.01788511872291565
FR019164,0,0.00741821201518178
FR008462,0,0.004828816745430231
FR010935,0,0.006447439547628164
FR015797,0,0.02843671850860119
FR005151,0,0.03256786987185478
FR010728,0,0.005376521963626146
FR007867,0,0.01223019789904356
FR003038,0,0.0059299953281879425
FR006191,0,0.020948220044374466
FR016713,0,0.007750808261334896
FR010839,0,0.005548177752643824
FR002813,0,0.007287804968655109
FR014834,0,0.007233058102428913
FR008748,0,0.0038179364055395126
FR019566,0,0.0229315385222435
FR017444,0,0.005002127960324287
FR011625,0,0.0048768408596515656
FR003242,0,0.008917197585105896
FR010304,0,0.005393016617745161
FR018401,0,0.008167003281414509
FR001014,0,0.013767147436738014
FR010230,0,0.009333832189440727
FR018338,0,0.0921562984585762
FR009069,0,0.030554989352822304
FR004820,0,0.00980909913778305
FR018438,0,0.006559490226209164
FR011660,0,0.003874656278640032
FR007220,0,0.007999659515917301
FR011153,1,0.6947768330574036
FR007989,0,0.006056143902242184
FR003474,0,0.009461112320423126
FR018680,0,0.015346595086157322
FR007232,0,0.0032751718536019325
FR014081,0,0.005068243946880102
FR007466,0,0.011414636857807636
FR011569,0,0.00436624838039279
FR003116,0,0.004715577699244022
FR005557,0,0.004470855928957462
FR002592,0,0.0063134911470115185
FR004250,0,0.005768718663603067
FR015371,0,0.049678005278110504
FR012363,0,0.005150391720235348
FR011113,0,0.006954782642424107
FR003689,0,0.003898691153153777
FR003082,0,0.006020134314894676
FR019239,0,0.006626943591982126
FR012100,0,0.005776704289019108
FR019018,0,0.014671621844172478
FR007589,0,0.006053432356566191
FR009436,0,0.011749975383281708
FR015975,0,0.164183109998703
FR004022,0,0.008413068950176239
FR003900,0,0.020549412816762924
FR004995,0,0.007359953597187996
FR005965,0,0.005853808019310236
FR008841,0,0.017354127019643784
FR005420,0,0.011006037704646587
FR007665,0,0.01029448863118887
FR018457,0,0.07064692676067352
FR009518,0,0.007394710555672646
FR012443,0,0.009639140218496323
FR015367,0,0.045876163989305496
FR017588,0,0.0028756516985595226
FR010438,0,0.004882508888840675
FR002992,0,0.013831169344484806
FR006681,0,0.012903650291264057
FR011471,0,0.004013280849903822
FR008116,0,0.012090853415429592
FR012022,0,0.04979763180017471
FR016083,0,0.025790231302380562
FR017501,0,0.00452440744265914
FR018701,0,0.005749257281422615
FR014627,0,0.008897812105715275
FR013878,0,0.009338228963315487
FR012460,0,0.0036300476640462875
FR015369,0,0.015357653610408306
FR004032,0,0.015690026804804802
FR006322,0,0.005515900906175375
FR014175,0,0.010019083507359028
FR018993,0,0.006578279193490744
FR003462,0,0.004065188579261303
FR012636,0,0.009713717736303806
FR000691,0,0.0397292897105217
FR019126,0,0.007321052718907595
FR012753,0,0.009694165550172329
FR017757,0,0.13501869142055511
FR003597,0,0.009451339952647686
FR002528,0,0.006667519453912973
FR017648,0,0.0049577197059988976
FR005465,0,0.010983969084918499
FR000112,0,0.0032460547517985106
FR001643,0,0.0040320162661373615
FR014635,0,0.005800161510705948
FR004025,0,0.0062262266874313354
FR018827,0,0.004756558686494827
FR010202,0,0.008069179020822048
FR017628,0,0.006851349491626024
FR006529,0,0.009285482577979565
FR017174,0,0.010582583956420422
FR014456,0,0.007047642488032579
FR000059,0,0.014014658518135548
FR017281,0,0.06243029609322548
FR019545,0,0.041861992329359055
FR013329,0,0.004444495774805546
FR006643,0,0.02561808004975319
FR009635,0,0.014814573340117931
FR000893,0,0.09432509541511536
FR007609,0,0.004778291564434767
FR005590,0,0.00869792141020298
FR013499,0,0.004953586030751467
FR019243,0,0.11936312168836594
FR009780,0,0.0047731245867908
FR008083,0,0.009149196557700634
FR000187,0,0.0050983671098947525
FR011991,0,0.005274672526866198
FR011446,0,0.011651885695755482
FR009451,0,0.0045022377744317055
FR007370,0,0.011534568853676319
FR016512,0,0.003917457535862923
FR003349,0,0.006378216203302145
FR000062,0,0.005302651785314083
FR010035,0,0.0043661510571837425
FR019276,0,0.0027216298040002584
FR002465,0,0.009378247894346714
FR006282,0,0.07232996076345444
FR013488,0,0.005075967870652676
FR013104,0,0.01726868562400341
FR001710,0,0.027207305654883385
FR017085,0,0.06318970769643784
FR018785,0,0.006454560440033674
FR000659,0,0.00781822670251131
FR010049,0,0.020632542669773102
FR016054,0,0.006523435469716787
FR000003,0,0.018390845507383347
FR004720,0,0.011761120520532131
FR011050,0,0.0947127416729927
FR009774,0,0.023203320801258087
FR001148,0,0.041062235832214355
FR006626,0,0.01435142382979393
FR012869,0,0.007828407920897007
FR014769,0,0.017215939238667488
FR014699,0,0.02527504600584507
FR013365,0,0.004967818967998028
FR007119,0,0.012690160423517227
FR016530,0,0.22218060493469238
FR012395,0,0.014478505589067936
FR015906,0,0.006987395696341991
FR007929,0,0.05676522105932236
FR000948,0,0.005883276928216219
FR018121,0,0.005757030099630356
FR005254,0,0.05581961199641228
FR011285,0,0.019200529903173447
FR003399,0,0.010459931567311287
FR009102,0,0.004424963146448135
FR017117,0,0.007494854740798473
FR005954,0,0.017627140507102013
FR019397,0,0.004567958414554596
FR011027,0,0.004945279564708471
FR004134,0,0.00582258403301239
FR007295,0,0.01172769907861948
FR005170,0,0.003638551337644458
FR003810,0,0.003882989753037691
FR000881,0,0.00784086249768734
FR017634,0,0.007469621486961842
FR015437,0,0.014886672608554363
FR010525,0,0.036626797169446945
FR014435,0,0.007058452349156141
FR001816,0,0.049025118350982666
FR003489,0,0.011554542928934097
FR000912,0,0.00504556018859148
FR014772,0,0.011391140520572662
FR006195,0,0.0107642887160182
FR009915,0,0.00850000698119402
FR006924,0,0.004155878908932209
FR019669,0,0.007216942496597767
FR016595,0,0.018783297389745712
FR008993,0,0.007631462533026934
FR011093,0,0.006424528080970049
FR014771,0,0.004443063400685787
FR019618,0,0.0035331619437783957
FR016577,0,0.01020769588649273
FR004576,0,0.005669916048645973
FR019450,0,0.014316001906991005
FR016898,0,0.06301265954971313
FR008807,0,0.019259439781308174
FR008613,0,0.009742477908730507
FR018184,0,0.004035121761262417
FR012717,0,0.009749634191393852
FR003350,0,0.005902730859816074
FR007719,0,0.061509497463703156
FR012969,0,0.014287035912275314
FR017381,0,0.011737557128071785
FR010707,0,0.00960603542625904
FR018390,0,0.0075333453714847565
FR003432,0,0.009073334746062756
FR015711,0,0.010805714875459671
FR014789,0,0.016469178721308708
FR011545,0,0.0048108939081430435
FR010498,0,0.005597606301307678
FR011704,0,0.009307404980063438
FR001255,0,0.00524558499455452
FR017868,0,0.00815678108483553
FR015320,0,0.006581863388419151
FR018965,0,0.027879862114787102
FR015964,0,0.006477124523371458
FR018337,0,0.04246232286095619
FR013768,0,0.09807911515235901
FR007451,0,0.01234432402998209
FR011067,0,0.03715604916214943
FR015036,0,0.01216304674744606
FR005656,0,0.01676005870103836
FR006597,0,0.019381297752261162
FR016543,0,0.008128018118441105
FR014248,0,0.014461688697338104
FR009748,0,0.00585120590403676
FR000554,0,0.004575232043862343
FR019457,0,0.004728034604340792
FR016902,0,0.07121232897043228
FR002130,0,0.016753176227211952
FR006179,0,0.02044863998889923
FR001343,0,0.007434179075062275
FR014461,0,0.23628036677837372
FR011535,0,0.016896281391382217
FR014278,0,0.04748779162764549
FR004232,0,0.007869157008826733
FR007483,0,0.006578147877007723
FR000034,0,0.004351412877440453
FR014299,0,0.0034734674263745546
FR002045,0,0.006280309986323118
FR000309,0,0.01066126860678196
FR014564,0,0.0541561134159565
FR005629,0,0.009266594424843788
FR015122,0,0.0437321811914444
FR005564,0,0.02055443450808525
FR001220,0,0.004937926772981882
FR018288,0,0.012155165895819664
FR019233,0,0.014233099296689034
FR006903,0,0.00557493744418025
FR002683,0,0.01239010225981474
FR016060,0,0.00836753286421299
FR015081,0,0.00490619707852602
FR019943,0,0.012524823658168316
FR009332,0,0.00682393554598093
FR009935,0,0.0077581387013196945
FR011859,0,0.00859095435589552
FR019858,0,0.011541676707565784
FR009890,0,0.004763742443174124
FR019927,0,0.04962026700377464
FR011565,0,0.004835163708776236
FR004090,0,0.005366973113268614
FR010677,0,0.005937544628977776
FR013937,0,0.018646329641342163
FR017189,0,0.006826457101851702
FR018065,0,0.008022468537092209
FR019963,0,0.012223736383020878
FR018124,0,0.008785110898315907
FR002110,0,0.011136774905025959
FR017310,0,0.0057305158115923405
FR012085,0,0.008155403658747673
FR010327,0,0.005052648019045591
FR004567,0,0.0068279532715678215
FR002466,0,0.007767236791551113
FR004572,0,0.009343382902443409
FR005329,0,0.0369904451072216
FR014938,0,0.010836108587682247
FR008709,0,0.019582347944378853
FR005002,0,0.004557874519377947
FR004370,0,0.015166277065873146
FR006811,0,0.004468240309506655
FR006893,0,0.02111392468214035
FR014973,0,0.013656179420650005
FR002172,0,0.07187587022781372
FR008214,0,0.008109609596431255
FR010855,0,0.005958543159067631
FR008237,0,0.0056867534294724464
FR000042,0,0.003951422870159149
FR014920,0,0.00703952182084322
FR000906,0,0.013656796887516975
FR003563,0,0.006975018884986639
FR016331,0,0.106456458568573
FR017184,0,0.005326141603291035
FR010150,0,0.009804468601942062
FR008721,0,0.005470024421811104
FR000951,0,0.05288813263177872
FR013344,0,0.03069375455379486
FR001631,0,0.00344328535720706
FR015259,0,0.005815422628074884
FR012093,0,0.012358441948890686
FR016322,0,0.006494767963886261
FR016152,0,0.005470721982419491
FR015959,0,0.006699070334434509
FR005065,0,0.010297783650457859
FR007349,0,0.012123887427151203
FR014036,0,0.014798625372350216
FR009051,0,0.008706308901309967
FR001518,0,0.006159518379718065
FR000880,0,0.008433057926595211
FR013394,0,0.03441433608531952
FR007478,0,0.01887858845293522
FR018383,0,0.020676756277680397
FR009205,0,0.005651035346090794
FR019152,0,0.010561550967395306
FR004669,0,0.004823814611881971
FR006913,0,0.008505884557962418
FR006661,0,0.003914892207831144
FR000720,0,0.004323782864958048
FR005769,0,0.0074041737243533134
FR000775,0,0.007268198300153017
FR010218,0,0.005684499628841877
FR014738,0,0.004613317083567381
FR017467,0,0.01249655894935131
FR006879,0,0.012603122740983963
FR001902,0,0.004341821186244488
FR007122,0,0.00664302846416831
FR014273,0,0.00865026842802763
FR013110,0,0.004308896604925394
FR005489,0,0.009115131571888924
FR003021,0,0.004588398151099682
FR013616,0,0.005797214340418577
FR016119,0,0.02155451290309429
FR018321,0,0.005260989535599947
FR011411,0,0.012640883214771748
FR005895,0,0.00924904365092516
FR006539,0,0.004575432278215885
FR000400,0,0.05868806317448616
FR017031,0,0.008245380595326424
FR007399,0,0.02006879635155201
FR007328,0,0.003042319556698203
FR006792,0,0.005189436953514814
FR009744,0,0.0022652014158666134
FR011152,0,0.004548818338662386
FR003141,0,0.012762809172272682
FR017960,0,0.0047586518339812756
FR000556,0,0.02172519452869892
FR014463,0,0.0030145554337650537
FR019505,0,0.011065530590713024
FR009071,0,0.062042467296123505
FR005089,0,0.01731247827410698
FR011557,0,0.0212129857391119
FR019086,0,0.0059407115913927555
FR006683,0,0.05083326995372772
FR012137,0,0.004715785849839449
FR011772,0,0.006442627869546413
FR000172,0,0.007739689666777849
FR008217,0,0.02057110145688057
FR010133,0,0.04404069855809212
FR017967,0,0.011103358119726181
FR009328,0,0.012833846732974052
FR001794,0,0.003784650005400181
FR003413,0,0.012667662464082241
FR000965,0,0.0060139368288218975
FR000363,0,0.024059178307652473
FR004047,0,0.016818534582853317
FR010033,0,0.007710087578743696
FR016419,0,0.006904200650751591
FR006587,0,0.016916634514927864
FR000070,0,0.0052587916143238544
FR012324,0,0.004496146459132433
FR015192,0,0.005178823135793209
FR007280,0,0.005714437458664179
FR011074,0,0.006449343170970678
FR003366,0,0.004520395305007696
FR016153,1,0.034425195306539536
FR002912,0,0.0029685318004339933
FR011244,0,0.006933632306754589
FR005202,0,0.007839156314730644
FR009505,0,0.07257039099931717
FR006964,0,0.011800413951277733
FR017563,0,0.010842048563063145
FR002295,0,0.011114604771137238
FR002520,0,0.0077580944634974
FR019852,0,0.005959407892078161
FR011834,0,0.031919874250888824
FR013945,0,0.004433144349604845
FR005666,0,0.028872838243842125
FR002613,0,0.004649783950299025
FR017639,0,0.021728884428739548
FR014837,0,0.004603898152709007
FR000734,0,0.01673930324614048
FR015354,0,0.00777182774618268
FR003829,0,0.008475176058709621
FR013646,0,0.04876449331641197
FR011494,0,0.005883312784135342
FR016936,0,0.01665455661714077
FR012202,0,0.09074260294437408
FR003843,0,0.031643178313970566
FR002486,1,0.09636437892913818
FR016744,0,0.03288544341921806
FR019867,0,0.009054673835635185
FR011308,0,0.007815633900463581
FR003149,0,0.00747331976890564
FR012264,0,0.005325608421117067
FR016503,0,0.012388894334435463
FR018576,0,0.009879117831587791
FR005562,0,0.0032936555799096823
FR017661,0,0.013495191000401974
FR017047,0,0.007395407184958458
FR004152,0,0.005384429823607206
FR014260,0,0.005288763903081417
FR012569,0,0.04257488623261452
FR000051,0,0.004971424117684364
FR006592,0,0.008849462494254112
FR005860,0,0.020761217921972275
FR018994,0,0.017528820782899857
FR007874,0,0.005530494265258312
FR010979,0,0.035070326179265976
FR019177,0,0.005172216799110174
FR005195,0,0.006395728327333927
FR013573,0,0.008729916997253895
FR002191,0,0.003920319955796003
FR005889,0,0.200347900390625
FR009261,0,0.06035647913813591
FR012351,0,0.00726180849596858
FR005884,0,0.016009995713829994
FR003690,0,0.004981515929102898
FR011767,0,0.0036861763801425695
FR012693,0,0.019755685701966286
FR008521,0,0.004639445338398218
FR000748,0,0.011292001232504845
FR012716,0,0.007890994660556316
FR007065,0,0.007044744212180376
FR015022,0,0.0048328121192753315
FR018363,0,0.005316848400980234
FR003889,0,0.004657359793782234
FR007804,0,0.03604796156287193
FR011362,1,0.014629596844315529
FR008611,0,0.006475897040218115
FR009875,0,0.011861042119562626
FR017604,0,0.01625889539718628
FR009223,0,0.011576593853533268
FR003254,0,0.008811146952211857
FR005036,0,0.006596698891371489
FR013027,1,0.4098634421825409
FR014610,0,0.01266330387443304
FR005307,0,0.02002943865954876
FR018554,0,0.006352575495839119
FR001682,0,0.004347344860434532
FR015668,0,0.011134312488138676
FR004095,0,0.053053151816129684
FR006524,0,0.05000995844602585
FR003246,0,0.00855821743607521
FR018131,0,0.006927334703505039
FR013847,0,0.008533475920557976
FR015112,0,0.010952178388834
FR007364,0,0.02049366943538189
FR001251,0,0.013787633739411831
FR013524,0,0.011599389836192131
FR000244,0,0.02258756384253502
FR015004,0,0.009258748963475227
FR003051,0,0.0057005127891898155
FR004680,0,0.34859541058540344
FR018004,0,0.007528955116868019
FR011035,0,0.008106947876513004
FR002126,0,0.005773112177848816
FR019379,0,0.007411894388496876
FR003336,0,0.004626166075468063
FR003410,0,0.0055501642636954784
FR006106,0,0.004849133547395468
FR007722,0,0.0059541333466768265
FR019090,0,0.003832506947219372
FR008896,0,0.0054841903038322926
FR008212,0,0.004612380173057318
FR015985,0,0.013276622630655766
FR000373,0,0.1426464170217514
FR015671,0,0.0052943360060453415
FR001460,0,0.0037591264117509127
FR014127,0,0.006458454765379429
FR001533,0,0.007451243232935667
FR011292,0,0.0033992959652096033
FR012686,0,0.03463148698210716
FR018207,0,0.022345632314682007
FR003308,0,0.0048000686801970005
FR013987,0,0.027303805574774742
FR008588,0,0.004941290244460106
FR006664,0,0.0038756118156015873
FR009888,0,0.005320266354829073
FR007729,0,0.010462285950779915
FR018487,0,0.006614969577640295
FR002830,0,0.008956999517977238
FR013850,0,0.003957671578973532
FR008689,0,0.01381103415042162
FR014574,0,0.003971601836383343
FR013806,0,0.005215341225266457
FR002674,0,0.003326360136270523
FR003453,0,0.030405106022953987
FR019931,0,0.005923308897763491
FR018132,0,0.010428598150610924
FR005624,0,0.00479942886158824
FR017669,0,0.03441388159990311
FR007840,0,0.017535530030727386
FR012271,0,0.025484342128038406
FR000444,0,0.0036320139188319445
FR012184,0,0.006604268681257963
FR002537,0,0.020233845338225365
FR014642,0,0.020829517394304276
FR016506,0,0.006201697513461113
FR014890,1,0.013231154531240463
FR008477,0,0.012511225417256355
FR007228,0,0.012348626740276814
FR000176,0,0.00472295330837369
FR015140,0,0.007242764811962843
FR009742,0,0.014612915925681591
FR010447,0,0.006765549071133137
FR003848,0,0.013072746805846691
FR019036,0,0.005136247258633375
FR000177,0,0.004597770515829325
FR000054,0,0.019581744447350502
FR017754,0,0.011321602389216423
FR002224,0,0.009390704333782196
FR004902,0,0.040676288306713104
FR013766,0,0.008655115030705929
FR009683,0,0.008554806932806969
FR016447,0,0.006256414111703634
FR017382,0,0.009669248014688492
FR014654,0,0.02070854790508747
FR016774,0,0.00564477127045393
FR010012,0,0.013526447117328644
FR010384,0,0.014592716470360756
FR007077,0,0.025199834257364273
FR007312,0,0.005502610933035612
FR004891,0,0.009547203779220581
FR010215,0,0.0929548367857933
FR012437,0,0.0069819847121834755
FR007341,0,0.012275656685233116
FR009143,0,0.00575067475438118
FR008486,0,0.01289357803761959
FR001208,0,0.03796162083745003
FR014705,0,0.01851646602153778
FR005402,0,0.0039071980863809586
FR010541,1,0.051132477819919586
FR007268,0,0.019402820616960526
FR008370,0,0.012834378518164158
FR010122,0,0.04889170452952385
FR012014,0,0.007303241174668074
FR009707,0,0.00346126826480031
FR013680,0,0.007370415143668652
FR003168,0,0.007177602034062147
FR012319,0,0.00652721943333745
FR012080,0,0.010505618527531624
FR010353,0,0.003504449035972357
FR009367,0,0.00323685840703547
FR009578,0,0.013829406350851059
FR019724,0,0.007013303227722645
FR005621,0,0.05145911127328873
FR000457,0,0.03634588047862053
FR010682,1,0.011389738880097866
FR008163,0,0.012856398709118366
FR018107,0,0.13949057459831238
FR008468,0,0.03466399759054184
FR006321,0,0.00520202424377203
FR001349,0,0.009376587346196175
FR003252,0,0.015777073800563812
FR017625,0,0.19099517166614532
FR015312,0,0.010697203688323498
FR006808,0,0.008653659373521805
FR017199,0,0.005521425511687994
FR004080,0,0.01882326789200306
FR001124,0,0.012379341758787632
FR017543,0,0.00450888741761446
FR012415,0,0.021860448643565178
FR011688,0,0.003335159970447421
FR016939,0,0.008005326613783836
FR012900,0,0.0056180646643042564
FR003154,0,0.008938922546803951
FR008561,0,0.004670898430049419
FR003390,0,0.010727614164352417
FR019182,0,0.28045743703842163
FR018896,0,0.004417132586240768
FR012232,0,0.0060508823953568935
FR000305,0,0.0080801323056221
FR007117,0,0.0052379099652171135
FR017909,0,0.005799182690680027
FR008478,0,0.06955229490995407
FR005331,0,0.0035569611936807632
FR010147,0,0.003177464008331299
FR019807,0,0.008382747881114483
FR006006,0,0.005428212229162455
FR014883,0,0.004860871471464634
FR000901,0,0.003766882698982954
FR016800,0,0.004015679005533457
FR011629,0,0.00836776290088892
FR018599,0,0.004738005809485912
FR010258,0,0.016769113019108772
FR018295,0,0.008090652525424957
FR001183,0,0.009703113697469234
FR015702,0,0.005679642781615257
FR012308,0,0.025499694049358368
FR017717,0,0.01160902064293623
FR015527,0,0.00480309221893549
FR009217,0,0.01008727215230465
FR012510,0,0.014133751392364502
FR011012,0,0.029190093278884888
FR006161,0,0.013041168451309204
FR005425,0,0.006105014123022556
FR012855,0,0.011725123971700668
FR017020,0,0.009390123188495636
FR010709,0,0.05971943959593773
FR018535,0,0.0048331147991120815
FR003830,0,0.03466758877038956
FR018342,0,0.01701444201171398
FR015449,0,0.008854909799993038
FR015621,0,0.017133407294750214
FR016441,1,0.10396002233028412
FR018391,0,0.029127642512321472
FR011941,0,0.007844720967113972
FR014343,0,0.006650461815297604
FR011979,0,0.02153092250227928
FR017777,0,0.012562954798340797
FR009792,0,0.006229038815945387
FR018985,0,0.003722778521478176
FR011486,0,0.05349383130669594
FR015468,0,0.0077265542931854725
FR004919,0,0.0036809721495956182
FR001395,1,0.4693090319633484
FR005376,0,0.018052659928798676
FR007072,0,0.005659130401909351
FR015197,0,0.005292116664350033
FR011739,0,0.005865705199539661
FR009211,0,0.006266876123845577
FR011042,0,0.006852596066892147
FR012261,0,0.010267429053783417
FR015390,0,0.011464548297226429
FR012889,0,0.005018094088882208
FR006862,0,0.005413325037807226
FR000321,0,0.006232407875359058
FR018652,0,0.008415503427386284
FR009224,0,0.020058277994394302
FR008978,0,0.007107777055352926
FR008166,0,0.005063533317297697
FR005902,0,0.04368137940764427
FR008299,0,0.0052459086291491985
FR010748,0,0.010469594970345497
FR010735,0,0.04732274264097214
FR012824,0,0.015469296835362911
FR010160,0,0.0032401587814092636
FR018645,0,0.004842598456889391
FR016527,0,0.009794039651751518
FR010836,0,0.007300154771655798
FR016840,0,0.009951543994247913
FR011190,0,0.07896722853183746
FR003569,0,0.008963795378804207
FR016646,0,0.00920695997774601
FR010740,0,0.011020833626389503
FR009788,0,0.02474970556795597
FR003867,0,0.0037910165265202522
FR013676,0,0.07308978587388992
FR008852,0,0.004735148511826992
FR017303,0,0.008702815510332584
FR007996,0,0.005862352903932333
FR014916,0,0.028723714873194695
FR008388,0,0.004883901681751013
FR015226,0,0.021401144564151764
FR005920,0,0.004299724940210581
FR013195,0,0.0044370354153215885
FR007543,0,0.006788339931517839
FR015263,0,0.005938320886343718
FR005753,0,0.06753688305616379
FR006751,0,0.012102751061320305
FR012883,0,0.010373447090387344
FR006374,0,0.0032490892335772514
FR009278,0,0.010275034233927727
FR014914,0,0.006181423086673021
FR012193,0,0.0341997966170311
FR013950,0,0.04286231845617294
FR012468,0,0.008466016501188278
FR008758,0,0.005172464530915022
FR008720,0,0.0339178629219532
FR013819,0,0.018863076344132423
FR012454,0,0.016643298789858818
FR013190,0,0.0041692485101521015
FR013909,0,0.012285883538424969
FR012343,0,0.029654262587428093
FR006806,0,0.004734364338219166
FR018917,0,0.023373616859316826
FR003156,0,0.006712962873280048
FR019429,0,0.007704285904765129
FR005856,0,0.008900294080376625
FR013885,1,0.03640582039952278
FR019225,0,0.012025771662592888
FR008706,0,0.014028331264853477
FR013415,0,0.03560749068856239
FR014536,0,0.008791736327111721
FR010545,0,0.006830492522567511
FR013270,0,0.016934191808104515
FR011632,0,0.010239691473543644
FR013574,0,0.011779635213315487
FR017255,0,0.013081295415759087
FR001638,1,0.06687749922275543
FR013168,0,0.009362141601741314
FR011904,0,0.007039905525743961
FR007882,0,0.005601331125944853
FR008539,0,0.006800787057727575
FR009156,0,0.00986537802964449
FR002010,0,0.033314190804958344
FR009412,0,0.008663469925522804
FR002383,0,0.009706995449960232
FR019757,0,0.011939494870603085
FR010871,0,0.019328171387314796
FR012810,0,0.006191176362335682
FR016399,0,0.007263688836246729
FR016358,0,0.007261963095515966
FR008280,0,0.003751615760847926
FR015875,0,0.019207032397389412
FR010840,0,0.0042443894781172276
FR006931,0,0.010127007961273193
FR002978,0,0.00477319210767746
FR006206,0,0.01360007468611002
FR008330,0,0.004769657738506794
FR001028,0,0.003891457337886095
FR015674,0,0.005859707947820425
FR008023,0,0.028143348172307014
FR002410,0,0.004174902569502592
FR006492,0,0.017367133870720863
FR004212,0,0.006134858354926109
FR019794,0,0.012244879268109798
FR005059,0,0.007977904751896858
FR004518,0,0.005850379355251789
FR004714,0,0.014207986183464527
FR000328,0,0.05369294062256813
FR003065,0,0.01537590753287077
FR004353,0,0.005251390393823385
FR015922,0,0.009488814510405064
FR018159,0,0.013073466718196869
FR009582,0,0.018233532086014748
FR007086,1,0.060923151671886444
FR017859,0,0.006466779392212629
FR011014,0,0.006679145153611898
FR004982,0,0.018014071509242058
FR010623,0,0.00845719501376152
FR019904,0,0.012809637002646923
FR018923,0,0.03710830211639404
FR019180,0,0.0328265018761158
FR002930,0,0.012964949011802673
FR002623,0,0.016633298248052597
FR001954,0,0.0034405896440148354
FR005748,0,0.00690047163516283
FR012488,0,0.008405836299061775
FR017686,0,0.13759863376617432
FR011690,0,0.009863324463367462
FR009878,0,0.036072418093681335
FR009931,0,0.006622653920203447
FR008608,0,0.007048429921269417
FR013731,0,0.03977815434336662
FR005364,0,0.005220573861151934
FR014520,0,0.006535786669701338
FR015900,0,0.006738935597240925
FR015391,0,0.01538434810936451
FR006364,0,0.010381482541561127
FR011600,0,0.009983094409108162
FR017638,0,0.007853413932025433
FR009468,0,0.019086839631199837
FR003895,0,0.0032848899718374014
FR012364,0,0.05557837709784508
FR000811,0,0.017899541184306145
FR004936,0,0.0074021765030920506
FR018168,0,0.003555075731128454
FR017029,0,0.005446926224976778
FR004087,0,0.008235100656747818
FR015423,0,0.005978227127343416
FR008505,0,0.005882680416107178
FR003417,0,0.005103380884975195
FR012010,0,0.007728854194283485
FR008308,0,0.008781267330050468
FR012314,0,0.004710106644779444
FR015796,0,0.00877019576728344
FR006723,0,0.005165674723684788
FR004650,0,0.021658247336745262
FR016290,0,0.006835978012531996
FR008782,0,0.006288629956543446
FR007064,0,0.013528992421925068
FR004748,0,0.00875044148415327
FR012482,0,0.006384124513715506
FR014441,0,0.004399741068482399
FR018151,0,0.01233192440122366
FR015677,0,0.006775069050490856
FR017376,0,0.015948932617902756
FR000853,0,0.008487851358950138
FR011977,0,0.005945402197539806
FR001578,0,0.007204717490822077
FR009245,0,0.023753980174660683
FR006717,0,0.015256722457706928
FR016258,0,0.013344112783670425
FR017503,0,0.007373024709522724
FR003507,0,0.006380344275385141
FR016217,0,0.007937660440802574
FR002139,0,0.00947563350200653
FR000956,0,0.013798549771308899
FR001727,0,0.007551968097686768
FR016719,0,0.005439447704702616
FR019839,0,0.003544262843206525
FR017516,0,0.0231008343398571
FR001269,0,0.034657854586839676
FR003798,0,0.040570370852947235
FR004738,0,0.004752186127007008
FR010562,0,0.00548170693218708
FR015434,0,0.01440759003162384
FR016792,0,0.005583093035966158
FR011225,0,0.008080938830971718
FR006344,0,0.03077373094856739
FR000785,0,0.006994171068072319
FR004401,0,0.020866457372903824
FR009543,0,0.008569751866161823
FR002792,0,0.005143908783793449
FR014308,0,0.007038402371108532
FR004279,0,0.00450345641002059
FR012121,0,0.016143569722771645
FR002256,0,0.006699320860207081
FR019460,0,0.010392879135906696
FR000267,0,0.013303748331964016
FR017313,0,0.003736898535862565
FR000594,0,0.011947114020586014
FR015807,0,0.00626598484814167
FR017700,0,0.004810309503227472
FR019948,0,0.007558242417871952
FR000571,0,0.005732238292694092
FR014909,0,0.005718855652958155
FR000430,0,0.011546720750629902
FR005937,0,0.008821055293083191
FR003683,0,0.008229552768170834
FR002880,0,0.028784193098545074
FR015138,0,0.11835293471813202
FR007212,0,0.02969147264957428
FR000650,0,0.006165800150483847
FR016200,0,0.007124085910618305
FR014025,0,0.011224210262298584
FR011989,0,0.011100955307483673
FR000725,0,0.02055559679865837
FR010247,0,0.009673363529145718
FR005052,0,0.006857955362647772
FR004285,0,0.010681224055588245
FR018044,0,0.008979994803667068
FR011335,0,0.004591105971485376
FR004755,0,0.013314023613929749
FR006431,0,0.009210958145558834
FR010386,0,0.12376833707094193
FR014163,0,0.2163177877664566
FR005306,0,0.014714870601892471
FR010309,0,0.1154385581612587
FR017055,0,0.010712970048189163
FR001609,0,0.009252294898033142
FR017005,0,0.005431946367025375
FR001620,0,0.00455189635977149
FR006486,0,0.005647695157676935
FR002488,0,0.023119835183024406
FR014843,1,0.0210796557366848
FR004040,0,0.011772066354751587
FR018688,0,0.005445200949907303
FR018483,0,0.013852954842150211
FR000139,0,0.008721218444406986
FR010198,0,0.0048530264757573605
FR010760,0,0.00816850084811449
FR013991,0,0.005656380206346512
FR004325,0,0.03862234205007553
FR001961,0,0.011128979735076427
FR011209,0,0.0044190119951963425
FR013328,0,0.03083740919828415
FR007392,0,0.04162205755710602
FR002612,0,0.034221261739730835
FR006579,0,0.0059798480942845345
FR019779,0,0.014658164232969284
FR013433,0,0.0043433490209281445
FR001933,0,0.008085675537586212
FR008463,0,0.007826067507266998
FR001640,0,0.020514221861958504
FR006218,0,0.005056458991020918
FR006816,0,0.016156716272234917
FR009830,0,0.009030715562403202
FR005622,0,0.01578645035624504
FR018125,0,0.01325220800936222
FR019084,0,0.035264547914266586
FR003476,0,0.006249947939068079
FR018690,0,0.024593913927674294
FR004099,0,0.02846299298107624
FR003628,0,0.0052710953168570995
FR019631,0,0.0043813507072627544
FR004366,0,0.00853465311229229
FR008672,0,0.006587143521755934
FR005124,0,0.006632495671510696
FR019105,0,0.005911373998969793
FR015999,0,0.006005713250488043
FR017790,0,0.007881112396717072
FR016892,0,0.0074532185681164265
FR004303,0,0.004844998475164175
FR017839,0,0.006857621017843485
FR010249,0,0.005017380230128765
FR001412,0,0.00755276158452034
FR014469,0,0.026639781892299652
FR010927,0,0.00492202490568161
FR018028,0,0.007110446225851774
FR003139,0,0.02817988209426403
FR010005,0,0.003180969739332795
FR012393,0,0.016068844124674797
FR012873,0,0.007893376983702183
FR001786,0,0.005567619577050209
FR015942,0,0.007255310192704201
FR010666,0,0.02229061722755432
FR002014,0,0.003478174563497305
FR016635,0,0.02197764627635479
FR012461,0,0.018871810287237167
FR012562,0,0.01004580408334732
FR004357,0,0.006119830533862114
FR000103,0,0.009025860577821732
FR013175,1,0.00853013526648283
FR000453,0,0.002749890089035034
FR001345,0,0.0052642845548689365
FR010601,0,0.019709641113877296
FR012380,0,0.009977967478334904
FR006652,0,0.006404227577149868
FR001580,0,0.004737495444715023
FR004289,0,0.005223610904067755
FR004758,0,0.005467000417411327
FR007620,0,0.009678009897470474
FR019144,0,0.004714841488748789
FR016124,0,0.006883503403514624
FR017502,0,0.012576389126479626
FR012968,0,0.014421917498111725
FR008065,0,0.006369531154632568
FR012310,0,0.027932684868574142
FR014361,0,0.009176062420010567
FR003232,0,0.01718088798224926
FR017353,0,0.0081425616517663
FR014246,0,0.0037147526163607836
FR019230,0,0.010388397611677647
FR006568,0,0.004529917612671852
FR011106,0,0.015387657098472118
FR011262,0,0.01298594381660223
FR013985,0,0.00390285043977201
FR009868,0,0.02368985116481781
FR002657,0,0.005208848975598812
FR000568,0,0.017984095960855484
FR019578,0,0.008449876680970192
FR018069,0,0.009904191829264164
FR005480,0,0.010716305114328861
FR008402,0,0.006114699877798557
FR017000,0,0.012950561940670013
FR000964,0,0.038709916174411774
FR009555,0,0.00589087326079607
FR016326,0,0.006980718579143286
FR008162,0,0.03503171354532242
FR013552,0,0.008699183352291584
FR010137,0,0.01092441938817501
FR014218,0,0.00818671751767397
FR008836,0,0.01197975967079401
FR009613,0,0.005083310883492231
FR017404,0,0.012632744386792183
FR005191,0,0.008413709700107574
FR012338,0,0.014137339778244495
FR017160,0,0.005509268492460251
FR001011,0,0.0046568070538342
FR005734,0,0.01249960158020258
FR010397,0,0.02976520173251629
FR010138,0,0.004026239737868309
FR003514,0,0.021029192954301834
FR008824,0,0.00595299294218421
FR005021,0,0.03852643817663193
FR008199,0,0.0053855739533901215
FR016561,0,0.007910845801234245
FR019952,0,0.01354676578193903
FR002694,0,0.014667050912976265
FR001890,0,0.0030472641810774803
FR015031,0,0.015192115679383278
FR019995,0,0.004108550027012825
FR016024,0,0.034840893000364304
FR010326,0,0.023854229599237442
FR011914,0,0.0076446980237960815
FR011705,0,0.003884234931319952
FR013755,0,0.011303257197141647
FR006318,0,0.008819454349577427
FR012674,0,0.010792470537126064
FR018617,0,0.00840833317488432
FR015158,0,0.005157772917300463
FR009585,0,0.005166718736290932
FR004375,0,0.006560689304023981
FR005835,0,0.009066438302397728
FR001157,0,0.005961026065051556
FR011971,0,0.013673210516571999
FR002380,0,0.005967746488749981
FR016383,0,0.007570846937596798
FR018119,0,0.008112057112157345
FR003006,0,0.008772567845880985
FR015569,0,0.006371644325554371
FR016516,0,0.0066096545197069645
FR009865,0,0.003298202995210886
FR006314,0,0.006431551184505224
FR012108,0,0.004773976281285286
FR008749,0,0.005649625789374113
FR006346,0,0.003467258531600237
FR019480,0,0.007060999982059002
FR012550,0,0.006108912173658609
FR004051,0,0.00433932151645422
FR007734,0,0.14845654368400574
FR003482,0,0.007292487192898989
FR008975,0,0.015069831162691116
FR012891,0,0.02478596195578575
FR011902,0,0.008513624779880047
FR016409,0,0.007872076705098152
FR009667,0,0.00733006838709116
FR013022,0,0.01598167046904564
FR013472,0,0.03861032798886299
FR015074,0,0.005964607000350952
FR012071,0,0.005045172292739153
FR011573,0,0.006584227085113525
FR001755,0,0.01527948398143053
FR000205,0,0.009950285777449608
FR006781,0,0.006029794923961163
FR007909,0,0.007555063813924789
FR007697,0,0.008342978544533253
FR002054,0,0.01064275112003088
FR009192,0,0.038762062788009644
FR000129,0,0.006388296373188496
FR004403,0,0.00804268941283226
FR017739,0,0.0030558868311345577
FR011946,0,0.008022073656320572
FR016796,0,0.004628619644790888
FR002407,0,0.0072530340403318405
FR009208,0,0.012205884791910648
FR005253,0,0.008659674786031246
FR012942,0,0.005047238431870937
FR014825,0,0.005045974161475897
FR003966,0,0.009335692971944809
FR019695,0,0.0021533803083002567
FR005792,0,0.02946331351995468
FR015086,0,0.13491015136241913
FR019475,0,0.00852183997631073
FR003309,0,0.02628270536661148
FR002957,0,0.025650130584836006
FR005688,0,0.00447233347222209
FR019020,0,0.012205027975142002
FR015498,0,0.01028610672801733
FR019147,0,0.011142590083181858
FR014362,0,0.009803974069654942
FR011906,0,0.006909044925123453
FR009356,0,0.0037303625140339136
FR003912,0,0.05042709782719612
FR019357,0,0.004858713131397963
FR001865,0,0.021674342453479767
FR002611,0,0.01568085514008999
FR004780,0,0.0038810628466308117
FR010685,0,0.006536334753036499
FR017505,0,0.006152201909571886
FR004195,0,0.006256147287786007
FR019647,0,0.008476963266730309
FR019321,0,0.05465054512023926
FR000747,0,0.006317338906228542
FR003936,0,0.0048875086940824986
FR017457,0,0.0107194809243083
FR001908,0,0.04639744386076927
FR014291,0,0.0059666745364665985
FR004735,0,0.009254100732505322
FR014157,0,0.10250694304704666
FR000918,0,0.0062805828638374805
FR010603,0,0.003330291248857975
FR007445,0,0.005665074102580547
FR008039,0,0.01305622048676014
FR017283,0,0.008574116043746471
FR012647,0,0.005535330157727003
FR014166,0,0.006277673412114382
FR001377,0,0.016390535980463028
FR001128,0,0.006599968299269676
FR013492,0,0.007013382855802774
FR001449,0,0.005059712566435337
FR016055,0,0.014245407655835152
FR008699,0,0.005908374208956957
FR004081,0,0.056442297995090485
FR002289,0,0.007597973570227623
FR007742,0,0.004717592149972916
FR004253,0,0.08205407857894897
FR000402,0,0.00704693840816617
FR009814,0,0.014643137343227863
FR002737,1,0.01954648457467556
FR013962,0,0.009653868153691292
FR011091,0,0.019105810672044754
FR011226,0,0.011870949529111385
FR015032,0,0.009674208238720894
FR003322,0,0.0230031069368124
FR014522,0,0.013697045855224133
FR005027,0,0.006913741119205952
FR004475,0,0.0356302335858345
FR000027,0,0.004438865929841995
FR004876,0,0.005877498537302017
FR013898,0,0.005713855382055044
FR016262,0,0.007295211311429739
FR011310,0,0.01381743885576725
FR004481,0,0.007718837354332209
FR019423,0,0.02388681098818779
FR006948,0,0.00671971682459116
FR008870,0,0.004926971159875393
FR011511,0,0.011323274113237858
FR001203,0,0.006028877105563879
FR012682,0,0.006264696829020977
FR015219,0,0.012014520354568958
FR009043,0,0.005268016364425421
FR007110,0,0.005342024378478527
FR008095,0,0.016179757192730904
FR009259,0,0.009270982816815376
FR012088,0,0.00959711242467165
FR017380,0,0.014694524928927422
FR008825,0,0.012647098861634731
FR002309,0,0.006222295109182596
FR005919,0,0.00341543136164546
FR004421,0,0.008004546165466309
FR019080,0,0.005664813332259655
FR014502,0,0.015238701365888119
FR001318,0,0.004577224142849445
FR008144,0,0.005783776752650738
FR010368,0,0.01530225109308958
FR012588,0,0.006435854826122522
FR014745,0,0.008398124948143959
FR013423,0,0.012093125842511654
FR006897,0,0.0041834632866084576
FR008326,0,0.009045004844665527
FR000959,0,0.005426528863608837
FR005664,0,0.00677490234375
FR001969,0,0.004940242040902376
FR008198,0,0.006504346616566181
FR018343,0,0.012303382158279419
FR009046,0,0.016161339357495308
FR002493,0,0.005947845987975597
FR018323,0,0.004188074730336666
FR001773,0,0.0069350250996649265
FR019656,0,0.006417516153305769
FR011470,0,0.012051173485815525
FR018911,0,0.020928600803017616
FR003599,0,0.005786955822259188
FR012653,0,0.0033913333900272846
FR016556,0,0.008549947291612625
FR010578,0,0.0065376730635762215
FR019551,0,0.007627141661942005
FR015758,0,0.00867446418851614
FR007091,0,0.0030241638887673616
FR002157,0,0.003264244180172682
FR017689,0,0.006615781225264072
FR004256,0,0.004862317815423012
FR007555,0,0.006764600519090891
FR015868,0,0.005206052679568529
FR008262,0,0.009838106110692024
FR013246,0,0.0069074551574885845
FR013449,0,0.005867176689207554
FR008914,0,0.031370580196380615
FR008115,0,0.010971740819513798
FR002312,0,0.01448167022317648
FR003494,1,0.003564745420590043
FR008360,0,0.03837895020842552
FR008207,0,0.008966240100562572
FR000274,0,0.00900330487638712
FR007975,0,0.013286753557622433
FR000538,0,0.016517190262675285
FR010544,0,0.030942190438508987
FR006946,0,0.004808865021914244
FR000066,0,0.009687044657766819
FR014641,0,0.013223170302808285
FR018648,0,0.011497663334012032
FR007155,0,0.012889615260064602
FR006370,0,0.013093046844005585
FR018787,0,0.005336625501513481
FR006552,0,0.011097542941570282
FR009012,0,0.010952498763799667
FR011746,0,0.006613851059228182
FR006409,0,0.005014488939195871
FR004673,0,0.0068655721843242645
FR013638,0,0.0049481806345283985
FR013697,0,0.005282899830490351
FR000686,0,0.03816244751214981
FR009201,0,0.022757241502404213
FR014990,0,0.00522304093465209
FR007993,0,0.00947862770408392
FR012167,1,0.04892560839653015
FR018977,0,0.00387466954998672
FR005878,0,0.0028821113519370556
FR016520,0,0.008559774607419968
FR006760,0,0.005075613968074322
FR014608,0,0.006443121936172247
FR012049,0,0.004550604615360498
FR019204,0,0.0046058278530836105
FR019547,0,0.020328981801867485
FR015276,0,0.016586169600486755
FR017330,0,0.006175561808049679
FR002317,0,0.00553928455337882
FR003621,0,0.0034517727326601744
FR012407,0,0.009427620097994804
FR016317,0,0.005701407324522734
FR011815,0,0.02491033636033535
FR011461,0,0.004282728768885136
FR001289,0,0.007129059173166752
FR019077,0,0.03362610191106796
FR013200,0,0.008185327053070068
FR010073,0,0.005983859766274691
FR014731,0,0.007404874544590712
FR003902,0,0.06877194344997406
FR019650,0,0.01975836232304573
FR013519,0,0.042807187885046005
FR003741,1,0.3937230408191681
FR005636,0,0.008920800872147083
FR014351,0,0.005099453032016754
FR003121,0,0.00935349054634571
FR002543,0,0.006419587414711714
FR005266,0,0.006284763105213642
FR017539,0,0.0060226707719266415
FR013639,0,0.007829123176634312
FR005060,0,0.012896254658699036
FR004930,0,0.05030757188796997
FR010933,0,0.014279006980359554
FR011582,0,0.006592147517949343
FR001805,0,0.00609191507101059
FR015927,0,0.01634002849459648
FR004945,0,0.0039011752232909203
FR018774,0,0.014625336043536663
FR007634,0,0.006005610805004835
FR017922,0,0.01652170717716217
FR018302,0,0.018942873924970627
FR008029,1,0.37660911679267883
FR014952,0,0.03455980494618416
FR004844,0,0.02910098247230053
FR006437,0,0.008166095241904259
FR013776,0,0.008716772310435772
FR016100,0,0.003950786776840687
FR004889,0,0.0084415627643466
FR010421,0,0.005997580476105213
FR000494,0,0.013969234190881252
FR004231,0,0.030544383451342583
FR011478,0,0.01816426031291485
FR012847,0,0.009304591454565525
FR000369,0,0.15986862778663635
FR018880,0,0.03633406013250351
FR016015,0,0.00746525963768363
FR003926,0,0.14436309039592743
FR003637,0,0.004063366446644068
FR008732,0,0.004329388495534658
FR016246,0,0.021981526166200638
FR019172,0,0.011246692389249802
FR018640,0,0.009730396792292595
FR004603,0,0.006801080424338579
FR000060,0,0.00961705669760704
FR018382,0,0.00596157182008028
FR019535,0,0.009761860594153404
FR018043,0,0.006804559845477343
FR018428,0,0.013441766612231731
FR015983,0,0.006116881966590881
FR005412,0,0.03795280307531357
FR005906,0,0.0030058901757001877
FR012851,0,0.007348010316491127
FR003172,0,0.007038915529847145
FR016628,0,0.05637655034661293
FR009048,0,0.007975874468684196
FR003250,0,0.005807752721011639
FR018718,0,0.006589381489902735
FR002823,0,0.008840683847665787
FR007626,0,0.0059381891041994095
FR017871,0,0.006174988113343716
FR017929,0,0.005608368664979935
FR004591,0,0.01619679294526577
FR005859,0,0.008662188425660133
FR010168,0,0.0351371094584465
FR008363,0,0.004081730265170336
FR015536,0,0.03262323513627052
FR003592,0,0.04181458428502083
FR018628,0,0.06377014517784119
FR001070,0,0.04196121171116829
FR019604,0,0.029951684176921844
FR004145,0,0.005959661677479744
FR002598,0,0.010850091464817524
FR009921,0,0.007293764501810074
FR004969,0,0.005135092884302139
FR018384,0,0.01494082435965538
FR010454,0,0.016952689737081528
FR003511,0,0.009726551361382008
FR011237,0,0.00949016772210598
FR014442,0,0.010358097031712532
FR013980,0,0.007658648770302534
FR005285,0,0.0075220987200737
FR018432,0,0.016194086521863937
FR002184,0,0.005279445555061102
FR017257,0,0.0029094256460666656
FR014488,0,0.008533846586942673
FR001854,0,0.011933640576899052
FR012558,0,0.015602472238242626
FR017259,0,0.009476779028773308
FR000777,0,0.0068892561830580235
FR002106,0,0.013623436912894249
FR006073,0,0.013461270369589329
FR000637,0,0.0181803610175848
FR009168,0,0.017944306135177612
FR011848,0,0.0030884791631251574
FR017537,0,0.025741981342434883
FR001405,0,0.008706769905984402
FR002052,0,0.004830782767385244
FR007136,0,0.018939802423119545
FR019043,0,0.007177694234997034
FR006694,0,0.007559480145573616
FR017351,0,0.0049907611683011055
FR000341,0,0.00855912733823061
FR012592,0,0.005836008582264185
FR016418,0,0.010053422302007675
FR010337,0,0.014155380427837372
FR016458,0,0.005547627806663513
FR011355,0,0.008639173582196236
FR001221,0,0.005068828351795673
FR012430,0,0.006558144930750132
FR019395,0,0.009611944667994976
FR005064,0,0.004111561458557844
FR008893,0,0.005133139435201883
FR014704,0,0.017033305019140244
FR010431,0,0.0055696661584079266
FR019383,0,0.007976915687322617
FR012466,0,0.009670723229646683
FR017970,0,0.005157359875738621
FR013706,0,0.005150623619556427
FR014956,0,0.018366800621151924
FR018581,0,0.009905366227030754
FR004568,0,0.008414385840296745
FR005499,0,0.007681920658797026
FR015406,0,0.0037679942324757576
FR008291,0,0.0035049384459853172
FR017807,0,0.012136143632233143
FR005157,0,0.004740405362099409
FR012687,0,0.0033024377189576626
FR007889,0,0.020850973203778267
FR015870,0,0.015100041404366493
FR018287,0,0.006074271164834499
FR016607,0,0.010238947346806526
FR003524,0,0.01161414384841919
FR013105,0,0.015028661116957664
FR009426,0,0.004569034092128277
FR014876,0,0.009027212858200073
FR019307,0,0.0063916537910699844
FR011408,0,0.00714921997860074
FR009421,0,0.004135356284677982
FR015873,0,0.0037779503036290407
FR006146,0,0.009313703514635563
FR008923,0,0.002894886303693056
FR004963,1,0.33616903424263
FR016704,0,0.004209407139569521
FR004974,0,0.005192416720092297
FR004757,0,0.007119207642972469
FR006980,0,0.005582293961197138
FR011492,0,0.01826854981482029
FR018282,0,0.010939694941043854
FR002062,0,0.005378393456339836
FR011703,0,0.007786505855619907
FR006013,0,0.016920393332839012
FR004517,0,0.006463189609348774
FR009008,0,0.03433367609977722
FR008961,0,0.008643818087875843
FR018021,0,0.004399262834340334
FR013508,0,0.007998566143214703
FR012157,0,0.02572266198694706
FR007230,0,0.00925950612872839
FR003008,0,0.004082649014890194
FR005651,0,0.010132936760783195
FR015210,0,0.021755848079919815
FR014093,0,0.00682842917740345
FR015300,0,0.003994058817625046
FR014129,0,0.006755814887583256
FR013398,0,0.004669156391173601
FR017947,0,0.0065375398844480515
FR003044,0,0.011821205727756023
FR017532,0,0.021393677219748497
FR004538,0,0.06760406494140625
FR013730,0,0.005869145970791578
FR009821,0,0.008050418458878994
FR019408,0,0.004566460382193327
FR009054,0,0.012753302231431007
FR002444,0,0.005904980469495058
FR010776,0,0.02032674103975296
FR000921,0,0.0291791632771492
FR001606,0,0.03489438071846962
FR015818,0,0.003600707510486245
FR008096,0,0.007085205055773258
FR003037,0,0.0067108748480677605
FR003293,0,0.007777326740324497
FR012076,0,0.004994984716176987
FR006382,0,0.003981008660048246
FR000339,0,0.005841945763677359
FR005024,0,0.005690303165465593
FR007047,0,0.004354690667241812
FR004492,0,0.030002819374203682
FR001834,0,0.004788390826433897
FR005520,0,0.005287808366119862
FR006086,0,0.06756306439638138
FR015397,0,0.015011596493422985
FR004909,0,0.008288920857012272
FR015901,0,0.03707846254110336
FR013150,0,0.04992856830358505
FR017592,0,0.0038281152956187725
FR006982,0,0.031003454700112343
FR000377,0,0.007366687059402466
FR018537,0,0.005042057018727064
FR004960,0,0.014021387323737144
FR000448,0,0.008353467099368572
FR012191,0,0.005074402783066034
FR012836,0,0.02134365402162075
FR004628,0,0.005440969951450825
FR014274,0,0.012898895889520645
FR003824,0,0.06102967634797096
FR001099,1,0.07614447921514511
FR011502,0,0.003778599901124835
FR008030,0,0.007923831231892109
FR005933,0,0.009671458974480629
FR015634,0,0.026375187560915947
FR008068,0,0.006010220851749182
FR011916,0,0.03377696871757507
FR004796,0,0.010567990131676197
FR009085,0,0.004490562714636326
FR013649,0,0.007481866050511599
FR000850,0,0.003982003312557936
FR000770,0,0.008673271164298058
FR010765,0,0.007628155406564474
FR013564,0,0.013577754609286785
FR015744,0,0.006248251534998417
FR005555,0,0.012465674430131912
FR010491,0,0.006309214513748884
FR008140,0,0.03752731904387474
FR012116,0,0.00583985261619091
FR000975,0,0.004754827823489904
FR009280,0,0.0075955940410494804
FR014092,0,0.006216742098331451
FR008508,0,0.01228702999651432
FR001814,0,0.026356369256973267
FR000709,0,0.017627188935875893
FR010736,0,0.01411586906760931
FR015100,0,0.01624171994626522
FR009351,0,0.014934741891920567
FR002426,0,0.036533135920763016
FR016698,0,0.005014410242438316
FR015789,0,0.0715341567993164
FR018420,0,0.04219681769609451
FR009623,0,0.03899518400430679
FR004188,0,0.02817818522453308
FR001435,0,0.007298250682651997
FR012965,0,0.00583181856200099
FR004333,0,0.008633319288492203
FR017171,0,0.010690232738852501
FR005118,0,0.01648004911839962
FR015106,1,0.03197995945811272
FR008940,0,0.003413544502109289
FR002900,0,0.004600403364747763
FR010027,0,0.041532862931489944
FR014995,1,0.08264037221670151
FR009135,0,0.006195614114403725
FR018941,0,0.002771135652437806
FR010270,0,0.04321904852986336
FR008892,0,0.0037903753109276295
FR017607,0,0.003949598874896765
FR012318,0,0.006709438282996416
FR001795,0,0.013713409192860126
FR016314,0,0.0052931709215044975
FR017166,0,0.012893742881715298
FR019800,0,0.005209175404161215
FR005798,0,0.007237976882606745
FR014000,0,0.014263519085943699
FR014589,0,0.005031203385442495
FR017468,0,0.010730935260653496
FR007275,0,0.011382600292563438
FR009916,0,0.012133879587054253
FR001035,0,0.013365168124437332
FR018686,0,0.019358491525053978
FR009892,0,0.009131619706749916
FR014560,0,0.021300634369254112
FR003831,0,0.006857997737824917
FR006976,0,0.022251570597290993
FR015823,0,0.014377841725945473
FR017601,0,0.006584482733160257
FR014968,0,0.0066122314892709255
FR010051,0,0.008582746610045433
FR001824,0,0.015546786598861217
FR011229,0,0.003228564513847232
FR017528,0,0.01078072190284729
FR004206,0,0.002982395002618432
FR014800,0,0.028341783210635185
FR015837,0,0.006081121042370796
FR012237,0,0.03975263610482216
FR000434,0,0.006356467958539724
FR012739,0,0.013316292315721512
FR018101,0,0.006735626142472029
FR017466,0,0.004566612187772989
FR013810,0,0.026993008330464363
FR013410,0,0.006876964587718248
FR012593,0,0.011744561605155468
FR006462,0,0.040188342332839966
FR000455,0,0.007165118586272001
FR001051,0,0.00744242500513792
FR014555,1,0.12036413699388504
FR000431,0,0.013882266357541084
FR001733,0,0.018417153507471085
FR006510,0,0.007186075206845999
FR002050,0,0.011199312284588814
FR012976,0,0.016741406172513962
FR008867,0,0.04449951648712158
FR014020,0,0.003889125306159258
FR014752,0,0.06240776553750038
FR006096,0,0.027325518429279327
FR013809,0,0.00568313617259264
FR006270,0,0.023517964407801628
FR011316,0,0.0124430600553751
FR013515,0,0.014192079193890095
FR015345,0,0.009921330027282238
FR008382,0,0.015933142974972725
FR017594,0,0.008384599350392818
FR008110,0,0.014221729710698128
FR013285,0,0.006018502172082663
FR017583,0,0.013125685974955559
FR001843,0,0.006238243076950312
FR014934,0,0.012018403969705105
FR007947,0,0.013234678655862808
FR019490,0,0.011612173169851303
FR008431,0,0.006660016253590584
FR007798,0,0.03846195712685585
FR011499,0,0.007274697069078684
FR007610,0,0.5168420076370239
FR005610,0,0.0030209366232156754
FR008904,0,0.007649507373571396
FR014965,0,0.023725075647234917
FR008369,0,0.02918669395148754
FR011533,0,0.004690257832407951
FR015416,0,0.00777325127273798
FR006572,0,0.007501476909965277
FR018887,0,0.006003120448440313
FR018118,0,0.014560222625732422
FR001073,0,0.026664266362786293
FR001132,0,0.003666958073154092
FR009276,0,0.003906136378645897
FR013961,0,0.0051382239907979965
FR008243,0,0.007979010231792927
FR007893,0,0.011690618470311165
FR011371,0,0.01412510871887207
FR011997,0,0.007339309900999069
FR008465,0,0.006926354020833969
FR016254,0,0.0069983648136258125
FR016263,0,0.029717111960053444
FR013741,0,0.004166430328041315
FR010701,0,0.006526445969939232
FR019768,0,0.008869372308254242
FR007301,0,0.0034811589866876602
FR012292,0,0.013959470205008984
FR015707,0,0.0046980734914541245
FR014844,0,0.011166899465024471
FR012719,0,0.012364507652819157
FR016688,0,0.01073995977640152
FR002961,0,0.006786678452044725
FR004241,0,0.006470800377428532
FR012367,0,0.038417182862758636
FR017817,0,0.09447801113128662
FR006341,0,0.024815451353788376
FR009964,0,0.00460419524461031
FR009768,0,0.012469002977013588
FR001482,0,0.015386674553155899
FR016829,0,0.005820301827043295
FR010286,0,0.017521923407912254
FR008795,0,0.01239419262856245
FR018748,0,0.0041339504532516
FR001153,0,0.011095653288066387
FR008947,0,0.005918417125940323
FR004148,0,0.00879605021327734
FR011694,0,0.009756735526025295
FR018011,0,0.010244423523545265
FR004947,0,0.008884487673640251
FR019117,1,0.025493338704109192
FR001162,0,0.01755140908062458
FR003372,0,0.02278631180524826
FR011400,0,0.007548751775175333
FR014949,0,0.006334673147648573
FR011800,0,0.006571790669113398
FR013384,0,0.005358020309358835
FR002001,0,0.005565223284065723
FR018123,0,0.013540331274271011
FR014215,0,0.060705073177814484
FR007741,0,0.010349986143410206
FR019343,0,0.00817819219082594
FR015829,0,0.009063384495675564
FR001623,0,0.03560590371489525
FR014501,0,0.01705102249979973
FR000930,0,0.002873888472095132
FR011633,0,0.0055611710995435715
FR017756,0,0.005475422367453575
FR009580,0,0.020912539213895798
FR017459,0,0.00794235896319151
FR008612,1,0.37618571519851685
FR013235,0,0.013033241964876652
FR009380,0,0.004808312747627497
FR012790,0,0.027053195983171463
FR010793,0,0.008167608641088009
FR009849,0,0.010092701762914658
FR003715,0,0.04046420753002167
FR010717,0,0.008929726667702198
FR001248,0,0.039238352328538895
FR001473,0,0.003770780051127076
FR012973,0,0.006350639741867781
FR013763,0,0.007290564477443695
FR014002,0,0.008289030753076077
FR016757,0,0.013704022392630577
FR019345,0,0.030597755685448647
FR007381,0,0.008341984823346138
FR018014,0,0.009677635505795479
FR011838,0,0.029466280713677406
FR006141,0,0.1631978154182434
FR008248,0,0.007173474878072739
FR004570,0,0.007653913460671902
FR009097,0,0.028624342754483223
FR010965,0,0.020099088549613953
FR001757,0,0.010706811212003231
FR017810,0,0.004193688277155161
FR003337,0,0.003370909485965967
FR008849,0,0.0048347278498113155
FR003874,0,0.06325908750295639
FR017663,0,0.005296983290463686
FR012758,0,0.006022442597895861
FR015109,0,0.030438626185059547
FR012652,0,0.017676817253232002
FR001615,0,0.0033257328905165195
FR019186,0,0.024807479232549667
FR013920,0,0.011576129123568535
FR019658,0,0.00513051263988018
FR013094,0,0.012366184964776039
FR013089,0,0.00460345484316349
FR019750,1,0.008883774280548096
FR012772,0,0.0065047782845795155
FR018508,0,0.013544993475079536
FR017110,0,0.004404223989695311
FR010030,0,0.006178140174597502
FR010143,0,0.022762777283787727
FR000166,0,0.002687474014237523
FR012063,0,0.0027438655961304903
FR003513,0,0.005122195463627577
FR018957,0,0.026578977704048157
FR015826,0,0.007502882741391659
FR013232,0,0.009215563535690308
FR014711,0,0.0054357885383069515
FR000623,0,0.0038743270561099052
FR012581,0,0.004297618288546801
FR000480,0,0.004354165401309729
FR001653,0,0.015364136546850204
FR013808,0,0.026700112968683243
FR017374,0,0.012598413042724133
FR015059,0,0.03454733267426491
FR015216,0,0.017705604434013367
FR011780,0,0.00696783559396863
FR012808,0,0.013943511061370373
FR013465,0,0.009183279238641262
FR003747,0,0.0064989193342626095
FR014203,0,0.009566603228449821
FR000760,0,0.003519580001011491
FR000383,0,0.006755107548087835
FR016197,0,0.005402061156928539
FR000601,0,0.027347231283783913
FR005618,0,0.013798907399177551
FR015332,0,0.007306239102035761
FR019709,0,0.012377423234283924
FR013016,0,0.00613116379827261
FR004448,0,0.008287149481475353
FR008118,0,0.011167758144438267
FR010007,0,0.017575178295373917
FR011626,0,0.06439104676246643
FR014305,0,0.006041302811354399
FR010351,0,0.007632181514054537
FR017900,0,0.009955759160220623
FR004154,0,0.014714689925312996
FR013290,0,0.009896899573504925
FR003461,0,0.006598314736038446
FR015890,0,0.009798794984817505
FR004778,0,0.006318329833447933
FR010649,0,0.004194488748908043
FR004747,0,0.0031569625716656446
FR000756,0,0.005974700674414635
FR015313,0,0.006409819237887859
FR004781,0,0.0070683956146240234
FR002265,0,0.01932629756629467
FR005041,0,0.0040443167090415955
FR007027,0,0.0049762665294110775
FR015612,0,0.016626084223389626
FR000585,0,0.004731511697173119
FR010212,0,0.02423945628106594
FR009372,0,0.004654425196349621
FR005566,0,0.009991651400923729
FR017846,0,0.0726056843996048
FR019712,0,0.006742325611412525
FR011053,0,0.01480234507471323
FR000368,0,0.005559377837926149
FR017432,0,0.011739183217287064
FR013439,0,0.0036524746101349592
FR013760,0,0.008188227191567421
FR004942,0,0.003063537646085024
FR002113,0,0.0466604046523571
FR017218,0,0.008882682770490646
FR000750,0,0.028919603675603867
FR002881,0,0.006106180138885975
FR010789,0,0.013980812393128872
FR017488,0,0.004526589997112751
FR009664,0,0.016387268900871277
FR010861,0,0.006015060003846884
FR012611,0,0.020117251202464104
FR001362,0,0.0036154736299067736
FR000871,0,0.00990095641463995
FR018183,0,0.0028185516130179167
FR015957,0,0.008762302808463573
FR011832,0,0.0033391485922038555
FR006236,0,0.010799390263855457
FR014087,0,0.003231775015592575
FR017016,0,0.040292248129844666
FR005572,0,0.004901213105767965
FR002665,0,0.023128554224967957
FR011700,0,0.005164097063243389
FR000230,0,0.007053157314658165
FR009374,0,0.004356202203780413
FR002152,0,0.02069546841084957
FR013756,0,0.004898922983556986
FR016043,0,0.01947765052318573
FR000047,0,0.009102964773774147
FR007803,0,0.0055894264951348305
FR013691,0,0.014084402471780777
FR004400,0,0.004670122638344765
FR001603,0,0.005619026720523834
FR002047,0,0.006264622323215008
FR003013,0,0.014459970407187939
FR008592,0,0.004194666165858507
FR019078,0,0.014191478490829468
FR003632,0,0.010051789693534374
FR012043,0,0.0031817681156098843
FR010680,0,0.01071782223880291
FR019099,0,0.012905855663120747
FR011709,0,0.012059873901307583
FR005871,0,0.011366401799023151
FR012723,0,0.004095021635293961
FR015591,0,0.05389993265271187
FR004002,0,0.004879544023424387
FR006677,0,0.004743576515465975
FR011685,0,0.013489307835698128
FR005138,0,0.016038265079259872
FR015519,0,0.015218306332826614
FR007828,0,0.004570517688989639
FR019770,0,0.006735626142472029
FR000541,0,0.007526219356805086
FR014158,0,0.005969067104160786
FR016160,0,0.04067501425743103
FR001679,0,0.008466116152703762
FR003922,0,0.006887579336762428
FR000895,0,0.012311729602515697
FR015147,0,0.01822771690785885
FR008809,0,0.02148551307618618
FR007369,0,0.0037919492460787296
FR012410,0,0.022177252918481827
FR018530,0,0.012176557444036007
FR001946,0,0.03799418359994888
FR015852,0,0.009999126195907593
FR004508,0,0.005689515266567469
FR004656,0,0.012447238899767399
FR019894,0,0.015204420313239098
FR011875,0,0.008613177575170994
FR010770,0,0.02268119342625141
FR001300,0,0.006439573131501675
FR018328,0,0.01880234107375145
FR006211,1,0.022293725982308388
FR008996,0,0.0080808624625206
FR001160,0,0.00624576210975647
FR004640,0,0.013760020956397057
FR001941,0,0.018208131194114685
FR004579,0,0.11142884939908981
FR003670,0,0.007571334019303322
FR018346,0,0.19407495856285095
FR006923,0,0.03030211292207241
FR007553,0,0.0024080502334982157
FR002909,0,0.003481663530692458
FR009949,0,0.013592567294836044
FR001001,0,0.008030608296394348
FR006213,0,0.030046476051211357
FR006362,0,0.009010294452309608
FR007420,0,0.027640867978334427
FR008624,0,0.003844225313514471
FR006375,0,0.007049771957099438
FR018037,0,0.02137061394751072
FR018040,0,0.004018846433609724
FR012926,0,0.006708875764161348
FR010538,0,0.006195611320436001
FR015755,0,0.13499924540519714
FR012421,0,0.005531900562345982
FR012680,0,0.00986787024885416
FR018407,0,0.06850749999284744
FR017133,0,0.008722728118300438
FR011054,0,0.016025260090827942
FR013211,0,0.013991128653287888
FR013786,0,0.014421132393181324
FR009190,0,0.007101519964635372
FR005936,0,0.005503897089511156
FR010994,0,0.008039375767111778
FR000072,0,0.008205804042518139
FR019011,0,0.006124249659478664
FR017354,0,0.015035572461783886
FR007651,0,0.002479767892509699
FR012152,0,0.0061518666334450245
FR010733,0,0.009039527736604214
FR019900,0,0.04027439281344414
FR013194,0,0.009747871197760105
FR009218,0,0.006531772669404745
FR006490,0,0.009375537745654583
FR012995,0,0.011582547798752785
FR004578,0,0.003732473822310567
FR010867,0,0.008763015270233154
FR003642,0,0.008829008787870407
FR012931,0,0.005510232876986265
FR013059,0,0.007279905024915934
FR014419,0,0.00922470260411501
FR003458,0,0.01048025581985712
FR008783,0,0.011722548864781857
FR007757,0,0.007946846075356007
FR001204,0,0.0059749833308160305
FR018269,0,0.010461333207786083
FR009090,0,0.007751098368316889
FR019138,0,0.021052947267889977
FR013223,0,0.0339738130569458
FR013532,0,0.004226404707878828
FR008149,0,0.010136720724403858
FR003745,0,0.011843054555356503
FR009988,0,0.0074813347309827805
FR018773,0,0.014095001854002476
FR007433,0,0.003796987235546112
FR017728,0,0.002623666077852249
FR006522,0,0.007827474735677242
FR014432,0,0.009727505967020988
FR007746,0,0.20396780967712402
FR015348,0,0.021098975092172623
FR010516,0,0.009597701020538807
FR012255,0,0.07114163786172867
FR017206,0,0.016199596226215363
FR015715,0,0.008947675116360188
FR006871,0,0.012168186716735363
FR019196,0,0.017374230548739433
FR001298,0,0.007077138405293226
FR004318,0,0.016204718500375748
FR016097,0,0.006908216513693333
FR000742,0,0.004123986233025789
FR010761,0,0.004532633814960718
FR011759,0,0.008545218966901302
FR010695,0,0.0041387625969946384
FR013343,0,0.011742225848138332
FR008373,0,0.0036720240022987127
FR004710,0,0.01822655089199543
FR000482,0,0.008191050961613655
FR013831,0,0.037311382591724396
FR001385,0,0.028677690774202347
FR011222,0,0.013062120415270329
FR016751,0,0.005615414585918188
FR017124,0,0.022977963089942932
FR005382,0,0.008238984271883965
FR003446,0,0.011868768371641636
FR003128,0,0.015315541997551918
FR005844,0,0.0691908746957779
FR014505,0,0.008023397997021675
FR002529,0,0.006492386572062969
FR004128,0,0.006026994436979294
FR001243,0,0.009297376498579979
FR006573,0,0.004932353738695383
FR016496,0,0.014198165386915207
FR015160,0,0.010678558610379696
FR000180,0,0.015336424112319946
FR012691,0,0.003487077308818698
FR011089,0,0.0065340567380189896
FR009308,0,0.006817387882620096
FR013796,0,0.04118998348712921
FR002273,0,0.009098565205931664
FR000661,0,0.018543610349297523
FR009946,0,0.005871366709470749
FR006127,0,0.011979431845247746
FR018685,0,0.006153733003884554
FR013401,0,0.007263688836246729
FR016750,0,0.02606804296374321
FR014650,0,0.01905156299471855
FR009507,0,0.010345146991312504
FR008765,0,0.006803170777857304
FR000022,0,0.013930934481322765
FR017445,0,0.0053230454213917255
FR003087,0,0.004482137970626354
FR005806,0,0.00842006504535675
FR017280,0,0.010448348708450794
FR011432,0,0.007192657329142094
FR004705,0,0.03541920706629753
FR009057,0,0.009482304565608501
FR016858,0,0.009710447862744331
FR004975,0,0.005158316344022751
FR002351,0,0.004661862272769213
FR006439,0,0.005857688840478659
FR001684,0,0.007273143623024225
FR014401,0,0.0760154277086258
FR007069,0,0.005888639483600855
FR000290,0,0.005246846936643124
FR016565,0,0.013743038289248943
FR012204,0,0.010048155672848225
FR014621,0,0.008413308300077915
FR014294,0,0.004377084318548441
FR001305,0,0.0061947922222316265
FR014181,0,0.025451866909861565
FR011846,0,0.005412513390183449
FR008516,0,0.007115369196981192
FR000106,0,0.02131737396121025
FR018415,0,0.016273528337478638
FR019954,0,0.00454164482653141
FR016489,0,0.00792230200022459
FR008489,0,0.010745001956820488
FR019890,0,0.005825648549944162
FR013510,0,0.009131960570812225
FR007276,0,0.00985013134777546
FR015700,0,0.06445277482271194
FR007511,0,0.010551738552749157
FR014868,0,0.010304895229637623
FR003726,0,0.004237848799675703
FR004275,0,0.02349177934229374
FR003003,0,0.004330998286604881
FR016235,0,0.010546283796429634
FR019051,0,0.04898763820528984
FR017286,0,0.010915359482169151
FR000980,0,0.008701886050403118
FR015854,0,0.00817744992673397
FR017009,0,0.0048988740891218185
FR017541,0,0.008469264023005962
FR009725,0,0.007622790057212114
FR009142,0,0.005335134919732809
FR016059,0,0.005888179410248995
FR011847,0,0.04355860501527786
FR014827,0,0.0050124479457736015
FR003207,0,0.0053213718347251415
FR013197,0,0.004814470186829567
FR018736,0,0.010327654890716076
FR017350,0,0.018654175102710724
FR008467,0,0.005597343668341637
FR004258,0,0.003696584841236472
FR012944,0,0.0070600202307105064
FR006402,0,0.023599283769726753
FR003179,0,0.02394191175699234
FR006476,0,0.005740448832511902
FR018625,0,0.03328161686658859
FR001396,0,0.012614146806299686
FR018683,0,0.009958927519619465
FR002023,0,0.007826668210327625
FR014344,0,0.016686150804162025
FR003331,0,0.009842906147241592
FR008201,0,0.014086614362895489
FR004827,0,0.0041748154908418655
FR008031,0,0.006679825484752655
FR019257,0,0.1535888910293579
FR006244,0,0.005933740641921759
FR004888,0,0.004720374010503292
FR005395,0,0.02624005451798439
FR019666,0,0.005919918417930603
FR013331,1,0.015348909422755241
FR013072,0,0.020340638235211372
FR010062,0,0.00900181196630001
FR015849,0,0.015199365094304085
FR012542,0,0.006192716769874096
FR014266,0,0.010838618502020836
FR012205,0,0.0236627459526062
FR009808,0,0.011368390172719955
FR007785,0,0.004247746430337429
FR001206,0,0.009093639440834522
FR008141,0,0.027063563466072083
FR012369,0,0.008833729662001133
FR008572,0,0.004234360996633768
FR000170,0,0.0058265989646315575
FR004732,0,0.025268666446208954
FR001678,0,0.035147588700056076
FR010766,0,0.005392203573137522
FR011517,0,0.02383255958557129
FR004482,0,0.007357950322329998
FR014355,0,0.0052175140008330345
FR010087,0,0.011561347171664238
FR001171,0,0.004649166017770767
FR013312,0,0.04435516893863678
FR001142,0,0.013853703625500202
FR008641,0,0.0858231857419014
FR003136,0,0.004279571585357189
FR007712,0,0.0158860944211483
FR008810,0,0.004911727271974087
FR015168,0,0.020041249692440033
FR006337,0,0.0031003172043710947
FR014095,0,0.0074693881906569
FR006103,0,0.004070095252245665
FR014115,0,0.008023553527891636
FR007941,0,0.03336514160037041
FR019515,0,0.025086330249905586
FR014454,0,0.01638048328459263
FR001115,0,0.02828514762222767
FR000565,0,0.00974420364946127
FR011958,0,0.016741696745157242
FR005642,0,0.007906255312263966
FR003017,0,0.00767870107665658
FR014661,0,0.005008345004171133
FR006515,0,0.018346372991800308
FR009404,0,0.004234310705214739
FR000804,0,0.006535514257848263
FR007256,0,0.00899889413267374
FR002688,0,0.00426243431866169
FR011596,0,0.004733775742352009
FR013156,0,0.005463042762130499
FR015264,0,0.005130222998559475
FR005009,0,0.008237367495894432
FR017865,0,0.02466065064072609
FR014539,0,0.0038492081221193075
FR015769,0,0.029863199219107628
FR014449,0,0.006343016866594553
FR016544,0,0.003966371063143015
FR004846,0,0.010782197117805481
FR003638,0,0.03882782906293869
FR000727,0,0.004358864855021238
FR006155,0,0.01518119778484106
FR013345,0,0.009292621165513992
FR001307,0,0.011786287650465965
FR019035,0,0.12361514568328857
FR005381,0,0.016908008605241776
FR011900,0,0.006464916747063398
FR001176,0,0.009756611660122871
FR003542,0,0.00444751838222146
FR007585,0,0.06627785414457321
FR010530,0,0.006631053984165192
FR014119,0,0.10740979760885239
FR017753,0,0.03195849433541298
FR012529,0,0.021282443776726723
FR009886,0,0.006066563539206982
FR016056,0,0.014928155578672886
FR000767,0,0.009007837623357773
FR017348,0,0.06508415937423706
FR013047,0,0.006434738636016846
FR014214,0,0.005478944629430771
FR001778,0,0.020109912380576134
FR006803,0,0.010294280014932156
FR015392,0,0.0105487871915102
FR014933,0,0.020431434735655785
FR015645,0,0.0044274237006902695
FR004103,0,0.00737266568467021
FR019597,0,0.009978434070944786
FR015246,0,0.007178132887929678
FR009693,0,0.04283139109611511
FR003140,0,0.007722796872258186
FR001271,0,0.012153769843280315
FR012165,1,0.5097195506095886
FR004850,0,0.00464886799454689
FR016545,0,0.007437878288328648
FR016238,0,0.005581410136073828
FR000658,0,0.021468358114361763
FR016201,0,0.006718599237501621
FR004249,0,0.0031133610755205154
FR013090,0,0.004671204369515181
FR007227,0,0.003382911905646324
FR018511,0,0.051374468952417374
FR010970,0,0.0062179649248719215
FR017227,0,0.011077350936830044
FR019338,0,0.004335483070462942
FR013040,0,0.0044111269526183605
FR017327,0,0.004810606129467487
FR005900,0,0.025639310479164124
FR008474,0,0.012889525853097439
FR009300,0,0.012839538045227528
FR003119,0,0.004937638528645039
FR002462,0,0.009570891037583351
FR009476,0,0.005819007754325867
FR018403,0,0.011938533745706081
FR003428,0,0.04374353960156441
FR009289,0,0.1523776352405548
FR002548,0,0.009163481183350086
FR002560,0,0.008797900751233101
FR004711,0,0.005312086548656225
FR015284,0,0.010601673275232315
FR014404,0,0.02566448785364628
FR006445,0,0.013097014278173447
FR008038,0,0.01891428418457508
FR007216,0,0.006251687183976173
FR006365,0,0.010870642028748989
FR016163,0,0.0035681603476405144
FR003593,0,0.18479633331298828
FR004663,0,0.013554362580180168
FR007748,0,0.026294181123375893
FR003879,0,0.01090787723660469
FR006856,0,0.009306257590651512
FR005975,0,0.018014682456851006
FR017768,0,0.013692420907318592
FR011722,0,0.008599645458161831
FR001536,0,0.007209927774965763
FR015247,0,0.030900774523615837
FR010156,0,0.005993249826133251
FR004004,0,0.005154747515916824
FR008208,0,0.004408227279782295
FR016773,0,0.008691292256116867
FR012879,0,0.008517482317984104
FR008019,0,0.0037268733140081167
FR019054,0,0.005636435467749834
FR003257,0,0.013387986458837986
FR009452,0,0.018195871263742447
FR004519,0,0.0030408534221351147
FR006741,0,0.00523338234052062
FR017120,0,0.024392733350396156
FR018728,0,0.007110233884304762
FR003023,0,0.011511442251503468
FR019819,0,0.003035095287486911
FR001782,0,0.008950512856245041
FR017935,0,0.010283262468874454
FR018270,0,0.009005701169371605
FR001937,0,0.046453047543764114
FR006642,0,0.005236913915723562
FR014185,0,0.007350901607424021
FR009825,0,0.007364075630903244
FR017920,0,0.01416454091668129
FR002210,0,0.017281338572502136
FR014992,0,0.03127840906381607
FR019942,0,0.017241427674889565
FR016537,0,0.014729727990925312
FR002385,0,0.08032931387424469
FR011897,0,0.0056177666410803795
FR004291,0,0.008090721443295479
FR005017,0,0.011886386200785637
FR008871,0,0.010569925419986248
FR012628,0,0.012194735929369926
FR005192,0,0.007885121740400791
FR000218,0,0.007086204830557108
FR001382,0,0.017420271411538124
FR003693,0,0.003324610646814108
FR003181,0,0.010153600014746189
FR002928,0,0.01262943260371685
FR010959,0,0.007541453465819359
FR004210,0,0.01991705596446991
FR002378,0,0.0072439140640199184
FR001197,0,0.00920433271676302
FR013529,0,0.003979392349720001
FR015232,0,0.020182009786367416
FR014682,0,0.2700466513633728
FR009503,0,0.0063515822403132915
FR018138,0,0.006400533020496368
FR006358,0,0.014496962539851665
FR013989,0,0.022152062505483627
FR017577,0,0.010028760880231857
FR010631,0,0.004560256842523813
FR017918,0,0.007730730343610048
FR017128,0,0.006856195628643036
FR019889,0,0.010237213224172592
FR004000,0,0.007237123791128397
FR008628,0,0.013429978862404823
FR001618,1,0.6414439678192139
FR015563,0,0.008608630858361721
FR018694,0,0.0073729450814425945
FR013576,0,0.006160142831504345
FR019510,0,0.010796880349516869
FR010902,0,0.06061732769012451
FR012269,0,0.017323287203907967
FR004227,0,0.011079576797783375
FR019256,0,0.003611784428358078
FR005421,0,0.013204679824411869
FR003449,0,0.0029087604489177465
FR014526,0,0.04399451985955238
FR014144,0,0.015068714506924152
FR015509,0,0.02203032746911049
FR012068,0,0.00628558499738574
FR003904,0,0.029856141656637192
FR017841,0,0.004647544585168362
FR014244,0,0.01058118138462305
FR011741,0,0.024767791852355003
FR013101,0,0.01311645656824112
FR011329,0,0.03330346569418907
FR007861,0,0.005603190511465073
FR013802,0,0.014563877135515213
FR016619,0,0.004247008357197046
FR011792,0,0.003506161505356431
FR008393,0,0.033251240849494934
FR012788,0,0.0050094835460186005
FR019667,0,0.008783632889389992
FR009698,0,0.0074217976070940495
FR003970,0,0.007786937057971954
FR008774,0,0.00508921081200242
FR016905,0,0.011612966656684875
FR015436,0,0.008860468864440918
FR007599,0,0.00781303457915783
FR007200,0,0.0033057325053960085
FR018799,0,0.006637216545641422
FR014750,0,0.021035706624388695
FR019430,0,0.01640453189611435
FR011423,0,0.016332626342773438
FR003301,0,0.012637480162084103
FR018147,0,0.003158202162012458
FR016285,0,0.010775475762784481
FR018388,0,0.004544415976852179
FR011831,0,0.036544762551784515
FR001088,0,0.010026597417891026
FR012833,0,0.01692463830113411
FR016444,0,0.004718823824077845
FR002443,0,0.008175144903361797
FR005399,0,0.008249780163168907
FR010831,0,0.014849990606307983
FR011908,0,0.007905346341431141
FR019097,0,0.00470094196498394
FR018852,0,0.029789429157972336
FR018854,0,0.0040780119597911835
FR015010,0,0.005204316694289446
FR002584,0,0.041338056325912476
FR014018,0,0.010738424025475979
FR002483,0,0.005849380977451801
FR012234,0,0.011366310529410839
FR014072,0,0.007784608285874128
FR002837,0,0.007566895801573992
FR010456,0,0.004485270939767361
FR019673,0,0.009897349402308464
FR008298,0,0.007240762934088707
FR004146,0,0.020561888813972473
FR011223,0,0.006197378970682621
FR010301,0,0.008505775593221188
FR004965,0,0.02715262584388256
FR016089,0,0.006640600040555
FR014541,0,0.08320383727550507
FR010936,0,0.01071921270340681
FR015853,0,0.0034785924945026636
FR008828,0,0.004692852031439543
FR003883,0,0.012660514563322067
FR006752,0,0.0048149642534554005
FR017656,0,0.02583807148039341
FR017869,0,0.005095834843814373
FR013213,0,0.04115598648786545
FR012997,0,0.011726511642336845
FR017613,0,0.008559071458876133
FR016305,0,0.02002999559044838
FR017092,0,0.00746316509321332
FR006750,0,0.02204022742807865
FR014437,0,0.03809838742017746
FR004293,0,0.002717771800234914
FR015830,0,0.006538722664117813
FR016928,0,0.04458162933588028
FR000615,1,0.020390905439853668
FR018371,0,0.012857918627560139
FR003971,0,0.007996171712875366
FR010217,0,0.007206355221569538
FR008778,0,0.02220916375517845
FR007093,0,0.03312235698103905
FR019612,0,0.007592025212943554
FR016788,0,0.007651111576706171
FR003125,0,0.008064386434853077
FR005097,0,0.010595433413982391
FR001368,0,0.0761101245880127
FR019146,0,0.015164167620241642
FR011519,0,0.012472403235733509
FR000221,1,0.01847413368523121
FR010277,0,0.006264728959649801
FR019137,0,0.005260273348540068
FR019264,0,0.01705758459866047
FR008724,0,0.0037913366686552763
FR018996,0,0.009575878269970417
FR016176,0,0.008762803860008717
FR013296,0,0.020704854279756546
FR012835,0,0.00801158882677555
FR016509,0,0.007748641073703766
FR019893,0,0.005246463697403669
FR015866,0,0.008339357562363148
FR008744,0,0.017451632767915726
FR001027,0,0.009417031891644001
FR012305,0,0.012907659634947777
FR003760,0,0.0044168829917907715
FR001775,0,0.006113546434789896
FR017889,0,0.03938065469264984
FR009794,0,0.028231017291545868
FR013671,0,0.13936305046081543
FR014775,0,0.019475296139717102
FR018534,0,0.01485503651201725
FR011133,0,0.00385810574516654
FR008196,0,0.030317578464746475
FR006783,0,0.01370688434690237
FR013693,0,0.007269674446433783
FR002193,0,0.02332388609647751
FR005908,0,0.015091448090970516
FR004440,0,0.03488869592547417
FR001084,0,0.008804760873317719
FR000794,0,0.01210901327431202
FR010584,0,0.00910579040646553
FR018840,0,0.004627002868801355
FR005320,0,0.0564398318529129
FR012774,0,0.010264221578836441
FR006769,0,0.006571367848664522
FR014797,0,0.006664229556918144
FR016558,0,0.010514084249734879
FR004496,0,0.025352392345666885
FR013428,0,0.029408980160951614
FR004689,0,0.020139772444963455
FR004007,0,0.0405593179166317
FR014929,0,0.024359246715903282
FR013736,0,0.015302812680602074
FR014937,0,0.008502190001308918
FR013739,0,0.013249365612864494
FR014455,0,0.03582176938652992
FR006435,0,0.007135468069463968
FR009431,0,0.006330097559839487
FR008042,0,0.0051684812642633915
FR013157,0,0.014718962833285332
FR001406,0,0.008420371450483799
FR008708,0,0.012605967000126839
FR017853,0,0.01550506055355072
FR009307,0,0.01799190789461136
FR008843,1,0.05160423740744591
FR009896,0,0.004271084442734718
FR005881,0,0.030222825706005096
FR011060,0,0.011256888508796692
FR000779,0,0.03434958681464195
FR005153,0,0.003355466527864337
FR005825,0,0.007799207698553801
FR011627,0,0.010078291408717632
FR009951,0,0.01594945788383484
FR016678,0,0.005397789180278778
FR010261,0,0.12559062242507935
FR000099,0,0.006133721675723791
FR016633,0,0.005298933479934931
FR010121,0,0.006522864103317261
FR014138,0,0.006383903790265322
FR000394,0,0.005939875263720751
FR003107,0,0.007435277570039034
FR005921,0,0.004918602295219898
FR010843,0,0.01160477101802826
FR018836,0,0.007177079562097788
FR001944,0,0.006475510541349649
FR005014,0,0.009682485833764076
FR006281,0,0.011653164401650429
FR009064,0,0.002983271377161145
FR010784,0,0.0055687022395431995
FR002235,0,0.03676898404955864
FR014346,0,0.02151716873049736
FR013015,0,0.02172115631401539
FR011590,0,0.006392096634954214
FR018477,0,0.004404911305755377
FR012266,0,0.0035752281546592712
FR009633,0,0.008562981151044369
FR004245,0,0.013614916242659092
FR006901,0,0.008934293873608112
FR009094,1,0.023343566805124283
FR002896,0,0.09894299507141113
FR000471,0,0.004315705969929695
FR007473,0,0.01095532439649105
FR012089,0,0.014190725982189178
FR001083,0,0.004359448328614235
FR015266,0,0.004064868204295635
FR014338,0,0.013180804438889027
FR018361,0,0.009734339080750942
FR019282,0,0.004696912132203579
FR007603,0,0.013307981193065643
FR016225,0,0.01486455649137497
FR000031,0,0.02028629183769226
FR012290,0,0.004237068351358175
FR005434,0,0.022164717316627502
FR019252,0,0.00460743298754096
FR011775,0,0.009221312589943409
FR015110,0,0.015831565484404564
FR006735,0,0.011802727356553078
FR010856,0,0.006571831647306681
FR014967,0,0.005242985673248768
FR018232,0,0.022823231294751167
FR018631,0,0.004703521728515625
FR005135,0,0.007034600712358952
FR005998,0,0.012475874274969101
FR015375,0,0.016716746613383293
FR007106,0,0.017119528725743294
FR000085,0,0.0041145808063447475
FR017560,0,0.013606645166873932
FR019860,0,0.005299762822687626
FR013988,0,0.00741569884121418
FR002080,0,0.007737130392342806
FR000526,0,0.02483881078660488
FR007848,0,0.014534111134707928
FR011463,0,0.02444879524409771
FR009563,1,0.020187456160783768
FR002601,0,0.012011474929749966
FR005349,0,0.04236357659101486
FR015784,0,0.013653386384248734
FR006298,0,0.03554295003414154
FR011614,0,0.011986308731138706
FR019159,0,0.005305618047714233
FR019683,0,0.008981684222817421
FR011988,0,0.010092692449688911
FR010224,0,0.025427933782339096
FR013791,0,0.006227465812116861
FR006666,0,0.01819099485874176
FR005227,0,0.01399990078061819
FR001661,0,0.005658623296767473
FR011448,0,0.007644083350896835
FR013379,0,0.029728559777140617
FR016209,0,0.007135927211493254
FR011216,0,0.008772074244916439
FR007384,0,0.006324221845716238
FR019269,0,0.006424576975405216
FR018861,0,0.008781487122178078
FR003662,0,0.0073215654119849205
FR004288,0,0.0069685522466897964
FR002440,0,0.006682347506284714
FR010857,0,0.0071739028207957745
FR011909,0,0.0058609358966350555
FR007189,0,0.013892975635826588
FR016875,0,0.007503298576921225
FR006951,0,0.015676578506827354
FR008840,0,0.009501451626420021
FR017574,0,0.0043130721896886826
FR004582,0,0.004383196122944355
FR006378,0,0.01410399004817009
FR011174,0,0.06013242527842522
FR019150,0,0.010828842408955097
FR004286,1,0.7067031860351562
FR013008,0,0.07722709327936172
FR007118,0,0.007547295186668634
FR018100,0,0.016746319830417633
FR011868,0,0.020159997045993805
FR008317,0,0.013807033188641071
FR011135,0,0.005188044160604477
FR015177,0,0.01214628852903843
FR013131,0,0.013221086002886295
FR006015,0,0.006301709450781345
FR019050,0,0.006862584967166185
FR009702,0,0.02447248063981533
FR010552,0,0.003939227666705847
FR012333,0,0.004832202102988958
FR009262,0,0.009201607666909695
FR012130,0,0.004706730134785175
FR003953,0,0.012381440959870815
FR000090,0,0.03815986588597298
FR002967,0,0.015598658472299576
FR005046,0,0.00873645581305027
FR011077,0,0.00785068329423666
FR014556,0,0.0075496770441532135
FR017825,0,0.007703479845076799
FR019726,0,0.007406557910144329
FR011891,0,0.006444443948566914
FR006115,0,0.008837204426527023
FR014559,0,0.004091950599104166
FR019518,0,0.004241351503878832
FR007904,0,0.00835054088383913
FR019026,0,0.03221432864665985
FR002687,0,0.013199237175285816
FR004092,0,0.008724047802388668
FR001173,0,0.005885876715183258
FR019153,0,0.025562036782503128
FR002840,0,0.009501012042164803
FR016765,0,0.01219896413385868
FR013668,0,0.005862839054316282
FR002814,0,0.0070543899200856686
FR009170,0,0.01765933819115162
FR002151,0,0.0030526258051395416
FR003719,0,0.013493901118636131
FR014302,0,0.00900017935782671
FR015954,0,0.5866995453834534
FR004383,0,0.02413199469447136
FR014300,0,0.009255368262529373
FR011493,0,0.04432041943073273
FR014942,0,0.005188922863453627
FR001744,0,0.007045157719403505
FR008900,0,0.004185998812317848
FR016186,0,0.004813568200916052
FR003817,0,0.005600335542112589
FR003177,0,0.00380493002012372
FR006504,0,0.008232231251895428
FR013097,0,0.009546671062707901
FR012221,0,0.014533134177327156
FR015684,0,0.008909357711672783
FR008866,0,0.005427162162959576
FR006911,0,0.006746015045791864
FR004981,0,0.04049886018037796
FR004384,0,0.01341856736689806
FR005142,0,0.010065501555800438
FR017385,0,0.021839305758476257
FR018018,0,0.00926283560693264
FR009402,0,0.08451955765485764
FR006512,0,0.011252813041210175
FR004586,0,0.010283689945936203
FR005987,0,0.013011406175792217
FR004953,0,0.004118465352803469
FR018193,0,0.014326306991279125
FR002931,0,0.003944625612348318
FR010611,0,0.004438621457666159
FR007659,0,0.006591413635760546
FR016005,0,0.013534477911889553
FR005647,0,0.005008223932236433
FR004804,0,0.011199571192264557
FR007246,0,0.11415999382734299
FR007058,0,0.0034968091640621424
FR011923,0,0.05167017877101898
FR018614,0,0.0073511903174221516
FR000644,0,0.019635267555713654
FR000412,0,0.007443361449986696
FR006685,0,0.00625573517754674
FR014188,0,0.003983648959547281
FR017017,0,0.09444177150726318
FR007600,0,0.004425188060849905
FR007871,0,0.0047977822832763195
FR015009,0,0.01494356244802475
FR002742,0,0.006129757966846228
FR007530,0,0.00921401847153902
FR019638,0,0.005657844711095095
FR013888,0,0.024665342643857002
FR009601,0,0.004657525569200516
FR014099,0,0.005123167764395475
FR013905,0,0.003930860199034214
FR018364,0,0.011278163641691208
FR001878,0,0.006823844742029905
FR002949,0,0.021023500710725784
FR011341,0,0.01539298053830862
FR013352,0,0.0038025069516152143
FR008746,0,0.010246221907436848
FR014013,0,0.0050044069066643715
FR017250,0,0.020858392119407654
FR016000,0,0.004636517260223627
FR000723,0,0.14446474611759186
FR006159,0,0.003042524913325906
FR010749,0,0.11214231699705124
FR016870,0,0.015367571264505386
FR018494,0,0.007860662415623665
FR014863,0,0.007176943589001894
FR002827,0,0.013176623731851578
FR011435,0,0.009536766447126865
FR002227,0,0.00451034726575017
FR015950,0,0.007026172708719969
FR003433,0,0.004215569701045752
FR019268,0,0.005530518479645252
FR003167,0,0.0029214031528681517
FR009700,0,0.026058463379740715
FR005508,0,0.006746222730726004
FR001413,0,0.012963997200131416
FR000916,0,0.013082667253911495
FR004816,0,0.004682895727455616
FR005515,0,0.02133086323738098
FR008933,0,0.0237452182918787
FR016960,0,0.008697415702044964
FR015876,0,0.011368357576429844
FR019617,0,0.009482398629188538
FR008333,0,0.010039901360869408
FR017329,0,0.0072565884329378605
FR005717,0,0.007233698386698961
FR015467,0,0.008540171198546886
FR000515,0,0.004171591252088547
FR007111,0,0.0053321546874940395
FR009363,0,0.006510965526103973
FR015518,0,0.012791500426828861
FR002274,0,0.0052367523312568665
FR006602,0,0.010630748234689236
FR014689,0,0.042814113199710846
FR018187,0,0.006624056026339531
FR001530,0,0.004069797694683075
FR007152,0,0.00317457620985806
FR018877,0,0.0167312603443861
FR013799,0,0.023353025317192078
FR000829,1,0.0537085197865963
FR003937,0,0.012845365330576897
FR001434,0,0.02840370312333107
FR012784,0,0.004362353123724461
FR010732,0,0.0067943003959953785
FR009403,0,0.018102815374732018
FR002789,0,0.016750968992710114
FR007221,0,0.01745893433690071
FR007253,0,0.0043685417622327805
FR014315,0,0.004624713212251663
FR004653,0,0.004514254163950682
FR004045,0,0.049395713955163956
FR007886,0,0.013012709096074104
FR012955,0,0.006154082715511322
FR008282,0,0.0031822931487113237
FR002490,0,0.009318782016634941
FR003286,0,0.004404223989695311
FR011369,0,0.03875061497092247
FR019205,0,0.041731201112270355
FR015350,0,0.0061319079250097275
FR001184,0,0.009594506584107876
FR001819,0,0.0063513293862342834
FR012848,0,0.007784618996083736
FR014495,0,0.007650231476873159
FR005646,0,0.007014441769570112
FR001284,0,0.0038548072334378958
FR001982,0,0.0076955342665314674
FR000292,0,0.007085319142788649
FR017022,0,0.004768969491124153
FR003026,0,0.012268715538084507
FR013762,0,0.021395044401288033
FR008800,0,0.02494822070002556
FR005922,0,0.010174784809350967
FR003605,0,0.010370921343564987
FR016826,0,0.006180910859256983
FR014684,0,0.020210763439536095
FR015043,0,0.012176116928458214
FR008820,0,0.003195097204297781
FR004109,0,0.003923723474144936
FR019655,0,0.024359581992030144
FR006399,0,0.01747743971645832
FR010722,0,0.005080381873995066
FR009898,0,0.00335937412455678
FR008707,0,0.005584501661360264
FR002238,0,0.017316307872533798
FR015714,1,0.013025295920670033
FR010690,0,0.00404340447857976
FR011648,0,0.00974710751324892
FR001499,0,0.011858421377837658
FR011520,0,0.006375911179929972
FR006507,0,0.008395333774387836
FR006446,0,0.006507376208901405
FR013816,0,0.004430297762155533
FR000364,0,0.11613010615110397
FR003812,0,0.010025210678577423
FR014979,0,0.024855144321918488
FR006863,0,0.007746497169137001
FR013466,0,0.007946323603391647
FR004553,0,0.005647593177855015
FR005678,0,0.004039732739329338
FR002305,0,0.014164946042001247
FR010417,0,0.010709114372730255
FR011179,0,0.015109369531273842
FR017179,0,0.00523608922958374
FR019231,0,0.006081057246774435
FR001688,0,0.007755173370242119
FR017547,0,0.008669787086546421
FR015318,0,0.006240108981728554
FR001446,0,0.01537558063864708
FR000277,0,0.004402614198625088
FR007873,0,0.00570515263825655
FR000408,0,0.03561444208025932
FR009093,0,0.004277483560144901
FR013491,0,0.006545367185026407
FR017870,0,0.007483406458050013
FR018225,0,0.021196456626057625
FR013856,0,0.006638156250119209
FR016464,0,0.01036170031875372
FR006093,0,0.011381344869732857
FR017927,0,0.039471860975027084
FR019175,0,0.004619774408638477
FR006332,0,0.0033425348810851574
FR019654,0,0.004770676605403423
FR000890,0,0.004670700989663601
FR003921,0,0.006980166304856539
FR018276,0,0.006367926020175219
FR001024,0,0.006939147133380175
FR003502,1,0.015814591199159622
FR002042,0,0.005153762176632881
FR003705,0,0.009146720170974731
FR017080,0,0.005033602938055992
FR003938,0,0.010581745766103268
FR013857,0,0.005635083187371492
FR004319,0,0.009590361267328262
FR013461,0,0.014036888256669044
FR001250,0,0.004623563028872013
FR008580,0,0.025978825986385345
FR017808,0,0.004982837475836277
FR007358,0,0.006585477851331234
FR006608,0,0.033856432884931564
FR005245,0,0.010156812146306038
FR011003,0,0.008329099975526333
FR011363,0,0.020501812919974327
FR004733,0,0.02908233366906643
FR011742,0,0.00757713383063674
FR001403,0,0.0058749024756252766
FR013400,0,0.008949607610702515
FR005942,0,0.00812335591763258
FR008364,0,0.05082165077328682
FR003088,0,0.022460831329226494
FR001873,0,0.004918872844427824
FR004184,0,0.006961154751479626
FR017893,0,0.013785785995423794
FR011692,0,0.009140783920884132
FR012916,0,0.003952650353312492
FR014583,0,0.01573975384235382
FR014155,0,0.007049865555018187
FR011399,0,0.03060009703040123
FR010675,0,0.011687973514199257
FR014575,0,0.008040870539844036
FR001433,0,0.005521378479897976
FR017972,0,0.009391685016453266
FR004280,0,0.008987929672002792
FR002715,0,0.02583836391568184
FR001583,0,0.0053049735724925995
FR014021,0,0.00347320968285203
FR002511,0,0.004885642323642969
FR007607,0,0.004432643298059702
FR011568,1,0.7631203532218933
FR005924,0,0.0036204021889716387
FR016221,0,0.007046225015074015
FR013782,0,0.0069055939093232155
FR007754,0,0.0034917748998850584
FR011816,0,0.011200320906937122
FR005837,0,0.004411870148032904
FR015340,0,0.015169745311141014
FR014265,0,0.006093685049563646
FR010468,0,0.03451061248779297
FR014557,0,0.02427774667739868
FR001577,0,0.01140162255614996
FR005326,0,0.01074092648923397
FR017551,0,0.021216560155153275
FR013298,0,0.0032556091900914907
FR019296,0,0.00969687569886446
FR006190,0,0.008331124670803547
FR002570,0,0.014419423416256905
FR019677,0,0.004745488055050373
FR008397,0,0.016568966209888458
FR015453,0,0.04617863520979881
FR016954,0,0.02506752498447895
FR001483,0,0.006561927031725645
FR016456,0,0.03769157454371452
FR009032,0,0.006960960105061531
FR009346,0,0.005452242214232683
FR001544,0,0.011156031861901283
FR014681,0,0.012163992039859295
FR008226,0,0.004579131957143545
FR002129,0,0.00418197363615036
FR015145,0,0.04260332137346268
FR002553,0,0.03695579245686531
FR013436,0,0.0042394124902784824
FR009622,0,0.0055975718423724174
FR016745,0,0.04197224602103233
FR000228,0,0.007565346080809832
FR018545,0,0.005205929279327393
FR012030,0,0.004968360997736454
FR017903,0,0.004679532255977392
FR013443,0,0.005932134576141834
FR009975,0,0.004750170279294252
FR006521,0,0.016888609156012535
FR019141,0,0.007038766052573919
FR014098,0,0.0042478046379983425
FR017519,0,0.008759064599871635
FR011610,0,0.0046901581808924675
FR012188,0,0.014980992302298546
FR011603,0,0.003992369398474693
FR013417,0,0.0034321194980293512
FR011339,0,0.015294844284653664
FR010032,0,0.006056810263544321
FR007426,0,0.006638234946876764
FR007581,0,0.005527419038116932
FR013262,0,0.008521436713635921
FR001676,0,0.00972961075603962
FR001198,0,0.045913759618997574
FR015383,0,0.009379458613693714
FR015971,0,0.0058007691986858845
FR019603,0,0.016977541148662567
FR002581,0,0.01423540711402893
FR002060,0,0.010210085660219193
FR014904,0,0.091730497777462
FR019577,0,0.008106476627290249
FR005991,0,0.007011559326201677
FR002761,0,0.05802546814084053
FR002561,0,0.011751504614949226
FR002209,0,0.005912719294428825
FR016077,0,0.005267878994345665
FR007162,0,0.0037474920973181725
FR002578,0,0.0047844406217336655
FR000222,0,0.0074963946826756
FR011257,0,0.004238524939864874
FR015949,0,0.006510672625154257
FR018843,0,0.015322986990213394
FR000864,0,0.005622368771582842
FR003574,0,0.02067677117884159
FR006610,0,0.0034552174620330334
FR003240,0,0.00822875089943409
FR000874,0,0.009511603973805904
FR002264,0,0.00592036172747612
FR012972,0,0.007180814165621996
FR004830,0,0.010808829218149185
FR009098,0,0.015767576172947884
FR010637,0,0.004724190570414066
FR019342,0,0.005819752346724272
FR003134,0,0.008059902116656303
FR011353,0,0.022552240639925003
FR017622,0,0.0046096071600914
FR016035,0,0.029913268983364105
FR005273,0,0.006214892491698265
FR018866,0,0.006070170551538467
FR013182,0,0.005521032493561506
FR008043,0,0.002925033448264003
FR005482,0,0.008058514446020126
FR007418,0,0.01201881654560566
FR008461,0,0.01855318807065487
FR017147,0,0.006950424052774906
FR013663,0,0.004476624075323343
FR018817,0,0.008144491352140903
FR012893,0,0.010120704770088196
FR017487,0,0.006786449812352657
FR011841,0,0.005633288063108921
FR014842,0,0.02280113287270069
FR011528,0,0.003816921031102538
FR013724,0,0.05672392249107361
FR001947,0,0.006277524400502443
FR013144,0,0.009401010349392891
FR014736,0,0.005759847816079855
FR003376,0,0.01361543033272028
FR017116,0,0.003790823509916663
FR002061,0,0.0103968670591712
FR016935,0,0.013100274838507175
FR001811,0,0.006503564305603504
FR015600,0,0.044462721794843674
FR010659,0,0.005387548822909594
FR016562,0,0.011377177201211452
FR011871,0,0.011445769108831882
FR019955,0,0.05302468687295914
FR018606,0,0.005930009298026562
FR004168,0,0.00550333596765995
FR000040,0,0.01299972739070654
FR009573,0,0.04446741193532944
FR012809,0,0.011362742632627487
FR007766,0,0.028310611844062805
FR019642,0,0.011199005879461765
FR007161,0,0.0045956214889883995
FR004588,0,0.015890127047896385
FR016639,0,0.0057010045275092125
FR013007,0,0.08250647783279419
FR011393,0,0.014235314913094044
FR014178,0,0.004956230521202087
FR014153,0,0.015215891413390636
FR006113,0,0.013340886682271957
FR002100,0,0.005450357683002949
FR019773,0,0.004783137701451778
FR005086,0,0.016821373254060745
FR010219,0,0.02077776938676834
FR001292,0,0.008376388810575008
FR000752,0,0.01398738007992506
FR009361,0,0.00789815466850996
FR017504,0,0.010148885659873486
FR001855,0,0.007505098823457956
FR008905,0,0.005754048004746437
FR016500,0,0.06329400092363358
FR008882,0,0.00825324933975935
FR005371,0,0.006140260025858879
FR004340,0,0.009209178388118744
FR017188,0,0.007296889554709196
FR014046,0,0.02178836055099964
FR006045,0,0.055186837911605835
FR004767,0,0.027128584682941437
FR015607,0,0.004326854832470417
FR011748,0,0.01095106266438961
FR017132,0,0.010737892240285873
FR019392,0,0.0059148999862372875
FR018633,0,0.006416525226086378
FR006357,0,0.004551265854388475
FR016354,0,0.010996309109032154
FR010427,0,0.0035730325616896152
FR005597,0,0.004054114688187838
FR005702,0,0.02597636543214321
FR013340,0,0.005250317510217428
FR015885,0,0.005647213198244572
FR005367,0,0.005766473710536957
FR017564,0,0.0049820877611637115
FR016828,1,0.028663940727710724
FR005415,0,0.007840065285563469
FR017059,0,0.0037268006708472967
FR004762,0,0.03490879759192467
FR011950,0,0.011358902789652348
FR005392,0,0.004908984526991844
FR019877,0,0.027411844581365585
FR009037,0,0.004948189947754145
FR015058,0,0.004486490972340107
FR013404,0,0.0033782704267650843
FR002515,0,0.023418232798576355
FR009345,0,0.007902699522674084
FR018419,0,0.02386116422712803
FR017785,0,0.006624746602028608
FR011160,0,0.005161302629858255
FR001760,0,0.0044832550920546055
FR002447,0,0.014575536362826824
FR010716,0,0.08580717444419861
FR006688,0,0.006287893746048212
FR018937,0,0.00907585583627224
FR011776,0,0.008203619159758091
FR014886,0,0.008185219019651413
FR011877,0,0.01901639625430107
FR014220,0,0.008299149572849274
FR011157,0,0.0141060845926404
FR009459,0,0.040300093591213226
FR008851,0,0.04725991189479828
FR009177,0,0.012306349352002144
FR001789,0,0.009269164875149727
FR003707,0,0.007545394357293844
FR004254,0,0.012454926036298275
FR018072,0,0.006761169992387295
FR001915,0,0.005571036599576473
FR006104,0,0.013074138201773167
FR015689,0,0.012199217453598976
FR005968,0,0.004487385507673025
FR007158,0,0.009091814048588276
FR018110,0,0.00398976868018508
FR016243,0,0.0067148357629776
FR018667,0,0.002693622140213847
FR000891,0,0.005449354648590088
FR015747,0,0.011705055832862854
FR012455,0,0.03839104250073433
FR008845,0,0.007137461565434933
FR005626,0,0.0061539835296571255
FR010708,0,0.005307488143444061
FR013771,0,0.032359931617975235
FR003143,0,0.004561493173241615
FR006037,1,0.051495812833309174
FR012885,0,0.006481348071247339
FR005633,0,0.007502431981265545
FR007562,0,0.005028977058827877
FR013684,0,0.03406243026256561
FR010109,0,0.019019095227122307
FR001657,0,0.005265428218990564
FR011697,0,0.026756800711154938
FR007467,0,0.00677092419937253
FR012935,0,0.01800808683037758
FR006412,0,0.007506316527724266
FR005955,0,0.03344731405377388
FR012245,0,0.059678949415683746
FR000782,0,0.007489745505154133
FR015393,0,0.008550197817385197
FR018510,0,0.004403728060424328
FR014484,0,0.0024521914310753345
FR013828,0,0.01636248454451561
FR016309,0,0.003162393346428871
FR016247,0,0.006303844973444939
FR011295,0,0.018521158024668694
FR009546,0,0.004467659164220095
FR007377,0,0.05577579885721207
FR006034,0,0.011006966233253479
FR014513,0,0.012238963507115841
FR006269,0,0.006330433767288923
FR011450,0,0.010139960795640945
FR008356,0,0.004845552146434784
FR011758,0,0.0036243414506316185
FR016985,0,0.007306916639208794
FR003728,0,0.009077382273972034
FR000561,0,0.028560888022184372
FR019795,0,0.007183479610830545
FR008984,0,0.009250340983271599
FR010435,0,0.004590949509292841
FR019445,0,0.033392373472452164
FR007267,0,0.00870987307280302
FR000178,0,0.012427746318280697
FR017854,0,0.006758090574294329
FR017866,0,0.004463308956474066
FR003952,0,0.00716469157487154
FR003606,0,0.003943430259823799
FR003330,0,0.004504978656768799
FR008717,0,0.016462599858641624
FR006825,0,0.015342251397669315
FR015685,0,0.017528418451547623
FR004395,1,0.6927199959754944
FR009829,0,0.017239674925804138
FR001261,0,0.005609999410808086
FR017176,0,0.006625665817409754
FR007242,0,0.009208404459059238
FR011944,0,0.01180215459316969
FR012178,0,0.034427449107170105
FR019999,0,0.005896689835935831
FR004140,0,0.005483376327902079
FR002610,0,0.011944384314119816
FR008416,0,0.009248248301446438
FR007123,0,0.009569092653691769
FR010061,0,0.008752861060202122
FR009157,0,0.0034700240939855576
FR013113,0,0.013754851184785366
FR018925,0,0.003469043178483844
FR016592,0,0.009324220009148121
FR017650,0,0.011146730743348598
FR018039,0,0.059463776648044586
FR004274,0,0.005206336732953787
FR018813,0,0.004598802886903286
FR000940,0,0.007112974300980568
FR009005,0,0.0030102976597845554
FR004262,0,0.008299365639686584
FR002616,0,0.006089718546718359
FR016571,0,0.011552359908819199
FR012164,0,0.012628421187400818
FR011754,0,0.004641141276806593
FR014778,0,0.03186184912919998
FR010913,0,0.005058368667960167
FR003281,0,0.013877064920961857
FR006618,0,0.006862640380859375
FR013164,0,0.012487724423408508
FR001131,0,0.007732522673904896
FR005836,0,0.017985105514526367
FR017752,0,0.010790668427944183
FR018681,0,0.014212321490049362
FR017925,0,0.016799865290522575
FR000270,0,0.007260086480528116
FR015152,1,0.018239440396428108
FR008232,0,0.012718833051621914
FR001565,0,0.05097731202840805
FR001828,0,0.004538931418210268
FR008091,0,0.005185654852539301
FR017003,0,0.013299267739057541
FR002948,0,0.007099096663296223
FR006779,0,0.00452916044741869
FR016855,0,0.006386895664036274
FR004949,0,0.008484958671033382
FR005970,0,0.00634367810562253
FR001472,0,0.011256277561187744
FR004100,0,0.00860664900392294
FR006247,0,0.006378382444381714
FR014288,0,0.032034050673246384
FR016702,0,0.054392989724874496
FR012724,0,0.017193114385008812
FR019203,0,0.0066834548488259315
FR002398,0,0.006360185332596302
FR012276,0,0.024647098034620285
FR014820,0,0.019787892699241638
FR006039,0,0.005579689517617226
FR000136,0,0.008488080464303493
FR019803,0,0.020973583683371544
FR000298,0,0.008453824557363987
FR013673,0,0.008664735592901707
FR012418,0,0.010732261463999748
FR007983,0,0.02327926829457283
FR011518,0,0.007366166915744543
FR018108,0,0.017858052626252174
FR007720,0,0.717710554599762
FR006296,0,0.012815789319574833
FR017658,0,0.007316223345696926
FR019926,0,0.011930419132113457
FR009325,0,0.005853014532476664
FR014850,0,0.003309017512947321
FR014373,0,0.19345299899578094
FR019396,0,0.004998801741749048
FR014145,0,0.002992975525557995
FR000719,0,0.027329130098223686
FR009926,0,0.0057657272554934025
FR014773,0,0.004073521587997675
FR004595,0,0.006216223817318678
FR012975,0,0.005196480080485344
FR007673,0,0.0037189905997365713
FR005957,0,0.015320878475904465
FR016393,1,0.02407141402363777
FR006972,0,0.006699612829834223
FR016888,0,0.013502231799066067
FR007443,0,0.008088231086730957
FR013314,0,0.005448427516967058
FR010404,0,0.0045748804695904255
FR019114,0,0.016453638672828674
FR014309,1,0.025552311912178993
FR013004,0,0.013410162180662155
FR006084,0,0.009500334039330482
FR007565,0,0.00477622402831912
FR019810,0,0.0052619026973843575
FR019197,0,0.032876837998628616
FR014701,0,0.03355790302157402
FR015929,0,0.006537527311593294
FR013496,0,0.005456015933305025
FR014997,0,0.04674613103270531
FR002260,0,0.013021458871662617
FR017552,0,0.0053617930971086025
FR002456,0,0.009992387145757675
FR000854,0,0.005063715390861034
FR015988,0,0.008485544472932816
FR003750,0,0.006032895762473345
FR010937,0,0.0063020349480211735
FR013502,0,0.003120109438896179
FR016126,0,0.010537614114582539
FR011140,0,0.005013313610106707
FR001152,0,0.010878822766244411
FR007382,0,0.07907868176698685
FR012651,0,0.00489775137975812
FR003723,0,0.018378444015979767
FR010889,0,0.07033556699752808
FR011428,0,0.01918504573404789
FR019053,0,0.0062271058559417725
FR000957,0,0.007423856295645237
FR016659,0,0.5525034070014954
FR016026,0,0.004413032904267311
FR019473,0,0.004667133558541536
FR007764,0,0.0067957742139697075
FR006276,0,0.004369806963950396
FR001881,0,0.028848914429545403
FR014109,0,0.012408792972564697
FR018604,0,0.008296540006995201
FR011942,0,0.02274130843579769
FR013955,0,0.01843929849565029
FR009711,0,0.0033163067419081926
FR011938,0,0.28093239665031433
FR018093,0,0.017984382808208466
FR000845,0,0.007756288629025221
FR000345,0,0.008362846449017525
FR015303,0,0.006915731821209192
FR010768,0,0.039604127407073975
FR007807,0,0.0041572623886168
FR005473,0,0.007454421371221542
FR007942,0,0.03480114787817001
FR012979,0,0.003164655063301325
FR009121,0,0.005782335065305233
FR014445,0,0.02471485547721386
FR008924,1,0.02776828035712242
FR011840,0,0.007912807166576385
FR019808,0,0.006077311933040619
FR013165,0,0.054051194339990616
FR009677,0,0.01126057654619217
FR013571,0,0.027527853846549988
FR015851,0,0.007758425083011389
FR017223,0,0.018398167565464973
FR013254,0,0.010469787754118443
FR000852,0,0.0209196824580431
FR000610,0,0.00962852593511343
FR017511,0,0.021143514662981033
FR005464,0,0.04279278963804245
FR018405,0,0.030245384201407433
FR010187,0,0.007299453020095825
FR005053,0,0.011685236357152462
FR017581,0,0.011667302809655666
FR017114,0,0.018136341124773026
FR014763,0,0.007479703053832054
FR004107,1,0.16365666687488556
FR011015,0,0.0066379583440721035
FR008722,0,0.005172670818865299
FR007209,0,0.010386240668594837
FR006891,0,0.00605144165456295
FR008383,0,0.009950975887477398
FR003075,0,0.004460206255316734
FR015196,0,0.008786527439951897
FR018031,0,0.005643885582685471
FR018653,0,0.0041289376094937325
FR000534,0,0.003884131321683526
FR016066,0,0.02785574458539486
FR006867,0,0.021940777078270912
FR004426,0,0.03426404297351837
FR015466,0,0.004763527307659388
FR007792,0,0.02696901746094227
FR008862,0,0.013363588601350784
FR019376,0,0.026514101773500443
FR000531,0,0.017756996676325798
FR017887,0,0.004360588733106852
FR004034,0,0.012201786041259766
FR011827,0,0.004569645971059799
FR001610,0,0.007405263837426901
FR017387,0,0.016205327585339546
FR015306,0,0.006413510534912348
FR010045,0,0.00588219752535224
FR018971,0,0.004945619963109493
FR005733,0,0.0032538750674575567
FR003523,0,0.006207816768437624
FR011291,0,0.009359382092952728
FR002254,0,0.008649381808936596
FR005547,0,0.00329332216642797
FR016341,0,0.004685394465923309
FR019636,0,0.009116514585912228
FR006545,0,0.006213384680449963
FR011109,0,0.014338203705847263
FR002636,0,0.006744276732206345
FR019934,1,0.00613116379827261
FR016216,0,0.013127743266522884
FR012645,0,0.011008513160049915
FR018901,0,0.0057062506675720215
FR016232,0,0.016874078661203384
FR007971,0,0.18318165838718414
FR015603,0,0.01998576894402504
FR006895,0,0.007383138407021761
FR007413,0,0.005524790845811367
FR004205,0,0.008521155454218388
FR019588,0,0.029506007209420204
FR004371,0,0.0037697628140449524
FR004514,0,0.00451569864526391
FR008995,0,0.07254523783922195
FR007539,0,0.005951333791017532
FR015114,0,0.007939026691019535
FR013781,0,0.006437196861952543
FR000153,0,0.004181866534054279
FR000633,0,0.015106289647519588
FR006636,0,0.014347107149660587
FR012688,0,0.01315319538116455
FR001639,0,0.010248161852359772
FR016573,0,0.009820077568292618
FR016032,0,0.003519822144880891
FR010657,0,0.006207183934748173
FR002927,0,0.006328756920993328
FR009274,0,0.006667926907539368
FR011281,0,0.013743328861892223
FR013361,0,0.006269620265811682
FR014880,0,0.008207484148442745
FR019561,0,0.007975086569786072
FR017883,0,0.011324404738843441
FR007728,0,0.005500776693224907
FR014430,0,0.057605911046266556
FR007383,0,0.013262993656098843
FR000753,0,0.03285176306962967
FR012828,0,0.017657188698649406
FR005660,0,0.016050459817051888
FR000668,0,0.007460096385329962
FR011735,0,0.005425550974905491
FR001397,0,0.005947403144091368
FR005829,0,0.004661921877413988
FR011041,0,0.008300865069031715
FR014325,0,0.01899677701294422
FR004702,0,0.0038927048444747925
FR014311,0,0.015913931652903557
FR017902,0,0.010863808915019035
FR005070,0,0.0584636852145195
FR011343,0,0.0021675187163054943
FR013301,0,0.006868063006550074
FR016118,0,0.0059026856906712055
FR015771,0,0.02162265032529831
FR012709,0,0.004630579613149166
FR007028,0,0.031150976195931435
FR014991,0,0.01016794890165329
FR005173,0,0.0038190591149032116
FR006401,0,0.04164796322584152
FR016650,0,0.010925243608653545
FR016812,0,0.02746271714568138
FR005497,0,0.005591958295553923
FR016011,0,0.028331607580184937
FR018509,0,0.005285574123263359
FR005363,0,0.005429157055914402
FR010125,0,0.0075813583098351955
FR003517,0,0.007672541309148073
FR018973,0,0.0064727007411420345
FR010385,0,0.012820404954254627
FR000197,0,0.007992545142769814
FR012086,0,0.007472017779946327
FR016135,0,0.006418127566576004
FR000827,0,0.005330273415893316
FR002911,0,0.09442013502120972
FR002870,0,0.014089827425777912
FR005659,0,0.03135015815496445
FR000873,0,0.013755789957940578
FR006530,0,0.014151981100440025
FR009091,0,0.005283586215227842
FR004658,0,0.010906919836997986
FR007784,0,0.005091490224003792
FR009954,0,0.005843325052410364
FR000764,0,0.005906265694648027
FR013277,0,0.006130112335085869
FR005744,0,0.07667803019285202
FR019071,0,0.008095158264040947
FR015911,0,0.0098548149690032
FR005718,0,0.004730999935418367
FR018929,0,0.017912084236741066
FR009715,0,0.012829846702516079
FR007654,0,0.017154425382614136
FR015904,1,0.3987581431865692
FR007594,0,0.01204945333302021
FR005956,0,0.003257209900766611
FR009903,0,0.006659322883933783
FR010099,0,0.003628126811236143
FR004612,0,0.007812580093741417
FR019135,0,0.0053222705610096455
FR017668,0,0.005840727593749762
FR004607,0,0.03633194416761398
FR018570,0,0.008817920461297035
FR007177,0,0.005044640973210335
FR007602,0,0.005010134540498257
FR006995,0,0.019467148929834366
FR008289,0,0.015164104290306568
FR017363,0,0.04885369911789894
FR001986,0,0.015535733662545681
FR015641,0,0.006137371063232422
FR009389,0,0.012344696559011936
FR013577,0,0.02317154034972191
FR001441,0,0.006881290581077337
FR005971,0,0.005383962765336037
FR002293,0,0.006134520750492811
FR008953,0,0.03067980892956257
FR016622,0,0.010575980879366398
FR013910,0,0.017765291035175323
FR016096,0,0.006354020442813635
FR015803,0,0.010920828208327293
FR014112,0,0.012368159368634224
FR016242,0,0.043448396027088165
FR013074,0,0.0038415694143623114
FR009092,0,0.0047530364245176315
FR005369,0,0.01807943731546402
FR016610,0,0.014211873523890972
FR007956,0,0.007227273657917976
FR010950,0,0.0050517781637609005
FR004216,0,0.0089112538844347
FR015262,0,0.04062330722808838
FR012904,0,0.0041588181629776955
FR005673,0,0.006923664826899767
FR004744,0,0.021110672503709793
FR005067,0,0.082023024559021
FR016638,0,0.011942285113036633
FR010775,0,0.006590920500457287
FR006509,0,0.0065073613077402115
FR015666,0,0.023591814562678337
FR005941,0,0.020778516307473183
FR009376,0,0.04093165323138237
FR000679,0,0.013142429292201996
FR005766,0,0.003944972064346075
FR017135,0,0.007684709504246712
FR006761,0,0.007909794338047504
FR014026,0,0.005883223842829466
FR013939,0,0.011850657872855663
FR008730,0,0.010547343641519547
FR007193,0,0.010790988802909851
FR004441,0,0.006026796996593475
FR007901,0,0.005647250916808844
FR004852,0,0.01839406043291092
FR010183,0,0.004025744274258614
FR017973,0,0.0029459246434271336
FR012246,0,0.003566665342077613
FR001016,0,0.004856002517044544
FR004535,0,0.005862475372850895
FR013545,0,0.11468512564897537
FR000385,1,0.08094388991594315
FR001146,0,0.009492140263319016
FR009110,0,0.02084612101316452
FR018704,0,0.0063341897912323475
FR019714,0,0.019200725480914116
FR018520,0,0.02835390344262123
FR005006,0,0.04032842069864273
FR012498,0,0.01240566186606884
FR015874,0,0.0718899592757225
FR000425,0,0.01165554765611887
FR011120,0,0.007364810910075903
FR004819,0,0.006225910969078541
FR005068,0,0.0046193404123187065
FR008945,0,0.005587799474596977
FR009838,0,0.0031587700359523296
FR005210,0,0.03190210834145546
FR018089,0,0.017521316185593605
FR006708,0,0.004248262383043766
FR008015,0,0.0048923976719379425
FR008007,0,0.03865561634302139
FR010850,0,0.010280408896505833
FR001302,0,0.00459058303385973
FR004693,0,0.02955152653157711
FR019454,0,0.008334469981491566
FR011357,0,0.028415989130735397
FR011653,0,0.005588623695075512
FR013149,0,0.06065588444471359
FR015398,0,0.006149875931441784
FR013147,0,0.006685294210910797
FR005405,0,0.0043207863345742226
FR012299,0,0.0042361612431705
FR014743,0,0.021544860675930977
FR012654,0,0.007366013713181019
FR011591,0,0.005189510993659496
FR015914,0,0.0028913896530866623
FR012618,0,0.004609567578881979
FR011961,0,0.002857028506696224
FR001724,0,0.010957814753055573
FR009246,0,0.005775748752057552
FR018103,0,0.008349301293492317
FR015254,0,0.0568707138299942
FR003821,0,0.013790266588330269
FR002619,0,0.07112213969230652
FR004635,0,0.004038489889353514
FR010548,0,0.004567301366478205
FR009350,0,0.004368942230939865
FR007018,0,0.014264296740293503
FR008142,0,0.05556710064411163
FR009055,0,0.051677390933036804
FR007171,0,0.006224718876183033
FR007024,0,0.021852266043424606
FR015167,0,0.04070444777607918
FR014761,0,0.01493820734322071
FR006489,0,0.02419058047235012
FR006716,0,0.013050790876150131
FR017952,0,0.00395819591358304
FR018367,0,0.014733188785612583
FR013743,0,0.006188137922435999
FR011659,0,0.004822983872145414
FR010924,0,0.020601419731974602
FR011842,0,0.009341860190033913
FR019340,0,0.008760550990700722
FR008028,0,0.004603703506290913
FR008310,0,0.008575993590056896
FR007884,0,0.01364919450134039
FR011359,0,0.0056221578270196915
FR016020,0,0.004777951631695032
FR007962,0,0.00814872607588768
FR008550,0,0.0058545684441924095
FR017413,0,0.005172851961106062
FR003939,0,0.014921089634299278
FR016435,0,0.019645284861326218
FR009864,0,0.038753148168325424
FR019754,0,0.02435198426246643
FR018431,0,0.0058418381959199905
FR005106,1,0.008893906138837337
FR019981,0,0.022969925776124
FR007676,0,0.004988218192011118
FR014833,0,0.0056486912071704865
FR014936,0,0.00471072131767869
FR019855,0,0.01039370708167553
FR006518,0,0.011656921356916428
FR019293,0,0.547745943069458
FR007723,0,0.012411382049322128
FR015756,0,0.002744784578680992
FR016925,0,0.048622116446495056
FR019848,0,0.007549963425844908
FR011727,0,0.0042265853844583035
FR003209,0,0.005858699791133404
FR009324,0,0.008413562551140785
FR019917,0,0.00685406569391489
FR007265,0,0.0030009013134986162
FR018312,0,0.006417920812964439
FR002777,0,0.0044953785836696625
FR014739,0,0.011009644716978073
FR008107,0,0.008743979036808014
FR016332,0,0.014628710225224495
FR005167,0,0.00855647400021553
FR015969,0,0.052660804241895676
FR000674,0,0.004580438137054443
FR017422,0,0.009670545347034931
FR007702,0,0.004828420002013445
FR013995,0,0.006668927613645792
FR019672,0,0.005505797918885946
FR013236,0,0.005484611727297306
FR003199,0,0.039376407861709595
FR018261,0,0.010801251046359539
FR004006,0,0.005005219019949436
FR017612,0,0.005237022880464792
FR000820,0,0.005152557045221329
FR009957,0,0.030696263536810875
FR017896,0,0.048339568078517914
FR003164,0,0.007786465343087912
FR010869,0,0.005155300255864859
FR015116,0,0.00876469723880291
FR005176,0,0.01324099488556385
FR010982,0,0.01168126706033945
FR003278,0,0.01877117156982422
FR010100,0,0.019504956901073456
FR011674,0,0.0036530799698084593
FR002221,0,0.00381771894171834
FR005839,0,0.03705012798309326
FR005599,0,0.00868634320795536
FR000161,0,0.005499042104929686
FR019372,0,0.03199097141623497
FR001484,0,0.0032524217385798693
FR005199,0,0.005801698658615351
FR004905,0,0.006727869156748056
FR009025,0,0.005264724139124155
FR012375,0,0.016908690333366394
FR000984,0,0.039236392825841904
FR013715,1,0.013829991221427917
FR016548,0,0.00848437286913395
FR001705,0,0.04471626877784729
FR002905,0,0.008621125482022762
FR018725,0,0.01787625253200531
FR003248,0,0.010973597876727581
FR006114,0,0.008928169496357441
FR013707,0,0.008917653001844883
FR012924,0,0.011676676571369171
FR017738,0,0.005670289508998394
FR001907,0,0.010756224393844604
FR005278,0,0.004586627706885338
FR004114,0,0.0030875469092279673
FR017789,0,0.005247718188911676
FR003869,0,0.004565938375890255
FR018995,0,0.006295071914792061
FR005586,0,0.006594792939722538
FR014566,0,0.00763273797929287
FR015585,0,0.004527152981609106
FR012219,0,0.22507214546203613
FR015040,0,0.008945624344050884
FR010067,0,0.007337229326367378
FR009483,0,0.06063034012913704
FR005916,0,0.003225648542866111
FR006640,0,0.012103891931474209
FR000657,0,0.004292559344321489
FR001924,0,0.0050443802028894424
FR017328,0,0.0068690781481564045
FR011870,0,0.00723131513223052
FR002422,0,0.00903014000505209
FR015334,0,0.00576301384717226
FR017678,0,0.02241111919283867
FR003906,0,0.004253302235156298
FR005986,0,0.004549606703221798
FR002963,0,0.003127504140138626
FR002903,0,0.01221858523786068
FR015908,0,0.0058281514793634415
FR019062,0,0.006661272142082453
FR015037,0,0.006531063932925463
FR016769,0,0.0030261182691901922
FR014123,0,0.006703831721097231
FR002065,0,0.005712021607905626
FR006385,0,0.012446470558643341
FR002526,0,0.013414849527180195
FR010848,0,0.018835121765732765
FR015155,0,0.0066721318289637566
FR012199,0,0.004906166810542345
FR004655,0,0.009915336035192013
FR012224,0,0.005932578817009926
FR002973,0,0.006246596574783325
FR006098,0,0.008924322202801704
FR008762,0,0.013307648710906506
FR003925,0,0.00573717849329114
FR014165,0,0.00490106176584959
FR013387,0,0.006316420156508684
FR014932,1,0.011153954081237316
FR002384,0,0.004319318104535341
FR005083,0,0.007449769414961338
FR000038,0,0.007956765592098236
FR018560,0,0.016607515513896942
FR007930,0,0.0035702784080058336
FR000695,0,0.005112181417644024
FR004609,0,0.00421116640791297
FR015716,0,0.0041082920506596565
FR019025,0,0.004494785331189632
FR001247,0,0.004397583659738302
FR008644,0,0.005597024690359831
FR016145,0,0.015249509364366531
FR000334,0,0.021248651668429375
FR010120,1,0.0036662383936345577
FR010126,0,0.006463737692683935
FR008279,0,0.005783469881862402
FR007841,0,0.022747624665498734
FR014963,0,0.004579379688948393
FR005531,0,0.008802301250398159
FR001342,0,0.0079929418861866
FR011049,0,0.006567894481122494
FR000348,0,0.010164206847548485
FR012432,0,0.008418731391429901
FR011795,0,0.007768305949866772
FR015757,0,0.003366469871252775
FR000111,0,0.007221138570457697
FR014044,0,0.004398235585540533
FR005441,0,0.01388940867036581
FR010605,0,0.006407972890883684
FR008964,0,0.004120413679629564
FR013582,0,0.01706472598016262
FR002821,0,0.006928633898496628
FR013490,0,0.06539944559335709
FR012849,0,0.0072839693166315556
FR002754,0,0.005265198647975922
FR017536,0,0.007563548628240824
FR019838,0,0.013437442481517792
FR005537,0,0.02113274671137333
FR015228,0,0.008902198635041714
FR013913,0,0.012136291712522507
FR009646,0,0.005413173232227564
FR018722,0,0.009415875189006329
FR011646,0,0.006249376572668552
FR017572,0,0.012941306456923485
FR019986,0,0.02243964560329914
FR003492,0,0.022807540372014046
FR008320,0,0.009577506221830845
FR009609,0,0.01110121700912714
FR006657,0,0.005031452048569918
FR006049,0,0.038263771682977676
FR003225,0,0.010236931964755058
FR013876,0,0.005901144351810217
FR011953,0,0.005278731696307659
FR019870,0,0.0038302030880004168
FR004038,0,0.008567268960177898
FR013695,0,0.022278623655438423
FR000936,0,0.008179735392332077
FR005979,0,0.05405506119132042
FR014334,0,0.0173264779150486
FR013050,0,0.04142013564705849
FR018297,0,0.007122457027435303
FR000249,0,0.00500911008566618
FR000503,0,0.012405825778841972
FR015161,0,0.004129545763134956
FR006197,0,0.008842100389301777
FR006203,0,0.009408548474311829
FR018915,0,0.005084166768938303
FR013925,0,0.030619269236922264
FR009271,0,0.012861997820436954
FR000897,0,0.005499918479472399
FR019221,0,0.008401159197092056
FR018962,0,0.002755098044872284
FR014672,0,0.03343762829899788
FR003738,0,0.01372869685292244
FR008951,0,0.004248417913913727
FR019703,0,0.03262404724955559
FR017800,0,0.00966616254299879
FR014926,0,0.01277118269354105
FR009746,0,0.01179126463830471
FR005346,0,0.03318165987730026
FR003636,0,0.008868844248354435
FR003945,0,0.006433376111090183
FR018550,0,0.004665191285312176
FR001254,0,0.011274543590843678
FR005550,0,0.004759184550493956
FR001883,0,0.006695149466395378
FR000167,0,0.004613884259015322
FR003935,0,0.14357168972492218
FR005178,0,0.005174970254302025
FR019471,0,0.015544304624199867
FR016361,0,0.01254989579319954
FR009010,0,0.008031068369746208
FR002396,0,0.008845937438309193
FR005379,0,0.007004355546087027
FR004865,0,0.00804057065397501
FR002874,0,0.009503372944891453
FR014105,0,0.0033682722132653
FR014125,0,0.011145142838358879
FR010818,0,0.0039010453037917614
FR008804,0,0.03850549831986427
FR010101,0,0.013576695695519447
FR012362,0,0.006221032701432705
FR017151,0,0.03770148381590843
FR013356,0,0.0069969468750059605
FR014893,0,0.007601004559546709
FR010043,0,0.02849348820745945
FR012411,0,0.004778709262609482
FR018672,0,0.01313773076981306
FR002402,0,0.018478024750947952
FR015675,0,0.0034445745404809713
FR000459,0,0.004999361466616392
FR003258,0,0.020531944930553436
FR002435,0,0.010947009548544884
FR018245,0,0.005129130091518164
FR015361,0,0.027884388342499733
FR014486,0,0.0030643432401120663
FR001048,0,0.005418168846517801
FR000557,0,0.005736780818551779
FR017782,0,0.006194035056978464
FR000084,0,0.009027558378875256
FR011047,0,0.011297768913209438
FR010613,0,0.011115464381873608
FR017475,0,0.004540314897894859
FR018552,0,0.043672267347574234
FR005333,0,0.01031706016510725
FR004743,0,0.010913850739598274
FR018271,0,0.0057968683540821075
FR015573,0,0.007151325698941946
FR005534,0,0.01334901712834835
FR005719,0,0.01936042495071888
FR002838,1,0.1001027375459671
FR014326,0,0.018336959183216095
FR010018,0,0.003460311098024249
FR003827,0,0.03717338293790817
FR006055,0,0.013132544234395027
FR009497,0,0.008701787330210209
FR016720,0,0.005692801903933287
FR008652,0,0.009407589212059975
FR019629,0,0.004238804802298546
FR011710,0,0.00730531569570303
FR005079,0,0.012066460214555264
FR011665,0,0.02961137890815735
FR012763,0,0.035732679069042206
FR015998,0,0.010261504910886288
FR016794,0,0.007076290901750326
FR016563,0,0.013725578784942627
FR018949,0,0.004160222597420216
FR002099,0,0.005287850741297007
FR002609,0,0.0070975166745483875
FR017860,0,0.007815811783075333
FR005080,0,0.007138147950172424
FR016988,0,0.009648936800658703
FR010648,0,0.004918266087770462
FR012186,0,0.026099715381860733
FR017282,0,0.02175191417336464
FR011251,0,0.00542957941070199
FR012585,0,0.005571470130234957
FR017530,0,0.027364209294319153
FR007192,0,0.004343448206782341
FR015659,0,0.02142096310853958
FR009283,0,0.0065569086000323296
FR012236,0,0.005191680043935776
FR000263,0,0.013290323317050934
FR018150,0,0.005711444653570652
FR007293,0,0.003974438179284334
FR005296,0,0.0045988550409674644
FR001785,0,0.0649665892124176
FR010437,0,0.01844371296465397
FR011925,0,0.005485326983034611
FR001378,1,0.10232632607221603
FR018113,0,0.015666192397475243
FR012925,0,0.012757206335663795
FR003586,0,0.0119204455986619
FR003307,0,0.0134607944637537
FR007405,0,0.018072953447699547
FR017427,0,0.006718087010085583
FR018580,0,0.005238538142293692
FR008404,0,0.00475536473095417
FR002833,0,0.00558593450114131
FR009425,0,0.002967953449115157
FR014103,0,0.006991449277848005
FR016416,0,0.004465540871024132
FR016112,0,0.016598453745245934
FR015015,0,0.004846186842769384
FR015495,0,0.008744152262806892
FR017194,0,0.008831137791275978
FR006304,0,0.009143181145191193
FR002145,0,0.012735028751194477
FR008694,0,0.0060364799574017525
FR004364,0,0.003511711722239852
FR011264,0,0.0033980554435402155
FR014891,0,0.011663493700325489
FR001817,0,0.0064498805440962315
FR012605,0,0.008785202167928219
FR006331,0,0.005400605965405703
FR007801,0,0.02021837793290615
FR012949,0,0.007360963616520166
FR011844,0,0.017870845273137093
FR009203,0,0.010897299274802208
FR016900,0,0.006243587005883455
FR005321,0,0.013698854483664036
FR002538,0,0.016060471534729004
FR006555,0,0.004192862194031477
FR011191,0,0.007500049192458391
FR005872,0,0.016452951356768608
FR011640,0,0.009280679747462273
FR009729,0,0.021851735189557076
FR019580,0,0.007471014279872179
FR001504,0,0.015413433313369751
FR008366,0,0.009443601593375206
FR011261,0,0.003634427208453417
FR009379,0,0.007906509563326836
FR006709,0,0.005375846289098263
FR013295,0,0.021082110702991486
FR016349,0,0.004918550606817007
FR012005,0,0.02190888486802578
FR011785,0,0.007089903112500906
FR019864,0,0.0033115362748503685
FR001537,0,0.017514316365122795
FR008735,0,0.026155076920986176
FR013844,0,0.007597221992909908
FR016734,0,0.0036361836828291416
FR016372,0,0.0066105034202337265
FR018499,0,0.013322151266038418
FR004155,0,0.021824657917022705
FR004021,0,0.007527034264057875
FR010036,0,0.013324577361345291
FR008008,0,0.023608019575476646
FR007334,0,0.003958954010158777
FR016174,0,0.009701226837933064
FR015316,0,0.03185798227787018
FR001909,0,0.019824044778943062
FR017575,0,0.005940782371908426
FR015507,0,0.007785227615386248
FR007759,0,0.008596166037023067
FR001026,0,0.01814609207212925
FR008799,0,0.018993103876709938
FR001515,0,0.025277558714151382
FR010700,0,0.010170579887926579
FR006578,0,0.010169359855353832
FR018155,0,0.0457007959485054
FR007107,0,0.008553124964237213
FR006010,0,0.021830394864082336
FR002015,0,0.1096278578042984
FR019783,0,0.008712253533303738
FR011474,0,0.08550482243299484
FR016318,0,0.005402009934186935
FR000997,0,0.007274352479726076
FR003055,0,0.004808566067367792
FR015412,0,0.00708462530747056
FR001334,0,0.006447345018386841
FR002086,0,0.008434501476585865
FR008170,0,0.006384941283613443
FR009574,0,0.0033002898562699556
FR017037,1,0.6333710551261902
FR005078,0,0.03751317411661148
FR003327,0,0.008931772783398628
FR011995,0,0.01933414302766323
FR009945,0,0.01133743952959776
FR013140,0,0.004473401699215174
FR015370,0,0.0059580691158771515
FR011928,0,0.005231310147792101
FR010809,0,0.025636667385697365
FR018500,0,0.005011002067476511
FR005353,0,0.00958069134503603
FR000566,0,0.012130044400691986
FR009290,0,0.002941494807600975
FR001351,0,0.004135884344577789
FR005823,0,0.010182318277657032
FR011921,0,0.022562343627214432
FR002747,0,0.004610561300069094
FR006325,0,0.0067844572477042675
FR015733,0,0.00889642909169197
FR012906,0,0.04728658124804497
FR005926,0,0.003931403625756502
FR003627,0,0.02864537201821804
FR016494,0,0.01919560320675373
FR008954,0,0.014928569085896015
FR007307,0,0.014092661440372467
FR007552,0,0.01597665436565876
FR013112,0,0.020955385640263557
FR009647,0,0.0075801643542945385
FR006921,0,0.004513493273407221
FR002787,0,0.005194047465920448
FR009442,0,0.004360530991107225
FR018086,0,0.004596491809934378
FR015084,0,0.011611378751695156
FR001975,0,0.01216955203562975
FR014497,0,0.0061387731693685055
FR011143,0,0.003055127337574959
FR001964,0,0.00790310651063919
FR015382,1,0.023838425055146217
FR009897,0,0.02957049198448658
FR007485,0,0.04343615472316742
FR018679,0,0.012742620892822742
FR013701,0,0.009530575014650822
FR018772,0,0.0054689995013177395
FR003859,0,0.008809988386929035
FR014836,0,0.011089528910815716
FR012487,0,0.005853647366166115
FR013179,0,0.009351992979645729
FR016891,0,0.022782154381275177
FR015030,0,0.005122010596096516
FR017944,0,0.003933107014745474
FR006268,0,0.00496175792068243
FR012330,0,0.012340918183326721
FR003914,0,0.019906992092728615
FR000213,0,0.007890259847044945
FR008752,0,0.0034113682340830564
FR000189,0,0.007317837793380022
FR013046,0,0.00636383006349206
FR007608,0,0.01506225299090147
FR001009,0,0.0068618240766227245
FR010175,0,0.014720623381435871
FR010415,0,0.005844317376613617
FR015539,0,0.028319016098976135
FR019388,0,0.00881853699684143
FR006855,0,0.023583192378282547
FR005527,0,0.011632801964879036
FR002299,0,0.004649069160223007
FR004598,0,0.00549329025670886
FR001492,0,0.006379715632647276
FR015227,0,0.051585420966148376
FR008340,0,0.00950739998370409
FR011583,0,0.004075293894857168
FR000237,0,0.004304520785808563
FR004394,0,0.029284903779625893
FR011874,0,0.01389375887811184
FR003001,0,0.004241383634507656
FR007966,0,0.007699897512793541
FR007026,0,0.020268719643354416
FR019799,0,0.004827709868550301
FR011431,0,0.016762053593993187
FR011119,0,0.008247517980635166
FR018238,0,0.0056853084824979305
FR000160,0,0.025554994121193886
FR002489,0,0.01581241749227047
FR011898,0,0.008199182339012623
FR003691,0,0.007785900961607695
FR002122,0,0.007982653565704823
FR004336,0,0.00752866268157959
FR003296,0,0.015503364615142345
FR014941,0,0.0035445860121399164
FR011247,0,0.014694580808281898
FR001910,0,0.003810824593529105
FR007035,0,0.013896366581320763
FR006497,0,0.006212763488292694
FR018583,1,0.03079923242330551
FR007067,0,0.01277061179280281
FR011723,0,0.010125445201992989
FR005799,0,0.004729183856397867
FR000690,0,0.00366057176142931
FR015783,0,0.020485635846853256
FR008045,0,0.007294748444110155
FR008341,0,0.005693063139915466
FR002768,0,0.028820287436246872
FR002864,0,0.026969073340296745
FR017780,0,0.024564089253544807
FR000889,0,0.005573393777012825
FR004835,0,0.010110820643603802
FR018764,0,0.006292492616921663
FR007411,1,0.05961340293288231
FR002058,0,0.0060644191689789295
FR006277,0,0.00588618079200387
FR005095,0,0.005187124013900757
FR019169,0,0.006534597836434841
FR018574,0,0.007859212346374989
FR017384,0,0.018253149464726448
FR014879,0,0.0037933618295937777
FR007849,0,0.016571396961808205
FR018102,0,0.05220430716872215
FR002996,0,0.008714226074516773
FR011144,0,0.021174585446715355
FR009728,0,0.022940916940569878
FR015162,0,0.006581345573067665
FR014741,0,0.009152914397418499
FR012045,0,0.007092125713825226
FR018595,0,0.0053914873860776424
FR019426,0,0.009543953463435173
FR015567,0,0.004093427676707506
FR015333,0,0.010528648272156715
FR007140,0,0.006210090592503548
FR016943,0,0.0025465290527790785
FR014131,0,0.0041447910480201244
FR014270,0,0.007060648407787085
FR002475,0,0.01605113036930561
FR002247,0,0.012266467325389385
FR007865,0,0.0054763262160122395
FR011227,0,0.0287930928170681
FR016151,0,0.01411381270736456
FR013860,0,0.004507410805672407
FR000243,0,0.01473191473633051
FR003877,0,0.005000301171094179
FR004753,0,0.004417522344738245
FR016378,0,0.013613265007734299
FR001281,0,0.008563308976590633
FR014009,0,0.060783617198467255
FR010599,0,0.0134439617395401
FR008899,0,0.004912857431918383
FR011127,0,0.004288415424525738
FR012744,0,0.009370091371238232
FR005611,0,0.008484465070068836
FR010145,0,0.008609977550804615
FR002147,0,0.0036908448673784733
FR000151,0,0.006284480448812246
FR010436,0,0.015170770697295666
FR003800,0,0.007621596101671457
FR016799,0,0.011822286061942577
FR001379,0,0.01112570520490408
FR014516,0,0.17329809069633484
FR013206,0,0.008903490379452705
FR007163,0,0.03511359542608261
FR011124,0,0.00960533693432808
FR001717,0,0.05112976208329201
FR000283,0,0.007015710696578026
FR011192,0,0.006457270588725805
FR013299,0,0.15261834859848022
FR006669,0,0.006685525644570589
FR003580,0,0.015474939718842506
FR000518,0,0.005797956604510546
FR007262,0,0.009960338473320007
FR005539,0,0.005551280453801155
FR016922,1,0.7249602675437927
FR017191,0,0.004148002248257399
FR009515,0,0.00592774385586381
FR010918,0,0.005992301274091005
FR015486,0,0.008623835630714893
FR008502,0,0.02634124830365181
FR001189,0,0.009863613173365593
FR002646,0,0.007195977959781885
FR013224,1,0.00494395662099123
FR004483,0,0.04757586494088173
FR019856,0,0.0040575372986495495
FR007394,0,0.007310525048524141
FR014409,0,0.03983419016003609
FR019116,0,0.00799438264220953
FR013208,0,0.011309370398521423
FR008619,0,0.00832277350127697
FR019539,0,0.021475670859217644
FR016113,0,0.0074729942716658115
FR015309,0,0.0045964657329022884
FR003396,0,0.00491265207529068
FR007313,0,0.005121665541082621
FR003717,0,0.06873660534620285
FR004434,0,0.029974205419421196
FR002036,0,0.006063065957278013
FR013284,0,0.0049427580088377
FR017578,0,0.008723041042685509
FR016150,0,0.01694420538842678
FR009141,0,0.009550468996167183
FR012512,0,0.0049307579174637794
FR013202,0,0.008135486394166946
FR016167,0,0.004024119582027197
FR016996,0,0.03148187696933746
FR004984,0,0.00458899699151516
FR013364,0,0.005705585237592459
FR006672,0,0.0031836696434766054
FR003095,0,0.01524218637496233
FR008379,0,0.008487004786729813
FR005643,0,0.006187404505908489
FR005983,0,0.0028950804844498634
FR014779,0,0.009097391739487648
FR019816,0,0.016720250248908997
FR016802,0,0.004868650808930397
FR009124,0,0.004842568654567003
FR012471,0,0.019948938861489296
FR014088,0,0.0065723080188035965
FR018012,0,0.012728177942335606
FR013143,0,0.006697874050587416
FR001454,0,0.012445468455553055
FR012394,0,0.0271903183311224
FR017641,0,0.02443612366914749
FR002043,0,0.0070594786666333675
FR005952,0,0.00864292774349451
FR002430,0,0.018844110891222954
FR001860,0,0.005461286287754774
FR000769,0,0.025615759193897247
FR012399,0,0.004739667754620314
FR009365,0,0.04745429381728172
FR006145,0,0.012732990086078644
FR016008,0,0.0035026846453547478
FR016490,0,0.005219645332545042
FR013014,0,0.004426456987857819
FR000068,0,0.011836288496851921
FR019217,0,0.004700526595115662
FR002314,0,0.00916319526731968
FR017025,0,0.01087069883942604
FR013859,0,0.004184850491583347
FR017706,0,0.00756061403080821
FR006377,0,0.02669021114706993
FR008150,0,0.005972055718302727
FR015903,0,0.013170512393116951
FR019245,0,0.006230246275663376
FR000058,0,0.010173997841775417
FR014601,0,0.012581453658640385
FR004189,0,0.04895175248384476
FR015704,0,0.007997367531061172
FR002033,0,0.09443734586238861
FR012385,0,0.00954356137663126
FR004752,0,0.026479076594114304
FR009980,0,0.02113286592066288
FR019738,0,0.018705779686570168
FR008228,0,0.007644162978976965
FR003485,0,0.24335666000843048
FR009899,0,0.0070671942085027695
FR015554,0,0.08481500297784805
FR006912,0,0.05285007506608963
FR003173,0,0.007616573479026556
FR019544,0,0.007184088695794344
FR011559,0,0.012168255634605885
FR012509,0,0.021971475332975388
FR017644,0,0.009011086076498032
FR016791,0,0.004342973697930574
FR015562,0,0.013934086076915264
FR010801,0,0.01841619983315468
FR011756,0,0.00683658616617322
FR003823,0,0.031438589096069336
FR010653,0,0.004226041492074728
FR002114,0,0.03258390352129936
FR019938,0,0.006378675810992718
FR018737,0,0.006464111618697643
FR001256,0,0.00757997389882803
FR004864,0,0.0058814422227442265
FR006464,0,0.013167704455554485
FR011957,0,0.009203002788126469
FR013827,0,0.007998679764568806
FR012378,0,0.020609503611922264
FR013943,0,0.014969744719564915
FR016735,0,0.008732294663786888
FR018214,0,0.0060894675552845
FR010571,0,0.00552405696362257
FR017704,0,0.007730561774224043
FR010881,0,0.026962444186210632
FR017627,0,0.003197496058419347
FR010860,0,0.004768849816173315
FR018665,0,0.028628917410969734
FR017550,0,0.007642354350537062
FR008618,0,0.02011110447347164
FR007516,0,0.006072667893022299
FR009427,0,0.016608761623501778
FR004363,0,0.014027955941855907
FR017352,0,0.010469131171703339
FR014669,0,0.16148093342781067
FR019167,0,0.016073541715741158
FR004143,0,0.013653906062245369
FR013391,0,0.003251930233091116
FR006526,0,0.009575878269970417
FR019083,0,0.012507709674537182
FR007507,0,0.004763009957969189
FR019002,0,0.005715250503271818
FR003385,0,0.0192140880972147
FR015146,0,0.009584841318428516
FR002276,0,0.010105176828801632
FR017732,0,0.03167922422289848
FR001249,0,0.006247659679502249
FR015202,0,0.006121472921222448
FR011802,0,0.006558272056281567
FR002267,0,0.007317483890801668
FR010038,0,0.018511518836021423
FR003789,0,0.0033165779896080494
FR016234,0,0.03990321233868599
FR005211,0,0.010383599437773228
FR015793,0,0.006936282385140657
FR012678,0,0.017611030489206314
FR014492,0,0.008692028000950813
FR003004,0,0.008939340710639954
FR015516,0,0.009784938767552376
FR006570,0,0.0059446245431900024
FR018870,0,0.21039435267448425
FR001222,0,0.008234255947172642
FR016093,0,0.034942299127578735
FR012908,0,0.011321944184601307
FR009922,0,0.0032733669504523277
FR015405,0,0.0030358831863850355
FR001977,0,0.00831268448382616
FR011159,0,0.011768016964197159
FR007761,0,0.0042548333294689655
FR010875,0,0.013741913251578808
FR017212,0,0.004069517366588116
FR015222,0,0.003743858775123954
FR014444,0,0.006498821545392275
FR000784,0,0.00951837096363306
FR008403,0,0.05654870718717575
FR004485,0,0.00491715781390667
FR009579,0,0.00794804934412241
FR008668,0,0.007361541502177715
FR013159,0,0.012524416670203209
FR006812,0,0.008400150574743748
FR010819,0,0.005309071857482195
FR000146,0,0.007418815512210131
FR019609,0,0.007055996917188168
FR000240,0,0.02211739309132099
FR000716,0,0.011443578638136387
FR006309,0,0.027868151664733887
FR005073,0,0.005228662863373756
FR018557,0,0.005301879718899727
FR014713,0,0.008283603005111217
FR001807,0,0.008279725909233093
FR018607,0,0.0062160734087228775
FR000306,0,0.04995190352201462
FR008756,0,0.006592206656932831
FR001801,0,0.018078988417983055
FR012622,0,0.004765304736793041
FR017471,0,0.010175279341638088
FR019484,0,0.0126790227368474
FR016810,0,0.010132500901818275
FR006294,0,0.004297667648643255
FR014226,0,0.007129427511245012
FR018926,0,0.006193606648594141
FR015256,0,0.006132934242486954
FR011107,0,0.00675347913056612
FR005276,0,0.012076616287231445
FR019444,0,0.019007056951522827
FR016809,0,0.026247888803482056
FR009832,1,0.48966696858406067
FR012070,0,0.0068052238784730434
FR012637,0,0.009378558956086636
FR018703,0,0.007284821011126041
FR014433,0,0.006870597135275602
FR016400,0,0.005416753236204386
FR008977,0,0.007957909256219864
FR013514,0,0.014815854839980602
FR005814,0,0.005047779530286789
FR018959,0,0.023921769112348557
FR006541,0,0.011533106677234173
FR018094,0,0.008729132823646069
FR012172,0,0.0035686418414115906
FR006407,0,0.02382749691605568
FR002893,0,0.005296106915920973
FR016038,0,0.008118524216115475
FR015293,0,0.025698844343423843
FR018135,0,0.004519382491707802
FR005885,0,0.014771918766200542
FR001325,0,0.006177118979394436
FR006302,0,0.03189919516444206
FR001178,0,0.007452660705894232
FR002554,0,0.006100264843553305
FR017448,0,0.0036370425950735807
FR015524,0,0.012563363648951054
FR008158,0,0.012905205599963665
FR015118,1,0.029518267139792442
FR007368,0,0.005897514522075653
FR014314,0,0.01937389187514782
FR012242,0,0.01164292637258768
FR019456,0,0.005288395099341869
FR019415,1,0.007371682208031416
FR013485,0,0.008672480471432209
FR014196,0,0.0059261624701321125
FR019537,0,0.005674339830875397
FR017637,0,0.029809439554810524
FR005122,0,0.005389562342315912
FR010453,0,0.007246637251228094
FR008946,0,0.004840441048145294
FR012129,0,0.024003326892852783
FR002669,0,0.04562041535973549
FR004355,0,0.013926016166806221
FR008466,0,0.004395732656121254
FR004142,0,0.0069047631695866585
FR012557,0,0.0060993945226073265
FR004554,0,0.006458940915763378
FR019555,0,0.020209787413477898
FR011212,0,0.01394421886652708
FR005658,0,0.005922200623899698
FR000992,0,0.010951383039355278
FR016214,0,0.004368305206298828
FR014076,0,0.00587135273963213
FR006064,0,0.012887832708656788
FR017629,0,0.005380876362323761
FR010216,0,0.013150707818567753
FR009686,0,0.0037992550060153008
FR010275,0,0.004118132870644331
FR009202,0,0.013682055287063122
FR010813,0,0.0036990127991884947
FR018466,0,0.0028893996495753527
FR008438,0,0.017343811690807343
FR004459,0,0.01664923131465912
FR000789,0,0.0062141562812030315
FR004532,0,0.02084752731025219
FR002588,0,0.0068983775563538074
FR015198,0,0.010052330791950226
FR001692,0,0.006834475789219141
FR000735,0,0.005363733507692814
FR004257,0,0.004117772914469242
FR002829,0,0.017363684251904488
FR008239,0,0.0037419400177896023
FR010373,0,0.027225574478507042
FR015339,0,0.004562931135296822
FR009454,0,0.007976127788424492
FR013777,0,0.003905082819983363
FR017804,0,0.09009937196969986
FR002943,0,0.00345681537874043
FR017060,0,0.41524067521095276
FR017458,0,0.004581797402352095
FR004089,0,0.008573443628847599
FR010773,0,0.004606040194630623
FR018235,0,0.00538424588739872
FR009651,0,0.007024475838989019
FR008649,0,0.006364909932017326
FR005158,0,0.005461822729557753
FR009343,0,0.00772681413218379
FR000374,0,0.017620963975787163
FR016555,0,0.005852579139173031
FR005222,0,0.2633712589740753
FR015839,0,0.011556411162018776
FR004962,0,0.00902132410556078
FR018807,0,0.006717943586409092
FR017052,0,0.008540607057511806
FR005938,0,0.04366583377122879
FR003854,0,0.027821820229291916
FR000504,0,0.027817502617836
FR015282,0,0.0038810684345662594
FR009019,0,0.007729599718004465
FR009415,0,0.00928150862455368
FR006099,0,0.00884865503758192
FR012545,0,0.03604663535952568
FR007858,0,0.006124122068285942
FR004958,0,0.015391391701996326
FR016920,0,0.009085054509341717
FR001979,0,0.005677369888871908
FR017998,0,0.008690445683896542
FR014375,0,0.007198898587375879
FR011584,0,0.007757430896162987
FR006605,0,0.026847422122955322
FR008714,0,0.005542038008570671
FR019920,0,0.030871916562318802
FR014638,0,0.005481727886945009
FR017885,0,0.006139881443232298
FR006648,0,0.005705003626644611
FR010086,0,0.159889817237854
FR016535,0,0.018009351566433907
FR005200,0,0.0635109543800354
FR000118,0,0.0052804723381996155
FR015491,0,0.005846788641065359
FR011405,0,0.010467717424035072
FR009966,0,0.03638016805052757
FR016521,0,0.0069610984064638615
FR017962,0,0.0552561990916729
FR019094,0,0.00760810449719429
FR014504,0,0.01297136303037405
FR015484,0,0.007056905422359705
FR019428,0,0.01157323271036148
FR019273,1,0.010192237794399261
FR011142,0,0.02842600829899311
FR015540,0,0.005054496694356203
FR003501,0,0.008098846301436424
FR012747,0,0.004577599931508303
FR009835,0,0.006373878102749586
FR016584,0,0.005000986158847809
FR007342,0,0.003328275168314576
FR002557,0,0.00776979885995388
FR010263,0,0.005056463647633791
FR007670,0,0.02998889796435833
FR012974,0,0.005999951623380184
FR012850,0,0.005231925752013922
FR019884,0,0.002955640899017453
FR002904,0,0.0037899089511483908
FR000076,0,0.007664477918297052
FR009428,0,0.01099097914993763
FR000506,0,0.010788999497890472
FR002679,0,0.005602407269179821
FR001416,0,0.011915577575564384
FR007887,0,0.019696645438671112
FR004682,0,0.005961017683148384
FR008740,0,0.015203064307570457
FR002681,0,0.03606097027659416
FR001087,0,0.030776390805840492
FR015669,0,0.034371472895145416
FR006381,0,0.00456329295411706
FR004432,0,0.008019329980015755
FR017106,0,0.004351417068392038
FR012902,0,0.010396111756563187
FR013537,0,0.008024726063013077
FR008004,0,0.005725998897105455
FR013927,0,0.006565278396010399
FR016825,0,0.004764988087117672
FR014687,0,0.005326058249920607
FR018845,0,0.004149738233536482
FR019825,0,0.009742137975990772
FR007890,0,0.0053174737840890884
FR003506,0,0.006703370716422796
FR018191,0,0.01364071574062109
FR016523,0,0.0038662769366055727
FR010489,0,0.00782349519431591
FR010600,0,0.006563978735357523
FR008032,0,0.009955698624253273
FR017765,0,0.0032300963066518307
FR015650,0,0.00700325146317482
FR001332,0,0.003468235954642296
FR002640,0,0.00978496577590704
FR005652,0,0.0522557757794857
FR016300,0,0.008506245911121368
FR001322,0,0.010322661139070988
FR013173,0,0.02606552094221115
FR016771,0,0.015213034115731716
FR017722,0,0.006022371351718903
FR005332,0,0.05387503653764725
FR006546,0,0.04319538548588753
FR003965,0,0.005095202010124922
FR010192,0,0.0080266697332263
FR003539,0,0.012816235423088074
FR017347,0,0.013315935619175434
FR006122,0,0.005317569710314274
FR002038,0,0.14579297602176666
FR017324,0,0.006531716790050268
FR010014,0,0.009861340746283531
FR014216,0,0.005418826825916767
FR015835,0,0.004395448602735996
FR014719,0,0.008852549828588963
FR006614,0,0.021348420530557632
FR011177,0,0.014217445626854897
FR011512,1,0.005621947348117828
FR004424,0,0.0139223113656044
FR014459,0,0.005435113329440355
FR003045,0,0.018613029271364212
FR008616,0,0.015290480107069016
FR014162,0,0.017953267320990562
FR005362,0,0.008873598650097847
FR016407,0,0.004625261761248112
FR008609,0,0.6583752632141113
FR013057,0,0.004991644062101841
FR015978,0,0.009995180182158947
FR007194,0,0.004763992968946695
FR004520,0,0.003936437424272299
FR017036,0,0.01308781560510397
FR008342,0,0.007771287579089403
FR014224,0,0.005175296682864428
FR009139,0,0.02377432957291603
FR015710,0,0.004537425935268402
FR016830,0,0.010661168023943901
FR006017,0,0.016958246007561684
FR013862,0,0.006271908525377512
FR002125,0,0.010202051140367985
FR005756,0,0.13657227158546448
FR011139,0,0.0255130585283041
FR010609,0,0.005262237507849932
FR010821,0,0.0048582288436591625
FR012249,0,0.006572095677256584
FR009435,0,0.006570023018866777
FR002076,0,0.0072523751296103
FR014061,0,0.026819098740816116
FR001336,0,0.0041883173398673534
FR017901,0,0.008275095373392105
FR018838,0,0.025101151317358017
FR015630,0,0.0033707558177411556
FR009335,0,0.004085787106305361
FR005782,0,0.005331079941242933
FR013306,0,0.0056337714195251465
FR000765,0,0.012101417407393456
FR007542,0,0.03068307787179947
FR004980,0,0.01723112165927887
FR006198,0,0.005278183612972498
FR010046,0,0.5122789740562439
FR005077,0,0.0025812846142798662
FR015825,0,0.02123066410422325
FR016423,0,0.009410749189555645
FR017832,0,0.005942443385720253
FR012197,0,0.0056024338118731976
FR001003,0,0.015796350315213203
FR011601,0,0.0037982696667313576
FR012016,0,0.004255516454577446
FR013337,0,0.2007206678390503
FR006600,0,0.020806191489100456
FR000656,0,0.006778589449822903
FR019100,0,0.007291165646165609
FR012323,0,0.009129156358540058
FR012390,0,0.008350043557584286
FR016013,0,0.005979567300528288
FR012696,0,0.01057890523225069
FR013055,0,0.02462179958820343
FR018128,0,0.004771579522639513
FR008396,0,0.01011926680803299
FR009252,0,0.0050876629538834095
FR010757,0,0.010525236837565899
FR013245,0,0.005097890272736549
FR015060,0,0.003950796090066433
FR000340,0,0.006588991265743971
FR003581,0,0.004324423149228096
FR013775,0,0.005744960159063339
FR013541,0,0.02324426919221878
FR002229,0,0.007445511408150196
FR006225,0,0.01149643212556839
FR004637,0,0.008078504353761673
FR011422,0,0.00819526705890894
FR002041,0,0.02466045506298542
FR009999,0,0.004396767821162939
FR012084,0,0.009195735678076744
FR013998,0,0.00492574879899621
FR003464,0,0.017703929916024208
FR013025,0,0.009346737526357174
FR001983,1,0.012346574105322361
FR007973,0,0.006639580707997084
FR010942,0,0.004017390310764313
FR004187,0,0.008747194893658161
FR008033,0,0.009544837288558483
FR001751,0,0.03303541615605354
FR007114,0,0.003491428215056658
FR018869,0,0.006927990820258856
FR012962,0,0.011200320906937122
FR002313,0,0.00948692299425602
FR018624,0,0.004569235723465681
FR012720,0,0.020094968378543854
FR010822,0,0.00950106605887413
FR007272,0,0.01156473159790039
FR005162,0,0.13171294331550598
FR006810,0,0.022177712991833687
FR011896,0,0.005046178121119738
FR011560,0,0.0036588069051504135
FR008938,0,0.02482464909553528
FR000935,0,0.007401311304420233
FR016756,0,0.018054937943816185
FR003036,0,0.00485425116494298
FR002198,0,0.00728714931756258
FR000485,0,0.006314759608358145
FR015212,0,0.004778806120157242
FR016325,0,0.06332959234714508
FR014202,0,0.003481934778392315
FR012282,0,0.017728980630636215
FR003619,0,0.00501358462497592
FR005765,0,0.003693865379318595
FR011444,0,0.007305903360247612
FR016129,0,0.0056936247274279594
FR016695,0,0.006738977041095495
FR010932,0,0.005669397301971912
FR012435,0,0.007692086510360241
FR000462,0,0.023854991421103477
FR018876,0,0.014151083305478096
FR009089,0,0.004596967250108719
FR008410,0,0.004439070355147123
FR003564,0,0.004426334984600544
FR002492,0,0.0383918434381485
FR001974,0,0.006759777199476957
FR010683,0,0.005213182419538498
FR018938,0,0.004165334161370993
FR014277,0,0.006641921121627092
FR013868,0,0.005430395714938641
FR009474,0,0.04097190871834755
FR009645,0,0.024196816608309746
FR001266,0,0.029759034514427185
FR007998,0,0.008088338188827038
FR018919,0,0.02850884385406971
FR009670,0,0.007976946420967579
FR012789,0,0.0034953404683619738
FR003237,0,0.006681771017611027
FR000838,0,0.009394786320626736
FR005229,0,0.0032835383899509907
FR000005,0,0.022143909707665443
FR008898,0,0.008667693473398685
FR012933,0,0.005303076934069395
FR007985,0,0.010512501001358032
FR010847,0,0.0030750115402042866
FR014892,0,0.005328048951923847
FR004461,0,0.010110310278832912
FR019354,0,0.0116858696565032
FR012838,0,0.06540194898843765
FR010802,0,0.013590004295110703
FR004683,0,0.0027560361195355654
FR006339,0,0.00633648969233036
FR008920,0,0.007179916370660067
FR020000,0,0.013367983512580395
FR003323,0,0.14359579980373383
FR000625,0,0.006427996326237917
FR002500,0,0.012836080975830555
FR018867,0,0.010084334760904312
FR018761,0,0.010854278691112995
FR006342,0,0.003803157014772296
FR014780,0,0.02618667297065258
FR017740,0,0.0461602509021759
FR017428,0,0.02986910566687584
FR008082,0,0.004442044533789158
FR018663,0,0.012751099653542042
FR009493,0,0.03372061625123024
FR006939,0,0.004910533782094717
FR001062,0,0.008803803473711014
FR002097,0,0.007563731633126736
FR003049,0,0.036128055304288864
FR018593,0,0.00425855815410614
FR018928,0,0.005873239599168301
FR008626,0,0.004426334984600544
FR012661,0,0.009861736558377743
FR006837,1,0.00804748386144638
FR011324,0,0.009885109029710293
FR016451,0,0.008956635370850563
FR004885,0,0.005132515914738178
FR002551,0,0.0036931177601218224
FR008897,0,0.00825949665158987
FR009138,0,0.0031150751747190952
FR001995,0,0.007676869630813599
FR014321,0,0.008708556182682514
FR012398,0,0.005301424767822027
FR001973,0,0.0056681446731090546
FR011862,0,0.005920858588069677
FR004557,0,0.004543831571936607
FR002468,0,0.0057016396895051
FR011469,0,0.004440393764525652
FR006802,0,0.016481155529618263
FR019851,0,0.005107619799673557
FR019286,0,0.012380746193230152
FR002517,0,0.004527208860963583
FR008011,0,0.07453447580337524
FR010193,0,0.005086755845695734
FR019120,0,0.0058546545915305614
FR008134,0,0.00415029376745224
FR007980,0,0.019300006330013275
FR012312,0,0.022575465962290764
FR014443,0,0.009548984467983246
FR016194,0,0.008613718673586845
FR010152,0,0.05548460781574249
FR007824,0,0.032583482563495636
FR015409,0,0.01937158592045307
FR012474,0,0.009423666633665562
FR008136,0,0.005444785114377737
FR018735,0,0.04783838242292404
FR002429,0,0.03410204499959946
FR019568,0,0.03995053470134735
FR003620,0,0.009643975645303726
FR006328,0,0.003919895738363266
FR016187,0,0.005802430212497711
FR003031,0,0.09129002690315247
FR017425,0,0.0038439056370407343
FR015583,0,0.0027284640818834305
FR004893,0,0.015899190679192543
FR010621,0,0.004616519436240196
FR016689,0,0.0037090182304382324
FR004467,0,0.005408869590610266
FR015735,0,0.009767512790858746
FR004269,0,0.0065479944460093975
FR007711,0,0.008682488463819027
FR015880,0,0.005916961468756199
FR018495,0,0.10454802960157394
FR019644,0,0.009251967072486877
FR001607,0,0.004825437907129526
FR007839,0,0.006672191433608532
FR007052,0,0.0061322106048464775
FR019745,0,0.006919816602021456
FR014070,0,0.0047578588128089905
FR005505,0,0.0043539321050047874
FR010885,0,0.00672637764364481
FR014746,0,0.003561869263648987
FR004855,0,0.00937202200293541
FR001722,0,0.0076781343668699265
FR017438,0,0.003930755890905857
FR005663,0,0.015033016912639141
FR003380,0,0.007127691991627216
FR002701,0,0.0030938938725739717
FR001690,0,0.021584507077932358
FR000078,0,0.008166241459548473
FR007666,0,0.013410143554210663
FR006826,0,0.02795332297682762
FR016975,0,0.01364733837544918
FR017196,0,0.00916642602533102
FR017162,0,0.012732606381177902
FR017068,0,0.01516978070139885
FR010975,0,0.010008863173425198
FR004477,0,0.0047201430425047874
FR003941,0,0.012493369169533253
FR011768,0,0.004240340553224087
FR014376,0,0.013157423585653305
FR014169,1,0.06683631241321564
FR008210,0,0.0045221056789159775
FR010689,0,0.005771144758909941
FR004761,0,0.01635439693927765
FR013500,0,0.011211558245122433
FR016778,0,0.0066767348907887936
FR019403,0,0.014044750481843948
FR000877,0,0.005334102548658848
FR019208,0,0.004638031590729952
FR011031,0,0.004938796162605286
FR012355,0,0.012068604119122028
FR001719,0,0.0432763546705246
FR002600,0,0.006363878026604652
FR006801,0,0.005809729918837547
FR017449,0,0.033162251114845276
FR019828,0,0.00632981862872839
FR009569,0,0.006535462103784084
FR012449,0,0.00862094946205616
FR016159,0,0.007548526860773563
FR001871,0,0.0076978979632258415
FR004372,0,0.0037644265685230494
FR009241,0,0.003980335779488087
FR008407,0,0.005179017316550016
FR003969,0,0.03842785209417343
FR013780,0,0.0056998287327587605
FR019187,0,0.04248851537704468
FR001217,0,0.0025077678728848696
FR013255,0,0.005205653142184019
FR007113,0,0.010791605338454247
FR019076,1,0.0262899249792099
FR006424,0,0.022364744916558266
FR016050,0,0.01841183938086033
FR000726,0,0.05311764031648636
FR014111,0,0.005567587912082672
FR013244,0,0.029523998498916626
FR015089,0,0.010912714526057243
FR011702,0,0.02426804043352604
FR010260,0,0.02551354467868805
FR005779,0,0.018561221659183502
FR018001,0,0.02358776517212391
FR011030,0,0.020752128213644028
FR005105,0,0.00909904669970274
FR010128,0,0.004730517510324717
FR003392,0,0.007921867072582245
FR016966,0,0.0056629362516105175
FR019845,0,0.006387065164744854
FR012404,0,0.007146864663809538
FR013982,0,0.013569455593824387
FR016679,0,0.007560350000858307
FR007303,0,0.028510943055152893
FR013607,0,0.010593188926577568
FR000925,0,0.012356624938547611
FR010972,0,0.002828124677762389
FR014287,0,0.004631016869097948
FR009222,0,0.01247540395706892
FR017862,0,0.0038006214890629053
FR004290,0,0.005568269174546003
FR009018,0,0.006102314684540033
FR001375,0,0.009734886698424816
FR012494,0,0.0049687596037983894
FR002602,0,0.00627781031653285
FR015767,0,0.013081886805593967
FR001958,0,0.009707774966955185
FR019753,0,0.023059677332639694
FR006968,0,0.015417644754052162
FR012034,0,0.012088660150766373
FR018882,0,0.02651161327958107
FR007213,0,0.023292146623134613
FR005790,0,0.07260704785585403
FR012777,0,0.0043830773793160915
FR008638,0,0.18082207441329956
FR018696,0,0.006243584211915731
FR009155,0,0.005827839486300945
FR019157,0,0.0076143755577504635
FR011589,0,0.027112869545817375
FR002808,0,0.005149842239916325
FR001971,0,0.010052804835140705
FR011804,0,0.011784004978835583
FR018091,0,0.00396532379090786
FR013231,0,0.003034740686416626
FR012746,0,0.005391617771238089
FR018000,0,0.002368609420955181
FR015894,0,0.012525388970971107
FR018932,0,0.005815284792333841
FR001901,0,0.009329913184046745
FR019875,0,0.005208814516663551
FR009981,0,0.0036946218460798264
FR018336,0,0.04127434641122818
FR009785,0,0.12129669636487961
FR006687,0,0.004798966459929943
FR002766,0,0.008420105092227459
FR015070,0,0.007602350320667028
FR008435,0,0.02378435619175434
FR003105,0,0.01938619650900364
FR015413,0,0.005874359514564276
FR006756,0,0.020547745749354362
FR009027,0,0.004287153482437134
FR000797,0,0.005571763496845961
FR009704,0,0.01596914418041706
FR000710,0,0.2616212069988251
FR005337,0,0.007899933494627476
FR013504,0,0.014567607082426548
FR008219,0,0.00450827507302165
FR009536,0,0.028476634994149208
FR006142,0,0.007360378280282021
FR009598,0,0.004310754593461752
FR016338,0,0.006585593335330486
FR017662,0,0.004529629368335009
FR016847,0,0.007764304056763649
FR005549,0,0.023048540577292442
FR004027,0,0.004916208330541849
FR000147,0,0.00797064695507288
FR012092,0,0.005357929039746523
FR004939,0,0.016854170709848404
FR003203,0,0.00565599650144577
FR007357,0,0.009983456693589687
FR012400,0,0.011356305330991745
FR019905,0,0.01954793743789196
FR008767,0,0.004088415298610926
FR000255,0,0.008750035427510738
FR014947,0,0.0035196600947529078
FR008944,0,0.008209530264139175
FR000169,0,0.00827857106924057
FR002524,0,0.013063564896583557
FR007376,0,0.01291424036026001
FR006082,0,0.005410593468695879
FR011239,0,0.005606143269687891
FR018356,0,0.004810866434127092
FR018964,0,0.010277804918587208
FR019240,0,0.014090396463871002
FR014888,0,0.03547398000955582
FR010896,0,0.030596541240811348
FR009122,0,0.017722297459840775
FR005627,0,0.009450170211493969
FR013875,0,0.006429068278521299
FR006598,0,0.009684341959655285
FR005865,0,0.010185408405959606
FR010635,0,0.038984812796115875
FR003525,0,0.0069521451368927956
FR010075,0,0.0068418364971876144
FR019764,0,0.0073488624766469
FR006881,0,0.01449703797698021
FR018418,0,0.16835300624370575
FR018385,0,0.017093775793910027
FR013641,0,0.007698345463722944
FR016269,0,0.00817615445703268
FR015113,0,0.010820295661687851
FR014467,0,0.0030143761541694403
FR009775,0,0.007262516766786575
FR012033,0,0.005854962393641472
FR019055,0,0.00443297578021884
FR007156,0,0.0330832339823246
FR012416,0,0.011366723105311394
FR016519,1,0.07199876755475998
FR010321,0,0.008586491458117962
FR000729,0,0.0034818751737475395
FR005805,0,0.00795038416981697
FR018078,0,0.01655128225684166
FR008303,0,0.00991993397474289
FR008448,0,0.010292647406458855
FR002320,0,0.007967145182192326
FR018130,0,0.003440860891714692
FR017168,0,0.004450016655027866
FR004561,0,0.00997817050665617
FR018955,0,0.00324828177690506
FR006207,0,0.03411928564310074
FR000260,0,0.011296512559056282
FR013643,0,0.05116608366370201
FR000793,0,0.00733485771343112
FR000297,0,0.04126068577170372
FR014600,0,0.005850523244589567
FR019122,0,0.012247509323060513
FR007538,0,0.007594860624521971
FR017518,0,0.0051977443508803844
FR016320,0,0.0064887916669249535
FR008916,1,0.007108100224286318
FR000282,0,0.014105241745710373
FR006289,0,0.0062706926837563515
FR015723,0,0.00407455675303936
FR001576,0,0.0036200701724737883
FR018585,0,0.008172767236828804
FR010089,0,0.004225892946124077
FR005016,0,0.004467084538191557
FR007965,0,0.00953209213912487
FR007148,0,0.0096635976806283
FR009336,0,0.008487698622047901
FR006092,0,0.05638090893626213
FR001090,0,0.023247631266713142
FR019289,0,0.04048346355557442
FR000597,0,0.019718682393431664
FR016665,0,0.022883255034685135
FR008716,0,0.02145838364958763
FR005426,0,0.005961515009403229
FR006032,0,0.018806762993335724
FR014910,0,0.004489643964916468
FR005186,0,0.008553230203688145
FR006132,0,0.026105012744665146
FR007863,0,0.01028437353670597
FR011429,0,0.012807768769562244
FR009735,0,0.005536122713238001
FR008359,0,0.0053956215269863605
FR001729,1,0.02099769562482834
FR012735,0,0.04663262143731117
FR004196,0,0.0053609334863722324
FR017694,0,0.006448420230299234
FR002917,0,0.0063297199085354805
FR010267,0,0.009730096906423569
FR019694,0,0.007135019171983004
FR007463,0,0.007956129498779774
FR002206,0,0.015256077982485294
FR005581,0,0.006419471465051174
FR013924,0,0.02864532545208931
FR009998,0,0.010721073485910892
FR011202,0,0.015283753164112568
FR016529,0,0.00433991476893425
FR009930,0,0.0039123548194766045
FR009621,0,0.006258477922528982
FR017950,0,0.008061804808676243
FR016478,0,0.005694539751857519
FR006613,0,0.005936725530773401
FR002650,0,0.0041719418950378895
FR008627,0,0.010481210425496101
FR017796,0,0.004401997197419405
FR005344,0,0.005492641590535641
FR016392,0,0.0056844837963581085
FR005357,0,0.003384026000276208
FR014718,0,0.022515857592225075
FR018277,0,0.006356326397508383
FR005892,0,0.011315545998513699
FR012128,0,0.006224607117474079
FR008729,0,0.02900126203894615
FR013088,0,0.006914268247783184
FR004991,0,0.0055494592525064945
FR009992,0,0.005220846273005009
FR013018,0,0.006151881534606218
FR013664,0,0.010506932623684406
FR019106,0,0.0055823177099227905
FR009737,0,0.004471870604902506
FR004404,0,0.08111046999692917
FR008375,0,0.005905515048652887
FR011220,0,0.05407547205686569
FR009251,0,0.0051631685346364975
FR016244,0,0.016690658405423164
FR003617,0,0.004118707496672869
FR012760,0,0.0063802264630794525
FR013068,0,0.005311585497111082
FR013338,0,0.007152944337576628
FR014380,0,0.01626267097890377
FR007894,0,0.014267776161432266
FR006963,0,0.009776745922863483
FR003645,0,0.030057046562433243
FR006387,0,0.00818671751767397
FR019298,0,0.02585095912218094
FR000996,0,0.007108527235686779
FR013411,0,0.03125416859984398
FR018768,0,0.006669089198112488
FR018618,0,0.029374243691563606
FR017417,0,0.0059648677706718445
FR003958,0,0.0072787306271493435
FR005854,0,0.004843271803110838
FR014130,0,0.016813378781080246
FR005408,0,0.006019123829901218
FR016944,0,0.00790159311145544
FR009312,0,0.005090917926281691
FR000685,0,0.0041018277406692505
FR015681,0,0.01297216210514307
FR010135,0,0.011850479058921337
FR011009,0,0.004945026244968176
FR007900,0,0.005995261482894421
FR018619,0,0.008817766793072224
FR007469,0,0.003756425343453884
FR003123,0,0.4535685181617737
FR015814,0,0.049196165055036545
FR009000,0,0.012986904010176659
FR003778,0,0.005221846979111433
FR004218,0,0.005142376758158207
FR000186,0,0.0051239668391644955
FR014691,0,0.009764377027750015
FR018272,0,0.008773533627390862
FR019378,0,0.015307900495827198
FR005103,0,0.005283811595290899
FR011210,0,0.010312333703041077
FR001665,0,0.042319294065237045
FR007820,0,0.009504565969109535
FR004729,0,0.0216623954474926
FR018835,0,0.010020209476351738
FR006227,0,0.004197712987661362
FR014922,0,0.007710298988968134
FR010762,0,0.011035582982003689
FR012540,0,0.0056162988767027855
FR005248,0,0.003627325175330043
FR013509,0,0.017395924776792526
FR015678,1,0.005915338173508644
FR012766,0,0.018140748143196106
FR007724,0,0.007160083390772343
FR009480,0,0.014560305513441563
FR001008,0,0.006305314600467682
FR014696,1,0.014888427220284939
FR014742,0,0.003792655421420932
FR016010,0,0.005001728888601065
FR013039,0,0.006310144439339638
FR010197,0,0.006164400838315487
FR012073,0,0.006026300601661205
FR014514,0,0.07910028845071793
FR016915,0,0.005326224956661463
FR011466,0,0.01829122193157673
FR004968,0,0.012663601897656918
FR008472,0,0.012172160670161247
FR007750,0,0.0064048925414681435
FR000312,0,0.040324658155441284
FR005893,0,0.00916881300508976
FR007818,0,0.05955072119832039
FR012060,0,0.03008236363530159
FR011477,0,0.012454104609787464
FR013742,0,0.012405439279973507
FR003176,0,0.006471560802310705
FR017624,0,0.011181758716702461
FR005082,0,0.012587467208504677
FR007690,0,0.013870096765458584
FR003884,0,0.008754110895097256
FR008986,0,0.010997263714671135
FR009080,0,0.005061415024101734
FR008122,0,0.04325711727142334
FR015886,0,0.014827231876552105
FR012524,0,0.007739088963717222
FR015206,0,0.03417310118675232
FR004012,0,0.019396252930164337
FR000131,0,0.012199470773339272
FR004805,0,0.0030384764540940523
FR007517,0,0.012141872197389603
FR000774,0,0.005120278336107731
FR019069,0,0.04240850731730461
FR010912,0,0.007968705147504807
FR004208,0,0.01811625063419342
FR008772,0,0.015557743608951569
FR007630,0,0.011926783248782158
FR016666,0,0.008428971283137798
FR004896,0,0.0036472792271524668
FR016637,1,0.010921549052000046
FR014089,0,0.022288616746664047
FR003746,0,0.02645059861242771
FR003214,0,0.003940187860280275
FR019290,0,0.008618876338005066
FR019965,0,0.009441560134291649
FR000248,0,0.006682185921818018
FR011505,0,0.006583020091056824
FR012329,0,0.01752626709640026
FR012802,0,0.008368348702788353
FR017211,0,0.005325939506292343
FR000669,0,0.006282169837504625
FR016198,0,0.0032357247546315193
FR011571,0,0.004826470743864775
FR017231,0,0.004376002121716738
FR017727,0,0.010942064225673676
FR003856,0,0.012925563380122185
FR004631,0,0.005483425687998533
FR003496,1,0.00664281751960516
FR002328,0,0.009454889222979546
FR015897,0,0.0033569117076694965
FR004901,0,0.004691602662205696
FR006762,0,0.015517095103859901
FR007074,0,0.0046136039309203625
FR001659,0,0.002784412819892168
FR001331,0,0.006157779134809971
FR013489,0,0.002446571132168174
FR009843,1,0.6769207715988159
FR009322,0,0.01330846268683672
FR009065,0,0.0062803602777421474
FR007767,0,0.018244337290525436
FR012067,0,0.004886789713054895
FR018246,0,0.0038963360711932182
FR006961,0,0.004274432081729174
FR007877,0,0.015444153919816017
FR016466,0,0.013943018391728401
FR007343,1,0.05070294439792633
FR009358,0,0.04078572615981102
FR013597,0,0.012217618525028229
FR012877,0,0.005353389773517847
FR018778,0,0.01174973789602518
FR006393,0,0.0042000217363238335
FR006942,1,0.006115980911999941
FR003362,0,0.003367719706147909
FR016559,0,0.005268075969070196
FR015754,1,0.004608707968145609
FR003849,0,0.008592026308178902
FR005574,0,0.004111334681510925
FR003448,0,0.004714355804026127
FR017264,0,0.007398327812552452
FR012905,0,0.004293458070605993
FR011155,0,0.004304496571421623
FR014259,1,0.011684790253639221
FR006745,0,0.00799016747623682
FR007003,0,0.008953499607741833
FR007733,0,0.007364946883171797
FR006567,0,0.0025354623794555664
FR003092,0,0.010302852839231491
FR016901,0,0.004861284513026476
FR018222,0,0.005077637266367674
FR003357,0,0.00268740626052022
FR005969,0,0.02076621726155281
FR015862,0,0.008341294713318348
FR003730,0,0.007915753871202469
FR001061,0,0.006725183688104153
FR010919,0,0.014501466415822506
FR010673,0,0.025798091664910316
FR018698,0,0.007080778945237398
FR018936,0,0.02688675932586193
FR017850,0,0.008277651853859425
FR008648,0,0.3835570812225342
FR019512,0,0.018031544983386993
FR002868,0,0.022531632333993912
FR012361,0,0.01361892744898796
FR001194,0,0.037486352026462555
FR009884,0,0.005597542505711317
FR001835,0,0.009168808348476887
FR018474,0,0.01048358902335167
FR011110,0,0.0033412217162549496
FR008802,0,0.005940753500908613
FR010664,0,0.0046641044318675995
FR016782,0,0.017314506694674492
FR005115,0,0.016664093360304832
FR019163,0,0.005616181530058384
FR015173,0,0.003597870236262679
FR011002,0,0.005000260658562183
FR012666,0,0.006306318566203117
FR008818,0,0.004626528825610876
FR006714,0,0.004521792288869619
FR016139,0,0.02686544694006443
FR011176,0,0.005257593933492899
FR009619,0,0.013019001111388206
FR000724,0,0.024433642625808716
FR014285,0,0.026475222781300545
FR005506,0,0.0063789780251681805
FR016899,0,0.01124053169041872
FR002635,0,0.008573167957365513
FR002261,0,0.016736140474677086
FR019385,0,0.006786980666220188
FR014776,0,0.00871753878891468
FR015353,0,0.016577498987317085
FR016686,0,0.005348214879631996
FR003802,0,0.007838918827474117
FR017269,0,0.019865266978740692
FR002093,0,0.0035541197285056114
FR012345,0,0.05686754360795021
FR004309,0,0.009975103661417961
FR003826,0,0.026021625846624374
FR011196,0,0.09643172472715378
FR011915,0,0.00982822198420763
FR004423,0,0.2793056070804596
FR010209,0,0.005705782677978277
FR005855,0,0.005366051569581032
FR016345,0,0.02232949063181877
FR001555,0,0.11569545418024063
FR007912,0,0.02663024142384529
FR018421,0,0.0038794316351413727
FR015244,0,0.007241232320666313
FR018165,0,0.02383441850543022
FR008480,0,0.010084782727062702
FR011347,0,0.00940103642642498
FR001370,0,0.012667346745729446
FR019232,0,0.00973727647215128
FR005087,0,0.003296359907835722
FR019009,0,0.007933665066957474
FR016808,0,0.006721534300595522
FR014565,0,0.017252646386623383
FR002073,0,0.003934052307158709
FR007141,0,0.02646305412054062
FR005050,0,0.015123852528631687
FR007030,0,0.009154986590147018
FR012480,0,0.00844542309641838
FR016185,0,0.04418042302131653
FR009257,0,0.004491564817726612
FR019630,0,0.014991014264523983
FR004615,0,0.051590729504823685
FR009567,0,0.005566523876041174
FR011733,0,0.004550561308860779
FR005134,0,0.029327208176255226
FR007524,0,0.025789698585867882
FR014867,0,0.006604274734854698
FR007796,0,0.026047423481941223
FR018274,0,0.012991958297789097
FR011373,0,0.01804838702082634
FR013184,0,0.006355010438710451
FR007773,0,0.006264660507440567
FR018517,0,0.009237729012966156
FR009714,0,0.008763003163039684
FR003048,0,0.046274103224277496
FR014951,0,0.010778251104056835
FR000315,0,0.008359912782907486
FR008439,0,0.008304464630782604
FR014296,0,0.02164517156779766
FR005602,0,0.053365547209978104
FR010163,0,0.005210450384765863
FR018392,0,0.00534874526783824
FR006514,0,0.021289169788360596
FR015846,0,0.006051237694919109
FR007501,0,0.00578121654689312
FR003227,0,0.009955613873898983
FR013042,0,0.007527215871959925
FR009186,0,0.00422357814386487
FR018525,0,0.00878592487424612
FR010300,0,0.007611104287207127
FR015581,0,0.011679109185934067
FR011044,0,0.013261983171105385
FR019881,0,0.15645328164100647
FR003241,0,0.025374140590429306
FR016612,0,0.1704840213060379
FR018821,0,0.014610253274440765
FR011267,0,0.006681264843791723
FR010897,0,0.006084220018237829
FR002621,0,0.0029412780422717333
FR016453,0,0.005940784700214863
FR015979,0,0.0059541077353060246
FR004486,0,0.00487655820325017
FR005927,0,0.021869191899895668
FR000232,0,0.006836773827672005
FR008517,0,0.022224292159080505
FR014607,0,0.0031940739136189222
FR013013,0,0.00429167877882719
FR000878,0,0.012763495557010174
FR004063,0,0.008953376673161983
FR007327,0,0.007968702353537083
FR013728,0,0.0037369129713624716
FR007153,0,0.00616085808724165
FR002817,0,0.010598868131637573
FR006264,0,0.004961371887475252
FR007948,0,0.014714151620864868
FR018386,0,0.008379446342587471
FR006731,0,0.023850316181778908
FR019179,0,0.004504074342548847
FR013533,0,0.007797558326274157
FR008678,0,0.006541839800775051
FR009549,0,0.00636539189144969
FR006843,0,0.005920926108956337
FR000226,0,0.036231767386198044
FR018871,0,0.008404000662267208
FR019756,0,0.009242434985935688
FR011117,1,0.027305003255605698
FR004428,0,0.015034082345664501
FR018057,0,0.029430797323584557
FR014950,0,0.003232719609513879
FR005731,0,0.027849607169628143
FR019420,0,0.014623301103711128
FR019052,0,0.007585072889924049
FR010502,0,0.0172735583037138
FR019697,0,0.006498559378087521
FR001989,0,0.013795481063425541
FR013710,0,0.004544877912849188
FR004874,0,0.019517552107572556
FR008665,0,0.007174018304795027
FR019679,0,0.012223471887409687
FR013452,0,0.04066634550690651
FR002369,0,0.011299995705485344
FR010141,0,0.006277304608374834
FR010445,0,0.006300637498497963
FR016754,0,0.01464974507689476
FR005650,0,0.007106036879122257
FR007448,0,0.03193085640668869
FR015917,0,0.02710799127817154
FR007895,0,0.0229653287678957
FR013550,0,0.004632184281945229
FR016289,0,0.005038814153522253
FR016048,0,0.014558875933289528
FR004479,0,0.00935641210526228
FR017621,0,0.012207046151161194
FR013243,0,0.011575261130928993
FR009447,0,0.004130147863179445
FR015741,0,0.012318938039243221
FR008747,0,0.02097298577427864
FR016991,0,0.008047030307352543
FR007050,0,0.0038926030974835157
FR012304,0,0.003696439089253545
FR002673,0,0.03146279230713844
FR002359,0,0.004702064208686352
FR011530,0,0.009110378101468086
FR000214,0,0.007572104688733816
FR007835,0,0.007219894323498011
FR009490,0,0.004819151479750872
FR003784,0,0.003888931358233094
FR001655,0,0.0046871318481862545
FR004170,0,0.008479331620037556
FR002806,0,0.00941826868802309
FR003421,0,0.017415234819054604
FR004563,0,0.012800927273929119
FR007586,1,0.006066299043595791
FR001123,0,0.008549178950488567
FR006044,0,0.017991989850997925
FR017576,0,0.009769721888005733
FR004512,0,0.01865297183394432
FR002658,0,0.007600904442369938
FR006329,0,0.03319075331091881
FR000522,0,0.033980417996644974
FR013520,0,0.007436058484017849
FR006885,0,0.010841993615031242
FR006300,0,0.00774611160159111
FR002215,0,0.004485368728637695
FR006916,0,0.01828932948410511
FR006228,0,0.01292445044964552
FR013560,0,0.0045861294493079185
FR006556,0,0.0032585798762738705
FR001568,0,0.005675919353961945
FR001628,0,0.12418445199728012
FR019449,0,0.02275853045284748
FR015616,0,0.005635005421936512
FR002087,0,0.009960196912288666
FR010559,0,0.08215033262968063
FR011284,0,0.003564630402252078
FR017937,0,0.028510281816124916
FR005645,0,0.003331886837258935
FR011278,0,0.01615532860159874
FR018780,0,0.005160714965313673
FR018114,0,0.010221912525594234
FR004246,0,0.012686211615800858
FR003490,0,0.006236726883798838
FR005880,0,0.011092070490121841
FR004169,1,0.007965701632201672
FR003478,0,0.011629331856966019
FR012773,0,0.005228553898632526
FR006046,0,0.006923248991370201
FR016949,0,0.05595606192946434
FR004313,0,0.0042581697925925255
FR009763,0,0.01186344027519226
FR003724,0,0.0156747754663229
FR016974,0,0.009486757218837738
FR007809,0,0.0063529242761433125
FR006008,0,0.004182365257292986
FR005477,0,0.008992373943328857
FR018886,0,0.009043603204190731
FR016753,0,0.009025096893310547
FR011543,0,0.011877831071615219
FR000700,0,0.00920773483812809
FR013865,0,0.006442981772124767
FR019922,0,0.017593292519450188
FR005873,0,0.008922601118683815
FR002969,0,0.006381296552717686
FR010153,0,0.004119836259633303
FR004349,0,0.007622065022587776
FR009465,0,0.005317256785929203
FR005961,0,0.015381214208900928
FR008524,0,0.008509199135005474
FR001579,0,0.003981288522481918
FR013790,0,0.012771038338541985
FR009940,0,0.004269841592758894
FR011265,0,0.0337570495903492
FR013355,0,0.007050506304949522
FR018990,0,0.0314193032681942
FR018050,0,0.005916964262723923
FR011616,0,0.006547178607434034
FR001800,0,0.003930996637791395
FR016091,0,0.005978541448712349
FR011467,0,0.005821916274726391
FR000524,0,0.008281194604933262
FR016226,0,0.01275116577744484
FR015776,0,0.007235918194055557
FR006796,0,0.010137275792658329
FR006508,0,0.003323370823636651
FR000468,0,0.006033994257450104
FR015119,0,0.004451313987374306
FR010380,0,0.011604436673223972
FR013917,0,0.004462480545043945
FR002828,0,0.008825303986668587
FR003720,0,0.009849907830357552
FR015209,0,0.0043830773793160915
FR003400,0,0.007562210783362389
FR017873,0,0.07975812256336212
FR017070,0,0.009412839077413082
FR004386,0,0.021392857655882835
FR018783,0,0.01129125151783228
FR010531,0,0.006355064455419779
FR002297,0,0.022865306586027145
FR015407,0,0.024046458303928375
FR007783,0,0.08654796332120895
FR014388,0,0.005073369946330786
FR002213,0,0.003959862049669027
FR012283,0,0.00853510107845068
FR016271,0,0.043490029871463776
FR015982,0,0.019961686804890633
FR005205,0,0.00874726939946413
FR000119,0,0.006179355550557375
FR007365,0,0.004616712220013142
FR000768,0,0.0036433222703635693
FR015013,0,0.004957811441272497
FR009099,0,0.023623457178473473
FR017983,0,0.005149058066308498
FR014848,0,0.015184547752141953
FR008238,0,0.01412615180015564
FR018883,0,0.011538662947714329
FR008657,0,0.005536737386137247
FR000223,0,0.00689941318705678
FR001129,0,0.005002664402127266
FR007415,0,0.006642439868301153
FR001394,0,0.008651066571474075
FR003104,0,0.013461650349199772
FR004381,0,0.014976699836552143
FR001149,0,0.0036180601455271244
FR006953,0,0.009300601668655872
FR016355,0,0.024549566209316254
FR003783,0,0.010680221021175385
FR019814,0,0.004116705618798733
FR001546,0,0.004782157018780708
FR005430,0,0.0057506500743329525
FR013348,0,0.019764112308621407
FR013082,0,0.011590836569666862
FR012306,0,0.01873156800866127
FR019869,0,0.004932250827550888
FR015485,0,0.006069384980946779
FR004574,0,0.014650928787887096
FR004776,0,0.005472268909215927
FR013784,0,0.01127606350928545
FR011761,0,0.027825286611914635
FR018875,0,0.010837079957127571
FR019935,0,0.005532338749617338
FR014240,0,0.0064032841473817825
FR007836,0,0.012306390330195427
FR004167,0,0.016976840794086456
FR006899,0,0.025481482967734337
FR017446,0,0.037626780569553375
FR010017,0,0.0038224514573812485
FR018160,0,0.00721459137275815
FR012153,0,0.009201476350426674
FR005914,0,0.03444363549351692
FR013769,0,0.0057398853823542595
FR017462,0,0.0038198812399059534
FR011978,0,0.01419015135616064
FR009839,0,0.015409338288009167
FR009872,0,0.037557195872068405
FR005668,0,0.02731369063258171
FR019089,0,0.047542303800582886
FR003762,0,0.005481832195073366
FR004316,0,0.013180307112634182
FR015095,0,0.004707863088697195
FR011156,0,0.01625046133995056
FR000002,0,0.006694144103676081
FR005608,0,0.003754425561055541
FR012990,0,0.007128471974283457
FR018763,0,0.002346564782783389
FR019142,0,0.0091401357203722
FR002470,0,0.015586757101118565
FR003770,0,0.007346970494836569
FR013380,0,0.009368374943733215
FR018360,0,0.013466805219650269
FR008853,0,0.010411335155367851
FR006662,0,0.005143884569406509
FR011854,0,0.005345689598470926
FR002809,0,0.004096080083400011
FR006183,0,0.004952775314450264
FR013020,0,0.006337368860840797
FR003182,0,0.002717770403251052
FR018868,0,0.005636157002300024
FR000202,0,0.00709878746420145
FR018881,0,0.020020171999931335
FR010262,0,0.0048962365835905075
FR013336,0,0.01313507929444313
FR004202,0,0.004243639763444662
FR016411,0,0.008591726422309875
FR001642,0,0.006064663175493479
FR009627,0,0.008657971397042274
FR005224,0,0.006966958753764629
FR011818,0,0.026371048763394356
FR008334,0,0.008467009291052818
FR015658,0,0.009354873560369015
FR001356,0,0.012705942615866661
FR007768,0,0.03285551443696022
FR011344,0,0.010836133733391762
FR006252,0,0.006659893784672022
FR015722,0,0.023950060829520226
FR011272,0,0.012569890357553959
FR000308,0,0.006609037984162569
FR005891,0,0.004359690472483635
FR017823,0,0.021413736045360565
FR013482,0,0.003698875429108739
FR009120,0,0.012965607456862926
FR002741,0,0.005549669731408358
FR001478,0,0.006488601677119732
FR010159,0,0.009713800624012947
FR000519,0,0.010746613144874573
FR003145,0,0.0030300079379230738
FR001097,0,0.010866746306419373
FR018967,0,0.011071423999965191
FR011282,0,0.007696197368204594
FR011851,1,0.007342190016061068
FR003211,0,0.005370588507503271
FR011948,0,0.007908390834927559
FR013738,0,0.0036386342253535986
FR013658,0,0.05263160169124603
FR007635,0,0.004943834617733955
FR001978,0,0.0071778432466089725
FR015239,0,0.006300183944404125
FR003158,0,0.0054146829061210155
FR010336,0,0.004890329670161009
FR019499,0,0.006075866054743528
FR017027,0,0.004226886201649904
FR011001,0,0.012459313496947289
FR001841,0,0.006307397037744522
FR013610,0,0.01007973775267601
FR009985,0,0.005955750588327646
FR014079,0,0.010114864446222782
FR016334,0,0.032917220145463943
FR006894,0,0.005125027149915695
FR019919,0,0.06698688864707947
FR001081,0,0.004427196457982063
FR014509,0,0.005820116959512234
FR004314,0,0.04732614755630493
FR019412,0,0.03470093011856079
FR003289,1,0.6114317178726196
FR003184,0,0.004418833646923304
FR007190,0,0.007925019599497318
FR015286,0,0.00894551444798708
FR016502,0,0.008286537602543831
FR007033,0,0.010260521434247494
FR013413,0,0.006225908175110817
FR007294,0,0.005552493967115879
FR016116,0,0.03217474743723869
FR009637,0,0.011599034070968628
FR018318,0,0.01666509360074997
FR016339,0,0.007093821652233601
FR011290,0,0.002671092515811324
FR009893,0,0.01226587314158678
FR007860,0,0.006048127077519894
FR014101,0,0.0060080536641180515
FR015989,0,0.027952611446380615
FR014038,0,0.005343922413885593
FR019847,0,0.008305234834551811
FR019534,0,0.00884334184229374
FR008035,0,0.004824521951377392
FR009982,0,0.013704391196370125
FR018997,0,0.003365699201822281
FR005681,0,0.008742648176848888
FR018569,1,0.021339571103453636
FR006097,0,0.00935322605073452
FR015555,0,0.010990990325808525
FR005811,0,0.010636592283844948
FR006308,0,0.007420164532959461
FR000867,0,0.0034633164759725332
FR016805,0,0.004539530724287033
FR015932,0,0.19619505107402802
FR015521,0,0.004961357451975346
FR017355,0,0.01624584197998047
FR006896,0,0.009222427383065224
FR017379,0,0.004984506405889988
FR001844,0,0.005822929088026285
FR016179,0,0.004316624253988266
FR011849,0,0.00503389909863472
FR011619,0,0.003926480654627085
FR008605,0,0.010906729847192764
FR012102,0,0.004182901233434677
FR001179,0,0.009548217989504337
FR018825,0,0.006051321048289537
FR015965,0,0.006342551205307245
FR001111,0,0.010745097883045673
FR003659,0,0.0049844286404550076
FR019950,0,0.0071637448854744434
FR004645,0,0.025039980188012123
FR019347,0,0.010612022131681442
FR014359,0,0.011299574747681618
FR017104,0,0.005430192686617374
FR010542,0,0.003542951075360179
FR007266,0,0.007945680990815163
FR006787,0,0.008799160830676556
FR009113,0,0.012218832038342953
FR012447,0,0.007125769276171923
FR017108,0,0.014114581979811192
FR000479,0,0.017375631257891655
FR014496,0,0.01078763511031866
FR009408,0,0.004616900812834501
FR007087,0,0.004414423834532499
FR002812,0,0.005063869524747133
FR008846,0,0.011666813865303993
FR010042,0,0.006115032825618982
FR003677,0,0.0074004498310387135
FR011631,1,0.26494336128234863
FR003270,0,0.008049245923757553
FR004466,0,0.011905218474566936
FR012453,0,0.004736922215670347
FR014631,0,0.013494289480149746
FR003393,0,0.0032412554137408733
FR008918,0,0.0028994237072765827
FR009296,0,0.010490051470696926
FR001236,0,0.007033245638012886
FR009778,0,0.005962747149169445
FR002337,0,0.005221814848482609
FR014925,0,0.0035293432883918285
FR018402,0,0.0032292783726006746
FR005437,0,0.017431046813726425
FR001521,0,0.2470623254776001
FR008771,0,0.01913582906126976
FR017232,0,0.004737920593470335
FR009561,0,0.005780559033155441
FR002556,0,0.014298698864877224
FR007436,0,0.01795574650168419
FR015048,0,0.0058576748706400394
FR013648,0,0.022404074668884277
FR015690,0,0.008004626259207726
FR013994,0,0.013904928229749203
FR013954,0,0.003597285831347108
FR018171,0,0.0050877598114311695
FR010555,0,0.018700838088989258
FR011236,0,0.012873433530330658
FR004812,0,0.05079350247979164
FR006864,0,0.03343747556209564
FR015967,0,0.02311069332063198
FR010602,0,0.003001140896230936
FR004791,0,0.02280273102223873
FR001456,0,0.021955465897917747
FR017729,0,0.07223071157932281
FR004407,0,0.010598638094961643
FR011040,0,0.01157701388001442
FR007679,0,0.01787790097296238
FR017341,0,0.008520063012838364
FR012589,0,0.2435237467288971
FR001664,0,0.013221042230725288
FR012479,0,0.010338773019611835
FR004851,0,0.006920534186065197
FR006544,0,0.010137333534657955
FR011084,0,0.006428733468055725
FR001477,0,0.00586507935076952
FR004944,0,0.21223628520965576
FR003039,0,0.003527612891048193
FR000909,0,0.0043356106616556644
FR014764,0,0.011492185294628143
FR011676,0,0.007968931458890438
FR005423,0,0.07830531150102615
FR007643,0,0.00810250174254179
FR011526,0,0.025240864604711533
FR006087,0,0.007193236146122217
FR012776,0,0.005503855645656586
FR004668,0,0.02163589932024479
FR013390,0,0.011214334517717361
FR012486,0,0.006826478987932205
FR002334,0,0.013364418409764767
FR013425,0,0.0046658287756145
FR000405,0,0.020313456654548645
FR011939,0,0.008821171708405018
FR004783,0,0.02138686552643776
FR005559,0,0.01192612573504448
FR001195,0,0.00655910512432456
FR019705,0,0.009528545662760735
FR010863,0,0.04798584803938866
FR007063,0,0.008041140623390675
FR000156,0,0.011947535909712315
FR012175,0,0.0038066289853304625
FR004552,0,0.00999670010060072
FR012590,0,0.022522438317537308
FR009947,0,0.006924140732735395
FR009815,0,0.0032215164974331856
FR018041,0,0.004780217073857784
FR011821,0,0.011721129529178143
FR016497,0,0.09458910673856735
FR006451,0,0.006581111811101437
FR012289,0,0.008284770883619785
FR012533,0,0.0048164427280426025
FR019125,0,0.0025483877398073673
FR005808,0,0.007347669452428818
FR005288,0,0.00769907096400857
FR019255,0,0.01153358444571495
FR008180,0,0.012812037952244282
FR001135,0,0.007593875750899315
FR005830,0,0.008344565518200397
FR018433,0,0.008528591133654118
FR006116,0,0.027452122420072556
FR009207,0,0.019496163353323936
FR016486,0,0.013757620006799698
FR006397,0,0.06052539125084877
FR018822,0,0.03901273012161255
FR003451,0,0.020380893722176552
FR004746,0,0.011761592701077461
FR010139,0,0.004797586239874363
FR001286,0,0.02281591109931469
FR007255,0,0.008919996209442616
FR012669,0,0.023150360211730003
FR006580,0,0.014972254633903503
FR009424,0,0.07154636085033417
FR004295,0,0.0047503369860351086
FR003028,0,0.02626999467611313
FR012702,0,0.005112965125590563
FR001218,0,0.017066413536667824
FR017461,0,0.005300730466842651
FR001798,0,0.006873796693980694
FR019648,0,0.007386567536741495
FR010244,0,0.009085668250918388
FR004425,0,0.011579932644963264
FR018306,0,0.004702006001025438
FR011181,0,0.005058774258941412
FR000875,0,0.008136617951095104
FR001738,0,0.025526832789182663
FR001200,0,0.004639617167413235
FR013009,0,0.00405189348384738
FR013371,0,0.004648400470614433
FR015289,0,0.027578074485063553
FR009041,0,0.024480445310473442
FR005267,0,0.01097874902188778
FR014017,0,0.020977115258574486
FR003283,0,0.015421764925122261
FR009443,0,0.004164248704910278
FR003545,0,0.0058210245333611965
FR013596,0,0.010910125449299812
FR006883,0,0.005662723910063505
FR004870,0,0.003380510723218322
FR019216,0,0.005759560968726873
FR014563,0,0.0046822247095406055
FR015570,0,0.0041761319153010845
FR016620,0,0.0031483382917940617
FR012694,0,0.0037063458003103733
FR002697,0,0.004845281131565571
FR001185,0,0.01234130747616291
FR003197,0,0.004866103641688824
FR001526,0,0.0056330980733036995
FR009009,0,0.0271888617426157
FR016487,0,0.013595725409686565
FR007429,0,0.015201949514448643
FR011104,0,0.009766156785190105
FR018142,0,0.010747327469289303
FR014606,0,0.01260332576930523
FR009398,0,0.009046496823430061
FR009539,0,0.006924694404006004
FR019887,0,0.04597132280468941
FR013800,0,0.005199717357754707
FR002403,0,0.012978685088455677
FR000239,0,0.005550927482545376
FR017603,0,0.012651743367314339
FR009591,0,0.019703101366758347
FR001376,0,0.007677578367292881
FR012336,0,0.007783334236592054
FR008250,0,0.005719609558582306
FR018561,0,0.009068229235708714
FR004138,0,0.004531476646661758
FR000079,0,0.006480887532234192
FR002188,0,0.006186182145029306
FR018558,0,0.013916322961449623
FR019587,0,0.004107925575226545
FR017618,0,0.011390136554837227
FR010853,0,0.01022708136588335
FR003114,0,0.003806479275226593
FR017966,0,0.01140973623842001
FR000313,0,0.0063097914680838585
FR004526,0,0.006483175326138735
FR005750,0,0.006214527413249016
FR010289,0,0.005271655507385731
FR016878,0,0.008487253449857235
FR014884,0,0.0033952388912439346
FR016094,0,0.009192042984068394
FR003405,0,0.010978707112371922
FR019879,0,0.026078585535287857
FR007044,0,0.04068965092301369
FR001046,0,0.009106013923883438
FR007008,0,0.003815227886661887
FR004073,0,0.03497914597392082
FR010794,0,0.01147528551518917
FR015186,0,0.007504104170948267
FR019312,0,0.0046427007764577866
FR011716,0,0.003901239950209856
FR010369,0,0.007221566047519445
FR010665,0,0.011084264144301414
FR006209,0,0.013863583095371723
FR005905,0,0.00437246123328805
FR007731,0,0.0048752836883068085
FR003084,0,0.018733596429228783
FR019295,0,0.011290830560028553
FR002140,0,0.0029792902059853077
FR000927,0,0.004933028016239405
FR014136,0,0.010044987313449383
FR014392,0,0.02663406729698181
FR013977,0,0.007135350257158279
FR014805,0,0.019878311082720757
FR008556,0,0.003421911969780922
FR008888,0,0.01317147258669138
FR013843,0,0.010885627940297127
FR005894,0,0.007189365569502115
FR013711,0,0.0037091467529535294
FR019333,0,0.006190633866935968
FR011410,0,0.008595309220254421
FR003504,0,0.023398637771606445
FR001303,0,0.06427271664142609
FR015461,0,0.01495341956615448
FR002037,0,0.01393478736281395
FR000958,0,0.023113815113902092
FR007791,0,0.01215542946010828
FR019829,0,0.023468676954507828
FR008012,0,0.01232170034199953
FR011592,0,0.061337996274232864
FR001870,0,0.007995815947651863
FR004620,0,0.012527802027761936
FR014986,0,0.013352270238101482
FR011488,0,0.027441341429948807
FR010093,0,0.004583422560244799
FR009108,0,0.01793217658996582
FR006865,0,0.005248990375548601
FR012135,0,0.007708289194852114
FR015781,0,0.009509927593171597
FR016833,0,0.0049467748031020164
FR019945,0,0.009641275741159916
FR013698,0,0.03607774153351784
FR015799,0,0.007875756360590458
FR004648,0,0.00292500969953835
FR005476,0,0.005509587470442057
FR012659,0,0.0041419221088290215
FR003780,0,0.030523154884576797
FR012553,0,0.009545589797198772
FR013037,0,0.01630154438316822
FR016683,0,0.02073599025607109
FR001864,0,0.013885888271033764
FR004003,0,0.04038261994719505
FR011930,0,0.005427532829344273
FR016990,0,0.0036204929929226637
FR012822,0,0.023120826110243797
FR001436,0,0.02823430858552456
FR013647,0,0.005371268838644028
FR002662,0,0.019614368677139282
FR013310,0,0.007936518639326096
FR003806,0,0.0027077405247837305
FR008513,0,0.008235961198806763
FR017102,0,0.006708379834890366
FR008603,0,0.008551839739084244
FR009117,0,0.011344737373292446
FR007102,0,0.015246874652802944
FR013540,0,0.004396995063871145
FR017399,0,0.007836779579520226
FR005212,0,0.010616488754749298
FR000664,0,0.0838751420378685
FR018864,0,0.011826448142528534
FR018395,0,0.006093558389693499
FR004491,0,0.005870356224477291
FR017263,0,0.0036079681012779474
FR006534,0,0.007211583200842142
FR015205,0,0.017261670902371407
FR000064,1,0.023204457014799118
FR015395,0,0.003650651080533862
FR011604,0,0.013063933700323105
FR002950,0,0.013225161470472813
FR012539,0,0.006145395338535309
FR013152,0,0.013757334090769291
FR013409,0,0.014128955081105232
FR003584,0,0.0067521268501877785
FR004898,0,0.004897786304354668
FR012817,0,0.01164519228041172
FR000647,0,0.06412142515182495
FR003079,0,0.005785921588540077
FR009857,0,0.036452099680900574
FR007749,0,0.008221625350415707
FR009466,0,0.010230966843664646
FR001098,0,0.051510829478502274
FR014039,0,0.018481532111763954
FR016973,0,0.00875111110508442
FR000265,0,0.0046098544262349606
FR009766,0,0.00861426442861557
FR006133,0,0.017308130860328674
FR005720,0,0.006336618214845657
FR009504,0,0.009594786912202835
FR010291,0,0.00529645336791873
FR017192,0,0.009916997514665127
FR002878,0,0.0063226004131138325
FR019675,0,0.021532133221626282
FR009457,0,0.005399179179221392
FR000025,0,0.0098970215767622
FR017963,0,0.009348945692181587
FR010201,0,0.02106892690062523
FR003967,0,0.012580689042806625
FR015626,0,0.004304001573473215
FR013324,0,0.01088069099932909
FR018120,0,0.038061559200286865
FR012890,0,0.009087716229259968
FR004821,0,0.008077342994511127
FR001344,0,0.11463242024183273
FR010828,0,0.013160066679120064
FR009943,0,0.017298011109232903
FR002908,0,0.0034442900214344263
FR012434,0,0.0045069376938045025
FR006882,0,0.008718288503587246
FR010833,0,0.0026469118893146515
FR005291,0,0.00766478618606925
FR015753,0,0.037848442792892456
FR016251,0,0.06464225798845291
FR005632,0,0.007232681382447481
FR004862,0,0.006828794255852699
FR000558,0,0.00903517659753561
FR017542,0,0.01797923818230629
FR017951,0,0.019714362919330597
FR013199,0,0.0048371232114732265
FR019278,0,0.012237736023962498
FR002204,0,0.01044531725347042
FR012126,0,0.005490068346261978
FR017535,0,0.006643554195761681
FR006987,0,0.004510359838604927
FR017724,0,0.005345268175005913
FR018538,0,0.020755330100655556
FR018298,0,0.01217467151582241
FR010210,0,0.0034954852890223265
FR006844,0,0.05812431499361992
FR002637,0,0.006501651369035244
FR018023,0,0.015849310904741287
FR006591,0,0.01081140898168087
FR017066,0,0.022236553952097893
FR003118,0,0.013642711564898491
FR014640,0,0.008343144319951534
FR000411,0,0.009222105145454407
FR018522,0,0.03709428384900093
FR003157,0,0.010062343440949917
FR015342,0,0.009333822876214981
FR016986,0,0.003958444111049175
FR004534,0,0.07105010747909546
FR007206,0,0.011398633942008018
FR005487,0,0.006375766359269619
FR003183,0,0.008529437705874443
FR012050,0,0.007493564393371344
FR014480,0,0.014666258357465267
FR013592,0,0.012376111932098866
FR016924,0,0.007345478516072035
FR001624,0,0.008318708278238773
FR018605,0,0.007032795809209347
FR015045,0,0.004761323798447847
FR002622,0,0.0055681555531919
FR013412,0,0.04904995486140251
FR003025,0,0.007654423825442791
FR013467,0,0.01192537322640419
FR013614,0,0.007473779376596212
FR016428,0,0.005102809518575668
FR012954,0,0.007718902546912432
FR012573,0,0.0028250806499272585
FR011294,0,0.0035051933955401182
FR000294,0,0.010748469270765781
FR002347,0,0.0049768900498747826
FR013849,0,0.0054815043695271015
FR019521,0,0.009537131525576115
FR001791,0,0.008168095722794533
FR016598,0,0.008609477430582047
FR005625,0,0.004157532937824726
FR019453,0,0.004656413570046425
FR007800,0,0.011307856999337673
FR010706,0,0.012602981179952621
FR009184,0,0.31173187494277954
FR016352,1,0.13041441142559052
FR009133,0,0.008178455755114555
FR015813,0,0.005839542485773563
FR005449,0,0.005457931198179722
FR006112,0,0.0212811678647995
FR017134,0,0.02645804174244404
FR015760,0,0.004072245210409164
FR005348,0,0.007987148128449917
FR006079,0,0.007481519598513842
FR005284,0,0.006119236350059509
FR002030,0,0.004759015515446663
FR015961,0,0.012973420321941376
FR003862,0,0.03530065342783928
FR019447,0,0.014028449542820454
FR016134,0,0.012983383610844612
FR010702,0,0.0038853641599416733
FR019413,0,0.00869049970060587
FR016739,0,0.01613309048116207
FR007492,0,0.005866639781743288
FR016177,0,0.007072967942804098
FR014289,0,0.007327698636800051
FR014639,0,0.0896049439907074
FR004824,0,0.0041793654672801495
FR012262,0,0.0067542120814323425
FR012897,0,0.02012689784169197
FR018935,0,0.0032415157184004784
FR016268,0,0.007605318911373615
FR004642,0,0.0036664477083832026
FR015991,0,0.017201866954565048
FR006455,0,0.01281665824353695
FR010281,0,0.021948060020804405
FR001575,0,0.01605919748544693
FR016959,0,0.004484996199607849
FR018724,0,0.00751730939373374
FR003772,0,0.04156607761979103
FR016730,0,0.047576647251844406
FR018205,0,0.004745172802358866
FR016876,0,0.005623349454253912
FR018771,0,0.0047750589437782764
FR017086,0,0.002690982073545456
FR002290,0,0.011095068417489529
FR007707,0,0.008280336856842041
FR014485,0,0.0042053996585309505
FR008631,0,0.008746318519115448
FR007891,0,0.013745345175266266
FR008979,0,0.007322615943849087
FR000026,0,0.11186404526233673
FR007423,0,0.01197793148458004
FR001758,0,0.004221298731863499
FR006807,0,0.013890179805457592
FR008819,0,0.019767461344599724
FR003964,0,0.003684248775243759
FR007045,0,0.005426686257123947
FR012544,0,0.07196217030286789
FR016117,0,0.00625539431348443
FR009028,0,0.013858694583177567
FR015639,0,0.006321007385849953
FR007523,0,0.010632839053869247
FR001246,0,0.0043008048087358475
FR016070,0,0.007239834405481815
FR016390,0,0.010461348108947277
FR001050,0,0.011133341118693352
FR009411,0,0.003679928369820118
FR001108,0,0.013889376074075699
FR015188,0,0.00406066607683897
FR016448,0,0.004728896543383598
FR007147,0,0.007992666214704514
FR009948,0,0.007986404001712799
FR011531,0,0.008541378192603588
FR003486,0,0.041523318737745285
FR007302,0,0.017760882154107094
FR004513,0,0.008081489242613316
FR013889,0,0.0073095629923045635
FR018322,0,0.008965934626758099
FR017631,0,0.007793066091835499
FR001457,0,0.01457765232771635
FR001462,0,0.012393037788569927
FR005901,0,0.02163882739841938
FR000182,0,0.009638452902436256
FR014372,0,0.004438480362296104
FR015501,0,0.023663336411118507
FR006238,0,0.006501595489680767
FR019801,0,0.007445623632520437
FR017758,0,0.007912523113191128
FR003795,0,0.00883497390896082
FR013877,0,0.006949031725525856
FR007688,0,0.005116820801049471
FR006527,0,0.004826246295124292
FR008018,0,0.004659194499254227
FR014586,0,0.014951671473681927
FR019334,0,0.005983647424727678
FR019174,0,0.018215876072645187
FR005735,0,0.005004249978810549
FR002124,0,0.004086543805897236
FR000532,0,0.010958093218505383
FR015462,0,0.008888385258615017
FR001151,0,0.007094550412148237
FR004979,0,0.00840435829013586
FR005758,0,0.01921573281288147
FR019111,0,0.006919994484633207
FR016587,0,0.0659445971250534
FR004989,0,0.0749812200665474
FR017394,0,0.006826634518802166
FR013427,0,0.00881448294967413
FR017398,0,0.012404737994074821
FR012383,0,0.005459857173264027
FR018311,0,0.006848303601145744
FR003793,0,0.009613336995244026
FR014393,0,0.02838875725865364
FR013135,0,0.008403213694691658
FR017464,0,0.013912646099925041
FR005112,0,0.011317664757370949
FR002803,0,0.00573514960706234
FR018170,0,0.010380959138274193
FR008606,0,0.0037069180980324745
FR009727,0,0.007437016349285841
FR007211,0,0.10257317870855331
FR004897,0,0.006905685644596815
FR002573,0,0.004938632249832153
FR007762,0,0.011184430681169033
FR002779,0,0.026089832186698914
FR014545,0,0.022591570392251015
FR005785,0,0.010008915327489376
FR005431,0,0.005045474041253328
FR009781,0,0.0053979759104549885
FR010088,0,0.006664039567112923
FR002618,0,0.018877563998103142
FR008084,0,0.0574844665825367
FR010834,0,0.004578419029712677
FR007219,0,0.0046213907189667225
FR007345,0,0.01071599218994379
FR006157,0,0.006707093212753534
FR013527,0,0.00488733034580946
FR006696,0,0.012254353612661362
FR009294,0,0.014513540081679821
FR000055,0,0.02151808887720108
FR000688,0,0.005533634219318628
FR017623,0,0.004019161220639944
FR002055,0,0.008844800293445587
FR010660,0,0.05233132839202881
FR013575,0,0.005356302950531244
FR018061,0,0.017633019015192986
FR005850,0,0.005102669354528189
FR018082,0,0.004281049128621817
FR018692,0,0.00565241789445281
FR001287,0,0.036789730191230774
FR007698,0,0.017115019261837006
FR006196,0,0.01533045619726181
FR008805,0,0.0059259263798594475
FR004433,0,0.005205667577683926
FR017527,0,0.014414647594094276
FR010354,0,0.008445239625871181
FR017408,0,0.017728881910443306
FR015785,0,0.0033566246274858713
FR000787,0,0.010215738788247108
FR000651,0,0.01491665281355381
FR019664,0,0.006081017199903727
FR004077,0,0.008348606526851654
FR013389,0,0.010074224323034286
FR000744,0,0.01799740642309189
FR004619,0,0.007568750996142626
FR009842,0,0.009874049574136734
FR003230,0,0.003903799457475543
FR009491,0,0.02644347958266735
FR017793,0,0.012433459050953388
FR019030,0,0.0037979918997734785
FR017582,0,0.013790505938231945
FR016885,0,0.010647331364452839
FR014698,0,0.004929564893245697
FR005219,0,0.005145983770489693
FR003951,0,0.09762628376483917
FR006730,0,0.007521522231400013
FR018447,0,0.025247858837246895
FR002531,0,0.014606752432882786
FR013422,0,0.004641304258257151
FR007853,0,0.01582583785057068
FR008081,0,0.006085309665650129
FR019073,0,0.032788779586553574
FR011102,0,0.04898463934659958
FR017660,0,0.00696553336456418
FR009699,0,0.006596098653972149
FR006732,0,0.030800748616456985
FR012956,0,0.004415872506797314
FR003267,0,0.0038171655032783747
FR019297,0,0.0035483776591718197
FR005752,0,0.014052153564989567
FR014396,0,0.023403258994221687
FR008412,0,0.007283142302185297
FR013608,0,0.0072148689068853855
FR012715,0,0.0031410602387040854
FR008607,0,0.007322628982365131
FR013636,0,0.022301919758319855
FR003054,0,0.011371208354830742
FR006767,0,0.00469124224036932
FR016343,0,0.005564655642956495
FR001213,0,0.003948036581277847
FR002991,0,0.057893507182598114
FR004774,0,0.006669256370514631
FR004691,0,0.004947661887854338
FR012442,0,0.016264386475086212
FR017476,0,0.19412706792354584
FR014140,1,0.010567013174295425
FR016969,0,0.0047191777266561985
FR004292,0,0.003774837823584676
FR009841,0,0.0096631133928895
FR005781,0,0.012571067549288273
FR007765,0,0.013449459336698055
FR006952,0,0.0056980811059474945
FR018350,1,0.04864630475640297
FR010876,0,0.010607287287712097
FR015199,0,0.010584287345409393
FR000268,0,0.010945841670036316
FR000490,0,0.016720697283744812
FR016228,0,0.006967578548938036
FR001032,0,0.034885261207818985
FR012485,0,0.009951352141797543
FR010591,0,0.0078230956569314
FR018608,0,0.008450496010482311
FR004339,0,0.007272868417203426
FR014440,0,0.008585022762417793
FR001627,0,0.04011807590723038
FR018196,0,0.0052475337870419025
FR001010,0,0.004087881650775671
FR018247,0,0.005913694854825735
FR006181,0,0.009343457408249378
FR013914,0,0.0052797733806073666
FR010457,0,0.007337864954024553
FR003403,0,0.00994927529245615
FR013061,0,0.030168751254677773
FR004550,0,0.006458023097366095
FR009399,0,0.0070696366019546986
FR003646,0,0.009274499490857124
FR003549,1,0.02676668018102646
FR004350,1,0.018201209604740143
FR013572,0,0.008344659581780434
FR000666,0,0.007376323454082012
FR008921,0,0.013337547890841961
FR019519,0,0.003932688385248184
FR011893,0,0.026399867609143257
FR001367,0,0.004393049981445074
FR001468,0,0.01366512943059206
FR014256,0,0.004744905047118664
FR012568,0,0.00878898985683918
FR013108,0,0.017919208854436874
FR003811,0,0.004458804614841938
FR006937,0,0.026122620329260826
FR018071,0,0.004725838545709848
FR003234,0,0.007120865862816572
FR004398,0,0.012213947251439095
FR002144,0,0.015834255144000053
FR013335,0,0.0036642602644860744
FR008111,0,0.018217239528894424
FR009267,0,0.0072518871165812016
FR013218,0,0.0161631740629673
FR003468,0,0.010718191042542458
FR012040,0,0.05827299878001213
FR016346,0,0.007242686580866575
FR016273,0,0.005094027146697044
FR011883,0,0.01796114630997181
FR007081,0,0.009068658575415611
FR010081,0,0.01703823171555996
FR018285,0,0.00941048189997673
FR008040,0,0.008566604927182198
FR012513,0,0.014622545801103115
FR011186,0,0.006113219074904919
FR006701,0,0.003770291106775403
FR013471,0,0.004197268281131983
FR009690,0,0.0068804300390183926
FR009105,0,0.007476684171706438
FR010785,0,0.005689286161214113
FR017813,0,0.0030336990021169186
FR015428,0,0.007448334246873856
FR010485,0,0.0035813250578939915
FR015448,0,0.005522951949387789
FR008860,0,0.0371551439166069
FR015996,0,0.006422906182706356
FR008295,1,0.009674780070781708
FR010312,0,0.008900407701730728
FR005877,0,0.007319953758269548
FR004454,0,0.005502388812601566
FR016746,0,0.02491283416748047
FR006775,0,0.008560997433960438
FR012091,0,0.00399847561493516
FR008426,0,0.010598452761769295
FR007958,0,0.018931804224848747
FR015137,0,0.004110737703740597
FR008994,0,0.005743527784943581
FR000675,0,0.005929489154368639
FR004296,0,0.011981870979070663
FR013803,0,0.009587910957634449
FR013276,0,0.004831768572330475
FR010551,0,0.01893061213195324
FR015663,0,0.01083389576524496
FR003243,0,0.011507405899465084
FR018218,0,0.004193784203380346
FR007520,0,0.02091934159398079
FR015071,0,0.0038377465680241585
FR013921,0,0.006253760773688555
FR007881,0,0.008888759650290012
FR006957,0,0.009238610044121742
FR008351,0,0.05085829645395279
FR016601,0,0.009208796545863152
FR008536,0,0.005015409551560879
FR000544,0,0.006848929449915886
FR002577,0,0.005290520377457142
FR011473,0,0.012484484352171421
FR016353,0,0.007570305839180946
FR014955,0,0.018242288380861282
FR011416,0,0.003575622569769621
FR002952,0,0.005005320999771357
FR013970,0,0.012232508510351181
FR011385,0,0.01604744791984558
FR018230,0,0.029341040179133415
FR014673,0,0.004642244894057512
FR004447,0,0.0052195265889167786
FR013288,0,0.02928975783288479
FR002820,0,0.00297293858602643
FR002784,1,0.5322756171226501
FR010862,0,0.01216201577335596
FR005580,1,0.021572954952716827
FR007663,0,0.02395954355597496
FR015618,0,0.00792736653238535
FR018659,0,0.004468434955924749
FR009779,0,0.012724265456199646
FR006770,0,0.0028863390907645226
FR012711,0,0.008083702996373177
FR016597,0,0.013407562859356403
FR005093,0,0.004784461110830307
FR006060,0,0.021002771332859993
FR002941,0,0.006045865826308727
FR011664,0,0.002895102370530367
